niche,Program 1,Program 2,Program 3,Program 4,Program 5,Program 6,Program 7,Program 8,Program 9,Program 10,Program 11,Program 12,Program 13,Program 14,Program 15,Program 16
0,0.0034401063,0.0030516079,0.0035008749,0.0032424293,0.0036090375,0.00323439,0.0033568193,0.0031104672,0.0030418024,0.0037459678,0.0031647217,0.0035177874,0.0031965608,0.0030236545,0.0030722707,0.002949816
1,0.0034369787,0.0030500714,0.0034961076,0.0032453537,0.0036127057,0.0032322719,0.0033557687,0.0031067862,0.003038173,0.0037422038,0.0031623708,0.0035219318,0.0031935785,0.0030279115,0.0030670348,0.0029456178
2,0.0034369167,0.0030501906,0.0034960464,0.003245354,0.0036128813,0.003232471,0.0033556074,0.0031065946,0.0030380446,0.0037421903,0.003162358,0.0035219444,0.0031933791,0.003027907,0.0030670522,0.00294546
3,0.003436914,0.0030501876,0.0034960436,0.003245354,0.0036128787,0.0032324707,0.0033556097,0.0031065946,0.003038047,0.0037421898,0.0031623575,0.003521945,0.0031933791,0.003027907,0.0030670532,0.0029454608
4,0.0034369135,0.0030501871,0.0034960434,0.003245354,0.0036128783,0.0032324707,0.00335561,0.0031065946,0.0030380476,0.0037421896,0.0031623573,0.003521945,0.0031933791,0.0030279069,0.0030670532,0.0029454608
5,0.0034369077,0.0030501806,0.0034960376,0.003245354,0.003612873,0.0032324705,0.0033556148,0.0031065946,0.003038053,0.0037421884,0.003162356,0.0035219463,0.0031933791,0.0030279066,0.003067055,0.0029454627
6,0.0034369063,0.0030501792,0.0034960362,0.003245354,0.0036128717,0.0032324702,0.003355616,0.0031065946,0.003038054,0.0037421882,0.0031623559,0.0035219465,0.0031933791,0.0030279064,0.0030670553,0.002945463
7,0.003436905,0.0030501778,0.003496035,0.003245354,0.0036128706,0.0032324702,0.003355617,0.0031065946,0.0030380553,0.0037421877,0.0031623556,0.0035219467,0.0031933791,0.0030279064,0.0030670557,0.0029454634
8,0.0034369046,0.0030501776,0.0034960345,0.003245354,0.0036128704,0.0032324702,0.0033556174,0.0031065946,0.0030380555,0.0037421877,0.0031623554,0.003521947,0.0031933791,0.0030279064,0.0030670557,0.0029454634
9,0.0034369044,0.0030501771,0.0034960343,0.003245354,0.00361287,0.0032324702,0.0033556176,0.0031065946,0.003038056,0.0037421877,0.0031623554,0.003521947,0.0031933791,0.0030279064,0.003067056,0.0029454636
10,0.003436904,0.003050177,0.003496034,0.003245354,0.0036128697,0.0032324702,0.0033556179,0.0031065946,0.0030380562,0.0037421875,0.0031623554,0.003521947,0.0031933791,0.0030279064,0.003067056,0.0029454636
11,0.0034369007,0.0030501732,0.0034960306,0.003245354,0.0036128666,0.00323247,0.0033556207,0.0031065946,0.0030380592,0.0037421868,0.0031623547,0.0035219477,0.0031933791,0.0030279062,0.0030670569,0.0029454646
12,0.003436899,0.0030501713,0.0034960292,0.003245354,0.0036128652,0.0032324698,0.003355622,0.0031065946,0.0030380609,0.0037421866,0.0031623542,0.003521948,0.0031933791,0.003027906,0.0030670573,0.002945465
13,0.0034368986,0.0030501708,0.0034960287,0.003245354,0.0036128648,0.0032324698,0.0033556225,0.0031065946,0.003038061,0.0037421864,0.0031623542,0.0035219481,0.0031933791,0.003027906,0.0030670576,0.0029454653
14,0.0034368983,0.0030501706,0.0034960285,0.003245354,0.0036128645,0.0032324698,0.0033556225,0.0031065946,0.0030380613,0.0037421864,0.0031623542,0.0035219481,0.0031933791,0.003027906,0.0030670576,0.0029454653
15,0.0034368967,0.003050169,0.0034960269,0.003245354,0.0036128631,0.0032324698,0.003355624,0.0031065946,0.0030380627,0.0037421861,0.0031623538,0.0035219484,0.0031933791,0.0030279057,0.003067058,0.0029454657
16,0.0034368953,0.0030501673,0.0034960255,0.003245354,0.0036128617,0.0032324695,0.003355625,0.0031065946,0.003038064,0.0037421857,0.0031623535,0.0035219488,0.0031933791,0.0030279057,0.0030670583,0.0029454662
17,0.0034368911,0.003050163,0.0034960213,0.003245354,0.003612858,0.0032324693,0.0033556286,0.0031065946,0.0030380678,0.0037421847,0.0031623526,0.0035219495,0.0031933791,0.0030279055,0.0030670597,0.0029454674
18,0.0034368895,0.003050161,0.0034960196,0.003245354,0.0036128566,0.0032324693,0.00335563,0.0031065946,0.0030380695,0.0037421845,0.0031623524,0.00352195,0.0031933791,0.0030279052,0.0030670601,0.0029454678
19,0.0034368886,0.0030501601,0.003496019,0.003245354,0.0036128557,0.003232469,0.0033556307,0.0031065946,0.0030380702,0.0037421843,0.0031623521,0.00352195,0.0031933791,0.0030279052,0.0030670604,0.002945468
20,0.003436888,0.0030501597,0.0034960185,0.003245354,0.0036128554,0.003232469,0.0033556311,0.0031065946,0.0030380706,0.0037421843,0.0031623521,0.0035219502,0.0031933791,0.0030279052,0.0030670604,0.0029454683
21,0.0034368876,0.003050159,0.0034960178,0.003245354,0.0036128548,0.003232469,0.0033556316,0.0031065946,0.003038071,0.003742184,0.003162352,0.0035219502,0.0031933791,0.0030279052,0.0030670606,0.0029454685
22,0.003436887,0.003050158,0.003496017,0.003245354,0.0036128543,0.003232469,0.003355632,0.0031065946,0.0030380718,0.0037421838,0.0031623517,0.0035219504,0.0031933791,0.003027905,0.0030670608,0.0029454688
23,0.0034368867,0.003050158,0.003496017,0.003245354,0.003612854,0.003232469,0.0033556323,0.0031065946,0.003038072,0.0037421838,0.0031623517,0.0035219504,0.0031933791,0.003027905,0.0030670608,0.0029454688
24,0.0034368867,0.003050158,0.003496017,0.003245354,0.003612854,0.003232469,0.0033556323,0.0031065946,0.003038072,0.0037421838,0.0031623517,0.0035219504,0.0031933791,0.003027905,0.0030670608,0.0029454688
25,0.003436886,0.003050157,0.0034960161,0.003245354,0.0036128534,0.003232469,0.003355633,0.0031065946,0.0030380727,0.0037421836,0.0031623517,0.0035219507,0.0031933794,0.003027905,0.003067061,0.002945469
26,0.0034368848,0.003050156,0.0034960152,0.003245354,0.0036128524,0.0032324689,0.0033556337,0.0031065946,0.0030380737,0.0037421833,0.0031623514,0.003521951,0.0031933794,0.003027905,0.0030670613,0.0029454692
27,0.0034368846,0.0030501557,0.0034960147,0.003245354,0.003612852,0.0032324689,0.0033556342,0.0031065946,0.003038074,0.0037421833,0.0031623512,0.003521951,0.0031933794,0.003027905,0.0030670615,0.0029454695
28,0.003436884,0.003050155,0.0034960143,0.003245354,0.0036128515,0.0032324689,0.0033556346,0.0031065946,0.0030380746,0.003742183,0.0031623512,0.003521951,0.0031933794,0.003027905,0.0030670615,0.0029454695
29,0.0034368834,0.0030501543,0.0034960136,0.003245354,0.003612851,0.0032324689,0.003355635,0.0031065946,0.003038075,0.003742183,0.003162351,0.0035219511,0.0031933794,0.0030279048,0.0030670618,0.0029454697
30,0.0034368823,0.003050153,0.0034960124,0.003245354,0.0036128499,0.0032324689,0.003355636,0.0031065946,0.0030380762,0.0037421829,0.0031623507,0.0035219514,0.0031933794,0.0030279048,0.0030670622,0.0029454702
31,0.0034368783,0.0030501487,0.0034960087,0.003245354,0.0036128464,0.0032324686,0.0033556393,0.0031065946,0.0030380797,0.003742182,0.00316235,0.003521952,0.0031933794,0.0030279045,0.0030670632,0.0029454713
32,0.0034368765,0.0030501469,0.003496007,0.003245354,0.0036128447,0.0032324684,0.0033556407,0.0031065946,0.0030380813,0.0037421817,0.0031623496,0.0035219525,0.0031933794,0.0030279043,0.0030670636,0.0029454718
33,0.0034368755,0.0030501457,0.003496006,0.003245354,0.0036128438,0.0032324684,0.0033556416,0.0031065946,0.0030380823,0.0037421815,0.0031623493,0.0035219528,0.0031933794,0.0030279043,0.003067064,0.002945472
34,0.0034368748,0.003050145,0.0034960054,0.003245354,0.0036128433,0.0032324684,0.003355642,0.0031065948,0.0030380827,0.0037421812,0.0031623493,0.0035219528,0.0031933794,0.0030279043,0.003067064,0.0029454723
35,0.0034368748,0.003050145,0.0034960054,0.003245354,0.0036128433,0.0032324684,0.003355642,0.0031065948,0.0030380827,0.0037421812,0.0031623493,0.0035219528,0.0031933794,0.0030279043,0.003067064,0.0029454723
36,0.0034368727,0.0030501427,0.003496003,0.003245354,0.0036128412,0.0032324682,0.003355644,0.0031065948,0.0030380848,0.0037421808,0.0031623489,0.0035219532,0.0031933794,0.003027904,0.0030670648,0.002945473
37,0.0034368702,0.00305014,0.0034960008,0.003245354,0.0036128392,0.003232468,0.0033556458,0.0031065948,0.0030380872,0.0037421803,0.0031623484,0.0035219537,0.0031933794,0.0030279038,0.0030670655,0.0029454737
38,0.003436869,0.0030501387,0.0034959996,0.003245354,0.003612838,0.003232468,0.003355647,0.0031065948,0.003038088,0.0037421798,0.0031623482,0.003521954,0.0031933794,0.0030279038,0.003067066,0.0029454739
39,0.0034368683,0.003050138,0.003495999,0.003245354,0.0036128373,0.003232468,0.0033556477,0.0031065948,0.0030380888,0.0037421798,0.003162348,0.0035219542,0.0031933794,0.0030279038,0.003067066,0.002945474
40,0.003436866,0.0030501354,0.0034959966,0.003245354,0.0036128352,0.0032324677,0.0033556495,0.0031065948,0.003038091,0.0037421794,0.0031623475,0.0035219546,0.0031933794,0.0030279036,0.0030670667,0.0029454748
41,0.003436866,0.0030501354,0.0034959966,0.003245354,0.0036128352,0.0032324677,0.0033556495,0.0031065948,0.0030380911,0.0037421794,0.0031623475,0.0035219546,0.0031933794,0.0030279036,0.0030670667,0.0029454748
42,0.0034368648,0.0030501343,0.0034959954,0.003245354,0.0036128343,0.0032324677,0.0033556505,0.0031065948,0.003038092,0.0037421791,0.0031623472,0.0035219549,0.0031933794,0.0030279036,0.0030670671,0.002945475
43,0.0034368646,0.003050134,0.0034959952,0.003245354,0.003612834,0.0032324677,0.0033556505,0.0031065948,0.0030380923,0.003742179,0.0031623472,0.0035219549,0.0031933794,0.0030279036,0.0030670671,0.0029454753
44,0.003436859,0.0030501278,0.0034959896,0.003245354,0.003612829,0.0032324672,0.0033556554,0.0031065948,0.0030380974,0.0037421777,0.003162346,0.003521956,0.0031933794,0.0030279031,0.0030670688,0.002945477
45,0.003436859,0.0030501278,0.0034959896,0.003245354,0.003612829,0.0032324672,0.0033556554,0.0031065948,0.0030380974,0.0037421777,0.003162346,0.003521956,0.0031933794,0.0030279031,0.0030670688,0.002945477
46,0.003436856,0.0030501243,0.0034959866,0.003245354,0.003612826,0.003232467,0.003355658,0.0031065948,0.0030381002,0.003742177,0.0031623454,0.0035219567,0.0031933794,0.003027903,0.0030670697,0.0029454778
47,0.003436855,0.0030501236,0.0034959859,0.003245354,0.0036128254,0.003232467,0.0033556586,0.0031065948,0.003038101,0.0037421768,0.0031623452,0.0035219567,0.0031933794,0.003027903,0.00306707,0.002945478
48,0.0034368546,0.0030501229,0.0034959854,0.003245354,0.003612825,0.003232467,0.003355659,0.0031065948,0.0030381014,0.0037421768,0.0031623452,0.003521957,0.0031933794,0.003027903,0.00306707,0.002945478
49,0.0034368536,0.003050122,0.0034959845,0.003245354,0.003612824,0.003232467,0.0033556598,0.0031065948,0.0030381023,0.0037421766,0.003162345,0.0035219572,0.0031933794,0.0030279027,0.0030670702,0.0029454783
50,0.003436852,0.00305012,0.0034959828,0.003245354,0.0036128224,0.0032324668,0.0033556612,0.0031065948,0.003038104,0.003742176,0.0031623445,0.0035219574,0.0031933794,0.0030279027,0.0030670706,0.002945479
51,0.0034368518,0.0030501198,0.0034959826,0.003245354,0.0036128222,0.0032324668,0.0033556614,0.0031065948,0.0030381042,0.003742176,0.0031623445,0.0035219574,0.0031933794,0.0030279027,0.0030670709,0.002945479
52,0.0034368492,0.003050117,0.00349598,0.003245354,0.00361282,0.0032324665,0.0033556633,0.0031065948,0.0030381063,0.0037421756,0.003162344,0.003521958,0.0031933794,0.0030279025,0.0030670715,0.0029454797
53,0.0034368462,0.0030501138,0.003495977,0.003245354,0.0036128173,0.0032324665,0.0033556658,0.0031065948,0.003038109,0.003742175,0.0031623433,0.0035219586,0.0031933794,0.0030279022,0.0030670722,0.0029454806
54,0.0034368457,0.0030501133,0.0034959766,0.003245354,0.0036128168,0.0032324663,0.0033556663,0.0031065948,0.0030381097,0.0037421747,0.0031623433,0.0035219586,0.0031933794,0.0030279022,0.0030670725,0.0029454809
55,0.0034368436,0.003050111,0.0034959747,0.003245354,0.003612815,0.0032324663,0.003355668,0.0031065948,0.0030381114,0.0037421742,0.0031623428,0.003521959,0.0031933794,0.003027902,0.0030670732,0.0029454813
56,0.0034368427,0.00305011,0.0034959738,0.003245354,0.0036128142,0.0032324663,0.0033556689,0.0031065948,0.0030381123,0.0037421742,0.0031623426,0.0035219593,0.0031933794,0.003027902,0.0030670734,0.0029454816
57,0.0034368364,0.003050103,0.0034959675,0.0032453542,0.0036128082,0.0032324658,0.0033556742,0.0031065948,0.0030381181,0.0037421728,0.0031623412,0.0035219605,0.0031933796,0.0030279015,0.0030670753,0.0029454834
58,0.003436835,0.0030501017,0.003495966,0.0032453542,0.0036128073,0.0032324658,0.0033556751,0.0031065948,0.0030381193,0.0037421724,0.003162341,0.003521961,0.0031933796,0.0030279018,0.0030670755,0.0029454837
59,0.0034368346,0.0030501012,0.0034959656,0.0032453542,0.0036128068,0.0032324656,0.0033556756,0.0031065948,0.0030381198,0.0037421724,0.003162341,0.003521961,0.0031933796,0.0030279018,0.0030670757,0.002945484
60,0.0034368213,0.003050101,0.0034959526,0.0032453542,0.0036127947,0.003232465,0.0033556866,0.0031065948,0.0030381167,0.0037421694,0.0031623382,0.0035219635,0.0031933794,0.0030279008,0.0030670795,0.0029454876
61,0.0034368155,0.0030501015,0.0034959468,0.003245354,0.0036127893,0.0032324644,0.0033556914,0.0031065948,0.0030381153,0.0037421682,0.003162337,0.0035219647,0.0031933794,0.0030279004,0.003067081,0.0029454895
62,0.0034368094,0.0030501017,0.003495941,0.003245354,0.003612784,0.003232464,0.0033556926,0.0031065948,0.003038114,0.0037421668,0.0031623356,0.003521966,0.0031933794,0.0030279,0.0030670827,0.002945491
63,0.0034368078,0.0030501024,0.0034959354,0.003245354,0.0036127719,0.0032324633,0.0033556898,0.003106595,0.003038111,0.003742164,0.003162333,0.0035219684,0.0031933796,0.003027899,0.0030670865,0.002945495
64,0.003436808,0.0030501038,0.0034959356,0.003245354,0.0036127728,0.0032324616,0.0033556845,0.003106595,0.0030381049,0.0037421586,0.0031623277,0.0035219735,0.0031933796,0.0030278973,0.003067094,0.0029455025
65,0.003436808,0.003050104,0.0034959356,0.003245354,0.003612773,0.0032324614,0.003355684,0.003106595,0.0030381044,0.003742158,0.0031623272,0.003521974,0.0031933796,0.003027897,0.0030670944,0.0029455032
66,0.0034368082,0.0030501045,0.0034959358,0.003245354,0.0036127735,0.003232461,0.0033556824,0.003106595,0.0030381025,0.0037421563,0.0031623256,0.0035219756,0.0031933796,0.0030278966,0.0030670967,0.0029455055
67,0.0034368082,0.0030501045,0.0034959358,0.003245354,0.0036127737,0.0032324607,0.0033556817,0.003106595,0.0030381018,0.0037421556,0.003162325,0.003521976,0.0031933796,0.0030278964,0.0030670976,0.0029455062
68,0.0034368085,0.0030501056,0.003495936,0.003245354,0.0036127747,0.0032324595,0.0033556777,0.0031065952,0.0030380976,0.0037421517,0.0031623212,0.0035219798,0.0031933798,0.003027895,0.0030671027,0.0029455116
69,0.0034368087,0.0030501056,0.0034959363,0.003245354,0.003612775,0.0032324593,0.003355677,0.0031065952,0.003038097,0.003742151,0.0031623205,0.0035219805,0.0031933798,0.0030278948,0.0030671037,0.0029455128
70,0.0034368087,0.0030501059,0.0034959363,0.003245354,0.0036127751,0.003232459,0.0033556765,0.0031065952,0.0030380962,0.0037421503,0.0031623198,0.003521981,0.0031933798,0.0030278945,0.0030671046,0.0029455135
71,0.0034368087,0.003050106,0.0034959363,0.003245354,0.0036127754,0.0032324588,0.0033556758,0.0031065952,0.0030380955,0.0037421496,0.003162319,0.0035219816,0.0031933798,0.0030278945,0.0030671055,0.0029455144
72,0.0034368087,0.0030501063,0.0034959363,0.003245354,0.0036127754,0.0032324586,0.0033556751,0.0031065952,0.0030380946,0.0037421489,0.0031623184,0.0035219823,0.0031933798,0.003027894,0.0030671065,0.0029455156
73,0.0034368087,0.0030501063,0.0034959363,0.003245354,0.0036127756,0.0032324586,0.003355675,0.0031065952,0.0030380946,0.0037421489,0.0031623184,0.0035219823,0.0031933798,0.003027894,0.0030671065,0.0029455156
74,0.003436809,0.0030501073,0.0034959365,0.003245354,0.0036127765,0.0032324577,0.0033556714,0.0031065952,0.0030380907,0.0037421451,0.0031623149,0.0035219858,0.0031933798,0.003027893,0.0030671114,0.0029455204
75,0.0034368092,0.0030501077,0.0034959367,0.003245354,0.003612777,0.003232457,0.0033556693,0.0031065952,0.0030380883,0.003742143,0.0031623128,0.0035219877,0.0031933798,0.0030278922,0.0030671142,0.0029455232
76,0.0034368092,0.003050108,0.0034959367,0.003245354,0.0036127775,0.0032324567,0.0033556684,0.0031065952,0.0030380872,0.0037421419,0.0031623119,0.0035219886,0.00319338,0.003027892,0.0030671156,0.0029455246
77,0.0034368092,0.003050108,0.0034959367,0.003245354,0.0036127775,0.0032324567,0.0033556684,0.0031065952,0.0030380872,0.0037421419,0.0031623119,0.0035219886,0.00319338,0.003027892,0.0030671156,0.0029455246
78,0.0034368094,0.0030501084,0.003495937,0.003245354,0.0036127777,0.0032324563,0.003355667,0.0031065952,0.0030380858,0.0037421405,0.0031623105,0.00352199,0.00319338,0.0030278915,0.0030671172,0.0029455265
79,0.0034368094,0.003050109,0.003495937,0.003245354,0.0036127781,0.0032324556,0.0033556651,0.0031065952,0.0030380837,0.0037421386,0.0031623086,0.0035219917,0.00319338,0.003027891,0.0030671197,0.0029455293
80,0.0034368096,0.003050109,0.003495937,0.003245354,0.0036127784,0.0032324556,0.003355665,0.0031065952,0.0030380834,0.0037421382,0.0031623084,0.0035219921,0.00319338,0.0030278908,0.0030671202,0.0029455295
81,0.0034368096,0.0030501091,0.003495937,0.003245354,0.0036127786,0.0032324553,0.003355664,0.0031065955,0.0030380825,0.0037421375,0.0031623077,0.0035219928,0.00319338,0.0030278906,0.0030671214,0.0029455307
82,0.0034368096,0.0030501091,0.0034959372,0.003245354,0.0036127786,0.003232455,0.0033556637,0.0031065955,0.003038082,0.003742137,0.0031623072,0.003521993,0.00319338,0.0030278906,0.0030671218,0.0029455312
83,0.0034368096,0.0030501091,0.0034959372,0.003245354,0.0036127786,0.003232455,0.0033556637,0.0031065955,0.003038082,0.003742137,0.0031623072,0.0035219933,0.00319338,0.0030278903,0.0030671218,0.0029455314
84,0.0034368096,0.0030501096,0.0034959372,0.003245354,0.003612779,0.0032324549,0.0033556623,0.0031065955,0.0030380806,0.0037421356,0.0031623058,0.0035219945,0.00319338,0.00302789,0.0030671237,0.0029455333
85,0.0034368096,0.0030501096,0.0034959372,0.003245354,0.003612779,0.0032324546,0.0033556623,0.0031065955,0.0030380804,0.0037421354,0.0031623058,0.0035219945,0.00319338,0.0030278899,0.0030671237,0.0029455333
86,0.0034368096,0.0030501096,0.0034959372,0.003245354,0.003612779,0.0032324546,0.0033556623,0.0031065955,0.0030380804,0.0037421354,0.0031623058,0.0035219945,0.00319338,0.0030278899,0.0030671237,0.0029455333
87,0.0034368099,0.0030501096,0.0034959372,0.003245354,0.0036127793,0.0032324546,0.0033556619,0.0031065955,0.00303808,0.0037421351,0.0031623053,0.003521995,0.00319338,0.0030278899,0.0030671244,0.002945534
88,0.0034368099,0.0030501096,0.0034959372,0.003245354,0.0036127793,0.0032324546,0.0033556619,0.0031065955,0.00303808,0.0037421351,0.0031623053,0.003521995,0.00319338,0.0030278899,0.0030671244,0.002945534
89,0.0034368099,0.00305011,0.0034959374,0.003245354,0.0036127798,0.0032324542,0.00335566,0.0031065955,0.003038078,0.0037421333,0.0031623037,0.0035219966,0.00319338,0.0030278892,0.0030671267,0.0029455363
90,0.0034368099,0.0030501103,0.0034959374,0.003245354,0.0036127798,0.003232454,0.0033556598,0.0031065955,0.0030380778,0.003742133,0.0031623035,0.0035219968,0.00319338,0.0030278892,0.003067127,0.0029455365
91,0.0034368099,0.0030501103,0.0034959374,0.003245354,0.0036127798,0.003232454,0.0033556598,0.0031065955,0.0030380778,0.003742133,0.0031623035,0.0035219968,0.00319338,0.0030278892,0.003067127,0.0029455365
92,0.0034368099,0.0030501103,0.0034959374,0.003245354,0.00361278,0.003232454,0.0033556593,0.0031065955,0.0030380771,0.0037421323,0.0031623028,0.0035219972,0.00319338,0.003027889,0.003067128,0.0029455374
93,0.00343681,0.0030501105,0.0034959374,0.003245354,0.00361278,0.0032324537,0.0033556586,0.0031065955,0.0030380765,0.0037421316,0.003162302,0.003521998,0.00319338,0.0030278887,0.0030671288,0.0029455384
94,0.00343681,0.0030501108,0.0034959374,0.003245354,0.0036127805,0.0032324533,0.0033556574,0.0031065955,0.003038075,0.0037421305,0.003162301,0.003521999,0.00319338,0.0030278885,0.0030671305,0.00294554
95,0.00343681,0.003050111,0.0034959377,0.0032453542,0.0036127807,0.003232453,0.0033556568,0.0031065955,0.0030380744,0.0037421298,0.0031623004,0.0035219998,0.0031933803,0.0030278882,0.0030671312,0.0029455407
96,0.00343681,0.0030501112,0.0034959377,0.0032453542,0.003612781,0.0032324528,0.0033556558,0.0031065955,0.0030380734,0.0037421288,0.0031622995,0.0035220005,0.0031933803,0.0030278878,0.0030671326,0.0029455407
97,0.0034368103,0.0030501115,0.0034959377,0.0032453542,0.0036127812,0.0032324526,0.003355655,0.0031065955,0.0030380725,0.003742128,0.0031622986,0.0035220014,0.0031933803,0.0030278875,0.0030671337,0.0029455407
98,0.0034368103,0.0030501115,0.0034959377,0.0032453542,0.0036127812,0.0032324526,0.003355655,0.0031065955,0.0030380725,0.003742128,0.0031622986,0.0035220014,0.0031933803,0.0030278875,0.0030671337,0.0029455407
99,0.0034368103,0.0030501117,0.0034959377,0.0032453542,0.0036127812,0.0032324523,0.0033556547,0.0031065955,0.003038072,0.0037421274,0.0031622981,0.003522002,0.0031933803,0.0030278875,0.0030671342,0.0029455407
100,0.0034368103,0.0030501117,0.0034959377,0.0032453542,0.0036127814,0.0032324523,0.003355654,0.0031065955,0.0030380716,0.003742127,0.0031622977,0.0035220024,0.0031933803,0.0030278875,0.0030671349,0.0029455407
101,0.0034368103,0.0030501117,0.003495938,0.0032453542,0.0036127814,0.003232452,0.0033556537,0.0031065955,0.0030380716,0.0037421267,0.0031622974,0.0035220026,0.0031933803,0.0030278873,0.0030671353,0.0029455407
102,0.0034368103,0.0030501117,0.003495938,0.0032453542,0.0036127816,0.003232452,0.0033556533,0.0031065955,0.0030380718,0.003742126,0.003162297,0.003522003,0.0031933803,0.0030278873,0.0030671358,0.0029455407
103,0.0034368103,0.003050112,0.003495938,0.0032453542,0.0036127816,0.0032324519,0.0033556528,0.0031065955,0.003038072,0.0037421256,0.0031622965,0.0035220035,0.0031933803,0.003027887,0.0030671358,0.0029455407
104,0.0034368103,0.003050112,0.003495938,0.0032453542,0.0036127819,0.0032324519,0.0033556528,0.0031065955,0.003038072,0.0037421256,0.0031622963,0.0035220035,0.0031933803,0.003027887,0.0030671358,0.0029455407
105,0.0034368106,0.0030501122,0.003495938,0.0032453542,0.0036127819,0.0032324516,0.003355652,0.0031065955,0.003038072,0.003742125,0.0031622956,0.0035220042,0.0031933803,0.0030278869,0.0030671358,0.0029455407
106,0.0034368106,0.0030501122,0.003495938,0.0032453542,0.0036127819,0.0032324516,0.003355652,0.0031065955,0.003038072,0.003742125,0.0031622956,0.0035220042,0.0031933803,0.0030278869,0.0030671358,0.0029455407
107,0.0034368106,0.0030501122,0.003495938,0.0032453542,0.003612782,0.0032324516,0.0033556519,0.0031065955,0.0030380723,0.0037421247,0.0031622956,0.0035220045,0.0031933803,0.0030278869,0.0030671358,0.0029455407
108,0.0034368106,0.0030501122,0.003495938,0.0032453542,0.003612782,0.0032324516,0.0033556516,0.0031065955,0.0030380723,0.0037421244,0.0031622953,0.0035220045,0.0031933803,0.0030278866,0.0030671358,0.0029455407
109,0.0034368106,0.0030501122,0.003495938,0.0032453542,0.003612782,0.0032324514,0.0033556516,0.0031065955,0.0030380723,0.0037421244,0.0031622953,0.0035220047,0.0031933803,0.0030278866,0.0030671358,0.0029455407
110,0.0034368106,0.0030501122,0.003495938,0.0032453542,0.003612782,0.0032324514,0.0033556516,0.0031065955,0.0030380723,0.0037421244,0.0031622953,0.0035220047,0.0031933803,0.0030278866,0.0030671358,0.0029455407
111,0.0034368106,0.0030501122,0.003495938,0.0032453542,0.003612782,0.0032324514,0.0033556514,0.0031065955,0.0030380723,0.0037421242,0.003162295,0.003522005,0.0031933803,0.0030278866,0.0030671358,0.0029455407
112,0.0034368106,0.0030501124,0.003495938,0.0032453542,0.0036127823,0.0032324514,0.003355651,0.0031065955,0.0030380725,0.0037421237,0.0031622946,0.0035220052,0.0031933803,0.0030278864,0.0030671358,0.0029455407
113,0.0034368106,0.0030501124,0.003495938,0.0032453542,0.0036127823,0.0032324512,0.003355651,0.0031065955,0.0030380725,0.0037421237,0.0031622946,0.0035220054,0.0031933803,0.0030278864,0.0030671358,0.0029455407
114,0.0034368106,0.0030501124,0.003495938,0.0032453542,0.0036127823,0.0032324512,0.003355651,0.0031065955,0.0030380725,0.0037421237,0.0031622946,0.0035220054,0.0031933803,0.0030278864,0.0030671358,0.0029455407
115,0.0034368106,0.0030501124,0.0034959381,0.0032453542,0.0036127823,0.0032324512,0.0033556507,0.0031065955,0.0030380725,0.0037421233,0.0031622942,0.0035220056,0.0031933803,0.0030278864,0.0030671358,0.0029455407
116,0.0034368108,0.0030501129,0.0034959381,0.0032453542,0.0036127828,0.0032324507,0.0033556493,0.0031065957,0.003038073,0.0037421219,0.0031622946,0.0035220068,0.0031933803,0.003027886,0.0030671358,0.0029455407
117,0.0034368108,0.0030501129,0.0034959381,0.0032453542,0.0036127828,0.0032324507,0.0033556488,0.0031065957,0.003038073,0.0037421214,0.0031622949,0.0035220073,0.0031933803,0.0030278857,0.0030671358,0.0029455407
118,0.0034368108,0.0030501129,0.0034959381,0.0032453542,0.0036127828,0.0032324507,0.0033556486,0.0031065957,0.003038073,0.0037421214,0.0031622949,0.0035220075,0.0031933803,0.0030278857,0.0030671358,0.0029455407
119,0.0034368108,0.003050113,0.0034959381,0.0032453542,0.003612783,0.0032324507,0.0033556484,0.0031065957,0.0030380732,0.003742121,0.0031622949,0.0035220077,0.0031933803,0.0030278857,0.0030671358,0.0029455407
120,0.0034368108,0.0030501133,0.0034959381,0.003245354,0.0036127833,0.0032324505,0.0033556474,0.0031065957,0.0030380734,0.00374212,0.0031622953,0.0035220087,0.0031933803,0.0030278852,0.0030671358,0.0029455405
121,0.0034368108,0.0030501133,0.0034959381,0.003245354,0.0036127833,0.0032324505,0.0033556474,0.0031065957,0.0030380734,0.00374212,0.0031622953,0.0035220087,0.0031933803,0.0030278852,0.0030671358,0.0029455405
122,0.0034368108,0.0030501133,0.0034959384,0.003245354,0.0036127833,0.0032324505,0.0033556472,0.0031065957,0.0030380734,0.00374212,0.0031622953,0.0035220087,0.0031933803,0.0030278852,0.0030671358,0.0029455405
123,0.0034368108,0.0030501133,0.0034959384,0.003245354,0.0036127833,0.0032324505,0.0033556472,0.0031065957,0.0030380734,0.00374212,0.0031622953,0.0035220087,0.0031933803,0.0030278852,0.0030671358,0.0029455405
124,0.0034368108,0.0030501133,0.0034959384,0.003245354,0.0036127833,0.0032324502,0.0033556472,0.0031065957,0.0030380734,0.0037421198,0.0031622953,0.003522009,0.0031933803,0.0030278852,0.0030671358,0.0029455405
125,0.0034368108,0.0030501133,0.0034959384,0.003245354,0.0036127833,0.0032324502,0.0033556472,0.0031065957,0.0030380734,0.0037421198,0.0031622953,0.003522009,0.0031933803,0.0030278852,0.0030671358,0.0029455405
126,0.0034368108,0.0030501136,0.0034959384,0.003245354,0.0036127835,0.0032324502,0.0033556465,0.0031065957,0.0030380737,0.003742119,0.0031622956,0.0035220096,0.0031933803,0.003027885,0.0030671358,0.0029455405
127,0.0034368108,0.0030501136,0.0034959384,0.003245354,0.0036127835,0.0032324502,0.0033556465,0.0031065957,0.0030380737,0.003742119,0.0031622956,0.0035220096,0.0031933803,0.003027885,0.0030671358,0.0029455405
128,0.003436811,0.0030501138,0.0034959384,0.003245354,0.0036127837,0.0032324498,0.0033556456,0.0031065957,0.003038074,0.0037421181,0.0031622958,0.0035220103,0.0031933805,0.0030278848,0.0030671358,0.0029455405
129,0.003436811,0.0030501138,0.0034959384,0.003245354,0.0036127837,0.0032324498,0.0033556456,0.0031065957,0.003038074,0.0037421181,0.0031622958,0.0035220103,0.0031933805,0.0030278848,0.0030671358,0.0029455405
130,0.003436811,0.0030501138,0.0034959384,0.003245354,0.0036127837,0.0032324498,0.0033556456,0.0031065957,0.003038074,0.0037421181,0.0031622958,0.0035220103,0.0031933805,0.0030278848,0.0030671358,0.0029455405
131,0.003436811,0.0030501138,0.0034959384,0.003245354,0.003612784,0.0032324498,0.0033556453,0.0031065957,0.003038074,0.0037421177,0.003162296,0.0035220108,0.0031933805,0.0030278845,0.0030671358,0.0029455405
132,0.003436811,0.003050114,0.0034959384,0.003245354,0.0036127842,0.0032324495,0.0033556453,0.0031065957,0.0030380741,0.0037421167,0.0031622963,0.0035220117,0.0031933805,0.0030278843,0.0030671358,0.0029455405
133,0.003436811,0.003050114,0.0034959384,0.003245354,0.0036127842,0.0032324495,0.0033556453,0.0031065957,0.0030380741,0.0037421167,0.0031622963,0.0035220117,0.0031933805,0.0030278843,0.0030671358,0.0029455405
134,0.003436811,0.003050114,0.0034959386,0.003245354,0.0036127842,0.0032324493,0.0033556453,0.0031065957,0.0030380741,0.0037421165,0.0031622963,0.0035220117,0.0031933805,0.0030278843,0.0030671358,0.0029455405
135,0.003436811,0.003050114,0.0034959386,0.003245354,0.0036127842,0.0032324493,0.0033556453,0.0031065957,0.0030380741,0.0037421165,0.0031622963,0.0035220117,0.0031933805,0.0030278843,0.0030671358,0.0029455405
136,0.003436811,0.003050114,0.0034959386,0.003245354,0.0036127842,0.0032324493,0.0033556453,0.0031065957,0.0030380741,0.0037421165,0.0031622963,0.0035220117,0.0031933805,0.0030278843,0.0030671358,0.0029455405
137,0.003436811,0.0030501143,0.0034959386,0.003245354,0.0036127842,0.0032324493,0.0033556453,0.0031065957,0.0030380744,0.0037421165,0.0031622965,0.003522012,0.0031933805,0.0030278843,0.0030671358,0.0029455405
138,0.003436811,0.0030501143,0.0034959386,0.003245354,0.0036127842,0.0032324493,0.0033556453,0.0031065957,0.0030380744,0.0037421165,0.0031622965,0.003522012,0.0031933805,0.0030278843,0.0030671358,0.0029455405
139,0.003436811,0.0030501143,0.0034959386,0.003245354,0.0036127842,0.0032324493,0.0033556453,0.0031065957,0.0030380744,0.0037421163,0.0031622965,0.0035220121,0.0031933805,0.003027884,0.0030671358,0.0029455405
140,0.003436811,0.0030501143,0.0034959386,0.003245354,0.0036127844,0.0032324493,0.0033556453,0.0031065957,0.0030380744,0.003742116,0.0031622965,0.0035220121,0.0031933805,0.003027884,0.0030671358,0.0029455405
141,0.003436811,0.0030501143,0.0034959386,0.003245354,0.0036127844,0.0032324493,0.0033556456,0.0031065957,0.0030380744,0.0037421158,0.0031622965,0.0035220124,0.0031933805,0.003027884,0.0030671358,0.0029455405
142,0.0034368113,0.0030501145,0.0034959386,0.003245354,0.0036127847,0.003232449,0.0033556456,0.0031065957,0.0030380746,0.003742115,0.0031622967,0.003522013,0.0031933805,0.0030278838,0.0030671358,0.0029455405
143,0.0034368113,0.0030501147,0.0034959386,0.003245354,0.0036127847,0.0032324488,0.0033556458,0.0031065957,0.0030380746,0.0037421146,0.003162297,0.0035220135,0.0031933805,0.0030278836,0.0030671358,0.0029455405
144,0.0034368113,0.0030501147,0.0034959386,0.003245354,0.0036127847,0.0032324488,0.0033556458,0.0031065957,0.0030380748,0.0037421144,0.003162297,0.0035220138,0.0031933805,0.0030278836,0.0030671358,0.0029455405
145,0.0034368113,0.0030501147,0.0034959386,0.003245354,0.003612785,0.0032324488,0.0033556458,0.0031065957,0.0030380748,0.0037421144,0.003162297,0.0035220138,0.0031933805,0.0030278836,0.0030671358,0.0029455405
146,0.0034368113,0.0030501147,0.0034959386,0.003245354,0.003612785,0.0032324488,0.0033556458,0.0031065957,0.0030380748,0.0037421144,0.003162297,0.0035220138,0.0031933805,0.0030278836,0.0030671358,0.0029455405
147,0.0034368113,0.0030501147,0.0034959386,0.003245354,0.003612785,0.0032324486,0.0033556458,0.0031065957,0.0030380748,0.0037421142,0.0031622972,0.003522014,0.0031933805,0.0030278834,0.0030671358,0.0029455405
148,0.0034368113,0.0030501147,0.0034959386,0.003245354,0.003612785,0.0032324486,0.003355646,0.0031065957,0.0030380748,0.003742114,0.0031622972,0.0035220142,0.0031933805,0.0030278834,0.0030671358,0.0029455405
149,0.0034368113,0.0030501147,0.0034959386,0.003245354,0.003612785,0.0032324486,0.003355646,0.0031065957,0.0030380748,0.003742114,0.0031622972,0.0035220142,0.0031933805,0.0030278834,0.0030671358,0.0029455405
150,0.0034368113,0.0030501147,0.0034959386,0.003245354,0.003612785,0.0032324486,0.003355646,0.0031065957,0.0030380748,0.0037421137,0.0031622972,0.0035220145,0.0031933805,0.0030278834,0.0030671358,0.0029455405
151,0.0034368113,0.0030501147,0.0034959386,0.003245354,0.003612785,0.0032324486,0.003355646,0.0031065957,0.0030380748,0.0037421137,0.0031622972,0.0035220145,0.0031933805,0.0030278834,0.0030671358,0.0029455405
152,0.0034368113,0.0030501147,0.0034959386,0.003245354,0.003612785,0.0032324486,0.003355646,0.0031065957,0.0030380748,0.0037421137,0.0031622972,0.0035220145,0.0031933805,0.0030278834,0.0030671358,0.0029455405
153,0.0034368113,0.003050115,0.0034959386,0.003245354,0.0036127851,0.0032324484,0.003355646,0.0031065957,0.003038075,0.0037421132,0.0031622974,0.003522015,0.0031933805,0.0030278831,0.0030671358,0.0029455405
154,0.0034368113,0.003050115,0.0034959388,0.003245354,0.0036127851,0.0032324484,0.003355646,0.0031065957,0.003038075,0.003742113,0.0031622974,0.003522015,0.0031933805,0.0030278831,0.0030671358,0.0029455405
155,0.0034368113,0.003050115,0.0034959388,0.003245354,0.0036127851,0.0032324484,0.0033556463,0.0031065957,0.003038075,0.0037421128,0.0031622974,0.0035220152,0.0031933805,0.0030278831,0.0030671358,0.0029455405
156,0.0034368113,0.0030501152,0.0034959388,0.003245354,0.0036127854,0.0032324481,0.0033556463,0.0031065957,0.0030380753,0.0037421125,0.0031622977,0.0035220154,0.0031933805,0.003027883,0.0030671358,0.0029455405
157,0.0034368113,0.0030501152,0.0034959388,0.003245354,0.0036127854,0.0032324481,0.0033556463,0.0031065957,0.0030380753,0.0037421125,0.0031622977,0.0035220154,0.0031933805,0.003027883,0.0030671358,0.0029455405
158,0.0034368115,0.0030501152,0.0034959388,0.003245354,0.0036127854,0.0032324481,0.0033556463,0.0031065957,0.0030380753,0.0037421125,0.0031622977,0.0035220156,0.0031933805,0.003027883,0.0030671358,0.0029455405
159,0.0034368115,0.0030501152,0.0034959388,0.003245354,0.0036127854,0.0032324481,0.0033556463,0.0031065957,0.0030380753,0.0037421118,0.003162298,0.0035220154,0.0031933805,0.0030278827,0.0030671358,0.0029455405
160,0.0034368115,0.0030501154,0.0034959388,0.003245354,0.0036127856,0.003232448,0.0033556465,0.0031065957,0.0030380755,0.0037421116,0.003162298,0.0035220154,0.0031933805,0.0030278827,0.0030671358,0.0029455405
161,0.0034368115,0.0030501154,0.0034959388,0.003245354,0.0036127856,0.003232448,0.0033556465,0.0031065957,0.0030380755,0.0037421116,0.003162298,0.0035220154,0.0031933805,0.0030278827,0.0030671358,0.0029455405
162,0.0034368115,0.0030501154,0.0034959388,0.003245354,0.0036127856,0.003232448,0.0033556465,0.0031065957,0.0030380755,0.0037421116,0.003162298,0.0035220154,0.0031933805,0.0030278827,0.0030671358,0.0029455405
163,0.0034368115,0.0030501154,0.0034959388,0.003245354,0.0036127856,0.003232448,0.0033556465,0.0031065957,0.0030380755,0.0037421116,0.003162298,0.0035220154,0.0031933805,0.0030278827,0.0030671358,0.0029455405
164,0.0034368115,0.0030501154,0.0034959388,0.003245354,0.0036127856,0.003232448,0.0033556465,0.0031065957,0.0030380755,0.0037421114,0.003162298,0.0035220154,0.0031933805,0.0030278827,0.0030671358,0.0029455405
165,0.0034368115,0.0030501157,0.0034959388,0.003245354,0.0036127858,0.0032324477,0.0033556467,0.0031065957,0.0030380758,0.0037421107,0.0031622981,0.0035220152,0.0031933805,0.0030278824,0.0030671358,0.0029455405
166,0.0034368115,0.0030501157,0.0034959388,0.003245354,0.0036127858,0.0032324477,0.0033556467,0.0031065957,0.0030380758,0.0037421107,0.0031622981,0.0035220152,0.0031933805,0.0030278824,0.0030671358,0.0029455405
167,0.0034368115,0.0030501157,0.0034959388,0.003245354,0.0036127858,0.0032324477,0.0033556467,0.0031065957,0.0030380758,0.0037421107,0.0031622981,0.0035220152,0.0031933805,0.0030278824,0.0030671358,0.0029455405
168,0.0034368115,0.0030501157,0.0034959388,0.003245354,0.0036127858,0.0032324477,0.0033556467,0.0031065957,0.0030380758,0.0037421104,0.0031622984,0.0035220152,0.0031933805,0.0030278822,0.0030671358,0.0029455405
169,0.0034368115,0.0030501157,0.0034959388,0.003245354,0.0036127858,0.0032324477,0.0033556467,0.0031065957,0.0030380758,0.0037421104,0.0031622984,0.0035220152,0.0031933805,0.0030278822,0.0030671358,0.0029455405
170,0.0034368115,0.0030501157,0.0034959388,0.003245354,0.0036127858,0.0032324474,0.0033556467,0.0031065957,0.0030380758,0.0037421102,0.0031622984,0.003522015,0.0031933805,0.0030278822,0.0030671358,0.0029455405
171,0.0034368115,0.0030501157,0.0034959388,0.003245354,0.0036127858,0.0032324474,0.0033556467,0.0031065957,0.0030380758,0.0037421102,0.0031622984,0.003522015,0.0031933805,0.0030278822,0.0030671358,0.0029455405
172,0.0034368115,0.0030501157,0.0034959388,0.003245354,0.0036127858,0.0032324474,0.0033556467,0.0031065957,0.0030380758,0.0037421102,0.0031622984,0.003522015,0.0031933805,0.0030278822,0.0030671358,0.0029455405
173,0.0034368115,0.003050116,0.0034959388,0.003245354,0.003612786,0.0032324474,0.003355647,0.0031065957,0.003038076,0.0037421098,0.0031622984,0.003522015,0.0031933805,0.0030278822,0.0030671358,0.0029455405
174,0.0034368115,0.003050116,0.0034959388,0.003245354,0.003612786,0.0032324474,0.003355647,0.0031065957,0.003038076,0.0037421098,0.0031622984,0.003522015,0.0031933805,0.0030278822,0.0030671358,0.0029455405
175,0.0034368115,0.003050116,0.003495939,0.003245354,0.003612786,0.0032324474,0.003355647,0.0031065957,0.003038076,0.0037421095,0.0031622986,0.003522015,0.0031933805,0.003027882,0.0030671358,0.0029455405
176,0.0034368115,0.003050116,0.003495939,0.003245354,0.003612786,0.0032324474,0.003355647,0.0031065957,0.003038076,0.0037421095,0.0031622986,0.003522015,0.0031933805,0.003027882,0.0030671358,0.0029455405
177,0.0034368115,0.003050116,0.003495939,0.003245354,0.003612786,0.0032324474,0.003355647,0.0031065957,0.003038076,0.0037421095,0.0031622986,0.003522015,0.0031933805,0.003027882,0.0030671358,0.0029455405
178,0.0034368115,0.003050116,0.003495939,0.003245354,0.003612786,0.0032324472,0.003355647,0.0031065957,0.003038076,0.0037421095,0.0031622986,0.003522015,0.0031933805,0.003027882,0.0030671358,0.0029455405
179,0.0034368115,0.003050116,0.003495939,0.003245354,0.003612786,0.0032324472,0.003355647,0.0031065957,0.003038076,0.0037421095,0.0031622986,0.003522015,0.0031933805,0.003027882,0.0030671358,0.0029455405
180,0.0034368117,0.003050116,0.003495939,0.003245354,0.0036127863,0.0032324472,0.003355647,0.0031065957,0.003038076,0.0037421093,0.0031622986,0.003522015,0.0031933805,0.003027882,0.0030671358,0.0029455405
181,0.0034368117,0.003050116,0.003495939,0.003245354,0.0036127863,0.0032324472,0.003355647,0.0031065957,0.003038076,0.0037421093,0.0031622986,0.003522015,0.0031933805,0.003027882,0.0030671358,0.0029455405
182,0.0034368117,0.0030501161,0.003495939,0.003245354,0.0036127863,0.0032324472,0.003355647,0.0031065957,0.0030380762,0.003742109,0.0031622986,0.0035220147,0.0031933805,0.003027882,0.0030671358,0.0029455405
183,0.0034368117,0.0030501161,0.003495939,0.003245354,0.0036127863,0.0032324472,0.0033556472,0.0031065957,0.0030380762,0.0037421088,0.0031622988,0.0035220147,0.0031933805,0.0030278817,0.0030671358,0.0029455405
184,0.0034368117,0.0030501161,0.003495939,0.003245354,0.0036127863,0.0032324472,0.0033556472,0.0031065957,0.0030380762,0.0037421088,0.0031622988,0.0035220147,0.0031933805,0.0030278817,0.0030671358,0.0029455405
185,0.0034368117,0.0030501161,0.003495939,0.003245354,0.0036127865,0.003232447,0.0033556472,0.003106596,0.0030380762,0.0037421084,0.0031622988,0.0035220147,0.0031933805,0.0030278817,0.0030671358,0.0029455405
186,0.0034368117,0.0030501161,0.003495939,0.003245354,0.0036127865,0.003232447,0.0033556472,0.003106596,0.0030380762,0.0037421081,0.003162299,0.0035220147,0.0031933805,0.0030278817,0.0030671358,0.0029455405
187,0.0034368117,0.0030501161,0.003495939,0.003245354,0.0036127865,0.003232447,0.0033556472,0.003106596,0.0030380762,0.0037421081,0.003162299,0.0035220147,0.0031933805,0.0030278817,0.0030671358,0.0029455405
188,0.0034368117,0.0030501161,0.003495939,0.003245354,0.0036127865,0.003232447,0.0033556472,0.003106596,0.0030380762,0.0037421081,0.003162299,0.0035220147,0.0031933805,0.0030278817,0.0030671358,0.0029455405
189,0.0034368117,0.0030501164,0.003495939,0.003245354,0.0036127865,0.0032324467,0.0033556472,0.003106596,0.0030380765,0.003742108,0.003162299,0.0035220145,0.0031933805,0.0030278815,0.0030671358,0.0029455405
190,0.0034368117,0.0030501164,0.003495939,0.003245354,0.0036127865,0.0032324467,0.0033556474,0.003106596,0.0030380765,0.0037421077,0.003162299,0.0035220145,0.0031933805,0.0030278815,0.0030671358,0.0029455402
191,0.0034368117,0.0030501164,0.003495939,0.003245354,0.0036127868,0.0032324467,0.0033556474,0.003106596,0.0030380765,0.0037421074,0.0031622993,0.0035220145,0.0031933805,0.0030278813,0.0030671358,0.0029455402
192,0.0034368117,0.0030501164,0.003495939,0.003245354,0.0036127868,0.0032324467,0.0033556474,0.003106596,0.0030380765,0.0037421074,0.0031622993,0.0035220145,0.0031933805,0.0030278813,0.0030671358,0.0029455402
193,0.0034368117,0.0030501164,0.003495939,0.003245354,0.0036127868,0.0032324467,0.0033556474,0.003106596,0.0030380765,0.0037421074,0.0031622993,0.0035220145,0.0031933805,0.0030278813,0.0030671358,0.0029455402
194,0.0034368117,0.0030501166,0.003495939,0.003245354,0.0036127868,0.0032324465,0.0033556474,0.003106596,0.0030380767,0.003742107,0.0031622993,0.0035220142,0.0031933805,0.0030278813,0.0030671358,0.0029455402
195,0.0034368117,0.0030501166,0.003495939,0.003245354,0.0036127868,0.0032324465,0.0033556474,0.003106596,0.0030380767,0.0037421067,0.0031622993,0.0035220142,0.0031933808,0.0030278813,0.0030671358,0.0029455402
196,0.0034368117,0.0030501166,0.003495939,0.003245354,0.003612787,0.0032324465,0.0033556477,0.003106596,0.0030380767,0.0037421063,0.0031622995,0.0035220142,0.0031933808,0.003027881,0.0030671358,0.0029455402
197,0.0034368117,0.0030501166,0.003495939,0.003245354,0.003612787,0.0032324465,0.0033556477,0.003106596,0.0030380767,0.0037421063,0.0031622995,0.0035220142,0.0031933808,0.003027881,0.0030671358,0.0029455402
198,0.003436812,0.0030501168,0.0034959393,0.003245354,0.0036127872,0.0032324463,0.003355648,0.003106596,0.003038077,0.003742106,0.0031622997,0.003522014,0.0031933808,0.0030278808,0.0030671358,0.0029455402
199,0.003436812,0.0030501168,0.0034959393,0.003245354,0.0036127872,0.0032324463,0.003355648,0.003106596,0.003038077,0.003742106,0.0031622997,0.003522014,0.0031933808,0.0030278808,0.0030671358,0.0029455402
200,0.003436812,0.0030501168,0.0034959393,0.003245354,0.0036127872,0.0032324463,0.003355648,0.003106596,0.003038077,0.003742106,0.0031622997,0.003522014,0.0031933808,0.0030278808,0.0030671358,0.0029455402
201,0.003436812,0.0030501168,0.0034959393,0.003245354,0.0036127872,0.0032324463,0.003355648,0.003106596,0.003038077,0.003742106,0.0031622997,0.003522014,0.0031933808,0.0030278808,0.0030671358,0.0029455402
202,0.003436812,0.0030501168,0.0034959393,0.003245354,0.0036127872,0.0032324463,0.003355648,0.003106596,0.003038077,0.003742106,0.0031622997,0.003522014,0.0031933808,0.0030278808,0.0030671358,0.0029455402
203,0.003436812,0.0030501168,0.0034959393,0.003245354,0.0036127872,0.0032324463,0.003355648,0.003106596,0.003038077,0.003742106,0.0031622997,0.003522014,0.0031933808,0.0030278808,0.0030671358,0.0029455402
204,0.003436812,0.0030501168,0.0034959393,0.003245354,0.0036127872,0.0032324463,0.003355648,0.003106596,0.003038077,0.003742106,0.0031622997,0.003522014,0.0031933808,0.0030278808,0.0030671358,0.0029455402
205,0.003436812,0.0030501168,0.0034959393,0.003245354,0.0036127872,0.0032324463,0.003355648,0.003106596,0.003038077,0.003742106,0.0031622997,0.003522014,0.0031933808,0.0030278808,0.0030671358,0.0029455402
206,0.003436812,0.003050117,0.0034959393,0.003245354,0.0036127872,0.003232446,0.003355648,0.003106596,0.003038077,0.003742106,0.0031622997,0.003522014,0.0031933808,0.0030278808,0.0030671358,0.0029455402
207,0.003436812,0.003050117,0.0034959393,0.003245354,0.0036127872,0.003232446,0.003355648,0.003106596,0.0030380771,0.003742106,0.0031623,0.003522014,0.0031933808,0.0030278806,0.0030671358,0.0029455402
208,0.003436812,0.003050117,0.0034959393,0.003245354,0.0036127872,0.003232446,0.003355648,0.003106596,0.0030380771,0.003742106,0.0031623,0.003522014,0.0031933808,0.0030278806,0.0030671358,0.0029455402
209,0.003436812,0.003050117,0.0034959393,0.003245354,0.0036127875,0.0032324458,0.0033556481,0.003106596,0.0030380771,0.003742106,0.0031623,0.0035220138,0.0031933808,0.0030278806,0.0030671358,0.0029455402
210,0.003436812,0.003050117,0.0034959393,0.003245354,0.0036127875,0.0032324458,0.0033556481,0.003106596,0.0030380771,0.003742106,0.0031623,0.0035220138,0.0031933808,0.0030278806,0.0030671358,0.0029455402
211,0.003436812,0.003050117,0.0034959393,0.003245354,0.0036127875,0.0032324458,0.0033556481,0.003106596,0.0030380771,0.003742106,0.0031623002,0.0035220138,0.0031933808,0.0030278803,0.0030671358,0.0029455402
212,0.003436812,0.0030501173,0.0034959393,0.003245354,0.0036127875,0.0032324458,0.0033556481,0.003106596,0.0030380774,0.003742106,0.0031623002,0.0035220138,0.0031933808,0.0030278803,0.0030671358,0.0029455402
213,0.003436812,0.0030501173,0.0034959393,0.003245354,0.0036127875,0.0032324458,0.0033556481,0.003106596,0.0030380774,0.003742106,0.0031623002,0.0035220138,0.0031933808,0.0030278803,0.0030671358,0.0029455402
214,0.003436812,0.0030501173,0.0034959393,0.003245354,0.0036127875,0.0032324458,0.0033556481,0.003106596,0.0030380774,0.003742106,0.0031623002,0.0035220138,0.0031933808,0.0030278803,0.0030671358,0.0029455402
215,0.003436812,0.0030501173,0.0034959393,0.003245354,0.0036127875,0.0032324458,0.0033556481,0.003106596,0.0030380774,0.003742106,0.0031623002,0.0035220138,0.0031933808,0.0030278803,0.0030671358,0.0029455402
216,0.003436812,0.0030501173,0.0034959393,0.003245354,0.0036127875,0.0032324458,0.0033556481,0.003106596,0.0030380774,0.003742106,0.0031623002,0.0035220138,0.0031933808,0.0030278803,0.0030671358,0.0029455402
217,0.003436812,0.0030501173,0.0034959393,0.003245354,0.0036127877,0.0032324456,0.0033556484,0.003106596,0.0030380774,0.003742106,0.0031623004,0.0035220135,0.0031933808,0.00302788,0.0030671358,0.0029455402
218,0.003436812,0.0030501173,0.0034959393,0.003245354,0.0036127877,0.0032324456,0.0033556484,0.003106596,0.0030380774,0.003742106,0.0031623004,0.0035220135,0.0031933808,0.00302788,0.0030671358,0.0029455402
219,0.0034368122,0.0030501175,0.0034959395,0.003245354,0.003612788,0.0032324453,0.0033556484,0.003106596,0.0030380776,0.0037421063,0.0031623007,0.0035220133,0.0031933808,0.0030278799,0.0030671358,0.0029455402
220,0.0034368122,0.0030501178,0.0034959395,0.003245354,0.0036127882,0.003232445,0.0033556486,0.003106596,0.0030380778,0.0037421063,0.0031623007,0.0035220133,0.0031933808,0.0030278799,0.0030671358,0.0029455402
221,0.0034368122,0.0030501178,0.0034959395,0.003245354,0.0036127882,0.003232445,0.0033556486,0.003106596,0.0030380778,0.0037421063,0.003162301,0.0035220133,0.0031933808,0.0030278796,0.0030671358,0.0029455402
222,0.0034368122,0.0030501178,0.0034959395,0.003245354,0.0036127882,0.003232445,0.0033556486,0.003106596,0.0030380778,0.0037421063,0.003162301,0.0035220133,0.0031933808,0.0030278796,0.0030671358,0.0029455402
223,0.0034368122,0.0030501178,0.0034959395,0.003245354,0.0036127882,0.003232445,0.0033556486,0.003106596,0.0030380778,0.0037421063,0.003162301,0.0035220133,0.0031933808,0.0030278796,0.0030671358,0.0029455402
224,0.0034368122,0.003050118,0.0034959395,0.003245354,0.0036127882,0.003232445,0.0033556488,0.003106596,0.003038078,0.0037421063,0.003162301,0.003522013,0.0031933808,0.0030278796,0.0030671358,0.0029455402
225,0.0034368122,0.003050118,0.0034959395,0.003245354,0.0036127884,0.0032324449,0.0033556488,0.003106596,0.003038078,0.0037421063,0.0031623011,0.003522013,0.0031933808,0.0030278794,0.0030671358,0.0029455402
226,0.0034368122,0.003050118,0.0034959395,0.003245354,0.0036127884,0.0032324449,0.0033556488,0.003106596,0.003038078,0.0037421063,0.0031623011,0.003522013,0.0031933808,0.0030278794,0.0030671358,0.0029455402
227,0.0034368122,0.003050118,0.0034959395,0.003245354,0.0036127884,0.0032324449,0.0033556488,0.003106596,0.003038078,0.0037421063,0.0031623011,0.003522013,0.0031933808,0.0030278794,0.0030671358,0.0029455402
228,0.0034368122,0.003050118,0.0034959395,0.003245354,0.0036127884,0.0032324449,0.0033556488,0.003106596,0.003038078,0.0037421063,0.0031623011,0.003522013,0.0031933808,0.0030278794,0.0030671358,0.0029455402
229,0.0034368122,0.003050118,0.0034959395,0.003245354,0.0036127884,0.0032324449,0.0033556488,0.003106596,0.003038078,0.0037421063,0.0031623011,0.003522013,0.0031933808,0.0030278794,0.0030671358,0.0029455402
230,0.0034368122,0.0030501182,0.0034959395,0.003245354,0.0036127886,0.0032324446,0.003355649,0.003106596,0.0030380783,0.0037421063,0.0031623014,0.0035220128,0.0031933808,0.0030278792,0.0030671358,0.0029455402
231,0.0034368122,0.0030501182,0.0034959395,0.003245354,0.0036127886,0.0032324446,0.003355649,0.003106596,0.0030380783,0.0037421063,0.0031623014,0.0035220128,0.0031933808,0.0030278792,0.0030671358,0.0029455402
232,0.0034368122,0.0030501182,0.0034959395,0.003245354,0.0036127886,0.0032324446,0.003355649,0.003106596,0.0030380783,0.0037421063,0.0031623014,0.0035220128,0.0031933808,0.0030278792,0.0030671358,0.0029455402
233,0.0034368122,0.0030501182,0.0034959395,0.003245354,0.0036127886,0.0032324446,0.003355649,0.003106596,0.0030380783,0.0037421063,0.0031623014,0.0035220128,0.0031933808,0.0030278792,0.0030671358,0.0029455402
234,0.0034368122,0.0030501182,0.0034959395,0.003245354,0.0036127889,0.0032324444,0.003355649,0.003106596,0.0030380783,0.0037421063,0.0031623016,0.0035220128,0.0031933808,0.003027879,0.0030671358,0.0029455402
235,0.0034368124,0.0030501185,0.0034959398,0.003245354,0.0036127889,0.0032324444,0.0033556493,0.003106596,0.0030380785,0.0037421065,0.0031623016,0.0035220126,0.0031933808,0.003027879,0.0030671358,0.0029455402
236,0.0034368124,0.0030501185,0.0034959398,0.003245354,0.0036127889,0.0032324444,0.0033556493,0.003106596,0.0030380785,0.0037421065,0.0031623016,0.0035220126,0.0031933808,0.003027879,0.0030671358,0.0029455402
237,0.0034368124,0.0030501185,0.0034959398,0.003245354,0.0036127889,0.0032324442,0.0033556493,0.003106596,0.0030380785,0.0037421065,0.0031623018,0.0035220126,0.0031933808,0.0030278787,0.0030671358,0.0029455402
238,0.0034368124,0.0030501185,0.0034959398,0.003245354,0.0036127889,0.0032324442,0.0033556493,0.003106596,0.0030380785,0.0037421065,0.0031623018,0.0035220126,0.0031933808,0.0030278787,0.0030671358,0.0029455402
239,0.0034368124,0.0030501185,0.0034959398,0.003245354,0.0036127889,0.0032324442,0.0033556493,0.003106596,0.0030380785,0.0037421065,0.0031623018,0.0035220126,0.0031933808,0.0030278787,0.0030671358,0.0029455402
240,0.0034368124,0.0030501185,0.0034959398,0.003245354,0.0036127889,0.0032324442,0.0033556493,0.003106596,0.0030380785,0.0037421065,0.0031623018,0.0035220126,0.0031933808,0.0030278787,0.0030671358,0.0029455402
241,0.0034368124,0.0030501185,0.0034959398,0.003245354,0.0036127889,0.0032324442,0.0033556493,0.003106596,0.0030380785,0.0037421065,0.0031623018,0.0035220126,0.0031933808,0.0030278787,0.0030671358,0.0029455402
242,0.0034368124,0.0030501185,0.0034959398,0.003245354,0.0036127889,0.0032324442,0.0033556493,0.003106596,0.0030380785,0.0037421065,0.0031623018,0.0035220126,0.0031933808,0.0030278787,0.0030671358,0.0029455402
243,0.0034368124,0.0030501185,0.0034959398,0.003245354,0.003612789,0.0032324442,0.0033556493,0.003106596,0.0030380788,0.0037421065,0.0031623018,0.0035220126,0.0031933808,0.0030278787,0.0030671358,0.0029455402
244,0.0034368124,0.0030501185,0.0034959398,0.003245354,0.003612789,0.0032324442,0.0033556493,0.003106596,0.0030380788,0.0037421065,0.0031623018,0.0035220126,0.0031933808,0.0030278787,0.0030671358,0.0029455402
245,0.0034368124,0.0030501187,0.0034959398,0.003245354,0.003612789,0.003232444,0.0033556495,0.003106596,0.0030380788,0.0037421065,0.003162302,0.0035220124,0.0031933808,0.0030278785,0.0030671358,0.0029455402
246,0.0034368124,0.003050119,0.0034959398,0.003245354,0.0036127893,0.003232444,0.0033556495,0.003106596,0.003038079,0.0037421065,0.003162302,0.0035220124,0.0031933808,0.0030278785,0.0030671358,0.0029455402
247,0.0034368124,0.003050119,0.0034959398,0.003245354,0.0036127893,0.003232444,0.0033556495,0.003106596,0.003038079,0.0037421065,0.0031623023,0.0035220124,0.0031933808,0.0030278782,0.0030671358,0.0029455402
248,0.0034368124,0.003050119,0.0034959398,0.003245354,0.0036127893,0.0032324437,0.0033556498,0.003106596,0.003038079,0.0037421065,0.0031623023,0.0035220121,0.0031933808,0.0030278782,0.0030671358,0.0029455402
249,0.0034368124,0.003050119,0.0034959398,0.003245354,0.0036127893,0.0032324437,0.0033556498,0.003106596,0.003038079,0.0037421065,0.0031623023,0.0035220121,0.0031933808,0.0030278782,0.0030671358,0.0029455402
250,0.0034368124,0.003050119,0.0034959398,0.003245354,0.0036127893,0.0032324437,0.0033556498,0.003106596,0.003038079,0.0037421065,0.0031623023,0.0035220121,0.0031933808,0.0030278782,0.0030671358,0.0029455402
251,0.0034368124,0.003050119,0.0034959398,0.003245354,0.0036127896,0.0032324437,0.0033556498,0.003106596,0.003038079,0.0037421065,0.0031623023,0.0035220121,0.0031933808,0.0030278782,0.0030671358,0.0029455402
252,0.0034368124,0.003050119,0.0034959398,0.003245354,0.0036127896,0.0032324437,0.0033556498,0.003106596,0.003038079,0.0037421065,0.0031623023,0.0035220121,0.0031933808,0.0030278782,0.0030671358,0.0029455402
253,0.0034368124,0.003050119,0.0034959398,0.003245354,0.0036127896,0.0032324437,0.0033556498,0.003106596,0.003038079,0.0037421065,0.0031623023,0.0035220121,0.0031933808,0.0030278782,0.0030671358,0.0029455402
254,0.0034368124,0.0030501192,0.0034959398,0.003245354,0.0036127896,0.0032324437,0.0033556498,0.003106596,0.0030380792,0.0037421065,0.0031623025,0.0035220121,0.0031933808,0.003027878,0.0030671358,0.0029455402
255,0.0034368124,0.0030501192,0.0034959398,0.003245354,0.0036127896,0.0032324437,0.0033556498,0.003106596,0.0030380792,0.0037421065,0.0031623025,0.0035220121,0.0031933808,0.003027878,0.0030671358,0.0029455402
256,0.0034368124,0.0030501192,0.0034959398,0.003245354,0.0036127896,0.0032324437,0.0033556498,0.003106596,0.0030380792,0.0037421065,0.0031623025,0.0035220121,0.0031933808,0.003027878,0.0030671358,0.0029455402
257,0.0034368124,0.0030501192,0.0034959398,0.003245354,0.0036127896,0.0032324435,0.0033556498,0.003106596,0.0030380792,0.0037421065,0.0031623025,0.0035220121,0.0031933808,0.003027878,0.0030671358,0.0029455402
258,0.0034368124,0.0030501192,0.0034959398,0.003245354,0.0036127898,0.0032324435,0.00335565,0.003106596,0.0030380792,0.0037421065,0.0031623025,0.0035220121,0.0031933808,0.003027878,0.0030671358,0.0029455402
259,0.0034368124,0.0030501192,0.0034959398,0.003245354,0.0036127898,0.0032324435,0.00335565,0.003106596,0.0030380792,0.0037421065,0.0031623025,0.0035220121,0.0031933808,0.003027878,0.0030671358,0.0029455402
260,0.0034368127,0.0030501192,0.0034959398,0.003245354,0.0036127898,0.0032324435,0.00335565,0.003106596,0.0030380792,0.0037421065,0.0031623028,0.003522012,0.0031933808,0.0030278778,0.0030671358,0.0029455402
261,0.0034368127,0.0030501192,0.0034959398,0.003245354,0.0036127898,0.0032324435,0.00335565,0.003106596,0.0030380792,0.0037421065,0.0031623028,0.003522012,0.0031933808,0.0030278778,0.0030671358,0.0029455402
262,0.0034368127,0.0030501192,0.0034959398,0.003245354,0.0036127898,0.0032324435,0.00335565,0.003106596,0.0030380792,0.0037421065,0.0031623028,0.003522012,0.0031933808,0.0030278778,0.0030671358,0.0029455402
263,0.0034368127,0.0030501192,0.0034959398,0.003245354,0.0036127898,0.0032324435,0.00335565,0.003106596,0.0030380792,0.0037421065,0.0031623028,0.003522012,0.0031933808,0.0030278778,0.0030671358,0.0029455402
264,0.0034368127,0.0030501192,0.0034959398,0.003245354,0.0036127898,0.0032324435,0.00335565,0.003106596,0.0030380792,0.0037421065,0.0031623028,0.003522012,0.0031933808,0.0030278778,0.0030671358,0.0029455402
265,0.0034368127,0.0030501192,0.0034959398,0.003245354,0.0036127898,0.0032324435,0.00335565,0.003106596,0.0030380792,0.0037421065,0.0031623028,0.003522012,0.0031933808,0.0030278778,0.0030671358,0.0029455402
266,0.0034368127,0.0030501194,0.00349594,0.003245354,0.0036127898,0.0032324432,0.00335565,0.003106596,0.0030380795,0.0037421065,0.0031623028,0.003522012,0.0031933808,0.0030278778,0.0030671358,0.0029455402
267,0.0034368127,0.0030501194,0.00349594,0.003245354,0.0036127898,0.0032324432,0.00335565,0.003106596,0.0030380795,0.0037421065,0.0031623028,0.003522012,0.0031933808,0.0030278778,0.0030671358,0.0029455402
268,0.0034368127,0.0030501194,0.00349594,0.003245354,0.0036127898,0.0032324432,0.00335565,0.003106596,0.0030380795,0.0037421067,0.0031623028,0.003522012,0.0031933808,0.0030278778,0.0030671358,0.0029455402
269,0.0034368127,0.0030501194,0.00349594,0.003245354,0.0036127898,0.0032324432,0.00335565,0.003106596,0.0030380795,0.0037421067,0.0031623028,0.003522012,0.0031933808,0.0030278778,0.0030671358,0.0029455402
270,0.0034368127,0.0030501194,0.00349594,0.003245354,0.00361279,0.0032324432,0.0033556502,0.003106596,0.0030380795,0.0037421067,0.003162303,0.003522012,0.0031933808,0.0030278775,0.0030671358,0.0029455402
271,0.0034368127,0.0030501194,0.00349594,0.003245354,0.00361279,0.0032324432,0.0033556502,0.003106596,0.0030380795,0.0037421067,0.003162303,0.003522012,0.0031933808,0.0030278775,0.0030671358,0.0029455402
272,0.0034368127,0.0030501194,0.00349594,0.003245354,0.00361279,0.0032324432,0.0033556502,0.003106596,0.0030380795,0.0037421067,0.003162303,0.003522012,0.0031933808,0.0030278775,0.0030671358,0.0029455402
273,0.0034368127,0.0030501194,0.00349594,0.003245354,0.00361279,0.0032324432,0.0033556502,0.003106596,0.0030380795,0.0037421067,0.003162303,0.003522012,0.0031933808,0.0030278775,0.0030671358,0.0029455402
274,0.0034368127,0.0030501194,0.00349594,0.003245354,0.00361279,0.003232443,0.0033556502,0.003106596,0.0030380795,0.0037421067,0.003162303,0.0035220117,0.003193381,0.0030278775,0.0030671358,0.0029455402
275,0.0034368127,0.0030501194,0.00349594,0.003245354,0.00361279,0.003232443,0.0033556502,0.003106596,0.0030380795,0.0037421067,0.003162303,0.0035220117,0.003193381,0.0030278775,0.0030671358,0.0029455402
276,0.0034368127,0.0030501196,0.00349594,0.003245354,0.00361279,0.003232443,0.0033556502,0.003106596,0.0030380797,0.0037421067,0.003162303,0.0035220117,0.003193381,0.0030278775,0.0030671358,0.0029455402
277,0.0034368127,0.0030501196,0.00349594,0.003245354,0.00361279,0.003232443,0.0033556502,0.003106596,0.0030380797,0.0037421067,0.003162303,0.0035220117,0.003193381,0.0030278775,0.0030671358,0.0029455402
278,0.0034368127,0.0030501196,0.00349594,0.003245354,0.0036127903,0.003232443,0.0033556502,0.003106596,0.0030380797,0.0037421067,0.0031623032,0.0035220117,0.003193381,0.0030278773,0.0030671358,0.00294554
279,0.0034368127,0.0030501196,0.00349594,0.003245354,0.0036127903,0.003232443,0.0033556502,0.003106596,0.0030380797,0.0037421067,0.0031623032,0.0035220117,0.003193381,0.0030278773,0.0030671358,0.00294554
280,0.0034368127,0.0030501196,0.00349594,0.003245354,0.0036127903,0.003232443,0.0033556502,0.003106596,0.0030380797,0.0037421067,0.0031623032,0.0035220117,0.003193381,0.0030278773,0.0030671358,0.00294554
281,0.0034368127,0.0030501196,0.00349594,0.003245354,0.0036127903,0.003232443,0.0033556502,0.003106596,0.0030380797,0.0037421067,0.0031623032,0.0035220117,0.003193381,0.0030278773,0.0030671358,0.00294554
282,0.0034368127,0.0030501198,0.00349594,0.003245354,0.0036127903,0.0032324428,0.0033556505,0.003106596,0.00303808,0.0037421067,0.0031623032,0.0035220115,0.003193381,0.0030278773,0.0030671358,0.00294554
283,0.0034368127,0.0030501198,0.00349594,0.003245354,0.0036127903,0.0032324428,0.0033556505,0.003106596,0.00303808,0.0037421067,0.0031623032,0.0035220115,0.003193381,0.0030278773,0.0030671358,0.00294554
284,0.0034368127,0.0030501198,0.00349594,0.003245354,0.0036127903,0.0032324428,0.0033556505,0.003106596,0.00303808,0.0037421067,0.0031623032,0.0035220115,0.003193381,0.0030278773,0.0030671358,0.00294554
285,0.0034368127,0.0030501198,0.00349594,0.003245354,0.0036127903,0.0032324428,0.0033556505,0.003106596,0.00303808,0.0037421067,0.0031623035,0.0035220115,0.003193381,0.003027877,0.0030671358,0.00294554
286,0.0034368127,0.0030501198,0.00349594,0.003245354,0.0036127903,0.0032324428,0.0033556505,0.003106596,0.00303808,0.0037421067,0.0031623035,0.0035220115,0.003193381,0.003027877,0.0030671358,0.00294554
287,0.0034368127,0.0030501198,0.00349594,0.003245354,0.0036127903,0.0032324428,0.0033556505,0.003106596,0.00303808,0.0037421067,0.0031623035,0.0035220115,0.003193381,0.003027877,0.0030671358,0.00294554
288,0.0034368127,0.0030501198,0.00349594,0.003245354,0.0036127903,0.0032324428,0.0033556505,0.003106596,0.00303808,0.0037421067,0.0031623035,0.0035220115,0.003193381,0.003027877,0.0030671358,0.00294554
289,0.0034368127,0.0030501198,0.00349594,0.003245354,0.0036127903,0.0032324428,0.0033556505,0.003106596,0.00303808,0.0037421067,0.0031623035,0.0035220115,0.003193381,0.003027877,0.0030671358,0.00294554
290,0.0034368127,0.0030501198,0.00349594,0.003245354,0.0036127903,0.0032324428,0.0033556505,0.003106596,0.00303808,0.0037421067,0.0031623035,0.0035220115,0.003193381,0.003027877,0.0030671358,0.00294554
291,0.0034368127,0.0030501198,0.00349594,0.003245354,0.0036127905,0.0032324428,0.0033556505,0.0031065962,0.00303808,0.0037421067,0.0031623035,0.0035220115,0.003193381,0.003027877,0.0030671358,0.00294554
292,0.0034368127,0.0030501198,0.00349594,0.003245354,0.0036127905,0.0032324425,0.0033556507,0.0031065962,0.00303808,0.0037421067,0.0031623035,0.0035220115,0.003193381,0.003027877,0.0030671358,0.00294554
293,0.003436813,0.00305012,0.00349594,0.003245354,0.0036127907,0.0032324425,0.0033556507,0.0031065962,0.0030380802,0.0037421067,0.0031623037,0.0035220112,0.003193381,0.0030278768,0.0030671358,0.00294554
294,0.003436813,0.00305012,0.00349594,0.003245354,0.0036127907,0.0032324425,0.0033556507,0.0031065962,0.0030380802,0.0037421067,0.0031623037,0.0035220112,0.003193381,0.0030278768,0.0030671358,0.00294554
295,0.003436813,0.00305012,0.00349594,0.003245354,0.0036127907,0.0032324425,0.0033556507,0.0031065962,0.0030380802,0.0037421067,0.0031623037,0.0035220112,0.003193381,0.0030278768,0.0030671358,0.00294554
296,0.003436813,0.00305012,0.0034959402,0.003245354,0.0036127907,0.0032324423,0.003355651,0.0031065962,0.0030380804,0.0037421067,0.003162304,0.0035220112,0.003193381,0.0030278766,0.0030671358,0.00294554
297,0.003436813,0.00305012,0.0034959402,0.003245354,0.0036127907,0.0032324423,0.003355651,0.0031065962,0.0030380804,0.0037421067,0.003162304,0.0035220112,0.003193381,0.0030278766,0.0030671358,0.00294554
298,0.003436813,0.0030501203,0.0034959402,0.003245354,0.003612791,0.0032324423,0.003355651,0.0031065962,0.0030380804,0.0037421067,0.003162304,0.0035220112,0.003193381,0.0030278766,0.0030671358,0.00294554
299,0.003436813,0.0030501203,0.0034959402,0.003245354,0.003612791,0.0032324423,0.003355651,0.0031065962,0.0030380804,0.0037421067,0.003162304,0.0035220112,0.003193381,0.0030278766,0.0030671358,0.00294554
300,0.003436813,0.0030501203,0.0034959402,0.003245354,0.003612791,0.003232442,0.003355651,0.0031065962,0.0030380804,0.003742107,0.0031623042,0.003522011,0.003193381,0.0030278764,0.0030671358,0.00294554
301,0.003436813,0.0030501203,0.0034959402,0.003245354,0.003612791,0.003232442,0.003355651,0.0031065962,0.0030380804,0.003742107,0.0031623042,0.003522011,0.003193381,0.0030278764,0.0030671358,0.00294554
302,0.003436813,0.0030501205,0.0034959402,0.003245354,0.0036127912,0.003232442,0.0033556512,0.0031065962,0.0030380806,0.003742107,0.0031623042,0.003522011,0.003193381,0.0030278764,0.0030671358,0.00294554
303,0.003436813,0.0030501205,0.0034959402,0.003245354,0.0036127912,0.003232442,0.0033556512,0.0031065962,0.0030380806,0.003742107,0.0031623042,0.003522011,0.003193381,0.0030278764,0.0030671358,0.00294554
304,0.003436813,0.0030501205,0.0034959402,0.003245354,0.0036127912,0.0032324418,0.0033556512,0.0031065962,0.0030380806,0.003742107,0.0031623044,0.003522011,0.003193381,0.0030278761,0.0030671358,0.00294554
305,0.003436813,0.0030501208,0.0034959402,0.003245354,0.0036127914,0.0032324416,0.0033556514,0.0031065962,0.0030380809,0.003742107,0.0031623046,0.0035220108,0.003193381,0.003027876,0.0030671358,0.00294554
306,0.003436813,0.0030501208,0.0034959402,0.003245354,0.0036127914,0.0032324416,0.0033556514,0.0031065962,0.0030380809,0.003742107,0.0031623046,0.0035220108,0.003193381,0.003027876,0.0030671358,0.00294554
307,0.003436813,0.0030501208,0.0034959402,0.003245354,0.0036127914,0.0032324416,0.0033556514,0.0031065962,0.0030380809,0.003742107,0.0031623046,0.0035220108,0.003193381,0.003027876,0.0030671358,0.00294554
308,0.003436813,0.0030501208,0.0034959402,0.003245354,0.0036127914,0.0032324416,0.0033556514,0.0031065962,0.0030380809,0.003742107,0.0031623046,0.0035220108,0.003193381,0.003027876,0.0030671358,0.00294554
309,0.003436813,0.0030501208,0.0034959402,0.003245354,0.0036127914,0.0032324416,0.0033556514,0.0031065962,0.0030380809,0.003742107,0.0031623046,0.0035220108,0.003193381,0.003027876,0.0030671358,0.00294554
310,0.003436813,0.0030501208,0.0034959402,0.003245354,0.0036127914,0.0032324416,0.0033556514,0.0031065962,0.0030380809,0.003742107,0.0031623046,0.0035220108,0.003193381,0.003027876,0.0030671358,0.00294554
311,0.003436813,0.0030501208,0.0034959402,0.003245354,0.0036127914,0.0032324416,0.0033556514,0.0031065962,0.0030380809,0.003742107,0.0031623046,0.0035220105,0.003193381,0.003027876,0.0030671358,0.00294554
312,0.003436813,0.0030501208,0.0034959402,0.003245354,0.0036127914,0.0032324416,0.0033556514,0.0031065962,0.0030380809,0.003742107,0.0031623046,0.0035220105,0.003193381,0.003027876,0.0030671358,0.00294554
313,0.0034368131,0.0030501208,0.0034959402,0.003245354,0.0036127914,0.0032324414,0.0033556514,0.0031065962,0.0030380809,0.003742107,0.0031623046,0.0035220105,0.003193381,0.003027876,0.0030671358,0.00294554
314,0.0034368131,0.003050121,0.0034959405,0.003245354,0.0036127917,0.0032324411,0.0033556516,0.0031065962,0.003038081,0.003742107,0.003162305,0.0035220103,0.003193381,0.0030278754,0.0030671358,0.00294554
315,0.0034368131,0.003050121,0.0034959405,0.003245354,0.0036127917,0.0032324411,0.0033556516,0.0031065962,0.003038081,0.003742107,0.003162305,0.0035220103,0.003193381,0.0030278754,0.0030671358,0.00294554
316,0.0034368131,0.0030501212,0.0034959405,0.003245354,0.003612792,0.0032324411,0.0033556516,0.0031065962,0.0030380813,0.003742107,0.003162305,0.0035220103,0.003193381,0.0030278754,0.0030671358,0.00294554
317,0.0034368131,0.0030501212,0.0034959405,0.003245354,0.003612792,0.0032324411,0.0033556516,0.0031065962,0.0030380813,0.003742107,0.003162305,0.0035220103,0.003193381,0.0030278754,0.0030671358,0.00294554
318,0.0034368131,0.0030501212,0.0034959405,0.003245354,0.003612792,0.0032324411,0.0033556519,0.0031065962,0.0030380813,0.0037421072,0.003162305,0.0035220103,0.003193381,0.0030278754,0.0030671358,0.00294554
319,0.0034368131,0.0030501212,0.0034959405,0.003245354,0.003612792,0.003232441,0.0033556519,0.0031065962,0.0030380813,0.0037421072,0.0031623053,0.0035220103,0.003193381,0.0030278752,0.0030671358,0.00294554
320,0.0034368131,0.0030501212,0.0034959405,0.003245354,0.0036127921,0.003232441,0.0033556519,0.0031065962,0.0030380816,0.0037421072,0.0031623053,0.00352201,0.003193381,0.0030278752,0.0030671358,0.00294554
321,0.0034368131,0.0030501212,0.0034959405,0.003245354,0.0036127921,0.003232441,0.0033556519,0.0031065962,0.0030380816,0.0037421072,0.0031623053,0.00352201,0.003193381,0.0030278752,0.0030671358,0.00294554
322,0.0034368131,0.0030501212,0.0034959405,0.003245354,0.0036127921,0.003232441,0.0033556519,0.0031065962,0.0030380816,0.0037421072,0.0031623053,0.00352201,0.003193381,0.0030278752,0.0030671358,0.00294554
323,0.0034368131,0.0030501212,0.0034959405,0.003245354,0.0036127921,0.003232441,0.0033556519,0.0031065962,0.0030380816,0.0037421072,0.0031623053,0.00352201,0.003193381,0.0030278752,0.0030671358,0.00294554
324,0.0034368131,0.0030501212,0.0034959405,0.003245354,0.0036127921,0.003232441,0.0033556519,0.0031065962,0.0030380816,0.0037421072,0.0031623053,0.00352201,0.003193381,0.0030278752,0.0030671358,0.00294554
325,0.0034368131,0.0030501215,0.0034959405,0.003245354,0.0036127921,0.0032324407,0.003355652,0.0031065962,0.0030380816,0.0037421072,0.0031623056,0.00352201,0.003193381,0.003027875,0.0030671358,0.00294554
326,0.0034368131,0.0030501215,0.0034959405,0.003245354,0.0036127921,0.0032324407,0.003355652,0.0031065962,0.0030380816,0.0037421072,0.0031623056,0.00352201,0.003193381,0.003027875,0.0030671358,0.00294554
327,0.0034368131,0.0030501215,0.0034959405,0.003245354,0.0036127921,0.0032324407,0.003355652,0.0031065962,0.0030380816,0.0037421072,0.0031623056,0.00352201,0.003193381,0.003027875,0.0030671358,0.00294554
328,0.0034368134,0.0030501217,0.0034959405,0.003245354,0.0036127924,0.0032324407,0.003355652,0.0031065962,0.0030380818,0.0037421072,0.0031623058,0.0035220098,0.003193381,0.0030278747,0.0030671358,0.00294554
329,0.0034368134,0.0030501217,0.0034959405,0.003245354,0.0036127924,0.0032324407,0.003355652,0.0031065962,0.0030380818,0.0037421072,0.0031623058,0.0035220098,0.003193381,0.0030278747,0.0030671358,0.00294554
330,0.0034368134,0.0030501217,0.0034959405,0.003245354,0.0036127924,0.0032324404,0.0033556523,0.0031065962,0.0030380818,0.0037421072,0.0031623058,0.0035220098,0.003193381,0.0030278747,0.0030671358,0.00294554
331,0.0034368134,0.0030501217,0.0034959405,0.003245354,0.0036127924,0.0032324404,0.0033556523,0.0031065962,0.0030380818,0.0037421072,0.0031623058,0.0035220098,0.003193381,0.0030278747,0.0030671358,0.00294554
332,0.0034368134,0.0030501217,0.0034959405,0.003245354,0.0036127926,0.0032324404,0.0033556523,0.0031065962,0.0030380818,0.0037421072,0.0031623058,0.0035220098,0.003193381,0.0030278747,0.0030671358,0.00294554
333,0.0034368134,0.0030501217,0.0034959405,0.003245354,0.0036127926,0.0032324404,0.0033556523,0.0031065962,0.0030380818,0.0037421072,0.0031623058,0.0035220098,0.003193381,0.0030278747,0.0030671358,0.00294554
334,0.0034368134,0.0030501217,0.0034959405,0.003245354,0.0036127926,0.0032324404,0.0033556523,0.0031065962,0.0030380818,0.0037421072,0.0031623058,0.0035220098,0.003193381,0.0030278747,0.0030671358,0.00294554
335,0.0034368134,0.0030501217,0.0034959405,0.003245354,0.0036127926,0.0032324404,0.0033556523,0.0031065962,0.0030380818,0.0037421072,0.0031623058,0.0035220098,0.003193381,0.0030278747,0.0030671358,0.00294554
336,0.0034368134,0.0030501217,0.0034959405,0.003245354,0.0036127926,0.0032324404,0.0033556523,0.0031065962,0.0030380818,0.0037421072,0.0031623058,0.0035220098,0.003193381,0.0030278747,0.0030671358,0.00294554
337,0.0034368134,0.003050122,0.0034959407,0.003245354,0.0036127926,0.0032324402,0.0033556523,0.0031065962,0.003038082,0.0037421072,0.003162306,0.0035220098,0.003193381,0.0030278745,0.0030671358,0.00294554
338,0.0034368134,0.003050122,0.0034959407,0.003245354,0.0036127926,0.0032324402,0.0033556523,0.0031065962,0.003038082,0.0037421072,0.003162306,0.0035220098,0.003193381,0.0030278745,0.0030671358,0.00294554
339,0.0034368134,0.003050122,0.0034959407,0.003245354,0.0036127926,0.0032324402,0.0033556523,0.0031065962,0.003038082,0.0037421072,0.003162306,0.0035220096,0.003193381,0.0030278745,0.0030671358,0.00294554
340,0.0034368134,0.003050122,0.0034959407,0.003245354,0.0036127926,0.0032324402,0.0033556523,0.0031065962,0.003038082,0.0037421072,0.003162306,0.0035220096,0.003193381,0.0030278745,0.0030671358,0.00294554
341,0.0034368134,0.003050122,0.0034959407,0.003245354,0.0036127928,0.0032324402,0.0033556526,0.0031065962,0.003038082,0.0037421072,0.003162306,0.0035220096,0.003193381,0.0030278743,0.0030671358,0.00294554
342,0.0034368134,0.003050122,0.0034959407,0.003245354,0.0036127928,0.0032324402,0.0033556526,0.0031065962,0.003038082,0.0037421072,0.003162306,0.0035220096,0.003193381,0.0030278743,0.0030671358,0.00294554
343,0.0034368134,0.003050122,0.0034959407,0.003245354,0.0036127928,0.0032324402,0.0033556526,0.0031065962,0.003038082,0.0037421072,0.003162306,0.0035220096,0.003193381,0.0030278743,0.0030671358,0.00294554
344,0.0034368134,0.0030501222,0.0034959407,0.003245354,0.0036127928,0.00323244,0.0033556526,0.0031065962,0.0030380823,0.0037421072,0.0031623063,0.0035220096,0.003193381,0.0030278743,0.0030671358,0.00294554
345,0.0034368134,0.0030501222,0.0034959407,0.003245354,0.0036127928,0.00323244,0.0033556526,0.0031065962,0.0030380823,0.0037421072,0.0031623063,0.0035220096,0.003193381,0.0030278743,0.0030671358,0.00294554
346,0.0034368134,0.0030501222,0.0034959407,0.003245354,0.0036127928,0.00323244,0.0033556526,0.0031065962,0.0030380823,0.0037421072,0.0031623063,0.0035220096,0.003193381,0.0030278743,0.0030671358,0.00294554
347,0.0034368134,0.0030501222,0.0034959407,0.003245354,0.0036127928,0.00323244,0.0033556526,0.0031065962,0.0030380823,0.0037421072,0.0031623063,0.0035220096,0.003193381,0.0030278743,0.0030671358,0.00294554
348,0.0034368134,0.0030501222,0.0034959407,0.003245354,0.0036127928,0.00323244,0.0033556526,0.0031065962,0.0030380823,0.0037421074,0.0031623063,0.0035220094,0.003193381,0.0030278743,0.0030671358,0.00294554
349,0.0034368134,0.0030501222,0.0034959407,0.003245354,0.0036127928,0.00323244,0.0033556526,0.0031065962,0.0030380823,0.0037421074,0.0031623063,0.0035220094,0.003193381,0.0030278743,0.0030671358,0.00294554
350,0.0034368134,0.0030501222,0.0034959407,0.003245354,0.0036127928,0.00323244,0.0033556526,0.0031065962,0.0030380823,0.0037421074,0.0031623063,0.0035220094,0.003193381,0.0030278743,0.0030671358,0.00294554
351,0.0034368134,0.0030501222,0.0034959407,0.003245354,0.0036127928,0.00323244,0.0033556526,0.0031065962,0.0030380823,0.0037421074,0.0031623063,0.0035220094,0.003193381,0.0030278743,0.0030671358,0.00294554
352,0.0034368134,0.0030501222,0.0034959407,0.003245354,0.003612793,0.0032324397,0.0033556528,0.0031065962,0.0030380825,0.0037421074,0.0031623065,0.0035220094,0.003193381,0.003027874,0.0030671358,0.00294554
353,0.0034368134,0.0030501222,0.0034959407,0.003245354,0.003612793,0.0032324397,0.0033556528,0.0031065962,0.0030380825,0.0037421074,0.0031623065,0.0035220094,0.003193381,0.003027874,0.0030671358,0.00294554
354,0.0034368134,0.0030501222,0.0034959407,0.003245354,0.003612793,0.0032324397,0.0033556528,0.0031065962,0.0030380825,0.0037421074,0.0031623065,0.0035220094,0.003193381,0.003027874,0.0030671358,0.00294554
355,0.0034368134,0.0030501222,0.0034959407,0.003245354,0.003612793,0.0032324397,0.0033556528,0.0031065962,0.0030380825,0.0037421074,0.0031623065,0.0035220094,0.003193381,0.003027874,0.0030671358,0.00294554
356,0.0034368134,0.0030501224,0.0034959407,0.003245354,0.003612793,0.0032324397,0.0033556528,0.0031065962,0.0030380825,0.0037421074,0.0031623065,0.0035220094,0.0031933812,0.0030278738,0.0030671358,0.00294554
357,0.0034368134,0.0030501224,0.0034959407,0.003245354,0.003612793,0.0032324397,0.0033556528,0.0031065962,0.0030380825,0.0037421074,0.0031623065,0.0035220094,0.0031933812,0.0030278738,0.0030671358,0.00294554
358,0.0034368134,0.0030501224,0.0034959407,0.003245354,0.003612793,0.0032324397,0.0033556528,0.0031065962,0.0030380825,0.0037421074,0.0031623065,0.0035220094,0.0031933812,0.0030278738,0.0030671358,0.00294554
359,0.0034368134,0.0030501224,0.0034959407,0.003245354,0.003612793,0.0032324397,0.0033556528,0.0031065962,0.0030380825,0.0037421074,0.0031623065,0.0035220094,0.0031933812,0.0030278738,0.0030671358,0.00294554
360,0.0034368134,0.0030501224,0.0034959407,0.003245354,0.003612793,0.0032324397,0.0033556528,0.0031065962,0.0030380825,0.0037421074,0.0031623065,0.0035220094,0.0031933812,0.0030278738,0.0030671358,0.00294554
361,0.0034368136,0.0030501224,0.0034959407,0.003245354,0.0036127933,0.0032324395,0.0033556528,0.0031065962,0.0030380825,0.0037421074,0.0031623067,0.0035220091,0.0031933812,0.0030278738,0.0030671358,0.00294554
362,0.0034368136,0.0030501224,0.0034959407,0.003245354,0.0036127933,0.0032324395,0.0033556528,0.0031065962,0.0030380825,0.0037421074,0.0031623067,0.0035220091,0.0031933812,0.0030278738,0.0030671358,0.00294554
363,0.0034368136,0.0030501224,0.0034959407,0.003245354,0.0036127933,0.0032324395,0.0033556528,0.0031065962,0.0030380825,0.0037421074,0.0031623067,0.0035220091,0.0031933812,0.0030278738,0.0030671358,0.00294554
364,0.0034368136,0.0030501224,0.0034959407,0.003245354,0.0036127933,0.0032324395,0.003355653,0.0031065962,0.0030380827,0.0037421074,0.0031623067,0.0035220091,0.0031933812,0.0030278738,0.0030671358,0.00294554
365,0.0034368136,0.0030501224,0.0034959407,0.003245354,0.0036127933,0.0032324395,0.003355653,0.0031065962,0.0030380827,0.0037421074,0.0031623067,0.0035220091,0.0031933812,0.0030278738,0.0030671358,0.00294554
366,0.0034368136,0.0030501226,0.0034959407,0.003245354,0.0036127935,0.0032324395,0.003355653,0.0031065962,0.0030380827,0.0037421074,0.003162307,0.0035220091,0.0031933812,0.0030278736,0.0030671358,0.00294554
367,0.0034368136,0.0030501226,0.0034959407,0.003245354,0.0036127935,0.0032324395,0.003355653,0.0031065962,0.0030380827,0.0037421074,0.003162307,0.0035220091,0.0031933812,0.0030278736,0.0030671358,0.00294554
368,0.0034368136,0.0030501226,0.0034959407,0.003245354,0.0036127935,0.0032324395,0.003355653,0.0031065962,0.0030380827,0.0037421074,0.003162307,0.0035220091,0.0031933812,0.0030278736,0.0030671358,0.00294554
369,0.0034368136,0.0030501226,0.0034959407,0.003245354,0.0036127935,0.0032324395,0.003355653,0.0031065962,0.0030380827,0.0037421074,0.003162307,0.0035220091,0.0031933812,0.0030278736,0.0030671358,0.00294554
370,0.0034368136,0.0030501226,0.0034959407,0.003245354,0.0036127935,0.0032324393,0.003355653,0.0031065962,0.0030380827,0.0037421074,0.003162307,0.003522009,0.0031933812,0.0030278736,0.0030671358,0.00294554
371,0.0034368136,0.0030501226,0.0034959407,0.003245354,0.0036127935,0.0032324393,0.003355653,0.0031065962,0.0030380827,0.0037421074,0.003162307,0.003522009,0.0031933812,0.0030278736,0.0030671358,0.00294554
372,0.0034368136,0.0030501226,0.0034959407,0.003245354,0.0036127935,0.0032324393,0.003355653,0.0031065962,0.0030380827,0.0037421074,0.003162307,0.003522009,0.0031933812,0.0030278736,0.0030671358,0.00294554
373,0.0034368136,0.0030501226,0.0034959407,0.003245354,0.0036127935,0.0032324393,0.003355653,0.0031065962,0.0030380827,0.0037421074,0.003162307,0.003522009,0.0031933812,0.0030278736,0.0030671358,0.00294554
374,0.0034368136,0.0030501226,0.0034959407,0.003245354,0.0036127935,0.0032324393,0.003355653,0.0031065962,0.0030380827,0.0037421074,0.003162307,0.003522009,0.0031933812,0.0030278736,0.0030671358,0.00294554
375,0.0034368136,0.0030501226,0.003495941,0.003245354,0.0036127935,0.0032324393,0.0033556533,0.0031065962,0.003038083,0.0037421074,0.0031623072,0.003522009,0.0031933812,0.0030278733,0.0030671358,0.00294554
376,0.0034368136,0.0030501229,0.003495941,0.003245354,0.0036127937,0.0032324393,0.0033556533,0.0031065962,0.003038083,0.0037421074,0.0031623072,0.003522009,0.0031933812,0.0030278733,0.0030671358,0.00294554
377,0.0034368136,0.0030501229,0.003495941,0.003245354,0.0036127937,0.0032324393,0.0033556533,0.0031065962,0.003038083,0.0037421074,0.0031623072,0.003522009,0.0031933812,0.0030278733,0.0030671358,0.00294554
378,0.0034368136,0.0030501229,0.003495941,0.003245354,0.0036127937,0.003232439,0.0033556533,0.0031065962,0.003038083,0.0037421074,0.0031623072,0.003522009,0.0031933812,0.003027873,0.0030671358,0.0029455398
379,0.0034368136,0.0030501229,0.003495941,0.003245354,0.0036127937,0.003232439,0.0033556535,0.0031065962,0.0030380832,0.0037421074,0.0031623074,0.0035220087,0.0031933812,0.003027873,0.0030671358,0.0029455398
380,0.0034368136,0.003050123,0.003495941,0.003245354,0.003612794,0.0032324388,0.0033556535,0.0031065962,0.0030380832,0.0037421077,0.0031623074,0.0035220087,0.0031933812,0.003027873,0.0030671358,0.0029455398
381,0.0034368136,0.003050123,0.003495941,0.003245354,0.003612794,0.0032324388,0.0033556535,0.0031065962,0.0030380832,0.0037421077,0.0031623074,0.0035220087,0.0031933812,0.003027873,0.0030671358,0.0029455398
382,0.0034368136,0.003050123,0.003495941,0.003245354,0.003612794,0.0032324388,0.0033556535,0.0031065962,0.0030380832,0.0037421077,0.0031623074,0.0035220087,0.0031933812,0.003027873,0.0030671358,0.0029455398
383,0.0034368136,0.003050123,0.003495941,0.003245354,0.003612794,0.0032324388,0.0033556535,0.0031065962,0.0030380832,0.0037421077,0.0031623077,0.0035220087,0.0031933812,0.0030278729,0.0030671358,0.0029455398
384,0.0034368138,0.0030501233,0.003495941,0.003245354,0.0036127942,0.0032324386,0.0033556537,0.0031065962,0.0030380834,0.0037421077,0.0031623077,0.0035220084,0.0031933812,0.0030278726,0.0030671358,0.0029455398
385,0.0034368138,0.0030501233,0.003495941,0.003245354,0.0036127942,0.0032324386,0.0033556537,0.0031065962,0.0030380834,0.0037421077,0.0031623077,0.0035220084,0.0031933812,0.0030278726,0.0030671358,0.0029455398
386,0.0034368138,0.0030501233,0.003495941,0.003245354,0.0036127942,0.0032324386,0.0033556537,0.0031065962,0.0030380834,0.0037421077,0.0031623077,0.0035220084,0.0031933812,0.0030278726,0.0030671358,0.0029455398
387,0.0034368138,0.0030501233,0.003495941,0.003245354,0.0036127942,0.0032324386,0.0033556537,0.0031065962,0.0030380834,0.0037421077,0.0031623077,0.0035220084,0.0031933812,0.0030278726,0.0030671358,0.0029455398
388,0.0034368138,0.0030501233,0.003495941,0.003245354,0.0036127942,0.0032324386,0.0033556537,0.0031065962,0.0030380834,0.0037421077,0.0031623077,0.0035220084,0.0031933812,0.0030278726,0.0030671358,0.0029455398
389,0.0034368138,0.0030501233,0.003495941,0.003245354,0.0036127942,0.0032324386,0.0033556537,0.0031065962,0.0030380834,0.0037421077,0.003162308,0.0035220084,0.0031933812,0.0030278726,0.0030671358,0.0029455398
390,0.0034368138,0.0030501233,0.003495941,0.003245354,0.0036127944,0.0032324384,0.0033556537,0.0031065964,0.0030380837,0.0037421077,0.003162308,0.0035220084,0.0031933812,0.0030278724,0.0030671358,0.0029455398
391,0.0034368138,0.0030501233,0.003495941,0.003245354,0.0036127944,0.0032324384,0.0033556537,0.0031065964,0.0030380837,0.0037421077,0.003162308,0.0035220084,0.0031933812,0.0030278724,0.0030671358,0.0029455398
392,0.0034368138,0.0030501233,0.003495941,0.003245354,0.0036127944,0.0032324384,0.0033556537,0.0031065964,0.0030380837,0.0037421077,0.003162308,0.0035220084,0.0031933812,0.0030278724,0.0030671358,0.0029455398
393,0.0034368138,0.0030501236,0.003495941,0.003245354,0.0036127944,0.0032324384,0.003355654,0.0031065964,0.0030380837,0.0037421077,0.0031623081,0.0035220082,0.0031933812,0.0030278724,0.0030671358,0.0029455398
394,0.0034368138,0.0030501236,0.0034959412,0.003245354,0.0036127944,0.0032324384,0.003355654,0.0031065964,0.0030380837,0.0037421077,0.0031623081,0.0035220082,0.0031933812,0.0030278724,0.0030671358,0.0029455398
395,0.0034368138,0.0030501236,0.0034959412,0.003245354,0.0036127944,0.0032324384,0.003355654,0.0031065964,0.0030380837,0.0037421077,0.0031623081,0.0035220082,0.0031933812,0.0030278724,0.0030671358,0.0029455398
396,0.0034368138,0.0030501236,0.0034959412,0.003245354,0.0036127944,0.0032324384,0.003355654,0.0031065964,0.0030380837,0.0037421077,0.0031623081,0.0035220082,0.0031933812,0.0030278724,0.0030671358,0.0029455398
397,0.0034368138,0.0030501238,0.0034959412,0.003245354,0.0036127947,0.0032324381,0.003355654,0.0031065964,0.003038084,0.0037421077,0.0031623084,0.0035220082,0.0031933812,0.0030278722,0.0030671358,0.0029455398
398,0.0034368138,0.0030501238,0.0034959412,0.003245354,0.0036127947,0.0032324381,0.003355654,0.0031065964,0.003038084,0.0037421077,0.0031623084,0.0035220082,0.0031933812,0.0030278722,0.0030671358,0.0029455398
399,0.0034368138,0.0030501238,0.0034959412,0.003245354,0.0036127947,0.0032324381,0.003355654,0.0031065964,0.003038084,0.0037421077,0.0031623084,0.0035220082,0.0031933812,0.0030278722,0.0030671358,0.0029455398
400,0.0034368138,0.0030501238,0.0034959412,0.003245354,0.0036127947,0.0032324381,0.003355654,0.0031065964,0.003038084,0.0037421077,0.0031623084,0.0035220082,0.0031933812,0.0030278722,0.0030671358,0.0029455398
401,0.0034368138,0.0030501238,0.0034959412,0.003245354,0.0036127947,0.0032324381,0.0033556542,0.0031065964,0.003038084,0.0037421077,0.0031623084,0.003522008,0.0031933812,0.0030278722,0.0030671358,0.0029455398
402,0.0034368138,0.0030501238,0.0034959412,0.003245354,0.0036127947,0.0032324381,0.0033556542,0.0031065964,0.003038084,0.0037421077,0.0031623084,0.003522008,0.0031933812,0.0030278722,0.0030671358,0.0029455398
403,0.0034368138,0.0030501238,0.0034959412,0.003245354,0.0036127947,0.003232438,0.0033556542,0.0031065964,0.003038084,0.0037421077,0.0031623084,0.003522008,0.0031933812,0.003027872,0.0030671358,0.0029455398
404,0.0034368138,0.0030501238,0.0034959412,0.003245354,0.0036127947,0.003232438,0.0033556542,0.0031065964,0.003038084,0.0037421077,0.0031623084,0.003522008,0.0031933812,0.003027872,0.0030671358,0.0029455398
405,0.0034368138,0.003050124,0.0034959412,0.003245354,0.003612795,0.003232438,0.0033556542,0.0031065964,0.0030380841,0.003742108,0.0031623086,0.003522008,0.0031933812,0.003027872,0.0030671358,0.0029455398
406,0.0034368138,0.003050124,0.0034959412,0.003245354,0.003612795,0.003232438,0.0033556542,0.0031065964,0.0030380841,0.003742108,0.0031623086,0.003522008,0.0031933812,0.003027872,0.0030671358,0.0029455398
407,0.0034368138,0.003050124,0.0034959412,0.003245354,0.003612795,0.0032324377,0.0033556544,0.0031065964,0.0030380841,0.003742108,0.0031623086,0.0035220077,0.0031933812,0.0030278717,0.0030671358,0.0029455398
408,0.0034368138,0.003050124,0.0034959412,0.003245354,0.003612795,0.0032324377,0.0033556544,0.0031065964,0.0030380841,0.003742108,0.0031623086,0.0035220077,0.0031933812,0.0030278717,0.0030671358,0.0029455398
409,0.0034368138,0.003050124,0.0034959412,0.003245354,0.003612795,0.0032324377,0.0033556544,0.0031065964,0.0030380841,0.003742108,0.0031623086,0.0035220077,0.0031933812,0.0030278717,0.0030671358,0.0029455398
410,0.003436814,0.0030501243,0.0034959412,0.003245354,0.0036127951,0.0032324377,0.0033556544,0.0031065964,0.0030380844,0.003742108,0.0031623088,0.0035220077,0.0031933812,0.0030278717,0.0030671358,0.0029455398
411,0.003436814,0.0030501243,0.0034959412,0.003245354,0.0036127951,0.0032324377,0.0033556544,0.0031065964,0.0030380844,0.003742108,0.0031623088,0.0035220077,0.0031933812,0.0030278717,0.0030671358,0.0029455398
412,0.003436814,0.0030501243,0.0034959412,0.003245354,0.0036127951,0.0032324377,0.0033556544,0.0031065964,0.0030380844,0.003742108,0.0031623088,0.0035220077,0.0031933812,0.0030278717,0.0030671358,0.0029455398
413,0.003436814,0.0030501243,0.0034959412,0.003245354,0.0036127951,0.0032324374,0.0033556547,0.0031065964,0.0030380844,0.003742108,0.003162309,0.0035220075,0.0031933812,0.0030278715,0.0030671358,0.0029455398
414,0.003436814,0.0030501243,0.0034959412,0.003245354,0.0036127951,0.0032324374,0.0033556547,0.0031065964,0.0030380844,0.003742108,0.003162309,0.0035220075,0.0031933812,0.0030278715,0.0030671358,0.0029455398
415,0.003436814,0.0030501243,0.0034959412,0.003245354,0.0036127951,0.0032324374,0.0033556547,0.0031065964,0.0030380844,0.003742108,0.003162309,0.0035220075,0.0031933812,0.0030278715,0.0030671358,0.0029455398
416,0.003436814,0.0030501243,0.0034959412,0.003245354,0.0036127954,0.0032324374,0.0033556547,0.0031065964,0.0030380846,0.003742108,0.003162309,0.0035220075,0.0031933812,0.0030278715,0.0030671358,0.0029455398
417,0.003436814,0.0030501243,0.0034959412,0.003245354,0.0036127954,0.0032324374,0.0033556547,0.0031065964,0.0030380846,0.003742108,0.003162309,0.0035220075,0.0031933812,0.0030278715,0.0030671358,0.0029455398
418,0.003436814,0.0030501243,0.0034959412,0.003245354,0.0036127954,0.0032324374,0.0033556547,0.0031065964,0.0030380846,0.003742108,0.003162309,0.0035220075,0.0031933812,0.0030278715,0.0030671358,0.0029455398
419,0.003436814,0.0030501243,0.0034959412,0.003245354,0.0036127954,0.0032324374,0.0033556547,0.0031065964,0.0030380846,0.003742108,0.003162309,0.0035220075,0.0031933812,0.0030278715,0.0030671358,0.0029455398
420,0.003436814,0.0030501243,0.0034959412,0.003245354,0.0036127954,0.0032324374,0.0033556547,0.0031065964,0.0030380846,0.003742108,0.003162309,0.0035220075,0.0031933812,0.0030278715,0.0030671358,0.0029455398
421,0.003436814,0.0030501243,0.0034959412,0.003245354,0.0036127954,0.0032324374,0.0033556547,0.0031065964,0.0030380846,0.003742108,0.003162309,0.0035220075,0.0031933812,0.0030278715,0.0030671358,0.0029455398
422,0.003436814,0.0030501243,0.0034959412,0.003245354,0.0036127954,0.0032324374,0.0033556547,0.0031065964,0.0030380846,0.003742108,0.003162309,0.0035220075,0.0031933812,0.0030278715,0.0030671358,0.0029455398
423,0.003436814,0.0030501245,0.0034959414,0.003245354,0.0036127954,0.0032324372,0.0033556547,0.0031065964,0.0030380846,0.003742108,0.0031623093,0.0035220075,0.0031933812,0.0030278713,0.0030671358,0.0029455398
424,0.003436814,0.0030501245,0.0034959414,0.003245354,0.0036127954,0.0032324372,0.0033556547,0.0031065964,0.0030380846,0.003742108,0.0031623093,0.0035220075,0.0031933812,0.0030278713,0.0030671358,0.0029455398
425,0.003436814,0.0030501245,0.0034959414,0.003245354,0.0036127954,0.0032324372,0.0033556547,0.0031065964,0.0030380846,0.003742108,0.0031623093,0.0035220075,0.0031933812,0.0030278713,0.0030671358,0.0029455398
426,0.003436814,0.0030501245,0.0034959414,0.003245354,0.0036127956,0.0032324372,0.003355655,0.0031065964,0.0030380846,0.003742108,0.0031623093,0.0035220073,0.0031933812,0.0030278713,0.0030671358,0.0029455398
427,0.003436814,0.0030501245,0.0034959414,0.003245354,0.0036127956,0.0032324372,0.003355655,0.0031065964,0.0030380846,0.003742108,0.0031623093,0.0035220073,0.0031933812,0.0030278713,0.0030671358,0.0029455398
428,0.003436814,0.0030501245,0.0034959414,0.003245354,0.0036127956,0.0032324372,0.003355655,0.0031065964,0.0030380846,0.003742108,0.0031623093,0.0035220073,0.0031933812,0.0030278713,0.0030671358,0.0029455398
429,0.003436814,0.0030501245,0.0034959414,0.003245354,0.0036127956,0.0032324372,0.003355655,0.0031065964,0.0030380846,0.003742108,0.0031623093,0.0035220073,0.0031933812,0.0030278713,0.0030671358,0.0029455398
430,0.003436814,0.0030501245,0.0034959414,0.003245354,0.0036127956,0.0032324372,0.003355655,0.0031065964,0.0030380846,0.003742108,0.0031623093,0.0035220073,0.0031933812,0.0030278713,0.0030671358,0.0029455398
431,0.003436814,0.0030501245,0.0034959414,0.003245354,0.0036127956,0.0032324372,0.003355655,0.0031065964,0.0030380846,0.003742108,0.0031623093,0.0035220073,0.0031933812,0.0030278713,0.0030671358,0.0029455398
432,0.003436814,0.0030501245,0.0034959414,0.003245354,0.0036127956,0.0032324372,0.003355655,0.0031065964,0.0030380846,0.003742108,0.0031623093,0.0035220073,0.0031933812,0.0030278713,0.0030671358,0.0029455398
433,0.003436814,0.0030501245,0.0034959414,0.003245354,0.0036127956,0.0032324372,0.003355655,0.0031065964,0.0030380848,0.003742108,0.0031623095,0.0035220073,0.0031933812,0.003027871,0.0030671358,0.0029455398
434,0.003436814,0.0030501245,0.0034959414,0.003245354,0.0036127956,0.0032324372,0.003355655,0.0031065964,0.0030380848,0.003742108,0.0031623095,0.0035220073,0.0031933812,0.003027871,0.0030671358,0.0029455398
435,0.003436814,0.0030501245,0.0034959414,0.003245354,0.0036127956,0.0032324372,0.003355655,0.0031065964,0.0030380848,0.003742108,0.0031623095,0.0035220073,0.0031933812,0.003027871,0.0030671358,0.0029455398
436,0.003436814,0.0030501247,0.0034959414,0.003245354,0.0036127956,0.003232437,0.003355655,0.0031065964,0.0030380848,0.003742108,0.0031623095,0.0035220073,0.0031933812,0.003027871,0.0030671358,0.0029455398
437,0.003436814,0.0030501247,0.0034959414,0.003245354,0.0036127956,0.003232437,0.003355655,0.0031065964,0.0030380848,0.003742108,0.0031623095,0.0035220073,0.0031933812,0.003027871,0.0030671358,0.0029455398
438,0.003436814,0.0030501247,0.0034959414,0.003245354,0.0036127956,0.003232437,0.003355655,0.0031065964,0.0030380848,0.003742108,0.0031623095,0.0035220073,0.0031933812,0.003027871,0.0030671358,0.0029455398
439,0.003436814,0.0030501247,0.0034959414,0.003245354,0.0036127956,0.003232437,0.003355655,0.0031065964,0.0030380848,0.003742108,0.0031623095,0.0035220073,0.0031933812,0.003027871,0.0030671358,0.0029455398
440,0.003436814,0.0030501247,0.0034959414,0.003245354,0.0036127956,0.003232437,0.003355655,0.0031065964,0.0030380848,0.003742108,0.0031623095,0.0035220073,0.0031933812,0.003027871,0.0030671358,0.0029455398
441,0.003436814,0.0030501247,0.0034959414,0.003245354,0.0036127958,0.003232437,0.0033556551,0.0031065964,0.0030380848,0.003742108,0.0031623095,0.0035220073,0.0031933812,0.0030278708,0.0030671358,0.0029455398
442,0.003436814,0.0030501247,0.0034959414,0.003245354,0.0036127958,0.003232437,0.0033556551,0.0031065964,0.0030380848,0.003742108,0.0031623095,0.0035220073,0.0031933812,0.0030278708,0.0030671358,0.0029455398
443,0.003436814,0.0030501247,0.0034959414,0.003245354,0.0036127958,0.003232437,0.0033556551,0.0031065964,0.0030380848,0.003742108,0.0031623095,0.0035220073,0.0031933812,0.0030278708,0.0030671358,0.0029455398
444,0.0034368143,0.003050125,0.0034959414,0.003245354,0.0036127958,0.0032324367,0.0033556551,0.0031065964,0.003038085,0.0037421081,0.0031623098,0.003522007,0.0031933812,0.0030278708,0.0030671358,0.0029455398
445,0.0034368143,0.003050125,0.0034959414,0.003245354,0.0036127958,0.0032324367,0.0033556551,0.0031065964,0.003038085,0.0037421081,0.0031623098,0.003522007,0.0031933812,0.0030278708,0.0030671358,0.0029455398
446,0.0034368143,0.003050125,0.0034959414,0.003245354,0.0036127958,0.0032324367,0.0033556551,0.0031065964,0.003038085,0.0037421081,0.0031623098,0.003522007,0.0031933812,0.0030278708,0.0030671358,0.0029455398
447,0.0034368143,0.003050125,0.0034959414,0.003245354,0.0036127958,0.0032324367,0.0033556551,0.0031065964,0.003038085,0.0037421081,0.0031623098,0.003522007,0.0031933812,0.0030278708,0.0030671358,0.0029455398
448,0.0034368143,0.003050125,0.0034959414,0.003245354,0.0036127958,0.0032324367,0.0033556551,0.0031065964,0.003038085,0.0037421081,0.0031623098,0.003522007,0.0031933812,0.0030278708,0.0030671358,0.0029455398
449,0.0034368143,0.003050125,0.0034959414,0.003245354,0.003612796,0.0032324367,0.0033556551,0.0031065964,0.003038085,0.0037421081,0.0031623098,0.003522007,0.0031933812,0.0030278706,0.0030671358,0.0029455398
450,0.0034368143,0.003050125,0.0034959414,0.003245354,0.003612796,0.0032324367,0.0033556551,0.0031065964,0.003038085,0.0037421081,0.0031623098,0.003522007,0.0031933812,0.0030278706,0.0030671358,0.0029455398
451,0.0034368143,0.003050125,0.0034959414,0.003245354,0.003612796,0.0032324367,0.0033556551,0.0031065964,0.003038085,0.0037421081,0.0031623098,0.003522007,0.0031933812,0.0030278706,0.0030671358,0.0029455398
452,0.0034368143,0.003050125,0.0034959414,0.003245354,0.003612796,0.0032324367,0.0033556551,0.0031065964,0.003038085,0.0037421081,0.0031623098,0.003522007,0.0031933812,0.0030278706,0.0030671358,0.0029455398
453,0.0034368143,0.003050125,0.0034959414,0.003245354,0.003612796,0.0032324365,0.0033556554,0.0031065964,0.0030380853,0.0037421081,0.00316231,0.003522007,0.0031933812,0.0030278706,0.0030671358,0.0029455398
454,0.0034368143,0.003050125,0.0034959414,0.003245354,0.003612796,0.0032324365,0.0033556554,0.0031065964,0.0030380853,0.0037421081,0.00316231,0.003522007,0.0031933812,0.0030278706,0.0030671358,0.0029455398
455,0.0034368143,0.0030501252,0.0034959414,0.003245354,0.003612796,0.0032324365,0.0033556554,0.0031065964,0.0030380853,0.0037421081,0.00316231,0.0035220068,0.0031933812,0.0030278703,0.0030671358,0.0029455398
456,0.0034368143,0.0030501252,0.0034959414,0.003245354,0.003612796,0.0032324365,0.0033556554,0.0031065964,0.0030380853,0.0037421081,0.00316231,0.0035220068,0.0031933812,0.0030278703,0.0030671358,0.0029455398
457,0.0034368143,0.0030501252,0.0034959414,0.003245354,0.003612796,0.0032324365,0.0033556554,0.0031065964,0.0030380853,0.0037421081,0.00316231,0.0035220068,0.0031933812,0.0030278703,0.0030671358,0.0029455398
458,0.0034368143,0.0030501252,0.0034959414,0.003245354,0.003612796,0.0032324365,0.0033556554,0.0031065964,0.0030380853,0.0037421081,0.00316231,0.0035220068,0.0031933812,0.0030278703,0.0030671358,0.0029455398
459,0.0034368143,0.0030501252,0.0034959414,0.003245354,0.0036127963,0.0032324363,0.0033556554,0.0031065964,0.0030380853,0.0037421081,0.0031623102,0.0035220068,0.0031933812,0.0030278703,0.0030671358,0.0029455398
460,0.0034368143,0.0030501252,0.0034959414,0.003245354,0.0036127963,0.0032324363,0.0033556554,0.0031065964,0.0030380853,0.0037421081,0.0031623102,0.0035220068,0.0031933812,0.0030278703,0.0030671358,0.0029455398
461,0.0034368143,0.0030501252,0.0034959416,0.003245354,0.0036127963,0.0032324363,0.0033556556,0.0031065964,0.0030380855,0.0037421081,0.0031623102,0.0035220068,0.0031933815,0.00302787,0.0030671358,0.0029455398
462,0.0034368143,0.0030501252,0.0034959416,0.003245354,0.0036127963,0.0032324363,0.0033556556,0.0031065964,0.0030380855,0.0037421081,0.0031623102,0.0035220068,0.0031933815,0.00302787,0.0030671358,0.0029455398
463,0.0034368143,0.0030501254,0.0034959416,0.003245354,0.0036127965,0.0032324363,0.0033556556,0.0031065964,0.0030380855,0.0037421081,0.0031623105,0.0035220066,0.0031933815,0.00302787,0.0030671358,0.0029455398
464,0.0034368143,0.0030501254,0.0034959416,0.003245354,0.0036127965,0.0032324363,0.0033556556,0.0031065964,0.0030380855,0.0037421081,0.0031623105,0.0035220066,0.0031933815,0.00302787,0.0030671358,0.0029455398
465,0.0034368143,0.0030501254,0.0034959416,0.003245354,0.0036127965,0.0032324363,0.0033556556,0.0031065964,0.0030380855,0.0037421081,0.0031623105,0.0035220066,0.0031933815,0.00302787,0.0030671358,0.0029455398
466,0.0034368143,0.0030501257,0.0034959416,0.003245354,0.0036127968,0.003232436,0.0033556558,0.0031065964,0.0030380858,0.0037421081,0.0031623107,0.0035220066,0.0031933815,0.0030278699,0.0030671358,0.0029455398
467,0.0034368145,0.0030501257,0.0034959416,0.003245354,0.0036127968,0.0032324358,0.0033556558,0.0031065964,0.0030380858,0.0037421081,0.0031623107,0.0035220063,0.0031933815,0.0030278699,0.0030671358,0.0029455398
468,0.0034368145,0.0030501257,0.0034959416,0.003245354,0.0036127968,0.0032324358,0.0033556558,0.0031065964,0.0030380858,0.0037421081,0.0031623107,0.0035220063,0.0031933815,0.0030278699,0.0030671358,0.0029455398
469,0.0034368145,0.0030501257,0.0034959416,0.003245354,0.0036127968,0.0032324358,0.0033556558,0.0031065964,0.0030380858,0.0037421081,0.0031623107,0.0035220063,0.0031933815,0.0030278699,0.0030671358,0.0029455398
470,0.0034368145,0.0030501257,0.0034959416,0.003245354,0.0036127968,0.0032324358,0.0033556558,0.0031065964,0.0030380858,0.0037421081,0.0031623107,0.0035220063,0.0031933815,0.0030278699,0.0030671358,0.0029455398
471,0.0034368145,0.0030501257,0.0034959416,0.003245354,0.0036127968,0.0032324358,0.0033556558,0.0031065964,0.0030380858,0.0037421081,0.0031623107,0.0035220063,0.0031933815,0.0030278699,0.0030671358,0.0029455398
472,0.0034368145,0.0030501257,0.0034959416,0.003245354,0.0036127968,0.0032324358,0.0033556558,0.0031065964,0.0030380858,0.0037421081,0.0031623107,0.0035220063,0.0031933815,0.0030278699,0.0030671358,0.0029455398
473,0.0034368145,0.0030501257,0.0034959416,0.003245354,0.0036127968,0.0032324358,0.0033556558,0.0031065964,0.0030380858,0.0037421081,0.0031623107,0.0035220063,0.0031933815,0.0030278699,0.0030671358,0.0029455398
474,0.0034368145,0.0030501257,0.0034959416,0.003245354,0.0036127968,0.0032324358,0.0033556558,0.0031065964,0.003038086,0.0037421084,0.003162311,0.0035220063,0.0031933815,0.0030278696,0.0030671358,0.0029455398
475,0.0034368145,0.0030501257,0.0034959416,0.003245354,0.0036127968,0.0032324358,0.0033556558,0.0031065964,0.003038086,0.0037421084,0.003162311,0.0035220063,0.0031933815,0.0030278696,0.0030671358,0.0029455398
476,0.0034368145,0.003050126,0.0034959416,0.003245354,0.003612797,0.0032324356,0.003355656,0.0031065964,0.003038086,0.0037421084,0.003162311,0.0035220063,0.0031933815,0.0030278696,0.0030671358,0.0029455398
477,0.0034368145,0.003050126,0.0034959416,0.003245354,0.003612797,0.0032324356,0.003355656,0.0031065964,0.003038086,0.0037421084,0.0031623112,0.003522006,0.0031933815,0.0030278694,0.0030671358,0.0029455398
478,0.0034368145,0.0030501261,0.0034959416,0.003245354,0.0036127972,0.0032324353,0.0033556563,0.0031065964,0.0030380862,0.0037421084,0.0031623112,0.003522006,0.0031933815,0.0030278694,0.0030671358,0.0029455398
479,0.0034368145,0.0030501261,0.0034959416,0.003245354,0.0036127972,0.0032324353,0.0033556563,0.0031065964,0.0030380862,0.0037421084,0.0031623112,0.003522006,0.0031933815,0.0030278694,0.0030671358,0.0029455398
480,0.0034368145,0.0030501261,0.0034959416,0.003245354,0.0036127972,0.0032324353,0.0033556563,0.0031065964,0.0030380862,0.0037421084,0.0031623112,0.003522006,0.0031933815,0.0030278694,0.0030671358,0.0029455398
481,0.0034368145,0.0030501261,0.0034959416,0.003245354,0.0036127972,0.0032324353,0.0033556563,0.0031065964,0.0030380862,0.0037421084,0.0031623112,0.003522006,0.0031933815,0.0030278694,0.0030671358,0.0029455398
482,0.0034368145,0.0030501261,0.0034959416,0.003245354,0.0036127972,0.0032324353,0.0033556563,0.0031065964,0.0030380862,0.0037421084,0.0031623112,0.003522006,0.0031933815,0.0030278694,0.0030671358,0.0029455398
483,0.0034368145,0.0030501261,0.0034959419,0.003245354,0.0036127972,0.0032324353,0.0033556563,0.0031065964,0.0030380862,0.0037421084,0.0031623114,0.0035220059,0.0031933815,0.0030278692,0.0030671358,0.0029455395
484,0.0034368145,0.0030501261,0.0034959419,0.003245354,0.0036127972,0.0032324353,0.0033556563,0.0031065964,0.0030380862,0.0037421084,0.0031623114,0.0035220059,0.0031933815,0.0030278692,0.0030671358,0.0029455395
485,0.0034368145,0.0030501261,0.0034959419,0.003245354,0.0036127975,0.003232435,0.0033556563,0.0031065964,0.0030380865,0.0037421084,0.0031623114,0.0035220059,0.0031933815,0.0030278692,0.0030671358,0.0029455395
486,0.0034368145,0.0030501261,0.0034959419,0.003245354,0.0036127975,0.003232435,0.0033556563,0.0031065964,0.0030380865,0.0037421084,0.0031623114,0.0035220059,0.0031933815,0.0030278692,0.0030671358,0.0029455395
487,0.0034368145,0.0030501261,0.0034959419,0.003245354,0.0036127975,0.003232435,0.0033556563,0.0031065964,0.0030380865,0.0037421084,0.0031623114,0.0035220059,0.0031933815,0.0030278692,0.0030671358,0.0029455395
488,0.0034368145,0.0030501261,0.0034959419,0.003245354,0.0036127975,0.003232435,0.0033556563,0.0031065964,0.0030380865,0.0037421084,0.0031623114,0.0035220059,0.0031933815,0.0030278692,0.0030671358,0.0029455395
489,0.0034368145,0.0030501261,0.0034959419,0.003245354,0.0036127975,0.003232435,0.0033556563,0.0031065964,0.0030380865,0.0037421084,0.0031623114,0.0035220059,0.0031933815,0.0030278692,0.0030671358,0.0029455395
490,0.0034368145,0.0030501261,0.0034959419,0.003245354,0.0036127975,0.003232435,0.0033556563,0.0031065964,0.0030380865,0.0037421084,0.0031623114,0.0035220059,0.0031933815,0.0030278692,0.0030671358,0.0029455395
491,0.0034368145,0.0030501264,0.0034959419,0.003245354,0.0036127975,0.003232435,0.0033556565,0.0031065964,0.0030380865,0.0037421084,0.0031623116,0.0035220059,0.0031933815,0.003027869,0.0030671358,0.0029455395
492,0.0034368145,0.0030501264,0.0034959419,0.003245354,0.0036127975,0.003232435,0.0033556565,0.0031065964,0.0030380865,0.0037421084,0.0031623116,0.0035220059,0.0031933815,0.003027869,0.0030671358,0.0029455395
493,0.0034368145,0.0030501264,0.0034959419,0.003245354,0.0036127975,0.003232435,0.0033556565,0.0031065964,0.0030380865,0.0037421084,0.0031623116,0.0035220059,0.0031933815,0.003027869,0.0030671358,0.0029455395
494,0.0034368145,0.0030501264,0.0034959419,0.003245354,0.0036127975,0.0032324349,0.0033556565,0.0031065964,0.0030380865,0.0037421084,0.0031623116,0.0035220056,0.0031933815,0.003027869,0.0030671358,0.0029455395
495,0.0034368145,0.0030501264,0.0034959419,0.003245354,0.0036127975,0.0032324349,0.0033556565,0.0031065964,0.0030380865,0.0037421084,0.0031623116,0.0035220056,0.0031933815,0.003027869,0.0030671358,0.0029455395
496,0.0034368145,0.0030501264,0.0034959419,0.003245354,0.0036127975,0.0032324349,0.0033556565,0.0031065964,0.0030380865,0.0037421084,0.0031623116,0.0035220056,0.0031933815,0.003027869,0.0030671358,0.0029455395
497,0.0034368145,0.0030501264,0.0034959419,0.003245354,0.0036127975,0.0032324349,0.0033556565,0.0031065964,0.0030380865,0.0037421084,0.0031623116,0.0035220056,0.0031933815,0.003027869,0.0030671358,0.0029455395
498,0.0034368145,0.0030501264,0.0034959419,0.003245354,0.0036127975,0.0032324349,0.0033556565,0.0031065964,0.0030380865,0.0037421084,0.0031623116,0.0035220056,0.0031933815,0.003027869,0.0030671358,0.0029455395
499,0.0034368148,0.0030501266,0.0034959419,0.003245354,0.0036127977,0.0032324349,0.0033556565,0.0031065964,0.0030380867,0.0037421084,0.0031623119,0.0035220056,0.0031933815,0.0030278687,0.0030671358,0.0029455395
500,0.0034368148,0.0030501266,0.0034959419,0.003245354,0.0036127977,0.0032324349,0.0033556565,0.0031065964,0.0030380867,0.0037421084,0.0031623119,0.0035220056,0.0031933815,0.0030278687,0.0030671358,0.0029455395
501,0.0034368148,0.0030501266,0.0034959419,0.003245354,0.0036127977,0.0032324346,0.0033556568,0.0031065964,0.0030380867,0.0037421084,0.0031623119,0.0035220056,0.0031933815,0.0030278685,0.0030671358,0.0029455395
502,0.0034368148,0.0030501266,0.0034959419,0.003245354,0.0036127977,0.0032324346,0.0033556568,0.0031065964,0.0030380867,0.0037421084,0.0031623119,0.0035220056,0.0031933815,0.0030278685,0.0030671358,0.0029455395
503,0.0034368148,0.0030501266,0.0034959419,0.003245354,0.0036127977,0.0032324346,0.0033556568,0.0031065964,0.0030380867,0.0037421084,0.0031623119,0.0035220056,0.0031933815,0.0030278685,0.0030671358,0.0029455395
504,0.0034368148,0.0030501266,0.0034959419,0.003245354,0.003612798,0.0032324346,0.0033556568,0.0031065964,0.003038087,0.0037421086,0.003162312,0.0035220054,0.0031933815,0.0030278685,0.0030671358,0.0029455395
505,0.0034368148,0.0030501266,0.0034959419,0.003245354,0.003612798,0.0032324346,0.0033556568,0.0031065964,0.003038087,0.0037421086,0.003162312,0.0035220054,0.0031933815,0.0030278685,0.0030671358,0.0029455395
506,0.0034368148,0.0030501266,0.0034959419,0.003245354,0.003612798,0.0032324346,0.0033556568,0.0031065964,0.003038087,0.0037421086,0.003162312,0.0035220054,0.0031933815,0.0030278685,0.0030671358,0.0029455395
507,0.0034368148,0.0030501266,0.0034959419,0.003245354,0.003612798,0.0032324346,0.0033556568,0.0031065964,0.003038087,0.0037421086,0.003162312,0.0035220054,0.0031933815,0.0030278685,0.0030671358,0.0029455395
508,0.0034368148,0.0030501266,0.0034959419,0.003245354,0.003612798,0.0032324346,0.0033556568,0.0031065964,0.003038087,0.0037421086,0.003162312,0.0035220054,0.0031933815,0.0030278685,0.0030671358,0.0029455395
509,0.0034368148,0.0030501266,0.0034959419,0.003245354,0.003612798,0.0032324346,0.0033556568,0.0031065964,0.003038087,0.0037421086,0.003162312,0.0035220054,0.0031933815,0.0030278685,0.0030671358,0.0029455395
510,0.0034368148,0.0030501268,0.0034959419,0.003245354,0.003612798,0.0032324344,0.003355657,0.0031065964,0.003038087,0.0037421086,0.003162312,0.0035220054,0.0031933815,0.0030278682,0.0030671358,0.0029455395
511,0.0034368148,0.0030501268,0.0034959419,0.003245354,0.003612798,0.0032324344,0.003355657,0.0031065964,0.003038087,0.0037421086,0.003162312,0.0035220054,0.0031933815,0.0030278682,0.0030671358,0.0029455395
512,0.0034368148,0.0030501268,0.0034959419,0.003245354,0.003612798,0.0032324344,0.003355657,0.0031065964,0.003038087,0.0037421086,0.003162312,0.0035220054,0.0031933815,0.0030278682,0.0030671358,0.0029455395
513,0.0034368148,0.0030501268,0.0034959419,0.003245354,0.003612798,0.0032324344,0.003355657,0.0031065964,0.003038087,0.0037421086,0.003162312,0.0035220054,0.0031933815,0.0030278682,0.0030671358,0.0029455395
514,0.0034368148,0.0030501268,0.0034959419,0.003245354,0.0036127982,0.0032324344,0.003355657,0.0031065964,0.0030380872,0.0037421086,0.0031623123,0.0035220054,0.0031933815,0.0030278682,0.0030671358,0.0029455395
515,0.0034368148,0.0030501268,0.0034959419,0.003245354,0.0036127982,0.0032324344,0.003355657,0.0031065964,0.0030380872,0.0037421086,0.0031623123,0.0035220054,0.0031933815,0.0030278682,0.0030671358,0.0029455395
516,0.0034368148,0.0030501268,0.0034959419,0.003245354,0.0036127982,0.0032324344,0.003355657,0.0031065964,0.0030380872,0.0037421086,0.0031623123,0.0035220054,0.0031933815,0.0030278682,0.0030671358,0.0029455395
517,0.0034368148,0.0030501268,0.0034959419,0.003245354,0.0036127982,0.0032324344,0.003355657,0.0031065964,0.0030380872,0.0037421086,0.0031623123,0.0035220054,0.0031933815,0.0030278682,0.0030671358,0.0029455395
518,0.0034368148,0.0030501268,0.0034959419,0.003245354,0.0036127982,0.0032324344,0.003355657,0.0031065964,0.0030380872,0.0037421086,0.0031623123,0.0035220054,0.0031933815,0.0030278682,0.0030671358,0.0029455395
519,0.0034368148,0.0030501268,0.0034959419,0.003245354,0.0036127982,0.0032324344,0.003355657,0.0031065964,0.0030380872,0.0037421086,0.0031623123,0.0035220054,0.0031933815,0.0030278682,0.0030671358,0.0029455395
520,0.0034368148,0.003050127,0.003495942,0.003245354,0.0036127982,0.0032324344,0.003355657,0.0031065964,0.0030380872,0.0037421086,0.0031623123,0.0035220052,0.0031933815,0.003027868,0.0030671358,0.0029455395
521,0.0034368148,0.003050127,0.003495942,0.003245354,0.0036127982,0.0032324344,0.003355657,0.0031065964,0.0030380872,0.0037421086,0.0031623123,0.0035220052,0.0031933815,0.003027868,0.0030671358,0.0029455395
522,0.0034368148,0.003050127,0.003495942,0.003245354,0.0036127982,0.0032324344,0.003355657,0.0031065964,0.0030380872,0.0037421086,0.0031623123,0.0035220052,0.0031933815,0.003027868,0.0030671358,0.0029455395
523,0.0034368148,0.003050127,0.003495942,0.003245354,0.0036127982,0.0032324344,0.003355657,0.0031065964,0.0030380872,0.0037421086,0.0031623123,0.0035220052,0.0031933815,0.003027868,0.0030671358,0.0029455395
524,0.0034368148,0.003050127,0.003495942,0.003245354,0.0036127984,0.0032324342,0.0033556572,0.0031065966,0.0030380872,0.0037421086,0.0031623126,0.0035220052,0.0031933815,0.003027868,0.0030671358,0.0029455395
525,0.0034368148,0.003050127,0.003495942,0.003245354,0.0036127984,0.0032324342,0.0033556572,0.0031065966,0.0030380872,0.0037421086,0.0031623126,0.0035220052,0.0031933815,0.003027868,0.0030671358,0.0029455395
526,0.0034368148,0.003050127,0.003495942,0.003245354,0.0036127984,0.0032324342,0.0033556572,0.0031065966,0.0030380872,0.0037421086,0.0031623126,0.0035220052,0.0031933815,0.003027868,0.0030671358,0.0029455395
527,0.0034368148,0.0030501273,0.003495942,0.003245354,0.0036127984,0.0032324342,0.0033556572,0.0031065966,0.0030380874,0.0037421086,0.0031623126,0.0035220052,0.0031933815,0.0030278678,0.0030671358,0.0029455395
528,0.0034368148,0.0030501273,0.003495942,0.003245354,0.0036127984,0.0032324342,0.0033556572,0.0031065966,0.0030380874,0.0037421086,0.0031623126,0.0035220052,0.0031933815,0.0030278678,0.0030671358,0.0029455395
529,0.003436815,0.0030501273,0.003495942,0.003245354,0.0036127984,0.003232434,0.0033556572,0.0031065966,0.0030380874,0.0037421086,0.0031623128,0.003522005,0.0031933815,0.0030278678,0.0030671358,0.0029455395
530,0.003436815,0.0030501273,0.003495942,0.003245354,0.0036127984,0.003232434,0.0033556572,0.0031065966,0.0030380874,0.0037421086,0.0031623128,0.003522005,0.0031933815,0.0030278678,0.0030671358,0.0029455395
531,0.003436815,0.0030501273,0.003495942,0.003245354,0.0036127986,0.003232434,0.0033556574,0.0031065966,0.0030380876,0.0037421086,0.0031623128,0.003522005,0.0031933815,0.0030278675,0.0030671358,0.0029455395
532,0.003436815,0.0030501273,0.003495942,0.003245354,0.0036127986,0.003232434,0.0033556574,0.0031065966,0.0030380876,0.0037421086,0.0031623128,0.003522005,0.0031933815,0.0030278675,0.0030671358,0.0029455395
533,0.003436815,0.0030501273,0.003495942,0.003245354,0.0036127986,0.003232434,0.0033556574,0.0031065966,0.0030380876,0.0037421086,0.0031623128,0.003522005,0.0031933815,0.0030278675,0.0030671358,0.0029455395
534,0.003436815,0.0030501275,0.003495942,0.003245354,0.0036127986,0.0032324337,0.0033556574,0.0031065966,0.0030380876,0.0037421086,0.003162313,0.0035220047,0.0031933815,0.0030278675,0.0030671358,0.0029455395
535,0.003436815,0.0030501275,0.003495942,0.003245354,0.0036127986,0.0032324337,0.0033556574,0.0031065966,0.0030380876,0.0037421086,0.003162313,0.0035220047,0.0031933815,0.0030278675,0.0030671358,0.0029455395
536,0.003436815,0.0030501275,0.003495942,0.003245354,0.0036127986,0.0032324337,0.0033556574,0.0031065966,0.0030380876,0.0037421086,0.003162313,0.0035220047,0.0031933815,0.0030278675,0.0030671358,0.0029455395
537,0.003436815,0.0030501275,0.003495942,0.003245354,0.0036127986,0.0032324337,0.0033556574,0.0031065966,0.0030380876,0.0037421086,0.003162313,0.0035220047,0.0031933815,0.0030278675,0.0030671358,0.0029455395
538,0.003436815,0.0030501275,0.003495942,0.003245354,0.0036127986,0.0032324337,0.0033556574,0.0031065966,0.0030380876,0.0037421086,0.003162313,0.0035220047,0.0031933815,0.0030278675,0.0030671358,0.0029455395
539,0.003436815,0.0030501275,0.003495942,0.003245354,0.0036127989,0.0032324337,0.0033556577,0.0031065966,0.0030380879,0.0037421088,0.003162313,0.0035220047,0.0031933815,0.0030278673,0.0030671358,0.0029455395
540,0.003436815,0.0030501275,0.003495942,0.003245354,0.0036127989,0.0032324337,0.0033556577,0.0031065966,0.0030380879,0.0037421088,0.003162313,0.0035220047,0.0031933815,0.0030278673,0.0030671358,0.0029455395
541,0.003436815,0.0030501278,0.003495942,0.003245354,0.0036127989,0.0032324335,0.0033556577,0.0031065966,0.0030380879,0.0037421088,0.0031623133,0.0035220047,0.0031933815,0.0030278673,0.0030671358,0.0029455395
542,0.003436815,0.0030501278,0.003495942,0.003245354,0.0036127989,0.0032324335,0.0033556577,0.0031065966,0.0030380879,0.0037421088,0.0031623133,0.0035220047,0.0031933815,0.0030278673,0.0030671358,0.0029455395
543,0.003436815,0.0030501278,0.003495942,0.003245354,0.003612799,0.0032324332,0.0033556577,0.0031065966,0.0030380879,0.0037421088,0.0031623135,0.0035220045,0.0031933815,0.003027867,0.0030671358,0.0029455395
544,0.003436815,0.0030501278,0.003495942,0.003245354,0.003612799,0.0032324332,0.0033556577,0.0031065966,0.0030380879,0.0037421088,0.0031623135,0.0035220045,0.0031933815,0.003027867,0.0030671358,0.0029455395
545,0.003436815,0.0030501278,0.003495942,0.003245354,0.003612799,0.0032324332,0.0033556577,0.0031065966,0.0030380879,0.0037421088,0.0031623135,0.0035220045,0.0031933815,0.003027867,0.0030671358,0.0029455395
546,0.003436815,0.003050128,0.0034959423,0.003245354,0.003612799,0.0032324332,0.003355658,0.0031065966,0.003038088,0.0037421088,0.0031623135,0.0035220045,0.0031933815,0.003027867,0.0030671358,0.0029455395
547,0.003436815,0.003050128,0.0034959423,0.003245354,0.003612799,0.0032324332,0.003355658,0.0031065966,0.003038088,0.0037421088,0.0031623135,0.0035220045,0.0031933815,0.003027867,0.0030671358,0.0029455395
548,0.003436815,0.003050128,0.0034959423,0.003245354,0.003612799,0.0032324332,0.003355658,0.0031065966,0.003038088,0.0037421088,0.0031623135,0.0035220045,0.0031933815,0.003027867,0.0030671358,0.0029455395
549,0.003436815,0.003050128,0.0034959423,0.003245354,0.003612799,0.0032324332,0.003355658,0.0031065966,0.003038088,0.0037421088,0.0031623135,0.0035220045,0.0031933815,0.003027867,0.0030671358,0.0029455395
550,0.003436815,0.003050128,0.0034959423,0.003245354,0.003612799,0.0032324332,0.003355658,0.0031065966,0.003038088,0.0037421088,0.0031623135,0.0035220045,0.0031933815,0.003027867,0.0030671358,0.0029455395
551,0.003436815,0.003050128,0.0034959423,0.003245354,0.003612799,0.0032324332,0.003355658,0.0031065966,0.003038088,0.0037421088,0.0031623135,0.0035220045,0.0031933815,0.003027867,0.0030671358,0.0029455395
552,0.003436815,0.003050128,0.0034959423,0.003245354,0.003612799,0.0032324332,0.003355658,0.0031065966,0.003038088,0.0037421088,0.0031623135,0.0035220045,0.0031933815,0.003027867,0.0030671358,0.0029455395
553,0.003436815,0.003050128,0.0034959423,0.003245354,0.0036127993,0.003232433,0.003355658,0.0031065966,0.003038088,0.0037421088,0.0031623137,0.0035220045,0.0031933815,0.0030278668,0.0030671358,0.0029455395
554,0.003436815,0.003050128,0.0034959423,0.003245354,0.0036127993,0.003232433,0.003355658,0.0031065966,0.003038088,0.0037421088,0.0031623137,0.0035220045,0.0031933815,0.0030278668,0.0030671358,0.0029455395
555,0.0034368152,0.003050128,0.0034959423,0.003245354,0.0036127993,0.003232433,0.0033556581,0.0031065966,0.0030380883,0.0037421088,0.0031623137,0.0035220042,0.0031933815,0.0030278666,0.0030671358,0.0029455395
556,0.0034368152,0.003050128,0.0034959423,0.003245354,0.0036127993,0.003232433,0.0033556581,0.0031065966,0.0030380883,0.0037421088,0.0031623137,0.0035220042,0.0031933815,0.0030278666,0.0030671358,0.0029455395
557,0.0034368152,0.003050128,0.0034959423,0.003245354,0.0036127993,0.003232433,0.0033556581,0.0031065966,0.0030380883,0.0037421088,0.0031623137,0.0035220042,0.0031933815,0.0030278666,0.0030671358,0.0029455395
558,0.0034368152,0.003050128,0.0034959423,0.003245354,0.0036127993,0.003232433,0.0033556581,0.0031065966,0.0030380883,0.0037421088,0.0031623137,0.0035220042,0.0031933815,0.0030278666,0.0030671358,0.0029455395
559,0.0034368152,0.003050128,0.0034959423,0.003245354,0.0036127993,0.003232433,0.0033556581,0.0031065966,0.0030380883,0.0037421088,0.0031623137,0.0035220042,0.0031933815,0.0030278666,0.0030671358,0.0029455395
560,0.0034368152,0.0030501282,0.0034959423,0.003245354,0.0036127996,0.0032324328,0.0033556581,0.0031065966,0.0030380883,0.0037421088,0.003162314,0.0035220042,0.0031933817,0.0030278666,0.0030671358,0.0029455395
561,0.0034368152,0.0030501282,0.0034959423,0.003245354,0.0036127996,0.0032324328,0.0033556581,0.0031065966,0.0030380883,0.0037421088,0.003162314,0.0035220042,0.0031933817,0.0030278666,0.0030671358,0.0029455395
562,0.0034368152,0.0030501282,0.0034959423,0.003245354,0.0036127996,0.0032324328,0.0033556581,0.0031065966,0.0030380886,0.0037421088,0.003162314,0.003522004,0.0031933817,0.0030278664,0.0030671358,0.0029455395
563,0.0034368152,0.0030501285,0.0034959423,0.003245354,0.0036127998,0.0032324325,0.0033556584,0.0031065966,0.0030380886,0.0037421088,0.0031623142,0.003522004,0.0031933817,0.0030278664,0.0030671358,0.0029455395
564,0.0034368152,0.0030501285,0.0034959423,0.003245354,0.0036127998,0.0032324325,0.0033556584,0.0031065966,0.0030380886,0.0037421088,0.0031623142,0.003522004,0.0031933817,0.0030278664,0.0030671358,0.0029455395
565,0.0034368152,0.0030501285,0.0034959423,0.003245354,0.0036127998,0.0032324325,0.0033556584,0.0031065966,0.0030380886,0.0037421088,0.0031623142,0.003522004,0.0031933817,0.0030278664,0.0030671358,0.0029455395
566,0.0034368152,0.0030501285,0.0034959423,0.003245354,0.0036127998,0.0032324325,0.0033556584,0.0031065966,0.0030380886,0.0037421088,0.0031623142,0.003522004,0.0031933817,0.0030278664,0.0030671358,0.0029455395
567,0.0034368152,0.0030501285,0.0034959423,0.003245354,0.0036127998,0.0032324325,0.0033556584,0.0031065966,0.0030380888,0.003742109,0.0031623142,0.003522004,0.0031933817,0.0030278661,0.0030671358,0.0029455395
568,0.0034368152,0.0030501285,0.0034959423,0.003245354,0.0036127998,0.0032324325,0.0033556584,0.0031065966,0.0030380888,0.003742109,0.0031623142,0.003522004,0.0031933817,0.0030278661,0.0030671358,0.0029455395
569,0.0034368152,0.0030501285,0.0034959423,0.003245354,0.0036127998,0.0032324325,0.0033556584,0.0031065966,0.0030380888,0.003742109,0.0031623142,0.003522004,0.0031933817,0.0030278661,0.0030671358,0.0029455395
570,0.0034368152,0.0030501285,0.0034959423,0.003245354,0.0036127998,0.0032324325,0.0033556584,0.0031065966,0.0030380888,0.003742109,0.0031623142,0.003522004,0.0031933817,0.0030278661,0.0030671358,0.0029455395
571,0.0034368152,0.0030501287,0.0034959423,0.003245354,0.0036128,0.0032324323,0.0033556586,0.0031065966,0.0030380888,0.003742109,0.0031623144,0.0035220038,0.0031933817,0.0030278661,0.0030671358,0.0029455395
572,0.0034368152,0.0030501287,0.0034959423,0.003245354,0.0036128,0.0032324323,0.0033556586,0.0031065966,0.0030380888,0.003742109,0.0031623144,0.0035220038,0.0031933817,0.0030278661,0.0030671358,0.0029455395
573,0.0034368152,0.0030501287,0.0034959423,0.003245354,0.0036128,0.0032324323,0.0033556586,0.0031065966,0.0030380888,0.003742109,0.0031623144,0.0035220038,0.0031933817,0.0030278661,0.0030671358,0.0029455395
574,0.0034368152,0.0030501287,0.0034959423,0.003245354,0.0036128,0.0032324323,0.0033556586,0.0031065966,0.0030380888,0.003742109,0.0031623144,0.0035220038,0.0031933817,0.0030278661,0.0030671358,0.0029455395
575,0.0034368152,0.0030501287,0.0034959423,0.003245354,0.0036128,0.0032324323,0.0033556586,0.0031065966,0.0030380888,0.003742109,0.0031623144,0.0035220038,0.0031933817,0.0030278661,0.0030671358,0.0029455395
576,0.0034368152,0.0030501287,0.0034959423,0.003245354,0.0036128,0.0032324323,0.0033556586,0.0031065966,0.0030380888,0.003742109,0.0031623144,0.0035220038,0.0031933817,0.0030278661,0.0030671358,0.0029455395
577,0.0034368152,0.0030501287,0.0034959426,0.003245354,0.0036128,0.0032324323,0.0033556586,0.0031065966,0.0030380888,0.003742109,0.0031623146,0.0035220038,0.0031933817,0.003027866,0.0030671358,0.0029455395
578,0.0034368152,0.0030501287,0.0034959426,0.003245354,0.0036128,0.0032324323,0.0033556586,0.0031065966,0.0030380888,0.003742109,0.0031623146,0.0035220038,0.0031933817,0.003027866,0.0030671358,0.0029455395
579,0.0034368152,0.003050129,0.0034959426,0.003245354,0.0036128003,0.003232432,0.0033556586,0.0031065966,0.003038089,0.003742109,0.0031623146,0.0035220035,0.0031933817,0.0030278657,0.0030671358,0.0029455395
580,0.0034368155,0.003050129,0.0034959426,0.003245354,0.0036128003,0.003232432,0.0033556588,0.0031065966,0.003038089,0.003742109,0.0031623149,0.0035220035,0.0031933817,0.0030278657,0.0030671358,0.0029455395
581,0.0034368155,0.003050129,0.0034959426,0.003245354,0.0036128003,0.003232432,0.0033556588,0.0031065966,0.003038089,0.003742109,0.0031623149,0.0035220035,0.0031933817,0.0030278657,0.0030671358,0.0029455395
582,0.0034368155,0.003050129,0.0034959426,0.003245354,0.0036128003,0.003232432,0.0033556588,0.0031065966,0.003038089,0.003742109,0.0031623149,0.0035220035,0.0031933817,0.0030278657,0.0030671358,0.0029455395
583,0.0034368155,0.0030501292,0.0034959426,0.003245354,0.0036128005,0.0032324318,0.0033556588,0.0031065966,0.0030380893,0.003742109,0.0031623149,0.0035220035,0.0031933817,0.0030278654,0.0030671358,0.0029455395
584,0.0034368155,0.0030501292,0.0034959426,0.003245354,0.0036128005,0.0032324318,0.0033556588,0.0031065966,0.0030380893,0.003742109,0.0031623149,0.0035220035,0.0031933817,0.0030278654,0.0030671358,0.0029455395
585,0.0034368155,0.0030501292,0.0034959426,0.003245354,0.0036128005,0.0032324318,0.0033556588,0.0031065966,0.0030380893,0.003742109,0.0031623149,0.0035220035,0.0031933817,0.0030278654,0.0030671358,0.0029455395
586,0.0034368155,0.0030501292,0.0034959426,0.003245354,0.0036128005,0.0032324318,0.0033556588,0.0031065966,0.0030380893,0.003742109,0.0031623149,0.0035220035,0.0031933817,0.0030278654,0.0030671358,0.0029455395
587,0.0034368155,0.0030501292,0.0034959426,0.003245354,0.0036128005,0.0032324318,0.0033556588,0.0031065966,0.0030380893,0.003742109,0.0031623149,0.0035220035,0.0031933817,0.0030278654,0.0030671358,0.0029455395
588,0.0034368155,0.0030501292,0.0034959426,0.003245354,0.0036128005,0.0032324318,0.0033556588,0.0031065966,0.0030380893,0.003742109,0.0031623149,0.0035220035,0.0031933817,0.0030278654,0.0030671358,0.0029455395
589,0.0034368155,0.0030501292,0.0034959426,0.003245354,0.0036128005,0.0032324318,0.0033556588,0.0031065966,0.0030380893,0.003742109,0.0031623149,0.0035220035,0.0031933817,0.0030278654,0.0030671358,0.0029455395
590,0.0034368155,0.0030501292,0.0034959426,0.003245354,0.0036128005,0.0032324318,0.0033556588,0.0031065966,0.0030380893,0.003742109,0.0031623149,0.0035220035,0.0031933817,0.0030278654,0.0030671358,0.0029455395
591,0.0034368155,0.0030501292,0.0034959426,0.003245354,0.0036128005,0.0032324318,0.003355659,0.0031065966,0.0030380893,0.003742109,0.003162315,0.0035220033,0.0031933817,0.0030278654,0.0030671358,0.0029455395
592,0.0034368155,0.0030501292,0.0034959426,0.003245354,0.0036128005,0.0032324318,0.003355659,0.0031065966,0.0030380893,0.003742109,0.003162315,0.0035220033,0.0031933817,0.0030278654,0.0030671358,0.0029455395
593,0.0034368155,0.0030501292,0.0034959426,0.003245354,0.0036128005,0.0032324318,0.003355659,0.0031065966,0.0030380893,0.003742109,0.003162315,0.0035220033,0.0031933817,0.0030278654,0.0030671358,0.0029455395
594,0.0034368155,0.0030501292,0.0034959426,0.003245354,0.0036128005,0.0032324318,0.003355659,0.0031065966,0.0030380893,0.003742109,0.003162315,0.0035220033,0.0031933817,0.0030278654,0.0030671358,0.0029455395
595,0.0034368155,0.0030501292,0.0034959426,0.003245354,0.0036128005,0.0032324318,0.003355659,0.0031065966,0.0030380893,0.003742109,0.003162315,0.0035220033,0.0031933817,0.0030278654,0.0030671358,0.0029455395
596,0.0034368155,0.0030501292,0.0034959426,0.003245354,0.0036128005,0.0032324318,0.003355659,0.0031065966,0.0030380893,0.003742109,0.003162315,0.0035220033,0.0031933817,0.0030278654,0.0030671358,0.0029455395
597,0.0034368155,0.0030501292,0.0034959426,0.003245354,0.0036128007,0.0032324316,0.003355659,0.0031065966,0.0030380895,0.003742109,0.003162315,0.0035220033,0.0031933817,0.0030278652,0.0030671358,0.0029455395
598,0.0034368155,0.0030501292,0.0034959426,0.003245354,0.0036128007,0.0032324316,0.003355659,0.0031065966,0.0030380895,0.003742109,0.003162315,0.0035220033,0.0031933817,0.0030278652,0.0030671358,0.0029455395
599,0.0034368155,0.0030501294,0.0034959426,0.003245354,0.0036128007,0.0032324314,0.0033556593,0.0031065966,0.0030380895,0.0037421093,0.0031623153,0.003522003,0.0031933817,0.0030278652,0.0030671358,0.0029455393
600,0.0034368155,0.0030501294,0.0034959426,0.003245354,0.0036128007,0.0032324314,0.0033556593,0.0031065966,0.0030380895,0.0037421093,0.0031623153,0.003522003,0.0031933817,0.0030278652,0.0030671358,0.0029455393
601,0.0034368155,0.0030501294,0.0034959426,0.003245354,0.0036128007,0.0032324314,0.0033556593,0.0031065966,0.0030380895,0.0037421093,0.0031623153,0.003522003,0.0031933817,0.0030278652,0.0030671358,0.0029455393
602,0.0034368155,0.0030501294,0.0034959426,0.003245354,0.0036128007,0.0032324314,0.0033556593,0.0031065966,0.0030380895,0.0037421093,0.0031623153,0.003522003,0.0031933817,0.0030278652,0.0030671358,0.0029455393
603,0.0034368155,0.0030501294,0.0034959426,0.003245354,0.0036128007,0.0032324314,0.0033556593,0.0031065966,0.0030380895,0.0037421093,0.0031623153,0.003522003,0.0031933817,0.0030278652,0.0030671358,0.0029455393
604,0.0034368155,0.0030501294,0.0034959426,0.003245354,0.0036128007,0.0032324314,0.0033556593,0.0031065966,0.0030380895,0.0037421093,0.0031623153,0.003522003,0.0031933817,0.0030278652,0.0030671358,0.0029455393
605,0.0034368155,0.0030501294,0.0034959426,0.003245354,0.0036128007,0.0032324314,0.0033556593,0.0031065966,0.0030380895,0.0037421093,0.0031623153,0.003522003,0.0031933817,0.0030278652,0.0030671358,0.0029455393
606,0.0034368155,0.0030501294,0.0034959426,0.003245354,0.003612801,0.0032324314,0.0033556593,0.0031065966,0.0030380897,0.0037421093,0.0031623156,0.003522003,0.0031933817,0.003027865,0.0030671358,0.0029455393
607,0.0034368155,0.0030501294,0.0034959426,0.003245354,0.003612801,0.0032324314,0.0033556593,0.0031065966,0.0030380897,0.0037421093,0.0031623156,0.003522003,0.0031933817,0.003027865,0.0030671358,0.0029455393
608,0.0034368155,0.0030501294,0.0034959426,0.003245354,0.003612801,0.0032324314,0.0033556593,0.0031065966,0.0030380897,0.0037421093,0.0031623156,0.003522003,0.0031933817,0.003027865,0.0030671358,0.0029455393
609,0.0034368155,0.0030501294,0.0034959426,0.003245354,0.003612801,0.0032324314,0.0033556593,0.0031065966,0.0030380897,0.0037421093,0.0031623156,0.003522003,0.0031933817,0.003027865,0.0030671358,0.0029455393
610,0.0034368155,0.0030501294,0.0034959426,0.003245354,0.003612801,0.0032324314,0.0033556593,0.0031065966,0.0030380897,0.0037421093,0.0031623156,0.003522003,0.0031933817,0.003027865,0.0030671358,0.0029455393
611,0.0034368155,0.0030501296,0.0034959428,0.003245354,0.003612801,0.0032324311,0.0033556593,0.0031065966,0.0030380897,0.0037421093,0.0031623156,0.003522003,0.0031933817,0.0030278647,0.0030671358,0.0029455393
612,0.0034368155,0.0030501296,0.0034959428,0.003245354,0.003612801,0.0032324311,0.0033556593,0.0031065966,0.0030380897,0.0037421093,0.0031623156,0.003522003,0.0031933817,0.0030278647,0.0030671358,0.0029455393
613,0.0034368155,0.0030501296,0.0034959428,0.003245354,0.003612801,0.0032324311,0.0033556593,0.0031065966,0.0030380897,0.0037421093,0.0031623156,0.003522003,0.0031933817,0.0030278647,0.0030671358,0.0029455393
614,0.0034368155,0.0030501296,0.0034959428,0.003245354,0.003612801,0.0032324311,0.0033556593,0.0031065966,0.0030380897,0.0037421093,0.0031623156,0.003522003,0.0031933817,0.0030278647,0.0030671358,0.0029455393
615,0.0034368155,0.0030501296,0.0034959428,0.003245354,0.003612801,0.0032324311,0.0033556593,0.0031065966,0.0030380897,0.0037421093,0.0031623156,0.003522003,0.0031933817,0.0030278647,0.0030671358,0.0029455393
616,0.0034368155,0.0030501296,0.0034959428,0.003245354,0.003612801,0.0032324311,0.0033556593,0.0031065966,0.0030380897,0.0037421093,0.0031623156,0.003522003,0.0031933817,0.0030278647,0.0030671358,0.0029455393
617,0.0034368155,0.0030501296,0.0034959428,0.003245354,0.003612801,0.0032324311,0.0033556593,0.0031065966,0.0030380897,0.0037421093,0.0031623156,0.003522003,0.0031933817,0.0030278647,0.0030671358,0.0029455393
618,0.0034368155,0.0030501296,0.0034959428,0.003245354,0.0036128012,0.0032324311,0.0033556595,0.0031065966,0.00303809,0.0037421093,0.0031623158,0.0035220028,0.0031933817,0.0030278647,0.0030671358,0.0029455393
619,0.0034368155,0.0030501296,0.0034959428,0.003245354,0.0036128012,0.0032324311,0.0033556595,0.0031065966,0.00303809,0.0037421093,0.0031623158,0.0035220028,0.0031933817,0.0030278647,0.0030671358,0.0029455393
620,0.0034368155,0.0030501296,0.0034959428,0.003245354,0.0036128012,0.0032324311,0.0033556595,0.0031065966,0.00303809,0.0037421093,0.0031623158,0.0035220028,0.0031933817,0.0030278647,0.0030671358,0.0029455393
621,0.0034368157,0.0030501299,0.0034959428,0.003245354,0.0036128012,0.003232431,0.0033556595,0.0031065966,0.00303809,0.0037421093,0.0031623158,0.0035220028,0.0031933817,0.0030278645,0.0030671358,0.0029455393
622,0.0034368157,0.0030501299,0.0034959428,0.003245354,0.0036128012,0.003232431,0.0033556595,0.0031065966,0.00303809,0.0037421093,0.0031623158,0.0035220028,0.0031933817,0.0030278645,0.0030671358,0.0029455393
623,0.0034368157,0.0030501299,0.0034959428,0.003245354,0.0036128014,0.003232431,0.0033556598,0.0031065966,0.0030380902,0.0037421093,0.003162316,0.0035220026,0.0031933817,0.0030278645,0.0030671358,0.0029455393
624,0.0034368157,0.0030501299,0.0034959428,0.003245354,0.0036128014,0.003232431,0.0033556598,0.0031065966,0.0030380902,0.0037421093,0.003162316,0.0035220026,0.0031933817,0.0030278645,0.0030671358,0.0029455393
625,0.0034368157,0.0030501299,0.0034959428,0.003245354,0.0036128014,0.003232431,0.0033556598,0.0031065966,0.0030380902,0.0037421093,0.003162316,0.0035220026,0.0031933817,0.0030278645,0.0030671358,0.0029455393
626,0.0034368157,0.0030501299,0.0034959428,0.003245354,0.0036128014,0.003232431,0.0033556598,0.0031065966,0.0030380902,0.0037421093,0.003162316,0.0035220026,0.0031933817,0.0030278645,0.0030671358,0.0029455393
627,0.0034368157,0.00305013,0.0034959428,0.003245354,0.0036128014,0.0032324307,0.0033556598,0.0031065966,0.0030380902,0.0037421093,0.0031623163,0.0035220026,0.0031933817,0.0030278643,0.0030671358,0.0029455393
628,0.0034368157,0.00305013,0.0034959428,0.003245354,0.0036128014,0.0032324307,0.0033556598,0.0031065966,0.0030380902,0.0037421093,0.0031623163,0.0035220026,0.0031933817,0.0030278643,0.0030671358,0.0029455393
629,0.0034368157,0.00305013,0.0034959428,0.003245354,0.0036128014,0.0032324307,0.0033556598,0.0031065966,0.0030380902,0.0037421093,0.0031623163,0.0035220026,0.0031933817,0.0030278643,0.0030671358,0.0029455393
630,0.0034368157,0.00305013,0.0034959428,0.003245354,0.0036128014,0.0032324307,0.0033556598,0.0031065966,0.0030380902,0.0037421093,0.0031623163,0.0035220026,0.0031933817,0.0030278643,0.0030671358,0.0029455393
631,0.0034368157,0.00305013,0.0034959428,0.003245354,0.0036128014,0.0032324307,0.0033556598,0.0031065966,0.0030380902,0.0037421093,0.0031623163,0.0035220026,0.0031933817,0.0030278643,0.0030671358,0.0029455393
632,0.0034368157,0.00305013,0.0034959428,0.003245354,0.0036128014,0.0032324307,0.0033556598,0.0031065966,0.0030380902,0.0037421093,0.0031623163,0.0035220026,0.0031933817,0.0030278643,0.0030671358,0.0029455393
633,0.0034368157,0.00305013,0.0034959428,0.003245354,0.0036128014,0.0032324307,0.0033556598,0.0031065966,0.0030380902,0.0037421093,0.0031623163,0.0035220026,0.0031933817,0.0030278643,0.0030671358,0.0029455393
634,0.0034368157,0.0030501303,0.0034959428,0.003245354,0.0036128017,0.0032324304,0.00335566,0.0031065966,0.0030380904,0.0037421095,0.0031623165,0.0035220024,0.0031933817,0.003027864,0.0030671358,0.0029455393
635,0.0034368157,0.0030501303,0.0034959428,0.003245354,0.0036128017,0.0032324304,0.00335566,0.0031065966,0.0030380904,0.0037421095,0.0031623165,0.0035220024,0.0031933817,0.003027864,0.0030671358,0.0029455393
636,0.0034368157,0.0030501303,0.0034959428,0.003245354,0.0036128017,0.0032324304,0.00335566,0.0031065966,0.0030380904,0.0037421095,0.0031623165,0.0035220024,0.0031933817,0.003027864,0.0030671358,0.0029455393
637,0.0034368157,0.0030501303,0.0034959428,0.003245354,0.003612802,0.0032324302,0.0033556602,0.0031065966,0.0030380907,0.0037421095,0.0031623165,0.0035220024,0.0031933817,0.0030278638,0.0030671358,0.0029455393
638,0.0034368157,0.0030501303,0.0034959428,0.003245354,0.003612802,0.0032324302,0.0033556602,0.0031065966,0.0030380907,0.0037421095,0.0031623165,0.0035220024,0.0031933817,0.0030278638,0.0030671358,0.0029455393
639,0.0034368157,0.0030501303,0.0034959428,0.003245354,0.003612802,0.0032324302,0.0033556602,0.0031065966,0.0030380907,0.0037421095,0.0031623165,0.0035220024,0.0031933817,0.0030278638,0.0030671358,0.0029455393
640,0.0034368157,0.0030501303,0.0034959428,0.003245354,0.003612802,0.0032324302,0.0033556602,0.0031065966,0.0030380907,0.0037421095,0.0031623165,0.0035220024,0.0031933817,0.0030278638,0.0030671358,0.0029455393
641,0.0034368157,0.0030501303,0.0034959428,0.003245354,0.003612802,0.0032324302,0.0033556602,0.0031065966,0.0030380907,0.0037421095,0.0031623165,0.0035220024,0.0031933817,0.0030278638,0.0030671358,0.0029455393
642,0.0034368157,0.0030501306,0.003495943,0.003245354,0.0036128021,0.0032324302,0.0033556602,0.0031065966,0.0030380907,0.0037421095,0.0031623167,0.0035220021,0.0031933817,0.0030278636,0.0030671358,0.0029455393
643,0.0034368157,0.0030501306,0.003495943,0.003245354,0.0036128021,0.0032324302,0.0033556602,0.0031065966,0.0030380907,0.0037421095,0.0031623167,0.0035220021,0.0031933817,0.0030278636,0.0030671358,0.0029455393
644,0.0034368157,0.0030501306,0.003495943,0.003245354,0.0036128021,0.0032324302,0.0033556602,0.0031065966,0.0030380907,0.0037421095,0.0031623167,0.0035220021,0.0031933817,0.0030278636,0.0030671358,0.0029455393
645,0.0034368157,0.0030501306,0.003495943,0.003245354,0.0036128021,0.0032324302,0.0033556602,0.0031065966,0.0030380907,0.0037421095,0.0031623167,0.0035220021,0.0031933817,0.0030278636,0.0030671358,0.0029455393
646,0.003436816,0.0030501308,0.003495943,0.003245354,0.0036128024,0.00323243,0.0033556605,0.0031065969,0.003038091,0.0037421095,0.003162317,0.003522002,0.0031933817,0.0030278633,0.0030671358,0.0029455393
647,0.003436816,0.0030501308,0.003495943,0.003245354,0.0036128024,0.00323243,0.0033556605,0.0031065969,0.003038091,0.0037421095,0.003162317,0.003522002,0.0031933817,0.0030278633,0.0030671358,0.0029455393
648,0.003436816,0.0030501308,0.003495943,0.003245354,0.0036128024,0.0032324297,0.0033556605,0.0031065969,0.0030380911,0.0037421095,0.0031623172,0.003522002,0.0031933817,0.0030278633,0.0030671358,0.0029455393
649,0.003436816,0.0030501308,0.003495943,0.003245354,0.0036128024,0.0032324297,0.0033556605,0.0031065969,0.0030380911,0.0037421095,0.0031623172,0.003522002,0.0031933817,0.0030278633,0.0030671358,0.0029455393
650,0.003436816,0.0030501308,0.003495943,0.003245354,0.0036128024,0.0032324297,0.0033556605,0.0031065969,0.0030380911,0.0037421095,0.0031623172,0.003522002,0.0031933817,0.0030278633,0.0030671358,0.0029455393
651,0.003436816,0.0030501308,0.003495943,0.003245354,0.0036128024,0.0032324297,0.0033556605,0.0031065969,0.0030380911,0.0037421095,0.0031623172,0.003522002,0.0031933817,0.0030278633,0.0030671358,0.0029455393
652,0.003436816,0.0030501308,0.003495943,0.003245354,0.0036128024,0.0032324297,0.0033556605,0.0031065969,0.0030380911,0.0037421095,0.0031623172,0.003522002,0.0031933817,0.0030278633,0.0030671358,0.0029455393
653,0.003436816,0.003050131,0.003495943,0.003245354,0.0036128026,0.0032324295,0.0033556607,0.0031065969,0.0030380911,0.0037421095,0.0031623174,0.0035220017,0.0031933817,0.003027863,0.0030671358,0.0029455393
654,0.003436816,0.003050131,0.003495943,0.003245354,0.0036128026,0.0032324295,0.0033556607,0.0031065969,0.0030380911,0.0037421095,0.0031623174,0.0035220017,0.0031933817,0.003027863,0.0030671358,0.0029455393
655,0.003436816,0.003050131,0.003495943,0.003245354,0.0036128026,0.0032324295,0.0033556607,0.0031065969,0.0030380911,0.0037421095,0.0031623174,0.0035220017,0.0031933817,0.003027863,0.0030671358,0.0029455393
656,0.003436816,0.003050131,0.003495943,0.003245354,0.0036128026,0.0032324295,0.0033556607,0.0031065969,0.0030380911,0.0037421095,0.0031623174,0.0035220017,0.0031933817,0.003027863,0.0030671358,0.0029455393
657,0.003436816,0.003050131,0.003495943,0.003245354,0.0036128026,0.0032324295,0.0033556607,0.0031065969,0.0030380911,0.0037421095,0.0031623174,0.0035220017,0.0031933817,0.003027863,0.0030671358,0.0029455393
658,0.003436816,0.003050131,0.003495943,0.003245354,0.0036128026,0.0032324295,0.0033556607,0.0031065969,0.0030380911,0.0037421095,0.0031623174,0.0035220017,0.0031933817,0.003027863,0.0030671358,0.0029455393
659,0.003436816,0.003050131,0.003495943,0.003245354,0.0036128026,0.0032324295,0.0033556607,0.0031065969,0.0030380914,0.0037421095,0.0031623174,0.0035220017,0.003193382,0.0030278629,0.0030671358,0.0029455393
660,0.003436816,0.003050131,0.003495943,0.003245354,0.0036128026,0.0032324295,0.0033556607,0.0031065969,0.0030380914,0.0037421095,0.0031623174,0.0035220017,0.003193382,0.0030278629,0.0030671358,0.0029455393
661,0.003436816,0.003050131,0.003495943,0.003245354,0.0036128026,0.0032324295,0.0033556607,0.0031065969,0.0030380914,0.0037421095,0.0031623174,0.0035220017,0.003193382,0.0030278629,0.0030671358,0.0029455393
662,0.003436816,0.003050131,0.003495943,0.003245354,0.0036128026,0.0032324295,0.0033556607,0.0031065969,0.0030380914,0.0037421095,0.0031623174,0.0035220017,0.003193382,0.0030278629,0.0030671358,0.0029455393
663,0.003436816,0.003050131,0.003495943,0.003245354,0.0036128026,0.0032324295,0.0033556607,0.0031065969,0.0030380914,0.0037421095,0.0031623174,0.0035220017,0.003193382,0.0030278629,0.0030671358,0.0029455393
664,0.003436816,0.0030501313,0.003495943,0.003245354,0.0036128028,0.0032324293,0.003355661,0.0031065969,0.0030380914,0.0037421098,0.0031623177,0.0035220014,0.003193382,0.0030278629,0.0030671358,0.0029455393
665,0.003436816,0.0030501313,0.003495943,0.003245354,0.0036128028,0.0032324293,0.003355661,0.0031065969,0.0030380914,0.0037421098,0.0031623177,0.0035220014,0.003193382,0.0030278629,0.0030671358,0.0029455393
666,0.003436816,0.0030501313,0.003495943,0.003245354,0.0036128028,0.0032324293,0.003355661,0.0031065969,0.0030380914,0.0037421098,0.0031623177,0.0035220014,0.003193382,0.0030278629,0.0030671358,0.0029455393
667,0.003436816,0.0030501313,0.003495943,0.003245354,0.0036128028,0.0032324293,0.003355661,0.0031065969,0.0030380914,0.0037421098,0.0031623177,0.0035220014,0.003193382,0.0030278629,0.0030671358,0.0029455393
668,0.003436816,0.0030501313,0.003495943,0.003245354,0.0036128028,0.0032324293,0.003355661,0.0031065969,0.0030380914,0.0037421098,0.0031623177,0.0035220014,0.003193382,0.0030278629,0.0030671358,0.0029455393
669,0.003436816,0.0030501313,0.003495943,0.003245354,0.0036128028,0.0032324293,0.003355661,0.0031065969,0.0030380914,0.0037421098,0.0031623177,0.0035220014,0.003193382,0.0030278629,0.0030671358,0.0029455393
670,0.0034368162,0.0030501313,0.0034959433,0.003245354,0.0036128028,0.0032324293,0.003355661,0.0031065969,0.0030380916,0.0037421098,0.003162318,0.0035220014,0.003193382,0.0030278626,0.0030671358,0.0029455393
671,0.0034368162,0.0030501313,0.0034959433,0.003245354,0.0036128028,0.0032324293,0.003355661,0.0031065969,0.0030380916,0.0037421098,0.003162318,0.0035220014,0.003193382,0.0030278626,0.0030671358,0.0029455393
672,0.0034368162,0.0030501313,0.0034959433,0.003245354,0.0036128028,0.0032324293,0.003355661,0.0031065969,0.0030380916,0.0037421098,0.003162318,0.0035220014,0.003193382,0.0030278626,0.0030671358,0.0029455393
673,0.0034368162,0.0030501313,0.0034959433,0.003245354,0.0036128028,0.0032324293,0.003355661,0.0031065969,0.0030380916,0.0037421098,0.003162318,0.0035220014,0.003193382,0.0030278626,0.0030671358,0.0029455393
674,0.0034368162,0.0030501313,0.0034959433,0.003245354,0.0036128028,0.0032324293,0.003355661,0.0031065969,0.0030380916,0.0037421098,0.003162318,0.0035220014,0.003193382,0.0030278626,0.0030671358,0.0029455393
675,0.0034368162,0.0030501313,0.0034959433,0.003245354,0.0036128028,0.0032324293,0.003355661,0.0031065969,0.0030380916,0.0037421098,0.003162318,0.0035220014,0.003193382,0.0030278626,0.0030671358,0.0029455393
676,0.0034368162,0.0030501315,0.0034959433,0.003245354,0.003612803,0.003232429,0.0033556612,0.0031065969,0.0030380916,0.0037421098,0.003162318,0.0035220014,0.003193382,0.0030278624,0.0030671358,0.0029455393
677,0.0034368162,0.0030501315,0.0034959433,0.003245354,0.003612803,0.003232429,0.0033556612,0.0031065969,0.0030380916,0.0037421098,0.003162318,0.0035220014,0.003193382,0.0030278624,0.0030671358,0.0029455393
678,0.0034368162,0.0030501315,0.0034959433,0.003245354,0.003612803,0.003232429,0.0033556612,0.0031065969,0.0030380916,0.0037421098,0.003162318,0.0035220014,0.003193382,0.0030278624,0.0030671358,0.0029455393
679,0.0034368162,0.0030501315,0.0034959433,0.003245354,0.003612803,0.003232429,0.0033556612,0.0031065969,0.0030380916,0.0037421098,0.003162318,0.0035220014,0.003193382,0.0030278624,0.0030671358,0.0029455393
680,0.0034368162,0.0030501315,0.0034959433,0.003245354,0.003612803,0.003232429,0.0033556612,0.0031065969,0.0030380916,0.0037421098,0.003162318,0.0035220014,0.003193382,0.0030278624,0.0030671358,0.0029455393
681,0.0034368162,0.0030501315,0.0034959433,0.003245354,0.003612803,0.003232429,0.0033556612,0.0031065969,0.0030380916,0.0037421098,0.003162318,0.0035220014,0.003193382,0.0030278624,0.0030671358,0.0029455393
682,0.0034368162,0.0030501315,0.0034959433,0.003245354,0.0036128033,0.0032324288,0.0033556612,0.0031065969,0.0030380918,0.0037421098,0.0031623181,0.0035220012,0.003193382,0.0030278624,0.0030671358,0.0029455393
683,0.0034368162,0.0030501315,0.0034959433,0.003245354,0.0036128033,0.0032324288,0.0033556612,0.0031065969,0.0030380918,0.0037421098,0.0031623181,0.0035220012,0.003193382,0.0030278624,0.0030671358,0.0029455393
684,0.0034368162,0.0030501315,0.0034959433,0.003245354,0.0036128033,0.0032324288,0.0033556612,0.0031065969,0.0030380918,0.0037421098,0.0031623181,0.0035220012,0.003193382,0.0030278624,0.0030671358,0.0029455393
685,0.0034368162,0.0030501315,0.0034959433,0.003245354,0.0036128033,0.0032324288,0.0033556612,0.0031065969,0.0030380918,0.0037421098,0.0031623181,0.0035220012,0.003193382,0.0030278624,0.0030671358,0.0029455393
686,0.0034368162,0.0030501315,0.0034959433,0.003245354,0.0036128033,0.0032324288,0.0033556612,0.0031065969,0.0030380918,0.0037421098,0.0031623181,0.0035220012,0.003193382,0.0030278624,0.0030671358,0.0029455393
687,0.0034368162,0.0030501315,0.0034959433,0.003245354,0.0036128033,0.0032324288,0.0033556612,0.0031065969,0.0030380918,0.0037421098,0.0031623181,0.0035220012,0.003193382,0.0030278624,0.0030671358,0.0029455393
688,0.0034368162,0.0030501317,0.0034959433,0.003245354,0.0036128033,0.0032324288,0.0033556614,0.0031065969,0.0030380918,0.0037421098,0.0031623184,0.0035220012,0.003193382,0.0030278622,0.0030671358,0.0029455393
689,0.0034368162,0.0030501317,0.0034959433,0.003245354,0.0036128033,0.0032324288,0.0033556614,0.0031065969,0.0030380918,0.0037421098,0.0031623184,0.0035220012,0.003193382,0.0030278622,0.0030671358,0.0029455393
690,0.0034368162,0.0030501317,0.0034959433,0.003245354,0.0036128033,0.0032324288,0.0033556614,0.0031065969,0.0030380918,0.0037421098,0.0031623184,0.0035220012,0.003193382,0.0030278622,0.0030671358,0.0029455393
691,0.0034368162,0.0030501317,0.0034959433,0.003245354,0.0036128035,0.0032324286,0.0033556614,0.0031065969,0.003038092,0.0037421098,0.0031623184,0.003522001,0.003193382,0.003027862,0.0030671358,0.0029455393
692,0.0034368162,0.0030501317,0.0034959433,0.003245354,0.0036128035,0.0032324286,0.0033556614,0.0031065969,0.003038092,0.0037421098,0.0031623184,0.003522001,0.003193382,0.003027862,0.0030671358,0.0029455393
693,0.0034368162,0.0030501317,0.0034959433,0.003245354,0.0036128035,0.0032324286,0.0033556614,0.0031065969,0.003038092,0.0037421098,0.0031623184,0.003522001,0.003193382,0.003027862,0.0030671358,0.0029455393
694,0.0034368162,0.0030501317,0.0034959433,0.003245354,0.0036128035,0.0032324286,0.0033556614,0.0031065969,0.003038092,0.0037421098,0.0031623184,0.003522001,0.003193382,0.003027862,0.0030671358,0.0029455393
695,0.0034368162,0.0030501317,0.0034959433,0.003245354,0.0036128035,0.0032324286,0.0033556614,0.0031065969,0.003038092,0.0037421098,0.0031623184,0.003522001,0.003193382,0.003027862,0.0030671358,0.0029455393
696,0.0034368162,0.003050132,0.0034959433,0.003245354,0.0036128035,0.0032324283,0.0033556616,0.0031065969,0.003038092,0.0037421098,0.0031623186,0.003522001,0.003193382,0.003027862,0.0030671358,0.0029455393
697,0.0034368162,0.003050132,0.0034959433,0.003245354,0.0036128035,0.0032324283,0.0033556616,0.0031065969,0.003038092,0.0037421098,0.0031623186,0.003522001,0.003193382,0.003027862,0.0030671358,0.0029455393
698,0.0034368162,0.003050132,0.0034959433,0.003245354,0.0036128035,0.0032324283,0.0033556616,0.0031065969,0.003038092,0.0037421098,0.0031623186,0.003522001,0.003193382,0.003027862,0.0030671358,0.0029455393
699,0.0034368162,0.003050132,0.0034959433,0.003245354,0.0036128035,0.0032324283,0.0033556616,0.0031065969,0.003038092,0.0037421098,0.0031623186,0.003522001,0.003193382,0.003027862,0.0030671358,0.0029455393
700,0.0034368162,0.003050132,0.0034959433,0.003245354,0.0036128035,0.0032324283,0.0033556616,0.0031065969,0.003038092,0.0037421098,0.0031623186,0.003522001,0.003193382,0.003027862,0.0030671358,0.0029455393
701,0.0034368162,0.0030501322,0.0034959433,0.003245354,0.0036128038,0.0032324283,0.0033556616,0.0031065969,0.0030380923,0.0037421098,0.0031623188,0.0035220007,0.003193382,0.0030278617,0.0030671358,0.0029455393
702,0.0034368162,0.0030501322,0.0034959433,0.003245354,0.0036128038,0.0032324283,0.0033556616,0.0031065969,0.0030380923,0.0037421098,0.0031623188,0.0035220007,0.003193382,0.0030278617,0.0030671358,0.0029455393
703,0.0034368162,0.0030501322,0.0034959433,0.003245354,0.0036128038,0.0032324283,0.0033556616,0.0031065969,0.0030380923,0.0037421098,0.0031623188,0.0035220007,0.003193382,0.0030278617,0.0030671358,0.0029455393
704,0.0034368162,0.0030501322,0.0034959433,0.003245354,0.0036128038,0.0032324283,0.0033556616,0.0031065969,0.0030380923,0.0037421098,0.0031623188,0.0035220007,0.003193382,0.0030278617,0.0030671358,0.0029455393
705,0.0034368162,0.0030501322,0.0034959433,0.003245354,0.0036128038,0.0032324283,0.0033556616,0.0031065969,0.0030380923,0.0037421098,0.0031623188,0.0035220007,0.003193382,0.0030278617,0.0030671358,0.0029455393
706,0.0034368162,0.0030501322,0.0034959433,0.003245354,0.0036128038,0.0032324283,0.0033556616,0.0031065969,0.0030380923,0.0037421098,0.0031623188,0.0035220007,0.003193382,0.0030278617,0.0030671358,0.0029455393
707,0.0034368164,0.0030501322,0.0034959435,0.003245354,0.0036128038,0.003232428,0.0033556619,0.0031065969,0.0030380925,0.00374211,0.0031623188,0.0035220007,0.003193382,0.0030278615,0.0030671358,0.0029455393
708,0.0034368164,0.0030501322,0.0034959435,0.003245354,0.0036128038,0.003232428,0.0033556619,0.0031065969,0.0030380925,0.00374211,0.0031623188,0.0035220007,0.003193382,0.0030278615,0.0030671358,0.0029455393
709,0.0034368164,0.0030501322,0.0034959435,0.003245354,0.0036128038,0.003232428,0.0033556619,0.0031065969,0.0030380925,0.00374211,0.0031623188,0.0035220007,0.003193382,0.0030278615,0.0030671358,0.0029455393
710,0.0034368164,0.0030501322,0.0034959435,0.003245354,0.0036128038,0.003232428,0.0033556619,0.0031065969,0.0030380925,0.00374211,0.0031623188,0.0035220007,0.003193382,0.0030278615,0.0030671358,0.0029455393
711,0.0034368164,0.0030501322,0.0034959435,0.003245354,0.0036128038,0.003232428,0.0033556619,0.0031065969,0.0030380925,0.00374211,0.0031623188,0.0035220007,0.003193382,0.0030278615,0.0030671358,0.0029455393
712,0.0034368164,0.0030501324,0.0034959435,0.003245354,0.003612804,0.003232428,0.0033556619,0.0031065969,0.0030380925,0.00374211,0.003162319,0.0035220005,0.003193382,0.0030278615,0.0030671358,0.0029455393
713,0.0034368164,0.0030501324,0.0034959435,0.003245354,0.003612804,0.003232428,0.0033556619,0.0031065969,0.0030380925,0.00374211,0.003162319,0.0035220005,0.003193382,0.0030278615,0.0030671358,0.0029455393
714,0.0034368164,0.0030501324,0.0034959435,0.003245354,0.003612804,0.003232428,0.0033556619,0.0031065969,0.0030380925,0.00374211,0.003162319,0.0035220005,0.003193382,0.0030278615,0.0030671358,0.0029455393
715,0.0034368164,0.0030501324,0.0034959435,0.003245354,0.003612804,0.003232428,0.0033556619,0.0031065969,0.0030380925,0.00374211,0.003162319,0.0035220005,0.003193382,0.0030278615,0.0030671358,0.0029455393
716,0.0034368164,0.0030501324,0.0034959435,0.003245354,0.003612804,0.003232428,0.0033556619,0.0031065969,0.0030380925,0.00374211,0.003162319,0.0035220005,0.003193382,0.0030278615,0.0030671358,0.0029455393
717,0.0034368164,0.0030501324,0.0034959435,0.003245354,0.0036128042,0.0032324279,0.003355662,0.0031065969,0.0030380927,0.00374211,0.0031623193,0.0035220005,0.003193382,0.0030278612,0.0030671358,0.0029455393
718,0.0034368164,0.0030501324,0.0034959435,0.003245354,0.0036128042,0.0032324279,0.003355662,0.0031065969,0.0030380927,0.00374211,0.0031623193,0.0035220005,0.003193382,0.0030278612,0.0030671358,0.0029455393
719,0.0034368164,0.0030501327,0.0034959435,0.0032453542,0.0036128042,0.0032324276,0.003355662,0.0031065969,0.0030380927,0.00374211,0.0031623193,0.0035220003,0.003193382,0.003027861,0.0030671358,0.002945539
720,0.0034368164,0.0030501327,0.0034959435,0.0032453542,0.0036128042,0.0032324276,0.003355662,0.0031065969,0.0030380927,0.00374211,0.0031623193,0.0035220003,0.003193382,0.003027861,0.0030671358,0.002945539
721,0.0034368164,0.0030501327,0.0034959435,0.0032453542,0.0036128042,0.0032324276,0.003355662,0.0031065969,0.0030380927,0.00374211,0.0031623193,0.0035220003,0.003193382,0.003027861,0.0030671358,0.002945539
722,0.0034368164,0.0030501327,0.0034959435,0.0032453542,0.0036128045,0.0032324276,0.0033556623,0.0031065969,0.003038093,0.00374211,0.0031623195,0.0035220003,0.003193382,0.003027861,0.0030671358,0.002945539
723,0.0034368164,0.0030501327,0.0034959435,0.0032453542,0.0036128045,0.0032324276,0.0033556623,0.0031065969,0.003038093,0.00374211,0.0031623195,0.0035220003,0.003193382,0.003027861,0.0030671358,0.002945539
724,0.0034368164,0.0030501327,0.0034959435,0.0032453542,0.0036128045,0.0032324276,0.0033556623,0.0031065969,0.003038093,0.00374211,0.0031623195,0.0035220003,0.003193382,0.003027861,0.0030671358,0.002945539
725,0.0034368164,0.0030501327,0.0034959435,0.0032453542,0.0036128045,0.0032324276,0.0033556623,0.0031065969,0.003038093,0.00374211,0.0031623195,0.0035220003,0.003193382,0.003027861,0.0030671358,0.002945539
726,0.0034368164,0.003050133,0.0034959435,0.0032453542,0.0036128045,0.0032324274,0.0033556623,0.0031065969,0.003038093,0.00374211,0.0031623198,0.003522,0.003193382,0.0030278608,0.0030671358,0.0029455393
727,0.0034368164,0.003050133,0.0034959435,0.0032453542,0.0036128045,0.0032324274,0.0033556623,0.0031065969,0.003038093,0.00374211,0.0031623198,0.003522,0.003193382,0.0030278608,0.0030671358,0.0029455393
728,0.0034368164,0.003050133,0.0034959435,0.0032453542,0.0036128045,0.0032324274,0.0033556623,0.0031065969,0.003038093,0.00374211,0.0031623198,0.003522,0.003193382,0.0030278608,0.0030671358,0.0029455393
729,0.0034368164,0.003050133,0.0034959435,0.0032453542,0.0036128045,0.0032324274,0.0033556623,0.0031065969,0.003038093,0.00374211,0.0031623198,0.003522,0.003193382,0.0030278608,0.0030671358,0.0029455393
730,0.0034368166,0.003050133,0.0034959437,0.0032453542,0.0036128047,0.0032324272,0.0033556626,0.0031065969,0.0030380932,0.00374211,0.0031623198,0.003522,0.003193382,0.0030278605,0.0030671358,0.0029455393
731,0.0034368166,0.003050133,0.0034959437,0.0032453542,0.0036128047,0.0032324272,0.0033556626,0.0031065969,0.0030380932,0.00374211,0.0031623198,0.003522,0.003193382,0.0030278605,0.0030671358,0.0029455393
732,0.0034368166,0.003050133,0.0034959437,0.0032453542,0.0036128047,0.0032324272,0.0033556626,0.0031065969,0.0030380932,0.00374211,0.0031623198,0.003522,0.003193382,0.0030278605,0.0030671358,0.0029455393
733,0.0034368166,0.003050133,0.0034959437,0.0032453542,0.0036128047,0.0032324272,0.0033556626,0.0031065969,0.0030380932,0.00374211,0.0031623198,0.003522,0.003193382,0.0030278605,0.0030671358,0.0029455393
734,0.0034368166,0.003050133,0.0034959437,0.0032453542,0.0036128047,0.0032324272,0.0033556626,0.0031065969,0.0030380932,0.00374211,0.0031623198,0.003522,0.003193382,0.0030278605,0.0030671358,0.0029455393
735,0.0034368166,0.003050133,0.0034959437,0.0032453542,0.0036128047,0.0032324272,0.0033556626,0.0031065969,0.0030380932,0.00374211,0.0031623198,0.003522,0.003193382,0.0030278605,0.0030671358,0.0029455393
736,0.0034368166,0.003050133,0.0034959437,0.0032453542,0.0036128047,0.0032324272,0.0033556626,0.0031065969,0.0030380932,0.00374211,0.0031623198,0.003522,0.003193382,0.0030278605,0.0030671358,0.0029455393
737,0.0034368166,0.003050133,0.0034959437,0.0032453542,0.0036128047,0.0032324272,0.0033556626,0.0031065969,0.0030380932,0.00374211,0.0031623198,0.003522,0.003193382,0.0030278605,0.0030671358,0.0029455393
738,0.0034368166,0.003050133,0.0034959437,0.0032453542,0.0036128047,0.0032324272,0.0033556626,0.0031065969,0.0030380932,0.00374211,0.0031623198,0.003522,0.003193382,0.0030278605,0.0030671358,0.0029455393
739,0.0034368166,0.0030501331,0.0034959437,0.0032453542,0.003612805,0.0032324272,0.0033556626,0.0031065969,0.0030380932,0.0037421102,0.00316232,0.0035219998,0.003193382,0.0030278603,0.0030671358,0.0029455393
740,0.0034368166,0.0030501331,0.0034959437,0.0032453542,0.003612805,0.0032324272,0.0033556626,0.0031065969,0.0030380932,0.0037421102,0.00316232,0.0035219998,0.003193382,0.0030278603,0.0030671358,0.0029455393
741,0.0034368166,0.0030501331,0.0034959437,0.0032453542,0.003612805,0.0032324272,0.0033556626,0.0031065969,0.0030380932,0.0037421102,0.00316232,0.0035219998,0.003193382,0.0030278603,0.0030671358,0.0029455393
742,0.0034368166,0.0030501331,0.0034959437,0.0032453542,0.003612805,0.0032324272,0.0033556626,0.0031065969,0.0030380932,0.0037421102,0.00316232,0.0035219998,0.003193382,0.0030278603,0.0030671358,0.0029455393
743,0.0034368166,0.0030501331,0.0034959437,0.0032453542,0.003612805,0.003232427,0.0033556628,0.0031065969,0.0030380934,0.0037421102,0.0031623202,0.0035219998,0.003193382,0.0030278603,0.0030671358,0.0029455393
744,0.0034368166,0.0030501331,0.0034959437,0.0032453542,0.003612805,0.003232427,0.0033556628,0.0031065969,0.0030380934,0.0037421102,0.0031623202,0.0035219998,0.003193382,0.0030278603,0.0030671358,0.0029455393
745,0.0034368166,0.0030501331,0.0034959437,0.0032453542,0.003612805,0.003232427,0.0033556628,0.0031065969,0.0030380934,0.0037421102,0.0031623202,0.0035219998,0.003193382,0.0030278603,0.0030671358,0.0029455393
746,0.0034368166,0.0030501334,0.0034959437,0.0032453542,0.0036128052,0.0032324267,0.0033556628,0.0031065969,0.0030380937,0.0037421102,0.0031623202,0.0035219996,0.003193382,0.00302786,0.0030671358,0.0029455393
747,0.0034368166,0.0030501334,0.0034959437,0.0032453542,0.0036128052,0.0032324267,0.0033556628,0.0031065969,0.0030380937,0.0037421102,0.0031623202,0.0035219996,0.003193382,0.00302786,0.0030671358,0.0029455393
748,0.0034368166,0.0030501334,0.0034959437,0.0032453542,0.0036128052,0.0032324267,0.0033556628,0.0031065969,0.0030380937,0.0037421102,0.0031623202,0.0035219996,0.003193382,0.00302786,0.0030671358,0.0029455393
749,0.0034368166,0.0030501336,0.0034959437,0.0032453542,0.0036128052,0.0032324267,0.003355663,0.0031065969,0.0030380937,0.0037421102,0.0031623205,0.0035219996,0.003193382,0.0030278598,0.0030671358,0.0029455393
750,0.0034368166,0.0030501336,0.0034959437,0.0032453542,0.0036128052,0.0032324267,0.003355663,0.0031065969,0.0030380937,0.0037421102,0.0031623205,0.0035219996,0.003193382,0.0030278598,0.0030671358,0.0029455393
751,0.0034368166,0.0030501336,0.0034959437,0.0032453542,0.0036128052,0.0032324267,0.003355663,0.0031065969,0.0030380937,0.0037421102,0.0031623205,0.0035219996,0.003193382,0.0030278598,0.0030671358,0.0029455393
752,0.0034368166,0.0030501336,0.0034959437,0.0032453542,0.0036128052,0.0032324267,0.003355663,0.0031065969,0.0030380937,0.0037421102,0.0031623205,0.0035219996,0.003193382,0.0030278598,0.0030671358,0.0029455393
753,0.0034368166,0.0030501336,0.0034959437,0.0032453542,0.0036128052,0.0032324267,0.003355663,0.0031065969,0.0030380937,0.0037421102,0.0031623205,0.0035219996,0.003193382,0.0030278598,0.0030671358,0.0029455393
754,0.0034368166,0.0030501336,0.0034959437,0.0032453542,0.0036128052,0.0032324267,0.003355663,0.0031065969,0.0030380937,0.0037421102,0.0031623205,0.0035219996,0.003193382,0.0030278598,0.0030671358,0.0029455393
755,0.0034368166,0.0030501336,0.0034959437,0.0032453542,0.0036128054,0.0032324265,0.003355663,0.0031065969,0.003038094,0.0037421102,0.0031623207,0.0035219993,0.003193382,0.0030278598,0.0030671358,0.0029455393
756,0.0034368166,0.0030501336,0.0034959437,0.0032453542,0.0036128054,0.0032324265,0.003355663,0.0031065969,0.003038094,0.0037421102,0.0031623207,0.0035219993,0.003193382,0.0030278598,0.0030671358,0.0029455393
757,0.0034368166,0.0030501336,0.0034959437,0.0032453542,0.0036128054,0.0032324265,0.003355663,0.0031065969,0.003038094,0.0037421102,0.0031623207,0.0035219993,0.003193382,0.0030278598,0.0030671358,0.0029455393
758,0.0034368166,0.0030501336,0.0034959437,0.0032453542,0.0036128054,0.0032324265,0.003355663,0.0031065969,0.003038094,0.0037421102,0.0031623207,0.0035219993,0.003193382,0.0030278598,0.0030671358,0.0029455393
759,0.0034368166,0.0030501336,0.0034959437,0.0032453542,0.0036128054,0.0032324265,0.003355663,0.0031065969,0.003038094,0.0037421102,0.0031623207,0.0035219993,0.003193382,0.0030278598,0.0030671358,0.0029455393
760,0.0034368169,0.0030501338,0.0034959437,0.0032453542,0.0036128056,0.0032324262,0.0033556633,0.0031065969,0.003038094,0.0037421102,0.003162321,0.0035219993,0.003193382,0.0030278596,0.0030671358,0.0029455393
761,0.0034368169,0.0030501338,0.0034959437,0.0032453542,0.0036128056,0.0032324262,0.0033556633,0.0031065969,0.003038094,0.0037421102,0.003162321,0.0035219993,0.003193382,0.0030278596,0.0030671358,0.0029455393
762,0.0034368169,0.0030501338,0.0034959437,0.0032453542,0.0036128056,0.0032324262,0.0033556633,0.0031065969,0.003038094,0.0037421102,0.003162321,0.0035219993,0.003193382,0.0030278596,0.0030671358,0.0029455393
763,0.0034368169,0.0030501338,0.0034959437,0.0032453542,0.0036128056,0.0032324262,0.0033556633,0.0031065969,0.003038094,0.0037421102,0.003162321,0.0035219993,0.003193382,0.0030278596,0.0030671358,0.0029455393
764,0.0034368169,0.0030501338,0.003495944,0.0032453542,0.0036128056,0.0032324262,0.0033556633,0.0031065969,0.0030380941,0.0037421102,0.003162321,0.003521999,0.003193382,0.0030278594,0.0030671358,0.0029455393
765,0.0034368169,0.0030501338,0.003495944,0.0032453542,0.0036128056,0.0032324262,0.0033556633,0.0031065969,0.0030380941,0.0037421102,0.003162321,0.003521999,0.003193382,0.0030278594,0.0030671358,0.0029455393
766,0.0034368169,0.0030501338,0.003495944,0.0032453542,0.0036128056,0.0032324262,0.0033556633,0.0031065969,0.0030380941,0.0037421102,0.003162321,0.003521999,0.003193382,0.0030278594,0.0030671358,0.0029455393
767,0.0034368169,0.003050134,0.003495944,0.0032453542,0.0036128059,0.003232426,0.0033556635,0.0031065969,0.0030380941,0.0037421104,0.0031623212,0.003521999,0.0031933822,0.0030278594,0.0030671358,0.0029455393
768,0.0034368169,0.003050134,0.003495944,0.0032453542,0.0036128059,0.003232426,0.0033556635,0.0031065969,0.0030380941,0.0037421104,0.0031623212,0.003521999,0.0031933822,0.0030278594,0.0030671358,0.0029455393
769,0.0034368169,0.003050134,0.003495944,0.0032453542,0.0036128059,0.003232426,0.0033556635,0.0031065969,0.0030380941,0.0037421104,0.0031623212,0.003521999,0.0031933822,0.0030278594,0.0030671358,0.0029455393
770,0.0034368169,0.003050134,0.003495944,0.0032453542,0.0036128059,0.003232426,0.0033556635,0.0031065969,0.0030380941,0.0037421104,0.0031623212,0.003521999,0.0031933822,0.0030278594,0.0030671358,0.0029455393
771,0.0034368169,0.003050134,0.003495944,0.0032453542,0.0036128059,0.003232426,0.0033556635,0.0031065969,0.0030380941,0.0037421104,0.0031623212,0.003521999,0.0031933822,0.0030278594,0.0030671358,0.0029455393
772,0.0034368169,0.0030501343,0.003495944,0.0032453542,0.003612806,0.0032324258,0.0033556635,0.0031065969,0.0030380941,0.0037421104,0.0031623214,0.0035219989,0.0031933822,0.0030278594,0.0030671358,0.0029455393
773,0.0034368169,0.0030501343,0.003495944,0.0032453542,0.003612806,0.0032324258,0.0033556635,0.0031065969,0.0030380941,0.0037421104,0.0031623214,0.0035219989,0.0031933822,0.0030278594,0.0030671358,0.0029455393
774,0.0034368169,0.0030501343,0.003495944,0.0032453542,0.003612806,0.0032324258,0.0033556637,0.0031065969,0.0030380941,0.0037421104,0.0031623216,0.0035219989,0.0031933822,0.0030278594,0.0030671358,0.0029455393
775,0.0034368169,0.0030501343,0.003495944,0.0032453542,0.003612806,0.0032324258,0.0033556637,0.0031065969,0.0030380941,0.0037421104,0.0031623216,0.0035219989,0.0031933822,0.0030278594,0.0030671358,0.0029455393
776,0.0034368169,0.0030501343,0.003495944,0.0032453542,0.003612806,0.0032324258,0.0033556637,0.0031065969,0.0030380941,0.0037421104,0.0031623216,0.0035219989,0.0031933822,0.0030278594,0.0030671358,0.0029455393
777,0.0034368169,0.0030501343,0.003495944,0.0032453542,0.003612806,0.0032324258,0.0033556637,0.0031065969,0.0030380941,0.0037421104,0.0031623216,0.0035219989,0.0031933822,0.0030278594,0.0030671358,0.0029455393
778,0.0034368169,0.0030501345,0.003495944,0.0032453542,0.0036128063,0.0032324255,0.0033556637,0.003106597,0.0030380941,0.0037421104,0.0031623216,0.0035219986,0.0031933822,0.0030278594,0.0030671358,0.0029455393
779,0.0034368169,0.0030501345,0.003495944,0.0032453542,0.0036128063,0.0032324255,0.0033556637,0.003106597,0.0030380941,0.0037421104,0.0031623216,0.0035219986,0.0031933822,0.0030278594,0.0030671358,0.0029455393
780,0.003436817,0.0030501345,0.003495944,0.0032453542,0.0036128066,0.0032324253,0.003355664,0.003106597,0.0030380941,0.0037421104,0.0031623219,0.0035219986,0.0031933822,0.0030278594,0.0030671358,0.0029455393
781,0.003436817,0.0030501345,0.003495944,0.0032453542,0.0036128066,0.0032324253,0.003355664,0.003106597,0.0030380941,0.0037421104,0.0031623219,0.0035219986,0.0031933822,0.0030278594,0.0030671358,0.0029455393
782,0.003436817,0.0030501345,0.003495944,0.0032453542,0.0036128066,0.0032324253,0.003355664,0.003106597,0.0030380941,0.0037421104,0.0031623219,0.0035219986,0.0031933822,0.0030278594,0.0030671358,0.0029455393
783,0.003436817,0.0030501345,0.003495944,0.0032453542,0.0036128066,0.0032324253,0.003355664,0.003106597,0.0030380941,0.0037421104,0.0031623219,0.0035219986,0.0031933822,0.0030278594,0.0030671358,0.0029455393
784,0.003436817,0.0030501343,0.0034959442,0.0032453542,0.0036128066,0.003232425,0.0033556642,0.003106597,0.0030380941,0.0037421104,0.003162322,0.0035219984,0.0031933822,0.0030278594,0.0030671358,0.0029455393
785,0.003436817,0.0030501343,0.0034959442,0.0032453542,0.0036128066,0.003232425,0.0033556642,0.003106597,0.0030380941,0.0037421104,0.003162322,0.0035219984,0.0031933822,0.0030278594,0.0030671358,0.0029455393
786,0.003436817,0.0030501343,0.0034959442,0.0032453542,0.0036128066,0.003232425,0.0033556642,0.003106597,0.0030380941,0.0037421104,0.003162322,0.0035219984,0.0031933822,0.0030278594,0.0030671358,0.0029455393
787,0.003436817,0.0030501343,0.0034959442,0.0032453542,0.0036128066,0.003232425,0.0033556642,0.003106597,0.0030380941,0.0037421104,0.003162322,0.0035219984,0.0031933822,0.0030278594,0.0030671358,0.0029455393
788,0.003436817,0.0030501343,0.0034959442,0.0032453542,0.0036128066,0.003232425,0.0033556642,0.003106597,0.0030380941,0.0037421104,0.003162322,0.0035219984,0.0031933822,0.0030278594,0.0030671358,0.0029455393
789,0.003436817,0.0030501343,0.0034959442,0.0032453542,0.0036128068,0.003232425,0.0033556642,0.003106597,0.003038094,0.0037421107,0.0031623223,0.0035219984,0.0031933822,0.0030278594,0.0030671358,0.0029455393
790,0.003436817,0.0030501343,0.0034959442,0.0032453542,0.0036128068,0.003232425,0.0033556642,0.003106597,0.003038094,0.0037421107,0.0031623223,0.0035219984,0.0031933822,0.0030278594,0.0030671358,0.0029455393
791,0.003436817,0.0030501343,0.0034959442,0.0032453542,0.0036128068,0.003232425,0.0033556642,0.003106597,0.003038094,0.0037421107,0.0031623223,0.0035219984,0.0031933822,0.0030278594,0.0030671358,0.0029455393
792,0.003436817,0.0030501343,0.0034959442,0.0032453542,0.0036128068,0.003232425,0.0033556642,0.003106597,0.003038094,0.0037421107,0.0031623223,0.0035219984,0.0031933822,0.0030278594,0.0030671358,0.0029455393
793,0.003436817,0.0030501343,0.0034959442,0.0032453542,0.0036128068,0.003232425,0.0033556642,0.003106597,0.003038094,0.0037421107,0.0031623223,0.0035219984,0.0031933822,0.0030278594,0.0030671358,0.0029455393
794,0.003436817,0.0030501343,0.0034959442,0.0032453542,0.0036128068,0.003232425,0.0033556642,0.003106597,0.003038094,0.0037421107,0.0031623223,0.0035219984,0.0031933822,0.0030278594,0.0030671358,0.0029455393
795,0.003436817,0.0030501343,0.0034959442,0.0032453542,0.003612807,0.0032324248,0.0033556644,0.003106597,0.003038094,0.0037421107,0.0031623223,0.0035219982,0.0031933822,0.0030278594,0.0030671358,0.0029455393
796,0.003436817,0.0030501343,0.0034959442,0.0032453542,0.003612807,0.0032324248,0.0033556644,0.003106597,0.003038094,0.0037421107,0.0031623223,0.0035219982,0.0031933822,0.0030278594,0.0030671358,0.0029455393
797,0.003436817,0.0030501343,0.0034959442,0.0032453542,0.003612807,0.0032324248,0.0033556644,0.003106597,0.003038094,0.0037421107,0.0031623223,0.0035219982,0.0031933822,0.0030278594,0.0030671358,0.0029455393
798,0.003436817,0.0030501343,0.0034959442,0.0032453542,0.003612807,0.0032324248,0.0033556644,0.003106597,0.003038094,0.0037421107,0.0031623223,0.0035219982,0.0031933822,0.0030278594,0.0030671358,0.0029455393
799,0.003436817,0.0030501343,0.0034959442,0.0032453542,0.003612807,0.0032324248,0.0033556644,0.003106597,0.003038094,0.0037421107,0.0031623223,0.0035219982,0.0031933822,0.0030278594,0.0030671358,0.0029455393
800,0.003436817,0.0030501343,0.0034959442,0.0032453542,0.003612807,0.0032324246,0.0033556644,0.003106597,0.003038094,0.0037421107,0.0031623226,0.0035219982,0.0031933822,0.0030278596,0.0030671358,0.002945539
801,0.003436817,0.0030501343,0.0034959442,0.0032453542,0.003612807,0.0032324246,0.0033556644,0.003106597,0.003038094,0.0037421107,0.0031623226,0.0035219982,0.0031933822,0.0030278596,0.0030671358,0.002945539
802,0.003436817,0.0030501343,0.0034959442,0.0032453542,0.003612807,0.0032324246,0.0033556644,0.003106597,0.003038094,0.0037421107,0.0031623226,0.0035219982,0.0031933822,0.0030278596,0.0030671358,0.002945539
803,0.003436817,0.0030501343,0.0034959442,0.0032453542,0.003612807,0.0032324246,0.0033556644,0.003106597,0.003038094,0.0037421107,0.0031623226,0.0035219982,0.0031933822,0.0030278596,0.0030671358,0.002945539
804,0.003436817,0.0030501343,0.0034959442,0.0032453542,0.003612807,0.0032324246,0.0033556644,0.003106597,0.003038094,0.0037421107,0.0031623226,0.0035219982,0.0031933822,0.0030278596,0.0030671358,0.002945539
805,0.003436817,0.0030501343,0.0034959442,0.0032453542,0.003612807,0.0032324246,0.0033556644,0.003106597,0.003038094,0.0037421107,0.0031623226,0.0035219982,0.0031933822,0.0030278596,0.0030671358,0.002945539
806,0.003436817,0.0030501343,0.0034959442,0.0032453542,0.0036128073,0.0032324246,0.0033556647,0.003106597,0.003038094,0.0037421107,0.0031623228,0.003521998,0.0031933822,0.0030278596,0.0030671358,0.002945539
807,0.003436817,0.0030501343,0.0034959442,0.0032453542,0.0036128073,0.0032324246,0.0033556647,0.003106597,0.003038094,0.0037421107,0.0031623228,0.003521998,0.0031933822,0.0030278596,0.0030671358,0.002945539
808,0.003436817,0.0030501343,0.0034959442,0.0032453542,0.0036128073,0.0032324246,0.0033556647,0.003106597,0.003038094,0.0037421107,0.0031623228,0.003521998,0.0031933822,0.0030278596,0.0030671358,0.002945539
809,0.003436817,0.0030501343,0.0034959442,0.0032453542,0.0036128073,0.0032324246,0.0033556647,0.003106597,0.003038094,0.0037421107,0.0031623228,0.003521998,0.0031933822,0.0030278596,0.0030671358,0.002945539
810,0.003436817,0.0030501343,0.0034959442,0.0032453542,0.0036128073,0.0032324246,0.0033556647,0.003106597,0.003038094,0.0037421107,0.0031623228,0.003521998,0.0031933822,0.0030278596,0.0030671358,0.002945539
811,0.003436817,0.0030501343,0.0034959442,0.0032453542,0.0036128073,0.0032324246,0.0033556647,0.003106597,0.003038094,0.0037421107,0.0031623228,0.003521998,0.0031933822,0.0030278596,0.0030671358,0.002945539
812,0.003436817,0.0030501343,0.0034959442,0.0032453542,0.0036128073,0.0032324246,0.0033556647,0.003106597,0.003038094,0.0037421107,0.0031623228,0.003521998,0.0031933822,0.0030278596,0.0030671358,0.002945539
813,0.003436817,0.0030501343,0.0034959442,0.0032453542,0.0036128073,0.0032324246,0.0033556647,0.003106597,0.003038094,0.0037421107,0.0031623228,0.003521998,0.0031933822,0.0030278596,0.0030671358,0.002945539
814,0.003436817,0.0030501343,0.0034959442,0.0032453542,0.0036128073,0.0032324246,0.0033556647,0.003106597,0.003038094,0.0037421107,0.0031623228,0.003521998,0.0031933822,0.0030278596,0.0030671358,0.002945539
815,0.0034368173,0.003050134,0.0034959442,0.0032453542,0.0036128075,0.0032324244,0.0033556647,0.003106597,0.003038094,0.0037421107,0.003162323,0.003521998,0.0031933822,0.0030278596,0.0030671358,0.002945539
816,0.0034368173,0.003050134,0.0034959442,0.0032453542,0.0036128075,0.0032324244,0.0033556647,0.003106597,0.003038094,0.0037421107,0.003162323,0.003521998,0.0031933822,0.0030278596,0.0030671358,0.002945539
817,0.0034368173,0.003050134,0.0034959442,0.0032453542,0.0036128075,0.0032324244,0.0033556647,0.003106597,0.003038094,0.0037421107,0.003162323,0.003521998,0.0031933822,0.0030278596,0.0030671358,0.002945539
818,0.0034368173,0.003050134,0.0034959444,0.0032453542,0.0036128075,0.0032324241,0.003355665,0.003106597,0.0030380937,0.0037421107,0.003162323,0.0035219977,0.0031933822,0.0030278596,0.0030671358,0.002945539
819,0.0034368173,0.003050134,0.0034959444,0.0032453542,0.0036128075,0.0032324241,0.003355665,0.003106597,0.0030380937,0.0037421107,0.003162323,0.0035219977,0.0031933822,0.0030278596,0.0030671358,0.002945539
820,0.0034368173,0.003050134,0.0034959444,0.0032453542,0.0036128075,0.0032324241,0.003355665,0.003106597,0.0030380937,0.0037421107,0.003162323,0.0035219977,0.0031933822,0.0030278596,0.0030671358,0.002945539
821,0.0034368173,0.003050134,0.0034959444,0.0032453542,0.0036128075,0.0032324241,0.003355665,0.003106597,0.0030380937,0.0037421107,0.003162323,0.0035219977,0.0031933822,0.0030278596,0.0030671358,0.002945539
822,0.0034368173,0.003050134,0.0034959444,0.0032453542,0.0036128077,0.003232424,0.0033556651,0.003106597,0.0030380937,0.003742111,0.0031623233,0.0035219977,0.0031933822,0.0030278596,0.0030671358,0.002945539
823,0.0034368173,0.003050134,0.0034959444,0.0032453542,0.0036128077,0.003232424,0.0033556651,0.003106597,0.0030380937,0.003742111,0.0031623233,0.0035219977,0.0031933822,0.0030278596,0.0030671358,0.002945539
824,0.0034368173,0.003050134,0.0034959444,0.0032453542,0.0036128077,0.003232424,0.0033556651,0.003106597,0.0030380937,0.003742111,0.0031623233,0.0035219977,0.0031933822,0.0030278596,0.0030671358,0.002945539
825,0.0034368173,0.003050134,0.0034959444,0.0032453542,0.0036128077,0.003232424,0.0033556651,0.003106597,0.0030380937,0.003742111,0.0031623233,0.0035219977,0.0031933822,0.0030278596,0.0030671358,0.002945539
826,0.0034368173,0.003050134,0.0034959444,0.0032453542,0.0036128077,0.003232424,0.0033556651,0.003106597,0.0030380937,0.003742111,0.0031623233,0.0035219977,0.0031933822,0.0030278596,0.0030671358,0.002945539
827,0.0034368173,0.003050134,0.0034959444,0.0032453542,0.003612808,0.003232424,0.0033556651,0.003106597,0.0030380937,0.003742111,0.0031623235,0.0035219975,0.0031933822,0.0030278596,0.0030671358,0.002945539
828,0.0034368173,0.003050134,0.0034959444,0.0032453542,0.003612808,0.003232424,0.0033556651,0.003106597,0.0030380937,0.003742111,0.0031623235,0.0035219975,0.0031933822,0.0030278596,0.0030671358,0.002945539
829,0.0034368173,0.003050134,0.0034959444,0.0032453542,0.003612808,0.0032324237,0.0033556654,0.003106597,0.0030380937,0.003742111,0.0031623237,0.0035219972,0.0031933822,0.0030278596,0.0030671358,0.002945539
830,0.0034368173,0.003050134,0.0034959444,0.0032453542,0.003612808,0.0032324237,0.0033556654,0.003106597,0.0030380937,0.003742111,0.0031623237,0.0035219972,0.0031933822,0.0030278596,0.0030671358,0.002945539
831,0.0034368173,0.003050134,0.0034959444,0.0032453542,0.003612808,0.0032324237,0.0033556654,0.003106597,0.0030380937,0.003742111,0.0031623237,0.0035219972,0.0031933822,0.0030278596,0.0030671358,0.002945539
832,0.0034368173,0.003050134,0.0034959444,0.0032453542,0.003612808,0.0032324237,0.0033556654,0.003106597,0.0030380937,0.003742111,0.0031623237,0.0035219972,0.0031933822,0.0030278596,0.0030671358,0.002945539
833,0.0034368173,0.003050134,0.0034959444,0.0032453542,0.003612808,0.0032324237,0.0033556654,0.003106597,0.0030380937,0.003742111,0.0031623237,0.0035219972,0.0031933822,0.0030278596,0.0030671358,0.002945539
834,0.0034368173,0.003050134,0.0034959444,0.0032453542,0.003612808,0.0032324237,0.0033556654,0.003106597,0.0030380937,0.003742111,0.0031623237,0.0035219972,0.0031933822,0.0030278596,0.0030671358,0.002945539
835,0.0034368173,0.003050134,0.0034959444,0.0032453542,0.003612808,0.0032324237,0.0033556654,0.003106597,0.0030380937,0.003742111,0.0031623237,0.0035219972,0.0031933822,0.0030278596,0.0030671358,0.002945539
836,0.0034368176,0.0030501338,0.0034959444,0.0032453542,0.0036128082,0.0032324234,0.0033556654,0.003106597,0.0030380937,0.003742111,0.0031623237,0.0035219972,0.0031933822,0.0030278596,0.0030671358,0.002945539
837,0.0034368176,0.0030501338,0.0034959444,0.0032453542,0.0036128082,0.0032324234,0.0033556654,0.003106597,0.0030380937,0.003742111,0.0031623237,0.0035219972,0.0031933822,0.0030278596,0.0030671358,0.002945539
838,0.0034368176,0.0030501338,0.0034959444,0.0032453542,0.0036128082,0.0032324234,0.0033556654,0.003106597,0.0030380937,0.003742111,0.0031623237,0.0035219972,0.0031933822,0.0030278596,0.0030671358,0.002945539
839,0.0034368176,0.0030501338,0.0034959444,0.0032453542,0.0036128082,0.0032324234,0.0033556654,0.003106597,0.0030380937,0.003742111,0.0031623237,0.0035219972,0.0031933822,0.0030278596,0.0030671358,0.002945539
840,0.0034368176,0.0030501338,0.0034959444,0.0032453542,0.0036128084,0.0032324232,0.0033556656,0.003106597,0.0030380934,0.003742111,0.0031623237,0.003521997,0.0031933822,0.0030278596,0.0030671358,0.002945539
841,0.0034368176,0.0030501338,0.0034959447,0.0032453542,0.0036128084,0.0032324232,0.0033556656,0.003106597,0.0030380934,0.003742111,0.0031623237,0.003521997,0.0031933822,0.0030278596,0.0030671358,0.002945539
842,0.0034368176,0.0030501338,0.0034959447,0.0032453542,0.0036128084,0.0032324232,0.0033556656,0.003106597,0.0030380934,0.003742111,0.0031623237,0.003521997,0.0031933822,0.0030278596,0.0030671358,0.002945539
843,0.0034368176,0.0030501338,0.0034959447,0.0032453542,0.0036128084,0.0032324232,0.0033556656,0.003106597,0.0030380934,0.003742111,0.0031623237,0.003521997,0.0031933822,0.0030278596,0.0030671358,0.002945539
844,0.0034368176,0.0030501338,0.0034959447,0.0032453542,0.0036128084,0.0032324232,0.0033556656,0.003106597,0.0030380934,0.003742111,0.0031623237,0.003521997,0.0031933822,0.0030278596,0.0030671358,0.002945539
845,0.0034368176,0.0030501338,0.0034959447,0.0032453542,0.0036128087,0.003232423,0.0033556658,0.003106597,0.0030380934,0.0037421111,0.0031623237,0.0035219968,0.0031933822,0.0030278596,0.0030671358,0.002945539
846,0.0034368176,0.0030501338,0.0034959447,0.0032453542,0.0036128087,0.003232423,0.0033556658,0.003106597,0.0030380934,0.0037421111,0.0031623237,0.0035219968,0.0031933822,0.0030278596,0.0030671358,0.002945539
847,0.0034368176,0.0030501338,0.0034959447,0.0032453542,0.0036128087,0.003232423,0.0033556658,0.003106597,0.0030380934,0.0037421111,0.0031623237,0.0035219968,0.0031933822,0.0030278596,0.0030671358,0.002945539
848,0.0034368176,0.0030501338,0.0034959447,0.0032453542,0.0036128087,0.003232423,0.0033556658,0.003106597,0.0030380934,0.0037421111,0.0031623237,0.0035219968,0.0031933822,0.0030278596,0.0030671358,0.002945539
849,0.0034368176,0.0030501338,0.0034959447,0.0032453542,0.0036128089,0.0032324228,0.003355666,0.003106597,0.0030380934,0.0037421111,0.0031623237,0.0035219968,0.0031933822,0.0030278596,0.0030671358,0.002945539
850,0.0034368176,0.0030501338,0.0034959447,0.0032453542,0.0036128089,0.0032324228,0.003355666,0.003106597,0.0030380934,0.0037421111,0.0031623237,0.0035219968,0.0031933822,0.0030278596,0.0030671358,0.002945539
851,0.0034368176,0.0030501338,0.0034959447,0.0032453542,0.0036128089,0.0032324228,0.003355666,0.003106597,0.0030380934,0.0037421111,0.0031623237,0.0035219968,0.0031933822,0.0030278596,0.0030671358,0.002945539
852,0.0034368176,0.0030501338,0.0034959447,0.0032453542,0.0036128089,0.0032324228,0.003355666,0.003106597,0.0030380934,0.0037421111,0.0031623237,0.0035219968,0.0031933822,0.0030278596,0.0030671358,0.002945539
853,0.0034368176,0.0030501338,0.0034959447,0.0032453542,0.0036128089,0.0032324228,0.003355666,0.003106597,0.0030380934,0.0037421111,0.0031623237,0.0035219968,0.0031933822,0.0030278596,0.0030671358,0.002945539
854,0.0034368176,0.0030501338,0.0034959447,0.0032453542,0.0036128089,0.0032324228,0.003355666,0.003106597,0.0030380934,0.0037421111,0.0031623237,0.0035219968,0.0031933822,0.0030278596,0.0030671358,0.002945539
855,0.0034368176,0.0030501336,0.0034959447,0.0032453542,0.003612809,0.0032324225,0.003355666,0.003106597,0.0030380934,0.0037421111,0.0031623237,0.0035219966,0.0031933824,0.0030278596,0.0030671358,0.002945539
856,0.0034368176,0.0030501336,0.0034959447,0.0032453542,0.003612809,0.0032324225,0.003355666,0.003106597,0.0030380934,0.0037421111,0.0031623237,0.0035219966,0.0031933824,0.0030278596,0.0030671358,0.002945539
857,0.0034368176,0.0030501336,0.0034959447,0.0032453542,0.003612809,0.0032324225,0.003355666,0.003106597,0.0030380934,0.0037421111,0.0031623237,0.0035219966,0.0031933824,0.0030278596,0.0030671358,0.002945539
858,0.0034368176,0.0030501336,0.0034959447,0.0032453542,0.003612809,0.0032324225,0.003355666,0.003106597,0.0030380934,0.0037421111,0.0031623237,0.0035219966,0.0031933824,0.0030278596,0.0030671358,0.002945539
859,0.0034368178,0.0030501336,0.0034959447,0.0032453542,0.003612809,0.0032324223,0.0033556663,0.003106597,0.0030380932,0.0037421111,0.0031623237,0.0035219963,0.0031933824,0.0030278596,0.0030671358,0.002945539
860,0.0034368178,0.0030501336,0.0034959447,0.0032453542,0.003612809,0.0032324223,0.0033556663,0.003106597,0.0030380932,0.0037421111,0.0031623237,0.0035219963,0.0031933824,0.0030278596,0.0030671358,0.002945539
861,0.0034368178,0.0030501336,0.0034959447,0.0032453542,0.003612809,0.0032324223,0.0033556663,0.003106597,0.0030380932,0.0037421111,0.0031623237,0.0035219963,0.0031933824,0.0030278596,0.0030671358,0.002945539
862,0.0034368178,0.0030501336,0.003495945,0.003245354,0.0036128093,0.0032324223,0.0033556665,0.003106597,0.0030380932,0.0037421111,0.0031623237,0.0035219963,0.0031933824,0.0030278596,0.0030671358,0.002945539
863,0.0034368178,0.0030501336,0.003495945,0.003245354,0.0036128093,0.0032324223,0.0033556665,0.003106597,0.0030380932,0.0037421111,0.0031623237,0.0035219963,0.0031933824,0.0030278596,0.0030671358,0.002945539
864,0.0034368178,0.0030501336,0.003495945,0.003245354,0.0036128093,0.0032324223,0.0033556665,0.003106597,0.0030380932,0.0037421111,0.0031623237,0.0035219963,0.0031933824,0.0030278596,0.0030671358,0.002945539
865,0.0034368178,0.0030501336,0.003495945,0.003245354,0.0036128093,0.0032324223,0.0033556665,0.003106597,0.0030380932,0.0037421111,0.0031623237,0.0035219963,0.0031933824,0.0030278596,0.0030671358,0.002945539
866,0.0034368178,0.0030501336,0.003495945,0.003245354,0.0036128093,0.0032324223,0.0033556665,0.003106597,0.0030380932,0.0037421111,0.0031623237,0.0035219963,0.0031933824,0.0030278596,0.0030671358,0.002945539
867,0.0034368178,0.0030501336,0.003495945,0.003245354,0.0036128093,0.0032324223,0.0033556665,0.003106597,0.0030380932,0.0037421111,0.0031623237,0.0035219963,0.0031933824,0.0030278596,0.0030671358,0.002945539
868,0.0034368178,0.0030501336,0.003495945,0.003245354,0.0036128096,0.0032324225,0.0033556665,0.003106597,0.0030380932,0.0037421111,0.0031623237,0.003521996,0.0031933824,0.0030278596,0.0030671358,0.002945539
869,0.0034368178,0.0030501336,0.003495945,0.003245354,0.0036128098,0.0032324225,0.0033556668,0.003106597,0.0030380932,0.0037421114,0.0031623237,0.003521996,0.0031933824,0.0030278596,0.0030671358,0.002945539
870,0.0034368178,0.0030501336,0.003495945,0.003245354,0.0036128098,0.0032324225,0.0033556668,0.003106597,0.0030380932,0.0037421114,0.0031623237,0.003521996,0.0031933824,0.0030278596,0.0030671358,0.002945539
871,0.0034368178,0.0030501336,0.003495945,0.003245354,0.0036128098,0.0032324225,0.0033556668,0.003106597,0.0030380932,0.0037421114,0.0031623237,0.003521996,0.0031933824,0.0030278596,0.0030671358,0.002945539
872,0.0034368178,0.0030501336,0.003495945,0.003245354,0.0036128098,0.0032324225,0.0033556668,0.003106597,0.0030380932,0.0037421114,0.0031623237,0.003521996,0.0031933824,0.0030278596,0.0030671358,0.002945539
873,0.0034368178,0.0030501334,0.003495945,0.003245354,0.0036128098,0.0032324225,0.0033556668,0.003106597,0.0030380932,0.0037421114,0.0031623237,0.0035219959,0.0031933824,0.0030278596,0.0030671358,0.002945539
874,0.0034368178,0.0030501334,0.003495945,0.003245354,0.0036128098,0.0032324225,0.0033556668,0.003106597,0.0030380932,0.0037421114,0.0031623237,0.0035219959,0.0031933824,0.0030278596,0.0030671358,0.002945539
875,0.0034368178,0.0030501334,0.003495945,0.003245354,0.0036128098,0.0032324225,0.0033556668,0.003106597,0.0030380932,0.0037421114,0.0031623237,0.0035219959,0.0031933824,0.0030278596,0.0030671358,0.002945539
876,0.0034368178,0.0030501334,0.003495945,0.003245354,0.0036128098,0.0032324225,0.0033556668,0.003106597,0.0030380932,0.0037421114,0.0031623237,0.0035219959,0.0031933824,0.0030278596,0.0030671358,0.002945539
877,0.0034368178,0.0030501334,0.003495945,0.003245354,0.0036128098,0.0032324225,0.0033556668,0.003106597,0.0030380932,0.0037421114,0.0031623237,0.0035219959,0.0031933824,0.0030278596,0.0030671358,0.002945539
878,0.0034368178,0.0030501334,0.003495945,0.003245354,0.0036128098,0.0032324225,0.0033556668,0.003106597,0.0030380932,0.0037421114,0.0031623237,0.0035219959,0.0031933824,0.0030278596,0.0030671358,0.002945539
879,0.003436818,0.0030501334,0.003495945,0.003245354,0.00361281,0.0032324225,0.003355667,0.003106597,0.003038093,0.0037421114,0.0031623237,0.0035219956,0.0031933824,0.0030278596,0.0030671358,0.002945539
880,0.003436818,0.0030501334,0.003495945,0.003245354,0.00361281,0.0032324225,0.003355667,0.003106597,0.003038093,0.0037421114,0.0031623237,0.0035219956,0.0031933824,0.0030278596,0.0030671358,0.002945539
881,0.003436818,0.0030501334,0.003495945,0.003245354,0.00361281,0.0032324225,0.003355667,0.003106597,0.003038093,0.0037421114,0.0031623237,0.0035219956,0.0031933824,0.0030278596,0.0030671358,0.002945539
882,0.003436818,0.0030501334,0.003495945,0.003245354,0.00361281,0.0032324225,0.003355667,0.003106597,0.003038093,0.0037421114,0.0031623237,0.0035219956,0.0031933824,0.0030278596,0.0030671358,0.002945539
883,0.003436818,0.0030501334,0.003495945,0.003245354,0.00361281,0.0032324225,0.003355667,0.003106597,0.003038093,0.0037421114,0.0031623237,0.0035219956,0.0031933824,0.0030278596,0.0030671358,0.002945539
884,0.003436818,0.0030501334,0.003495945,0.003245354,0.00361281,0.0032324225,0.003355667,0.003106597,0.003038093,0.0037421114,0.0031623237,0.0035219956,0.0031933824,0.0030278596,0.0030671358,0.002945539
885,0.003436818,0.0030501334,0.003495945,0.003245354,0.00361281,0.0032324225,0.003355667,0.003106597,0.003038093,0.0037421114,0.0031623237,0.0035219956,0.0031933824,0.0030278596,0.0030671358,0.002945539
886,0.003436818,0.0030501334,0.003495945,0.003245354,0.00361281,0.0032324225,0.003355667,0.003106597,0.003038093,0.0037421114,0.0031623237,0.0035219956,0.0031933824,0.0030278596,0.0030671358,0.002945539
887,0.003436818,0.0030501334,0.003495945,0.003245354,0.00361281,0.0032324225,0.003355667,0.003106597,0.003038093,0.0037421114,0.0031623237,0.0035219956,0.0031933824,0.0030278596,0.0030671358,0.002945539
888,0.003436818,0.0030501334,0.003495945,0.003245354,0.00361281,0.0032324225,0.003355667,0.003106597,0.003038093,0.0037421114,0.0031623237,0.0035219956,0.0031933824,0.0030278596,0.0030671358,0.002945539
889,0.003436818,0.0030501334,0.003495945,0.003245354,0.0036128103,0.0032324225,0.0033556672,0.0031065973,0.003038093,0.0037421114,0.0031623237,0.0035219956,0.0031933824,0.0030278596,0.0030671358,0.002945539
890,0.003436818,0.0030501334,0.003495945,0.003245354,0.0036128103,0.0032324225,0.0033556672,0.0031065973,0.003038093,0.0037421114,0.0031623237,0.0035219956,0.0031933824,0.0030278596,0.0030671358,0.002945539
891,0.003436818,0.0030501334,0.003495945,0.003245354,0.0036128103,0.0032324225,0.0033556672,0.0031065973,0.003038093,0.0037421114,0.0031623237,0.0035219956,0.0031933824,0.0030278596,0.0030671358,0.002945539
892,0.003436818,0.0030501334,0.0034959451,0.003245354,0.0036128105,0.0032324225,0.0033556672,0.0031065973,0.003038093,0.0037421114,0.0031623237,0.0035219954,0.0031933824,0.0030278596,0.0030671358,0.002945539
893,0.003436818,0.0030501334,0.0034959451,0.003245354,0.0036128105,0.0032324225,0.0033556672,0.0031065973,0.003038093,0.0037421114,0.0031623237,0.0035219954,0.0031933824,0.0030278596,0.0030671358,0.002945539
894,0.003436818,0.0030501334,0.0034959451,0.003245354,0.0036128105,0.0032324225,0.0033556672,0.0031065973,0.003038093,0.0037421114,0.0031623237,0.0035219954,0.0031933824,0.0030278596,0.0030671358,0.002945539
895,0.003436818,0.0030501334,0.0034959451,0.003245354,0.0036128105,0.0032324225,0.0033556672,0.0031065973,0.003038093,0.0037421114,0.0031623237,0.0035219954,0.0031933824,0.0030278596,0.0030671358,0.002945539
896,0.003436818,0.0030501334,0.0034959451,0.003245354,0.0036128105,0.0032324225,0.0033556672,0.0031065973,0.003038093,0.0037421114,0.0031623237,0.0035219954,0.0031933824,0.0030278596,0.0030671358,0.002945539
897,0.003436818,0.0030501334,0.0034959451,0.003245354,0.0036128105,0.0032324225,0.0033556672,0.0031065973,0.003038093,0.0037421114,0.0031623237,0.0035219954,0.0031933824,0.0030278596,0.0030671358,0.002945539
898,0.003436818,0.0030501334,0.0034959451,0.003245354,0.0036128105,0.0032324225,0.0033556675,0.0031065973,0.003038093,0.0037421114,0.0031623237,0.0035219954,0.0031933824,0.0030278596,0.0030671358,0.002945539
899,0.003436818,0.0030501334,0.0034959451,0.003245354,0.0036128105,0.0032324225,0.0033556675,0.0031065973,0.003038093,0.0037421114,0.0031623237,0.0035219954,0.0031933824,0.0030278596,0.0030671358,0.002945539
900,0.003436818,0.0030501334,0.0034959451,0.003245354,0.0036128105,0.0032324225,0.0033556675,0.0031065973,0.003038093,0.0037421114,0.0031623237,0.0035219954,0.0031933824,0.0030278596,0.0030671358,0.002945539
901,0.003436818,0.0030501334,0.0034959451,0.003245354,0.0036128105,0.0032324225,0.0033556675,0.0031065973,0.003038093,0.0037421114,0.0031623237,0.0035219954,0.0031933824,0.0030278596,0.0030671358,0.002945539
902,0.003436818,0.0030501334,0.0034959451,0.003245354,0.0036128105,0.0032324225,0.0033556675,0.0031065973,0.003038093,0.0037421114,0.0031623237,0.0035219954,0.0031933824,0.0030278596,0.0030671358,0.002945539
903,0.003436818,0.0030501334,0.0034959451,0.003245354,0.0036128105,0.0032324225,0.0033556675,0.0031065973,0.003038093,0.0037421114,0.0031623237,0.0035219954,0.0031933824,0.0030278596,0.0030671358,0.002945539
904,0.003436818,0.0030501334,0.0034959451,0.003245354,0.0036128105,0.0032324225,0.0033556675,0.0031065973,0.003038093,0.0037421114,0.0031623237,0.0035219954,0.0031933824,0.0030278596,0.0030671358,0.002945539
905,0.003436818,0.0030501331,0.0034959451,0.003245354,0.0036128107,0.0032324225,0.0033556677,0.0031065973,0.0030380927,0.0037421116,0.0031623237,0.0035219952,0.0031933824,0.0030278598,0.0030671358,0.0029455388
906,0.003436818,0.0030501331,0.0034959451,0.003245354,0.0036128107,0.0032324225,0.0033556677,0.0031065973,0.0030380927,0.0037421116,0.0031623237,0.0035219952,0.0031933824,0.0030278598,0.0030671358,0.0029455388
907,0.003436818,0.0030501331,0.0034959451,0.003245354,0.0036128107,0.0032324225,0.0033556677,0.0031065973,0.0030380927,0.0037421116,0.0031623237,0.0035219952,0.0031933824,0.0030278598,0.0030671358,0.0029455388
908,0.003436818,0.0030501331,0.0034959451,0.003245354,0.0036128107,0.0032324225,0.0033556677,0.0031065973,0.0030380927,0.0037421116,0.0031623237,0.0035219952,0.0031933824,0.0030278598,0.0030671358,0.0029455388
909,0.003436818,0.0030501331,0.0034959451,0.003245354,0.0036128107,0.0032324225,0.0033556677,0.0031065973,0.0030380927,0.0037421116,0.0031623237,0.0035219952,0.0031933824,0.0030278598,0.0030671358,0.0029455388
910,0.0034368183,0.0030501331,0.0034959451,0.003245354,0.003612811,0.0032324225,0.0033556677,0.0031065973,0.0030380927,0.0037421116,0.0031623237,0.003521995,0.0031933824,0.0030278598,0.0030671358,0.0029455388
911,0.0034368183,0.0030501331,0.0034959451,0.003245354,0.003612811,0.0032324225,0.0033556677,0.0031065973,0.0030380927,0.0037421116,0.0031623237,0.003521995,0.0031933824,0.0030278598,0.0030671358,0.0029455388
912,0.0034368183,0.0030501331,0.0034959451,0.003245354,0.0036128112,0.0032324225,0.003355668,0.0031065973,0.0030380927,0.0037421116,0.0031623237,0.003521995,0.0031933824,0.0030278598,0.0030671358,0.0029455388
913,0.0034368183,0.0030501331,0.0034959451,0.003245354,0.0036128112,0.0032324225,0.003355668,0.0031065973,0.0030380927,0.0037421116,0.0031623237,0.003521995,0.0031933824,0.0030278598,0.0030671358,0.0029455388
914,0.0034368183,0.0030501331,0.0034959451,0.003245354,0.0036128112,0.0032324225,0.003355668,0.0031065973,0.0030380927,0.0037421116,0.0031623237,0.003521995,0.0031933824,0.0030278598,0.0030671358,0.0029455388
915,0.0034368183,0.0030501331,0.0034959451,0.003245354,0.0036128112,0.0032324225,0.003355668,0.0031065973,0.0030380927,0.0037421116,0.0031623237,0.003521995,0.0031933824,0.0030278598,0.0030671358,0.0029455388
916,0.0034368183,0.0030501331,0.0034959451,0.003245354,0.0036128112,0.0032324225,0.003355668,0.0031065973,0.0030380927,0.0037421116,0.0031623237,0.003521995,0.0031933824,0.0030278598,0.0030671358,0.0029455388
917,0.0034368183,0.0030501331,0.0034959451,0.003245354,0.0036128112,0.0032324225,0.003355668,0.0031065973,0.0030380927,0.0037421116,0.0031623237,0.003521995,0.0031933824,0.0030278598,0.0030671358,0.0029455388
918,0.0034368183,0.0030501331,0.0034959451,0.003245354,0.0036128112,0.0032324225,0.003355668,0.0031065973,0.0030380927,0.0037421116,0.0031623237,0.003521995,0.0031933824,0.0030278598,0.0030671358,0.0029455388
919,0.0034368183,0.0030501331,0.0034959454,0.003245354,0.0036128112,0.0032324225,0.003355668,0.0031065973,0.0030380927,0.0037421116,0.0031623237,0.0035219947,0.0031933824,0.0030278598,0.0030671358,0.0029455388
920,0.0034368183,0.0030501331,0.0034959454,0.003245354,0.0036128112,0.0032324225,0.003355668,0.0031065973,0.0030380927,0.0037421116,0.0031623237,0.0035219947,0.0031933824,0.0030278598,0.0030671358,0.0029455388
921,0.0034368183,0.0030501331,0.0034959454,0.003245354,0.0036128112,0.0032324225,0.003355668,0.0031065973,0.0030380927,0.0037421116,0.0031623237,0.0035219947,0.0031933824,0.0030278598,0.0030671358,0.0029455388
922,0.0034368183,0.0030501331,0.0034959454,0.003245354,0.0036128112,0.0032324225,0.003355668,0.0031065973,0.0030380927,0.0037421116,0.0031623237,0.0035219947,0.0031933824,0.0030278598,0.0030671358,0.0029455388
923,0.0034368183,0.0030501331,0.0034959454,0.003245354,0.0036128112,0.0032324225,0.003355668,0.0031065973,0.0030380927,0.0037421116,0.0031623237,0.0035219947,0.0031933824,0.0030278598,0.0030671358,0.0029455388
924,0.0034368183,0.0030501331,0.0034959454,0.003245354,0.0036128112,0.0032324225,0.003355668,0.0031065973,0.0030380927,0.0037421116,0.0031623237,0.0035219947,0.0031933824,0.0030278598,0.0030671358,0.0029455388
925,0.0034368183,0.0030501331,0.0034959454,0.003245354,0.0036128112,0.0032324225,0.003355668,0.0031065973,0.0030380927,0.0037421116,0.0031623237,0.0035219947,0.0031933824,0.0030278598,0.0030671358,0.0029455388
926,0.0034368183,0.0030501331,0.0034959454,0.003245354,0.0036128112,0.0032324225,0.003355668,0.0031065973,0.0030380927,0.0037421116,0.0031623237,0.0035219947,0.0031933824,0.0030278598,0.0030671358,0.0029455388
927,0.0034368183,0.003050133,0.0034959454,0.003245354,0.0036128114,0.0032324225,0.0033556677,0.0031065973,0.0030380927,0.0037421116,0.0031623237,0.0035219945,0.0031933824,0.0030278598,0.0030671358,0.0029455388
928,0.0034368183,0.003050133,0.0034959454,0.003245354,0.0036128114,0.0032324225,0.0033556677,0.0031065973,0.0030380927,0.0037421116,0.0031623237,0.0035219945,0.0031933824,0.0030278598,0.0030671358,0.0029455388
929,0.0034368183,0.003050133,0.0034959454,0.003245354,0.0036128114,0.0032324225,0.0033556677,0.0031065973,0.0030380927,0.0037421116,0.0031623237,0.0035219945,0.0031933824,0.0030278598,0.0030671358,0.0029455388
930,0.0034368183,0.003050133,0.0034959454,0.003245354,0.0036128114,0.0032324225,0.0033556677,0.0031065973,0.0030380927,0.0037421116,0.0031623237,0.0035219945,0.0031933824,0.0030278598,0.0030671358,0.0029455388
931,0.0034368183,0.003050133,0.0034959454,0.003245354,0.0036128114,0.0032324225,0.0033556677,0.0031065973,0.0030380927,0.0037421116,0.0031623237,0.0035219945,0.0031933824,0.0030278598,0.0030671358,0.0029455388
932,0.0034368183,0.003050133,0.0034959454,0.003245354,0.0036128114,0.0032324225,0.0033556677,0.0031065973,0.0030380927,0.0037421116,0.0031623237,0.0035219945,0.0031933824,0.0030278598,0.0030671358,0.0029455388
933,0.0034368183,0.003050133,0.0034959454,0.003245354,0.0036128114,0.0032324225,0.0033556677,0.0031065973,0.0030380927,0.0037421116,0.0031623237,0.0035219945,0.0031933824,0.0030278598,0.0030671358,0.0029455388
934,0.0034368183,0.003050133,0.0034959454,0.003245354,0.0036128114,0.0032324225,0.0033556677,0.0031065973,0.0030380927,0.0037421116,0.0031623237,0.0035219945,0.0031933824,0.0030278598,0.0030671358,0.0029455388
935,0.0034368183,0.003050133,0.0034959454,0.003245354,0.0036128117,0.0032324225,0.0033556677,0.0031065973,0.0030380925,0.0037421118,0.0031623237,0.0035219945,0.0031933824,0.0030278598,0.0030671358,0.0029455388
936,0.0034368183,0.003050133,0.0034959454,0.003245354,0.0036128117,0.0032324225,0.0033556677,0.0031065973,0.0030380925,0.0037421118,0.0031623237,0.0035219945,0.0031933824,0.0030278598,0.0030671358,0.0029455388
937,0.0034368183,0.003050133,0.0034959454,0.003245354,0.0036128117,0.0032324225,0.0033556677,0.0031065973,0.0030380925,0.0037421118,0.0031623237,0.0035219945,0.0031933824,0.0030278598,0.0030671358,0.0029455388
938,0.0034368183,0.003050133,0.0034959454,0.003245354,0.0036128117,0.0032324225,0.0033556677,0.0031065973,0.0030380925,0.0037421118,0.0031623237,0.0035219945,0.0031933824,0.0030278598,0.0030671358,0.0029455388
939,0.0034368183,0.003050133,0.0034959454,0.003245354,0.0036128117,0.0032324225,0.0033556677,0.0031065973,0.0030380925,0.0037421118,0.0031623237,0.0035219945,0.0031933824,0.0030278598,0.0030671358,0.0029455388
940,0.0034368183,0.003050133,0.0034959454,0.003245354,0.0036128117,0.0032324225,0.0033556677,0.0031065973,0.0030380925,0.0037421118,0.0031623237,0.0035219945,0.0031933824,0.0030278598,0.0030671358,0.0029455388
941,0.0034368183,0.003050133,0.0034959454,0.003245354,0.0036128117,0.0032324225,0.0033556677,0.0031065973,0.0030380925,0.0037421118,0.0031623237,0.0035219945,0.0031933824,0.0030278598,0.0030671358,0.0029455388
942,0.0034368185,0.003050133,0.0034959454,0.003245354,0.003612812,0.0032324225,0.0033556677,0.0031065973,0.0030380925,0.0037421118,0.0031623237,0.0035219942,0.0031933824,0.0030278598,0.0030671358,0.0029455388
943,0.0034368185,0.003050133,0.0034959454,0.003245354,0.003612812,0.0032324225,0.0033556677,0.0031065973,0.0030380925,0.0037421118,0.0031623237,0.0035219942,0.0031933824,0.0030278598,0.0030671358,0.0029455388
944,0.0034368185,0.003050133,0.0034959454,0.003245354,0.003612812,0.0032324225,0.0033556677,0.0031065973,0.0030380925,0.0037421118,0.0031623237,0.0035219942,0.0031933824,0.0030278598,0.0030671358,0.0029455388
945,0.0034368185,0.003050133,0.0034959454,0.003245354,0.003612812,0.0032324225,0.0033556677,0.0031065973,0.0030380925,0.0037421118,0.0031623237,0.0035219942,0.0031933824,0.0030278598,0.0030671358,0.0029455388
946,0.0034368185,0.003050133,0.0034959454,0.003245354,0.003612812,0.0032324225,0.0033556677,0.0031065973,0.0030380925,0.0037421118,0.0031623237,0.0035219942,0.0031933824,0.0030278598,0.0030671358,0.0029455388
947,0.0034368185,0.003050133,0.0034959454,0.003245354,0.0036128121,0.0032324225,0.0033556677,0.0031065973,0.0030380925,0.0037421118,0.0031623237,0.0035219942,0.0031933824,0.0030278598,0.0030671358,0.0029455388
948,0.0034368185,0.003050133,0.0034959454,0.003245354,0.0036128121,0.0032324225,0.0033556677,0.0031065973,0.0030380925,0.0037421118,0.0031623237,0.0035219942,0.0031933824,0.0030278598,0.0030671358,0.0029455388
949,0.0034368185,0.0030501327,0.0034959456,0.003245354,0.0036128121,0.0032324225,0.0033556677,0.0031065973,0.0030380925,0.0037421118,0.0031623235,0.003521994,0.0031933826,0.0030278598,0.0030671358,0.0029455388
950,0.0034368185,0.0030501327,0.0034959456,0.003245354,0.0036128121,0.0032324225,0.0033556677,0.0031065973,0.0030380925,0.0037421118,0.0031623235,0.003521994,0.0031933826,0.0030278598,0.0030671358,0.0029455388
951,0.0034368185,0.0030501327,0.0034959456,0.003245354,0.0036128121,0.0032324225,0.0033556677,0.0031065973,0.0030380925,0.0037421118,0.0031623235,0.003521994,0.0031933826,0.0030278598,0.0030671358,0.0029455388
952,0.0034368185,0.0030501327,0.0034959456,0.003245354,0.0036128121,0.0032324225,0.0033556677,0.0031065973,0.0030380925,0.0037421118,0.0031623235,0.003521994,0.0031933826,0.0030278598,0.0030671358,0.0029455388
953,0.0034368185,0.0030501327,0.0034959456,0.003245354,0.0036128121,0.0032324225,0.0033556677,0.0031065973,0.0030380925,0.0037421118,0.0031623235,0.003521994,0.0031933826,0.0030278598,0.0030671358,0.0029455388
954,0.0034368185,0.0030501327,0.0034959456,0.003245354,0.0036128124,0.0032324225,0.0033556675,0.0031065973,0.0030380923,0.0037421118,0.0031623235,0.0035219938,0.0031933826,0.0030278598,0.0030671358,0.0029455388
955,0.0034368185,0.0030501327,0.0034959456,0.003245354,0.0036128124,0.0032324225,0.0033556675,0.0031065973,0.0030380923,0.0037421118,0.0031623235,0.0035219938,0.0031933826,0.0030278598,0.0030671358,0.0029455388
956,0.0034368185,0.0030501327,0.0034959456,0.003245354,0.0036128124,0.0032324225,0.0033556675,0.0031065973,0.0030380923,0.0037421118,0.0031623235,0.0035219938,0.0031933826,0.0030278598,0.0030671358,0.0029455388
957,0.0034368185,0.0030501327,0.0034959456,0.003245354,0.0036128124,0.0032324225,0.0033556675,0.0031065973,0.0030380923,0.0037421118,0.0031623235,0.0035219938,0.0031933826,0.0030278598,0.0030671358,0.0029455388
958,0.0034368185,0.0030501327,0.0034959456,0.003245354,0.0036128124,0.0032324225,0.0033556675,0.0031065973,0.0030380923,0.0037421118,0.0031623235,0.0035219938,0.0031933826,0.0030278598,0.0030671358,0.0029455388
959,0.0034368185,0.0030501327,0.0034959456,0.003245354,0.0036128124,0.0032324225,0.0033556675,0.0031065973,0.0030380923,0.0037421118,0.0031623235,0.0035219938,0.0031933826,0.0030278598,0.0030671358,0.0029455388
960,0.0034368185,0.0030501327,0.0034959456,0.003245354,0.0036128124,0.0032324225,0.0033556675,0.0031065973,0.0030380923,0.0037421118,0.0031623235,0.0035219938,0.0031933826,0.0030278598,0.0030671358,0.0029455388
961,0.0034368185,0.0030501327,0.0034959456,0.003245354,0.0036128124,0.0032324225,0.0033556675,0.0031065973,0.0030380923,0.0037421118,0.0031623235,0.0035219938,0.0031933826,0.0030278598,0.0030671358,0.0029455388
962,0.0034368185,0.0030501327,0.0034959456,0.003245354,0.0036128124,0.0032324225,0.0033556675,0.0031065973,0.0030380923,0.0037421118,0.0031623235,0.0035219938,0.0031933826,0.0030278598,0.0030671358,0.0029455388
963,0.0034368185,0.0030501327,0.0034959456,0.003245354,0.0036128124,0.0032324225,0.0033556675,0.0031065973,0.0030380923,0.0037421118,0.0031623235,0.0035219938,0.0031933826,0.0030278598,0.0030671358,0.0029455388
964,0.0034368185,0.0030501327,0.0034959456,0.003245354,0.0036128124,0.0032324225,0.0033556675,0.0031065973,0.0030380923,0.0037421118,0.0031623235,0.0035219938,0.0031933826,0.0030278598,0.0030671358,0.0029455388
965,0.0034368185,0.0030501327,0.0034959456,0.003245354,0.0036128124,0.0032324225,0.0033556675,0.0031065973,0.0030380923,0.0037421118,0.0031623235,0.0035219938,0.0031933826,0.0030278598,0.0030671358,0.0029455388
966,0.0034368185,0.0030501327,0.0034959456,0.003245354,0.0036128124,0.0032324225,0.0033556675,0.0031065973,0.0030380923,0.0037421118,0.0031623235,0.0035219938,0.0031933826,0.0030278598,0.0030671358,0.0029455388
967,0.0034368187,0.0030501327,0.0034959456,0.003245354,0.0036128126,0.0032324225,0.0033556675,0.0031065973,0.0030380923,0.0037421118,0.0031623235,0.0035219938,0.0031933826,0.0030278598,0.0030671358,0.0029455388
968,0.0034368187,0.0030501327,0.0034959456,0.003245354,0.0036128126,0.0032324225,0.0033556675,0.0031065973,0.0030380923,0.0037421118,0.0031623235,0.0035219938,0.0031933826,0.0030278598,0.0030671358,0.0029455388
969,0.0034368187,0.0030501327,0.0034959456,0.003245354,0.0036128126,0.0032324225,0.0033556675,0.0031065973,0.0030380923,0.0037421118,0.0031623235,0.0035219938,0.0031933826,0.0030278598,0.0030671358,0.0029455388
970,0.0034368187,0.0030501327,0.0034959456,0.003245354,0.0036128126,0.0032324225,0.0033556675,0.0031065973,0.0030380923,0.0037421118,0.0031623235,0.0035219938,0.0031933826,0.0030278598,0.0030671358,0.0029455388
971,0.0034368187,0.0030501327,0.0034959456,0.003245354,0.0036128128,0.0032324225,0.0033556675,0.0031065973,0.0030380923,0.003742112,0.0031623235,0.0035219935,0.0031933826,0.0030278598,0.0030671358,0.0029455388
972,0.0034368187,0.0030501327,0.0034959456,0.003245354,0.0036128128,0.0032324225,0.0033556675,0.0031065973,0.0030380923,0.003742112,0.0031623235,0.0035219935,0.0031933826,0.0030278598,0.0030671358,0.0029455388
973,0.0034368187,0.0030501327,0.0034959456,0.003245354,0.0036128128,0.0032324225,0.0033556675,0.0031065973,0.0030380923,0.003742112,0.0031623235,0.0035219935,0.0031933826,0.0030278598,0.0030671358,0.0029455388
974,0.0034368187,0.0030501327,0.0034959456,0.003245354,0.0036128128,0.0032324225,0.0033556675,0.0031065973,0.0030380923,0.003742112,0.0031623235,0.0035219935,0.0031933826,0.0030278598,0.0030671358,0.0029455388
975,0.0034368187,0.0030501327,0.0034959456,0.003245354,0.0036128128,0.0032324225,0.0033556675,0.0031065973,0.0030380923,0.003742112,0.0031623235,0.0035219935,0.0031933826,0.0030278598,0.0030671358,0.0029455388
976,0.0034368187,0.0030501327,0.0034959456,0.003245354,0.003612813,0.0032324225,0.0033556675,0.0031065973,0.0030380923,0.003742112,0.0031623235,0.0035219933,0.0031933826,0.0030278598,0.0030671358,0.0029455388
977,0.0034368187,0.0030501327,0.0034959456,0.003245354,0.003612813,0.0032324225,0.0033556675,0.0031065973,0.0030380923,0.003742112,0.0031623235,0.0035219933,0.0031933826,0.0030278598,0.0030671358,0.0029455388
978,0.0034368187,0.0030501327,0.0034959456,0.003245354,0.003612813,0.0032324225,0.0033556675,0.0031065973,0.0030380923,0.003742112,0.0031623235,0.0035219933,0.0031933826,0.0030278598,0.0030671358,0.0029455388
979,0.0034368187,0.0030501327,0.0034959456,0.003245354,0.003612813,0.0032324225,0.0033556675,0.0031065973,0.0030380923,0.003742112,0.0031623235,0.0035219933,0.0031933826,0.0030278598,0.0030671358,0.0029455388
980,0.0034368187,0.0030501327,0.0034959456,0.003245354,0.003612813,0.0032324225,0.0033556675,0.0031065973,0.0030380923,0.003742112,0.0031623235,0.0035219933,0.0031933826,0.0030278598,0.0030671358,0.0029455388
981,0.0034368187,0.0030501324,0.0034959458,0.003245354,0.0036128133,0.0032324225,0.0033556675,0.0031065973,0.003038092,0.003742112,0.0031623235,0.0035219933,0.0031933826,0.0030278598,0.0030671358,0.0029455388
982,0.0034368187,0.0030501324,0.0034959458,0.003245354,0.0036128133,0.0032324225,0.0033556675,0.0031065973,0.003038092,0.003742112,0.0031623235,0.0035219933,0.0031933826,0.0030278598,0.0030671358,0.0029455388
983,0.0034368187,0.0030501324,0.0034959458,0.003245354,0.0036128133,0.0032324225,0.0033556675,0.0031065973,0.003038092,0.003742112,0.0031623235,0.0035219933,0.0031933826,0.0030278598,0.0030671358,0.0029455388
984,0.0034368187,0.0030501324,0.0034959458,0.003245354,0.0036128133,0.0032324225,0.0033556675,0.0031065973,0.003038092,0.003742112,0.0031623235,0.0035219933,0.0031933826,0.0030278598,0.0030671358,0.0029455388
985,0.0034368187,0.0030501324,0.0034959458,0.003245354,0.0036128133,0.0032324225,0.0033556675,0.0031065973,0.003038092,0.003742112,0.0031623235,0.0035219933,0.0031933826,0.0030278598,0.0030671358,0.0029455388
986,0.0034368187,0.0030501324,0.0034959458,0.003245354,0.0036128133,0.0032324225,0.0033556672,0.0031065973,0.003038092,0.003742112,0.0031623235,0.003521993,0.0031933826,0.0030278598,0.0030671358,0.0029455388
987,0.0034368187,0.0030501324,0.0034959458,0.003245354,0.0036128133,0.0032324225,0.0033556672,0.0031065973,0.003038092,0.003742112,0.0031623235,0.003521993,0.0031933826,0.0030278598,0.0030671358,0.0029455388
988,0.0034368187,0.0030501324,0.0034959458,0.003245354,0.0036128133,0.0032324225,0.0033556672,0.0031065973,0.003038092,0.003742112,0.0031623235,0.003521993,0.0031933826,0.0030278598,0.0030671358,0.0029455388
989,0.0034368187,0.0030501324,0.0034959458,0.003245354,0.0036128133,0.0032324225,0.0033556672,0.0031065973,0.003038092,0.003742112,0.0031623235,0.003521993,0.0031933826,0.0030278598,0.0030671358,0.0029455388
990,0.0034368187,0.0030501324,0.0034959458,0.003245354,0.0036128133,0.0032324225,0.0033556672,0.0031065973,0.003038092,0.003742112,0.0031623235,0.003521993,0.0031933826,0.0030278598,0.0030671358,0.0029455388
991,0.0034368187,0.0030501324,0.0034959458,0.003245354,0.0036128133,0.0032324225,0.0033556672,0.0031065973,0.003038092,0.003742112,0.0031623235,0.003521993,0.0031933826,0.0030278598,0.0030671358,0.0029455388
992,0.0034368187,0.0030501324,0.0034959458,0.003245354,0.0036128133,0.0032324225,0.0033556672,0.0031065973,0.003038092,0.003742112,0.0031623235,0.003521993,0.0031933826,0.0030278598,0.0030671358,0.0029455388
993,0.003436819,0.0030501324,0.0034959458,0.003245354,0.0036128135,0.0032324225,0.0033556672,0.0031065973,0.003038092,0.003742112,0.0031623235,0.0035219928,0.0031933826,0.0030278598,0.0030671358,0.0029455388
994,0.003436819,0.0030501324,0.0034959458,0.003245354,0.0036128135,0.0032324225,0.0033556672,0.0031065973,0.003038092,0.003742112,0.0031623235,0.0035219928,0.0031933826,0.0030278598,0.0030671358,0.0029455388
995,0.003436819,0.0030501324,0.0034959458,0.003245354,0.0036128135,0.0032324225,0.0033556672,0.0031065973,0.003038092,0.003742112,0.0031623235,0.0035219928,0.0031933826,0.0030278598,0.0030671358,0.0029455388
996,0.003436819,0.0030501324,0.0034959458,0.003245354,0.0036128135,0.0032324225,0.0033556672,0.0031065973,0.003038092,0.003742112,0.0031623235,0.0035219928,0.0031933826,0.0030278598,0.0030671358,0.0029455388
997,0.003436819,0.0030501324,0.0034959458,0.003245354,0.0036128135,0.0032324225,0.0033556672,0.0031065973,0.003038092,0.003742112,0.0031623235,0.0035219928,0.0031933826,0.0030278598,0.0030671358,0.0029455388
998,0.003436819,0.0030501324,0.0034959458,0.003245354,0.0036128135,0.0032324225,0.0033556672,0.0031065973,0.003038092,0.003742112,0.0031623235,0.0035219928,0.0031933826,0.0030278598,0.0030671358,0.0029455388
999,0.003436819,0.0030501324,0.0034959458,0.003245354,0.0036128138,0.0032324228,0.0033556672,0.0031065973,0.003038092,0.0037421123,0.0031623235,0.0035219926,0.0031933826,0.0030278598,0.0030671358,0.0029455388
1000,0.003436819,0.0030501322,0.003495946,0.003245354,0.003612814,0.0032324228,0.0033556672,0.0031065973,0.0030380918,0.0037421123,0.0031623235,0.0035219928,0.0031933826,0.0030278598,0.0030671358,0.0029455388
1001,0.003436819,0.0030501322,0.003495946,0.003245354,0.003612814,0.0032324228,0.0033556672,0.0031065973,0.0030380918,0.0037421123,0.0031623235,0.0035219928,0.0031933826,0.0030278598,0.0030671358,0.0029455388
1002,0.003436819,0.0030501322,0.003495946,0.003245354,0.003612814,0.0032324228,0.0033556672,0.0031065973,0.0030380918,0.0037421123,0.0031623235,0.0035219928,0.0031933826,0.0030278598,0.0030671358,0.0029455388
1003,0.003436819,0.0030501322,0.003495946,0.003245354,0.003612814,0.0032324228,0.0033556672,0.0031065973,0.0030380918,0.0037421123,0.0031623235,0.0035219928,0.0031933826,0.0030278598,0.0030671358,0.0029455388
1004,0.003436819,0.0030501322,0.003495946,0.003245354,0.003612814,0.0032324228,0.0033556672,0.0031065973,0.0030380918,0.0037421123,0.0031623235,0.0035219928,0.0031933826,0.0030278598,0.0030671358,0.0029455388
1005,0.003436819,0.0030501322,0.003495946,0.003245354,0.003612814,0.0032324228,0.0033556672,0.0031065973,0.0030380918,0.0037421123,0.0031623235,0.0035219928,0.0031933826,0.0030278598,0.0030671358,0.0029455388
1006,0.003436819,0.0030501322,0.003495946,0.003245354,0.003612814,0.0032324228,0.0033556672,0.0031065973,0.0030380918,0.0037421123,0.0031623235,0.0035219928,0.0031933826,0.0030278598,0.0030671358,0.0029455388
1007,0.003436819,0.0030501322,0.003495946,0.003245354,0.0036128142,0.0032324228,0.003355667,0.0031065976,0.0030380918,0.0037421123,0.0031623235,0.0035219928,0.0031933826,0.0030278598,0.0030671358,0.0029455388
1008,0.003436819,0.0030501322,0.003495946,0.003245354,0.0036128142,0.0032324228,0.003355667,0.0031065976,0.0030380918,0.0037421123,0.0031623235,0.0035219928,0.0031933826,0.0030278598,0.0030671358,0.0029455388
1009,0.0034368192,0.0030501322,0.003495946,0.003245354,0.0036128145,0.0032324228,0.003355667,0.0031065976,0.0030380918,0.0037421123,0.0031623235,0.0035219928,0.0031933826,0.0030278598,0.0030671358,0.0029455388
1010,0.0034368192,0.0030501322,0.003495946,0.003245354,0.0036128145,0.0032324228,0.003355667,0.0031065976,0.0030380918,0.0037421123,0.0031623235,0.0035219928,0.0031933826,0.0030278598,0.0030671358,0.0029455388
1011,0.0034368192,0.0030501322,0.003495946,0.003245354,0.0036128145,0.0032324228,0.003355667,0.0031065976,0.0030380918,0.0037421123,0.0031623235,0.0035219928,0.0031933826,0.0030278598,0.0030671358,0.0029455388
1012,0.0034368192,0.0030501322,0.003495946,0.003245354,0.0036128145,0.0032324228,0.003355667,0.0031065976,0.0030380918,0.0037421123,0.0031623235,0.0035219928,0.0031933826,0.0030278598,0.0030671358,0.0029455388
1013,0.0034368192,0.0030501322,0.003495946,0.003245354,0.0036128145,0.0032324228,0.003355667,0.0031065976,0.0030380918,0.0037421123,0.0031623235,0.0035219928,0.0031933826,0.0030278598,0.0030671358,0.0029455388
1014,0.0034368192,0.0030501322,0.003495946,0.003245354,0.0036128147,0.0032324228,0.003355667,0.0031065976,0.0030380918,0.0037421125,0.0031623235,0.0035219928,0.0031933826,0.00302786,0.0030671358,0.0029455386
1015,0.0034368192,0.0030501322,0.003495946,0.003245354,0.0036128147,0.0032324228,0.003355667,0.0031065976,0.0030380918,0.0037421125,0.0031623235,0.0035219928,0.0031933826,0.00302786,0.0030671358,0.0029455386
1016,0.0034368192,0.0030501322,0.003495946,0.003245354,0.0036128147,0.0032324228,0.003355667,0.0031065976,0.0030380918,0.0037421125,0.0031623235,0.0035219928,0.0031933826,0.00302786,0.0030671358,0.0029455386
1017,0.0034368192,0.0030501322,0.003495946,0.003245354,0.0036128147,0.0032324228,0.003355667,0.0031065976,0.0030380918,0.0037421125,0.0031623235,0.0035219928,0.0031933826,0.00302786,0.0030671358,0.0029455386
1018,0.0034368192,0.003050132,0.003495946,0.003245354,0.003612815,0.0032324228,0.003355667,0.0031065976,0.0030380916,0.0037421125,0.0031623235,0.003521993,0.0031933826,0.00302786,0.0030671358,0.0029455386
1019,0.0034368192,0.003050132,0.003495946,0.003245354,0.003612815,0.0032324228,0.003355667,0.0031065976,0.0030380916,0.0037421125,0.0031623235,0.003521993,0.0031933826,0.00302786,0.0030671358,0.0029455386
1020,0.0034368192,0.003050132,0.003495946,0.003245354,0.003612815,0.0032324228,0.003355667,0.0031065976,0.0030380916,0.0037421125,0.0031623235,0.003521993,0.0031933826,0.00302786,0.0030671358,0.0029455386
1021,0.0034368192,0.003050132,0.0034959463,0.003245354,0.003612815,0.0032324228,0.003355667,0.0031065976,0.0030380916,0.0037421125,0.0031623235,0.003521993,0.0031933826,0.00302786,0.0030671358,0.0029455386
1022,0.0034368192,0.003050132,0.0034959463,0.003245354,0.003612815,0.0032324228,0.003355667,0.0031065976,0.0030380916,0.0037421125,0.0031623235,0.003521993,0.0031933826,0.00302786,0.0030671358,0.0029455386
1023,0.0034368194,0.003050132,0.0034959463,0.003245354,0.0036128152,0.0032324228,0.0033556668,0.0031065976,0.0030380916,0.0037421125,0.0031623235,0.003521993,0.0031933826,0.00302786,0.0030671358,0.0029455386
1024,0.0034368194,0.003050132,0.0034959463,0.003245354,0.0036128152,0.0032324228,0.0033556668,0.0031065976,0.0030380916,0.0037421125,0.0031623235,0.003521993,0.0031933826,0.00302786,0.0030671358,0.0029455386
1025,0.0034368194,0.003050132,0.0034959463,0.003245354,0.0036128154,0.0032324228,0.0033556668,0.0031065976,0.0030380916,0.0037421125,0.0031623235,0.003521993,0.0031933829,0.00302786,0.0030671358,0.0029455386
1026,0.0034368194,0.003050132,0.0034959463,0.003245354,0.0036128154,0.0032324228,0.0033556668,0.0031065976,0.0030380916,0.0037421125,0.0031623235,0.003521993,0.0031933829,0.00302786,0.0030671358,0.0029455386
1027,0.0034368194,0.0030501317,0.0034959463,0.003245354,0.0036128154,0.0032324228,0.0033556668,0.0031065976,0.0030380914,0.0037421128,0.0031623235,0.003521993,0.0031933829,0.00302786,0.0030671358,0.0029455386
1028,0.0034368194,0.0030501317,0.0034959463,0.003245354,0.0036128154,0.0032324228,0.0033556668,0.0031065976,0.0030380914,0.0037421128,0.0031623235,0.003521993,0.0031933829,0.00302786,0.0030671358,0.0029455386
1029,0.0034368194,0.0030501317,0.0034959465,0.003245354,0.0036128154,0.0032324228,0.0033556668,0.0031065976,0.0030380914,0.0037421128,0.0031623235,0.0035219933,0.0031933829,0.00302786,0.0030671358,0.0029455386
1030,0.0034368194,0.0030501317,0.0034959465,0.003245354,0.0036128154,0.0032324228,0.0033556668,0.0031065976,0.0030380914,0.0037421128,0.0031623235,0.0035219933,0.0031933829,0.00302786,0.0030671358,0.0029455386
1031,0.0034368194,0.0030501317,0.0034959465,0.003245354,0.0036128154,0.0032324228,0.0033556668,0.0031065976,0.0030380914,0.0037421128,0.0031623235,0.0035219933,0.0031933829,0.00302786,0.0030671358,0.0029455386
1032,0.0034368194,0.0030501317,0.0034959465,0.003245354,0.0036128154,0.0032324228,0.0033556668,0.0031065976,0.0030380914,0.0037421128,0.0031623235,0.0035219933,0.0031933829,0.00302786,0.0030671358,0.0029455386
1033,0.0034368194,0.0030501317,0.0034959465,0.003245354,0.0036128154,0.0032324228,0.0033556668,0.0031065976,0.0030380914,0.0037421128,0.0031623235,0.0035219933,0.0031933829,0.00302786,0.0030671358,0.0029455386
1034,0.0034368197,0.0030501317,0.0034959465,0.003245354,0.0036128154,0.0032324228,0.0033556665,0.0031065976,0.0030380914,0.0037421128,0.0031623235,0.0035219933,0.0031933829,0.00302786,0.0030671358,0.0029455386
1035,0.0034368197,0.0030501317,0.0034959465,0.003245354,0.0036128154,0.0032324228,0.0033556665,0.0031065976,0.0030380914,0.0037421128,0.0031623235,0.0035219933,0.0031933829,0.00302786,0.0030671358,0.0029455386
1036,0.0034368197,0.0030501317,0.0034959465,0.003245354,0.0036128154,0.0032324228,0.0033556665,0.0031065976,0.0030380914,0.0037421128,0.0031623235,0.0035219933,0.0031933829,0.00302786,0.0030671358,0.0029455386
1037,0.0034368197,0.0030501315,0.0034959465,0.003245354,0.0036128154,0.0032324228,0.0033556665,0.0031065976,0.0030380911,0.0037421128,0.0031623235,0.0035219933,0.0031933829,0.00302786,0.0030671358,0.0029455386
1038,0.0034368197,0.0030501315,0.0034959465,0.003245354,0.0036128154,0.0032324228,0.0033556665,0.0031065976,0.0030380911,0.0037421128,0.0031623235,0.0035219933,0.0031933829,0.00302786,0.0030671358,0.0029455386
1039,0.0034368197,0.0030501315,0.0034959465,0.003245354,0.0036128154,0.0032324228,0.0033556665,0.0031065976,0.0030380911,0.003742113,0.0031623235,0.0035219935,0.0031933829,0.00302786,0.0030671358,0.0029455386
1040,0.0034368197,0.0030501315,0.0034959465,0.003245354,0.0036128154,0.0032324228,0.0033556665,0.0031065976,0.0030380911,0.003742113,0.0031623235,0.0035219935,0.0031933829,0.00302786,0.0030671358,0.0029455386
1041,0.0034368197,0.0030501315,0.0034959465,0.003245354,0.0036128154,0.0032324228,0.0033556665,0.0031065976,0.0030380911,0.003742113,0.0031623235,0.0035219935,0.0031933829,0.00302786,0.0030671358,0.0029455386
1042,0.0034368197,0.0030501315,0.0034959465,0.003245354,0.0036128154,0.0032324228,0.0033556665,0.0031065976,0.0030380911,0.003742113,0.0031623235,0.0035219935,0.0031933829,0.00302786,0.0030671358,0.0029455386
1043,0.0034368199,0.0030501315,0.0034959468,0.003245354,0.0036128154,0.0032324228,0.0033556663,0.0031065976,0.0030380911,0.003742113,0.0031623235,0.0035219935,0.0031933829,0.00302786,0.0030671358,0.0029455386
1044,0.0034368199,0.0030501315,0.0034959468,0.003245354,0.0036128154,0.0032324228,0.0033556663,0.0031065976,0.0030380911,0.003742113,0.0031623235,0.0035219935,0.0031933829,0.00302786,0.0030671358,0.0029455386
1045,0.0034368199,0.0030501315,0.0034959468,0.003245354,0.0036128154,0.0032324228,0.0033556663,0.0031065976,0.0030380911,0.003742113,0.0031623235,0.0035219935,0.0031933829,0.00302786,0.0030671358,0.0029455386
1046,0.0034368199,0.0030501315,0.0034959468,0.003245354,0.0036128154,0.0032324228,0.0033556663,0.0031065976,0.0030380911,0.003742113,0.0031623235,0.0035219935,0.0031933829,0.00302786,0.0030671358,0.0029455386
1047,0.0034368199,0.0030501315,0.0034959468,0.003245354,0.0036128154,0.0032324228,0.0033556663,0.0031065976,0.0030380911,0.003742113,0.0031623235,0.0035219935,0.0031933829,0.00302786,0.0030671358,0.0029455386
1048,0.0034368199,0.0030501315,0.0034959468,0.003245354,0.0036128154,0.0032324228,0.0033556663,0.0031065976,0.0030380911,0.003742113,0.0031623235,0.0035219935,0.0031933829,0.00302786,0.0030671358,0.0029455386
1049,0.0034368199,0.0030501313,0.0034959468,0.003245354,0.0036128154,0.0032324228,0.0033556663,0.0031065976,0.003038091,0.003742113,0.0031623235,0.0035219935,0.0031933829,0.00302786,0.0030671358,0.0029455386
1050,0.0034368199,0.0030501313,0.0034959468,0.003245354,0.0036128154,0.0032324228,0.0033556663,0.0031065976,0.003038091,0.003742113,0.0031623235,0.0035219935,0.0031933829,0.00302786,0.0030671358,0.0029455386
1051,0.0034368199,0.0030501313,0.0034959468,0.003245354,0.0036128154,0.0032324228,0.0033556663,0.0031065976,0.003038091,0.003742113,0.0031623235,0.0035219935,0.0031933829,0.00302786,0.0030671358,0.0029455386
1052,0.0034368199,0.0030501313,0.0034959468,0.003245354,0.0036128154,0.0032324228,0.0033556663,0.0031065976,0.003038091,0.0037421128,0.0031623235,0.0035219935,0.0031933829,0.00302786,0.0030671358,0.0029455386
1053,0.0034368199,0.0030501313,0.0034959468,0.003245354,0.0036128154,0.0032324228,0.0033556663,0.0031065976,0.003038091,0.0037421128,0.0031623235,0.0035219935,0.0031933829,0.00302786,0.0030671358,0.0029455386
1054,0.0034368199,0.0030501313,0.0034959468,0.003245354,0.0036128154,0.0032324228,0.0033556663,0.0031065976,0.003038091,0.0037421128,0.0031623235,0.0035219935,0.0031933829,0.00302786,0.0030671358,0.0029455386
1055,0.0034368199,0.0030501313,0.0034959468,0.003245354,0.0036128154,0.0032324228,0.0033556663,0.0031065976,0.003038091,0.003742113,0.0031623235,0.0035219938,0.0031933829,0.00302786,0.0030671358,0.0029455386
1056,0.0034368199,0.0030501313,0.0034959468,0.003245354,0.0036128154,0.0032324228,0.0033556663,0.0031065976,0.003038091,0.003742113,0.0031623235,0.0035219938,0.0031933829,0.00302786,0.0030671358,0.0029455386
1057,0.0034368199,0.0030501313,0.0034959468,0.003245354,0.0036128154,0.0032324228,0.0033556663,0.0031065976,0.003038091,0.003742113,0.0031623235,0.0035219938,0.0031933829,0.00302786,0.0030671358,0.0029455386
1058,0.0034368199,0.0030501313,0.0034959468,0.003245354,0.0036128154,0.0032324228,0.0033556663,0.0031065976,0.003038091,0.003742113,0.0031623235,0.0035219938,0.0031933829,0.00302786,0.0030671358,0.0029455386
1059,0.00343682,0.0030501313,0.003495947,0.003245354,0.0036128154,0.0032324228,0.003355666,0.0031065976,0.003038091,0.003742113,0.0031623235,0.0035219938,0.0031933829,0.00302786,0.0030671358,0.0029455386
1060,0.00343682,0.0030501313,0.003495947,0.003245354,0.0036128154,0.0032324228,0.003355666,0.0031065976,0.003038091,0.003742113,0.0031623235,0.0035219938,0.0031933829,0.00302786,0.0030671358,0.0029455386
1061,0.00343682,0.0030501313,0.003495947,0.003245354,0.0036128154,0.0032324228,0.003355666,0.0031065976,0.003038091,0.003742113,0.0031623235,0.0035219938,0.0031933829,0.00302786,0.0030671358,0.0029455386
1062,0.00343682,0.0030501313,0.003495947,0.003245354,0.0036128154,0.0032324228,0.003355666,0.0031065976,0.003038091,0.003742113,0.0031623235,0.0035219938,0.0031933829,0.00302786,0.0030671358,0.0029455386
1063,0.00343682,0.0030501313,0.003495947,0.003245354,0.0036128154,0.0032324228,0.003355666,0.0031065976,0.003038091,0.003742113,0.0031623235,0.0035219938,0.0031933829,0.00302786,0.0030671358,0.0029455386
1064,0.00343682,0.0030501313,0.003495947,0.003245354,0.0036128154,0.0032324228,0.003355666,0.0031065976,0.003038091,0.003742113,0.0031623235,0.0035219938,0.0031933829,0.00302786,0.0030671358,0.0029455386
1065,0.00343682,0.0030501313,0.003495947,0.003245354,0.0036128154,0.0032324228,0.003355666,0.0031065976,0.003038091,0.003742113,0.0031623235,0.0035219938,0.0031933829,0.00302786,0.0030671358,0.0029455386
1066,0.00343682,0.003050131,0.003495947,0.003245354,0.0036128154,0.003232423,0.003355666,0.0031065978,0.0030380907,0.003742113,0.0031623235,0.0035219938,0.0031933829,0.00302786,0.0030671358,0.0029455386
1067,0.00343682,0.003050131,0.003495947,0.003245354,0.0036128154,0.003232423,0.003355666,0.0031065978,0.0030380907,0.003742113,0.0031623235,0.0035219938,0.0031933829,0.00302786,0.0030671358,0.0029455386
1068,0.00343682,0.003050131,0.003495947,0.003245354,0.0036128154,0.003232423,0.003355666,0.0031065978,0.0030380907,0.003742113,0.0031623235,0.0035219938,0.0031933829,0.00302786,0.0030671358,0.0029455386
1069,0.00343682,0.003050131,0.003495947,0.003245354,0.0036128154,0.003232423,0.003355666,0.0031065978,0.0030380907,0.003742113,0.0031623235,0.0035219938,0.0031933829,0.0030278603,0.0030671358,0.0029455384
1070,0.00343682,0.003050131,0.003495947,0.003245354,0.0036128154,0.003232423,0.003355666,0.0031065978,0.0030380907,0.0037421132,0.0031623235,0.0035219938,0.003193383,0.0030278603,0.0030671358,0.0029455384
1071,0.0034368203,0.0030501308,0.0034959472,0.003245354,0.0036128154,0.003232423,0.0033556658,0.0031065978,0.0030380904,0.0037421132,0.0031623235,0.003521994,0.003193383,0.0030278603,0.0030671358,0.0029455384
1072,0.0034368203,0.0030501308,0.0034959472,0.003245354,0.0036128154,0.003232423,0.0033556658,0.0031065978,0.0030380904,0.0037421132,0.0031623235,0.003521994,0.003193383,0.0030278603,0.0030671358,0.0029455384
1073,0.0034368203,0.0030501308,0.0034959472,0.003245354,0.0036128154,0.003232423,0.0033556658,0.0031065978,0.0030380904,0.0037421132,0.0031623235,0.003521994,0.003193383,0.0030278603,0.0030671358,0.0029455384
1074,0.0034368203,0.0030501308,0.0034959472,0.003245354,0.0036128154,0.003232423,0.0033556658,0.0031065978,0.0030380904,0.0037421132,0.0031623235,0.003521994,0.003193383,0.0030278603,0.0030671358,0.0029455384
1075,0.0034368203,0.0030501308,0.0034959472,0.003245354,0.0036128154,0.003232423,0.0033556658,0.0031065978,0.0030380904,0.0037421132,0.0031623235,0.003521994,0.003193383,0.0030278603,0.0030671358,0.0029455384
1076,0.0034368203,0.0030501308,0.0034959472,0.003245354,0.0036128154,0.003232423,0.0033556658,0.0031065978,0.0030380904,0.0037421132,0.0031623235,0.003521994,0.003193383,0.0030278603,0.0030671358,0.0029455384
1077,0.0034368203,0.0030501308,0.0034959472,0.003245354,0.0036128154,0.003232423,0.0033556658,0.0031065978,0.0030380904,0.0037421132,0.0031623235,0.003521994,0.003193383,0.0030278603,0.0030671358,0.0029455384
1078,0.0034368203,0.0030501308,0.0034959472,0.003245354,0.0036128154,0.003232423,0.0033556658,0.0031065978,0.0030380904,0.0037421132,0.0031623235,0.003521994,0.003193383,0.0030278603,0.0030671358,0.0029455384
1079,0.0034368203,0.0030501308,0.0034959472,0.003245354,0.0036128154,0.003232423,0.0033556658,0.0031065978,0.0030380904,0.0037421132,0.0031623235,0.003521994,0.003193383,0.0030278603,0.0030671358,0.0029455384
1080,0.0034368203,0.0030501308,0.0034959472,0.003245354,0.0036128154,0.003232423,0.0033556658,0.0031065978,0.0030380904,0.0037421132,0.0031623235,0.003521994,0.003193383,0.0030278603,0.0030671358,0.0029455384
1081,0.0034368203,0.0030501308,0.0034959472,0.003245354,0.0036128154,0.003232423,0.0033556658,0.0031065978,0.0030380904,0.0037421132,0.0031623235,0.003521994,0.003193383,0.0030278603,0.0030671358,0.0029455384
1082,0.0034368203,0.0030501308,0.0034959472,0.003245354,0.0036128154,0.003232423,0.0033556658,0.0031065978,0.0030380904,0.0037421135,0.0031623235,0.003521994,0.003193383,0.0030278603,0.0030671358,0.0029455384
1083,0.0034368203,0.0030501308,0.0034959472,0.003245354,0.0036128154,0.003232423,0.0033556658,0.0031065978,0.0030380904,0.0037421135,0.0031623235,0.003521994,0.003193383,0.0030278603,0.0030671358,0.0029455384
1084,0.0034368203,0.0030501308,0.0034959472,0.003245354,0.0036128154,0.003232423,0.0033556658,0.0031065978,0.0030380904,0.0037421135,0.0031623235,0.003521994,0.003193383,0.0030278603,0.0030671358,0.0029455384
1085,0.0034368203,0.0030501308,0.0034959472,0.003245354,0.0036128154,0.003232423,0.0033556658,0.0031065978,0.0030380904,0.0037421135,0.0031623235,0.003521994,0.003193383,0.0030278603,0.0030671358,0.0029455384
1086,0.0034368203,0.0030501308,0.0034959472,0.003245354,0.0036128154,0.003232423,0.0033556658,0.0031065978,0.0030380904,0.0037421135,0.0031623235,0.003521994,0.003193383,0.0030278603,0.0030671358,0.0029455384
1087,0.0034368206,0.0030501306,0.0034959475,0.003245354,0.0036128154,0.003232423,0.0033556656,0.0031065978,0.0030380902,0.0037421135,0.0031623235,0.0035219942,0.003193383,0.0030278603,0.0030671358,0.0029455384
1088,0.0034368206,0.0030501306,0.0034959475,0.003245354,0.0036128154,0.003232423,0.0033556656,0.0031065978,0.0030380902,0.0037421135,0.0031623235,0.0035219942,0.003193383,0.0030278603,0.0030671358,0.0029455384
1089,0.0034368206,0.0030501306,0.0034959475,0.003245354,0.0036128154,0.003232423,0.0033556656,0.0031065978,0.0030380902,0.0037421135,0.0031623235,0.0035219942,0.003193383,0.0030278603,0.0030671358,0.0029455384
1090,0.0034368206,0.0030501306,0.0034959475,0.003245354,0.0036128154,0.003232423,0.0033556656,0.0031065978,0.0030380902,0.0037421135,0.0031623235,0.0035219942,0.003193383,0.0030278603,0.0030671358,0.0029455384
1091,0.0034368206,0.0030501306,0.0034959475,0.003245354,0.0036128154,0.003232423,0.0033556656,0.0031065978,0.0030380902,0.0037421135,0.0031623235,0.0035219942,0.003193383,0.0030278603,0.0030671358,0.0029455384
1092,0.0034368206,0.0030501306,0.0034959475,0.003245354,0.0036128154,0.003232423,0.0033556656,0.0031065978,0.0030380902,0.0037421135,0.0031623235,0.0035219942,0.003193383,0.0030278603,0.0030671358,0.0029455384
1093,0.0034368206,0.0030501306,0.0034959475,0.003245354,0.0036128154,0.003232423,0.0033556656,0.0031065978,0.0030380902,0.0037421135,0.0031623235,0.0035219942,0.003193383,0.0030278603,0.0030671358,0.0029455384
1094,0.0034368206,0.0030501306,0.0034959475,0.003245354,0.0036128154,0.003232423,0.0033556656,0.0031065978,0.0030380902,0.0037421135,0.0031623235,0.0035219942,0.003193383,0.0030278603,0.0030671358,0.0029455384
1095,0.0034368206,0.0030501306,0.0034959475,0.003245354,0.0036128154,0.003232423,0.0033556656,0.0031065978,0.0030380902,0.0037421135,0.0031623235,0.0035219942,0.003193383,0.0030278603,0.0030671358,0.0029455384
1096,0.0034368206,0.0030501306,0.0034959475,0.003245354,0.0036128154,0.003232423,0.0033556656,0.0031065978,0.0030380902,0.0037421135,0.0031623235,0.0035219942,0.003193383,0.0030278603,0.0030671358,0.0029455384
1097,0.0034368206,0.0030501306,0.0034959475,0.003245354,0.0036128154,0.003232423,0.0033556656,0.0031065978,0.0030380902,0.0037421135,0.0031623235,0.0035219942,0.003193383,0.0030278603,0.0030671358,0.0029455384
1098,0.0034368206,0.0030501306,0.0034959475,0.003245354,0.0036128154,0.003232423,0.0033556656,0.0031065978,0.0030380902,0.0037421135,0.0031623235,0.0035219942,0.003193383,0.0030278603,0.0030671358,0.0029455384
1099,0.0034368206,0.0030501306,0.0034959475,0.003245354,0.0036128154,0.003232423,0.0033556656,0.0031065978,0.0030380902,0.0037421135,0.0031623235,0.0035219942,0.003193383,0.0030278603,0.0030671358,0.0029455384
1100,0.0034368206,0.0030501306,0.0034959475,0.003245354,0.0036128154,0.003232423,0.0033556656,0.0031065978,0.0030380902,0.0037421135,0.0031623235,0.0035219942,0.003193383,0.0030278603,0.0030671358,0.0029455384
1101,0.0034368208,0.0030501303,0.0034959477,0.003245354,0.0036128154,0.003232423,0.0033556654,0.0031065978,0.00303809,0.0037421135,0.0031623235,0.0035219945,0.003193383,0.0030278603,0.0030671358,0.0029455384
1102,0.0034368208,0.0030501303,0.0034959477,0.003245354,0.0036128154,0.003232423,0.0033556654,0.0031065978,0.00303809,0.0037421135,0.0031623235,0.0035219945,0.003193383,0.0030278603,0.0030671358,0.0029455384
1103,0.0034368208,0.0030501303,0.0034959477,0.003245354,0.0036128154,0.003232423,0.0033556654,0.0031065978,0.00303809,0.0037421137,0.0031623235,0.0035219945,0.003193383,0.0030278603,0.0030671358,0.0029455384
1104,0.0034368208,0.0030501303,0.0034959477,0.003245354,0.0036128154,0.003232423,0.0033556654,0.0031065978,0.00303809,0.0037421137,0.0031623235,0.0035219945,0.003193383,0.0030278603,0.0030671358,0.0029455384
1105,0.0034368208,0.0030501303,0.0034959477,0.003245354,0.0036128154,0.003232423,0.0033556654,0.0031065978,0.00303809,0.0037421137,0.0031623235,0.0035219945,0.003193383,0.0030278603,0.0030671358,0.0029455384
1106,0.0034368208,0.0030501303,0.0034959477,0.003245354,0.0036128154,0.003232423,0.0033556654,0.0031065978,0.00303809,0.0037421137,0.0031623235,0.0035219945,0.003193383,0.0030278603,0.0030671358,0.0029455384
1107,0.0034368208,0.0030501303,0.0034959477,0.003245354,0.0036128154,0.003232423,0.0033556654,0.0031065978,0.00303809,0.0037421137,0.0031623235,0.0035219945,0.003193383,0.0030278603,0.0030671358,0.0029455384
1108,0.0034368208,0.0030501303,0.0034959477,0.003245354,0.0036128154,0.003232423,0.0033556654,0.0031065978,0.00303809,0.0037421137,0.0031623235,0.0035219945,0.003193383,0.0030278603,0.0030671358,0.0029455384
1109,0.0034368208,0.00305013,0.0034959477,0.003245354,0.0036128154,0.003232423,0.0033556654,0.0031065978,0.0030380897,0.0037421137,0.0031623235,0.0035219945,0.003193383,0.0030278603,0.0030671358,0.0029455384
1110,0.0034368208,0.00305013,0.0034959477,0.003245354,0.0036128154,0.003232423,0.0033556654,0.0031065978,0.0030380897,0.0037421137,0.0031623235,0.0035219945,0.003193383,0.0030278603,0.0030671358,0.0029455384
1111,0.0034368208,0.00305013,0.0034959477,0.003245354,0.0036128154,0.003232423,0.0033556654,0.0031065978,0.0030380897,0.0037421137,0.0031623235,0.0035219945,0.003193383,0.0030278603,0.0030671358,0.0029455384
1112,0.0034368208,0.00305013,0.0034959477,0.003245354,0.0036128154,0.003232423,0.0033556654,0.0031065978,0.0030380897,0.0037421137,0.0031623235,0.0035219945,0.003193383,0.0030278603,0.0030671358,0.0029455384
1113,0.0034368208,0.00305013,0.0034959477,0.003245354,0.0036128154,0.003232423,0.0033556654,0.0031065978,0.0030380897,0.0037421137,0.0031623235,0.0035219945,0.003193383,0.0030278603,0.0030671358,0.0029455384
1114,0.003436821,0.00305013,0.003495948,0.003245354,0.0036128154,0.003232423,0.0033556651,0.0031065978,0.0030380897,0.003742114,0.0031623235,0.0035219947,0.003193383,0.0030278603,0.0030671358,0.0029455384
1115,0.003436821,0.00305013,0.003495948,0.003245354,0.0036128154,0.003232423,0.0033556651,0.0031065978,0.0030380897,0.003742114,0.0031623235,0.0035219947,0.003193383,0.0030278603,0.0030671358,0.0029455384
1116,0.003436821,0.00305013,0.003495948,0.003245354,0.0036128154,0.003232423,0.0033556651,0.0031065978,0.0030380897,0.003742114,0.0031623235,0.0035219947,0.003193383,0.0030278603,0.0030671358,0.0029455384
1117,0.003436821,0.00305013,0.003495948,0.003245354,0.0036128154,0.003232423,0.0033556651,0.0031065978,0.0030380897,0.003742114,0.0031623235,0.0035219947,0.003193383,0.0030278603,0.0030671358,0.0029455384
1118,0.003436821,0.00305013,0.003495948,0.003245354,0.0036128154,0.003232423,0.0033556651,0.0031065978,0.0030380897,0.003742114,0.0031623235,0.0035219947,0.003193383,0.0030278603,0.0030671358,0.0029455384
1119,0.003436821,0.00305013,0.003495948,0.003245354,0.0036128154,0.003232423,0.0033556651,0.0031065978,0.0030380897,0.003742114,0.0031623235,0.0035219947,0.0031933833,0.0030278603,0.0030671358,0.0029455384
1120,0.003436821,0.00305013,0.003495948,0.003245354,0.0036128154,0.003232423,0.0033556651,0.0031065978,0.0030380897,0.003742114,0.0031623235,0.0035219947,0.0031933833,0.0030278603,0.0030671358,0.0029455384
1121,0.003436821,0.00305013,0.003495948,0.003245354,0.0036128154,0.003232423,0.0033556651,0.0031065978,0.0030380897,0.003742114,0.0031623235,0.0035219947,0.0031933833,0.0030278603,0.0030671358,0.0029455384
1122,0.003436821,0.00305013,0.003495948,0.003245354,0.0036128154,0.003232423,0.0033556651,0.0031065978,0.0030380897,0.003742114,0.0031623235,0.0035219947,0.0031933833,0.0030278603,0.0030671358,0.0029455384
1123,0.003436821,0.00305013,0.003495948,0.003245354,0.0036128154,0.003232423,0.0033556651,0.003106598,0.0030380895,0.003742114,0.0031623235,0.0035219947,0.0031933833,0.0030278605,0.0030671358,0.0029455381
1124,0.003436821,0.00305013,0.003495948,0.003245354,0.0036128154,0.003232423,0.0033556651,0.003106598,0.0030380895,0.003742114,0.0031623235,0.0035219947,0.0031933833,0.0030278605,0.0030671358,0.0029455381
1125,0.003436821,0.00305013,0.003495948,0.003245354,0.0036128154,0.003232423,0.0033556651,0.003106598,0.0030380895,0.003742114,0.0031623235,0.0035219947,0.0031933833,0.0030278605,0.0030671358,0.0029455381
1126,0.0034368213,0.0030501299,0.003495948,0.003245354,0.0036128154,0.0032324232,0.003355665,0.003106598,0.0030380895,0.003742114,0.0031623235,0.0035219947,0.0031933833,0.0030278605,0.0030671358,0.0029455381
1127,0.0034368213,0.0030501299,0.003495948,0.003245354,0.0036128154,0.0032324232,0.003355665,0.003106598,0.0030380895,0.003742114,0.0031623235,0.0035219947,0.0031933833,0.0030278605,0.0030671358,0.0029455381
1128,0.0034368213,0.0030501299,0.003495948,0.003245354,0.0036128154,0.0032324232,0.003355665,0.003106598,0.0030380895,0.003742114,0.0031623235,0.0035219947,0.0031933833,0.0030278605,0.0030671358,0.0029455381
1129,0.0034368213,0.0030501299,0.0034959482,0.003245354,0.0036128154,0.0032324232,0.003355665,0.003106598,0.0030380895,0.0037421142,0.0031623235,0.003521995,0.0031933833,0.0030278605,0.0030671358,0.0029455381
1130,0.0034368213,0.0030501299,0.0034959482,0.003245354,0.0036128154,0.0032324232,0.003355665,0.003106598,0.0030380895,0.0037421142,0.0031623235,0.003521995,0.0031933833,0.0030278605,0.0030671358,0.0029455381
1131,0.0034368213,0.0030501299,0.0034959482,0.003245354,0.0036128154,0.0032324232,0.003355665,0.003106598,0.0030380895,0.0037421142,0.0031623235,0.003521995,0.0031933833,0.0030278605,0.0030671358,0.0029455381
1132,0.0034368213,0.0030501299,0.0034959482,0.003245354,0.0036128154,0.0032324232,0.003355665,0.003106598,0.0030380895,0.0037421142,0.0031623235,0.003521995,0.0031933833,0.0030278605,0.0030671358,0.0029455381
1133,0.0034368213,0.0030501299,0.0034959482,0.003245354,0.0036128154,0.0032324232,0.003355665,0.003106598,0.0030380895,0.0037421142,0.0031623235,0.003521995,0.0031933833,0.0030278605,0.0030671358,0.0029455381
1134,0.0034368213,0.0030501299,0.0034959482,0.003245354,0.0036128154,0.0032324232,0.003355665,0.003106598,0.0030380893,0.0037421142,0.0031623235,0.003521995,0.0031933833,0.0030278605,0.0030671358,0.0029455381
1135,0.0034368213,0.0030501299,0.0034959482,0.003245354,0.0036128154,0.0032324232,0.003355665,0.003106598,0.0030380893,0.0037421142,0.0031623235,0.003521995,0.0031933833,0.0030278605,0.0030671358,0.0029455381
1136,0.0034368213,0.0030501299,0.0034959482,0.003245354,0.0036128154,0.0032324232,0.003355665,0.003106598,0.0030380893,0.0037421142,0.0031623235,0.003521995,0.0031933833,0.0030278605,0.0030671358,0.0029455381
1137,0.0034368215,0.0030501296,0.0034959482,0.003245354,0.0036128154,0.0032324232,0.003355665,0.003106598,0.0030380893,0.0037421142,0.0031623235,0.003521995,0.0031933833,0.0030278605,0.0030671358,0.0029455381
1138,0.0034368215,0.0030501296,0.0034959482,0.003245354,0.0036128154,0.0032324232,0.003355665,0.003106598,0.0030380893,0.0037421142,0.0031623235,0.003521995,0.0031933833,0.0030278605,0.0030671358,0.0029455381
1139,0.0034368215,0.0030501296,0.0034959482,0.003245354,0.0036128154,0.0032324232,0.003355665,0.003106598,0.0030380893,0.0037421142,0.0031623235,0.003521995,0.0031933833,0.0030278605,0.0030671358,0.0029455381
1140,0.0034368215,0.0030501296,0.0034959482,0.003245354,0.0036128154,0.0032324232,0.003355665,0.003106598,0.0030380893,0.0037421142,0.0031623235,0.003521995,0.0031933833,0.0030278605,0.0030671358,0.0029455381
1141,0.0034368215,0.0030501296,0.0034959482,0.003245354,0.0036128154,0.0032324232,0.003355665,0.003106598,0.0030380893,0.0037421142,0.0031623235,0.003521995,0.0031933833,0.0030278605,0.0030671358,0.0029455381
1142,0.0034368215,0.0030501296,0.0034959482,0.003245354,0.0036128154,0.0032324232,0.003355665,0.003106598,0.0030380893,0.0037421142,0.0031623235,0.003521995,0.0031933833,0.0030278605,0.0030671358,0.0029455381
1143,0.0034368215,0.0030501296,0.0034959484,0.003245354,0.0036128154,0.0032324232,0.0033556647,0.003106598,0.0030380893,0.0037421142,0.0031623235,0.0035219952,0.0031933833,0.0030278605,0.0030671358,0.0029455381
1144,0.0034368215,0.0030501296,0.0034959484,0.003245354,0.0036128154,0.0032324232,0.0033556647,0.003106598,0.0030380893,0.0037421142,0.0031623235,0.0035219952,0.0031933833,0.0030278605,0.0030671358,0.0029455381
1145,0.0034368215,0.0030501296,0.0034959484,0.003245354,0.0036128154,0.0032324232,0.0033556647,0.003106598,0.0030380893,0.0037421142,0.0031623235,0.0035219952,0.0031933833,0.0030278605,0.0030671358,0.0029455381
1146,0.0034368215,0.0030501296,0.0034959484,0.003245354,0.0036128154,0.0032324232,0.0033556647,0.003106598,0.003038089,0.0037421144,0.0031623235,0.0035219952,0.0031933833,0.0030278605,0.0030671358,0.0029455381
1147,0.0034368215,0.0030501296,0.0034959484,0.003245354,0.0036128154,0.0032324232,0.0033556647,0.003106598,0.003038089,0.0037421144,0.0031623235,0.0035219952,0.0031933833,0.0030278605,0.0030671358,0.0029455381
1148,0.0034368215,0.0030501296,0.0034959484,0.003245354,0.0036128154,0.0032324232,0.0033556647,0.003106598,0.003038089,0.0037421144,0.0031623235,0.0035219952,0.0031933833,0.0030278605,0.0030671358,0.0029455381
1149,0.0034368215,0.0030501296,0.0034959484,0.003245354,0.0036128154,0.0032324232,0.0033556647,0.003106598,0.003038089,0.0037421144,0.0031623235,0.0035219952,0.0031933833,0.0030278605,0.0030671358,0.0029455381
1150,0.0034368215,0.0030501296,0.0034959484,0.003245354,0.0036128154,0.0032324232,0.0033556647,0.003106598,0.003038089,0.0037421144,0.0031623235,0.0035219952,0.0031933833,0.0030278605,0.0030671358,0.0029455381
1151,0.0034368215,0.0030501296,0.0034959484,0.003245354,0.0036128154,0.0032324232,0.0033556647,0.003106598,0.003038089,0.0037421144,0.0031623235,0.0035219952,0.0031933833,0.0030278605,0.0030671358,0.0029455381
1152,0.0034368215,0.0030501294,0.0034959484,0.003245354,0.0036128154,0.0032324232,0.0033556647,0.003106598,0.003038089,0.0037421144,0.0031623235,0.0035219952,0.0031933833,0.0030278605,0.0030671358,0.0029455381
1153,0.0034368215,0.0030501294,0.0034959484,0.003245354,0.0036128154,0.0032324232,0.0033556647,0.003106598,0.003038089,0.0037421144,0.0031623235,0.0035219952,0.0031933833,0.0030278605,0.0030671358,0.0029455381
1154,0.0034368217,0.0030501294,0.0034959486,0.003245354,0.0036128154,0.0032324232,0.0033556644,0.003106598,0.003038089,0.0037421144,0.0031623235,0.0035219952,0.0031933833,0.0030278605,0.0030671358,0.0029455381
1155,0.0034368217,0.0030501294,0.0034959486,0.003245354,0.0036128154,0.0032324232,0.0033556644,0.003106598,0.003038089,0.0037421144,0.0031623235,0.0035219952,0.0031933833,0.0030278605,0.0030671358,0.0029455381
1156,0.0034368217,0.0030501294,0.0034959486,0.003245354,0.0036128154,0.0032324232,0.0033556644,0.003106598,0.003038089,0.0037421144,0.0031623235,0.0035219952,0.0031933833,0.0030278605,0.0030671358,0.0029455381
1157,0.0034368217,0.0030501294,0.0034959486,0.003245354,0.0036128154,0.0032324232,0.0033556644,0.003106598,0.0030380888,0.0037421144,0.0031623235,0.0035219954,0.0031933833,0.0030278605,0.0030671358,0.0029455381
1158,0.0034368217,0.0030501292,0.0034959486,0.003245354,0.0036128154,0.0032324232,0.0033556644,0.003106598,0.0030380888,0.0037421146,0.0031623235,0.0035219954,0.0031933836,0.0030278605,0.0030671358,0.0029455381
1159,0.0034368217,0.0030501292,0.0034959486,0.003245354,0.0036128154,0.0032324232,0.0033556644,0.003106598,0.0030380888,0.0037421146,0.0031623235,0.0035219954,0.0031933836,0.0030278605,0.0030671358,0.0029455381
1160,0.0034368217,0.0030501292,0.0034959486,0.003245354,0.0036128154,0.0032324232,0.0033556644,0.003106598,0.0030380888,0.0037421146,0.0031623235,0.0035219954,0.0031933836,0.0030278605,0.0030671358,0.0029455381
1161,0.0034368217,0.0030501292,0.0034959486,0.003245354,0.0036128154,0.0032324232,0.0033556644,0.003106598,0.0030380888,0.0037421146,0.0031623235,0.0035219954,0.0031933836,0.0030278605,0.0030671358,0.0029455381
1162,0.0034368217,0.0030501292,0.0034959486,0.003245354,0.0036128154,0.0032324232,0.0033556644,0.003106598,0.0030380888,0.0037421146,0.0031623235,0.0035219954,0.0031933836,0.0030278605,0.0030671358,0.0029455381
1163,0.0034368217,0.0030501292,0.0034959486,0.003245354,0.0036128154,0.0032324232,0.0033556644,0.003106598,0.0030380888,0.0037421146,0.0031623235,0.0035219954,0.0031933836,0.0030278605,0.0030671358,0.0029455381
1164,0.003436822,0.0030501292,0.0034959486,0.003245354,0.0036128154,0.0032324232,0.0033556642,0.003106598,0.0030380888,0.0037421146,0.0031623235,0.0035219954,0.0031933836,0.0030278605,0.0030671358,0.0029455381
1165,0.003436822,0.0030501292,0.0034959486,0.003245354,0.0036128154,0.0032324232,0.0033556642,0.003106598,0.0030380888,0.0037421146,0.0031623235,0.0035219954,0.0031933836,0.0030278605,0.0030671358,0.0029455381
1166,0.003436822,0.0030501292,0.0034959486,0.003245354,0.0036128154,0.0032324232,0.0033556642,0.003106598,0.0030380888,0.0037421146,0.0031623235,0.0035219954,0.0031933836,0.0030278605,0.0030671358,0.0029455381
1167,0.003436822,0.0030501292,0.0034959486,0.003245354,0.0036128154,0.0032324232,0.0033556642,0.003106598,0.0030380888,0.0037421146,0.0031623235,0.0035219954,0.0031933836,0.0030278605,0.0030671358,0.0029455381
1168,0.003436822,0.0030501292,0.0034959486,0.003245354,0.0036128154,0.0032324232,0.0033556642,0.003106598,0.0030380888,0.0037421146,0.0031623235,0.0035219954,0.0031933836,0.0030278605,0.0030671358,0.0029455381
1169,0.003436822,0.0030501292,0.0034959486,0.003245354,0.0036128154,0.0032324232,0.0033556642,0.003106598,0.0030380888,0.0037421146,0.0031623235,0.0035219954,0.0031933836,0.0030278605,0.0030671358,0.0029455381
1170,0.003436822,0.0030501292,0.0034959486,0.003245354,0.0036128154,0.0032324232,0.0033556642,0.003106598,0.0030380888,0.0037421146,0.0031623235,0.0035219954,0.0031933836,0.0030278605,0.0030671358,0.0029455381
1171,0.003436822,0.0030501292,0.0034959486,0.003245354,0.0036128154,0.0032324232,0.0033556642,0.003106598,0.0030380888,0.0037421146,0.0031623235,0.0035219954,0.0031933836,0.0030278605,0.0030671358,0.0029455381
1172,0.003436822,0.003050129,0.0034959489,0.003245354,0.0036128154,0.0032324232,0.0033556642,0.003106598,0.0030380886,0.0037421146,0.0031623235,0.0035219956,0.0031933836,0.0030278605,0.0030671358,0.0029455381
1173,0.003436822,0.003050129,0.0034959489,0.003245354,0.0036128154,0.0032324232,0.0033556642,0.003106598,0.0030380886,0.0037421146,0.0031623235,0.0035219956,0.0031933836,0.0030278605,0.0030671358,0.0029455381
1174,0.003436822,0.003050129,0.0034959489,0.003245354,0.0036128154,0.0032324232,0.0033556642,0.003106598,0.0030380886,0.0037421146,0.0031623235,0.0035219956,0.0031933836,0.0030278605,0.0030671358,0.0029455381
1175,0.003436822,0.003050129,0.0034959489,0.003245354,0.0036128154,0.0032324232,0.0033556642,0.003106598,0.0030380886,0.0037421146,0.0031623235,0.0035219956,0.0031933836,0.0030278605,0.0030671358,0.0029455381
1176,0.003436822,0.003050129,0.0034959489,0.003245354,0.0036128154,0.0032324232,0.0033556642,0.003106598,0.0030380886,0.0037421146,0.0031623235,0.0035219956,0.0031933836,0.0030278605,0.0030671358,0.0029455381
1177,0.0034368222,0.003050129,0.0034959489,0.003245354,0.0036128154,0.0032324232,0.003355664,0.0031065983,0.0030380886,0.0037421149,0.0031623235,0.0035219956,0.0031933836,0.0030278608,0.0030671358,0.002945538
1178,0.0034368222,0.003050129,0.0034959489,0.003245354,0.0036128154,0.0032324232,0.003355664,0.0031065983,0.0030380886,0.0037421149,0.0031623235,0.0035219956,0.0031933836,0.0030278608,0.0030671358,0.002945538
1179,0.0034368222,0.003050129,0.0034959489,0.003245354,0.0036128154,0.0032324232,0.003355664,0.0031065983,0.0030380886,0.0037421149,0.0031623235,0.0035219956,0.0031933836,0.0030278608,0.0030671358,0.002945538
1180,0.0034368222,0.0030501287,0.003495949,0.003245354,0.0036128154,0.0032324232,0.003355664,0.0031065983,0.0030380883,0.0037421149,0.0031623235,0.0035219959,0.0031933836,0.0030278608,0.0030671358,0.002945538
1181,0.0034368222,0.0030501287,0.003495949,0.003245354,0.0036128154,0.0032324234,0.003355664,0.0031065983,0.0030380883,0.003742115,0.0031623235,0.0035219959,0.0031933836,0.0030278608,0.0030671358,0.002945538
1182,0.0034368222,0.0030501287,0.003495949,0.003245354,0.0036128154,0.0032324234,0.003355664,0.0031065983,0.0030380883,0.003742115,0.0031623235,0.0035219959,0.0031933836,0.0030278608,0.0030671358,0.002945538
1183,0.0034368224,0.0030501287,0.003495949,0.003245354,0.0036128154,0.0032324234,0.0033556637,0.0031065983,0.0030380883,0.003742115,0.0031623235,0.0035219959,0.0031933836,0.0030278608,0.0030671358,0.002945538
1184,0.0034368224,0.0030501285,0.0034959493,0.003245354,0.0036128154,0.0032324234,0.0033556637,0.0031065983,0.003038088,0.003742115,0.0031623235,0.003521996,0.0031933836,0.0030278608,0.0030671358,0.002945538
1185,0.0034368227,0.0030501285,0.0034959493,0.003245354,0.0036128154,0.0032324234,0.0033556635,0.0031065983,0.0030380879,0.0037421153,0.0031623235,0.003521996,0.0031933836,0.0030278608,0.0030671358,0.002945538
1186,0.0034368227,0.0030501285,0.0034959493,0.003245354,0.0036128154,0.0032324234,0.0033556635,0.0031065983,0.0030380879,0.0037421153,0.0031623235,0.003521996,0.0031933836,0.0030278608,0.0030671358,0.002945538
1187,0.0034368227,0.0030501285,0.0034959493,0.003245354,0.0036128154,0.0032324234,0.0033556635,0.0031065983,0.0030380879,0.0037421153,0.0031623235,0.003521996,0.0031933836,0.0030278608,0.0030671358,0.002945538
1188,0.0034368227,0.0030501285,0.0034959493,0.003245354,0.0036128154,0.0032324234,0.0033556635,0.0031065983,0.0030380879,0.0037421153,0.0031623235,0.003521996,0.0031933836,0.0030278608,0.0030671358,0.002945538
1189,0.0034368227,0.0030501285,0.0034959493,0.003245354,0.0036128154,0.0032324234,0.0033556635,0.0031065983,0.0030380879,0.0037421153,0.0031623235,0.003521996,0.0031933836,0.0030278608,0.0030671358,0.002945538
1190,0.0034368227,0.0030501282,0.0034959496,0.003245354,0.0036128152,0.0032324234,0.0033556635,0.0031065983,0.0030380879,0.0037421153,0.0031623233,0.003521996,0.0031933838,0.0030278608,0.0030671358,0.002945538
1191,0.0034368227,0.0030501282,0.0034959496,0.003245354,0.0036128152,0.0032324234,0.0033556635,0.0031065983,0.0030380879,0.0037421153,0.0031623233,0.003521996,0.0031933838,0.0030278608,0.0030671358,0.002945538
1192,0.0034368227,0.0030501282,0.0034959496,0.003245354,0.0036128152,0.0032324234,0.0033556635,0.0031065983,0.0030380879,0.0037421153,0.0031623233,0.003521996,0.0031933838,0.0030278608,0.0030671358,0.002945538
1193,0.0034368227,0.0030501282,0.0034959496,0.003245354,0.0036128152,0.0032324234,0.0033556635,0.0031065983,0.0030380879,0.0037421153,0.0031623233,0.003521996,0.0031933838,0.0030278608,0.0030671358,0.002945538
1194,0.003436823,0.0030501282,0.0034959496,0.003245354,0.0036128152,0.0032324234,0.0033556635,0.0031065983,0.0030380879,0.0037421153,0.0031623233,0.0035219963,0.0031933838,0.0030278608,0.0030671358,0.002945538
1195,0.003436823,0.003050128,0.0034959496,0.003245354,0.0036128152,0.0032324234,0.0033556633,0.0031065983,0.0030380876,0.0037421156,0.0031623233,0.0035219963,0.0031933838,0.0030278608,0.0030671358,0.002945538
1196,0.003436823,0.003050128,0.0034959498,0.003245354,0.0036128152,0.0032324234,0.0033556633,0.0031065983,0.0030380876,0.0037421156,0.0031623233,0.0035219963,0.0031933838,0.0030278608,0.0030671358,0.002945538
1197,0.003436823,0.003050128,0.0034959498,0.003245354,0.0036128152,0.0032324234,0.0033556633,0.0031065983,0.0030380876,0.0037421156,0.0031623233,0.0035219963,0.0031933838,0.0030278608,0.0030671358,0.002945538
1198,0.003436823,0.003050128,0.0034959498,0.003245354,0.0036128152,0.0032324234,0.0033556633,0.0031065983,0.0030380876,0.0037421156,0.0031623233,0.0035219963,0.0031933838,0.0030278608,0.0030671358,0.002945538
1199,0.0034368231,0.003050128,0.0034959498,0.003245354,0.0036128152,0.0032324234,0.0033556633,0.0031065983,0.0030380874,0.0037421156,0.0031623233,0.0035219966,0.0031933838,0.003027861,0.0030671358,0.0029455377
1200,0.0034368231,0.003050128,0.0034959498,0.003245354,0.0036128152,0.0032324234,0.0033556633,0.0031065983,0.0030380874,0.0037421156,0.0031623233,0.0035219966,0.0031933838,0.003027861,0.0030671358,0.0029455377
1201,0.0034368231,0.003050128,0.0034959498,0.003245354,0.0036128152,0.0032324234,0.0033556633,0.0031065983,0.0030380874,0.0037421156,0.0031623233,0.0035219966,0.0031933838,0.003027861,0.0030671358,0.0029455377
1202,0.0034368231,0.0030501278,0.0034959498,0.003245354,0.0036128152,0.0032324234,0.003355663,0.0031065983,0.0030380874,0.0037421158,0.0031623233,0.0035219966,0.0031933838,0.003027861,0.0030671358,0.0029455377
1203,0.0034368231,0.0030501278,0.0034959498,0.003245354,0.0036128152,0.0032324234,0.003355663,0.0031065983,0.0030380874,0.0037421158,0.0031623233,0.0035219966,0.0031933838,0.003027861,0.0030671358,0.0029455377
1204,0.0034368231,0.0030501278,0.00349595,0.003245354,0.0036128152,0.0032324234,0.003355663,0.0031065985,0.0030380874,0.0037421158,0.0031623233,0.0035219966,0.0031933838,0.003027861,0.0030671358,0.0029455377
1205,0.0034368231,0.0030501278,0.00349595,0.003245354,0.0036128152,0.0032324234,0.003355663,0.0031065985,0.0030380874,0.0037421158,0.0031623233,0.0035219966,0.0031933838,0.003027861,0.0030671358,0.0029455377
1206,0.0034368234,0.0030501275,0.00349595,0.003245354,0.0036128152,0.0032324234,0.003355663,0.0031065985,0.0030380872,0.0037421158,0.0031623233,0.0035219968,0.0031933838,0.003027861,0.0030671358,0.0029455377
1207,0.0034368234,0.0030501275,0.00349595,0.003245354,0.0036128152,0.0032324234,0.003355663,0.0031065985,0.0030380872,0.0037421158,0.0031623233,0.0035219968,0.0031933838,0.003027861,0.0030671358,0.0029455377
1208,0.0034368234,0.0030501275,0.00349595,0.003245354,0.0036128152,0.0032324237,0.0033556628,0.0031065985,0.0030380872,0.003742116,0.0031623233,0.0035219968,0.0031933838,0.003027861,0.0030671358,0.0029455377
1209,0.0034368234,0.0030501275,0.00349595,0.003245354,0.0036128152,0.0032324237,0.0033556628,0.0031065985,0.0030380872,0.003742116,0.0031623233,0.0035219968,0.0031933838,0.003027861,0.0030671358,0.0029455377
1210,0.0034368236,0.0030501275,0.0034959503,0.003245354,0.0036128152,0.0032324237,0.0033556628,0.0031065985,0.003038087,0.003742116,0.0031623233,0.003521997,0.0031933838,0.003027861,0.0030671358,0.0029455377
1211,0.0034368236,0.0030501273,0.0034959503,0.003245354,0.0036128152,0.0032324237,0.0033556626,0.0031065985,0.003038087,0.003742116,0.0031623233,0.003521997,0.003193384,0.003027861,0.0030671358,0.0029455377
1212,0.0034368236,0.0030501273,0.0034959503,0.003245354,0.0036128152,0.0032324237,0.0033556626,0.0031065985,0.003038087,0.003742116,0.0031623233,0.003521997,0.003193384,0.003027861,0.0030671358,0.0029455377
1213,0.0034368236,0.0030501273,0.0034959503,0.003245354,0.0036128152,0.0032324237,0.0033556626,0.0031065985,0.003038087,0.003742116,0.0031623233,0.003521997,0.003193384,0.003027861,0.0030671358,0.0029455377
1214,0.0034368236,0.0030501273,0.0034959505,0.003245354,0.0036128152,0.0032324237,0.0033556626,0.0031065985,0.003038087,0.0037421163,0.0031623233,0.003521997,0.003193384,0.003027861,0.0030671358,0.0029455377
1215,0.0034368236,0.0030501273,0.0034959505,0.003245354,0.0036128152,0.0032324237,0.0033556626,0.0031065985,0.003038087,0.0037421163,0.0031623233,0.003521997,0.003193384,0.003027861,0.0030671358,0.0029455377
1216,0.0034368236,0.0030501273,0.0034959505,0.003245354,0.0036128152,0.0032324237,0.0033556626,0.0031065985,0.003038087,0.0037421163,0.0031623233,0.003521997,0.003193384,0.003027861,0.0030671358,0.0029455377
1217,0.0034368238,0.003050127,0.0034959505,0.003245354,0.0036128152,0.0032324237,0.0033556626,0.0031065985,0.0030380867,0.0037421163,0.0031623233,0.0035219972,0.003193384,0.003027861,0.0030671358,0.0029455377
1218,0.0034368238,0.003050127,0.0034959505,0.003245354,0.0036128152,0.0032324237,0.0033556626,0.0031065985,0.0030380867,0.0037421163,0.0031623233,0.0035219972,0.003193384,0.003027861,0.0030671358,0.0029455377
1219,0.0034368238,0.003050127,0.0034959505,0.003245354,0.0036128152,0.0032324237,0.0033556623,0.0031065985,0.0030380867,0.0037421163,0.0031623233,0.0035219972,0.003193384,0.003027861,0.0030671358,0.0029455377
1220,0.0034368238,0.003050127,0.0034959505,0.003245354,0.0036128152,0.0032324237,0.0033556623,0.0031065985,0.0030380867,0.0037421163,0.0031623233,0.0035219972,0.003193384,0.003027861,0.0030671358,0.0029455377
1221,0.0034368238,0.003050127,0.0034959505,0.003245354,0.0036128152,0.0032324237,0.0033556623,0.0031065985,0.0030380867,0.0037421163,0.0031623233,0.0035219972,0.003193384,0.003027861,0.0030671358,0.0029455377
1222,0.0034368238,0.003050127,0.0034959505,0.003245354,0.0036128152,0.0032324237,0.0033556623,0.0031065985,0.0030380867,0.0037421163,0.0031623233,0.0035219972,0.003193384,0.003027861,0.0030671358,0.0029455377
1223,0.0034368238,0.003050127,0.0034959505,0.003245354,0.0036128152,0.0032324237,0.0033556623,0.0031065985,0.0030380867,0.0037421163,0.0031623233,0.0035219972,0.003193384,0.003027861,0.0030671358,0.0029455377
1224,0.0034368238,0.003050127,0.0034959505,0.003245354,0.0036128152,0.0032324237,0.0033556623,0.0031065985,0.0030380867,0.0037421163,0.0031623233,0.0035219972,0.003193384,0.003027861,0.0030671358,0.0029455377
1225,0.003436824,0.0030501268,0.0034959507,0.003245354,0.0036128152,0.0032324237,0.0033556623,0.0031065985,0.0030380865,0.0037421165,0.0031623233,0.0035219972,0.003193384,0.003027861,0.0030671358,0.0029455377
1226,0.003436824,0.0030501268,0.0034959507,0.003245354,0.0036128152,0.0032324237,0.003355662,0.0031065985,0.0030380865,0.0037421165,0.0031623233,0.0035219975,0.003193384,0.0030278612,0.0030671358,0.0029455374
1227,0.003436824,0.0030501268,0.0034959507,0.003245354,0.0036128152,0.0032324237,0.003355662,0.0031065985,0.0030380865,0.0037421165,0.0031623233,0.0035219975,0.003193384,0.0030278612,0.0030671358,0.0029455374
1228,0.003436824,0.0030501268,0.0034959507,0.003245354,0.0036128152,0.0032324237,0.003355662,0.0031065985,0.0030380865,0.0037421165,0.0031623233,0.0035219975,0.003193384,0.0030278612,0.0030671358,0.0029455374
1229,0.003436824,0.0030501268,0.0034959507,0.003245354,0.0036128152,0.0032324237,0.003355662,0.0031065985,0.0030380865,0.0037421165,0.0031623233,0.0035219975,0.003193384,0.0030278612,0.0030671358,0.0029455374
1230,0.003436824,0.0030501268,0.003495951,0.003245354,0.0036128152,0.0032324237,0.003355662,0.0031065985,0.0030380862,0.0037421165,0.0031623233,0.0035219975,0.003193384,0.0030278612,0.0030671358,0.0029455374
1231,0.0034368243,0.0030501266,0.003495951,0.003245354,0.0036128152,0.0032324237,0.003355662,0.0031065987,0.0030380862,0.0037421167,0.0031623233,0.0035219975,0.003193384,0.0030278612,0.0030671358,0.0029455374
1232,0.0034368243,0.0030501266,0.003495951,0.003245354,0.0036128152,0.0032324237,0.003355662,0.0031065987,0.0030380862,0.0037421167,0.0031623233,0.0035219975,0.003193384,0.0030278612,0.0030671358,0.0029455374
1233,0.0034368243,0.0030501266,0.003495951,0.003245354,0.0036128152,0.0032324237,0.003355662,0.0031065987,0.0030380862,0.0037421167,0.0031623233,0.0035219975,0.003193384,0.0030278612,0.0030671358,0.0029455374
1234,0.0034368243,0.0030501266,0.003495951,0.003245354,0.0036128152,0.0032324237,0.0033556619,0.0031065987,0.003038086,0.0037421167,0.0031623233,0.0035219977,0.003193384,0.0030278612,0.0030671358,0.0029455374
1235,0.0034368243,0.0030501266,0.003495951,0.003245354,0.0036128152,0.0032324237,0.0033556619,0.0031065987,0.003038086,0.0037421167,0.0031623233,0.0035219977,0.003193384,0.0030278612,0.0030671358,0.0029455374
1236,0.0034368245,0.0030501264,0.0034959512,0.003245354,0.0036128152,0.0032324237,0.0033556619,0.0031065987,0.003038086,0.003742117,0.0031623233,0.0035219977,0.0031933843,0.0030278612,0.0030671358,0.0029455374
1237,0.0034368245,0.0030501264,0.0034959512,0.003245354,0.0036128152,0.003232424,0.0033556616,0.0031065987,0.003038086,0.003742117,0.0031623233,0.003521998,0.0031933843,0.0030278612,0.0030671358,0.0029455374
1238,0.0034368245,0.0030501261,0.0034959514,0.003245354,0.0036128152,0.003232424,0.0033556616,0.0031065987,0.0030380858,0.003742117,0.0031623233,0.003521998,0.0031933843,0.0030278612,0.0030671358,0.0029455374
1239,0.0034368245,0.0030501261,0.0034959514,0.003245354,0.0036128152,0.003232424,0.0033556616,0.0031065987,0.0030380858,0.003742117,0.0031623233,0.003521998,0.0031933843,0.0030278612,0.0030671358,0.0029455374
1240,0.0034368248,0.0030501261,0.0034959514,0.003245354,0.0036128152,0.003232424,0.0033556616,0.0031065987,0.0030380858,0.0037421172,0.0031623233,0.003521998,0.0031933843,0.0030278612,0.0030671358,0.0029455374
1241,0.0034368248,0.003050126,0.0034959514,0.003245354,0.0036128152,0.003232424,0.0033556614,0.0031065987,0.0030380855,0.0037421172,0.0031623233,0.0035219982,0.0031933843,0.0030278612,0.0030671358,0.0029455374
1242,0.0034368248,0.003050126,0.0034959514,0.003245354,0.0036128152,0.003232424,0.0033556614,0.0031065987,0.0030380855,0.0037421172,0.0031623233,0.0035219982,0.0031933843,0.0030278612,0.0030671358,0.0029455374
1243,0.003436825,0.003050126,0.0034959516,0.003245354,0.0036128152,0.003232424,0.0033556614,0.0031065987,0.0030380855,0.0037421172,0.0031623233,0.0035219982,0.0031933843,0.0030278612,0.0030671358,0.0029455374
1244,0.003436825,0.003050126,0.0034959516,0.003245354,0.0036128152,0.003232424,0.0033556614,0.0031065987,0.0030380855,0.0037421172,0.0031623233,0.0035219982,0.0031933843,0.0030278612,0.0030671358,0.0029455374
1245,0.003436825,0.003050126,0.0034959516,0.003245354,0.0036128152,0.003232424,0.0033556614,0.0031065987,0.0030380855,0.0037421172,0.0031623233,0.0035219982,0.0031933843,0.0030278612,0.0030671358,0.0029455374
1246,0.003436825,0.003050126,0.0034959516,0.003245354,0.0036128152,0.003232424,0.0033556614,0.0031065987,0.0030380855,0.0037421172,0.0031623233,0.0035219982,0.0031933843,0.0030278612,0.0030671358,0.0029455374
1247,0.003436825,0.0030501257,0.0034959516,0.003245354,0.0036128152,0.003232424,0.0033556612,0.0031065987,0.0030380853,0.0037421174,0.0031623233,0.0035219984,0.0031933843,0.0030278615,0.0030671358,0.0029455372
1248,0.0034368252,0.0030501254,0.0034959519,0.003245354,0.0036128152,0.003232424,0.003355661,0.0031065987,0.003038085,0.0037421177,0.0031623233,0.0035219984,0.0031933845,0.0030278615,0.0030671358,0.0029455372
1249,0.0034368252,0.0030501254,0.0034959519,0.003245354,0.0036128152,0.003232424,0.003355661,0.0031065987,0.003038085,0.0037421177,0.0031623233,0.0035219984,0.0031933845,0.0030278615,0.0030671358,0.0029455372
1250,0.0034368255,0.0030501254,0.0034959519,0.003245354,0.0036128152,0.003232424,0.003355661,0.003106599,0.003038085,0.0037421177,0.0031623233,0.0035219986,0.0031933845,0.0030278615,0.0030671358,0.0029455372
1251,0.0034368255,0.0030501252,0.003495952,0.003245354,0.0036128152,0.003232424,0.0033556607,0.003106599,0.0030380848,0.0037421177,0.0031623233,0.0035219986,0.0031933845,0.0030278615,0.0030671358,0.0029455372
1252,0.0034368255,0.0030501252,0.003495952,0.003245354,0.0036128152,0.003232424,0.0033556607,0.003106599,0.0030380848,0.0037421177,0.0031623233,0.0035219986,0.0031933845,0.0030278615,0.0030671358,0.0029455372
1253,0.0034368255,0.0030501252,0.003495952,0.003245354,0.0036128152,0.003232424,0.0033556607,0.003106599,0.0030380848,0.0037421177,0.0031623233,0.0035219986,0.0031933845,0.0030278615,0.0030671358,0.0029455372
1254,0.0034368255,0.0030501252,0.003495952,0.003245354,0.0036128152,0.003232424,0.0033556607,0.003106599,0.0030380848,0.0037421177,0.0031623233,0.0035219986,0.0031933845,0.0030278615,0.0030671358,0.0029455372
1255,0.003436826,0.003050125,0.0034959523,0.003245354,0.0036128152,0.0032324241,0.0033556605,0.003106599,0.0030380846,0.0037421181,0.0031623233,0.003521999,0.0031933845,0.0030278615,0.0030671358,0.0029455372
1256,0.003436826,0.003050125,0.0034959523,0.003245354,0.0036128152,0.0032324241,0.0033556605,0.003106599,0.0030380846,0.0037421181,0.0031623233,0.003521999,0.0031933845,0.0030278615,0.0030671358,0.0029455372
1257,0.003436826,0.003050125,0.0034959523,0.003245354,0.0036128152,0.0032324241,0.0033556605,0.003106599,0.0030380846,0.0037421181,0.0031623233,0.003521999,0.0031933845,0.0030278615,0.0030671358,0.0029455372
1258,0.003436826,0.003050125,0.0034959523,0.003245354,0.0036128152,0.0032324241,0.0033556605,0.003106599,0.0030380846,0.0037421181,0.0031623233,0.003521999,0.0031933845,0.0030278615,0.0030671358,0.0029455372
1259,0.003436826,0.003050125,0.0034959523,0.003245354,0.0036128152,0.0032324241,0.0033556605,0.003106599,0.0030380846,0.0037421181,0.0031623233,0.003521999,0.0031933845,0.0030278615,0.0030671358,0.0029455372
1260,0.003436826,0.0030501247,0.0034959526,0.003245354,0.0036128152,0.0032324241,0.0033556605,0.003106599,0.0030380844,0.0037421181,0.0031623233,0.003521999,0.0031933845,0.0030278615,0.0030671358,0.0029455372
1261,0.0034368262,0.0030501245,0.0034959528,0.003245354,0.0036128152,0.0032324241,0.0033556602,0.003106599,0.0030380841,0.0037421184,0.0031623233,0.0035219993,0.0031933847,0.0030278617,0.0030671358,0.002945537
1262,0.0034368264,0.0030501245,0.0034959528,0.003245354,0.0036128152,0.0032324241,0.00335566,0.003106599,0.003038084,0.0037421184,0.0031623233,0.0035219993,0.0031933847,0.0030278617,0.0030671358,0.002945537
1263,0.0034368264,0.0030501245,0.0034959528,0.003245354,0.0036128152,0.0032324241,0.00335566,0.003106599,0.003038084,0.0037421184,0.0031623233,0.0035219993,0.0031933847,0.0030278617,0.0030671358,0.002945537
1264,0.0034368264,0.0030501243,0.003495953,0.003245354,0.0036128152,0.0032324241,0.00335566,0.0031065992,0.003038084,0.0037421186,0.0031623233,0.0035219996,0.0031933847,0.0030278617,0.0030671358,0.002945537
1265,0.0034368264,0.0030501243,0.003495953,0.003245354,0.0036128152,0.0032324241,0.00335566,0.0031065992,0.003038084,0.0037421186,0.0031623233,0.0035219996,0.0031933847,0.0030278617,0.0030671358,0.002945537
1266,0.0034368264,0.0030501243,0.003495953,0.003245354,0.0036128152,0.0032324241,0.00335566,0.0031065992,0.003038084,0.0037421186,0.0031623233,0.0035219996,0.0031933847,0.0030278617,0.0030671358,0.002945537
1267,0.0034368264,0.0030501243,0.003495953,0.003245354,0.0036128152,0.0032324241,0.00335566,0.0031065992,0.003038084,0.0037421186,0.0031623233,0.0035219996,0.0031933847,0.0030278617,0.0030671358,0.002945537
1268,0.0034368266,0.0030501243,0.003495953,0.003245354,0.0036128152,0.0032324241,0.0033556598,0.0031065992,0.0030380837,0.0037421186,0.0031623233,0.0035219996,0.0031933847,0.0030278617,0.0030671358,0.002945537
1269,0.0034368266,0.0030501243,0.003495953,0.003245354,0.0036128152,0.0032324241,0.0033556598,0.0031065992,0.0030380837,0.0037421186,0.0031623233,0.0035219996,0.0031933847,0.0030278617,0.0030671358,0.002945537
1270,0.0034368266,0.003050124,0.0034959533,0.003245354,0.0036128152,0.0032324241,0.0033556598,0.0031065992,0.0030380837,0.0037421188,0.0031623233,0.0035219998,0.0031933847,0.0030278617,0.0030671358,0.002945537
1271,0.0034368266,0.003050124,0.0034959533,0.003245354,0.0036128152,0.0032324241,0.0033556598,0.0031065992,0.0030380837,0.0037421188,0.0031623233,0.0035219998,0.0031933847,0.0030278617,0.0030671358,0.002945537
1272,0.0034368266,0.003050124,0.0034959533,0.003245354,0.0036128152,0.0032324241,0.0033556598,0.0031065992,0.0030380837,0.0037421188,0.0031623233,0.0035219998,0.0031933847,0.0030278617,0.0030671358,0.002945537
1273,0.0034368269,0.003050124,0.0034959533,0.003245354,0.0036128152,0.0032324244,0.0033556595,0.0031065992,0.0030380834,0.0037421188,0.0031623233,0.0035219998,0.0031933847,0.0030278617,0.0030671358,0.002945537
1274,0.0034368269,0.003050124,0.0034959533,0.003245354,0.0036128152,0.0032324244,0.0033556595,0.0031065992,0.0030380834,0.0037421188,0.0031623233,0.0035219998,0.0031933847,0.0030278617,0.0030671358,0.002945537
1275,0.0034368269,0.003050124,0.0034959533,0.003245354,0.0036128152,0.0032324244,0.0033556595,0.0031065992,0.0030380834,0.0037421188,0.0031623233,0.0035219998,0.0031933847,0.0030278617,0.0030671358,0.002945537
1276,0.0034368269,0.0030501238,0.0034959535,0.003245354,0.003612815,0.0032324244,0.0033556595,0.0031065992,0.0030380834,0.003742119,0.003162323,0.003522,0.003193385,0.0030278617,0.0030671358,0.002945537
1277,0.0034368269,0.0030501238,0.0034959535,0.003245354,0.003612815,0.0032324244,0.0033556595,0.0031065992,0.0030380834,0.003742119,0.003162323,0.003522,0.003193385,0.0030278617,0.0030671358,0.002945537
1278,0.0034368269,0.0030501238,0.0034959535,0.003245354,0.003612815,0.0032324244,0.0033556595,0.0031065992,0.0030380834,0.003742119,0.003162323,0.003522,0.003193385,0.0030278617,0.0030671358,0.002945537
1279,0.0034368269,0.0030501238,0.0034959535,0.003245354,0.003612815,0.0032324244,0.0033556595,0.0031065992,0.0030380834,0.003742119,0.003162323,0.003522,0.003193385,0.0030278617,0.0030671358,0.002945537
1280,0.003436827,0.0030501236,0.0034959535,0.003245354,0.003612815,0.0032324244,0.0033556593,0.0031065992,0.0030380832,0.003742119,0.003162323,0.003522,0.003193385,0.003027862,0.0030671358,0.0029455367
1281,0.003436827,0.0030501236,0.0034959535,0.003245354,0.003612815,0.0032324244,0.0033556593,0.0031065992,0.0030380832,0.003742119,0.003162323,0.003522,0.003193385,0.003027862,0.0030671358,0.0029455367
1282,0.003436827,0.0030501236,0.0034959537,0.003245354,0.003612815,0.0032324244,0.0033556593,0.0031065992,0.003038083,0.0037421193,0.003162323,0.0035220003,0.003193385,0.003027862,0.0030671358,0.0029455367
1283,0.0034368273,0.0030501233,0.0034959537,0.003245354,0.003612815,0.0032324244,0.003355659,0.0031065992,0.003038083,0.0037421193,0.003162323,0.0035220003,0.003193385,0.003027862,0.0030671358,0.0029455367
1284,0.0034368273,0.0030501233,0.003495954,0.003245354,0.003612815,0.0032324244,0.003355659,0.0031065994,0.0030380827,0.0037421195,0.003162323,0.0035220005,0.003193385,0.003027862,0.0030671358,0.0029455367
1285,0.0034368276,0.003050123,0.003495954,0.003245354,0.003612815,0.0032324244,0.0033556588,0.0031065994,0.0030380827,0.0037421195,0.003162323,0.0035220005,0.003193385,0.003027862,0.0030671358,0.0029455367
1286,0.0034368276,0.0030501229,0.0034959542,0.003245354,0.003612815,0.0032324244,0.0033556586,0.0031065994,0.0030380825,0.0037421198,0.003162323,0.0035220007,0.003193385,0.003027862,0.0030671358,0.0029455367
1287,0.0034368276,0.0030501229,0.0034959542,0.003245354,0.003612815,0.0032324244,0.0033556586,0.0031065994,0.0030380825,0.0037421198,0.003162323,0.0035220007,0.003193385,0.003027862,0.0030671358,0.0029455367
1288,0.0034368278,0.0030501229,0.0034959542,0.003245354,0.003612815,0.0032324244,0.0033556586,0.0031065994,0.0030380823,0.0037421198,0.003162323,0.0035220007,0.0031933852,0.003027862,0.0030671358,0.0029455367
1289,0.003436828,0.0030501226,0.0034959544,0.003245354,0.003612815,0.0032324246,0.0033556584,0.0031065994,0.0030380823,0.00374212,0.003162323,0.003522001,0.0031933852,0.003027862,0.0030671358,0.0029455367
1290,0.003436828,0.0030501226,0.0034959544,0.003245354,0.003612815,0.0032324246,0.0033556584,0.0031065994,0.003038082,0.00374212,0.003162323,0.003522001,0.0031933852,0.0030278622,0.0030671358,0.0029455365
1291,0.0034368283,0.0030501222,0.0034959547,0.003245354,0.003612815,0.0032324246,0.0033556581,0.0031065994,0.0030380818,0.0037421202,0.003162323,0.0035220014,0.0031933852,0.0030278622,0.0030671358,0.0029455365
1292,0.0034368283,0.0030501222,0.0034959547,0.003245354,0.003612815,0.0032324246,0.0033556581,0.0031065994,0.0030380818,0.0037421202,0.003162323,0.0035220014,0.0031933852,0.0030278622,0.0030671358,0.0029455365
1293,0.0034368283,0.0030501222,0.0034959547,0.003245354,0.003612815,0.0032324246,0.0033556581,0.0031065994,0.0030380818,0.0037421202,0.003162323,0.0035220014,0.0031933852,0.0030278622,0.0030671358,0.0029455365
1294,0.0034368283,0.0030501222,0.0034959547,0.003245354,0.003612815,0.0032324246,0.0033556581,0.0031065994,0.0030380818,0.0037421202,0.003162323,0.0035220014,0.0031933852,0.0030278622,0.0030671358,0.0029455365
1295,0.0034368285,0.0030501222,0.003495955,0.003245354,0.003612815,0.0032324246,0.003355658,0.0031065997,0.0030380816,0.0037421205,0.003162323,0.0035220014,0.0031933852,0.0030278622,0.0030671358,0.0029455365
1296,0.0034368285,0.0030501222,0.003495955,0.003245354,0.003612815,0.0032324246,0.003355658,0.0031065997,0.0030380816,0.0037421205,0.003162323,0.0035220014,0.0031933852,0.0030278622,0.0030671358,0.0029455365
1297,0.0034368287,0.003050122,0.0034959551,0.003245354,0.003612815,0.0032324246,0.0033556577,0.0031065997,0.0030380816,0.0037421205,0.003162323,0.0035220017,0.0031933854,0.0030278622,0.0030671358,0.0029455365
1298,0.0034368287,0.003050122,0.0034959551,0.003245354,0.003612815,0.0032324246,0.0033556577,0.0031065997,0.0030380816,0.0037421205,0.003162323,0.0035220017,0.0031933854,0.0030278622,0.0030671358,0.0029455365
1299,0.003436829,0.0030501215,0.0034959554,0.0032453542,0.003612815,0.0032324248,0.0033556574,0.0031065997,0.003038081,0.003742121,0.003162323,0.003522002,0.0031933854,0.0030278624,0.0030671358,0.0029455363
1300,0.003436829,0.0030501215,0.0034959554,0.0032453542,0.003612815,0.0032324248,0.0033556574,0.0031065997,0.003038081,0.003742121,0.003162323,0.003522002,0.0031933854,0.0030278624,0.0030671358,0.0029455363
1301,0.003436829,0.0030501215,0.0034959554,0.0032453542,0.003612815,0.0032324248,0.0033556574,0.0031065997,0.003038081,0.003742121,0.003162323,0.003522002,0.0031933854,0.0030278624,0.0030671358,0.0029455363
1302,0.003436829,0.0030501215,0.0034959554,0.0032453542,0.003612815,0.0032324248,0.0033556574,0.0031065997,0.003038081,0.003742121,0.003162323,0.003522002,0.0031933854,0.0030278624,0.0030671358,0.0029455363
1303,0.0034368292,0.0030501212,0.0034959556,0.0032453542,0.003612815,0.0032324248,0.0033556572,0.0031065997,0.0030380809,0.003742121,0.003162323,0.0035220021,0.0031933854,0.0030278624,0.0030671358,0.0029455363
1304,0.0034368292,0.0030501212,0.0034959556,0.0032453542,0.003612815,0.0032324248,0.0033556572,0.0031065997,0.0030380809,0.003742121,0.003162323,0.0035220021,0.0031933854,0.0030278624,0.0030671358,0.0029455363
1305,0.0034368297,0.0030501208,0.003495956,0.0032453542,0.003612815,0.0032324248,0.0033556568,0.0031066,0.0030380804,0.0037421214,0.003162323,0.0035220026,0.0031933857,0.0030278624,0.0030671358,0.0029455363
1306,0.00343683,0.0030501208,0.0034959563,0.0032453542,0.003612815,0.0032324248,0.0033556565,0.0031066,0.0030380802,0.0037421216,0.003162323,0.0035220026,0.0031933857,0.0030278624,0.0030671358,0.0029455363
1307,0.0034368301,0.0030501205,0.0034959565,0.0032453542,0.003612815,0.003232425,0.0033556563,0.0031066,0.00303808,0.0037421219,0.003162323,0.003522003,0.0031933857,0.0030278624,0.0030671358,0.002945536
1308,0.0034368308,0.0030501205,0.003495957,0.0032453542,0.003612815,0.003232425,0.0033556556,0.0031066,0.00303808,0.0037421223,0.003162323,0.0035220035,0.003193386,0.0030278626,0.0030671358,0.002945536
1309,0.003436831,0.0030501205,0.0034959572,0.0032453542,0.003612815,0.003232425,0.0033556556,0.0031066,0.00303808,0.0037421226,0.003162323,0.0035220038,0.003193386,0.0030278626,0.0030671358,0.0029455358
1310,0.003436831,0.0030501205,0.0034959572,0.0032453542,0.003612815,0.003232425,0.0033556556,0.0031066,0.00303808,0.0037421226,0.003162323,0.0035220038,0.003193386,0.0030278626,0.0030671358,0.0029455358
1311,0.0034368313,0.0030501205,0.0034959577,0.0032453542,0.0036128147,0.0032324253,0.0033556551,0.0031066,0.0030380802,0.0037421228,0.0031623228,0.003522004,0.003193386,0.0030278626,0.0030671358,0.0029455358
1312,0.0034368315,0.0030501205,0.0034959577,0.0032453542,0.0036128147,0.0032324253,0.003355655,0.0031066001,0.0030380802,0.003742123,0.0031623228,0.0035220042,0.003193386,0.0030278626,0.0030671358,0.0029455358
1313,0.0034368318,0.0030501205,0.003495958,0.0032453542,0.0036128147,0.0032324253,0.003355655,0.0031066001,0.0030380802,0.0037421233,0.0031623228,0.0035220045,0.003193386,0.0030278626,0.0030671358,0.0029455358
1314,0.0034368318,0.0030501205,0.003495958,0.0032453542,0.0036128147,0.0032324253,0.003355655,0.0031066001,0.0030380802,0.0037421233,0.0031623228,0.0035220045,0.003193386,0.0030278626,0.0030671358,0.0029455358
1315,0.0034368318,0.0030501205,0.0034959582,0.0032453542,0.0036128147,0.0032324253,0.0033556547,0.0031066001,0.0030380802,0.0037421233,0.0031623228,0.0035220045,0.0031933861,0.0030278629,0.0030671358,0.0029455358
1316,0.003436832,0.0030501205,0.0034959584,0.0032453542,0.0036128147,0.0032324253,0.0033556544,0.0031066001,0.0030380802,0.0037421235,0.0031623228,0.0035220047,0.0031933861,0.0030278629,0.0030671358,0.0029455356
1317,0.0034368325,0.0030501208,0.0034959586,0.0032453542,0.0036128147,0.0032324255,0.0033556542,0.0031066001,0.0030380802,0.003742124,0.0031623228,0.0035220052,0.0031933861,0.0030278629,0.0030671358,0.0029455356
1318,0.0034368325,0.0030501208,0.0034959586,0.0032453542,0.0036128147,0.0032324255,0.0033556542,0.0031066001,0.0030380802,0.003742124,0.0031623228,0.0035220052,0.0031933861,0.0030278629,0.0030671358,0.0029455356
1319,0.003436833,0.0030501208,0.003495959,0.0032453542,0.0036128147,0.0032324255,0.003355654,0.0031066004,0.0030380802,0.0037421244,0.0031623228,0.0035220056,0.0031933864,0.003027863,0.0030671358,0.0029455354
1320,0.0034368334,0.0030501208,0.0034959596,0.0032453542,0.0036128147,0.0032324255,0.003355654,0.0031066004,0.0030380802,0.0037421247,0.0031623228,0.003522006,0.0031933864,0.003027863,0.0030671358,0.0029455354
1321,0.0034368334,0.0030501208,0.0034959598,0.0032453542,0.0036128147,0.0032324258,0.003355654,0.0031066006,0.0030380802,0.003742125,0.0031623228,0.003522006,0.0031933866,0.003027863,0.0030671358,0.0029455354
1322,0.0034368334,0.0030501208,0.0034959598,0.0032453542,0.0036128147,0.0032324258,0.003355654,0.0031066006,0.0030380802,0.003742125,0.0031623228,0.003522006,0.0031933866,0.003027863,0.0030671358,0.0029455354
1323,0.0034368334,0.0030501208,0.0034959598,0.0032453542,0.0036128147,0.003232426,0.003355654,0.0031066008,0.0030380802,0.0037421263,0.0031623228,0.0035220068,0.0031933868,0.0030278636,0.0030671358,0.002945535
1324,0.0034368334,0.0030501208,0.0034959598,0.0032453542,0.0036128147,0.003232426,0.0033556542,0.0031066008,0.0030380804,0.0037421265,0.0031623226,0.0035220066,0.003193387,0.0030278636,0.0030671358,0.002945535
1325,0.0034368334,0.003050121,0.0034959598,0.0032453542,0.0036128147,0.0032324262,0.0033556542,0.003106601,0.0030380804,0.003742127,0.0031623226,0.0035220066,0.0031933873,0.0030278638,0.0030671358,0.0029455347
1326,0.0034368334,0.003050121,0.0034959598,0.0032453542,0.0036128147,0.0032324265,0.0033556542,0.0031066013,0.0030380804,0.003742127,0.0031623226,0.0035220066,0.0031933875,0.003027864,0.0030671358,0.0029455344
