sample_id	spot_id	tls
cHC-1L	AAACAAGTATCTCCCA-1	FALSE
cHC-1L	AAACAATCTACTAGCA-1	FALSE
cHC-1L	AAACACCAATAACTGC-1	FALSE
cHC-1L	AAACAGAGCGACTCCT-1	FALSE
cHC-1L	AAACAGCTTTCAGAAG-1	FALSE
cHC-1L	AAACAGGGTCTATATT-1	FALSE
cHC-1L	AAACAGTGTTCCTGGG-1	FALSE
cHC-1L	AAACATGGTGAGAGGA-1	FALSE
cHC-1L	AAACATTTCCCGGATT-1	FALSE
cHC-1L	AAACCCGAACGAAATC-1	FALSE
cHC-1L	AAACCGGAAATGTTAA-1	FALSE
cHC-1L	AAACCGGGTAGGTACC-1	FALSE
cHC-1L	AAACCGTTCGTCCAGG-1	FALSE
cHC-1L	AAACCTAAGCAGCCGG-1	FALSE
cHC-1L	AAACCTCATGAAGTTG-1	FALSE
cHC-1L	AAACGAAGAACATACC-1	FALSE
cHC-1L	AAACGAAGATGGAGTA-1	FALSE
cHC-1L	AAACGAGACGGTTGAT-1	FALSE
cHC-1L	AAACGCTGGGCACGAC-1	FALSE
cHC-1L	AAACGGTTGCGAACTG-1	FALSE
cHC-1L	AAACGTGTTCGCCCTA-1	FALSE
cHC-1L	AAACTAACGTGGCGAC-1	FALSE
cHC-1L	AAACTCGGTTCGCAAT-1	FALSE
cHC-1L	AAACTCGTGATATAAG-1	FALSE
cHC-1L	AAACTGCTGGCTCCAA-1	FALSE
cHC-1L	AAACTTAATTGCACGC-1	FALSE
cHC-1L	AAACTTGCAAACGTAT-1	FALSE
cHC-1L	AAAGAATGACCTTAGA-1	FALSE
cHC-1L	AAAGAATGTGGACTAA-1	TRUE
cHC-1L	AAAGACCCAAGTCGCG-1	FALSE
cHC-1L	AAAGACTGGGCGCTTT-1	TRUE
cHC-1L	AAAGCTTGCCTACATA-1	FALSE
cHC-1L	AAAGGCCCTATAATAC-1	FALSE
cHC-1L	AAAGGCTACGGACCAT-1	FALSE
cHC-1L	AAAGGCTCTCGCGCCG-1	FALSE
cHC-1L	AAAGGGATGTAGCAAG-1	FALSE
cHC-1L	AAAGGGCAGCTTGAAT-1	FALSE
cHC-1L	AAAGGTAAGCTGTACC-1	FALSE
cHC-1L	AAAGTAGCATTGCTCA-1	FALSE
cHC-1L	AAAGTCACTGATGTAA-1	FALSE
cHC-1L	AAAGTCGACCCTCAGT-1	FALSE
cHC-1L	AAAGTGCCATCAATTA-1	FALSE
cHC-1L	AAAGTGTGATTTATCT-1	FALSE
cHC-1L	AAAGTTGACTCCCGTA-1	TRUE
cHC-1L	AAATAACCATACGGGA-1	FALSE
cHC-1L	AAATAAGGTAGTGCCC-1	FALSE
cHC-1L	AAATACCTATAAGCAT-1	FALSE
cHC-1L	AAATAGCTTAGACTTT-1	FALSE
cHC-1L	AAATAGGGTGCTATTG-1	FALSE
cHC-1L	AAATCCGATACACGCC-1	FALSE
cHC-1L	AAATCGCGGAAGGAGT-1	FALSE
cHC-1L	AAATCGTGTACCACAA-1	FALSE
cHC-1L	AAATCTAGCCCTGCTA-1	FALSE
cHC-1L	AAATCTGCCCGCGTCC-1	FALSE
cHC-1L	AAATGACTGATCAAAC-1	FALSE
cHC-1L	AAATGATTCGATCAGC-1	FALSE
cHC-1L	AAATGCTCGTTACGTT-1	FALSE
cHC-1L	AAATGGCATGTCTTGT-1	FALSE
cHC-1L	AAATGGCCCGTGCCCT-1	FALSE
cHC-1L	AAATGGTCAATGTGCC-1	FALSE
cHC-1L	AAATGTATCTTATCCC-1	FALSE
cHC-1L	AAATTAACGGGTAGCT-1	FALSE
cHC-1L	AAATTAATAAGCGCGA-1	FALSE
cHC-1L	AAATTACACGACTCTG-1	FALSE
cHC-1L	AAATTACCTATCGATG-1	FALSE
cHC-1L	AAATTCCAGGTCCAAA-1	FALSE
cHC-1L	AAATTGATAGTCCTTT-1	FALSE
cHC-1L	AAATTGCGGCGGTTCT-1	FALSE
cHC-1L	AAATTGGTGAGAAGCA-1	FALSE
cHC-1L	AAATTTGCGGGTGTGG-1	FALSE
cHC-1L	AACAACTGGTAGTTGC-1	FALSE
cHC-1L	AACAATACATTGTCGA-1	FALSE
cHC-1L	AACAATTACTCTACGC-1	TRUE
cHC-1L	AACACACGCTCGCCGC-1	FALSE
cHC-1L	AACACGACTGTACTGA-1	TRUE
cHC-1L	AACACGAGACGCGGCC-1	FALSE
cHC-1L	AACACGCGGCCGCGAA-1	FALSE
cHC-1L	AACAGCTGTGTGGCAA-1	FALSE
cHC-1L	AACAGGAAATCGAATA-1	FALSE
cHC-1L	AACAGGATGGGCCGCG-1	FALSE
cHC-1L	AACAGGTAGTATGGAT-1	FALSE
cHC-1L	AACATAGCGTGTATCG-1	FALSE
cHC-1L	AACATATCAACTGGTG-1	FALSE
cHC-1L	AACATCGATACGTCTA-1	FALSE
cHC-1L	AACATTGAAGTTGATC-1	FALSE
cHC-1L	AACATTGGTCAGCCGT-1	FALSE
cHC-1L	AACATTGTGACTCGAG-1	FALSE
cHC-1L	AACCAAGACTTCTCTG-1	FALSE
cHC-1L	AACCATAGGGTTGAAC-1	FALSE
cHC-1L	AACCATGGGATCGCTA-1	FALSE
cHC-1L	AACCCAGAGACGGAGA-1	FALSE
cHC-1L	AACCCATCCCATGATC-1	FALSE
cHC-1L	AACCCGACAACCCGTG-1	FALSE
cHC-1L	AACCCGAGCAGAATCG-1	FALSE
cHC-1L	AACCCGCTGTATTCCA-1	FALSE
cHC-1L	AACCCTACTGTCAATA-1	FALSE
cHC-1L	AACCCTGGTGGAACCA-1	FALSE
cHC-1L	AACCGAGCTTGGTCAT-1	FALSE
cHC-1L	AACCGCTAAGGGATGC-1	FALSE
cHC-1L	AACCGTTGTGTTTGCT-1	FALSE
cHC-1L	AACCTCGCTTTAGCCC-1	FALSE
cHC-1L	AACCTGTCACGGAATT-1	FALSE
cHC-1L	AACCTTTAAATACGGT-1	FALSE
cHC-1L	AACCTTTACGACGTCT-1	FALSE
cHC-1L	AACGAAAGTCGTCCCA-1	FALSE
cHC-1L	AACGACCTCCTAGCCG-1	FALSE
cHC-1L	AACGATAATGCCGTAG-1	FALSE
cHC-1L	AACGATAGAAGGGCCG-1	FALSE
cHC-1L	AACGATATGTCAACTG-1	FALSE
cHC-1L	AACGCATGATCTGGGT-1	FALSE
cHC-1L	AACGCGAACGGCAACA-1	TRUE
cHC-1L	AACGCGACCTTGGGCG-1	FALSE
cHC-1L	AACGCGGTCTCCAGCC-1	FALSE
cHC-1L	AACGCTGTTGCTGAAA-1	FALSE
cHC-1L	AACGGACGTACGTATA-1	FALSE
cHC-1L	AACGGCCATCTCCGGT-1	FALSE
cHC-1L	AACGTACTGTGGGTAC-1	FALSE
cHC-1L	AACGTCAGACTAGTGG-1	FALSE
cHC-1L	AACGTCGCTGCACTTC-1	TRUE
cHC-1L	AACGTGATGAAGGACA-1	FALSE
cHC-1L	AACGTGCGAAAGTCTC-1	FALSE
cHC-1L	AACGTTATCAGCACCT-1	FALSE
cHC-1L	AACTACCCGTTTGTCA-1	FALSE
cHC-1L	AACTAGCGTATCGCAC-1	FALSE
cHC-1L	AACTAGGCTTGGGTGT-1	FALSE
cHC-1L	AACTCAAGTTAATTGC-1	FALSE
cHC-1L	AACTCCAGAGCGTGTT-1	FALSE
cHC-1L	AACTCCTAATCCCATG-1	FALSE
cHC-1L	AACTCGATAAACACGT-1	FALSE
cHC-1L	AACTCGATGGCGCAGT-1	FALSE
cHC-1L	AACTCTCAATAGAGCG-1	FALSE
cHC-1L	AACTCTCAGTGTGCTC-1	FALSE
cHC-1L	AACTGAGGTCAGCGTC-1	FALSE
cHC-1L	AACTGATATTAGGCCT-1	FALSE
cHC-1L	AACTGGGTCCCGACGT-1	FALSE
cHC-1L	AACTGGTGTGGGCCTT-1	FALSE
cHC-1L	AACTTCTGCGTCTATC-1	FALSE
cHC-1L	AACTTGCCCGTATGCA-1	TRUE
cHC-1L	AACTTGCGTTCTCGCG-1	FALSE
cHC-1L	AACTTTACGGGAGCTT-1	FALSE
cHC-1L	AACTTTAGCTGCTGAG-1	FALSE
cHC-1L	AACTTTCTCGATCATG-1	FALSE
cHC-1L	AAGAAAGTTTGATGGG-1	FALSE
cHC-1L	AAGAAATCACCAGATT-1	FALSE
cHC-1L	AAGAAGGATCAGTTAG-1	FALSE
cHC-1L	AAGACATACGTGGTTT-1	FALSE
cHC-1L	AAGACCAAATAACTCA-1	FALSE
cHC-1L	AAGACCCAACTGAACA-1	FALSE
cHC-1L	AAGACTAACCCGTTGT-1	FALSE
cHC-1L	AAGAGATGAATCGGTA-1	FALSE
cHC-1L	AAGAGCTCTTTATCGG-1	FALSE
cHC-1L	AAGAGGATGTACGCGA-1	FALSE
cHC-1L	AAGAGGCATGGATCGC-1	FALSE
cHC-1L	AAGAGGCCCTTTGGAA-1	FALSE
cHC-1L	AAGATGGCACCGGACC-1	FALSE
cHC-1L	AAGATTGGCGGAACGT-1	FALSE
cHC-1L	AAGCACCCTGCGTATC-1	FALSE
cHC-1L	AAGCATACTCTCCTGA-1	FALSE
cHC-1L	AAGCCACTTGCAGGTA-1	FALSE
cHC-1L	AAGCCGAAGCGGTTTA-1	FALSE
cHC-1L	AAGCCGCCGTGAAATC-1	FALSE
cHC-1L	AAGCCGCTTTACCTTG-1	FALSE
cHC-1L	AAGCCGGAGAGCAGGA-1	FALSE
cHC-1L	AAGCGCAGGGCTTTGA-1	FALSE
cHC-1L	AAGCGGAGTGCGCGCA-1	FALSE
cHC-1L	AAGCGGCGTCATGGGT-1	FALSE
cHC-1L	AAGCGTCCCTCATCGA-1	FALSE
cHC-1L	AAGCTAGATCGAGTAA-1	FALSE
cHC-1L	AAGCTCGTGCCAAGTC-1	FALSE
cHC-1L	AAGCTCTTTCATGGTG-1	FALSE
cHC-1L	AAGGAGCGGTTGGTGC-1	FALSE
cHC-1L	AAGGATCGATCGCTTG-1	FALSE
cHC-1L	AAGGATGAGGGACCTC-1	FALSE
cHC-1L	AAGGCAGGCTGTCTCC-1	FALSE
cHC-1L	AAGGCGCGTAAAGCTT-1	FALSE
cHC-1L	AAGGCTGTGCTCATCG-1	FALSE
cHC-1L	AAGGGAACGACTGGCT-1	FALSE
cHC-1L	AAGGGACAGATTCTGT-1	FALSE
cHC-1L	AAGGGACTATGCATTC-1	FALSE
cHC-1L	AAGGGTTTGATTTCAG-1	FALSE
cHC-1L	AAGGTATCCTAATATA-1	FALSE
cHC-1L	AAGGTGATAAACCAGC-1	FALSE
cHC-1L	AAGTAGAAGACCGGGT-1	FALSE
cHC-1L	AAGTAGTGACGCGAGG-1	FALSE
cHC-1L	AAGTCAATTGTCGTCA-1	FALSE
cHC-1L	AAGTCTAGTAGCTGCC-1	FALSE
cHC-1L	AAGTCTTCTGTGGCCT-1	FALSE
cHC-1L	AAGTGACGACCGAATT-1	FALSE
cHC-1L	AAGTGAGTCGGGTTTA-1	FALSE
cHC-1L	AAGTGCAAAGGTAGAC-1	FALSE
cHC-1L	AAGTGCCTTGACTGTA-1	FALSE
cHC-1L	AAGTGCGTTAGAATCT-1	FALSE
cHC-1L	AAGTGCTTCTCTATTG-1	FALSE
cHC-1L	AAGTGTTTGGAGACGG-1	FALSE
cHC-1L	AAGTTCACTCCAAGCT-1	FALSE
cHC-1L	AAGTTCAGTCTGCGTA-1	FALSE
cHC-1L	AAGTTCGGCCAACAGG-1	FALSE
cHC-1L	AAGTTGTGATGTTATA-1	FALSE
cHC-1L	AAGTTTACTAATGGCA-1	FALSE
cHC-1L	AAGTTTATGGGCCCAA-1	FALSE
cHC-1L	AATAACAACGCTCGGC-1	FALSE
cHC-1L	AATAACACTAGAACAA-1	FALSE
cHC-1L	AATAACGTCGCGCCCA-1	FALSE
cHC-1L	AATAATCTTCGTATCG-1	FALSE
cHC-1L	AATACAATGTTTCAGG-1	FALSE
cHC-1L	AATACCGGAGGGCTGT-1	FALSE
cHC-1L	AATACCTGATGTGAAC-1	FALSE
cHC-1L	AATAGAACAGAGTGGC-1	FALSE
cHC-1L	AATAGAATCTGTTTCA-1	FALSE
cHC-1L	AATAGCAAGCCTCCTG-1	FALSE
cHC-1L	AATAGCTACCGCGTGC-1	FALSE
cHC-1L	AATAGGCACGACCCTT-1	FALSE
cHC-1L	AATAGTCCGTCCCGAC-1	FALSE
cHC-1L	AATAGTCGCGAGTCGG-1	FALSE
cHC-1L	AATATCAAGGTCGGAT-1	FALSE
cHC-1L	AATATCCTAGCAAACT-1	FALSE
cHC-1L	AATATCGAATCAATGC-1	FALSE
cHC-1L	AATATCGAGGGTTCTC-1	FALSE
cHC-1L	AATATTGGAGTATTGA-1	FALSE
cHC-1L	AATCAGACTGCAGGAC-1	FALSE
cHC-1L	AATCAGGTTTCATTTA-1	FALSE
cHC-1L	AATCATGTAAAGACTC-1	FALSE
cHC-1L	AATCCAAGGGCCTGAG-1	FALSE
cHC-1L	AATCCATGCAAGGGTG-1	FALSE
cHC-1L	AATCCCGCTCAGAGCC-1	FALSE
cHC-1L	AATCGCCTCAGCGCCA-1	TRUE
cHC-1L	AATCGGGACACTACGA-1	FALSE
cHC-1L	AATCGGTATAGCCCTC-1	FALSE
cHC-1L	AATCGTGAGCCGAGCA-1	FALSE
cHC-1L	AATCTAGGTTTACTTG-1	FALSE
cHC-1L	AATCTATGCCGGAGCC-1	FALSE
cHC-1L	AATCTCTACTGTGGTT-1	FALSE
cHC-1L	AATCTGCGTTGGGACG-1	FALSE
cHC-1L	AATCTGGCTTTCTAGT-1	FALSE
cHC-1L	AATGACAGCAATGTCT-1	FALSE
cHC-1L	AATGACGTAGGATGTC-1	FALSE
cHC-1L	AATGACTGTCAGCCGG-1	FALSE
cHC-1L	AATGAGTTCGCATATG-1	FALSE
cHC-1L	AATGATGCGACTCCTG-1	FALSE
cHC-1L	AATGCAACCGGGTACC-1	FALSE
cHC-1L	AATGCACCAAGCAATG-1	FALSE
cHC-1L	AATGGTCCACCGTTCA-1	FALSE
cHC-1L	AATGGTTCTCACAAGC-1	FALSE
cHC-1L	AATGTATGGCACTGTA-1	FALSE
cHC-1L	AATGTGCCCGAGGTGT-1	FALSE
cHC-1L	AATGTGCTAATCTGAG-1	FALSE
cHC-1L	AATGTTAAGACCCTGA-1	FALSE
cHC-1L	AATGTTGTCGTGAGAC-1	FALSE
cHC-1L	AATTAAAGGTCGGCGT-1	FALSE
cHC-1L	AATTAACGGATTTCCA-1	FALSE
cHC-1L	AATTACGAGACCCATC-1	FALSE
cHC-1L	AATTACTCGTACGCTC-1	TRUE
cHC-1L	AATTAGCGCTGCAGCG-1	FALSE
cHC-1L	AATTATACCCAGCAAG-1	TRUE
cHC-1L	AATTCATAAGGGATCT-1	FALSE
cHC-1L	AATTCATTGTCATGCA-1	FALSE
cHC-1L	AATTCCAACTTGGTGA-1	FALSE
cHC-1L	AATTCCAAGCATGTAC-1	FALSE
cHC-1L	AATTCGATTCGAGGAT-1	TRUE
cHC-1L	AATTCTAGAGTTAGGC-1	FALSE
cHC-1L	AATTGAACGCTCTGGT-1	FALSE
cHC-1L	AATTGCAGCAATCGAC-1	FALSE
cHC-1L	AATTGCGTGGATTACA-1	FALSE
cHC-1L	AATTGTGGTTGCCAAA-1	FALSE
cHC-1L	AATTTGGGACATAGTA-1	FALSE
cHC-1L	AATTTGGTTCCAAAGA-1	FALSE
cHC-1L	ACAAACCATGCGTCCT-1	FALSE
cHC-1L	ACAAACTCCATCAGAG-1	FALSE
cHC-1L	ACAAAGAAGGTAGGCC-1	FALSE
cHC-1L	ACAAAGCATGACCTAG-1	FALSE
cHC-1L	ACAAATCGCACCGAAT-1	FALSE
cHC-1L	ACAAATGGTAGTGTTT-1	FALSE
cHC-1L	ACAAATTCAGATCTGA-1	FALSE
cHC-1L	ACAACAGCATGAGCTA-1	FALSE
cHC-1L	ACAACGGTCCCTGCGA-1	FALSE
cHC-1L	ACAAGCAGTGCCTAGC-1	TRUE
cHC-1L	ACAAGCTATATGGAAG-1	FALSE
cHC-1L	ACAAGGAAATCCGCCC-1	FALSE
cHC-1L	ACAAGGACAAGAGGTT-1	FALSE
cHC-1L	ACAAGGATGCTTTAGG-1	FALSE
cHC-1L	ACAAGGGCAGGCTCTG-1	FALSE
cHC-1L	ACAATAGTCGTACGTT-1	FALSE
cHC-1L	ACAATCCATTTAAACC-1	FALSE
cHC-1L	ACAATGAATACGGAGA-1	FALSE
cHC-1L	ACAATGATTCTTCTAC-1	FALSE
cHC-1L	ACAATTGTGTCTCTTT-1	FALSE
cHC-1L	ACAATTTAGGAGGCTC-1	FALSE
cHC-1L	ACAATTTGAGCAGTGG-1	FALSE
cHC-1L	ACAATTTGGCCATATT-1	FALSE
cHC-1L	ACACAAAGACGGGTGG-1	FALSE
cHC-1L	ACACAAATATTCCTAG-1	FALSE
cHC-1L	ACACACCAGGACCAGT-1	FALSE
cHC-1L	ACACACTTTCTACACG-1	FALSE
cHC-1L	ACACATGATCAAATCT-1	FALSE
cHC-1L	ACACATTGACGCAACA-1	TRUE
cHC-1L	ACACATTTCCGTAGAC-1	FALSE
cHC-1L	ACACCACATAATTAGC-1	FALSE
cHC-1L	ACACCCAGCATGCAGC-1	FALSE
cHC-1L	ACACCCGAGAAATCCG-1	FALSE
cHC-1L	ACACCGAGCGCTCTTT-1	FALSE
cHC-1L	ACACCGGTCTGACCGC-1	FALSE
cHC-1L	ACACCTTAAGTAGGGC-1	FALSE
cHC-1L	ACACCTTACTACTTGC-1	FALSE
cHC-1L	ACACGAGACTCCTTCT-1	FALSE
cHC-1L	ACACGGCACTATGCAT-1	FALSE
cHC-1L	ACACGGGAACTTAGGG-1	FALSE
cHC-1L	ACACGTAGGCCACAAG-1	FALSE
cHC-1L	ACACTCCAATGTCACT-1	FALSE
cHC-1L	ACACTGATCAAGGTGT-1	FALSE
cHC-1L	ACACTGGGACAGTCGT-1	FALSE
cHC-1L	ACAGAACTGAGAACAA-1	FALSE
cHC-1L	ACAGATTAGGTTAGTG-1	FALSE
cHC-1L	ACAGCATAGAGCCAGT-1	FALSE
cHC-1L	ACAGCGACATTCTCAT-1	FALSE
cHC-1L	ACAGCGCACCCGCAGC-1	FALSE
cHC-1L	ACAGGAGGCGCAGCCG-1	FALSE
cHC-1L	ACAGGCACGGATCCTT-1	FALSE
cHC-1L	ACAGGCTTGCCCGACT-1	FALSE
cHC-1L	ACAGGTGGAGGTGAGG-1	FALSE
cHC-1L	ACAGGTGTGTTGTTGC-1	FALSE
cHC-1L	ACAGTAATACAACTTG-1	FALSE
cHC-1L	ACAGTATACCGTGGGA-1	FALSE
cHC-1L	ACATAAGTCGTGGTGA-1	FALSE
cHC-1L	ACATAATAAGGCGGTG-1	FALSE
cHC-1L	ACATCAGCTGGGACGC-1	FALSE
cHC-1L	ACATCCCGGCCATACG-1	FALSE
cHC-1L	ACATCCTGGTAACTGT-1	FALSE
cHC-1L	ACATCGATCGTTTACC-1	FALSE
cHC-1L	ACATCGGTCAGCCGCG-1	FALSE
cHC-1L	ACATCGTATGCAATGG-1	FALSE
cHC-1L	ACATCGTTAACCTAGT-1	FALSE
cHC-1L	ACATGCTTACGGCAGC-1	FALSE
cHC-1L	ACATGGCGCCAAAGTA-1	FALSE
cHC-1L	ACATGGCTCAATTTAG-1	FALSE
cHC-1L	ACATTAGTTTATATCC-1	FALSE
cHC-1L	ACATTCGCGCGGAATA-1	FALSE
cHC-1L	ACATTTGAAACCTAAC-1	FALSE
cHC-1L	ACCAAACACCCAGCGA-1	FALSE
cHC-1L	ACCAACACCACACACT-1	FALSE
cHC-1L	ACCAACCGCACTCCAC-1	FALSE
cHC-1L	ACCAACGCTTATTTAT-1	FALSE
cHC-1L	ACCAAGAACGCGTGTC-1	FALSE
cHC-1L	ACCAAGTCATCGGCAG-1	FALSE
cHC-1L	ACCAATATGCAAGTTA-1	FALSE
cHC-1L	ACCACAAGTTTCTATC-1	FALSE
cHC-1L	ACCACACGGTTGATGG-1	FALSE
cHC-1L	ACCACCAATGTAACAA-1	FALSE
cHC-1L	ACCACCCTCTCTTCTA-1	FALSE
cHC-1L	ACCACGTGCAGCTATA-1	FALSE
cHC-1L	ACCACTGTTCAAGAAG-1	TRUE
cHC-1L	ACCAGACCATAACAAC-1	FALSE
cHC-1L	ACCAGTGCCCGGTCAA-1	FALSE
cHC-1L	ACCAGTGCGGGAGACG-1	FALSE
cHC-1L	ACCATATCCGCAATAA-1	FALSE
cHC-1L	ACCATCCGCCAACTAG-1	FALSE
cHC-1L	ACCATCGTATATGGTA-1	TRUE
cHC-1L	ACCATTAAGGGTGTCA-1	FALSE
cHC-1L	ACCCAACGCCCGTGGC-1	FALSE
cHC-1L	ACCCACCTACATGCTC-1	FALSE
cHC-1L	ACCCATCTTGAGGGTA-1	TRUE
cHC-1L	ACCCATTTGTCCCTCT-1	FALSE
cHC-1L	ACCCGAGCGAAATTAC-1	FALSE
cHC-1L	ACCCGATTGGTTCCGA-1	FALSE
cHC-1L	ACCCGGAAACTCCCAG-1	FALSE
cHC-1L	ACCCGGAGCACCACAA-1	FALSE
cHC-1L	ACCCGGATGACGCATC-1	FALSE
cHC-1L	ACCCGGTTACACTTCC-1	TRUE
cHC-1L	ACCCGTAGCAGAGAAT-1	FALSE
cHC-1L	ACCCGTAGTCTAGTTG-1	FALSE
cHC-1L	ACCCGTGTCATCAGTA-1	FALSE
cHC-1L	ACCCTATAGGACTGAG-1	FALSE
cHC-1L	ACCCTATGCCATATCG-1	FALSE
cHC-1L	ACCCTCCCGTCAGGGC-1	FALSE
cHC-1L	ACCCTCCCTTGCTATT-1	FALSE
cHC-1L	ACCCTGGTAACGCCCT-1	FALSE
cHC-1L	ACCCTTCATCTGCGAA-1	FALSE
cHC-1L	ACCCTTGCCTGGGTCG-1	FALSE
cHC-1L	ACCGAAAGGGCCCTGC-1	FALSE
cHC-1L	ACCGAAGAGTCTGGTT-1	FALSE
cHC-1L	ACCGACACATCTCCCA-1	FALSE
cHC-1L	ACCGACTGAGTCCCAC-1	FALSE
cHC-1L	ACCGAGTCTCCTTATT-1	FALSE
cHC-1L	ACCGATAGGCATAACC-1	FALSE
cHC-1L	ACCGATATTTAATCAT-1	FALSE
cHC-1L	ACCGATGGTAGCATCG-1	FALSE
cHC-1L	ACCGCAATAACTGCCT-1	FALSE
cHC-1L	ACCGCGGTGGAAGTCG-1	FALSE
cHC-1L	ACCGCTAGTCATTGGT-1	FALSE
cHC-1L	ACCGGGCCTTTGTTGA-1	FALSE
cHC-1L	ACCGGTCAGGTACACC-1	FALSE
cHC-1L	ACCGTCCACTGGGCCC-1	FALSE
cHC-1L	ACCGTGACCACGTGGG-1	FALSE
cHC-1L	ACCGTTCCCGCTCTGA-1	FALSE
cHC-1L	ACCTAAGTACCTTTCA-1	FALSE
cHC-1L	ACCTAATCGACTTCCT-1	FALSE
cHC-1L	ACCTACTATAAATCTA-1	FALSE
cHC-1L	ACCTCCGCCCTCGCTG-1	FALSE
cHC-1L	ACCTCCGTTATTCACC-1	FALSE
cHC-1L	ACCTCGAACTTATGCT-1	FALSE
cHC-1L	ACCTGCGTGTCATGTT-1	FALSE
cHC-1L	ACGAAATGGGCGGCAC-1	FALSE
cHC-1L	ACGACCCATGAGTTGC-1	FALSE
cHC-1L	ACGACTCTAGGGCCGA-1	TRUE
cHC-1L	ACGACTGGTCATACTC-1	FALSE
cHC-1L	ACGAGAACCCATCACG-1	FALSE
cHC-1L	ACGAGATATTTGCTTA-1	FALSE
cHC-1L	ACGAGGATACCACTCT-1	FALSE
cHC-1L	ACGAGGTTTACAACGT-1	FALSE
cHC-1L	ACGAGTACGGATGCCC-1	FALSE
cHC-1L	ACGAGTCGCCGGCGTT-1	TRUE
cHC-1L	ACGATACATAGAACTA-1	FALSE
cHC-1L	ACGATACCTATCCTGA-1	FALSE
cHC-1L	ACGATCATACATAGAG-1	FALSE
cHC-1L	ACGATCATCTTGTAAA-1	FALSE
cHC-1L	ACGATGCATATGTTAT-1	FALSE
cHC-1L	ACGATGGATCCGATGC-1	FALSE
cHC-1L	ACGCAAACTAATAGAT-1	FALSE
cHC-1L	ACGCAATCACTACAGC-1	FALSE
cHC-1L	ACGCATACGTTTACTA-1	FALSE
cHC-1L	ACGCATTCGTGAGTAC-1	TRUE
cHC-1L	ACGCCACTCGAAACAG-1	FALSE
cHC-1L	ACGCCAGATGATTTCT-1	FALSE
cHC-1L	ACGCCAGTGCGTTTGC-1	FALSE
cHC-1L	ACGCCGCTAGACGACC-1	FALSE
cHC-1L	ACGCGAAGTCAGACGA-1	FALSE
cHC-1L	ACGCGCTACACAGGGT-1	FALSE
cHC-1L	ACGCGGGCCAAGGACA-1	TRUE
cHC-1L	ACGCGTTTCTTAAGAG-1	FALSE
cHC-1L	ACGCTACTGAATGGGC-1	FALSE
cHC-1L	ACGCTAGTGATACACT-1	FALSE
cHC-1L	ACGCTGTGAGGCGTAG-1	FALSE
cHC-1L	ACGGAACACGAGTGCC-1	FALSE
cHC-1L	ACGGAATTTAGCAAAT-1	FALSE
cHC-1L	ACGGACGCAGCGACAA-1	FALSE
cHC-1L	ACGGACTCTCAAAGCG-1	FALSE
cHC-1L	ACGGAGCGCAAATTAC-1	FALSE
cHC-1L	ACGGATGGTGCGGATA-1	FALSE
cHC-1L	ACGGCACTTGCTTGGG-1	FALSE
cHC-1L	ACGGCCAACATGGACT-1	FALSE
cHC-1L	ACGGCGACGATGGGAA-1	FALSE
cHC-1L	ACGGCGGGTTGCCCTG-1	FALSE
cHC-1L	ACGGCTGGATGTAGAA-1	FALSE
cHC-1L	ACGGGAGTGTCGGCCC-1	FALSE
cHC-1L	ACGGGCGTATGCGACA-1	FALSE
cHC-1L	ACGGGTCATGTGACTT-1	FALSE
cHC-1L	ACGGGTTGTGACCTGT-1	FALSE
cHC-1L	ACGGTACAGTTCAATG-1	FALSE
cHC-1L	ACGGTCACCGAGAACA-1	FALSE
cHC-1L	ACGTACAGATTTCTCT-1	TRUE
cHC-1L	ACGTACTTTGGCACGG-1	FALSE
cHC-1L	ACGTAGATTGCTGATG-1	FALSE
cHC-1L	ACGTAGGAGAGTCGCT-1	FALSE
cHC-1L	ACGTATTACTCCGATC-1	FALSE
cHC-1L	ACGTCGGGCAACTCGG-1	FALSE
cHC-1L	ACGTCTCGTTCCGGGA-1	FALSE
cHC-1L	ACGTGACAAAGTAAGT-1	FALSE
cHC-1L	ACGTGCGCCTCGTGCA-1	FALSE
cHC-1L	ACGTTAATGTCGAAGA-1	FALSE
cHC-1L	ACGTTAGATTTGCCCG-1	TRUE
cHC-1L	ACGTTATTGGTCACTC-1	TRUE
cHC-1L	ACGTTCACTATGCCGC-1	FALSE
cHC-1L	ACGTTCCGCGCTCCGT-1	FALSE
cHC-1L	ACGTTCGCAATCAATT-1	FALSE
cHC-1L	ACGTTCGTTCAGGAAA-1	FALSE
cHC-1L	ACGTTCTGTACAAGTC-1	FALSE
cHC-1L	ACGTTGTCGTTGAAAG-1	FALSE
cHC-1L	ACGTTTAGTTGTGATC-1	FALSE
cHC-1L	ACGTTTCGGTGCACTT-1	FALSE
cHC-1L	ACTAAGGACGCACACC-1	FALSE
cHC-1L	ACTAATACGTCAGGCG-1	FALSE
cHC-1L	ACTACAAAGAGAGGTG-1	FALSE
cHC-1L	ACTACATCCCGACAAG-1	FALSE
cHC-1L	ACTACCAGCTCTCTGG-1	FALSE
cHC-1L	ACTACCATCCGAGGGC-1	FALSE
cHC-1L	ACTACGCGTTAGAATT-1	FALSE
cHC-1L	ACTAGTTGCGATCGTC-1	FALSE
cHC-1L	ACTATATGCTGTGTTC-1	FALSE
cHC-1L	ACTATCCAGGGCATGG-1	FALSE
cHC-1L	ACTATCGCCGGCTAAA-1	FALSE
cHC-1L	ACTATCTGCCCGCGTA-1	FALSE
cHC-1L	ACTATGTCCAGCTGCC-1	FALSE
cHC-1L	ACTATTCGTCCGTGGT-1	FALSE
cHC-1L	ACTATTTCCGGGCCCA-1	FALSE
cHC-1L	ACTCAACGAATGTATT-1	FALSE
cHC-1L	ACTCAAGTGCAAGGCT-1	FALSE
cHC-1L	ACTCAATAAAGGCACG-1	FALSE
cHC-1L	ACTCAGACCTGCTTCT-1	FALSE
cHC-1L	ACTCATGGCAGCCTTC-1	FALSE
cHC-1L	ACTCCAATATCATCAT-1	FALSE
cHC-1L	ACTCCCATTCCTAAAG-1	FALSE
cHC-1L	ACTCCCGAATTCGTTT-1	FALSE
cHC-1L	ACTCCCGTAGACTAGG-1	FALSE
cHC-1L	ACTCCCTAATGCTAAA-1	FALSE
cHC-1L	ACTCCCTAGAATAGTA-1	FALSE
cHC-1L	ACTCCGGCCGACCACT-1	FALSE
cHC-1L	ACTCGATGTATTTCAT-1	TRUE
cHC-1L	ACTCGCCGTTCGATAA-1	FALSE
cHC-1L	ACTCGCGATCTGACGC-1	FALSE
cHC-1L	ACTCGTAACCCGTCCT-1	FALSE
cHC-1L	ACTCGTCAGTAATCCC-1	FALSE
cHC-1L	ACTCTAAACCTGGGAT-1	FALSE
cHC-1L	ACTCTCTGACTTAGGT-1	FALSE
cHC-1L	ACTCTCTTATACACGA-1	FALSE
cHC-1L	ACTCTGACCTAATAGA-1	FALSE
cHC-1L	ACTCTTCAGCTCCCGC-1	FALSE
cHC-1L	ACTCTTGTATAGTAAC-1	FALSE
cHC-1L	ACTGAAACGCCGTTAG-1	FALSE
cHC-1L	ACTGAATGGCGAAAGT-1	FALSE
cHC-1L	ACTGCCCGCCATTCTC-1	FALSE
cHC-1L	ACTGCCGTCGTAACTC-1	FALSE
cHC-1L	ACTGCGGACACACCGT-1	FALSE
cHC-1L	ACTGCTCGGAAGGATG-1	FALSE
cHC-1L	ACTGGCGAACCTGCGT-1	FALSE
cHC-1L	ACTGGGATGCCAGTGC-1	FALSE
cHC-1L	ACTGTACGATACACAT-1	FALSE
cHC-1L	ACTGTAGCACTTTGGA-1	FALSE
cHC-1L	ACTGTATACGCGAGCA-1	FALSE
cHC-1L	ACTGTCCAGGATTATA-1	FALSE
cHC-1L	ACTGTCTTCTTTAGAA-1	FALSE
cHC-1L	ACTGTGCTAGTAGATC-1	FALSE
cHC-1L	ACTTACCGGGCGCGCA-1	FALSE
cHC-1L	ACTTACGCATCCACGC-1	FALSE
cHC-1L	ACTTAGTACGACAAGA-1	FALSE
cHC-1L	ACTTATACTTACCCGG-1	FALSE
cHC-1L	ACTTATTAGGATCGGT-1	FALSE
cHC-1L	ACTTATTTATGTGCCA-1	FALSE
cHC-1L	ACTTCAGGCTGATCCC-1	FALSE
cHC-1L	ACTTCCAGTGGAAGCT-1	FALSE
cHC-1L	ACTTCCATGCGGGACA-1	FALSE
cHC-1L	ACTTCGCCATACGCAC-1	FALSE
cHC-1L	ACTTCGCTAGCGAGTG-1	FALSE
cHC-1L	ACTTGACTCCCTCTTT-1	FALSE
cHC-1L	ACTTGCTCTATCTACC-1	FALSE
cHC-1L	ACTTGGGACCCGGTGG-1	FALSE
cHC-1L	ACTTGTAGTCCCTTCA-1	FALSE
cHC-1L	ACTTGTGGATGGAACG-1	FALSE
cHC-1L	ACTTGTTACCGGATCA-1	FALSE
cHC-1L	ACTTTACCCTCATGAA-1	FALSE
cHC-1L	ACTTTATACACCACTT-1	FALSE
cHC-1L	ACTTTCCTATAGCTTC-1	FALSE
cHC-1L	ACTTTGACTGCATCCT-1	FALSE
cHC-1L	ACTTTGGTCGTGCTCC-1	FALSE
cHC-1L	ACTTTGTCGACGCACT-1	FALSE
cHC-1L	AGAAATTATGACTCGC-1	FALSE
cHC-1L	AGAACACGGCGATGGT-1	FALSE
cHC-1L	AGAACCCAGCGTGACA-1	FALSE
cHC-1L	AGAACCCTCAATTGGG-1	FALSE
cHC-1L	AGAACGTGGTACATTC-1	FALSE
cHC-1L	AGAACTGTACTTTGTA-1	TRUE
cHC-1L	AGAAGAGCGCCGTTCC-1	FALSE
cHC-1L	AGAAGGTACACTTCAC-1	FALSE
cHC-1L	AGAAGGTTGCCGAATT-1	FALSE
cHC-1L	AGAAGGTTGTAGGTCG-1	FALSE
cHC-1L	AGAAGTGATTCGTGAT-1	FALSE
cHC-1L	AGAATAAATCTTCAGG-1	FALSE
cHC-1L	AGAATACAGGCTATCC-1	FALSE
cHC-1L	AGAATGCGGGTTCGGA-1	FALSE
cHC-1L	AGAATTATGGATTCGA-1	FALSE
cHC-1L	AGAATTGTTTGACATA-1	FALSE
cHC-1L	AGACAGCTCAGAATCC-1	FALSE
cHC-1L	AGACAGGCATCTCAGC-1	FALSE
cHC-1L	AGACATAGATCCTTCC-1	FALSE
cHC-1L	AGACCAAACCACACCT-1	FALSE
cHC-1L	AGACCATGGGATACAA-1	FALSE
cHC-1L	AGACCCACCGCTGATC-1	FALSE
cHC-1L	AGACCCGCCCTCCTCG-1	TRUE
cHC-1L	AGACCGCTCCGCGGTT-1	FALSE
cHC-1L	AGACCGGGAAACCCTG-1	FALSE
cHC-1L	AGACGAAGTGCCGGTC-1	FALSE
cHC-1L	AGACGACGATGCCGCT-1	FALSE
cHC-1L	AGACGCCCACTTCGCC-1	FALSE
cHC-1L	AGACGGGCCGATTTAA-1	FALSE
cHC-1L	AGACTAGCCTTCCAGA-1	FALSE
cHC-1L	AGACTGTTACCGGGTC-1	FALSE
cHC-1L	AGAGAAACACCAGAAA-1	FALSE
cHC-1L	AGAGAACCGTCTAGGA-1	FALSE
cHC-1L	AGAGAAGGAGTACAAT-1	FALSE
cHC-1L	AGAGATCTCTAAAGCG-1	FALSE
cHC-1L	AGAGCAGTTATGAGAC-1	TRUE
cHC-1L	AGAGCCGCCGAGATTT-1	FALSE
cHC-1L	AGAGCGCTTGTAACGG-1	FALSE
cHC-1L	AGAGCGGGCTAATCAT-1	FALSE
cHC-1L	AGAGCGTACAAGCTCG-1	FALSE
cHC-1L	AGAGCTACGAAAGCAT-1	FALSE
cHC-1L	AGAGGCTTCGGAAACC-1	FALSE
cHC-1L	AGAGTAAACTTCACTA-1	FALSE
cHC-1L	AGAGTATAGTGTTACG-1	FALSE
cHC-1L	AGAGTTGCAGGCCTCC-1	FALSE
cHC-1L	AGATAACTTCAGGGCC-1	FALSE
cHC-1L	AGATACCAATAGAACC-1	FALSE
cHC-1L	AGATACCAGCACTTCA-1	FALSE
cHC-1L	AGATACCGGTGTTCAC-1	TRUE
cHC-1L	AGATACGACTTCATAT-1	FALSE
cHC-1L	AGATACTCAAGATCGA-1	FALSE
cHC-1L	AGATATAATACGACTA-1	FALSE
cHC-1L	AGATCGTGCATAAGAT-1	FALSE
cHC-1L	AGATCTCAGGTGTGAT-1	FALSE
cHC-1L	AGATCTGGAGAGGATA-1	FALSE
cHC-1L	AGATGACTCGCCCACG-1	FALSE
cHC-1L	AGATGAGGGTTGCGAT-1	FALSE
cHC-1L	AGATGATGGAGTCTGG-1	FALSE
cHC-1L	AGATGCAAGACGTGCA-1	FALSE
cHC-1L	AGATGCATCCTGTGTC-1	FALSE
cHC-1L	AGATGCTATAACGAGC-1	FALSE
cHC-1L	AGATTATAGGACGTTT-1	FALSE
cHC-1L	AGATTCACAACCGATA-1	FALSE
cHC-1L	AGCAAAGGCCGCTAGT-1	FALSE
cHC-1L	AGCAACATATCTTATT-1	FALSE
cHC-1L	AGCAACCGAAAGTAAT-1	FALSE
cHC-1L	AGCACACGTTTAGACT-1	FALSE
cHC-1L	AGCACCAGTACTCACG-1	FALSE
cHC-1L	AGCACTACCGGCCTGT-1	FALSE
cHC-1L	AGCACTACCTCACCAG-1	FALSE
cHC-1L	AGCACTTAAGGACGCC-1	FALSE
cHC-1L	AGCAGAAGGAGAAAGA-1	FALSE
cHC-1L	AGCAGCCAGATGAATA-1	FALSE
cHC-1L	AGCAGTCGAAGCATGC-1	FALSE
cHC-1L	AGCATATCAATATGCT-1	FALSE
cHC-1L	AGCATCATTTCGAAAG-1	FALSE
cHC-1L	AGCATCGTCGATAATT-1	FALSE
cHC-1L	AGCATTACGAGGCAAG-1	FALSE
cHC-1L	AGCCAAGCTTTGTGTC-1	FALSE
cHC-1L	AGCCACAGGTTACCCG-1	FALSE
cHC-1L	AGCCACTCCCGTGCTT-1	FALSE
cHC-1L	AGCCATATAGTATGTG-1	FALSE
cHC-1L	AGCCCATACATGTAAG-1	FALSE
cHC-1L	AGCCCGCAACAAGCAG-1	FALSE
cHC-1L	AGCCCGCACTACAATG-1	FALSE
cHC-1L	AGCCCGGCATTAGAGG-1	FALSE
cHC-1L	AGCCCGGTAGCCTGTA-1	FALSE
cHC-1L	AGCCCTAAGCGAAGTT-1	FALSE
cHC-1L	AGCCCTCCCTGGTGGC-1	FALSE
cHC-1L	AGCCCTGTCGCACCGT-1	FALSE
cHC-1L	AGCCCTTCTAATCCGA-1	FALSE
cHC-1L	AGCCCTTGGACATCCC-1	FALSE
cHC-1L	AGCCGCAAATTCAAAT-1	FALSE
cHC-1L	AGCCGCTTGATTAGCG-1	FALSE
cHC-1L	AGCCGTGGCTAAATGT-1	FALSE
cHC-1L	AGCCTAATACCCACGT-1	FALSE
cHC-1L	AGCCTTAAAGCGGAAG-1	TRUE
cHC-1L	AGCCTTGTCACTGATA-1	FALSE
cHC-1L	AGCGACAGGAACGGTC-1	FALSE
cHC-1L	AGCGACATCCCATTCA-1	FALSE
cHC-1L	AGCGACCAACGATATT-1	FALSE
cHC-1L	AGCGAGACGTGAAGGC-1	FALSE
cHC-1L	AGCGATGCGCCTAATA-1	FALSE
cHC-1L	AGCGCATAATGAATCG-1	FALSE
cHC-1L	AGCGCGGGTGCCAATG-1	FALSE
cHC-1L	AGCGCTAGAGCGATGT-1	FALSE
cHC-1L	AGCGCTTATGGGCAAG-1	FALSE
cHC-1L	AGCGGACACTTCGTAG-1	FALSE
cHC-1L	AGCGGCGGTTAGCGGT-1	FALSE
cHC-1L	AGCGGGAAGGGTCCAT-1	FALSE
cHC-1L	AGCGGGTCTGACACTC-1	FALSE
cHC-1L	AGCGGTTGCCGCTCTG-1	FALSE
cHC-1L	AGCGTACGAGAGCTAG-1	FALSE
cHC-1L	AGCGTCTGAACCCGCA-1	FALSE
cHC-1L	AGCGTGGTATTCTACT-1	FALSE
cHC-1L	AGCTAACAAGCAATGT-1	FALSE
cHC-1L	AGCTAAGCTCCGTCCG-1	FALSE
cHC-1L	AGCTAAGTACGCAGGC-1	FALSE
cHC-1L	AGCTAGAAGCAGAAGT-1	FALSE
cHC-1L	AGCTATTTAATCCAAC-1	FALSE
cHC-1L	AGCTCCATATATGTTC-1	FALSE
cHC-1L	AGCTCCTTCGCACATC-1	FALSE
cHC-1L	AGCTCGTTGATGGAAA-1	FALSE
cHC-1L	AGCTCTAGACGTTCCA-1	TRUE
cHC-1L	AGCTCTTCGTAACCTT-1	FALSE
cHC-1L	AGCTCTTTACTCAGTT-1	FALSE
cHC-1L	AGCTGAAGTAAACCAA-1	FALSE
cHC-1L	AGCTGTAACCTCAATC-1	FALSE
cHC-1L	AGCTTATAGAGACCTG-1	FALSE
cHC-1L	AGCTTCTTCTCGAGCA-1	FALSE
cHC-1L	AGCTTGATCAGGGTAG-1	FALSE
cHC-1L	AGCTTGATCTTAACTT-1	FALSE
cHC-1L	AGGAAAGCCTCTGATG-1	FALSE
cHC-1L	AGGAACGAACGACTTC-1	FALSE
cHC-1L	AGGAAGCTGTCCGCCG-1	FALSE
cHC-1L	AGGACAGTCGAATCCC-1	FALSE
cHC-1L	AGGACATCGCACGTCG-1	FALSE
cHC-1L	AGGACATCGGCACACT-1	FALSE
cHC-1L	AGGACGACCCATTAGA-1	TRUE
cHC-1L	AGGACGCTCGATGTTG-1	FALSE
cHC-1L	AGGACTTATAGGAGAA-1	FALSE
cHC-1L	AGGAGACATCCACAGT-1	FALSE
cHC-1L	AGGAGAGTCTGGCTAC-1	FALSE
cHC-1L	AGGAGGCCTTCGCGCG-1	FALSE
cHC-1L	AGGATAAAGTCGGGAT-1	FALSE
cHC-1L	AGGATATAGGGATTTA-1	FALSE
cHC-1L	AGGATATCCGACTGCA-1	FALSE
cHC-1L	AGGATCACGCGATCTG-1	FALSE
cHC-1L	AGGATTGCTTACGACA-1	FALSE
cHC-1L	AGGCAATACGGAGGAC-1	FALSE
cHC-1L	AGGCACGTGACTGTCC-1	FALSE
cHC-1L	AGGCAGATGCGTAAAC-1	FALSE
cHC-1L	AGGCAGGGAGCGTACT-1	FALSE
cHC-1L	AGGCATTGTCGTAGGG-1	FALSE
cHC-1L	AGGCCACATTGGTTAC-1	FALSE
cHC-1L	AGGCCACCCGTTATGA-1	FALSE
cHC-1L	AGGCCCAGTGACTGGT-1	FALSE
cHC-1L	AGGCCCATTGTACAGG-1	FALSE
cHC-1L	AGGCCCTAGAACGCCA-1	FALSE
cHC-1L	AGGCCTATCATACCAA-1	FALSE
cHC-1L	AGGCCTGAGAATCTCG-1	FALSE
cHC-1L	AGGCGATAACTGGCGT-1	FALSE
cHC-1L	AGGCGGTTTGTCCCGC-1	FALSE
cHC-1L	AGGCGTCTATGGACGG-1	FALSE
cHC-1L	AGGCTATGGTTAGCTT-1	FALSE
cHC-1L	AGGCTTCCCGAAGAAG-1	FALSE
cHC-1L	AGGCTTGCTAGACACC-1	TRUE
cHC-1L	AGGGAAACGAGGTACT-1	FALSE
cHC-1L	AGGGACAGCACGGCGG-1	FALSE
cHC-1L	AGGGACCGGCTGCGTT-1	FALSE
cHC-1L	AGGGACTCTACGCGAC-1	FALSE
cHC-1L	AGGGAGACATACTTCG-1	FALSE
cHC-1L	AGGGCAGCGGCGTGGT-1	FALSE
cHC-1L	AGGGCCCTAATGTTCT-1	FALSE
cHC-1L	AGGGCGAGCAGCTGAT-1	FALSE
cHC-1L	AGGGCGTGATCGGCTA-1	FALSE
cHC-1L	AGGGCTGCAGTTACAG-1	FALSE
cHC-1L	AGGGTCAGAGCACTCG-1	FALSE
cHC-1L	AGGGTCAGTAACCCTA-1	FALSE
cHC-1L	AGGGTCGATGCGAACT-1	FALSE
cHC-1L	AGGGTCTGGACGCAGT-1	FALSE
cHC-1L	AGGGTGCCGTTCTTTA-1	FALSE
cHC-1L	AGGGTGCTCTCGAGGG-1	FALSE
cHC-1L	AGGGTGGATAGTGCAT-1	FALSE
cHC-1L	AGGGTTCAGACGGTCC-1	FALSE
cHC-1L	AGGGTTCCCTTTGGTT-1	FALSE
cHC-1L	AGGGTTTAGTTCGGGA-1	TRUE
cHC-1L	AGGTAACCTCCTATTC-1	FALSE
cHC-1L	AGGTACGATATTGCCA-1	FALSE
cHC-1L	AGGTAGATCGAGATAT-1	FALSE
cHC-1L	AGGTAGGTACAAAGCT-1	FALSE
cHC-1L	AGGTATAATTGATAGT-1	FALSE
cHC-1L	AGGTATGCGGACATTA-1	FALSE
cHC-1L	AGGTCAGGTGAGAGTG-1	FALSE
cHC-1L	AGGTCGCCACTTCGGT-1	FALSE
cHC-1L	AGGTCGCCTCCCAACA-1	FALSE
cHC-1L	AGGTCGCGGAGTTACT-1	FALSE
cHC-1L	AGGTGCACGTCCACAT-1	FALSE
cHC-1L	AGGTGGTGACCTTCGC-1	FALSE
cHC-1L	AGGTGTATCGCCATGA-1	FALSE
cHC-1L	AGGTGTTGCCGACCAC-1	FALSE
cHC-1L	AGGTTCTCCTTTCCGG-1	FALSE
cHC-1L	AGGTTGAGGCACGCTT-1	FALSE
cHC-1L	AGGTTTCACACACCTT-1	FALSE
cHC-1L	AGTAACTATAGCAGCC-1	TRUE
cHC-1L	AGTAATCTAAGGGTGG-1	TRUE
cHC-1L	AGTAATGTCTTGCCGC-1	FALSE
cHC-1L	AGTAATTTGCAAGCGT-1	FALSE
cHC-1L	AGTACAGAAGCTTATA-1	FALSE
cHC-1L	AGTACATCATTTATCA-1	FALSE
cHC-1L	AGTACCTTCGAGTGCT-1	FALSE
cHC-1L	AGTACGGCCCGTATCG-1	FALSE
cHC-1L	AGTACGGGCACCTGGC-1	FALSE
cHC-1L	AGTACGTGGCCTGTCT-1	FALSE
cHC-1L	AGTACTCTTATGCCCA-1	FALSE
cHC-1L	AGTAGAAGGCGCCTCA-1	FALSE
cHC-1L	AGTAGGAAGGAAGTTG-1	FALSE
cHC-1L	AGTAGGTAACATACAT-1	FALSE
cHC-1L	AGTATAATACTAGGCA-1	FALSE
cHC-1L	AGTATACACAGCGACA-1	FALSE
cHC-1L	AGTATCCATAATAACG-1	FALSE
cHC-1L	AGTATGCTGGAGACCA-1	FALSE
cHC-1L	AGTATTTGGCACGACC-1	FALSE
cHC-1L	AGTCAAATGATGTGAT-1	FALSE
cHC-1L	AGTCAACACCACCATC-1	TRUE
cHC-1L	AGTCAAGATGACACTT-1	FALSE
cHC-1L	AGTCACTAGCTCTCGA-1	FALSE
cHC-1L	AGTCACTCCGCCTCAT-1	FALSE
cHC-1L	AGTCAGCCACCGCCTG-1	FALSE
cHC-1L	AGTCCAGCGGGTACGT-1	FALSE
cHC-1L	AGTCCATTGGCTGATG-1	FALSE
cHC-1L	AGTCCCGCCTTTAATT-1	FALSE
cHC-1L	AGTCCCTCGCAGAAAG-1	FALSE
cHC-1L	AGTCGAAACGATTCAG-1	FALSE
cHC-1L	AGTCGACGGTCTCAAG-1	FALSE
cHC-1L	AGTCGGCCCAAACGAC-1	FALSE
cHC-1L	AGTCGGCTCAACTTTA-1	FALSE
cHC-1L	AGTCGGTTGCGTGAGA-1	FALSE
cHC-1L	AGTCGTATAAAGCAGA-1	FALSE
cHC-1L	AGTCGTCGACCACCAA-1	FALSE
cHC-1L	AGTCGTGGGCATTACG-1	FALSE
cHC-1L	AGTCTAAAGTATACTC-1	FALSE
cHC-1L	AGTCTCACAAGACTAC-1	FALSE
cHC-1L	AGTCTGGACATCCTTG-1	FALSE
cHC-1L	AGTCTTCTCCTCAAAT-1	FALSE
cHC-1L	AGTCTTTAAAGTGTCC-1	FALSE
cHC-1L	AGTGAACAAACTTCTC-1	FALSE
cHC-1L	AGTGAAGATGGTGTCC-1	FALSE
cHC-1L	AGTGACCTACTTTACG-1	TRUE
cHC-1L	AGTGACTGTGACACAA-1	FALSE
cHC-1L	AGTGAGACTTCCAGTA-1	FALSE
cHC-1L	AGTGAGCCTCGCCGCC-1	FALSE
cHC-1L	AGTGAGGGTTTCTGAC-1	FALSE
cHC-1L	AGTGAGTCGAATTAAC-1	FALSE
cHC-1L	AGTGATAACCTGCGCG-1	FALSE
cHC-1L	AGTGATATGAGTAGTT-1	FALSE
cHC-1L	AGTGATTCAAGCAGGA-1	FALSE
cHC-1L	AGTGCACGCTTAAGAA-1	FALSE
cHC-1L	AGTGCGTAGCTCGTAA-1	FALSE
cHC-1L	AGTGCTAAACACAGCA-1	FALSE
cHC-1L	AGTGCTTGCACGAATA-1	FALSE
cHC-1L	AGTGGCCCGCAAATGG-1	TRUE
cHC-1L	AGTGGCGGCAATTTGA-1	FALSE
cHC-1L	AGTGGCGTCTGAAGGT-1	FALSE
cHC-1L	AGTGGCTCCGTCGGCC-1	FALSE
cHC-1L	AGTGGGAGTATACACG-1	FALSE
cHC-1L	AGTGGTGTTACCCGTG-1	FALSE
cHC-1L	AGTGGTTGCGTATAGG-1	FALSE
cHC-1L	AGTGTATTGCGCATTG-1	FALSE
cHC-1L	AGTGTGCTAAGATCGC-1	FALSE
cHC-1L	AGTGTGGTCTATTGTG-1	FALSE
cHC-1L	AGTTAAACACTTGCGA-1	FALSE
cHC-1L	AGTTAAGCGGTCCCGG-1	FALSE
cHC-1L	AGTTAAGTCAACCGCT-1	FALSE
cHC-1L	AGTTACCCTTAAGACT-1	FALSE
cHC-1L	AGTTACCGCACATGGT-1	FALSE
cHC-1L	AGTTACTCTATCGTGG-1	FALSE
cHC-1L	AGTTCACCGGTTGGAC-1	FALSE
cHC-1L	AGTTCCTACAGAATTA-1	FALSE
cHC-1L	AGTTCCTATTTATGTT-1	FALSE
cHC-1L	AGTTCTGCGTTGTATC-1	FALSE
cHC-1L	AGTTGACATCGGCTGG-1	FALSE
cHC-1L	AGTTGACGGTCCTTGC-1	FALSE
cHC-1L	AGTTGCGGTCCTCAAC-1	FALSE
cHC-1L	AGTTGCTGACTGATAT-1	FALSE
cHC-1L	AGTTGGCAAGGCTAGA-1	FALSE
cHC-1L	AGTTTATGTAAAGACA-1	FALSE
cHC-1L	AGTTTCGCAGGTCGGA-1	FALSE
cHC-1L	AGTTTGCACCTGCCTC-1	FALSE
cHC-1L	AGTTTGGCACGGGTTG-1	FALSE
cHC-1L	AGTTTGGCCAGACCTA-1	FALSE
cHC-1L	ATAAACCATTGGACGG-1	FALSE
cHC-1L	ATAAACGGACCCGTAA-1	FALSE
cHC-1L	ATAAACGTTGCACCAC-1	FALSE
cHC-1L	ATAAAGGCTCGGTCGT-1	FALSE
cHC-1L	ATAAATATTAGCAGCT-1	FALSE
cHC-1L	ATAACGCCGGAGGGTC-1	FALSE
cHC-1L	ATAACGGAGTCCAACG-1	FALSE
cHC-1L	ATAACGTTACCTCCAC-1	FALSE
cHC-1L	ATAAGCAAACACCGAG-1	FALSE
cHC-1L	ATAAGGTGGAGAACAT-1	FALSE
cHC-1L	ATAAGTACCCGATTGT-1	FALSE
cHC-1L	ATAAGTAGGATTCAGA-1	FALSE
cHC-1L	ATAAGTAGGGCGACTC-1	FALSE
cHC-1L	ATAAGTTACCGCGACG-1	TRUE
cHC-1L	ATAATACCGTTAGCCG-1	FALSE
cHC-1L	ATAATAGCTGTTGAAT-1	FALSE
cHC-1L	ATAATAGTGTAGGGAC-1	FALSE
cHC-1L	ATAATCTTGGAGAACC-1	FALSE
cHC-1L	ATAATTAGCTAAGTAG-1	FALSE
cHC-1L	ATACAGCGTCCACTGA-1	FALSE
cHC-1L	ATACAGGCCCTCCAAT-1	FALSE
cHC-1L	ATACCACGGGCAACTT-1	FALSE
cHC-1L	ATACCAGGCTAATAGA-1	FALSE
cHC-1L	ATACCCTCCCGGCCAA-1	FALSE
cHC-1L	ATACCCTGGCTCAAAT-1	FALSE
cHC-1L	ATACCGTCATCCATAA-1	FALSE
cHC-1L	ATACCTAACCAAGAAA-1	FALSE
cHC-1L	ATACGAAGGCTTTCCA-1	FALSE
cHC-1L	ATACGAGGTTTGTAAG-1	FALSE
cHC-1L	ATACGCCGGCGAAACC-1	FALSE
cHC-1L	ATACGGAACGTCGTTT-1	FALSE
cHC-1L	ATACGGGTTTCGATTG-1	FALSE
cHC-1L	ATACGGTGAAGATGCA-1	FALSE
cHC-1L	ATACGTACTTAGCCAC-1	FALSE
cHC-1L	ATACGTCCACTCCTGT-1	FALSE
cHC-1L	ATACGTTATGCACGGA-1	FALSE
cHC-1L	ATACTACCCGTACCAC-1	FALSE
cHC-1L	ATACTAGCATGACCCT-1	FALSE
cHC-1L	ATACTCTCGCCACTCT-1	FALSE
cHC-1L	ATACTGCCTTACACCG-1	FALSE
cHC-1L	ATACTTGTTCTCGAGC-1	FALSE
cHC-1L	ATAGACAACGGGACCT-1	FALSE
cHC-1L	ATAGACGAAGAGAAAG-1	FALSE
cHC-1L	ATAGAGTACTGGGACA-1	FALSE
cHC-1L	ATAGAGTTATCAACTT-1	FALSE
cHC-1L	ATAGCAACTAGGGAAG-1	FALSE
cHC-1L	ATAGCCATAACAGTCA-1	FALSE
cHC-1L	ATAGCCTCAGTACCCA-1	TRUE
cHC-1L	ATAGCTGCTCTTGTTA-1	FALSE
cHC-1L	ATAGGCGGCTATAGAA-1	FALSE
cHC-1L	ATAGGCTAGCTTCGCA-1	FALSE
cHC-1L	ATAGGGATATCCTTGA-1	FALSE
cHC-1L	ATAGGTTGGGCAGATG-1	FALSE
cHC-1L	ATAGTCTTTGACGTGC-1	FALSE
cHC-1L	ATAGTGAAGCGTTCTC-1	FALSE
cHC-1L	ATAGTTCCACCCACTC-1	FALSE
cHC-1L	ATATAAAGCGCTCGTG-1	FALSE
cHC-1L	ATATAAATGTAGCTGC-1	FALSE
cHC-1L	ATATAACACGGGCGCA-1	FALSE
cHC-1L	ATATACATGTATGGTA-1	FALSE
cHC-1L	ATATACGCTCGTGACG-1	FALSE
cHC-1L	ATATAGAGTATTGGTC-1	FALSE
cHC-1L	ATATCAACCTACAGAG-1	FALSE
cHC-1L	ATATCAATTCCAGCCT-1	FALSE
cHC-1L	ATATCGGTAGGGAGAT-1	FALSE
cHC-1L	ATATCGTTCCTCGAAC-1	FALSE
cHC-1L	ATATCTCCCTCGTTAA-1	FALSE
cHC-1L	ATATCTTAGGGCCTTC-1	FALSE
cHC-1L	ATATGGGATAGCAACT-1	FALSE
cHC-1L	ATATGTCTAGAGCGTG-1	FALSE
cHC-1L	ATATGTCTCCCTAGCC-1	FALSE
cHC-1L	ATATGTGCACAAACCA-1	FALSE
cHC-1L	ATATTATCCCGTATTT-1	FALSE
cHC-1L	ATATTCAGTTAAACCT-1	FALSE
cHC-1L	ATATTCCACATAGTGA-1	FALSE
cHC-1L	ATATTCCCACAGGTCA-1	FALSE
cHC-1L	ATATTGCTGTCAAAGT-1	FALSE
cHC-1L	ATATTGGAGAGGCCTT-1	FALSE
cHC-1L	ATATTTAACCCTCAAG-1	FALSE
cHC-1L	ATCAAACACTGTTCCA-1	FALSE
cHC-1L	ATCAAACGAAGGTTTG-1	FALSE
cHC-1L	ATCAAAGAGCCGTGGT-1	FALSE
cHC-1L	ATCAAGATCCCAGGAC-1	FALSE
cHC-1L	ATCAATCTGGGCTGCA-1	FALSE
cHC-1L	ATCAATGCCGTGGCTG-1	FALSE
cHC-1L	ATCACATTAGAATATC-1	FALSE
cHC-1L	ATCACGTGCTAATTAA-1	FALSE
cHC-1L	ATCACTTCATCCTCGC-1	FALSE
cHC-1L	ATCAGACGGCACGCCG-1	FALSE
cHC-1L	ATCAGCCTCATGCTGC-1	FALSE
cHC-1L	ATCAGCTCGTCCACTA-1	FALSE
cHC-1L	ATCAGGTAGCTGACAG-1	FALSE
cHC-1L	ATCAGGTCGCCATTGC-1	FALSE
cHC-1L	ATCAGTAGGCAGGGAT-1	FALSE
cHC-1L	ATCATAGATCGACGAG-1	FALSE
cHC-1L	ATCATAGCCCTATGTA-1	FALSE
cHC-1L	ATCATCCAATATTTGT-1	FALSE
cHC-1L	ATCATGGACTACCGAC-1	FALSE
cHC-1L	ATCATTGTACCGCATT-1	FALSE
cHC-1L	ATCCAACGCAGTCATA-1	FALSE
cHC-1L	ATCCAATGGAGGGTCC-1	FALSE
cHC-1L	ATCCAATGGTACCGAA-1	FALSE
cHC-1L	ATCCACATCGACAGAA-1	TRUE
cHC-1L	ATCCACTTTCAGACTA-1	FALSE
cHC-1L	ATCCAGAGCAACAACC-1	FALSE
cHC-1L	ATCCAGGATTCGTGAA-1	FALSE
cHC-1L	ATCCCATCCACAGCGC-1	FALSE
cHC-1L	ATCCCATTTCCGTGGG-1	FALSE
cHC-1L	ATCCGGACCAGCCTGA-1	FALSE
cHC-1L	ATCCTACCTAAGCTCT-1	FALSE
cHC-1L	ATCCTGAATCGCTGCG-1	FALSE
cHC-1L	ATCCTGCGTGGAATGG-1	FALSE
cHC-1L	ATCCTGCTGCAGATAG-1	FALSE
cHC-1L	ATCGACCCAATACAGA-1	FALSE
cHC-1L	ATCGACTCTTTCCGTT-1	FALSE
cHC-1L	ATCGCACGATTGTTCA-1	FALSE
cHC-1L	ATCGCACGCCGGGAGA-1	FALSE
cHC-1L	ATCGCCAGTCAACATT-1	FALSE
cHC-1L	ATCGCCGTGGTTCATG-1	FALSE
cHC-1L	ATCGCTGCGTGCAGCA-1	FALSE
cHC-1L	ATCGCTTTACGTCTCA-1	FALSE
cHC-1L	ATCGGAGACAGACGGC-1	FALSE
cHC-1L	ATCGGCAAGCAGTCCA-1	FALSE
cHC-1L	ATCGGTTACCTAGTAA-1	FALSE
cHC-1L	ATCGTATTCCGAGAAC-1	FALSE
cHC-1L	ATCGTCCAATCGAGTC-1	FALSE
cHC-1L	ATCGTGGAAAGTCTGG-1	FALSE
cHC-1L	ATCGTTAGCTAGCGGA-1	FALSE
cHC-1L	ATCGTTCACTTTCGCC-1	FALSE
cHC-1L	ATCTAACGTCCCTATG-1	FALSE
cHC-1L	ATCTAATATCCTACGG-1	FALSE
cHC-1L	ATCTACCATCTGCTCC-1	FALSE
cHC-1L	ATCTAGCTTGTGAGGG-1	FALSE
cHC-1L	ATCTATCGATGATCAA-1	FALSE
cHC-1L	ATCTCCCACGGAATAT-1	FALSE
cHC-1L	ATCTCCCTGCAATCTA-1	FALSE
cHC-1L	ATCTCGTGAGCGAAAC-1	FALSE
cHC-1L	ATCTGACATGGAAGGA-1	FALSE
cHC-1L	ATCTGATAGTGTCTTA-1	TRUE
cHC-1L	ATCTGCACCTCTGCGA-1	FALSE
cHC-1L	ATCTGCTGTTATCGCC-1	FALSE
cHC-1L	ATCTGGGCTGTTCTTG-1	FALSE
cHC-1L	ATCTGGTTAAGACTGT-1	FALSE
cHC-1L	ATCTGTAATTGTACCC-1	FALSE
cHC-1L	ATCTTAGGGCATTAAT-1	FALSE
cHC-1L	ATCTTATCGCACACCC-1	FALSE
cHC-1L	ATCTTGACCTGCAACG-1	FALSE
cHC-1L	ATCTTGACTTGTCCAA-1	FALSE
cHC-1L	ATCTTTCGTATAACCA-1	FALSE
cHC-1L	ATGAAGCCAAGGAGCC-1	FALSE
cHC-1L	ATGAAGTGGACCCAGC-1	FALSE
cHC-1L	ATGACGCCGGCTCTAA-1	FALSE
cHC-1L	ATGACGCGTTCTATCC-1	FALSE
cHC-1L	ATGACTATCAGCTGTG-1	FALSE
cHC-1L	ATGACTATGCGACATT-1	FALSE
cHC-1L	ATGAGGAGTGTTAATC-1	FALSE
cHC-1L	ATGAGGGCAGCGGCTA-1	FALSE
cHC-1L	ATGATCGGGAATAGAC-1	FALSE
cHC-1L	ATGATGCAATGGTACA-1	TRUE
cHC-1L	ATGCACCTTCCTTAAT-1	FALSE
cHC-1L	ATGCACGCGCTGTTCA-1	FALSE
cHC-1L	ATGCACTACCGCATTG-1	FALSE
cHC-1L	ATGCATGATCCAGGAT-1	FALSE
cHC-1L	ATGCCAATCGCTCTGC-1	FALSE
cHC-1L	ATGCCATTTGCGACCA-1	FALSE
cHC-1L	ATGCCGGTCTTGCATA-1	FALSE
cHC-1L	ATGCCGGTTGATGGGA-1	FALSE
cHC-1L	ATGCGACAATTGGTCC-1	FALSE
cHC-1L	ATGCGACAGTCCCATT-1	FALSE
cHC-1L	ATGCGAGTCCCACCAC-1	FALSE
cHC-1L	ATGCTCAGTGTTGCAT-1	FALSE
cHC-1L	ATGCTCTGGCGCGGTA-1	FALSE
cHC-1L	ATGCTTAGGAGTTGAT-1	FALSE
cHC-1L	ATGGAAATTTAAGGAG-1	FALSE
cHC-1L	ATGGAACCTTTGCACA-1	FALSE
cHC-1L	ATGGACTGCTTAGTTG-1	FALSE
cHC-1L	ATGGATCCGGCGTCCG-1	FALSE
cHC-1L	ATGGATTGACCAAACG-1	FALSE
cHC-1L	ATGGCAGCATTACGAT-1	FALSE
cHC-1L	ATGGCAGCCGAGAAAC-1	FALSE
cHC-1L	ATGGCGGAATAGTCGC-1	FALSE
cHC-1L	ATGGCTGGAAATGGCC-1	FALSE
cHC-1L	ATGGGACCTGCTGAAC-1	FALSE
cHC-1L	ATGGGCCTCGGCCTCT-1	FALSE
cHC-1L	ATGGGTGTATACCTCC-1	FALSE
cHC-1L	ATGGTATTGGGAACCG-1	FALSE
cHC-1L	ATGGTATTTACTGATT-1	FALSE
cHC-1L	ATGGTCGCGTGGTTTC-1	FALSE
cHC-1L	ATGTAAGGCTGCTCTT-1	FALSE
cHC-1L	ATGTACATGCGGTGAG-1	FALSE
cHC-1L	ATGTACGATGACGTCG-1	FALSE
cHC-1L	ATGTAGCGCGCGTAGG-1	FALSE
cHC-1L	ATGTCATTTCCCATTG-1	FALSE
cHC-1L	ATGTCTTGTTTGACTC-1	FALSE
cHC-1L	ATGTGAAAGCCTAATG-1	FALSE
cHC-1L	ATGTGCATCCGACGCA-1	FALSE
cHC-1L	ATGTGGACATCTTGAT-1	FALSE
cHC-1L	ATGTGTAGTTTAGTCA-1	FALSE
cHC-1L	ATGTTACGAGCAATAC-1	FALSE
cHC-1L	ATGTTCCTGCCCACCT-1	FALSE
cHC-1L	ATGTTCGTCGACCCAC-1	FALSE
cHC-1L	ATGTTGATTAGAGACT-1	FALSE
cHC-1L	ATGTTGTAGTCTGTTT-1	FALSE
cHC-1L	ATGTTTCGGCCCGGAG-1	FALSE
cHC-1L	ATTAAACATGCGGACC-1	FALSE
cHC-1L	ATTAACACCTGAGATA-1	FALSE
cHC-1L	ATTAATACTACGCGGG-1	FALSE
cHC-1L	ATTAATGAACCAGTCG-1	FALSE
cHC-1L	ATTAATTCGGTCACTC-1	FALSE
cHC-1L	ATTACAACTACCGGCC-1	FALSE
cHC-1L	ATTACATGTCAGTCTT-1	FALSE
cHC-1L	ATTACCACACTGCCTG-1	FALSE
cHC-1L	ATTACGACTCCACAGT-1	FALSE
cHC-1L	ATTACGCGCTGGCAGG-1	FALSE
cHC-1L	ATTACGGGCTACGGTT-1	FALSE
cHC-1L	ATTACTAGCCTCTTGC-1	FALSE
cHC-1L	ATTACTTACTGGGCAT-1	FALSE
cHC-1L	ATTAGATTCCTCAGCA-1	FALSE
cHC-1L	ATTAGATTGATAGCGG-1	FALSE
cHC-1L	ATTATACTTTGCTCGT-1	FALSE
cHC-1L	ATTATAGCTACTTTAC-1	FALSE
cHC-1L	ATTATCGGAATGTACG-1	FALSE
cHC-1L	ATTATCTCGACAGATC-1	FALSE
cHC-1L	ATTATGAGACCCAATT-1	FALSE
cHC-1L	ATTATGCCATAGGGAG-1	FALSE
cHC-1L	ATTATTATGTCCGTCA-1	FALSE
cHC-1L	ATTATTCAGAGTCACT-1	FALSE
cHC-1L	ATTCAAAGTACCTGTT-1	FALSE
cHC-1L	ATTCAACCATTTAAGG-1	FALSE
cHC-1L	ATTCACTGATGTTGGA-1	FALSE
cHC-1L	ATTCAGGACCTATTTC-1	FALSE
cHC-1L	ATTCAGTAGCAGGGTC-1	TRUE
cHC-1L	ATTCATATACTGTCCA-1	FALSE
cHC-1L	ATTCATCGTTGAGGCA-1	FALSE
cHC-1L	ATTCCCACATAAACAA-1	TRUE
cHC-1L	ATTCCCGAAGGTACAG-1	FALSE
cHC-1L	ATTCCTAAGACGTGGA-1	FALSE
cHC-1L	ATTCCTCCGCCAGTGC-1	FALSE
cHC-1L	ATTCCTTCCAGGCGGT-1	FALSE
cHC-1L	ATTCGACGCCGGGCCT-1	FALSE
cHC-1L	ATTCGCAGAGGACACT-1	FALSE
cHC-1L	ATTCGCGCCTTGAGAG-1	FALSE
cHC-1L	ATTCGTGCTATCTCTT-1	FALSE
cHC-1L	ATTCTCGTCTCTTTAG-1	FALSE
cHC-1L	ATTCTTCGTACTTATG-1	FALSE
cHC-1L	ATTGAAGATCTTAGTG-1	FALSE
cHC-1L	ATTGACCGGCGATGAC-1	FALSE
cHC-1L	ATTGACGTAACTCGGT-1	FALSE
cHC-1L	ATTGATAGCAACGAGA-1	FALSE
cHC-1L	ATTGATCACCACATTT-1	FALSE
cHC-1L	ATTGATGAGTCCTAAC-1	FALSE
cHC-1L	ATTGCCTATTAGACCG-1	FALSE
cHC-1L	ATTGCCTTTATGTTTG-1	FALSE
cHC-1L	ATTGCGATCAGTAACT-1	FALSE
cHC-1L	ATTGCTGCTCCTCCAT-1	FALSE
cHC-1L	ATTGGATTACAGCGTA-1	FALSE
cHC-1L	ATTGGGAATATCTTGG-1	FALSE
cHC-1L	ATTGGGAGTTCTGTAA-1	FALSE
cHC-1L	ATTGGTAGGATCCGCT-1	FALSE
cHC-1L	ATTGGTTGTGCATTAC-1	TRUE
cHC-1L	ATTGTACAACTCGGCT-1	FALSE
cHC-1L	ATTGTCTGTTTCATGT-1	FALSE
cHC-1L	ATTGTGACTTCGCTGC-1	FALSE
cHC-1L	ATTGTTCAACGATCCG-1	FALSE
cHC-1L	ATTTAACTCGTATTAC-1	FALSE
cHC-1L	ATTTACAGTTTACTGG-1	FALSE
cHC-1L	ATTTACTAAGTCCATT-1	FALSE
cHC-1L	ATTTATACTGGTAAAG-1	FALSE
cHC-1L	ATTTCATTATTTCGCG-1	FALSE
cHC-1L	ATTTCCGGGTTCTGCG-1	FALSE
cHC-1L	ATTTGCGCGAGTAGCT-1	FALSE
cHC-1L	ATTTGGAGATTGCGGT-1	FALSE
cHC-1L	ATTTGTCTTGGGAGCT-1	FALSE
cHC-1L	ATTTGTTCCAGGGCTC-1	FALSE
cHC-1L	CAAACCAGGTCTGCAT-1	FALSE
cHC-1L	CAAACCCTCCGGCGGG-1	FALSE
cHC-1L	CAAACGAGTATCGCAG-1	FALSE
cHC-1L	CAAACGGTCGCACTTT-1	FALSE
cHC-1L	CAAACTACGATAGAGA-1	FALSE
cHC-1L	CAAACTATTGAGCTTC-1	FALSE
cHC-1L	CAAACTCGCGACGCCG-1	FALSE
cHC-1L	CAAAGATTATTGGGCC-1	FALSE
cHC-1L	CAAAGTCAGGTTAGCT-1	FALSE
cHC-1L	CAAATCTCTCACAAGG-1	FALSE
cHC-1L	CAAATGTCCTTCCGTG-1	TRUE
cHC-1L	CAAATTGGATTATGCC-1	FALSE
cHC-1L	CAAATTGTCAGCAAGC-1	FALSE
cHC-1L	CAACACATCTCCTGCC-1	FALSE
cHC-1L	CAACATGGCCTGATAA-1	FALSE
cHC-1L	CAACCAGTGGCCTACC-1	FALSE
cHC-1L	CAACCGCACCTAGACA-1	FALSE
cHC-1L	CAACCTACCGAGCAGT-1	FALSE
cHC-1L	CAACCTGAACCTGCCA-1	FALSE
cHC-1L	CAACGACCCGTTTACA-1	FALSE
cHC-1L	CAACGAGCTTATTATG-1	FALSE
cHC-1L	CAACGATCGATCCAAT-1	FALSE
cHC-1L	CAACGCGATGAGCCAA-1	FALSE
cHC-1L	CAACGGTTCTTGATAC-1	FALSE
cHC-1L	CAACGTGGTGGAGTCT-1	FALSE
cHC-1L	CAACTATATCGAATGC-1	FALSE
cHC-1L	CAACTCCGTAACTTGC-1	FALSE
cHC-1L	CAACTCCTTGATCCCG-1	FALSE
cHC-1L	CAACTGAGGGTATGAC-1	FALSE
cHC-1L	CAACTGCTCATCCGAT-1	FALSE
cHC-1L	CAACTTGTAGTGGGCA-1	FALSE
cHC-1L	CAAGACTCAGAAGCGC-1	FALSE
cHC-1L	CAAGAGGGCGGAGTAC-1	FALSE
cHC-1L	CAAGATATTATAACGT-1	FALSE
cHC-1L	CAAGCAACGTCGGAGT-1	FALSE
cHC-1L	CAAGCACCAAATGCCT-1	FALSE
cHC-1L	CAAGCGGCACATAATT-1	FALSE
cHC-1L	CAAGGATCGCATGTTC-1	FALSE
cHC-1L	CAAGGCCAGTGGTGCA-1	FALSE
cHC-1L	CAAGGTCCTATAGGCT-1	FALSE
cHC-1L	CAAGTAAGTGATAGAC-1	FALSE
cHC-1L	CAAGTCGTTGAAATCT-1	FALSE
cHC-1L	CAAGTGAACTTTGGTT-1	FALSE
cHC-1L	CAAGTGTGGTTGCAAA-1	FALSE
cHC-1L	CAATAAACCTTGGCCC-1	FALSE
cHC-1L	CAATACGCTCTGAGGC-1	FALSE
cHC-1L	CAATATTCTTGACCTA-1	FALSE
cHC-1L	CAATATTGGACTAGTG-1	FALSE
cHC-1L	CAATCCCTATACCAGC-1	FALSE
cHC-1L	CAATCCTGCCGTGGAG-1	FALSE
cHC-1L	CAATGACCCTTAATTT-1	FALSE
cHC-1L	CAATGAGGTTCGACTA-1	FALSE
cHC-1L	CAATGCGAGAAGTATC-1	FALSE
cHC-1L	CAATGGAATCTACATA-1	FALSE
cHC-1L	CAATGGATCTCTACCA-1	FALSE
cHC-1L	CAATGGTCGGCCTGGG-1	FALSE
cHC-1L	CAATGTGCCAACCCTT-1	FALSE
cHC-1L	CAATTAAGGGTGATGA-1	FALSE
cHC-1L	CAATTGGGCCGCACTC-1	FALSE
cHC-1L	CAATTTCGTATAAGGG-1	FALSE
cHC-1L	CAATTTGACCGGGAAG-1	FALSE
cHC-1L	CACAAACCGCAGAACT-1	FALSE
cHC-1L	CACAAGAAAGATATTA-1	FALSE
cHC-1L	CACAAGCTAAGAAAGG-1	FALSE
cHC-1L	CACAATGAGCTGCTAT-1	FALSE
cHC-1L	CACACACGCTAACGAG-1	FALSE
cHC-1L	CACACAGCTTGCGCTC-1	FALSE
cHC-1L	CACACAGGGATAGATT-1	FALSE
cHC-1L	CACACGCGCTGTCTTA-1	FALSE
cHC-1L	CACACTTGTATTGCGA-1	FALSE
cHC-1L	CACAGAGACGAGGACG-1	FALSE
cHC-1L	CACAGCACCCACGGCA-1	FALSE
cHC-1L	CACAGCTAGGGAGTGA-1	FALSE
cHC-1L	CACAGGGCCATATAGT-1	FALSE
cHC-1L	CACAGGGCCGTTGTCA-1	FALSE
cHC-1L	CACAGTCCCGCTTCGC-1	FALSE
cHC-1L	CACAGTTCGCTTCCCA-1	FALSE
cHC-1L	CACATATTAGCAGGAT-1	FALSE
cHC-1L	CACATCGTGCACGCGC-1	FALSE
cHC-1L	CACATCTCACCGACGA-1	FALSE
cHC-1L	CACATGATTCAGCAAC-1	FALSE
cHC-1L	CACATTCTTTCGATGG-1	FALSE
cHC-1L	CACATTTCTTGTCAGA-1	FALSE
cHC-1L	CACCAATCATCCGTCT-1	FALSE
cHC-1L	CACCACGCCACACAGA-1	FALSE
cHC-1L	CACCAGTCAGCATGCA-1	FALSE
cHC-1L	CACCATCGGAGGAGAC-1	FALSE
cHC-1L	CACCATGATCGCAAAG-1	FALSE
cHC-1L	CACCCAAATCTTATGT-1	FALSE
cHC-1L	CACCCACACGTCACCC-1	FALSE
cHC-1L	CACCCACGAGGCAATT-1	FALSE
cHC-1L	CACCCGCGTTTGACAC-1	FALSE
cHC-1L	CACCCGGTTTGTGACT-1	FALSE
cHC-1L	CACCCTAACAAGATCT-1	FALSE
cHC-1L	CACCCTTGGTGAGACC-1	FALSE
cHC-1L	CACCCTTTCCTCGCTC-1	FALSE
cHC-1L	CACCGATACACCGAGC-1	FALSE
cHC-1L	CACCGATGATGGGTAC-1	FALSE
cHC-1L	CACCGCCAGAAGGTTT-1	FALSE
cHC-1L	CACCGCCGACCAGCGA-1	FALSE
cHC-1L	CACCGCGTCCACTCTA-1	FALSE
cHC-1L	CACCGGAGATATCTCC-1	FALSE
cHC-1L	CACCGGGCATCACAAG-1	TRUE
cHC-1L	CACCGGTAGAGACATT-1	FALSE
cHC-1L	CACCGTATCCCATCCG-1	FALSE
cHC-1L	CACCGTTAGGGATCAC-1	FALSE
cHC-1L	CACCGTTGCGCGATAT-1	FALSE
cHC-1L	CACCTAATAGAGTCGT-1	FALSE
cHC-1L	CACCTAATCAGTTTAC-1	FALSE
cHC-1L	CACCTCGATGGTGGAC-1	FALSE
cHC-1L	CACCTTGCGAAACTCG-1	FALSE
cHC-1L	CACCTTGGCGCCTTTG-1	FALSE
cHC-1L	CACGAAAGTTAGTCCC-1	FALSE
cHC-1L	CACGACTAAAGTTCTG-1	FALSE
cHC-1L	CACGAGCAAACCAGAC-1	FALSE
cHC-1L	CACGCACAGCGCAGCT-1	FALSE
cHC-1L	CACGCAGCGAGGCTTT-1	FALSE
cHC-1L	CACGCGGAACTGTTGC-1	FALSE
cHC-1L	CACGGACGTGGATGGC-1	FALSE
cHC-1L	CACGGCGCGCCAAAGG-1	FALSE
cHC-1L	CACGGGATTGAGGGTT-1	FALSE
cHC-1L	CACGTCAATCAATGGA-1	FALSE
cHC-1L	CACGTCGGCAACCTCT-1	FALSE
cHC-1L	CACGTCGGGTTCTAGA-1	FALSE
cHC-1L	CACGTCTATGATGTGG-1	FALSE
cHC-1L	CACGTTCGTGCTCTAG-1	FALSE
cHC-1L	CACGTTTCGTACACAC-1	FALSE
cHC-1L	CACTAAAGTTGCCTAT-1	FALSE
cHC-1L	CACTACGGGAGCTGCC-1	FALSE
cHC-1L	CACTCAAGAGCTATGG-1	FALSE
cHC-1L	CACTCAGCTCTTGAGG-1	FALSE
cHC-1L	CACTCCTATGTAAGAT-1	FALSE
cHC-1L	CACTCCTCTCGGTCGG-1	FALSE
cHC-1L	CACTCGAGCTGAACAA-1	FALSE
cHC-1L	CACTCGGTTAGGAGGA-1	FALSE
cHC-1L	CACTCTCAAGCATCGA-1	FALSE
cHC-1L	CACTCTTCTGCTAGCC-1	FALSE
cHC-1L	CACTGACGATTGTGGA-1	FALSE
cHC-1L	CACTGTCCAAGTGAGA-1	FALSE
cHC-1L	CACTTAATCAGACGGA-1	FALSE
cHC-1L	CACTTCGCCACAGGCT-1	FALSE
cHC-1L	CACTTCGTCTTATCTC-1	TRUE
cHC-1L	CAGAACTTAGCCCTCT-1	FALSE
cHC-1L	CAGAATAACACACGGA-1	FALSE
cHC-1L	CAGAATATTCGTTATC-1	FALSE
cHC-1L	CAGACACCGATCGCTG-1	FALSE
cHC-1L	CAGACCTGTAAGTGTT-1	FALSE
cHC-1L	CAGACGAACCTGATAC-1	FALSE
cHC-1L	CAGAGACGGTCACCCA-1	FALSE
cHC-1L	CAGAGCATGAGCTTGC-1	FALSE
cHC-1L	CAGAGCGATGGATGCT-1	FALSE
cHC-1L	CAGAGGCGATGCATGA-1	FALSE
cHC-1L	CAGAGTGATTTAACGT-1	FALSE
cHC-1L	CAGATAATGGGCGGGT-1	FALSE
cHC-1L	CAGATACTAACATAGT-1	FALSE
cHC-1L	CAGATATGAAGATGAC-1	FALSE
cHC-1L	CAGATCATTTAAAGTC-1	FALSE
cHC-1L	CAGATCCTGGTTTGAA-1	FALSE
cHC-1L	CAGATGTTTGTCCCAA-1	FALSE
cHC-1L	CAGCAGCCCGTTCCTT-1	FALSE
cHC-1L	CAGCAGTCCAGACTAT-1	FALSE
cHC-1L	CAGCAGTCTGTGCTGC-1	TRUE
cHC-1L	CAGCCGGGCCCTCTAT-1	FALSE
cHC-1L	CAGCCTCCTGCAGAGG-1	FALSE
cHC-1L	CAGCCTCGATAGCGGT-1	FALSE
cHC-1L	CAGCCTCTCCTCAAGA-1	FALSE
cHC-1L	CAGCGATTCCCTTCAA-1	FALSE
cHC-1L	CAGCGCCAACACGATA-1	FALSE
cHC-1L	CAGCTCACTGAGACAT-1	FALSE
cHC-1L	CAGCTCGACAAGTTAA-1	FALSE
cHC-1L	CAGCTCGTGCTTGTGT-1	FALSE
cHC-1L	CAGCTCTGGGCTCACT-1	FALSE
cHC-1L	CAGCTGGCGTAACCGT-1	FALSE
cHC-1L	CAGCTTAGTAGGTAGC-1	FALSE
cHC-1L	CAGGAAGACTTTATAT-1	FALSE
cHC-1L	CAGGACAGCTGCCCTT-1	FALSE
cHC-1L	CAGGATATATCGTTGT-1	FALSE
cHC-1L	CAGGCAGTCTTACCAG-1	FALSE
cHC-1L	CAGGCCAGTACCACCT-1	FALSE
cHC-1L	CAGGCCGTTTGGGTGT-1	FALSE
cHC-1L	CAGGCGCACGGTGGTC-1	FALSE
cHC-1L	CAGGCGCCATGCTAGG-1	FALSE
cHC-1L	CAGGGAGATAGGCCAG-1	FALSE
cHC-1L	CAGGGCTAACGAAACC-1	TRUE
cHC-1L	CAGGTTTAGTACTACA-1	FALSE
cHC-1L	CAGTAACTATTTATTG-1	FALSE
cHC-1L	CAGTAAGGGACGTCTC-1	FALSE
cHC-1L	CAGTAATCCCTCCCAG-1	FALSE
cHC-1L	CAGTACATTCTCTAAA-1	FALSE
cHC-1L	CAGTACCAGTTTACGT-1	FALSE
cHC-1L	CAGTAGATGATGTCCG-1	FALSE
cHC-1L	CAGTAGCCCACGCGGT-1	FALSE
cHC-1L	CAGTAGCGAGGTAGTA-1	FALSE
cHC-1L	CAGTCCAACGCCTTCT-1	FALSE
cHC-1L	CAGTCGAGGATGCAAT-1	FALSE
cHC-1L	CAGTCGGCCTAGATAT-1	FALSE
cHC-1L	CAGTCTCTCGGCTAAT-1	FALSE
cHC-1L	CAGTCTGTATACTGGG-1	FALSE
cHC-1L	CAGTGAATAAATGACT-1	FALSE
cHC-1L	CAGTGGTTGCACATGA-1	FALSE
cHC-1L	CAGTGTCCGCAGAATG-1	FALSE
cHC-1L	CAGTGTCGGCTGGCCC-1	FALSE
cHC-1L	CAGTGTTAATCTCTCA-1	FALSE
cHC-1L	CAGTTCAAATTGACAC-1	FALSE
cHC-1L	CAGTTCCGCGGGTCGA-1	FALSE
cHC-1L	CAGTTCGAGGACCCGA-1	FALSE
cHC-1L	CATAACGGACAGTCGT-1	FALSE
cHC-1L	CATAAGAAGCTTGGCT-1	FALSE
cHC-1L	CATAAGCTCTCCGTCT-1	FALSE
cHC-1L	CATAATGAGCGGGCGA-1	FALSE
cHC-1L	CATACAAAGCCGAACC-1	FALSE
cHC-1L	CATACACAAAGTCAGC-1	FALSE
cHC-1L	CATACACGGTTCCCAC-1	FALSE
cHC-1L	CATACCCGTACCCAGT-1	FALSE
cHC-1L	CATACGAACTAGCTGG-1	FALSE
cHC-1L	CATACGGCGTCTGGGC-1	FALSE
cHC-1L	CATACGGGTGCATGAT-1	FALSE
cHC-1L	CATACTATGTAATTGT-1	FALSE
cHC-1L	CATACTTAGGCAATAC-1	FALSE
cHC-1L	CATACTTCTTTCTCCG-1	FALSE
cHC-1L	CATAGAGGAGATACTA-1	FALSE
cHC-1L	CATAGCCGCCCGGGAT-1	TRUE
cHC-1L	CATAGCGTTGCCCACC-1	FALSE
cHC-1L	CATAGGGACACTTGTG-1	FALSE
cHC-1L	CATAGTACATTGAGAG-1	FALSE
cHC-1L	CATAGTAGCATAGTAG-1	FALSE
cHC-1L	CATAGTCAAATACATA-1	FALSE
cHC-1L	CATAGTCCACAAGAAC-1	FALSE
cHC-1L	CATAGTGGGCACGCCT-1	FALSE
cHC-1L	CATATACTACTGATAA-1	FALSE
cHC-1L	CATATAGGTACAGTCA-1	FALSE
cHC-1L	CATATGTCAGGCTACG-1	FALSE
cHC-1L	CATATTATTTGCCCTA-1	FALSE
cHC-1L	CATCAAACTGGCGCCC-1	FALSE
cHC-1L	CATCAACACCTACTAA-1	FALSE
cHC-1L	CATCATCTACCCGGAC-1	FALSE
cHC-1L	CATCATTACCCTGAGG-1	FALSE
cHC-1L	CATCCAATATAGTTTG-1	FALSE
cHC-1L	CATCCCGAGATTCATA-1	FALSE
cHC-1L	CATCCGCAGGCCCGAA-1	TRUE
cHC-1L	CATCCTCTCAAAGATC-1	FALSE
cHC-1L	CATCGCCCGCGGCCAA-1	FALSE
cHC-1L	CATCGGACGGGTTAAT-1	FALSE
cHC-1L	CATCGTCCGGTTACTA-1	FALSE
cHC-1L	CATCTATCCCGTGTCT-1	FALSE
cHC-1L	CATCTGCAGGATCATT-1	FALSE
cHC-1L	CATCTTACACCACCTC-1	FALSE
cHC-1L	CATGAACCGACATTTG-1	FALSE
cHC-1L	CATGACTTCGCTGAAT-1	FALSE
cHC-1L	CATGAGATGCACTCTC-1	FALSE
cHC-1L	CATGAGTCCATCACGG-1	FALSE
cHC-1L	CATGATACGGTGAAAC-1	FALSE
cHC-1L	CATGATCGCTTTGAGA-1	FALSE
cHC-1L	CATGATGCACAATTCT-1	FALSE
cHC-1L	CATGATGGAAGTTAGC-1	FALSE
cHC-1L	CATGCACATGAGAGGC-1	FALSE
cHC-1L	CATGCATGGAGACCCT-1	FALSE
cHC-1L	CATGCCAACTCGCAAA-1	FALSE
cHC-1L	CATGCGACCAGTTTAA-1	FALSE
cHC-1L	CATGCGTTAGACAGAA-1	FALSE
cHC-1L	CATGCGTTGAGAGGAG-1	FALSE
cHC-1L	CATGCTGGCTCCAATT-1	FALSE
cHC-1L	CATGGAAATGGGACCA-1	FALSE
cHC-1L	CATGGATTGTCTTCCG-1	FALSE
cHC-1L	CATGGCAGGAAGATCG-1	FALSE
cHC-1L	CATGGCTCCCTATGTC-1	FALSE
cHC-1L	CATGGGTATGCCTTAT-1	FALSE
cHC-1L	CATGGGTCGGGTGTGG-1	FALSE
cHC-1L	CATGGTAAGTAGCGTT-1	FALSE
cHC-1L	CATGGTATTAGTTTGT-1	FALSE
cHC-1L	CATGGTCTAGATACCG-1	FALSE
cHC-1L	CATGGTTTATTAATCA-1	FALSE
cHC-1L	CATGTAAGAGACATTT-1	FALSE
cHC-1L	CATGTAGGAGCGCCAA-1	FALSE
cHC-1L	CATGTCTCATTTATGG-1	FALSE
cHC-1L	CATTACATAGATTGTG-1	FALSE
cHC-1L	CATTACGCAGGAAGGG-1	FALSE
cHC-1L	CATTACGTCGGCCCGT-1	FALSE
cHC-1L	CATTATCCCATTAACG-1	FALSE
cHC-1L	CATTATGCTTGTTGTG-1	FALSE
cHC-1L	CATTCAGGTCAGTGCG-1	FALSE
cHC-1L	CATTCCCATTCCGTCG-1	FALSE
cHC-1L	CATTCCCTAAGTACAA-1	FALSE
cHC-1L	CATTCGTCGTAGCGGT-1	FALSE
cHC-1L	CATTGATGAACACGCC-1	FALSE
cHC-1L	CATTGCGAAATGGGCG-1	FALSE
cHC-1L	CATTGCGGGTCAATTC-1	FALSE
cHC-1L	CATTGTGTGCTAGATC-1	FALSE
cHC-1L	CATTTAGCGGACCATG-1	FALSE
cHC-1L	CATTTCTAGCAGACTA-1	FALSE
cHC-1L	CATTTGAGTGGTACGT-1	FALSE
cHC-1L	CCAAACAGAACCCTCG-1	FALSE
cHC-1L	CCAAAGCAGTTGGTTG-1	FALSE
cHC-1L	CCAAAGTCCCGCTAAC-1	FALSE
cHC-1L	CCAAATAACAAGATTC-1	FALSE
cHC-1L	CCAAATCAAAGGGCAA-1	FALSE
cHC-1L	CCAACCTTATGTAACT-1	FALSE
cHC-1L	CCAACGATGCACTGAT-1	FALSE
cHC-1L	CCAACGCTTGCCAGGG-1	FALSE
cHC-1L	CCAACTTGATAGATCC-1	FALSE
cHC-1L	CCAAGAAAGTGGGCGA-1	FALSE
cHC-1L	CCAAGACTTCTGCGAA-1	FALSE
cHC-1L	CCAAGCGTAACTCGTA-1	FALSE
cHC-1L	CCAAGGAACAGAGAGG-1	FALSE
cHC-1L	CCAAGGTTGCCCTTTC-1	FALSE
cHC-1L	CCAAGTTTCTACAGAT-1	FALSE
cHC-1L	CCAATAGATTTCATCT-1	FALSE
cHC-1L	CCAATAGTGCCGTCGA-1	FALSE
cHC-1L	CCAATGTCACAGCAAG-1	FALSE
cHC-1L	CCAATTACGGGTCGAG-1	FALSE
cHC-1L	CCAATTGAATGTTAAT-1	FALSE
cHC-1L	CCACAATGTACGTCTT-1	FALSE
cHC-1L	CCACACTGAGATATTA-1	FALSE
cHC-1L	CCACAGCTGAAATCAT-1	FALSE
cHC-1L	CCACAGTACCCATCCT-1	FALSE
cHC-1L	CCACATACTGCACCCA-1	FALSE
cHC-1L	CCACATGGCTCTTTAT-1	FALSE
cHC-1L	CCACCAACTTTACTGT-1	FALSE
cHC-1L	CCACCCAAGGAAAGTG-1	FALSE
cHC-1L	CCACCTGTATGGAATA-1	FALSE
cHC-1L	CCACGAATTTAACCTC-1	FALSE
cHC-1L	CCACGAGAAGAGAATC-1	FALSE
cHC-1L	CCACGGAGCCATAAGA-1	FALSE
cHC-1L	CCACGGCAGGTGTAGG-1	FALSE
cHC-1L	CCACGGTGCCCGGTAG-1	FALSE
cHC-1L	CCACGTAAATTAGACT-1	FALSE
cHC-1L	CCACTAAACTGAATCG-1	FALSE
cHC-1L	CCACTATCCGGGTCAC-1	FALSE
cHC-1L	CCACTCAGATCCGCAA-1	FALSE
cHC-1L	CCACTGGTGGCTGGTT-1	FALSE
cHC-1L	CCACTGTTTGGATTAA-1	FALSE
cHC-1L	CCAGAAACTGATGCGA-1	FALSE
cHC-1L	CCAGAAAGCAACTCAT-1	FALSE
cHC-1L	CCAGAGACAAAGCCGG-1	FALSE
cHC-1L	CCAGATAGTTGAGTGA-1	FALSE
cHC-1L	CCAGATGTAAATGGGT-1	FALSE
cHC-1L	CCAGCGGGATCACCAG-1	FALSE
cHC-1L	CCAGCTACGCCTCATA-1	FALSE
cHC-1L	CCAGCTCGAACGCATT-1	FALSE
cHC-1L	CCAGCTGATGGTACTT-1	FALSE
cHC-1L	CCAGCTTCCGCCCGCA-1	TRUE
cHC-1L	CCAGGCGAGATGGTCT-1	FALSE
cHC-1L	CCAGGCTGGCGTCTGA-1	FALSE
cHC-1L	CCAGGGACGTGGCCTC-1	TRUE
cHC-1L	CCAGTAGTCTGATCCA-1	FALSE
cHC-1L	CCAGTCAAATCTCTTA-1	FALSE
cHC-1L	CCAGTCCATTATTCGA-1	FALSE
cHC-1L	CCAGTCTAGACGGCGC-1	FALSE
cHC-1L	CCAGTCTTGTCATAGA-1	FALSE
cHC-1L	CCAGTGTACAGACCGA-1	FALSE
cHC-1L	CCAGTTCGGTAACTCA-1	TRUE
cHC-1L	CCATAAACAACCCGAC-1	FALSE
cHC-1L	CCATAACCTGTGCAGT-1	FALSE
cHC-1L	CCATACCTTTACTTGT-1	FALSE
cHC-1L	CCATACTCGCCTCTCC-1	FALSE
cHC-1L	CCATAGAGGCTGCCAG-1	FALSE
cHC-1L	CCATAGGTTGGCGTGG-1	FALSE
cHC-1L	CCATAGTCAGTAACCC-1	FALSE
cHC-1L	CCATATGGAAACTATA-1	FALSE
cHC-1L	CCATATTGGATCATGA-1	TRUE
cHC-1L	CCATCCATACCAAGTC-1	FALSE
cHC-1L	CCATCGCAGTTAAACT-1	FALSE
cHC-1L	CCATCTCACCAGTGAA-1	FALSE
cHC-1L	CCATCTTGTTCACAAT-1	FALSE
cHC-1L	CCATGCCCTAGATTTC-1	FALSE
cHC-1L	CCATGCCTGTTTAGTA-1	FALSE
cHC-1L	CCATGCTCTGCAGGAA-1	FALSE
cHC-1L	CCATGGCAAACGCTCA-1	FALSE
cHC-1L	CCATGGCCCTTGTACC-1	FALSE
cHC-1L	CCATGTTCATCTATAT-1	FALSE
cHC-1L	CCATTAGCGATAATCC-1	FALSE
cHC-1L	CCATTCCCTGCCCACA-1	FALSE
cHC-1L	CCATTGTTTCCTCCAT-1	FALSE
cHC-1L	CCATTTCTACCTATTA-1	FALSE
cHC-1L	CCCAAACATGCTGCTC-1	FALSE
cHC-1L	CCCAACATACGTCGCG-1	FALSE
cHC-1L	CCCAACCACACTAACA-1	FALSE
cHC-1L	CCCAAGACAGAGTATG-1	FALSE
cHC-1L	CCCAAGTCATTACACT-1	FALSE
cHC-1L	CCCAATGAGATTTGCA-1	FALSE
cHC-1L	CCCAATTTCACAACTT-1	FALSE
cHC-1L	CCCACTCCACGGTATC-1	FALSE
cHC-1L	CCCAGAGGAGGGCGTA-1	FALSE
cHC-1L	CCCAGATTCCCGTGAC-1	FALSE
cHC-1L	CCCAGGAAGAATTCGA-1	FALSE
cHC-1L	CCCAGGTCTGAAGGCT-1	FALSE
cHC-1L	CCCAGTAAACTTGGGA-1	FALSE
cHC-1L	CCCAGTTAAGGCGCCG-1	TRUE
cHC-1L	CCCATATAGGTCGATT-1	FALSE
cHC-1L	CCCATTATTGTATCCT-1	FALSE
cHC-1L	CCCGAAGTTTCGCGAA-1	FALSE
cHC-1L	CCCGACCATAGTCCGC-1	FALSE
cHC-1L	CCCGAGTTTCTCCGTA-1	FALSE
cHC-1L	CCCGATAGCCTCGCCT-1	FALSE
cHC-1L	CCCGCAGCGCGAACTA-1	FALSE
cHC-1L	CCCGCAGGGCCCAAAG-1	FALSE
cHC-1L	CCCGCCATGCTCCCGT-1	FALSE
cHC-1L	CCCGCGCAATGCACCC-1	FALSE
cHC-1L	CCCGGCTAGGTGAGAA-1	FALSE
cHC-1L	CCCGGGTCGTTCAGGG-1	FALSE
cHC-1L	CCCGGTGGAAGAACCT-1	TRUE
cHC-1L	CCCGGTGTATCGGAAT-1	FALSE
cHC-1L	CCCGTAAGTCTAGGCC-1	FALSE
cHC-1L	CCCGTAGCTGGGAAGA-1	FALSE
cHC-1L	CCCGTCAGCGTCTGAC-1	FALSE
cHC-1L	CCCGTGAGGGCGGTGA-1	FALSE
cHC-1L	CCCGTGGGTTAATTGA-1	FALSE
cHC-1L	CCCGTTTCGCAGATGT-1	FALSE
cHC-1L	CCCTACCCACACCCAG-1	TRUE
cHC-1L	CCCTACTTGAACAATG-1	TRUE
cHC-1L	CCCTAGGCAACAAGAG-1	FALSE
cHC-1L	CCCTATGTAGAGCAGA-1	FALSE
cHC-1L	CCCTCAAGCTCTTAGT-1	FALSE
cHC-1L	CCCTCAGATCGAGAAC-1	FALSE
cHC-1L	CCCTCATCACAGAGTA-1	FALSE
cHC-1L	CCCTCATTCTGGAATT-1	FALSE
cHC-1L	CCCTCCTCGCTCGTAT-1	FALSE
cHC-1L	CCCTCGATAATACACA-1	FALSE
cHC-1L	CCCTGAAATGAGTTGA-1	FALSE
cHC-1L	CCCTGACTAACAAATT-1	FALSE
cHC-1L	CCCTGATGTAACTCGT-1	FALSE
cHC-1L	CCCTGCCCAATCCGCT-1	FALSE
cHC-1L	CCCTGCGCTACGCATA-1	FALSE
cHC-1L	CCCTGGCTGTTCCTTC-1	FALSE
cHC-1L	CCCTGGGAGGGATCCT-1	FALSE
cHC-1L	CCCTGGTATGGGCGGC-1	FALSE
cHC-1L	CCCTGTTGGCAAAGAC-1	FALSE
cHC-1L	CCCTTCTCGTACGCGA-1	FALSE
cHC-1L	CCCTTTAATGGAGTTC-1	FALSE
cHC-1L	CCCTTTGACAGGTCTT-1	FALSE
cHC-1L	CCGAAACACGACCTCT-1	FALSE
cHC-1L	CCGAAAGTGGTGAGCA-1	FALSE
cHC-1L	CCGAACACTGGGCCTC-1	FALSE
cHC-1L	CCGAACCTTCCCGGCC-1	FALSE
cHC-1L	CCGAAGCATTGACCAA-1	FALSE
cHC-1L	CCGAAGGGCGTACCGC-1	FALSE
cHC-1L	CCGAAGTATATTGTTC-1	FALSE
cHC-1L	CCGACAAACACATGAG-1	TRUE
cHC-1L	CCGACAAAGGGAGTGC-1	FALSE
cHC-1L	CCGACAATAGGCCGCC-1	FALSE
cHC-1L	CCGACGGGCATGAGGT-1	FALSE
cHC-1L	CCGACGTAAACACAAC-1	FALSE
cHC-1L	CCGAGAAGTCGCATAA-1	FALSE
cHC-1L	CCGAGCTGTGCTTGTC-1	FALSE
cHC-1L	CCGAGGGATGTTAGGC-1	FALSE
cHC-1L	CCGATATGACGTAAGG-1	FALSE
cHC-1L	CCGATCTCAACCTTAT-1	FALSE
cHC-1L	CCGATCTTAAGAGGCT-1	FALSE
cHC-1L	CCGATTCGAGGGACCC-1	FALSE
cHC-1L	CCGCACAAAGACCAAC-1	FALSE
cHC-1L	CCGCACGTGACCTCGG-1	TRUE
cHC-1L	CCGCACTTGCAATGAC-1	FALSE
cHC-1L	CCGCATGTGGTACGAT-1	FALSE
cHC-1L	CCGCCGGAACTTCTCG-1	FALSE
cHC-1L	CCGCCGGTCAACACAC-1	FALSE
cHC-1L	CCGCCGTTGAGGATAA-1	FALSE
cHC-1L	CCGCCTGCGAATTGGT-1	FALSE
cHC-1L	CCGCCTTGCGATGTCG-1	FALSE
cHC-1L	CCGCGATTTGGTAGGT-1	FALSE
cHC-1L	CCGCGCAAGATACCCA-1	FALSE
cHC-1L	CCGCGGAATGCGTCAC-1	FALSE
cHC-1L	CCGCGGGTACGAAGAA-1	FALSE
cHC-1L	CCGCGTAGGTAAGGGC-1	TRUE
cHC-1L	CCGCTATCAGCACCAG-1	FALSE
cHC-1L	CCGCTCCAGGGCGATC-1	FALSE
cHC-1L	CCGCTCCGGATAAGCT-1	FALSE
cHC-1L	CCGCTCTTCCGAACTA-1	FALSE
cHC-1L	CCGCTTACCTCACTCT-1	FALSE
cHC-1L	CCGCTTCGCGGTTAAC-1	FALSE
cHC-1L	CCGCTTGCTGACATGG-1	FALSE
cHC-1L	CCGGAAGTGCAATATG-1	FALSE
cHC-1L	CCGGAATGGTTTCAGT-1	FALSE
cHC-1L	CCGGAGCGTACTTTCT-1	FALSE
cHC-1L	CCGGAGGTCTTATGGT-1	FALSE
cHC-1L	CCGGCACGACCGTTTC-1	FALSE
cHC-1L	CCGGCCGCGAGCATAT-1	FALSE
cHC-1L	CCGGCGCATATTGGAT-1	FALSE
cHC-1L	CCGGCGTGAGACTCTG-1	FALSE
cHC-1L	CCGGGACCCGCAGAGA-1	FALSE
cHC-1L	CCGGGCGGTCTCGTCA-1	FALSE
cHC-1L	CCGGGCTAAGAATTTC-1	FALSE
cHC-1L	CCGGGCTGCTCCATAC-1	FALSE
cHC-1L	CCGGGTTCGAGGTTAC-1	FALSE
cHC-1L	CCGGTAATGGCTAGTC-1	FALSE
cHC-1L	CCGGTGCGAGTGATAG-1	FALSE
cHC-1L	CCGGTTTGTAATTGTG-1	FALSE
cHC-1L	CCGTAAGTTGGTCCCA-1	FALSE
cHC-1L	CCGTACCCAAGCGCCA-1	FALSE
cHC-1L	CCGTAGGAAATCCCTG-1	FALSE
cHC-1L	CCGTAGGGTTGTTTAC-1	FALSE
cHC-1L	CCGTATCTCGTCGTAG-1	FALSE
cHC-1L	CCGTATTAGCGCAGTT-1	FALSE
cHC-1L	CCGTCAACCTCTGGCG-1	FALSE
cHC-1L	CCGTGAGGCATTCATG-1	FALSE
cHC-1L	CCGTGCCCATGACGGC-1	FALSE
cHC-1L	CCGTGGAACGATCCAA-1	FALSE
cHC-1L	CCGTGTTAAATTCCAT-1	FALSE
cHC-1L	CCGTTCCGAATCTCGG-1	FALSE
cHC-1L	CCGTTTCCTTTCCGTG-1	FALSE
cHC-1L	CCTAAATTAACGGTTC-1	FALSE
cHC-1L	CCTAAATTGTATCCTA-1	FALSE
cHC-1L	CCTAACCCAAACAAGT-1	FALSE
cHC-1L	CCTACAAGTCCGGAAT-1	FALSE
cHC-1L	CCTACATTCACAGACG-1	FALSE
cHC-1L	CCTACGGCTCAGTCGA-1	FALSE
cHC-1L	CCTACTCAACACGATT-1	FALSE
cHC-1L	CCTACTGCGGCGGCCA-1	FALSE
cHC-1L	CCTACTGCTTACACTT-1	FALSE
cHC-1L	CCTAGGCGTAGCGATC-1	FALSE
cHC-1L	CCTAGGTAAAGGTAGC-1	FALSE
cHC-1L	CCTAGTTAGTCGCATG-1	FALSE
cHC-1L	CCTATAATGAGTGCCC-1	FALSE
cHC-1L	CCTATACCGTCCTGTC-1	FALSE
cHC-1L	CCTATATCGTGTCACG-1	FALSE
cHC-1L	CCTATATTTGTCCTGG-1	FALSE
cHC-1L	CCTATCTATATCGGAA-1	FALSE
cHC-1L	CCTATGAAGTGGTGCC-1	FALSE
cHC-1L	CCTATGGCTCCTAGTG-1	FALSE
cHC-1L	CCTATGGGTTACCGTC-1	FALSE
cHC-1L	CCTATGGTCAAAGCTG-1	FALSE
cHC-1L	CCTATGTCCACTCCAC-1	FALSE
cHC-1L	CCTATTATTCCGGCCG-1	FALSE
cHC-1L	CCTCAACGATCGCTGT-1	FALSE
cHC-1L	CCTCACCAATCTTGAC-1	FALSE
cHC-1L	CCTCACCTGAGGGAGC-1	FALSE
cHC-1L	CCTCACCTTAGCATCG-1	FALSE
cHC-1L	CCTCACGTCAGCTAAT-1	FALSE
cHC-1L	CCTCATGCAGCTACGA-1	FALSE
cHC-1L	CCTCCCGACAATCCCT-1	FALSE
cHC-1L	CCTCCGACAATTCAAG-1	FALSE
cHC-1L	CCTCCTAGCTAGAGTC-1	FALSE
cHC-1L	CCTCCTGAGCCCACAT-1	FALSE
cHC-1L	CCTCCTGTTGTGTCGT-1	FALSE
cHC-1L	CCTCGAAGTGGACGGG-1	FALSE
cHC-1L	CCTCGCCAGCAAATTA-1	FALSE
cHC-1L	CCTCGCGCGATATAGG-1	FALSE
cHC-1L	CCTCGCGCTGTGCGAT-1	FALSE
cHC-1L	CCTCGGACCGGGATAG-1	FALSE
cHC-1L	CCTCGGATGCTACCTG-1	FALSE
cHC-1L	CCTCGGTTTCCTTGCC-1	FALSE
cHC-1L	CCTCTAATCTGCCAAG-1	FALSE
cHC-1L	CCTCTACAAGGATTGG-1	FALSE
cHC-1L	CCTCTATCGATTAGCA-1	FALSE
cHC-1L	CCTCTCTCCCATCTAG-1	FALSE
cHC-1L	CCTCTGGCCTAGACGG-1	FALSE
cHC-1L	CCTCTGTACTATTCTA-1	FALSE
cHC-1L	CCTGAACGATATATTC-1	FALSE
cHC-1L	CCTGAATATTTACATA-1	FALSE
cHC-1L	CCTGACAAACTCGCGC-1	FALSE
cHC-1L	CCTGACCACCGATGGT-1	FALSE
cHC-1L	CCTGAGAATAAATGCA-1	FALSE
cHC-1L	CCTGATTCGCGAAGAA-1	TRUE
cHC-1L	CCTGCCCGTTGTCTAG-1	FALSE
cHC-1L	CCTGCGTTCTACGCTT-1	FALSE
cHC-1L	CCTGCTATTTGAGAAG-1	FALSE
cHC-1L	CCTGGAAACGTTCTGC-1	FALSE
cHC-1L	CCTGGCTAGACCCGCC-1	FALSE
cHC-1L	CCTGGTCGAATGTGGG-1	FALSE
cHC-1L	CCTGTAAGACATGATA-1	FALSE
cHC-1L	CCTGTACTCACGCCCA-1	FALSE
cHC-1L	CCTGTCACCCGGGCTC-1	FALSE
cHC-1L	CCTGTCCCTCACGTTA-1	FALSE
cHC-1L	CCTGTCGCCCGTAAAT-1	FALSE
cHC-1L	CCTGTCGTGTATGAAG-1	FALSE
cHC-1L	CCTGTGAAACCGTAAC-1	FALSE
cHC-1L	CCTGTGCATAGGAGAC-1	FALSE
cHC-1L	CCTGTTCAACCTCGGG-1	FALSE
cHC-1L	CCTGTTTGAAGACACG-1	FALSE
cHC-1L	CCTTAAGTACGCAATT-1	FALSE
cHC-1L	CCTTCAGTTAAAGTGA-1	FALSE
cHC-1L	CCTTCCGCAACGCTGC-1	FALSE
cHC-1L	CCTTCGTATAGAATCC-1	FALSE
cHC-1L	CCTTCTCAGCGTTCCT-1	FALSE
cHC-1L	CCTTCTTGATCCAGTG-1	FALSE
cHC-1L	CCTTGACCACTTTATT-1	FALSE
cHC-1L	CCTTGTGAACGTGGTT-1	FALSE
cHC-1L	CCTTTAAGGGAGCACT-1	FALSE
cHC-1L	CCTTTCAATGAAGAAA-1	FALSE
cHC-1L	CCTTTGAATTATGGCT-1	FALSE
cHC-1L	CGAAACATAGATGGCA-1	FALSE
cHC-1L	CGAAACGCAATTCATG-1	FALSE
cHC-1L	CGAACAGTATGGGCGT-1	FALSE
cHC-1L	CGAACATAGTCAGAAA-1	FALSE
cHC-1L	CGAACCCGCATGCGTC-1	FALSE
cHC-1L	CGAACCTCTTTCCTAG-1	FALSE
cHC-1L	CGAACGCCCAGTGCCG-1	FALSE
cHC-1L	CGAACGGCCGGACAAC-1	FALSE
cHC-1L	CGAAGACGGTGAGTGC-1	FALSE
cHC-1L	CGAAGATCAGTTTCAT-1	FALSE
cHC-1L	CGAAGCCACAGCATGG-1	FALSE
cHC-1L	CGAAGCTATAAATTCA-1	FALSE
cHC-1L	CGAAGGGTTTCAGATT-1	FALSE
cHC-1L	CGAAGTTGCTCTGTGT-1	FALSE
cHC-1L	CGAATCTGCTCGACGC-1	FALSE
cHC-1L	CGAATGAAGTCATTGC-1	FALSE
cHC-1L	CGAATGACGCATAATG-1	FALSE
cHC-1L	CGAATGGTAGGTCGTC-1	FALSE
cHC-1L	CGAATTCCCGGTTCAA-1	FALSE
cHC-1L	CGACAATTTGATCTAA-1	TRUE
cHC-1L	CGACACCGCTTAAGGA-1	FALSE
cHC-1L	CGACACGCTCCGACAG-1	FALSE
cHC-1L	CGACAGTTCGCGTTAT-1	FALSE
cHC-1L	CGACATGCGATCTTCT-1	FALSE
cHC-1L	CGACCCTTAACGCCGG-1	FALSE
cHC-1L	CGACCGTTGGTATTCG-1	FALSE
cHC-1L	CGACCTACTAGACAAT-1	FALSE
cHC-1L	CGACGCATCCGTACCT-1	FALSE
cHC-1L	CGACTCAGGATGTTAT-1	FALSE
cHC-1L	CGACTCGGTACACGGT-1	FALSE
cHC-1L	CGACTTTGTATAGCCT-1	FALSE
cHC-1L	CGAGACCCTAGAGTGT-1	FALSE
cHC-1L	CGAGACTACTGCTGCT-1	FALSE
cHC-1L	CGAGAGATGTGAACCT-1	FALSE
cHC-1L	CGAGAGCGCGTAGATA-1	FALSE
cHC-1L	CGAGAGCTTTCACTAC-1	FALSE
cHC-1L	CGAGAGGGTAGCCGCG-1	FALSE
cHC-1L	CGAGATGTTGCCTATA-1	FALSE
cHC-1L	CGAGATTTCGCTCGGG-1	FALSE
cHC-1L	CGAGCACTTCAAGTTT-1	FALSE
cHC-1L	CGAGCCGAGCACTCGA-1	FALSE
cHC-1L	CGAGCGTTGATCAGCC-1	FALSE
cHC-1L	CGAGCTGGGCTTTAGG-1	FALSE
cHC-1L	CGAGGAGCTTCCATAT-1	FALSE
cHC-1L	CGAGGATCGGGAACGA-1	FALSE
cHC-1L	CGAGGCCAGGCATTGG-1	FALSE
cHC-1L	CGAGGCTAAATATGGC-1	FALSE
cHC-1L	CGAGGGACTGCGGTCG-1	FALSE
cHC-1L	CGAGGGTATCCAGGTG-1	FALSE
cHC-1L	CGAGTACTAAAGAGGA-1	FALSE
cHC-1L	CGAGTGAAGGTACCAG-1	FALSE
cHC-1L	CGAGTGCTATAGTTCG-1	FALSE
cHC-1L	CGAGTTCTGTCCCACC-1	FALSE
cHC-1L	CGAGTTTATCGGACTG-1	FALSE
cHC-1L	CGATACCTCGCGGACA-1	FALSE
cHC-1L	CGATAGCGATACAGTG-1	FALSE
cHC-1L	CGATAGTCGTACTGCA-1	FALSE
cHC-1L	CGATATTAGCCGCAGG-1	FALSE
cHC-1L	CGATCATTAGAGGCAC-1	FALSE
cHC-1L	CGATCCACCATTGTTG-1	FALSE
cHC-1L	CGATCCGACCCAGTGC-1	FALSE
cHC-1L	CGATCCTCGCAACATA-1	FALSE
cHC-1L	CGATCGAGAAGCACCA-1	FALSE
cHC-1L	CGATCTGTTGGAGGAC-1	FALSE
cHC-1L	CGATGGACCCTACGCC-1	FALSE
cHC-1L	CGATGTTGTTATCTAC-1	FALSE
cHC-1L	CGATTAAATATCTCCT-1	FALSE
cHC-1L	CGATTCGCCTGGCTGC-1	FALSE
cHC-1L	CGATTTGTCATTAATG-1	FALSE
cHC-1L	CGCAAACACGAGTTAC-1	FALSE
cHC-1L	CGCAATCGATCATTAG-1	FALSE
cHC-1L	CGCAATTACTTTCGGT-1	FALSE
cHC-1L	CGCAATTAGGGTAATA-1	FALSE
cHC-1L	CGCAATTCTACAATAA-1	FALSE
cHC-1L	CGCACATGTCCACTAC-1	FALSE
cHC-1L	CGCACGTCTGTTTATG-1	FALSE
cHC-1L	CGCACGTGCGCTATCA-1	FALSE
cHC-1L	CGCAGAAACATTTGCG-1	FALSE
cHC-1L	CGCAGATCTTCACCCG-1	FALSE
cHC-1L	CGCAGGCGATCCAAAC-1	FALSE
cHC-1L	CGCATCATGGCTTCAG-1	FALSE
cHC-1L	CGCATCCATCAGCCAG-1	FALSE
cHC-1L	CGCATGCCGAATGCGT-1	FALSE
cHC-1L	CGCATGGTGCGATGCT-1	FALSE
cHC-1L	CGCATTAGCTAATAGG-1	TRUE
cHC-1L	CGCCAAGAAGCCGAGT-1	FALSE
cHC-1L	CGCCAATTATTGCGTT-1	FALSE
cHC-1L	CGCCACAGGTCGCGAT-1	FALSE
cHC-1L	CGCCACCCGCATTAAC-1	FALSE
cHC-1L	CGCCAGTAGTACCTTG-1	FALSE
cHC-1L	CGCCATCCGATTATGA-1	FALSE
cHC-1L	CGCCCAGCACGCCTAG-1	FALSE
cHC-1L	CGCCCAGCGTTTCACG-1	FALSE
cHC-1L	CGCCCGCTTCCGTACA-1	FALSE
cHC-1L	CGCCCTAATTGTTCAA-1	FALSE
cHC-1L	CGCCCTTGAAGGCTGA-1	FALSE
cHC-1L	CGCCGACTATTCGCTA-1	FALSE
cHC-1L	CGCCGCCCATGCCTGT-1	FALSE
cHC-1L	CGCCGCGTTCTGAACG-1	FALSE
cHC-1L	CGCCGGTGTCGCAGTA-1	FALSE
cHC-1L	CGCCGTCTACCCATCG-1	FALSE
cHC-1L	CGCCGTTCAGCATAGT-1	FALSE
cHC-1L	CGCCTCCCTCCTCTAT-1	FALSE
cHC-1L	CGCCTGGCCTACGTAA-1	FALSE
cHC-1L	CGCCTTTAGCATGCTC-1	FALSE
cHC-1L	CGCGAAGTGGCATACT-1	FALSE
cHC-1L	CGCGACACTGCGCAGC-1	TRUE
cHC-1L	CGCGACCGCGACAGAT-1	FALSE
cHC-1L	CGCGAGAGGGACTTGT-1	FALSE
cHC-1L	CGCGAGTCTGCCGGGT-1	FALSE
cHC-1L	CGCGCAAATGTCCAGA-1	FALSE
cHC-1L	CGCGCAAGGAACTACA-1	FALSE
cHC-1L	CGCGCATGTTTGATTG-1	FALSE
cHC-1L	CGCGCCCGACTTAATA-1	FALSE
cHC-1L	CGCGGCAGTATTACGG-1	FALSE
cHC-1L	CGCGGCTCAACTTGAA-1	TRUE
cHC-1L	CGCGGGAATTAGGCAG-1	FALSE
cHC-1L	CGCGGGAATTCCTTTC-1	TRUE
cHC-1L	CGCGGTAAGTCTAGCT-1	FALSE
cHC-1L	CGCGGTACGGTATACA-1	FALSE
cHC-1L	CGCGGTCACAAACCAA-1	FALSE
cHC-1L	CGCGTGCTATCAACGA-1	FALSE
cHC-1L	CGCGTGGGCCTGTGTT-1	FALSE
cHC-1L	CGCGTTCATGAAATAC-1	FALSE
cHC-1L	CGCTACGGGACATTTA-1	FALSE
cHC-1L	CGCTAGAGACCGCTGC-1	FALSE
cHC-1L	CGCTATACCGCCCACT-1	FALSE
cHC-1L	CGCTATTCAATGTATG-1	FALSE
cHC-1L	CGCTATTCTTAGGCTC-1	FALSE
cHC-1L	CGCTCGACATAATGAT-1	FALSE
cHC-1L	CGCTCTCCGTAGATTA-1	FALSE
cHC-1L	CGCTGAGGACGTCCAA-1	FALSE
cHC-1L	CGCTGGTGACTACCCT-1	FALSE
cHC-1L	CGCTGTGACGCCGCAC-1	FALSE
cHC-1L	CGCTGTGTGGATGTTG-1	FALSE
cHC-1L	CGCTTAGTATTGATAC-1	FALSE
cHC-1L	CGCTTATTCCCGGTCG-1	FALSE
cHC-1L	CGCTTCCACTGAAATC-1	FALSE
cHC-1L	CGCTTCGGTCTAAGAC-1	FALSE
cHC-1L	CGCTTGGACGGATAGA-1	FALSE
cHC-1L	CGCTTTCATACCGGTG-1	FALSE
cHC-1L	CGCTTTCCGCCAAGGT-1	FALSE
cHC-1L	CGCTTTCTTGCATTCG-1	FALSE
cHC-1L	CGGAAAGAATCAAACG-1	FALSE
cHC-1L	CGGAAAGCAAATGTGC-1	TRUE
cHC-1L	CGGAACGTAAACATAG-1	FALSE
cHC-1L	CGGACCTCTGTAGTTA-1	FALSE
cHC-1L	CGGACCTTTACGTCCC-1	FALSE
cHC-1L	CGGACGTTACTTGAAG-1	FALSE
cHC-1L	CGGAGCAATTTAATCG-1	FALSE
cHC-1L	CGGAGCATGGCGATCC-1	FALSE
cHC-1L	CGGAGCTTATAACACC-1	FALSE
cHC-1L	CGGAGTTTGAGAGACA-1	FALSE
cHC-1L	CGGATAAGCGGACATG-1	FALSE
cHC-1L	CGGATCCTCAAGGACT-1	FALSE
cHC-1L	CGGATGAATGCTGTGA-1	FALSE
cHC-1L	CGGCAAACATCGTGCG-1	FALSE
cHC-1L	CGGCAATAAGATCGCC-1	FALSE
cHC-1L	CGGCACCGTTAGCGCC-1	FALSE
cHC-1L	CGGCACTCAAGAAAGT-1	FALSE
cHC-1L	CGGCAGGGTCGGGTTG-1	FALSE
cHC-1L	CGGCCACGCACAAAGT-1	FALSE
cHC-1L	CGGCCAGAGCGACCAT-1	FALSE
cHC-1L	CGGCCCAACCTGTAGT-1	FALSE
cHC-1L	CGGCCCAGGTATATCC-1	FALSE
cHC-1L	CGGCGCCATCAATCCC-1	FALSE
cHC-1L	CGGCTCTAAAGCTGCA-1	FALSE
cHC-1L	CGGCTCTTCGTCGAAC-1	FALSE
cHC-1L	CGGCTTTGTATGATAA-1	FALSE
cHC-1L	CGGGAACGCCCTGCAT-1	FALSE
cHC-1L	CGGGAAGTACCGTGGC-1	FALSE
cHC-1L	CGGGAATATAGTATAC-1	FALSE
cHC-1L	CGGGAATTTATGTAAA-1	FALSE
cHC-1L	CGGGAGCTTCAGTGTA-1	FALSE
cHC-1L	CGGGAGTATACCGCCG-1	TRUE
cHC-1L	CGGGATCAATGTAAGA-1	FALSE
cHC-1L	CGGGCAGCTAAACCGC-1	FALSE
cHC-1L	CGGGCCATAGCCGCAC-1	FALSE
cHC-1L	CGGGCCTTCTTTGTAA-1	FALSE
cHC-1L	CGGGCGATGGATCACG-1	FALSE
cHC-1L	CGGGTGTACCCATTTA-1	FALSE
cHC-1L	CGGGTTCGGCACGTAT-1	FALSE
cHC-1L	CGGGTTGTAGCTTTGG-1	FALSE
cHC-1L	CGGGTTTGTTAGGGCT-1	FALSE
cHC-1L	CGGTAACAAGATACAT-1	FALSE
cHC-1L	CGGTACGGCAAACCCA-1	FALSE
cHC-1L	CGGTACTAGAATCAAA-1	FALSE
cHC-1L	CGGTATAGGTATTAGC-1	FALSE
cHC-1L	CGGTATGGGCACTCTG-1	FALSE
cHC-1L	CGGTCAAGTGGGAACC-1	FALSE
cHC-1L	CGGTCAGTCCATATTT-1	FALSE
cHC-1L	CGGTCCATGAGACTCC-1	FALSE
cHC-1L	CGGTCCGTCGCAAGCC-1	FALSE
cHC-1L	CGGTCTATCAACCCGT-1	FALSE
cHC-1L	CGGTGAAGACTAAAGT-1	FALSE
cHC-1L	CGGTGCAGATAGAACG-1	FALSE
cHC-1L	CGGTGCGCGTTGGTCC-1	FALSE
cHC-1L	CGGTGGGCTCCAGCCT-1	FALSE
cHC-1L	CGGTGTACTTGATCCC-1	FALSE
cHC-1L	CGGTTATCCAACAGTG-1	FALSE
cHC-1L	CGGTTCAAGTAGGTGT-1	FALSE
cHC-1L	CGGTTCCGGCTTCTTG-1	FALSE
cHC-1L	CGGTTGACCTGGCATA-1	FALSE
cHC-1L	CGGTTGAGTATCCTTC-1	FALSE
cHC-1L	CGGTTGGGCAGGGTCC-1	FALSE
cHC-1L	CGGTTGGGTTCAAGTT-1	FALSE
cHC-1L	CGGTTTACTGAACATT-1	FALSE
cHC-1L	CGGTTTATGAAGGAAC-1	FALSE
cHC-1L	CGTAAACGCTTGAGTG-1	FALSE
cHC-1L	CGTAAAGCAAGAAATC-1	FALSE
cHC-1L	CGTAAATAACAAAGGG-1	FALSE
cHC-1L	CGTAACTTCGACACTT-1	FALSE
cHC-1L	CGTAATAATTACGAGT-1	FALSE
cHC-1L	CGTACCGAAAGTCTAG-1	FALSE
cHC-1L	CGTACCTGATAGGCCT-1	FALSE
cHC-1L	CGTAGAGAGTAATTAT-1	FALSE
cHC-1L	CGTAGCGAATTGTCAG-1	FALSE
cHC-1L	CGTAGCGCCGACGTTG-1	FALSE
cHC-1L	CGTATCTAGAACTAAG-1	FALSE
cHC-1L	CGTATTAAGAGATCTA-1	FALSE
cHC-1L	CGTATTGTTTCCTAAT-1	FALSE
cHC-1L	CGTATTGTTTGGCGCC-1	FALSE
cHC-1L	CGTCAAATGGTCGCAG-1	FALSE
cHC-1L	CGTCAAGGCTATAAAT-1	FALSE
cHC-1L	CGTCAATCTTTAACAT-1	FALSE
cHC-1L	CGTCACGTCCATTGGT-1	FALSE
cHC-1L	CGTCAGCTATTTACTC-1	FALSE
cHC-1L	CGTCAGTGCGCACAAG-1	FALSE
cHC-1L	CGTCATACCATATCCA-1	FALSE
cHC-1L	CGTCCAGATGGCTCCA-1	FALSE
cHC-1L	CGTCCTCATCGCGTGC-1	FALSE
cHC-1L	CGTCGCATGTGAGCCA-1	TRUE
cHC-1L	CGTCGCGGCGGGATTT-1	FALSE
cHC-1L	CGTCGCTTGGTTATAC-1	FALSE
cHC-1L	CGTCGGATAGTGTTGA-1	FALSE
cHC-1L	CGTCGGGTCTAAGCGC-1	FALSE
cHC-1L	CGTCGTCCTTCGCGAA-1	FALSE
cHC-1L	CGTCTGGAAGGGCCCG-1	FALSE
cHC-1L	CGTCTTGAGTGTGACG-1	FALSE
cHC-1L	CGTGAACTGACCCGAT-1	FALSE
cHC-1L	CGTGAAGTTAATTCAC-1	FALSE
cHC-1L	CGTGACCAGTCCTCTG-1	FALSE
cHC-1L	CGTGCACACCACTGTA-1	TRUE
cHC-1L	CGTGCAGACTGGGACA-1	FALSE
cHC-1L	CGTGCATTGTCGACGC-1	FALSE
cHC-1L	CGTGCCCTCCCGAAGA-1	FALSE
cHC-1L	CGTGCTTCTACCTAAA-1	FALSE
cHC-1L	CGTGGAAGCCTCGTAC-1	FALSE
cHC-1L	CGTGGCCGAATATCTA-1	FALSE
cHC-1L	CGTGGTACCCAAAGGC-1	FALSE
cHC-1L	CGTGTATGGGAGCTGA-1	FALSE
cHC-1L	CGTGTCCCATTCGCGA-1	FALSE
cHC-1L	CGTGTCTCGTTACGAC-1	FALSE
cHC-1L	CGTGTGTTAAACCCTG-1	FALSE
cHC-1L	CGTTAAACTAGTTAGG-1	FALSE
cHC-1L	CGTTAAATACGACCAG-1	FALSE
cHC-1L	CGTTAATGTCCCGACG-1	FALSE
cHC-1L	CGTTAGCTCACAACTG-1	FALSE
cHC-1L	CGTTATCATACTTCCA-1	FALSE
cHC-1L	CGTTCAAGGAAACGGA-1	FALSE
cHC-1L	CGTTCAGACCCGCGAA-1	FALSE
cHC-1L	CGTTCATGGTGCGCGT-1	FALSE
cHC-1L	CGTTCTTCGCACACCT-1	FALSE
cHC-1L	CGTTGAATACCGCGCT-1	FALSE
cHC-1L	CGTTGAGCGACCGTCG-1	FALSE
cHC-1L	CGTTGAGTAATTGCGT-1	FALSE
cHC-1L	CGTTGCCCGCGTGGGA-1	FALSE
cHC-1L	CGTTGTAAACGTCAGG-1	TRUE
cHC-1L	CGTTGTAAGATTGATT-1	FALSE
cHC-1L	CGTTGTCGGCAATTGA-1	FALSE
cHC-1L	CGTTGTTTCAATTCCC-1	FALSE
cHC-1L	CGTTTAAGCGGAGCAC-1	FALSE
cHC-1L	CGTTTACAAGGCAGCT-1	FALSE
cHC-1L	CGTTTCACTTCGGGCG-1	FALSE
cHC-1L	CGTTTCGCTCATTACA-1	FALSE
cHC-1L	CGTTTCGGTTATATGC-1	FALSE
cHC-1L	CGTTTGGTGTTGTGGG-1	FALSE
cHC-1L	CGTTTGTGTAGAGGGT-1	FALSE
cHC-1L	CTAAACGGGTGTAATC-1	FALSE
cHC-1L	CTAAAGAATGCCTACT-1	TRUE
cHC-1L	CTAAAGGGAAATAGGA-1	FALSE
cHC-1L	CTAAAGTCCGAAGCTA-1	FALSE
cHC-1L	CTAAATCCGGTGTACA-1	FALSE
cHC-1L	CTAAATCCTATTCCGG-1	FALSE
cHC-1L	CTAACAGCACAATAAC-1	FALSE
cHC-1L	CTAACCGCGCGCCCGT-1	TRUE
cHC-1L	CTAACGAAACTTGCTG-1	FALSE
cHC-1L	CTAACTGATAATCGCC-1	FALSE
cHC-1L	CTAACTGGTCCGGTTC-1	FALSE
cHC-1L	CTAAGGGAATGATTGG-1	FALSE
cHC-1L	CTAATGCGCCCAACAA-1	FALSE
cHC-1L	CTAATTATGAAGCGTA-1	FALSE
cHC-1L	CTAATTCGCACGCGCT-1	FALSE
cHC-1L	CTAATTCTCAGATATT-1	FALSE
cHC-1L	CTAATTTCAACAACAC-1	FALSE
cHC-1L	CTACAAGAAATAACCC-1	FALSE
cHC-1L	CTACACTAGCTTGTTC-1	FALSE
cHC-1L	CTACACTCGCAGATGG-1	FALSE
cHC-1L	CTACATATCGCGGGAC-1	FALSE
cHC-1L	CTACCCTAAGGTCATA-1	FALSE
cHC-1L	CTACGACTAGCTATAA-1	FALSE
cHC-1L	CTACGATCCTATCCTA-1	FALSE
cHC-1L	CTACGCACGGAGTACC-1	FALSE
cHC-1L	CTACGCCATTTCCGAT-1	FALSE
cHC-1L	CTACGTGTTGCCACCA-1	FALSE
cHC-1L	CTACTATCATAGGTTT-1	FALSE
cHC-1L	CTACTATCTTTCAGAG-1	FALSE
cHC-1L	CTACTCAAGGTATAGT-1	FALSE
cHC-1L	CTACTCTAGGCCCGGC-1	TRUE
cHC-1L	CTACTGCCACCTGACC-1	FALSE
cHC-1L	CTAGACATATATGTAG-1	FALSE
cHC-1L	CTAGACTGCATTTCGT-1	FALSE
cHC-1L	CTAGATAAACTCCTCG-1	FALSE
cHC-1L	CTAGATGTGAGTGTAA-1	FALSE
cHC-1L	CTAGATTTACGACGGC-1	FALSE
cHC-1L	CTAGCAACTAATTTAC-1	FALSE
cHC-1L	CTAGCATAGTATAATG-1	FALSE
cHC-1L	CTAGCCACAGGCGAGC-1	FALSE
cHC-1L	CTAGCCGATGTTATGA-1	FALSE
cHC-1L	CTAGGCGCCCTATCAG-1	FALSE
cHC-1L	CTAGGCGGCAGAGAAT-1	FALSE
cHC-1L	CTAGGGATAGGGACAA-1	FALSE
cHC-1L	CTAGGTCTGAAGGAAT-1	FALSE
cHC-1L	CTAGGTTCGGACGTGA-1	FALSE
cHC-1L	CTAGTAGAAAGGGATT-1	FALSE
cHC-1L	CTAGTATTCGGAATTA-1	FALSE
cHC-1L	CTAGTGAAGGACAGGA-1	FALSE
cHC-1L	CTAGTTACAACCCGGT-1	FALSE
cHC-1L	CTAGTTGGGCCCGGTA-1	FALSE
cHC-1L	CTATAAGAGCCAATCG-1	FALSE
cHC-1L	CTATAAGTAGGGTTTG-1	FALSE
cHC-1L	CTATACTTAAAGCGAG-1	FALSE
cHC-1L	CTATAGGCGTTGATGT-1	FALSE
cHC-1L	CTATATCCAGCCTGGC-1	FALSE
cHC-1L	CTATCACAACGCTGGA-1	FALSE
cHC-1L	CTATCGACGAAATACA-1	FALSE
cHC-1L	CTATCGCGTAGAGAAC-1	FALSE
cHC-1L	CTATCGGGTCTCAACA-1	FALSE
cHC-1L	CTATGAACACCTTGCC-1	FALSE
cHC-1L	CTATGCCCGAATGCAA-1	FALSE
cHC-1L	CTATGGGAAGCGGAAT-1	FALSE
cHC-1L	CTATGTCACTAGCCCA-1	FALSE
cHC-1L	CTATGTCTATTGAAAC-1	FALSE
cHC-1L	CTATGTGAGTCACGGC-1	FALSE
cHC-1L	CTATTCATGTGTCCCA-1	FALSE
cHC-1L	CTATTGTGTTTGGTCA-1	FALSE
cHC-1L	CTATTTGCTTGGAGGA-1	FALSE
cHC-1L	CTATTTGGTTACGGAT-1	FALSE
cHC-1L	CTCAAACCACTGCCCG-1	FALSE
cHC-1L	CTCAACTAACCCGGAT-1	FALSE
cHC-1L	CTCAAGACATTAGCGC-1	FALSE
cHC-1L	CTCACACGCAAGCCTA-1	FALSE
cHC-1L	CTCACATTTACTAAAT-1	FALSE
cHC-1L	CTCACCAGTACAAGTG-1	FALSE
cHC-1L	CTCACCGATCCAAACT-1	FALSE
cHC-1L	CTCACTGTGATACTTA-1	TRUE
cHC-1L	CTCACTTGGCTGGTAA-1	FALSE
cHC-1L	CTCAGAGCTAATGTCG-1	FALSE
cHC-1L	CTCAGATTGTGATAAG-1	FALSE
cHC-1L	CTCAGGACTCACCTGT-1	FALSE
cHC-1L	CTCAGTCACGACAAAT-1	FALSE
cHC-1L	CTCATAAATGTGTATA-1	FALSE
cHC-1L	CTCATCACTTAGTGAT-1	FALSE
cHC-1L	CTCATGGCTCACAATC-1	FALSE
cHC-1L	CTCATGGTAATTTGCG-1	FALSE
cHC-1L	CTCATTAACGTTGCCC-1	FALSE
cHC-1L	CTCATTCGTGAACATC-1	FALSE
cHC-1L	CTCATTGCTCTAACAA-1	FALSE
cHC-1L	CTCATTTGATGGGCGG-1	FALSE
cHC-1L	CTCCCAATGAGTCGCG-1	FALSE
cHC-1L	CTCCCTCCTTTCGATC-1	FALSE
cHC-1L	CTCCCTTGTATCAAGG-1	FALSE
cHC-1L	CTCCGCCCACATGAGG-1	FALSE
cHC-1L	CTCCGGCCTAATATGC-1	FALSE
cHC-1L	CTCCGGCTTGTAGACA-1	FALSE
cHC-1L	CTCCTAAGTTATGTCT-1	FALSE
cHC-1L	CTCCTAGTAATCGTGA-1	FALSE
cHC-1L	CTCCTCCAGCTCACAC-1	FALSE
cHC-1L	CTCCTGTTCAAGGCAG-1	FALSE
cHC-1L	CTCCTTTACGCAAGTC-1	FALSE
cHC-1L	CTCGAATGGAACGTAT-1	FALSE
cHC-1L	CTCGAGACATACGATA-1	FALSE
cHC-1L	CTCGAGATCCAAAGCA-1	FALSE
cHC-1L	CTCGAGGCAAGTTTCA-1	FALSE
cHC-1L	CTCGAGGTCGAACAGT-1	TRUE
cHC-1L	CTCGATATTTGCGAGC-1	FALSE
cHC-1L	CTCGCACCTATATAGT-1	FALSE
cHC-1L	CTCGCATTGCATAGCC-1	FALSE
cHC-1L	CTCGCCGAATGTAGGG-1	FALSE
cHC-1L	CTCGCTAGGTAAGCGA-1	FALSE
cHC-1L	CTCGGGATAACACCTA-1	FALSE
cHC-1L	CTCGGGTTCTCTGGCC-1	FALSE
cHC-1L	CTCGGTACCACTGCTC-1	TRUE
cHC-1L	CTCGGTCCGTAGCCTG-1	FALSE
cHC-1L	CTCGGTTGTCGGCCCT-1	FALSE
cHC-1L	CTCGTCGAGGGCTCAT-1	FALSE
cHC-1L	CTCGTCTGTGCCTTCG-1	TRUE
cHC-1L	CTCGTGGCACTGAAAG-1	FALSE
cHC-1L	CTCGTTACGGCTACCA-1	FALSE
cHC-1L	CTCGTTTCTAATGTTT-1	FALSE
cHC-1L	CTCTAATGCATTGATC-1	FALSE
cHC-1L	CTCTACACTGGCGATT-1	FALSE
cHC-1L	CTCTACATCCTGCGTG-1	FALSE
cHC-1L	CTCTATTTGGCTGCAG-1	FALSE
cHC-1L	CTCTCACAATCGATGA-1	FALSE
cHC-1L	CTCTCGCTGTACTATG-1	FALSE
cHC-1L	CTCTCTAACTGCCTAG-1	FALSE
cHC-1L	CTCTGCAGGCATTCTT-1	FALSE
cHC-1L	CTCTGCGAAGCAAGCA-1	FALSE
cHC-1L	CTCTGGACGCCTGGTG-1	FALSE
cHC-1L	CTCTGTCCATGCACCA-1	TRUE
cHC-1L	CTCTGTTTGAGGATTC-1	FALSE
cHC-1L	CTCTTCTATTGACTGG-1	FALSE
cHC-1L	CTCTTCTGGAAGTTAG-1	FALSE
cHC-1L	CTCTTGTCCCGCTTGG-1	FALSE
cHC-1L	CTGAAAGAGATCCGAC-1	FALSE
cHC-1L	CTGAATCCGAGACCTC-1	TRUE
cHC-1L	CTGAATTTATTGCCAG-1	FALSE
cHC-1L	CTGACATAGAAATAGA-1	FALSE
cHC-1L	CTGACTGCGCAGCTCG-1	FALSE
cHC-1L	CTGAGAAAGTTCGGCG-1	FALSE
cHC-1L	CTGAGAGTAGAAATAC-1	FALSE
cHC-1L	CTGAGCAAGTAACAAG-1	FALSE
cHC-1L	CTGAGCGAGACTTATT-1	FALSE
cHC-1L	CTGATAGTGTATCTCA-1	TRUE
cHC-1L	CTGATCCCTTTATGCA-1	FALSE
cHC-1L	CTGCAAGCACGTTCCG-1	FALSE
cHC-1L	CTGCACAACTACATAT-1	FALSE
cHC-1L	CTGCACCTAGTCCACA-1	FALSE
cHC-1L	CTGCACCTGGAACCGC-1	FALSE
cHC-1L	CTGCACTCCAGTACAG-1	FALSE
cHC-1L	CTGCAGAGAATCAGAG-1	FALSE
cHC-1L	CTGCAGGTGCTCGGCC-1	FALSE
cHC-1L	CTGCCAAGGTTGGAAG-1	FALSE
cHC-1L	CTGCCATGCATCACAT-1	FALSE
cHC-1L	CTGCCCACGAAGCGTT-1	FALSE
cHC-1L	CTGCCTCATATGCAAC-1	FALSE
cHC-1L	CTGCCTTTAATACCTT-1	FALSE
cHC-1L	CTGCCTTTCTAGTAAA-1	FALSE
cHC-1L	CTGCGACCTCGCCGAA-1	FALSE
cHC-1L	CTGCGATTTCGAGATT-1	FALSE
cHC-1L	CTGCGGGTGAAATGTT-1	FALSE
cHC-1L	CTGCGGTAGTCACGTG-1	FALSE
cHC-1L	CTGCGTTACGATATAA-1	FALSE
cHC-1L	CTGCTCTCAACACACC-1	FALSE
cHC-1L	CTGCTCTGACGGCAAA-1	FALSE
cHC-1L	CTGCTGAGGCCACGAA-1	FALSE
cHC-1L	CTGCTGTCTAACGAGC-1	FALSE
cHC-1L	CTGCTTGGCGATAGCT-1	FALSE
cHC-1L	CTGCTTTATGTCCGCG-1	FALSE
cHC-1L	CTGGAAATGGATGCTT-1	FALSE
cHC-1L	CTGGAAGACACGGTGG-1	FALSE
cHC-1L	CTGGACGCAGTCCGGC-1	FALSE
cHC-1L	CTGGATTTACACTTGA-1	FALSE
cHC-1L	CTGGCATCCGAATGAG-1	FALSE
cHC-1L	CTGGCGACATAAGTCC-1	FALSE
cHC-1L	CTGGCGATTTACATGT-1	TRUE
cHC-1L	CTGGCGCACAGGTCTG-1	FALSE
cHC-1L	CTGGCGGGAATAAGTA-1	FALSE
cHC-1L	CTGGCTCCTGCGGGAT-1	FALSE
cHC-1L	CTGGCTGATTCATCCT-1	FALSE
cHC-1L	CTGGCTGCTAACGTAA-1	FALSE
cHC-1L	CTGGCTGGTTGTCAGT-1	FALSE
cHC-1L	CTGGGATAAATAATGG-1	FALSE
cHC-1L	CTGGGATACGCTACCC-1	FALSE
cHC-1L	CTGGGCCTGCTATATC-1	FALSE
cHC-1L	CTGGGTAGGCAGTTAA-1	FALSE
cHC-1L	CTGGGTTGAGTTAAAG-1	FALSE
cHC-1L	CTGGTAAAGACTTACA-1	FALSE
cHC-1L	CTGGTAAAGTGTGGGC-1	FALSE
cHC-1L	CTGGTAACACATAGAA-1	FALSE
cHC-1L	CTGGTAACGAGCTCTT-1	FALSE
cHC-1L	CTGGTCATTCCAATCC-1	TRUE
cHC-1L	CTGGTCCTAACTTGGC-1	FALSE
cHC-1L	CTGGTGAATGGGCCTA-1	FALSE
cHC-1L	CTGGTTCAACGCATCA-1	FALSE
cHC-1L	CTGGTTCGCGAGCTAC-1	FALSE
cHC-1L	CTGGTTTCGAGCAAGA-1	FALSE
cHC-1L	CTGTACTTCTTAGCAT-1	FALSE
cHC-1L	CTGTAGCCATCTCACT-1	FALSE
cHC-1L	CTGTAGTGAGGATCGA-1	FALSE
cHC-1L	CTGTATGGTGTAGAAA-1	FALSE
cHC-1L	CTGTCAAATGGCTCGG-1	FALSE
cHC-1L	CTGTCACGCCAGGCGC-1	FALSE
cHC-1L	CTGTCCTGCGCACTAC-1	FALSE
cHC-1L	CTGTCTGTGGCTGGCT-1	FALSE
cHC-1L	CTGTGCAGGGTAGGTC-1	FALSE
cHC-1L	CTGTGGTCGGGAGATA-1	FALSE
cHC-1L	CTGTTACCCAATCTAG-1	FALSE
cHC-1L	CTGTTCACTGCCTGTG-1	FALSE
cHC-1L	CTGTTCATCTCACGGG-1	FALSE
cHC-1L	CTGTTGGCTCTTCTGA-1	FALSE
cHC-1L	CTGTTGTTCAGTCGTA-1	FALSE
cHC-1L	CTTAAATAAGACCCAT-1	FALSE
cHC-1L	CTTAACTTACAGTATA-1	FALSE
cHC-1L	CTTAACTTCGAAGTAC-1	FALSE
cHC-1L	CTTAAGCAGCGAGCCG-1	FALSE
cHC-1L	CTTAATCGACTTAGTA-1	FALSE
cHC-1L	CTTACACGGTATTCCA-1	FALSE
cHC-1L	CTTACACTGGGAAATA-1	FALSE
cHC-1L	CTTACATAGATTTCTT-1	FALSE
cHC-1L	CTTACTGACTCCTCTG-1	FALSE
cHC-1L	CTTAGATGTTTCATCC-1	FALSE
cHC-1L	CTTAGCCCGGATAGTG-1	FALSE
cHC-1L	CTTAGCCTTCCACATG-1	FALSE
cHC-1L	CTTAGGTATAGACCAG-1	FALSE
cHC-1L	CTTAGGTCCCAATCGT-1	FALSE
cHC-1L	CTTAGTAGGCCTACAG-1	FALSE
cHC-1L	CTTAGTGTAGTAGCAT-1	FALSE
cHC-1L	CTTAGTTGAGGAATCG-1	FALSE
cHC-1L	CTTATAGATGGCTGTT-1	FALSE
cHC-1L	CTTATGCGCTCAGGGC-1	FALSE
cHC-1L	CTTATGTTGACTACCA-1	FALSE
cHC-1L	CTTCAACTCCACTTGG-1	FALSE
cHC-1L	CTTCACGCCCTGGTAC-1	FALSE
cHC-1L	CTTCAGTGGTCGCCTA-1	FALSE
cHC-1L	CTTCAGTTGGACAACG-1	TRUE
cHC-1L	CTTCATAGCTCAAGAA-1	FALSE
cHC-1L	CTTCATTGTCAGTGGA-1	FALSE
cHC-1L	CTTCCGCTCCGTGAAG-1	FALSE
cHC-1L	CTTCGATTGCGCAAGC-1	FALSE
cHC-1L	CTTCGGCCAATTGTTT-1	FALSE
cHC-1L	CTTCGTAGATAGGTGA-1	FALSE
cHC-1L	CTTCTATGTTGAAGTA-1	FALSE
cHC-1L	CTTCTATTAATGCTAG-1	FALSE
cHC-1L	CTTCTGGGCGTACCTA-1	FALSE
cHC-1L	CTTCTTACGTCGTATA-1	FALSE
cHC-1L	CTTGACCCGAAAGATA-1	FALSE
cHC-1L	CTTGAGGTTATCCCGA-1	FALSE
cHC-1L	CTTGAGTTAGGGTAAT-1	FALSE
cHC-1L	CTTGATGACCATCCAG-1	FALSE
cHC-1L	CTTGCAACCGCCTCCT-1	FALSE
cHC-1L	CTTGCCCACCCACGCA-1	FALSE
cHC-1L	CTTGCCCAGGCTCTAC-1	FALSE
cHC-1L	CTTGGCCAAGCTGGGA-1	FALSE
cHC-1L	CTTGTACTTGTTGACT-1	FALSE
cHC-1L	CTTGTCAACATTCGAG-1	FALSE
cHC-1L	CTTGTCGTACGTGTCA-1	FALSE
cHC-1L	CTTGTGAGGACAGCGG-1	FALSE
cHC-1L	CTTGTGAGTCTTTGAC-1	FALSE
cHC-1L	CTTGTTGCTGAGTCAA-1	FALSE
cHC-1L	CTTGTTTATGTAGCCA-1	FALSE
cHC-1L	CTTTAACTTTCAAAGG-1	FALSE
cHC-1L	CTTTAATATTGGTCGA-1	FALSE
cHC-1L	CTTTACCGAATAGTAG-1	FALSE
cHC-1L	CTTTAGGAACACTGTT-1	FALSE
cHC-1L	CTTTAGTGCTATTATT-1	FALSE
cHC-1L	CTTTCTGTGCGGGCTT-1	FALSE
cHC-1L	CTTTGACGTCGCTTCT-1	FALSE
cHC-1L	CTTTGCATCGCTCTTG-1	FALSE
cHC-1L	CTTTGCTGTCATGGAT-1	FALSE
cHC-1L	CTTTGGCGCTTTATAC-1	FALSE
cHC-1L	CTTTGGCTTTAGTAAA-1	FALSE
cHC-1L	CTTTGGGATTGTTGCA-1	FALSE
cHC-1L	CTTTGTCGAATGCTCC-1	FALSE
cHC-1L	GAAACAGATGACCACC-1	FALSE
cHC-1L	GAAACAGCCATGCAGT-1	FALSE
cHC-1L	GAAACATAGGAAACAG-1	FALSE
cHC-1L	GAAACCATGGTGCGCT-1	FALSE
cHC-1L	GAAACCGAATTACCTT-1	TRUE
cHC-1L	GAAACCTATACAAATG-1	FALSE
cHC-1L	GAAACTCGTGCGATGC-1	TRUE
cHC-1L	GAAACTCTAATGAAGG-1	FALSE
cHC-1L	GAAAGAACAGCGTTAT-1	FALSE
cHC-1L	GAAAGCAGTGCACTTT-1	FALSE
cHC-1L	GAAAGCCCTTTGGACC-1	FALSE
cHC-1L	GAAAGTGACTAACTGC-1	FALSE
cHC-1L	GAAATACCTGCTGGCT-1	FALSE
cHC-1L	GAAATACTAAACGTTT-1	FALSE
cHC-1L	GAAATATCACCATCAG-1	FALSE
cHC-1L	GAAATATGCTTGAATG-1	FALSE
cHC-1L	GAAATCGCGCGCAACT-1	FALSE
cHC-1L	GAAATCTGACCAAGTT-1	FALSE
cHC-1L	GAAATGGCGGTGTTAG-1	FALSE
cHC-1L	GAAATGGGATGTAAAC-1	FALSE
cHC-1L	GAAATTAGCACGGATA-1	FALSE
cHC-1L	GAAATTCACATCGCTG-1	FALSE
cHC-1L	GAAATTGTCTCTATAA-1	FALSE
cHC-1L	GAACAACTGGGATGAA-1	FALSE
cHC-1L	GAACACACATCAACCA-1	FALSE
cHC-1L	GAACAGATTACTAAAT-1	FALSE
cHC-1L	GAACATTAGTATGTTA-1	FALSE
cHC-1L	GAACCCTCTGTGTTCT-1	FALSE
cHC-1L	GAACCTCGACCTACAC-1	FALSE
cHC-1L	GAACCTTTAACGATCC-1	FALSE
cHC-1L	GAACGACCGAATGATA-1	FALSE
cHC-1L	GAACGATAAGTTAAAG-1	FALSE
cHC-1L	GAACGCGGGTCACACG-1	FALSE
cHC-1L	GAACGTCTCATGGTCG-1	FALSE
cHC-1L	GAACGTTAGGAAGACG-1	FALSE
cHC-1L	GAACTGTGGAGAGACA-1	FALSE
cHC-1L	GAACTTGTGCACGGGA-1	FALSE
cHC-1L	GAAGAAACGATATTGT-1	FALSE
cHC-1L	GAAGAACGGTGCAGGT-1	FALSE
cHC-1L	GAAGCCACTGATTATG-1	FALSE
cHC-1L	GAAGCCGGGTAAGCTC-1	FALSE
cHC-1L	GAAGCCTGCACATTCC-1	FALSE
cHC-1L	GAAGCGTGAGGAATTT-1	FALSE
cHC-1L	GAAGCTCGGACCCGTC-1	FALSE
cHC-1L	GAAGCTCTTTGCTTAG-1	FALSE
cHC-1L	GAAGCTTGCTGACCGC-1	FALSE
cHC-1L	GAAGGACTAAATTGAA-1	FALSE
cHC-1L	GAAGGAGTCGAGTGCG-1	FALSE
cHC-1L	GAAGGCTACCATTGTT-1	FALSE
cHC-1L	GAAGGGCATAACCATG-1	FALSE
cHC-1L	GAAGGGTCATTAAGAC-1	FALSE
cHC-1L	GAAGTCAGTTGCACTA-1	FALSE
cHC-1L	GAAGTCTCCCTAGCGA-1	FALSE
cHC-1L	GAAGTGATTTATCGTG-1	FALSE
cHC-1L	GAAGTGCTGGATAGCT-1	FALSE
cHC-1L	GAAGTTTCCACTCAAT-1	FALSE
cHC-1L	GAATAGACGCGACCCA-1	FALSE
cHC-1L	GAATAGCATTTAGGGT-1	FALSE
cHC-1L	GAATAGCCCTGCGGTC-1	FALSE
cHC-1L	GAATAGTGCTCGATTA-1	FALSE
cHC-1L	GAATCGACATGGTCAC-1	FALSE
cHC-1L	GAATCGCCGGACACGG-1	FALSE
cHC-1L	GAATCTGAACATTCTC-1	FALSE
cHC-1L	GAATGAAGGTCTTCAG-1	FALSE
cHC-1L	GAATGCCGAAATGACC-1	FALSE
cHC-1L	GAATGCGAATCGGTTC-1	FALSE
cHC-1L	GAATGGGCTTATCGAC-1	FALSE
cHC-1L	GAATGTATGGCAGGTC-1	FALSE
cHC-1L	GAATGTGGTCCGGATT-1	FALSE
cHC-1L	GAATGTTGGGTAATCT-1	FALSE
cHC-1L	GAATTATAGTGAAAGG-1	FALSE
cHC-1L	GAATTCACCCGGGTGT-1	TRUE
cHC-1L	GAATTTCTCGCTGCAG-1	FALSE
cHC-1L	GACAAACATATGCAGG-1	FALSE
cHC-1L	GACAACGACCATTGAA-1	FALSE
cHC-1L	GACAACGCAGCTTACG-1	FALSE
cHC-1L	GACAAGACGCCCGTGC-1	FALSE
cHC-1L	GACAAGAGATGAGATT-1	FALSE
cHC-1L	GACACAAGGGAAGAAA-1	FALSE
cHC-1L	GACACAGCCGGGACTG-1	FALSE
cHC-1L	GACACCCAAAGACGCG-1	FALSE
cHC-1L	GACACGAGTTAGAGGA-1	FALSE
cHC-1L	GACACTGAGTTCAGTG-1	FALSE
cHC-1L	GACACTGGAACCCGAT-1	FALSE
cHC-1L	GACACTTCCAATTACC-1	FALSE
cHC-1L	GACAGATTTCTGGCTC-1	FALSE
cHC-1L	GACAGCCAGACCTGAC-1	FALSE
cHC-1L	GACAGGCACACACTAT-1	FALSE
cHC-1L	GACATACTGTCGCAGA-1	TRUE
cHC-1L	GACATCCGTCGAACTG-1	FALSE
cHC-1L	GACATCGATTTATAAC-1	FALSE
cHC-1L	GACATTTCGCCCAGCC-1	FALSE
cHC-1L	GACCAAACGTTGACTG-1	FALSE
cHC-1L	GACCACACTTCCCTTT-1	FALSE
cHC-1L	GACCAGAGCCCTGTAG-1	FALSE
cHC-1L	GACCCAATTATGATAC-1	FALSE
cHC-1L	GACCCGTCGCCGGCTA-1	FALSE
cHC-1L	GACCGACCGCTAATAT-1	TRUE
cHC-1L	GACCGACGTGAAAGCA-1	FALSE
cHC-1L	GACCGACTGAAGCGTC-1	FALSE
cHC-1L	GACCGATTAAATATGT-1	FALSE
cHC-1L	GACCGCGTCTGACGTG-1	FALSE
cHC-1L	GACCGGTGATACTCTC-1	FALSE
cHC-1L	GACCGTGCTGACGGTG-1	FALSE
cHC-1L	GACCGTTACATGCGAC-1	FALSE
cHC-1L	GACCTGGTCTGGGCGT-1	FALSE
cHC-1L	GACCTTCCACGTCTAC-1	TRUE
cHC-1L	GACGACGATCCGCGTT-1	FALSE
cHC-1L	GACGACTTTCCAAGAA-1	FALSE
cHC-1L	GACGAGGCTAATAAAC-1	FALSE
cHC-1L	GACGATATCACTGGGT-1	FALSE
cHC-1L	GACGCATACCCGTCGG-1	FALSE
cHC-1L	GACGCCGTAAAGGCTA-1	FALSE
cHC-1L	GACGCCTGTTGCAGGG-1	FALSE
cHC-1L	GACGCTTGCTTCTAAA-1	FALSE
cHC-1L	GACGGACCGCGTTCCT-1	FALSE
cHC-1L	GACGGGCATCGAATTT-1	FALSE
cHC-1L	GACGGGTTGGCCCGTA-1	FALSE
cHC-1L	GACGGTCAATAGAAGC-1	FALSE
cHC-1L	GACGGTCCTAGGGTGT-1	FALSE
cHC-1L	GACGTGAGACTCCATG-1	FALSE
cHC-1L	GACGTGTAGGGATTAT-1	FALSE
cHC-1L	GACGTTCGTAAATACA-1	FALSE
cHC-1L	GACGTTGCTCGGCGGC-1	FALSE
cHC-1L	GACTAACACAGCACCT-1	FALSE
cHC-1L	GACTAAGATCATGCAC-1	FALSE
cHC-1L	GACTAAGTAGGCTCAC-1	FALSE
cHC-1L	GACTACAAAGCGGTGG-1	FALSE
cHC-1L	GACTACAATTGCTCGT-1	FALSE
cHC-1L	GACTAGGCCGTTAGGT-1	FALSE
cHC-1L	GACTCACCCACGTGAG-1	FALSE
cHC-1L	GACTCCCAGAATAAGG-1	FALSE
cHC-1L	GACTCCTTCCAATTGA-1	FALSE
cHC-1L	GACTCGCGGGAATGAC-1	FALSE
cHC-1L	GACTCGGTCGGCGGAT-1	FALSE
cHC-1L	GACTCTAGAGTTCCAA-1	FALSE
cHC-1L	GACTGATTGGTCACAA-1	FALSE
cHC-1L	GACTGCAAATCGAGCT-1	FALSE
cHC-1L	GACTGCACCAGCCCAG-1	FALSE
cHC-1L	GACTGCGGCACGTGTA-1	FALSE
cHC-1L	GACTGCTGGTGAGAAA-1	FALSE
cHC-1L	GACTGGGCGCCGCAAC-1	FALSE
cHC-1L	GACTTCAACGCATCAA-1	TRUE
cHC-1L	GAGAAACTGGATCCCA-1	FALSE
cHC-1L	GAGAACGGTTCTGACT-1	FALSE
cHC-1L	GAGAATCTCACGATCA-1	FALSE
cHC-1L	GAGACCCTGCAACGCC-1	FALSE
cHC-1L	GAGACTGATGGGTAGA-1	TRUE
cHC-1L	GAGACTTCGCGACCGA-1	FALSE
cHC-1L	GAGAGCGCAGTCCCTG-1	FALSE
cHC-1L	GAGAGGCCTATGTGTA-1	FALSE
cHC-1L	GAGAGGGCGCGAGGTT-1	FALSE
cHC-1L	GAGAGGTGCATTCTGG-1	FALSE
cHC-1L	GAGAGTCTCGGGAGAG-1	FALSE
cHC-1L	GAGATCGATCTTACTC-1	FALSE
cHC-1L	GAGATCTGCTTGGCAT-1	FALSE
cHC-1L	GAGATCTGTCACTCCG-1	FALSE
cHC-1L	GAGATCTTCCATGACA-1	FALSE
cHC-1L	GAGATGACAATCCTTA-1	FALSE
cHC-1L	GAGATGGCTTTAATCA-1	FALSE
cHC-1L	GAGATGGGAGTCGACA-1	FALSE
cHC-1L	GAGCACCTGTGTCCAG-1	FALSE
cHC-1L	GAGCACGGCGCCTCTT-1	FALSE
cHC-1L	GAGCATCAACAACTTG-1	FALSE
cHC-1L	GAGCATCATCCCTGGG-1	FALSE
cHC-1L	GAGCCACGGTAGTAGG-1	FALSE
cHC-1L	GAGCCAGCTACCTGTG-1	FALSE
cHC-1L	GAGCCGAGCGTTTATT-1	FALSE
cHC-1L	GAGCGAGGGAGTACCG-1	FALSE
cHC-1L	GAGCGCAAATACTCCG-1	FALSE
cHC-1L	GAGCGCGCACGAGTAG-1	FALSE
cHC-1L	GAGCGCTGTTAGGTAA-1	FALSE
cHC-1L	GAGCGGAATGCGGTGT-1	FALSE
cHC-1L	GAGCTAAGGGCATATC-1	FALSE
cHC-1L	GAGCTCAACATGAGCG-1	FALSE
cHC-1L	GAGCTCTCGGACCTAA-1	FALSE
cHC-1L	GAGCTGTCGTCTCGGA-1	FALSE
cHC-1L	GAGGAATATCTCTTTG-1	FALSE
cHC-1L	GAGGAATGGAGAGGTT-1	FALSE
cHC-1L	GAGGAGATCCTCATGC-1	FALSE
cHC-1L	GAGGATAAACAGTGCT-1	FALSE
cHC-1L	GAGGCATTTGCAGCAG-1	FALSE
cHC-1L	GAGGCCCGACTCCGCA-1	FALSE
cHC-1L	GAGGCCTGTTGATACA-1	FALSE
cHC-1L	GAGGCTATCAAAGTCG-1	FALSE
cHC-1L	GAGGGAGTCAGATCGC-1	FALSE
cHC-1L	GAGGGCATCGCGTATC-1	FALSE
cHC-1L	GAGGGCCATAATATTA-1	FALSE
cHC-1L	GAGGGCGCAGCTCTGC-1	FALSE
cHC-1L	GAGGGTAGTAACAAAG-1	FALSE
cHC-1L	GAGGTACATCCATCTT-1	FALSE
cHC-1L	GAGGTACGCGTGTCCC-1	FALSE
cHC-1L	GAGGTCCCAAAGATCT-1	FALSE
cHC-1L	GAGGTCCGTTCGCTGT-1	FALSE
cHC-1L	GAGTAAACCGGAAAGT-1	FALSE
cHC-1L	GAGTAAATTAAGAACC-1	FALSE
cHC-1L	GAGTAAGGCCACGGGA-1	FALSE
cHC-1L	GAGTACGGGTATACAA-1	FALSE
cHC-1L	GAGTAGATACTAGTTG-1	FALSE
cHC-1L	GAGTATACCCTAATCA-1	FALSE
cHC-1L	GAGTATCAAAGTTACA-1	FALSE
cHC-1L	GAGTATGCCCGCCTTG-1	FALSE
cHC-1L	GAGTATGCGCGTGCAT-1	TRUE
cHC-1L	GAGTCAGACCAGAATC-1	FALSE
cHC-1L	GAGTCCGCTTACCGGA-1	FALSE
cHC-1L	GAGTCGACAGACCCTC-1	FALSE
cHC-1L	GAGTCTTGTAAAGGAC-1	FALSE
cHC-1L	GAGTGCACGGACAACA-1	FALSE
cHC-1L	GAGTGTCAACCAGAAA-1	FALSE
cHC-1L	GAGTGTGCGGTACCCA-1	FALSE
cHC-1L	GAGTTCTGTGGGTGCT-1	FALSE
cHC-1L	GAGTTGATGGCAATTT-1	FALSE
cHC-1L	GAGTTGTCACCAGTCT-1	FALSE
cHC-1L	GATAAATCGGTGGATG-1	FALSE
cHC-1L	GATAACTCGCACTGTG-1	FALSE
cHC-1L	GATAAGGCAGATGCAA-1	FALSE
cHC-1L	GATACCGTGTCGGAGT-1	FALSE
cHC-1L	GATACGATGGGAGTCA-1	FALSE
cHC-1L	GATAGAACCCGCTAGG-1	FALSE
cHC-1L	GATAGATAGTACAGTC-1	FALSE
cHC-1L	GATAGCGTACCACGCG-1	FALSE
cHC-1L	GATAGGATTAATTACA-1	FALSE
cHC-1L	GATAGGTAACGTTGAC-1	FALSE
cHC-1L	GATAGGTGTCCCGGGC-1	FALSE
cHC-1L	GATAGTGCGAGTAAGT-1	FALSE
cHC-1L	GATATCAAGCAGGAGC-1	FALSE
cHC-1L	GATATCAGTATGTATC-1	TRUE
cHC-1L	GATATCTCATGCAATA-1	FALSE
cHC-1L	GATATGAGACACTAAC-1	FALSE
cHC-1L	GATATGGATTACGCGG-1	TRUE
cHC-1L	GATATTGAGATTGGCG-1	FALSE
cHC-1L	GATATTTCCTACATGG-1	FALSE
cHC-1L	GATCAACATAAAGGGA-1	FALSE
cHC-1L	GATCATTCCAAACATT-1	FALSE
cHC-1L	GATCCCTTTATACTGC-1	FALSE
cHC-1L	GATCCGAATATAAGTG-1	FALSE
cHC-1L	GATCCTAAATCGGGAC-1	FALSE
cHC-1L	GATCCTCGACACTGGC-1	FALSE
cHC-1L	GATCGACACTATCTGA-1	FALSE
cHC-1L	GATCGCGGGCTCTCCA-1	FALSE
cHC-1L	GATCGCTACCCGATTT-1	FALSE
cHC-1L	GATCGCTATATCTCAG-1	FALSE
cHC-1L	GATCGCTGTGGTGCGT-1	FALSE
cHC-1L	GATCGGATAGAACCAT-1	FALSE
cHC-1L	GATCGGCGATAAGTCG-1	TRUE
cHC-1L	GATCGGTGGCCATAAC-1	FALSE
cHC-1L	GATCTAACCGTATTCA-1	FALSE
cHC-1L	GATCTCGACGCTGTGG-1	FALSE
cHC-1L	GATCTGCTATCTAAGG-1	FALSE
cHC-1L	GATCTTCATTGTCCTC-1	FALSE
cHC-1L	GATCTTGGAGGGCATA-1	FALSE
cHC-1L	GATCTTTGCAGGGTAT-1	TRUE
cHC-1L	GATCTTTGCTCAAAGA-1	FALSE
cHC-1L	GATGACAAGTAGGGCA-1	FALSE
cHC-1L	GATGACGATGATCGCG-1	FALSE
cHC-1L	GATGAGGAACCTTCGG-1	FALSE
cHC-1L	GATGCCAGCAGAAGGC-1	FALSE
cHC-1L	GATGCCTTCTGCGGCA-1	FALSE
cHC-1L	GATGCGAATGGTATTA-1	FALSE
cHC-1L	GATGCGTCCTGCATTC-1	FALSE
cHC-1L	GATGCTACAAGCGCCT-1	FALSE
cHC-1L	GATGCTACCTTCGATG-1	FALSE
cHC-1L	GATGCTGTATTTCATC-1	FALSE
cHC-1L	GATGGCGCACACATTA-1	FALSE
cHC-1L	GATGGTGCCCTAGGCA-1	FALSE
cHC-1L	GATGTAACGAACCACC-1	FALSE
cHC-1L	GATGTCCGGATCACAT-1	FALSE
cHC-1L	GATGTCGGTCAACTGC-1	FALSE
cHC-1L	GATGTTCAATCCACGA-1	TRUE
cHC-1L	GATGTTTGTGCGAGAT-1	FALSE
cHC-1L	GATTAACCGAAAGCCC-1	FALSE
cHC-1L	GATTAATCCTGGCTCA-1	FALSE
cHC-1L	GATTACTGAATTTGGG-1	FALSE
cHC-1L	GATTAGAAACAAGCGT-1	FALSE
cHC-1L	GATTCCCTTGTCGCAG-1	FALSE
cHC-1L	GATTCCGCGTTTCCGT-1	FALSE
cHC-1L	GATTCCTATACGGCGC-1	FALSE
cHC-1L	GATTCGACGGTTCACG-1	FALSE
cHC-1L	GATTCTGTTAATGAGT-1	FALSE
cHC-1L	GATTGACACTCTGCTC-1	FALSE
cHC-1L	GATTGCTCCAGTTGCA-1	FALSE
cHC-1L	GATTGGGAAAGGTTGT-1	TRUE
cHC-1L	GATTTAGTGCGTACTG-1	FALSE
cHC-1L	GATTTGCGCTAACACC-1	FALSE
cHC-1L	GCAAACCCTACATTAT-1	FALSE
cHC-1L	GCAAACCTTGGCCATA-1	FALSE
cHC-1L	GCAAACGTAAGCGACC-1	FALSE
cHC-1L	GCAAACGTCGCCAGGT-1	FALSE
cHC-1L	GCAAAGGGCGTTAGCC-1	FALSE
cHC-1L	GCAAATATTACGCTTT-1	FALSE
cHC-1L	GCAAATGAGGACACTT-1	FALSE
cHC-1L	GCAACACACTAGAACT-1	FALSE
cHC-1L	GCAACAGCAGTATGCG-1	FALSE
cHC-1L	GCAACCACCAGACCGG-1	FALSE
cHC-1L	GCAACCACGGCCGCGT-1	FALSE
cHC-1L	GCAACCCAAGTTGTTT-1	FALSE
cHC-1L	GCAAGAATTCCTTGGC-1	FALSE
cHC-1L	GCAAGATGTGTTCGCG-1	FALSE
cHC-1L	GCAAGCTGGAAACCGC-1	FALSE
cHC-1L	GCAAGTGCACAGAGAA-1	FALSE
cHC-1L	GCAAGTGTAAAGCATG-1	FALSE
cHC-1L	GCAATTAGTCGCACCG-1	FALSE
cHC-1L	GCACAAACCCTAGATG-1	FALSE
cHC-1L	GCACAAACGAGGCGTG-1	FALSE
cHC-1L	GCACAACCTCGGGCGT-1	FALSE
cHC-1L	GCACAAGTGGATCATA-1	FALSE
cHC-1L	GCACAAGTGTCGGAAG-1	FALSE
cHC-1L	GCACACACTGGTAGCC-1	FALSE
cHC-1L	GCACACAGCTATTACC-1	FALSE
cHC-1L	GCACACGCCCATGGTC-1	FALSE
cHC-1L	GCACAGCACGGGCCGA-1	FALSE
cHC-1L	GCACCTAGGCGAGTCC-1	FALSE
cHC-1L	GCACCTTCCCGAAGGT-1	FALSE
cHC-1L	GCACGCCGATTCCCGC-1	FALSE
cHC-1L	GCACGCCTACTTAGAT-1	FALSE
cHC-1L	GCACGTGGTTTACTTA-1	FALSE
cHC-1L	GCACTAGTCGCGCTAT-1	FALSE
cHC-1L	GCACTGCCTACCTTTA-1	FALSE
cHC-1L	GCACTGTGCAAATGTA-1	FALSE
cHC-1L	GCAGAAACGTAATCCA-1	FALSE
cHC-1L	GCAGAAGGTAATCTCC-1	FALSE
cHC-1L	GCAGACCCAGCACGTA-1	FALSE
cHC-1L	GCAGATCCATAAGACT-1	FALSE
cHC-1L	GCAGATCCTCGCAAAT-1	TRUE
cHC-1L	GCAGATTAGGGATATC-1	FALSE
cHC-1L	GCAGCACACAGCCCAG-1	FALSE
cHC-1L	GCAGCCTATATCACAT-1	FALSE
cHC-1L	GCAGCGGTGGGCATTA-1	FALSE
cHC-1L	GCAGCTATGGACAGGT-1	FALSE
cHC-1L	GCAGCTGTCAACGCAT-1	TRUE
cHC-1L	GCAGGAACTTAGATCT-1	FALSE
cHC-1L	GCAGGACTATAGAATA-1	TRUE
cHC-1L	GCAGGTAGAGTATGGT-1	FALSE
cHC-1L	GCAGTGCGGGCGGATG-1	FALSE
cHC-1L	GCAGTGTGGCTATAGG-1	FALSE
cHC-1L	GCAGTTCGATCCGAGC-1	FALSE
cHC-1L	GCATAAATTGAACGCC-1	FALSE
cHC-1L	GCATACGAGGTCTTTA-1	FALSE
cHC-1L	GCATAGAGCACTCAGG-1	FALSE
cHC-1L	GCATCCCTAACTTTGA-1	FALSE
cHC-1L	GCATCGGCCGTGTAGG-1	FALSE
cHC-1L	GCATGACACAAAGGAA-1	FALSE
cHC-1L	GCATGAGGGACGCGGC-1	FALSE
cHC-1L	GCATGCTAATAACGAT-1	FALSE
cHC-1L	GCATGGGTACTGACGC-1	FALSE
cHC-1L	GCATTCAAGGCAACGC-1	FALSE
cHC-1L	GCATTCGAAATGAACA-1	TRUE
cHC-1L	GCATTGACTTGCGGAA-1	FALSE
cHC-1L	GCATTGTAATTCATAT-1	FALSE
cHC-1L	GCATTTCCAAGGCTCC-1	FALSE
cHC-1L	GCCAACCATTTCCGGA-1	FALSE
cHC-1L	GCCAAGAATACTTCTG-1	FALSE
cHC-1L	GCCAATAGGGCATCTC-1	FALSE
cHC-1L	GCCACAATTTAAGGAC-1	FALSE
cHC-1L	GCCACCCATTCCACTT-1	FALSE
cHC-1L	GCCACTCAGAGCGCGA-1	FALSE
cHC-1L	GCCACTCCTTACGGTA-1	FALSE
cHC-1L	GCCAGGAAAGAACACT-1	FALSE
cHC-1L	GCCAGGAGTAACCGAT-1	FALSE
cHC-1L	GCCAGGCGTTCGCATG-1	FALSE
cHC-1L	GCCAGGCTTAGTGGTA-1	FALSE
cHC-1L	GCCATATTGCACACAG-1	FALSE
cHC-1L	GCCATCGAGCTGCGTG-1	FALSE
cHC-1L	GCCATCGATGCTGCAT-1	FALSE
cHC-1L	GCCATTAGCCTCAAAC-1	FALSE
cHC-1L	GCCCACCAAGGCTGTC-1	FALSE
cHC-1L	GCCCAGATGCTGGAGA-1	FALSE
cHC-1L	GCCCAGTTGGTATGCC-1	FALSE
cHC-1L	GCCCGACTTCTTCCCG-1	FALSE
cHC-1L	GCCCGAGAGTCTAAAT-1	FALSE
cHC-1L	GCCCGATCTGTGGTCG-1	FALSE
cHC-1L	GCCCGATGCCCAGTTC-1	FALSE
cHC-1L	GCCCGCGCGTAAACGG-1	FALSE
cHC-1L	GCCCGCGCGTTTGACA-1	FALSE
cHC-1L	GCCCGTAATACCTTCT-1	FALSE
cHC-1L	GCCCGTCAAGCCCAAT-1	FALSE
cHC-1L	GCCCTAAGTGCAGGAT-1	FALSE
cHC-1L	GCCCTAGCCGTCGCGA-1	FALSE
cHC-1L	GCCCTGAGGATGGGCT-1	FALSE
cHC-1L	GCCGAAATTCCTACGT-1	FALSE
cHC-1L	GCCGACCCACGACTGC-1	FALSE
cHC-1L	GCCGATTGGCCAAGCT-1	FALSE
cHC-1L	GCCGCACTCCGTTTCA-1	FALSE
cHC-1L	GCCGCATTAGTCCGGC-1	FALSE
cHC-1L	GCCGCTTGTGAGAAAC-1	FALSE
cHC-1L	GCCGGGTTAGGGTCGC-1	FALSE
cHC-1L	GCCGGTCGTATCTCTC-1	FALSE
cHC-1L	GCCGGTTTGGGCGGAT-1	FALSE
cHC-1L	GCCGTCGGTTTCGGGC-1	FALSE
cHC-1L	GCCGTGGAAGAAATGT-1	FALSE
cHC-1L	GCCTACGTTCTGTGCA-1	FALSE
cHC-1L	GCCTAGCGATCTGACC-1	FALSE
cHC-1L	GCCTATAGTGTCAGGG-1	FALSE
cHC-1L	GCCTATCAGGTAAGAT-1	FALSE
cHC-1L	GCCTATGCTGGGCCTT-1	FALSE
cHC-1L	GCCTATTCCGATATAG-1	FALSE
cHC-1L	GCCTATTTGCTACACA-1	FALSE
cHC-1L	GCCTCAGGTACCGGTC-1	FALSE
cHC-1L	GCCTCATCTGGAAATA-1	FALSE
cHC-1L	GCCTCCGACAATTCAC-1	FALSE
cHC-1L	GCCTCTATACATAGCA-1	FALSE
cHC-1L	GCCTGCTACACTGAGA-1	FALSE
cHC-1L	GCCTGTCCCGGTGCAT-1	FALSE
cHC-1L	GCCTTCAGCCCTACCG-1	FALSE
cHC-1L	GCCTTGTATATGCAGT-1	TRUE
cHC-1L	GCCTTTGTCAGTGGAC-1	FALSE
cHC-1L	GCGAAACGATCGGGAG-1	FALSE
cHC-1L	GCGAAACTTAACTGGA-1	FALSE
cHC-1L	GCGAAGAATCTGACGG-1	FALSE
cHC-1L	GCGAAGCCATACCCGT-1	FALSE
cHC-1L	GCGAATGGACTAGCGA-1	FALSE
cHC-1L	GCGACATGTAAACATC-1	FALSE
cHC-1L	GCGACCCAACCATCTG-1	FALSE
cHC-1L	GCGACGATAGTTGTAC-1	TRUE
cHC-1L	GCGACGGTAGTCTCCT-1	FALSE
cHC-1L	GCGAGAAACGGGAGTT-1	FALSE
cHC-1L	GCGAGAGGCCATGTAA-1	FALSE
cHC-1L	GCGAGAGTTGCGTCCA-1	FALSE
cHC-1L	GCGAGCGCATGCTCCC-1	FALSE
cHC-1L	GCGAGGCCCGAGCAGA-1	FALSE
cHC-1L	GCGAGTTCTGCAAAGA-1	FALSE
cHC-1L	GCGATGTCTGTGCTTG-1	FALSE
cHC-1L	GCGATTCTGGAAGCAG-1	FALSE
cHC-1L	GCGATTGTTAACGTTA-1	FALSE
cHC-1L	GCGCAAATATATTCAA-1	FALSE
cHC-1L	GCGCAAGAGCGCGCTG-1	FALSE
cHC-1L	GCGCATCCAGTCAGCA-1	FALSE
cHC-1L	GCGCCGTTCCACGATA-1	FALSE
cHC-1L	GCGCCTCCCACTCCGA-1	FALSE
cHC-1L	GCGCGGTCTAGTAACT-1	FALSE
cHC-1L	GCGCGTCATTGGTACA-1	FALSE
cHC-1L	GCGCGTTTAAATCGTA-1	TRUE
cHC-1L	GCGCTAATTGAATAGA-1	FALSE
cHC-1L	GCGCTATGCCGAGGCA-1	TRUE
cHC-1L	GCGCTCGATCACCTGT-1	FALSE
cHC-1L	GCGCTGCTTTGCATTT-1	FALSE
cHC-1L	GCGCTGGCGGAAAGTC-1	FALSE
cHC-1L	GCGCTTAAATAATTGG-1	FALSE
cHC-1L	GCGGACCGCGTTGTGG-1	FALSE
cHC-1L	GCGGAGAAACTTCGCA-1	FALSE
cHC-1L	GCGGAGAGGGAGAACG-1	FALSE
cHC-1L	GCGGATTACTTGTTCT-1	FALSE
cHC-1L	GCGGCAAAGTATTGCC-1	FALSE
cHC-1L	GCGGCTCTGACGTACC-1	FALSE
cHC-1L	GCGGCTTTAGCAAGTT-1	FALSE
cHC-1L	GCGGGAACCAGGCCCT-1	FALSE
cHC-1L	GCGGGCAGACGGGTGA-1	FALSE
cHC-1L	GCGGGCATTACGATGC-1	FALSE
cHC-1L	GCGGGCGAGCCTTACC-1	FALSE
cHC-1L	GCGGTAACCCAAATGA-1	FALSE
cHC-1L	GCGGTCCCGGTGAAGG-1	FALSE
cHC-1L	GCGGTCCCTAGACGCA-1	FALSE
cHC-1L	GCGGTCTTGCTTTCAC-1	TRUE
cHC-1L	GCGGTGAACTGCGCTC-1	FALSE
cHC-1L	GCGGTGCGGAGCATCG-1	FALSE
cHC-1L	GCGGTTCCCTATCATG-1	FALSE
cHC-1L	GCGTAAATGGCCATAA-1	FALSE
cHC-1L	GCGTCCAGCTCGTGGC-1	FALSE
cHC-1L	GCGTCCCTAAGACATA-1	FALSE
cHC-1L	GCGTCGAAATGTCGGT-1	FALSE
cHC-1L	GCGTCGCCAGGGTGAT-1	FALSE
cHC-1L	GCGTCGTAACATGGTC-1	FALSE
cHC-1L	GCGTCTAACCTCCTAA-1	FALSE
cHC-1L	GCGTCTCTGCATTGGG-1	FALSE
cHC-1L	GCGTGGTACTGGGTTA-1	FALSE
cHC-1L	GCGTTATATTTGGAAC-1	FALSE
cHC-1L	GCGTTCGGAGACCGGG-1	FALSE
cHC-1L	GCGTTCTGACTAAGCG-1	FALSE
cHC-1L	GCTAAACCTGAGGTGA-1	FALSE
cHC-1L	GCTAACTGAAGTCTGA-1	FALSE
cHC-1L	GCTAAGCCCAGTATGC-1	FALSE
cHC-1L	GCTAAGTAAAGGCGAT-1	FALSE
cHC-1L	GCTAAGTAGTTTCTCT-1	FALSE
cHC-1L	GCTAATACCGAATGCC-1	FALSE
cHC-1L	GCTACAATCGAGGATA-1	FALSE
cHC-1L	GCTACAGTACGGACCG-1	FALSE
cHC-1L	GCTACGACTTATTGGG-1	FALSE
cHC-1L	GCTACTATAGTAGAGT-1	FALSE
cHC-1L	GCTACTCGGACGCAGA-1	FALSE
cHC-1L	GCTAGACCGTCTACTG-1	FALSE
cHC-1L	GCTAGAGTAGAGATGT-1	FALSE
cHC-1L	GCTAGCACCTGGGCCA-1	FALSE
cHC-1L	GCTAGCAGGGAGTGGG-1	FALSE
cHC-1L	GCTAGCGATAGGTCTT-1	FALSE
cHC-1L	GCTAGCTTGAATAGCT-1	FALSE
cHC-1L	GCTAGGCACCACGGAG-1	FALSE
cHC-1L	GCTAGTAGAGCTTGTA-1	FALSE
cHC-1L	GCTAGTTTCATTGAGG-1	FALSE
cHC-1L	GCTATAAGGGCCAGGA-1	FALSE
cHC-1L	GCTATACGTCTCGGAC-1	FALSE
cHC-1L	GCTATCATACTCATGG-1	FALSE
cHC-1L	GCTATCGCGGCGCAAC-1	FALSE
cHC-1L	GCTATGCCAGCTTATG-1	FALSE
cHC-1L	GCTCAACCTCTTAGAG-1	FALSE
cHC-1L	GCTCAATCCGTTTATT-1	FALSE
cHC-1L	GCTCAATGTAATACCG-1	FALSE
cHC-1L	GCTCATTACTGCATGT-1	FALSE
cHC-1L	GCTCATTGATCATATC-1	FALSE
cHC-1L	GCTCCATGAGTGCAGA-1	FALSE
cHC-1L	GCTCCATGCAAAGCAA-1	FALSE
cHC-1L	GCTCCCAGTCGGTCCA-1	FALSE
cHC-1L	GCTCCTGACATACTGG-1	FALSE
cHC-1L	GCTCGCGGTTCCGCTC-1	FALSE
cHC-1L	GCTCGCTCATGTCCAA-1	FALSE
cHC-1L	GCTCGGAATTTAAAGC-1	FALSE
cHC-1L	GCTCTAAACCCTGACG-1	FALSE
cHC-1L	GCTCTATGTTACGTGC-1	FALSE
cHC-1L	GCTCTCGGGTACCGAA-1	FALSE
cHC-1L	GCTCTTTCCGCTAGTG-1	FALSE
cHC-1L	GCTGAACTCTCCAGGG-1	FALSE
cHC-1L	GCTGAAGGGTTCTTGG-1	FALSE
cHC-1L	GCTGAATCTTCCAATC-1	FALSE
cHC-1L	GCTGAGCAACGGTTCT-1	FALSE
cHC-1L	GCTGAGGCGTGAGTAT-1	FALSE
cHC-1L	GCTGCACGGTTTCTTA-1	FALSE
cHC-1L	GCTGCGAAGAATTATT-1	FALSE
cHC-1L	GCTGCGCCTCCCACGT-1	FALSE
cHC-1L	GCTGCTAAGTAGTCGA-1	FALSE
cHC-1L	GCTGCTACTGCGTAGC-1	FALSE
cHC-1L	GCTGCTCTCCGGACAC-1	FALSE
cHC-1L	GCTGGACCCAAAGTGG-1	FALSE
cHC-1L	GCTGGCAGGTGCCGTG-1	FALSE
cHC-1L	GCTGGCATATTCACCT-1	TRUE
cHC-1L	GCTGGCGGCGCATGCT-1	FALSE
cHC-1L	GCTGGGAGCGCGTCAA-1	FALSE
cHC-1L	GCTGGGTCCGCTGTTA-1	FALSE
cHC-1L	GCTGGTGACTCGTAGT-1	FALSE
cHC-1L	GCTGGTTTAGGCCATA-1	FALSE
cHC-1L	GCTGTATTACTGGCCC-1	FALSE
cHC-1L	GCTGTTGCTACCGAAC-1	FALSE
cHC-1L	GCTTAATGTAACTAAC-1	TRUE
cHC-1L	GCTTACGTAGTTAGTA-1	FALSE
cHC-1L	GCTTAGGGAAGCGGTA-1	FALSE
cHC-1L	GCTTATGAAGCAGGAA-1	FALSE
cHC-1L	GCTTCAGTGGGATTAC-1	FALSE
cHC-1L	GCTTCCATGTAACCGC-1	FALSE
cHC-1L	GCTTCCCGTAAGCTCC-1	TRUE
cHC-1L	GCTTCCGTCCCTAGAC-1	FALSE
cHC-1L	GCTTCGACGTTCAATC-1	FALSE
cHC-1L	GCTTGAGTGACCTCTG-1	FALSE
cHC-1L	GCTTGATGATAATCAG-1	FALSE
cHC-1L	GCTTGCAGCACAATTG-1	FALSE
cHC-1L	GCTTGGATCGATTAGG-1	FALSE
cHC-1L	GCTTTACACAACTGGG-1	FALSE
cHC-1L	GCTTTCAGAGGAGGTG-1	FALSE
cHC-1L	GGAAACAGAGCTTGGG-1	FALSE
cHC-1L	GGAAACCTTGTTGAAT-1	FALSE
cHC-1L	GGAAACTAAATGGGCC-1	FALSE
cHC-1L	GGAAAGGGAATTGAGC-1	FALSE
cHC-1L	GGAAAGTCTTGATTGT-1	FALSE
cHC-1L	GGAACCCGAACAAGAA-1	FALSE
cHC-1L	GGAACCGTGTAAATTG-1	FALSE
cHC-1L	GGAACCTTGACTCTGC-1	FALSE
cHC-1L	GGAACGGCCTGCAGCC-1	TRUE
cHC-1L	GGAACTTTGGCGATTA-1	FALSE
cHC-1L	GGAAGATAAGACTGTA-1	FALSE
cHC-1L	GGAAGCTCGCTTACAG-1	FALSE
cHC-1L	GGAAGGACACCGTATA-1	FALSE
cHC-1L	GGAATAACCTCAAGAA-1	FALSE
cHC-1L	GGAATGCGCTAGCGTG-1	FALSE
cHC-1L	GGACAACCATGAAGCC-1	FALSE
cHC-1L	GGACAAGCCATGATCG-1	FALSE
cHC-1L	GGACAAGTTGCAGTGA-1	FALSE
cHC-1L	GGACACAAGTTTACAC-1	FALSE
cHC-1L	GGACACCTCGGTGTTG-1	FALSE
cHC-1L	GGACCAACAGGATAAC-1	FALSE
cHC-1L	GGACCTACGGTAACGT-1	FALSE
cHC-1L	GGACCTCTAGGCCGCC-1	FALSE
cHC-1L	GGACGGCTTGCGCAAC-1	FALSE
cHC-1L	GGACGGGCGACCAACC-1	FALSE
cHC-1L	GGACGTCCATAGTTGG-1	FALSE
cHC-1L	GGACTAAGTCAGGAGT-1	FALSE
cHC-1L	GGACTCACAAATTAGG-1	FALSE
cHC-1L	GGACTCGAAGCTTTCA-1	FALSE
cHC-1L	GGACTCGACAGCGCAT-1	FALSE
cHC-1L	GGACTCGTGAGTGGTC-1	FALSE
cHC-1L	GGACTCTTCCGGTTGA-1	FALSE
cHC-1L	GGACTCTTTGACTAAG-1	TRUE
cHC-1L	GGAGAAGTCATTGGCA-1	FALSE
cHC-1L	GGAGACATTCACGGGC-1	FALSE
cHC-1L	GGAGACCAATGTGCTT-1	FALSE
cHC-1L	GGAGACCATCTACATA-1	FALSE
cHC-1L	GGAGACGACACCTTTG-1	FALSE
cHC-1L	GGAGCAACATTTCAAG-1	FALSE
cHC-1L	GGAGCACCAAGAACTA-1	FALSE
cHC-1L	GGAGCGAGGCCTACTT-1	FALSE
cHC-1L	GGAGGATTGAAAGGAG-1	FALSE
cHC-1L	GGAGGCCGAAGTCGTC-1	FALSE
cHC-1L	GGAGGGCTTGGTTGGC-1	FALSE
cHC-1L	GGAGGGTCAAGTAAGA-1	FALSE
cHC-1L	GGAGTACACATGAGCT-1	FALSE
cHC-1L	GGAGTGCCGCCCTGGA-1	FALSE
cHC-1L	GGAGTTGATTCTGTGT-1	FALSE
cHC-1L	GGATACTCATGAATTG-1	FALSE
cHC-1L	GGATCAAAGGACGAGG-1	FALSE
cHC-1L	GGATCAGAGCCATCAG-1	FALSE
cHC-1L	GGATCATCCCGTACGC-1	FALSE
cHC-1L	GGATCCCTACCAGCTA-1	FALSE
cHC-1L	GGATCCGGAATATACT-1	FALSE
cHC-1L	GGATCTTACTGCCCTT-1	FALSE
cHC-1L	GGATCTTGACTCAACC-1	FALSE
cHC-1L	GGATGAAGATCGCTGA-1	FALSE
cHC-1L	GGATGACGCGAGTTTA-1	FALSE
cHC-1L	GGATGCTGGCGTTCCT-1	FALSE
cHC-1L	GGATGGCTTGAAGTAT-1	FALSE
cHC-1L	GGATGTCCTTACCGCA-1	FALSE
cHC-1L	GGATTAAGCTAAGGTC-1	FALSE
cHC-1L	GGATTAATCATGGACC-1	FALSE
cHC-1L	GGATTCAGTACGGTGG-1	FALSE
cHC-1L	GGATTCCGCTATACCC-1	FALSE
cHC-1L	GGATTGCTGTGACTCC-1	FALSE
cHC-1L	GGATTTCACTTCTATA-1	FALSE
cHC-1L	GGCAAAGGCGCCAATA-1	FALSE
cHC-1L	GGCAAATTACTTTACT-1	FALSE
cHC-1L	GGCAAGCCAGGGATAG-1	FALSE
cHC-1L	GGCAAGCCCATAGTGG-1	FALSE
cHC-1L	GGCAAGGCGAAATAGC-1	FALSE
cHC-1L	GGCAATAGTCAATGAG-1	FALSE
cHC-1L	GGCACGCTGCTACAGT-1	FALSE
cHC-1L	GGCACTCAGCCGACCC-1	FALSE
cHC-1L	GGCACTCCACTGGGCA-1	FALSE
cHC-1L	GGCACTGCGGTGGTTT-1	FALSE
cHC-1L	GGCAGAGAGATCGGGA-1	FALSE
cHC-1L	GGCAGCAAACCTATGC-1	FALSE
cHC-1L	GGCAGCGGTAATCCTA-1	FALSE
cHC-1L	GGCATACAGGTAGCGG-1	FALSE
cHC-1L	GGCATATCGGTTCTGC-1	FALSE
cHC-1L	GGCATCAACGAGCACG-1	FALSE
cHC-1L	GGCATTGAACATCTCA-1	FALSE
cHC-1L	GGCCAATTGTATAGAC-1	FALSE
cHC-1L	GGCCACAAGCGATGGC-1	FALSE
cHC-1L	GGCCACACGAAAGCCT-1	FALSE
cHC-1L	GGCCCAGCTGGTTTGC-1	FALSE
cHC-1L	GGCCCAGTTATCAGCA-1	FALSE
cHC-1L	GGCCCGGAGCATGTCT-1	FALSE
cHC-1L	GGCCCGTATACCATGC-1	FALSE
cHC-1L	GGCCCTCACCCACTTA-1	FALSE
cHC-1L	GGCCGAGACTCTGGTG-1	FALSE
cHC-1L	GGCCGCAGGAACCGCA-1	FALSE
cHC-1L	GGCCGGCGTCTGCTAT-1	FALSE
cHC-1L	GGCCGTTTGGGTTTCA-1	FALSE
cHC-1L	GGCCTGCTCTGATGTT-1	FALSE
cHC-1L	GGCCTGCTTCTCCCGA-1	FALSE
cHC-1L	GGCCTTTGCAACTGGC-1	FALSE
cHC-1L	GGCGAAATCTAACTTG-1	FALSE
cHC-1L	GGCGAACCGTTCTGAT-1	FALSE
cHC-1L	GGCGAGCGAAACGGCA-1	FALSE
cHC-1L	GGCGCAGGACATCTTC-1	FALSE
cHC-1L	GGCGCATGAATTGATG-1	FALSE
cHC-1L	GGCGCGGAGATCTTTC-1	FALSE
cHC-1L	GGCGCGTTCGAGTTTA-1	FALSE
cHC-1L	GGCGCTCCTCATCAAT-1	FALSE
cHC-1L	GGCGCTTCATTCCCTG-1	FALSE
cHC-1L	GGCGGAGTAATATTAG-1	FALSE
cHC-1L	GGCGGGCTCTAAGAGT-1	FALSE
cHC-1L	GGCGGTAGGATCATTG-1	FALSE
cHC-1L	GGCGGTTTGCCGGTGC-1	TRUE
cHC-1L	GGCGTAGGGAAAGCTG-1	FALSE
cHC-1L	GGCGTCCTATCCGCTG-1	TRUE
cHC-1L	GGCTAAAGGGCGGGTC-1	FALSE
cHC-1L	GGCTAATGATTGAAAT-1	FALSE
cHC-1L	GGCTACTATACACTCC-1	FALSE
cHC-1L	GGCTATTAAGTTGTAT-1	FALSE
cHC-1L	GGCTCCTCCACCTGTT-1	FALSE
cHC-1L	GGCTCGCGTTGAGGTA-1	FALSE
cHC-1L	GGCTCGTGCCACCAGC-1	FALSE
cHC-1L	GGCTCTGCTCCAACGC-1	FALSE
cHC-1L	GGCTGAAATAGCAAAG-1	FALSE
cHC-1L	GGCTGAGCATCGTAAG-1	FALSE
cHC-1L	GGCTGGCAGCTTTATG-1	FALSE
cHC-1L	GGCTGGCTAGCTTAAA-1	FALSE
cHC-1L	GGCTGTCCTACTGCGG-1	FALSE
cHC-1L	GGCTTGGCTCTCACCT-1	FALSE
cHC-1L	GGCTTTCAATAAGGGT-1	FALSE
cHC-1L	GGGAAAGAATGCCAAC-1	FALSE
cHC-1L	GGGAACGGGAGGTTAG-1	TRUE
cHC-1L	GGGAACGGTTTCAGAT-1	FALSE
cHC-1L	GGGAAGACGGTCTGTC-1	FALSE
cHC-1L	GGGAAGGGCTTTCTCA-1	FALSE
cHC-1L	GGGAATGAGCCCTCAC-1	FALSE
cHC-1L	GGGAATTCTGTCCAGT-1	FALSE
cHC-1L	GGGACAGAGTTACTCC-1	FALSE
cHC-1L	GGGACCCGTATATCTT-1	FALSE
cHC-1L	GGGACTGCATAGATAG-1	TRUE
cHC-1L	GGGAGAACTCACAGTA-1	FALSE
cHC-1L	GGGAGCGACCGTAGTG-1	FALSE
cHC-1L	GGGAGGATGCCCGAAA-1	FALSE
cHC-1L	GGGAGTAATGGCTGGC-1	TRUE
cHC-1L	GGGAGTTAATGAGGCG-1	FALSE
cHC-1L	GGGATACGGTAATAAT-1	FALSE
cHC-1L	GGGATATTGATCGCCA-1	FALSE
cHC-1L	GGGATCCCAATACAAA-1	FALSE
cHC-1L	GGGATGGACCCGCGTC-1	FALSE
cHC-1L	GGGATGGTCGTAACCG-1	FALSE
cHC-1L	GGGATTATCTCACAAC-1	FALSE
cHC-1L	GGGATTTACCGCACCT-1	FALSE
cHC-1L	GGGCAACCGCACGTGC-1	FALSE
cHC-1L	GGGCACGAATTGGCCG-1	FALSE
cHC-1L	GGGCACGTAGTACTGT-1	FALSE
cHC-1L	GGGCACTATTGACCAT-1	FALSE
cHC-1L	GGGCAGACGTCACTGC-1	FALSE
cHC-1L	GGGCAGAGCAATCGTT-1	FALSE
cHC-1L	GGGCAGGATTTCTGTG-1	FALSE
cHC-1L	GGGCAGTCAACGCCAA-1	FALSE
cHC-1L	GGGCATGCATGTCGAG-1	FALSE
cHC-1L	GGGCCATTCGTGCTGG-1	FALSE
cHC-1L	GGGCCCGTCTTAAACA-1	FALSE
cHC-1L	GGGCCCTACGAAAGGG-1	FALSE
cHC-1L	GGGCCCTTATCTATAC-1	FALSE
cHC-1L	GGGCCGGCCGAAGTAC-1	FALSE
cHC-1L	GGGCCTAAATGGGCTA-1	FALSE
cHC-1L	GGGCCTATTTAAGTAT-1	FALSE
cHC-1L	GGGCGAATTTCTCCAC-1	FALSE
cHC-1L	GGGCGATATGTGTGAA-1	TRUE
cHC-1L	GGGCGATCCATAGGCC-1	FALSE
cHC-1L	GGGCGCAGCGTTACTC-1	FALSE
cHC-1L	GGGCGGCAAATGAATT-1	FALSE
cHC-1L	GGGCGGGTTCCCTACG-1	FALSE
cHC-1L	GGGCGGTCCTATTGTC-1	FALSE
cHC-1L	GGGCGTACATTTATAT-1	FALSE
cHC-1L	GGGCGTCACCACGTAA-1	FALSE
cHC-1L	GGGCGTGGTTTCCCAG-1	FALSE
cHC-1L	GGGCGTTTACATTCAT-1	FALSE
cHC-1L	GGGCTACTATTTCGTG-1	FALSE
cHC-1L	GGGCTATGATCGATGG-1	FALSE
cHC-1L	GGGCTCATCGAACCCA-1	FALSE
cHC-1L	GGGCTGCCTAGGGCGA-1	FALSE
cHC-1L	GGGCTGGTTAGTCGCG-1	FALSE
cHC-1L	GGGTAATGCTGTGTTT-1	FALSE
cHC-1L	GGGTACACTCTGGAGG-1	FALSE
cHC-1L	GGGTACCCACGGTCCT-1	FALSE
cHC-1L	GGGTACTTCATGAACT-1	TRUE
cHC-1L	GGGTATGTATGCACTT-1	FALSE
cHC-1L	GGGTATTCTAGCAAAC-1	FALSE
cHC-1L	GGGTCACCGTGACGGT-1	FALSE
cHC-1L	GGGTCAGGAGCTAGAT-1	FALSE
cHC-1L	GGGTCATGCGTACCAT-1	TRUE
cHC-1L	GGGTCCTTGGAAGAAG-1	FALSE
cHC-1L	GGGTCGTGGCAAGTGT-1	FALSE
cHC-1L	GGGTCTATCGCTTTCC-1	FALSE
cHC-1L	GGGTGCATATGAAAGC-1	FALSE
cHC-1L	GGGTGGTCCAGCCTGT-1	FALSE
cHC-1L	GGGTGTTTCAGCTATG-1	FALSE
cHC-1L	GGGTTAACATTTGAGT-1	FALSE
cHC-1L	GGGTTCAGACGAACAA-1	FALSE
cHC-1L	GGGTTTAGGATAGGAT-1	FALSE
cHC-1L	GGTAAACTCTGCGCTG-1	FALSE
cHC-1L	GGTAAATGTGCGTTAC-1	FALSE
cHC-1L	GGTAACCGGCAAAGGT-1	FALSE
cHC-1L	GGTAACCGGGAGGATA-1	FALSE
cHC-1L	GGTAACTATGTATCTG-1	FALSE
cHC-1L	GGTACAAACATGCTAT-1	FALSE
cHC-1L	GGTACACCAGATTTAT-1	FALSE
cHC-1L	GGTACATCTGGGACGA-1	FALSE
cHC-1L	GGTACCATTAAGACGG-1	FALSE
cHC-1L	GGTACGTTGCGGCCGG-1	FALSE
cHC-1L	GGTACTAAGTGCTTTG-1	FALSE
cHC-1L	GGTAGAAGACCGCCTG-1	FALSE
cHC-1L	GGTAGACCGTTGGGCG-1	FALSE
cHC-1L	GGTAGGCCAATATCAC-1	FALSE
cHC-1L	GGTAGTGCTCGCACCA-1	FALSE
cHC-1L	GGTATAGTGACACATA-1	FALSE
cHC-1L	GGTATCAAGCATAGAA-1	TRUE
cHC-1L	GGTATGAAAGAACTGA-1	FALSE
cHC-1L	GGTATTGCCGAGTTTA-1	FALSE
cHC-1L	GGTCAAGACTACTTCG-1	FALSE
cHC-1L	GGTCACGTTAGATTCA-1	FALSE
cHC-1L	GGTCAGTGGGTCCCAC-1	FALSE
cHC-1L	GGTCATTGTAGTCATA-1	FALSE
cHC-1L	GGTCCACGTCTATTTG-1	FALSE
cHC-1L	GGTCCTTCATACGACT-1	FALSE
cHC-1L	GGTCGGATAAACGGCG-1	FALSE
cHC-1L	GGTCGGCCAGGAGCTT-1	FALSE
cHC-1L	GGTCGGTAATTAGACA-1	FALSE
cHC-1L	GGTCGGTCGTCCACAG-1	FALSE
cHC-1L	GGTCGTAAGCTCGCAC-1	FALSE
cHC-1L	GGTCTCCGTCCAGGTT-1	FALSE
cHC-1L	GGTCTCTGAATGGACT-1	FALSE
cHC-1L	GGTCTGAGAATCTGGA-1	FALSE
cHC-1L	GGTCTTGAGCGCTCTT-1	FALSE
cHC-1L	GGTCTTGGTGTTAACT-1	FALSE
cHC-1L	GGTGAAACCGGGAATG-1	FALSE
cHC-1L	GGTGAACGGGCTAGCC-1	FALSE
cHC-1L	GGTGAAGTACAGGGAT-1	FALSE
cHC-1L	GGTGACTGATAGAGAG-1	FALSE
cHC-1L	GGTGAGATGCAGATAA-1	FALSE
cHC-1L	GGTGATAAGGAGCAGT-1	FALSE
cHC-1L	GGTGATGAAGGAAGTG-1	FALSE
cHC-1L	GGTGATTTCATCTTGT-1	FALSE
cHC-1L	GGTGCAGAGCCTATCG-1	FALSE
cHC-1L	GGTGCATAAATGATTA-1	FALSE
cHC-1L	GGTGCGGATAAGTGGC-1	FALSE
cHC-1L	GGTGCTGATCACAAAG-1	FALSE
cHC-1L	GGTGCTGGTACACATT-1	TRUE
cHC-1L	GGTGGACCACGTGTTA-1	FALSE
cHC-1L	GGTGGACTGCTCTGGC-1	FALSE
cHC-1L	GGTGGAGGTTGATACG-1	FALSE
cHC-1L	GGTGGGATTAGGTCCC-1	FALSE
cHC-1L	GGTGTAAATCGATTGT-1	FALSE
cHC-1L	GGTGTAGGTAAGTAAA-1	FALSE
cHC-1L	GGTGTTGGGCGTCTTA-1	FALSE
cHC-1L	GGTTACCACCCTCGGG-1	FALSE
cHC-1L	GGTTACCCGACACTTT-1	FALSE
cHC-1L	GGTTACCGCTCCCTAC-1	FALSE
cHC-1L	GGTTAGCTATATGTCT-1	FALSE
cHC-1L	GGTTAGGCTTGGAGAA-1	FALSE
cHC-1L	GGTTAGGGATGCTAAT-1	FALSE
cHC-1L	GGTTAGTTACGGCGCC-1	TRUE
cHC-1L	GGTTCCGTACGACTAA-1	FALSE
cHC-1L	GGTTCGCATTTGCCGT-1	FALSE
cHC-1L	GGTTCGGATTATACTA-1	FALSE
cHC-1L	GGTTCTACTCGTCTGA-1	FALSE
cHC-1L	GGTTGTGCTCTTGTCC-1	FALSE
cHC-1L	GGTTGTGTAGCCTGGC-1	FALSE
cHC-1L	GGTTTAATTACCATCG-1	FALSE
cHC-1L	GGTTTAATTGAGCAGG-1	FALSE
cHC-1L	GGTTTACAATCTCAAT-1	FALSE
cHC-1L	GGTTTAGCCTTTCTTG-1	FALSE
cHC-1L	GGTTTCAATCGGTCAG-1	FALSE
cHC-1L	GGTTTGACAAGAAGCT-1	FALSE
cHC-1L	GGTTTGAGTGCTGGAA-1	FALSE
cHC-1L	GGTTTGCGAACACGTA-1	FALSE
cHC-1L	GGTTTGTGACCTGAGG-1	FALSE
cHC-1L	GTAACAACTGACCTTG-1	FALSE
cHC-1L	GTAACAGGTTAACGGC-1	FALSE
cHC-1L	GTAACATCTAAGATAA-1	FALSE
cHC-1L	GTAACTACGTAGACCT-1	FALSE
cHC-1L	GTAACTGCCCAAGGAG-1	FALSE
cHC-1L	GTAACTTGCGGCAGTC-1	FALSE
cHC-1L	GTAAGCGGGCAGTCAG-1	FALSE
cHC-1L	GTAAGGATTTGTCGGA-1	TRUE
cHC-1L	GTAAGTAACAGTCTGG-1	FALSE
cHC-1L	GTAAGTAGGGTATACC-1	FALSE
cHC-1L	GTAAGTCCACACTCTA-1	FALSE
cHC-1L	GTAATAAAGGGCTCCC-1	FALSE
cHC-1L	GTAATCTGATTCTTCG-1	FALSE
cHC-1L	GTACAGAGGCAAGGGT-1	FALSE
cHC-1L	GTACGACGGCGCTGCG-1	FALSE
cHC-1L	GTACGAGATTGCGACA-1	FALSE
cHC-1L	GTACGCTTCATTGCAC-1	FALSE
cHC-1L	GTACGTCACGTATTAA-1	FALSE
cHC-1L	GTACGTTTGCCCGTCA-1	FALSE
cHC-1L	GTACTAAGATTTGGAG-1	TRUE
cHC-1L	GTACTACGGCCTCGTT-1	FALSE
cHC-1L	GTACTCCCTTATCGCT-1	FALSE
cHC-1L	GTACTCCTGGGTATGC-1	FALSE
cHC-1L	GTACTGAGGTCGTAAC-1	FALSE
cHC-1L	GTACTGCATGAAGCGT-1	FALSE
cHC-1L	GTACTGGAGTTAGACC-1	FALSE
cHC-1L	GTACTTGGGCACTTCT-1	FALSE
cHC-1L	GTAGAAACGGGTGGAG-1	TRUE
cHC-1L	GTAGACAACCGATGAA-1	FALSE
cHC-1L	GTAGACACGCCTGACT-1	FALSE
cHC-1L	GTAGACGTCGTTACAT-1	FALSE
cHC-1L	GTAGAGGGAGACAAGT-1	FALSE
cHC-1L	GTAGCCAAACATGGGA-1	FALSE
cHC-1L	GTAGCGCTGTTGTAGT-1	FALSE
cHC-1L	GTAGCTCCGGGAGGCT-1	FALSE
cHC-1L	GTAGCTTCCTCTTGTT-1	FALSE
cHC-1L	GTAGGTGATCCGTGTA-1	FALSE
cHC-1L	GTAGTCGCGGGAATCA-1	FALSE
cHC-1L	GTAGTCTACGATATTG-1	FALSE
cHC-1L	GTAGTGAGCAACCTCA-1	FALSE
cHC-1L	GTAGTTCGAAGGCGAA-1	FALSE
cHC-1L	GTAGTTTAAGCACACG-1	FALSE
cHC-1L	GTATAATCTCCCGGAT-1	TRUE
cHC-1L	GTATAGGACTCAGTAG-1	FALSE
cHC-1L	GTATCAAACGTTAGCT-1	FALSE
cHC-1L	GTATCAAGGTACTTCC-1	FALSE
cHC-1L	GTATCAGCTTGGGTTC-1	FALSE
cHC-1L	GTATCCTTTGGTAACC-1	FALSE
cHC-1L	GTATCGGGACGAGCTG-1	FALSE
cHC-1L	GTATCTCAGTCTTGAC-1	FALSE
cHC-1L	GTATCTCGGGCGCTTT-1	FALSE
cHC-1L	GTATCTTTCATAACCA-1	FALSE
cHC-1L	GTATGAAATTTCACTC-1	FALSE
cHC-1L	GTATGACGTGGGAAAC-1	FALSE
cHC-1L	GTATGTGGGTCTAGTT-1	FALSE
cHC-1L	GTATTAAGGCGTCTAA-1	FALSE
cHC-1L	GTATTCTGAGAAACGA-1	FALSE
cHC-1L	GTATTCTTACCGTGCT-1	FALSE
cHC-1L	GTATTTAATGGCATAA-1	FALSE
cHC-1L	GTCAAAGAAGTGGTGT-1	FALSE
cHC-1L	GTCAAAGTTTACATAG-1	FALSE
cHC-1L	GTCAACCAGGCCTATA-1	FALSE
cHC-1L	GTCAAGCGGACTCGGG-1	FALSE
cHC-1L	GTCAATGCTATAATTT-1	FALSE
cHC-1L	GTCAATTGTACTGAAG-1	FALSE
cHC-1L	GTCACAAAGTTTCCAA-1	FALSE
cHC-1L	GTCACTCATGAGCGAT-1	FALSE
cHC-1L	GTCACTCTCCAAATCT-1	FALSE
cHC-1L	GTCAGAATAGTCTATG-1	FALSE
cHC-1L	GTCAGACAGCGTTGGA-1	FALSE
cHC-1L	GTCAGTTGTGCTCGTT-1	FALSE
cHC-1L	GTCAGTTTGGTAGTCG-1	TRUE
cHC-1L	GTCATCCCAAACTCAC-1	FALSE
cHC-1L	GTCATCTCCTACAGCT-1	TRUE
cHC-1L	GTCATGCACCTCCGTT-1	FALSE
cHC-1L	GTCATGCGCGAGGGCT-1	FALSE
cHC-1L	GTCATGGACATGACTA-1	FALSE
cHC-1L	GTCATTGCATTGACCC-1	TRUE
cHC-1L	GTCCAATATTTAGCCT-1	FALSE
cHC-1L	GTCCACGTCGCATTCG-1	FALSE
cHC-1L	GTCCAGGCACGTGTGC-1	FALSE
cHC-1L	GTCCATTACTGCTACG-1	FALSE
cHC-1L	GTCCCAACGTAAAGTA-1	FALSE
cHC-1L	GTCCCAATCATCCCGC-1	FALSE
cHC-1L	GTCCCGCGACGTTATG-1	FALSE
cHC-1L	GTCCGAGAGCAATCAT-1	FALSE
cHC-1L	GTCCGGACCTGAAATT-1	FALSE
cHC-1L	GTCCGGCTGAATTGCG-1	FALSE
cHC-1L	GTCCGGGTTCACATTA-1	FALSE
cHC-1L	GTCCGTTAGAGGGCCT-1	FALSE
cHC-1L	GTCCTACAGGCGGCTC-1	FALSE
cHC-1L	GTCCTACGAATAGTCT-1	FALSE
cHC-1L	GTCCTACTCTACGGGC-1	FALSE
cHC-1L	GTCCTAGGATACCTTA-1	FALSE
cHC-1L	GTCCTATTGTTGTGGT-1	FALSE
cHC-1L	GTCCTTCTACAACCCA-1	FALSE
cHC-1L	GTCCTTCTAGTGGGTT-1	FALSE
cHC-1L	GTCCTTTAATGACTTC-1	FALSE
cHC-1L	GTCGAATTTGGGCGCT-1	FALSE
cHC-1L	GTCGATAGGTGACTTT-1	FALSE
cHC-1L	GTCGCCGTTGTGTGTT-1	FALSE
cHC-1L	GTCGCGTAACCCGTTG-1	FALSE
cHC-1L	GTCGGAAGGATACCAG-1	FALSE
cHC-1L	GTCGGATATCTCAGAC-1	FALSE
cHC-1L	GTCGGATGTAGCGCGC-1	FALSE
cHC-1L	GTCGGGAACATGGTAG-1	FALSE
cHC-1L	GTCGGGAAGCAGAAAC-1	FALSE
cHC-1L	GTCGGGTGAAGTACCG-1	FALSE
cHC-1L	GTCGTACCATCTCGGG-1	FALSE
cHC-1L	GTCGTACCTACGATTG-1	FALSE
cHC-1L	GTCGTATTGGCGTACA-1	FALSE
cHC-1L	GTCGTCAATTATAAGG-1	FALSE
cHC-1L	GTCGTCTGGTTGGCTA-1	FALSE
cHC-1L	GTCGTGTCTGGTCATC-1	FALSE
cHC-1L	GTCGTTATTCGCTTAT-1	FALSE
cHC-1L	GTCTACTCAATTACAA-1	FALSE
cHC-1L	GTCTATACACGCATGG-1	FALSE
cHC-1L	GTCTATCTGAGTTTCT-1	TRUE
cHC-1L	GTCTATTGCATGCTCG-1	FALSE
cHC-1L	GTCTATTGGTTCCGGT-1	FALSE
cHC-1L	GTCTCAAGGCCCGGCT-1	FALSE
cHC-1L	GTCTCCCGAGTCCCGT-1	FALSE
cHC-1L	GTCTCCGCCTCAATAC-1	FALSE
cHC-1L	GTCTCCTGCCAGTATG-1	FALSE
cHC-1L	GTCTCGACTAAGTTTG-1	FALSE
cHC-1L	GTCTCGATCTGCTTTC-1	FALSE
cHC-1L	GTCTGCCGACTCGACG-1	TRUE
cHC-1L	GTCTGGGCGGTCGAGA-1	FALSE
cHC-1L	GTCTGTAGGTTGAACA-1	FALSE
cHC-1L	GTCTTACCACGCCAAG-1	FALSE
cHC-1L	GTCTTAGTACAGCCGG-1	FALSE
cHC-1L	GTCTTCCTCACCTAAG-1	FALSE
cHC-1L	GTCTTGAGGAGCAGTG-1	FALSE
cHC-1L	GTCTTGTAGCTATTCA-1	FALSE
cHC-1L	GTGAAACGGCGCCACC-1	FALSE
cHC-1L	GTGAAACGTGCTCCAC-1	FALSE
cHC-1L	GTGAACTCCCATTCGA-1	FALSE
cHC-1L	GTGAAGATTTCAAGTG-1	FALSE
cHC-1L	GTGAAGCCGTATAGTC-1	FALSE
cHC-1L	GTGAAGTCACGACTCG-1	FALSE
cHC-1L	GTGACAGCTTCCCACT-1	TRUE
cHC-1L	GTGACCGCACACTACG-1	FALSE
cHC-1L	GTGACCTAAAGAATAA-1	FALSE
cHC-1L	GTGACGAGGGTGACCC-1	FALSE
cHC-1L	GTGACGCAGGTTTCAT-1	TRUE
cHC-1L	GTGACTTCAGTAGTGC-1	FALSE
cHC-1L	GTGAGATAACCTTATA-1	FALSE
cHC-1L	GTGAGCGTGCTGCACT-1	FALSE
cHC-1L	GTGAGGACACTTAAGG-1	FALSE
cHC-1L	GTGAGGAGCGGTTGAG-1	FALSE
cHC-1L	GTGAGTCGACTAATAG-1	FALSE
cHC-1L	GTGAGTCTAAGACGGA-1	FALSE
cHC-1L	GTGAGTGGTACAACGC-1	FALSE
cHC-1L	GTGATCAAGCGTGCAC-1	FALSE
cHC-1L	GTGATCACTAACGCCT-1	FALSE
cHC-1L	GTGATCATAGATCTGC-1	FALSE
cHC-1L	GTGATCCTTGTCATGA-1	FALSE
cHC-1L	GTGATGCACAACATCT-1	FALSE
cHC-1L	GTGATTCGCCGCTCAA-1	FALSE
cHC-1L	GTGCAACAAATGTGGC-1	FALSE
cHC-1L	GTGCACCAGCTTCAAC-1	FALSE
cHC-1L	GTGCACGAAAGTGACT-1	FALSE
cHC-1L	GTGCAGCGTAGAGTAG-1	FALSE
cHC-1L	GTGCCAAACGTTTCGA-1	FALSE
cHC-1L	GTGCCATCACACGGTG-1	FALSE
cHC-1L	GTGCCCGTTCGGATTC-1	FALSE
cHC-1L	GTGCCGCTTCAAAGGT-1	TRUE
cHC-1L	GTGCCTAGCTATGCTT-1	TRUE
cHC-1L	GTGCCTCAGTGTACGG-1	FALSE
cHC-1L	GTGCCTGAGACCAAAC-1	FALSE
cHC-1L	GTGCGAAATCGAACAC-1	FALSE
cHC-1L	GTGCGACAGGGAGTGT-1	FALSE
cHC-1L	GTGCGCAGCTTGCTCC-1	FALSE
cHC-1L	GTGCGGGACCATCGGC-1	FALSE
cHC-1L	GTGCGGGTCTCCAAAT-1	FALSE
cHC-1L	GTGCGTGTATATGAGC-1	FALSE
cHC-1L	GTGCTCAAGTACTGTC-1	FALSE
cHC-1L	GTGCTGCAGATAAGGA-1	FALSE
cHC-1L	GTGCTTACATCAGCGC-1	FALSE
cHC-1L	GTGGAACCTACATGCG-1	FALSE
cHC-1L	GTGGACCAACCCGATT-1	FALSE
cHC-1L	GTGGACGCATTTGTCC-1	FALSE
cHC-1L	GTGGACGTGCTGAGAC-1	FALSE
cHC-1L	GTGGAGCATGTCGGCC-1	FALSE
cHC-1L	GTGGAGCGTTTACCGA-1	FALSE
cHC-1L	GTGGAGTCGGCGGTTG-1	FALSE
cHC-1L	GTGGCAAACAGCGGCA-1	FALSE
cHC-1L	GTGGCCGGTTTCTCGG-1	FALSE
cHC-1L	GTGGCCTAATATCATT-1	FALSE
cHC-1L	GTGGCGGTCCCAGCGT-1	FALSE
cHC-1L	GTGGCTGTTTCTGTTC-1	TRUE
cHC-1L	GTGGGAACAAACCGGG-1	FALSE
cHC-1L	GTGGGAAGACTGAATC-1	FALSE
cHC-1L	GTGGGCTTAGACACAC-1	FALSE
cHC-1L	GTGGGTACTGAGCGTA-1	FALSE
cHC-1L	GTGGTATAGTCTGCCG-1	FALSE
cHC-1L	GTGGTCAGCGAAGTAT-1	FALSE
cHC-1L	GTGGTGATGGTTTGTG-1	FALSE
cHC-1L	GTGGTGGCCAAGTGAA-1	FALSE
cHC-1L	GTGGTTACTTCTTTCG-1	FALSE
cHC-1L	GTGGTTTCCGCCTTTC-1	FALSE
cHC-1L	GTGTACCTTGGCTACG-1	FALSE
cHC-1L	GTGTACGAACCGTTCC-1	FALSE
cHC-1L	GTGTATATCAGCGGGC-1	FALSE
cHC-1L	GTGTATGACTTTAAAG-1	FALSE
cHC-1L	GTGTCAGTGTACGTGG-1	FALSE
cHC-1L	GTGTCGTATAGCGTTC-1	FALSE
cHC-1L	GTGTCGTATTCACCTT-1	FALSE
cHC-1L	GTGTGAATAACTTAGG-1	FALSE
cHC-1L	GTGTGTCGACGTCGCT-1	FALSE
cHC-1L	GTGTTACTATGCGTCC-1	FALSE
cHC-1L	GTTAAAGTAGGACTGG-1	FALSE
cHC-1L	GTTAACATCACTTAAA-1	FALSE
cHC-1L	GTTAACTATGTTGTCA-1	FALSE
cHC-1L	GTTAAGGGTGCGATGT-1	TRUE
cHC-1L	GTTAAGTTAGAGTGGG-1	FALSE
cHC-1L	GTTAATAGCGTCATTA-1	FALSE
cHC-1L	GTTAATGTCTATCTTA-1	TRUE
cHC-1L	GTTACAATTGGTGACG-1	TRUE
cHC-1L	GTTACCAAGGCGTACG-1	FALSE
cHC-1L	GTTACCTACAACTTGC-1	FALSE
cHC-1L	GTTACGAAATCCACGC-1	FALSE
cHC-1L	GTTACGGCCCGACTGC-1	FALSE
cHC-1L	GTTACTTTGGGCCTAG-1	FALSE
cHC-1L	GTTAGAGTGTGCCGCT-1	FALSE
cHC-1L	GTTAGCCCATGACATC-1	FALSE
cHC-1L	GTTAGCCGTAAATCAA-1	FALSE
cHC-1L	GTTAGGCTACCCGTTT-1	FALSE
cHC-1L	GTTATAATACGGTGAA-1	FALSE
cHC-1L	GTTATATCAGGAGCCA-1	FALSE
cHC-1L	GTTATATTATCTCCCT-1	FALSE
cHC-1L	GTTATCAAGCTATCGA-1	FALSE
cHC-1L	GTTATCACCTTCTGAA-1	FALSE
cHC-1L	GTTATTAACGTGGGAG-1	FALSE
cHC-1L	GTTCAAATCAGATGTC-1	FALSE
cHC-1L	GTTCACAGGAGTCTAG-1	FALSE
cHC-1L	GTTCAGTCGCCAAATG-1	FALSE
cHC-1L	GTTCATCGTTTGGCTG-1	FALSE
cHC-1L	GTTCCAAGACAGCGAC-1	FALSE
cHC-1L	GTTCCAGTCTGACCAT-1	FALSE
cHC-1L	GTTCCCGTAAACATAT-1	FALSE
cHC-1L	GTTCCGTCCGCCTGCA-1	FALSE
cHC-1L	GTTCGACAATTGTATA-1	FALSE
cHC-1L	GTTCGCCATAAGTGCC-1	FALSE
cHC-1L	GTTCGCTGAGACGTCT-1	FALSE
cHC-1L	GTTCGGAGCACTCAAC-1	FALSE
cHC-1L	GTTCGGATCGGGAACA-1	FALSE
cHC-1L	GTTCGGGCGTACCATT-1	FALSE
cHC-1L	GTTCGGTGTGGATTTA-1	FALSE
cHC-1L	GTTCGTCTAAAGAACT-1	FALSE
cHC-1L	GTTCGTCTGGGTCCCT-1	FALSE
cHC-1L	GTTCTTCCCTCGATGT-1	FALSE
cHC-1L	GTTCTTGTAACTCAAT-1	FALSE
cHC-1L	GTTGAACCGGTTCCAT-1	FALSE
cHC-1L	GTTGAGTCCCGCCGGT-1	FALSE
cHC-1L	GTTGCACGGAGTTTCG-1	FALSE
cHC-1L	GTTGCAGTCGACAACA-1	FALSE
cHC-1L	GTTGCCCTAACGGGTG-1	FALSE
cHC-1L	GTTGCGCTAACATTAC-1	FALSE
cHC-1L	GTTGCGGACGGTCAGG-1	FALSE
cHC-1L	GTTGGACCGCATCAGG-1	FALSE
cHC-1L	GTTGGATTCAGTGGCT-1	FALSE
cHC-1L	GTTGGATTGAGAACAC-1	FALSE
cHC-1L	GTTGGATTTGCGTTGG-1	FALSE
cHC-1L	GTTGGTCATGCTATCC-1	FALSE
cHC-1L	GTTGTAGATTTATGAG-1	FALSE
cHC-1L	GTTGTCGTGTTAGTTG-1	FALSE
cHC-1L	GTTGTTACATTGCGCT-1	FALSE
cHC-1L	GTTGTTGCAAGATGGC-1	FALSE
cHC-1L	GTTTACGTTCCATCTG-1	FALSE
cHC-1L	GTTTATGGGATTTAGA-1	FALSE
cHC-1L	GTTTCAAACGAGTTGT-1	FALSE
cHC-1L	GTTTCATATCGTCGCT-1	FALSE
cHC-1L	GTTTCCTGGAGGGTGA-1	FALSE
cHC-1L	GTTTCTAGAGGCGCGG-1	TRUE
cHC-1L	GTTTCTGCAGTCTCCC-1	FALSE
cHC-1L	GTTTCTTGTTAGAGCT-1	FALSE
cHC-1L	GTTTGACCAAATCCTA-1	FALSE
cHC-1L	GTTTGGCCCAAGTTAT-1	FALSE
cHC-1L	GTTTGGCCGCTCAGCG-1	FALSE
cHC-1L	GTTTGGGCTTGTGAGC-1	FALSE
cHC-1L	GTTTGGGTTTCGCCCG-1	FALSE
cHC-1L	GTTTGGTAGGGTCAAC-1	FALSE
cHC-1L	GTTTGGTGATCGGTGC-1	FALSE
cHC-1L	GTTTGTTAGCCAAGTA-1	FALSE
cHC-1L	TAAACCCAGGAGGGCA-1	FALSE
cHC-1L	TAAACGTCGTCAATGA-1	FALSE
cHC-1L	TAAAGACAACCCTTTA-1	FALSE
cHC-1L	TAAAGAGCCCGAAACC-1	FALSE
cHC-1L	TAAAGCGGTATTTCCA-1	FALSE
cHC-1L	TAAAGCGTTAGGAGAA-1	FALSE
cHC-1L	TAAAGCTGCAATAGGG-1	FALSE
cHC-1L	TAAAGTGCACGTCTCG-1	FALSE
cHC-1L	TAAATCTTTACACCTC-1	FALSE
cHC-1L	TAAATGAATCCGTTTC-1	FALSE
cHC-1L	TAAATGCCGTCTCATG-1	FALSE
cHC-1L	TAAATGGGCTACTGAG-1	FALSE
cHC-1L	TAAATTGTGGGTAAAG-1	FALSE
cHC-1L	TAAATTTAGTAACACC-1	FALSE
cHC-1L	TAACAAAGGGAGAAGC-1	FALSE
cHC-1L	TAACAATATTTGTTGC-1	TRUE
cHC-1L	TAACAGCGTTTGTGCT-1	FALSE
cHC-1L	TAACAGGTTCCCTTAG-1	FALSE
cHC-1L	TAACATACACGCGATC-1	FALSE
cHC-1L	TAACCGCCCGCAGTGC-1	FALSE
cHC-1L	TAACCTACCGTCCGAG-1	FALSE
cHC-1L	TAACCTAGGGAGTCCA-1	FALSE
cHC-1L	TAACGCTTTGAGAGCG-1	FALSE
cHC-1L	TAACTATCGAAGGTCC-1	FALSE
cHC-1L	TAACTATTACGCCAAA-1	FALSE
cHC-1L	TAACTCATCCGCGCGG-1	TRUE
cHC-1L	TAACTCCATGGAGGCT-1	FALSE
cHC-1L	TAACTGAAATACGCCT-1	FALSE
cHC-1L	TAAGAGGGACAGGGAC-1	FALSE
cHC-1L	TAAGATTTAGCGGGAG-1	FALSE
cHC-1L	TAAGCAGGCGACACGC-1	FALSE
cHC-1L	TAAGCCCTTACGACCA-1	FALSE
cHC-1L	TAAGCGCGAATCAAAT-1	FALSE
cHC-1L	TAAGGAACTTGTGGGA-1	FALSE
cHC-1L	TAAGGCAACATAAGAT-1	FALSE
cHC-1L	TAAGGCATAACATCAA-1	FALSE
cHC-1L	TAAGGCCCGTCACCCT-1	FALSE
cHC-1L	TAAGGCTGAATCCCTC-1	FALSE
cHC-1L	TAAGGGCCTGTCCGAT-1	FALSE
cHC-1L	TAAGGGCTGGGAGAGG-1	FALSE
cHC-1L	TAAGTAACATCTTGAC-1	FALSE
cHC-1L	TAAGTCGCCGAGTATC-1	FALSE
cHC-1L	TAAGTCGGTGAGCTAG-1	FALSE
cHC-1L	TAAGTGAATAGTCTAC-1	FALSE
cHC-1L	TAAGTTGCGACGTAGG-1	FALSE
cHC-1L	TAATAAACAAGGAGAT-1	FALSE
cHC-1L	TAATACACAGTAGTAT-1	FALSE
cHC-1L	TAATACTAGAACAGAC-1	FALSE
cHC-1L	TAATAGAACAGAGTTA-1	FALSE
cHC-1L	TAATAGCTAAATGATG-1	FALSE
cHC-1L	TAATAGGTCACCAGAA-1	FALSE
cHC-1L	TAATAGTGACGACCAG-1	FALSE
cHC-1L	TAATATTGAAATTCGC-1	FALSE
cHC-1L	TAATCGATCCGTACGT-1	FALSE
cHC-1L	TAATGAAAGACCCTTG-1	FALSE
cHC-1L	TAATGTCGGTTCATGG-1	FALSE
cHC-1L	TAATTACGTCAGTAGA-1	FALSE
cHC-1L	TAATTAGATGGATATG-1	FALSE
cHC-1L	TAATTAGGACATCCGT-1	FALSE
cHC-1L	TAATTCCAATGCTTCA-1	FALSE
cHC-1L	TAATTGCGCTGATTAC-1	FALSE
cHC-1L	TAATTGGAATCGGGAA-1	FALSE
cHC-1L	TAATTTCCGTCCAGTA-1	FALSE
cHC-1L	TACAACAGCGCATACA-1	FALSE
cHC-1L	TACAACGCACAACTCA-1	FALSE
cHC-1L	TACAAGTCTCGTGCAT-1	FALSE
cHC-1L	TACACAGCCGTGGTGC-1	FALSE
cHC-1L	TACACCGTCGTTAGTC-1	FALSE
cHC-1L	TACACCTCTTCGAATC-1	FALSE
cHC-1L	TACAGAAACGGTGGGC-1	FALSE
cHC-1L	TACATAGGCATACACC-1	FALSE
cHC-1L	TACATCCCTATCCCTG-1	FALSE
cHC-1L	TACATCTTGTTTCTTG-1	FALSE
cHC-1L	TACATGACCTTATCCG-1	FALSE
cHC-1L	TACATGCCGGAATTGT-1	FALSE
cHC-1L	TACATTTCTAACGTGC-1	FALSE
cHC-1L	TACCAAATAGCCCAGA-1	FALSE
cHC-1L	TACCAATAAAGTACCA-1	FALSE
cHC-1L	TACCAGAAGTAGGTTC-1	FALSE
cHC-1L	TACCAGCTAGGTTTAA-1	FALSE
cHC-1L	TACCAGGAATCCCGTC-1	FALSE
cHC-1L	TACCATGTATTGATTT-1	FALSE
cHC-1L	TACCCTCGGTAACCCT-1	FALSE
cHC-1L	TACCGAATAATTGTAA-1	FALSE
cHC-1L	TACCGATCCAACACTT-1	FALSE
cHC-1L	TACCGCGGACTTGCAG-1	FALSE
cHC-1L	TACCGGCTCACTGCCC-1	FALSE
cHC-1L	TACCGGTCGTTTCCAT-1	FALSE
cHC-1L	TACCGTAGGTTAACTA-1	FALSE
cHC-1L	TACCGTGCCTCGGACC-1	FALSE
cHC-1L	TACCTACTCCCAGTAT-1	FALSE
cHC-1L	TACCTATCCCTAGAGG-1	FALSE
cHC-1L	TACCTCACGCTTGTAC-1	FALSE
cHC-1L	TACCTCAGTTGTCTGT-1	FALSE
cHC-1L	TACCTCCACACCAATG-1	FALSE
cHC-1L	TACCTCTTTACCATCC-1	FALSE
cHC-1L	TACCTGCTGCACTGTG-1	TRUE
cHC-1L	TACCTTAAGATTTCCC-1	FALSE
cHC-1L	TACGAACACGACTTCA-1	FALSE
cHC-1L	TACGACGCTTGCTGCG-1	TRUE
cHC-1L	TACGACTGCCTCTTAG-1	FALSE
cHC-1L	TACGAGAACTTCACGT-1	FALSE
cHC-1L	TACGATGTTGATCATC-1	FALSE
cHC-1L	TACGCAGTTCTTTCCT-1	FALSE
cHC-1L	TACGCCATATTCTAAT-1	FALSE
cHC-1L	TACGCCGAGGGTACCC-1	FALSE
cHC-1L	TACGCCGCCTCAGAAG-1	FALSE
cHC-1L	TACGCCTCCATTCCGA-1	FALSE
cHC-1L	TACGCTATAGAAACCT-1	FALSE
cHC-1L	TACGCTCCTAGAACTG-1	FALSE
cHC-1L	TACGCTCGGTATTGGA-1	FALSE
cHC-1L	TACGCTGATAGTTGTA-1	FALSE
cHC-1L	TACGCTGCACGGTCGT-1	FALSE
cHC-1L	TACGCTGCTGTGTTAA-1	FALSE
cHC-1L	TACGGAAGCCAAACCA-1	FALSE
cHC-1L	TACGGCATGGACGCTA-1	FALSE
cHC-1L	TACGGGATGCTAGCAG-1	FALSE
cHC-1L	TACGGGTAATAACATA-1	TRUE
cHC-1L	TACGTAAAGCGGAGTG-1	FALSE
cHC-1L	TACGTACTAGTGCTGA-1	FALSE
cHC-1L	TACGTGCAAGGTTCCT-1	FALSE
cHC-1L	TACGTGCACTATGCTG-1	FALSE
cHC-1L	TACGTGGGCCCAGGGC-1	TRUE
cHC-1L	TACGTTTACCGGCAAT-1	FALSE
cHC-1L	TACTACGTGCAATGCG-1	TRUE
cHC-1L	TACTATGGTTCCTCAG-1	FALSE
cHC-1L	TACTCACAACGTAGTA-1	FALSE
cHC-1L	TACTCATTGACGCATC-1	FALSE
cHC-1L	TACTCCTCTAGTTGAC-1	FALSE
cHC-1L	TACTCGGCACGCCGGG-1	FALSE
cHC-1L	TACTCGTTTGAATCAA-1	TRUE
cHC-1L	TACTCTCCGAACAAAT-1	FALSE
cHC-1L	TACTCTTACTTTACTG-1	FALSE
cHC-1L	TACTCTTTCGTCTTCA-1	FALSE
cHC-1L	TACTGAACAGATTTAG-1	FALSE
cHC-1L	TACTGAGGGAAGAAAG-1	FALSE
cHC-1L	TACTGCAATCAATTAC-1	FALSE
cHC-1L	TACTGGACAGCTCGGC-1	FALSE
cHC-1L	TACTGTTTCTCTGGTA-1	FALSE
cHC-1L	TACTTAAACATGTACA-1	FALSE
cHC-1L	TACTTGTTAGTAGTCC-1	FALSE
cHC-1L	TACTTTACTGAGCCGG-1	FALSE
cHC-1L	TACTTTCCGCACGCCA-1	FALSE
cHC-1L	TAGAAACACAATAGTG-1	FALSE
cHC-1L	TAGAAAGGTGGCGCTA-1	FALSE
cHC-1L	TAGAAATTCACGTATA-1	FALSE
cHC-1L	TAGAACGCCAGTAACG-1	FALSE
cHC-1L	TAGAAGAAGGGTTACA-1	FALSE
cHC-1L	TAGAATAGCCGATGAA-1	FALSE
cHC-1L	TAGAATTAAGGGCAAC-1	FALSE
cHC-1L	TAGACGAAACGCCAAT-1	TRUE
cHC-1L	TAGACGCCCGTACCGG-1	FALSE
cHC-1L	TAGACTACCTAGCGTT-1	FALSE
cHC-1L	TAGACTCAGTTGGCCT-1	FALSE
cHC-1L	TAGAGATCATGCAACT-1	FALSE
cHC-1L	TAGAGCTACGAAGAAC-1	FALSE
cHC-1L	TAGAGGGAGTTTATCT-1	FALSE
cHC-1L	TAGAGGTTCTACTTGT-1	FALSE
cHC-1L	TAGAGTCTAAGCGAAC-1	FALSE
cHC-1L	TAGAGTGTTCCGGGTA-1	FALSE
cHC-1L	TAGATATGGACTGGAA-1	FALSE
cHC-1L	TAGATCCGAAGTCGCA-1	FALSE
cHC-1L	TAGATGGTTCCTTACT-1	FALSE
cHC-1L	TAGATTCAAAGTGCGG-1	FALSE
cHC-1L	TAGATTCCTGGTTATT-1	FALSE
cHC-1L	TAGATTCTCTAGCAAA-1	FALSE
cHC-1L	TAGCAACCTGTCACAA-1	FALSE
cHC-1L	TAGCAGATACTTAGGG-1	TRUE
cHC-1L	TAGCAGTATGACTAAA-1	FALSE
cHC-1L	TAGCCAGAGGGTCCGG-1	FALSE
cHC-1L	TAGCCATGATTGCCTA-1	FALSE
cHC-1L	TAGCCATTTCAAAGTC-1	FALSE
cHC-1L	TAGCCGGCGGTCAGCG-1	FALSE
cHC-1L	TAGCGTCCCTCGATTG-1	FALSE
cHC-1L	TAGCGTCCGGTGTGGT-1	FALSE
cHC-1L	TAGCGTCGAATATTGA-1	FALSE
cHC-1L	TAGCTAAGTCCGGGAG-1	FALSE
cHC-1L	TAGCTAGAAGGCATGA-1	FALSE
cHC-1L	TAGCTAGTGATGATGG-1	FALSE
cHC-1L	TAGCTCACTGTGTTTG-1	FALSE
cHC-1L	TAGCTCAGATCCTAGT-1	FALSE
cHC-1L	TAGCTCGCCTGATAAC-1	FALSE
cHC-1L	TAGCTGATGTGAAGCG-1	FALSE
cHC-1L	TAGGAGGCTCGAGAAC-1	FALSE
cHC-1L	TAGGATCTTAACCGCA-1	FALSE
cHC-1L	TAGGCATGTTACGCCA-1	FALSE
cHC-1L	TAGGCCTATATAGTCT-1	FALSE
cHC-1L	TAGGCGATGAGGTCTC-1	FALSE
cHC-1L	TAGGCGGCTGCAAAGA-1	FALSE
cHC-1L	TAGGCTAAAGTGGCAC-1	FALSE
cHC-1L	TAGGGAGCTTGGGATG-1	FALSE
cHC-1L	TAGGGTGTTTCAAGAG-1	FALSE
cHC-1L	TAGGTCCAAGTAAGGA-1	TRUE
cHC-1L	TAGGTCGCCGGAACTG-1	FALSE
cHC-1L	TAGGTGACGATAACCT-1	FALSE
cHC-1L	TAGGTGAGCCCTACTC-1	FALSE
cHC-1L	TAGGTGCTCGCCTAGC-1	FALSE
cHC-1L	TAGGTGTTCCACAGAT-1	FALSE
cHC-1L	TAGGTTCGAGTTCGTC-1	FALSE
cHC-1L	TAGGTTCTGCTGAGAA-1	FALSE
cHC-1L	TAGTACCACAACTTTC-1	FALSE
cHC-1L	TAGTACCTTAGTGGTC-1	FALSE
cHC-1L	TAGTAGCTTATACCAG-1	FALSE
cHC-1L	TAGTCCCGGAGACCAC-1	FALSE
cHC-1L	TAGTCCGCAGAGAATG-1	FALSE
cHC-1L	TAGTCCGTATGCATAA-1	TRUE
cHC-1L	TAGTCCTGCACTAAGC-1	FALSE
cHC-1L	TAGTCGATCACGGGTT-1	FALSE
cHC-1L	TAGTCGGGATTCTTCG-1	FALSE
cHC-1L	TAGTCTAACAACGAGA-1	FALSE
cHC-1L	TAGTCTGCGGCACATT-1	FALSE
cHC-1L	TAGTCTGTGACGTTGC-1	FALSE
cHC-1L	TAGTCTTTCCGAATTG-1	FALSE
cHC-1L	TAGTGACAAGCTCTAC-1	FALSE
cHC-1L	TAGTGAGAAGTGGTTG-1	FALSE
cHC-1L	TAGTGCCCTCCAGAGT-1	FALSE
cHC-1L	TAGTGCTTGAATCCTT-1	FALSE
cHC-1L	TAGTGTCAGAAACGGC-1	FALSE
cHC-1L	TAGTTAAGATAGGATA-1	FALSE
cHC-1L	TAGTTTATTCTTGCTT-1	FALSE
cHC-1L	TAGTTTGATCGGTCGC-1	FALSE
cHC-1L	TATAAATCCACAAGCT-1	FALSE
cHC-1L	TATAAGTGAGGATAGC-1	FALSE
cHC-1L	TATACACAGACGCCTT-1	FALSE
cHC-1L	TATACACGCAAAGTAT-1	FALSE
cHC-1L	TATACCGAGTGCCACA-1	FALSE
cHC-1L	TATACGCGTCATCACT-1	FALSE
cHC-1L	TATACTCATGCGGCAA-1	FALSE
cHC-1L	TATAGAGTCGCTTGAA-1	FALSE
cHC-1L	TATAGATGGTCGCAGT-1	FALSE
cHC-1L	TATAGCGCACGTTATC-1	FALSE
cHC-1L	TATAGCTATTATCTCT-1	FALSE
cHC-1L	TATAGGGTACTCATGA-1	FALSE
cHC-1L	TATAGTTAGGTGTACT-1	FALSE
cHC-1L	TATATAGGGCTTTACG-1	FALSE
cHC-1L	TATATATCGAGAAATG-1	FALSE
cHC-1L	TATATCAAAGTGATCT-1	FALSE
cHC-1L	TATATCATTGATCAGT-1	FALSE
cHC-1L	TATATCCCTGGGAGGA-1	FALSE
cHC-1L	TATATGCTGGGTTGCC-1	FALSE
cHC-1L	TATATTACAAATGTCG-1	FALSE
cHC-1L	TATATTCGCGTCGATA-1	FALSE
cHC-1L	TATCAAAGGTCTGTAA-1	FALSE
cHC-1L	TATCACCATGTAAAGT-1	FALSE
cHC-1L	TATCACCCAACCGACC-1	FALSE
cHC-1L	TATCACTTCGAGTAAC-1	FALSE
cHC-1L	TATCAGTGGCGTAGTC-1	FALSE
cHC-1L	TATCCAATTGGTTATC-1	FALSE
cHC-1L	TATCCATATCATGCGA-1	FALSE
cHC-1L	TATCCATCTCGGTTAG-1	FALSE
cHC-1L	TATCCGCACCGTCGGG-1	FALSE
cHC-1L	TATCCTATCAACTGGT-1	FALSE
cHC-1L	TATCCTGCATGGGAAT-1	FALSE
cHC-1L	TATCGATCTATGCATA-1	FALSE
cHC-1L	TATCGATGATTAAACG-1	FALSE
cHC-1L	TATCTACAGAGGTAAT-1	TRUE
cHC-1L	TATCTACCACAGCGGG-1	FALSE
cHC-1L	TATCTAGCCTAAAGGA-1	FALSE
cHC-1L	TATCTGAGCCGATATT-1	FALSE
cHC-1L	TATCTTGCAATACAAC-1	FALSE
cHC-1L	TATGAAGAATTAAGGT-1	FALSE
cHC-1L	TATGAAGACAGGTGCG-1	FALSE
cHC-1L	TATGACCTTGCGCTGG-1	FALSE
cHC-1L	TATGATCCGGCACGCC-1	FALSE
cHC-1L	TATGATCTTCTCTTTA-1	FALSE
cHC-1L	TATGATTCTGCTTGGT-1	FALSE
cHC-1L	TATGCTCCCTACTTAC-1	FALSE
cHC-1L	TATGGAGTTTCTCGTT-1	FALSE
cHC-1L	TATGGATGTGCTACGC-1	TRUE
cHC-1L	TATGGCCCGGCCTCGC-1	TRUE
cHC-1L	TATGGCTAGGCTAATT-1	FALSE
cHC-1L	TATGGGACCGAGCAGG-1	FALSE
cHC-1L	TATGGGTACGTATCGT-1	FALSE
cHC-1L	TATGGTCTGAGTAACA-1	FALSE
cHC-1L	TATGGTTAGTGGGAGA-1	FALSE
cHC-1L	TATGTAAAGTGCTTAA-1	FALSE
cHC-1L	TATGTAGAAACCCGGC-1	FALSE
cHC-1L	TATGTCTCATTGTGCC-1	FALSE
cHC-1L	TATTAACACCAAAGCA-1	FALSE
cHC-1L	TATTAACCTGACCGCG-1	FALSE
cHC-1L	TATTACCATCCTGCTT-1	FALSE
cHC-1L	TATTATGTTTGCCTGC-1	FALSE
cHC-1L	TATTCAATTCTAATCC-1	FALSE
cHC-1L	TATTCCACTCAGCTCG-1	FALSE
cHC-1L	TATTCCGAGCTGTTAT-1	FALSE
cHC-1L	TATTCCGGCAGTCCTA-1	FALSE
cHC-1L	TATTCCTCCGCCCACT-1	FALSE
cHC-1L	TATTCGTGCCAGAATA-1	FALSE
cHC-1L	TATTGACATTTCTGCC-1	FALSE
cHC-1L	TATTGCCGGGCTTGTA-1	FALSE
cHC-1L	TATTTAGTCTAGATCG-1	FALSE
cHC-1L	TATTTATACCGAGTAG-1	FALSE
cHC-1L	TATTTGATTTGCACAG-1	FALSE
cHC-1L	TATTTGTTACCCTTTA-1	FALSE
cHC-1L	TCAAACAACCGCGTCG-1	FALSE
cHC-1L	TCAAACTTAGATTGTT-1	FALSE
cHC-1L	TCAAAGAGCTATCTGT-1	FALSE
cHC-1L	TCAAAGTCACGGCGTC-1	FALSE
cHC-1L	TCAAATTATGTTCGAC-1	FALSE
cHC-1L	TCAAATTGTTGTGCCG-1	FALSE
cHC-1L	TCAAATTTGAGACTCA-1	FALSE
cHC-1L	TCAACAAAGATAATTC-1	FALSE
cHC-1L	TCAACACATTGGGTAA-1	FALSE
cHC-1L	TCAACATAGCGCCCTA-1	FALSE
cHC-1L	TCAACATCGACCGAGA-1	FALSE
cHC-1L	TCAACCATGTTCGGGC-1	FALSE
cHC-1L	TCAACGAGGAGACAAA-1	FALSE
cHC-1L	TCAACGCAGGAAATAA-1	FALSE
cHC-1L	TCAACGCGACCGGCAG-1	FALSE
cHC-1L	TCAACTAACGTATAAC-1	TRUE
cHC-1L	TCAACTGCAGAGTCAG-1	FALSE
cHC-1L	TCAAGAAATACTAGCT-1	FALSE
cHC-1L	TCAAGCGCGGACGGTA-1	FALSE
cHC-1L	TCAAGCTGCCTTGAAA-1	FALSE
cHC-1L	TCAAGGTTACTACACC-1	FALSE
cHC-1L	TCAATACAATTGCTGC-1	FALSE
cHC-1L	TCAATACGCCGTCATG-1	FALSE
cHC-1L	TCAATATACAGGAGGC-1	FALSE
cHC-1L	TCAATCCCGCGCCAAA-1	FALSE
cHC-1L	TCAATCCGGGAAGTTT-1	FALSE
cHC-1L	TCACAAACCGAGGTAC-1	FALSE
cHC-1L	TCACAGATCCTCAAAC-1	FALSE
cHC-1L	TCACAGCAAACTCGAA-1	FALSE
cHC-1L	TCACAGGAGAATAAGA-1	FALSE
cHC-1L	TCACAGGGAATCGCAA-1	FALSE
cHC-1L	TCACAGGTTATTGGGC-1	FALSE
cHC-1L	TCACATCTTATCTGAT-1	FALSE
cHC-1L	TCACCCTCTTAAGATT-1	FALSE
cHC-1L	TCACCGCTCGGCACTC-1	FALSE
cHC-1L	TCACGATGTCCGTGGA-1	FALSE
cHC-1L	TCACGATTAATACGTT-1	FALSE
cHC-1L	TCACGCATTGTAGATC-1	FALSE
cHC-1L	TCACGGCCCAAGAGAG-1	FALSE
cHC-1L	TCACGGTCATCGCACA-1	FALSE
cHC-1L	TCACGTGCCCGATTCA-1	FALSE
cHC-1L	TCACTACGACCAATGC-1	FALSE
cHC-1L	TCACTATCCCTTCGGT-1	TRUE
cHC-1L	TCACTATCGTGCAATC-1	FALSE
cHC-1L	TCACTCGTGCAACGGC-1	FALSE
cHC-1L	TCACTCTTCGTCTGTC-1	TRUE
cHC-1L	TCAGAACCTCCACAGG-1	FALSE
cHC-1L	TCAGAACGGCGGTAAT-1	FALSE
cHC-1L	TCAGACGCTATAGAAG-1	FALSE
cHC-1L	TCAGAGGACGCGTTAG-1	TRUE
cHC-1L	TCAGAGTGTGAGCATG-1	FALSE
cHC-1L	TCAGATGGAGACGTAG-1	FALSE
cHC-1L	TCAGCAAATGCATCTC-1	FALSE
cHC-1L	TCAGCAGTAGGCCCTG-1	FALSE
cHC-1L	TCAGCCAATCCGTAAA-1	FALSE
cHC-1L	TCAGCGCACGCCGTTT-1	FALSE
cHC-1L	TCAGCTTGAGCTTTCG-1	FALSE
cHC-1L	TCAGGGCGACTTCCTT-1	FALSE
cHC-1L	TCAGGGCGCAAACTCG-1	FALSE
cHC-1L	TCAGGGTGCACGAAAC-1	FALSE
cHC-1L	TCAGGGTGTAACGTAA-1	FALSE
cHC-1L	TCAGGTTCTTTGAGAA-1	FALSE
cHC-1L	TCAGTACTGACCCGCG-1	FALSE
cHC-1L	TCAGTAGGGACTATAA-1	FALSE
cHC-1L	TCAGTGTATACGTCAT-1	FALSE
cHC-1L	TCATAAGTCCAAGAAG-1	FALSE
cHC-1L	TCATACTTACAGATCC-1	FALSE
cHC-1L	TCATATGAGCTTTGTT-1	FALSE
cHC-1L	TCATCACTCGAGCTCG-1	FALSE
cHC-1L	TCATCCATCTGATCAC-1	FALSE
cHC-1L	TCATCCCAGAGGGTGG-1	FALSE
cHC-1L	TCATCCTCAGCTGCTT-1	FALSE
cHC-1L	TCATCGACGACCGTCG-1	TRUE
cHC-1L	TCATCGATGGTCCCAA-1	FALSE
cHC-1L	TCATGCAGGTTCTCAT-1	FALSE
cHC-1L	TCATTTAAGTCTCCGA-1	FALSE
cHC-1L	TCATTTAGAAGTGTGA-1	FALSE
cHC-1L	TCCAACTTTAAATTCT-1	TRUE
cHC-1L	TCCAAGCCTAGACACA-1	TRUE
cHC-1L	TCCAATAAAGGCTACC-1	FALSE
cHC-1L	TCCAATGCGTCGCCGC-1	FALSE
cHC-1L	TCCACAATGGTTTACG-1	FALSE
cHC-1L	TCCACATCGTATATTG-1	FALSE
cHC-1L	TCCACCAAGACATAGG-1	TRUE
cHC-1L	TCCACCTCTAGCCTTT-1	FALSE
cHC-1L	TCCACTTTATCTAGGT-1	FALSE
cHC-1L	TCCAGAGCACCGGTTC-1	FALSE
cHC-1L	TCCAGATGTACGCCAA-1	FALSE
cHC-1L	TCCAGCGCTATAAGCG-1	FALSE
cHC-1L	TCCAGGCAGGACGATC-1	FALSE
cHC-1L	TCCAGGCGAGTACGGT-1	FALSE
cHC-1L	TCCAGGGTATATACGA-1	FALSE
cHC-1L	TCCATCAATACTAATC-1	FALSE
cHC-1L	TCCATTAGTTGGATAG-1	FALSE
cHC-1L	TCCATTCCCACTAGAG-1	FALSE
cHC-1L	TCCATTGTGACCTCGT-1	FALSE
cHC-1L	TCCCAAACAGACAACG-1	FALSE
cHC-1L	TCCCAAACATCCTCTA-1	FALSE
cHC-1L	TCCCAAAGACGAAGGA-1	FALSE
cHC-1L	TCCCAAAGCCCTAAAT-1	FALSE
cHC-1L	TCCCACTCTCTTCCGG-1	FALSE
cHC-1L	TCCCAGCACACGACAT-1	FALSE
cHC-1L	TCCCAGCTTTAGTCTG-1	FALSE
cHC-1L	TCCCAGGCTTAGCTAA-1	FALSE
cHC-1L	TCCCGCCTATGTGCGT-1	FALSE
cHC-1L	TCCCGCGTACTCCTGG-1	FALSE
cHC-1L	TCCCGGGTGTGCTGCT-1	FALSE
cHC-1L	TCCCGGTCAGGAATTT-1	FALSE
cHC-1L	TCCCGTCAGTCCCGCA-1	FALSE
cHC-1L	TCCCGTCGCGTCATAG-1	FALSE
cHC-1L	TCCCGTGTGCAATTTG-1	FALSE
cHC-1L	TCCCTAGATCAATAGG-1	FALSE
cHC-1L	TCCCTCCGAAATCGTT-1	FALSE
cHC-1L	TCCCTCTTCTCAAGGG-1	FALSE
cHC-1L	TCCCTGGCGTATTAAC-1	FALSE
cHC-1L	TCCCTGGCTCGCTGGA-1	FALSE
cHC-1L	TCCCTTGTCTGAAACT-1	FALSE
cHC-1L	TCCGAACGTTGCCGCT-1	FALSE
cHC-1L	TCCGAACTTGGCTTAC-1	FALSE
cHC-1L	TCCGAAGTAGTCACCA-1	FALSE
cHC-1L	TCCGAATGGTCCTGAG-1	FALSE
cHC-1L	TCCGACCGCTAATCAA-1	FALSE
cHC-1L	TCCGAGAAGGCTAAGC-1	FALSE
cHC-1L	TCCGATAATTGCCATA-1	FALSE
cHC-1L	TCCGATGACTGAGCTC-1	FALSE
cHC-1L	TCCGATGGTGCGACAT-1	TRUE
cHC-1L	TCCGATTACATTGCCG-1	TRUE
cHC-1L	TCCGCAGCCACCTAGC-1	FALSE
cHC-1L	TCCGCCTGTCTACAAG-1	FALSE
cHC-1L	TCCGCGGCAGCATCTG-1	FALSE
cHC-1L	TCCGCGGCCCAATGAA-1	FALSE
cHC-1L	TCCGCTGGGTCGATCG-1	FALSE
cHC-1L	TCCGCTGTCATCCCGG-1	FALSE
cHC-1L	TCCGCTTATCCCATTA-1	FALSE
cHC-1L	TCCGGAGGAAGGGCTG-1	FALSE
cHC-1L	TCCGGCCTAGCGTACA-1	FALSE
cHC-1L	TCCGGCTGTCGGGTCG-1	FALSE
cHC-1L	TCCGGGCTTGACGGGA-1	FALSE
cHC-1L	TCCGGTTCGTCCGGTC-1	FALSE
cHC-1L	TCCGTAACCACAATCC-1	TRUE
cHC-1L	TCCGTTAAGCTAATAT-1	FALSE
cHC-1L	TCCGTTTAGCCTTGAA-1	FALSE
cHC-1L	TCCTAAAGATTCAGAC-1	FALSE
cHC-1L	TCCTAAATTGGGAAGC-1	FALSE
cHC-1L	TCCTAACCGTCGGGCA-1	FALSE
cHC-1L	TCCTACATCCACGGCC-1	FALSE
cHC-1L	TCCTAGCAAAGAAGCT-1	TRUE
cHC-1L	TCCTATCATAGGTAAC-1	FALSE
cHC-1L	TCCTCCTAAGACATTC-1	FALSE
cHC-1L	TCCTCGGGCTGGGCTT-1	FALSE
cHC-1L	TCCTCTACGAGATGGC-1	FALSE
cHC-1L	TCCTCTCCAGTTGTCC-1	FALSE
cHC-1L	TCCTCTGGCCCATTAG-1	FALSE
cHC-1L	TCCTGCCAACTGGAGA-1	FALSE
cHC-1L	TCCTGCGTTGATACTC-1	FALSE
cHC-1L	TCCTGGCGCTGCCTGG-1	FALSE
cHC-1L	TCCTTACGACGGTCCG-1	FALSE
cHC-1L	TCCTTCAATCCCTACG-1	FALSE
cHC-1L	TCCTTCAGTGGTCGAA-1	FALSE
cHC-1L	TCCTTGTCCTTTAATT-1	FALSE
cHC-1L	TCCTTTAAATCCGCTT-1	FALSE
cHC-1L	TCCTTTCTTACGCTTA-1	FALSE
cHC-1L	TCGAAATTTAGGACCA-1	FALSE
cHC-1L	TCGAAGAACCGAGCAC-1	FALSE
cHC-1L	TCGAATATCCCGCAGG-1	FALSE
cHC-1L	TCGAATCGCAGGGTAG-1	FALSE
cHC-1L	TCGACAACTGAACCCG-1	FALSE
cHC-1L	TCGACATAGCGTAGCG-1	FALSE
cHC-1L	TCGAGACCAACACCGT-1	FALSE
cHC-1L	TCGAGCCAGGCAGGCC-1	FALSE
cHC-1L	TCGAGGGCAACAGACG-1	FALSE
cHC-1L	TCGAGTCTACGATTCG-1	FALSE
cHC-1L	TCGATAGGCTAGTCGC-1	FALSE
cHC-1L	TCGATGTTACGGCCGT-1	FALSE
cHC-1L	TCGATTTACGAAACGA-1	FALSE
cHC-1L	TCGCAAAGATGCATTT-1	FALSE
cHC-1L	TCGCACCAGGAGGCAG-1	FALSE
cHC-1L	TCGCACTAACGTTTGT-1	FALSE
cHC-1L	TCGCATAAAGGGCGCA-1	FALSE
cHC-1L	TCGCATCCCTAAGTGT-1	FALSE
cHC-1L	TCGCATTCAATGACTT-1	FALSE
cHC-1L	TCGCCACCCGGATTAC-1	FALSE
cHC-1L	TCGCCCAACTGACTCC-1	FALSE
cHC-1L	TCGCCCACTGCGAGAG-1	FALSE
cHC-1L	TCGCCGAAGTTGCGTC-1	FALSE
cHC-1L	TCGCCGACATATTCGC-1	FALSE
cHC-1L	TCGCCGCACCGCGTGA-1	FALSE
cHC-1L	TCGCCGGAGAGTCTTA-1	FALSE
cHC-1L	TCGCCGGATGGGCAAG-1	FALSE
cHC-1L	TCGCCGGTCGATCCGT-1	FALSE
cHC-1L	TCGCCTCCTTCGGCTC-1	TRUE
cHC-1L	TCGCCTCGACCTGTTG-1	TRUE
cHC-1L	TCGCGCGTTTACATGA-1	FALSE
cHC-1L	TCGCGTAGCAGTGTCC-1	FALSE
cHC-1L	TCGCGTCCAGAAGGTC-1	TRUE
cHC-1L	TCGCTACTGGCTTTGA-1	FALSE
cHC-1L	TCGCTCGATATATTCC-1	FALSE
cHC-1L	TCGCTCGGCACCAGCG-1	FALSE
cHC-1L	TCGCTGCCAATGCTGT-1	TRUE
cHC-1L	TCGCTGGGCGGATTGT-1	FALSE
cHC-1L	TCGCTGTGCGTAAATC-1	FALSE
cHC-1L	TCGCTTAATTACGAAG-1	FALSE
cHC-1L	TCGCTTTAAACGTTTG-1	FALSE
cHC-1L	TCGGAATGACCATCAA-1	FALSE
cHC-1L	TCGGAATGCGCTCTGA-1	TRUE
cHC-1L	TCGGACGCCCAGCCCA-1	FALSE
cHC-1L	TCGGAGAGTATCGGGA-1	FALSE
cHC-1L	TCGGAGTACATGAGTA-1	FALSE
cHC-1L	TCGGAGTCCTGGTTGC-1	FALSE
cHC-1L	TCGGATCTGGATGACC-1	FALSE
cHC-1L	TCGGCAGGGTTAAGGG-1	FALSE
cHC-1L	TCGGCGAACCCAAACC-1	FALSE
cHC-1L	TCGGCGTACTGCACAA-1	FALSE
cHC-1L	TCGGCTTGTATCGACG-1	FALSE
cHC-1L	TCGGGAACGTGCCTAG-1	FALSE
cHC-1L	TCGGGAGACAGCGTAC-1	FALSE
cHC-1L	TCGGGATTCAAACATA-1	FALSE
cHC-1L	TCGGGCCGTCGTGGTA-1	FALSE
cHC-1L	TCGGGTGAAACTGCTA-1	FALSE
cHC-1L	TCGGTCCCGACAATAG-1	FALSE
cHC-1L	TCGGTCCCTGACTCCA-1	FALSE
cHC-1L	TCGGTGACCGCTCCGG-1	FALSE
cHC-1L	TCGTAACTCCCAAGAC-1	FALSE
cHC-1L	TCGTAAGACGACATTG-1	FALSE
cHC-1L	TCGTAAGCTCCGAGGA-1	FALSE
cHC-1L	TCGTACCGACGTCAAG-1	FALSE
cHC-1L	TCGTATAGTGCAATTA-1	FALSE
cHC-1L	TCGTATTACCCATTGC-1	FALSE
cHC-1L	TCGTCAAGTACGCGCA-1	FALSE
cHC-1L	TCGTCACACTGTTAGC-1	TRUE
cHC-1L	TCGTCCGCTGGCGTCT-1	FALSE
cHC-1L	TCGTCCGGGTACACTC-1	FALSE
cHC-1L	TCGTCTTAGGCGTTAA-1	FALSE
cHC-1L	TCGTGTACTATGGATG-1	FALSE
cHC-1L	TCGTGTATTGGTCACG-1	FALSE
cHC-1L	TCGTGTCACGCTGACA-1	FALSE
cHC-1L	TCGTGTTCGACCACAA-1	FALSE
cHC-1L	TCGTTAGGAGTCCCTA-1	FALSE
cHC-1L	TCGTTCGTTATTATGT-1	FALSE
cHC-1L	TCGTTGACAGGGTCCC-1	FALSE
cHC-1L	TCGTTGCTATCCGGTC-1	FALSE
cHC-1L	TCGTTGGCTCGTCAAT-1	FALSE
cHC-1L	TCGTTTACGCGACCCT-1	TRUE
cHC-1L	TCTAAAGAACAGTCTC-1	FALSE
cHC-1L	TCTAACCTAGCCTGCG-1	FALSE
cHC-1L	TCTAACTGTATGTAAA-1	FALSE
cHC-1L	TCTAATACTGCCTCAG-1	FALSE
cHC-1L	TCTACCCAATAGAGAG-1	FALSE
cHC-1L	TCTACCCGCATCATTT-1	FALSE
cHC-1L	TCTACCGTCCACAAGC-1	FALSE
cHC-1L	TCTACGCACGATCTCC-1	FALSE
cHC-1L	TCTACGGGCTCAGTTG-1	FALSE
cHC-1L	TCTAGCAATCTCCGCC-1	FALSE
cHC-1L	TCTAGCATCTTCGATG-1	FALSE
cHC-1L	TCTAGCATGCCCAGAA-1	FALSE
cHC-1L	TCTAGGTGGCGACGCT-1	FALSE
cHC-1L	TCTAGTGATATCGTGG-1	FALSE
cHC-1L	TCTAGTTATCAGAAGA-1	FALSE
cHC-1L	TCTATAGGTGGGTAAT-1	FALSE
cHC-1L	TCTATCATGCAGTTAC-1	FALSE
cHC-1L	TCTATCCGATTGCACA-1	FALSE
cHC-1L	TCTATCGGTCGCAACA-1	FALSE
cHC-1L	TCTATGCTATAACGAC-1	FALSE
cHC-1L	TCTATTACGCTGGCGA-1	FALSE
cHC-1L	TCTATTACTAGAGGAT-1	FALSE
cHC-1L	TCTCAAATCAATCGGG-1	TRUE
cHC-1L	TCTCAGGCTACTCGCT-1	FALSE
cHC-1L	TCTCATGAGATAGGGT-1	FALSE
cHC-1L	TCTCCAACGTAGGTTA-1	FALSE
cHC-1L	TCTCCACAAGTTGAAT-1	FALSE
cHC-1L	TCTCCCTGGGCAGCGT-1	FALSE
cHC-1L	TCTCGAACGAGGTCAC-1	FALSE
cHC-1L	TCTCGACGTATCGCCG-1	FALSE
cHC-1L	TCTCGAGGAGGTTCGC-1	FALSE
cHC-1L	TCTCGGCTCCAGGACT-1	FALSE
cHC-1L	TCTCGTGTTACGAGGA-1	FALSE
cHC-1L	TCTCTAATAGCTGGTA-1	FALSE
cHC-1L	TCTCTCGCCGCACATA-1	FALSE
cHC-1L	TCTCTTACCGCGAACC-1	FALSE
cHC-1L	TCTGAACCGGTCGGCT-1	FALSE
cHC-1L	TCTGAACTCGTACCCG-1	FALSE
cHC-1L	TCTGAAGCACGTGGTC-1	FALSE
cHC-1L	TCTGAATTCCGTACAA-1	FALSE
cHC-1L	TCTGACGGGCTAACCC-1	FALSE
cHC-1L	TCTGACTGTAATGGTT-1	FALSE
cHC-1L	TCTGAGCAATTGACTG-1	FALSE
cHC-1L	TCTGATCGGGTGCTAG-1	FALSE
cHC-1L	TCTGATGTATTCTGTC-1	FALSE
cHC-1L	TCTGATTGGAAATGGA-1	FALSE
cHC-1L	TCTGCACCATTAGTAA-1	FALSE
cHC-1L	TCTGCAGATTCGAGTC-1	FALSE
cHC-1L	TCTGCATACCTTGCTT-1	FALSE
cHC-1L	TCTGCCAGAAACTGCA-1	FALSE
cHC-1L	TCTGCGAATCGTTCGC-1	FALSE
cHC-1L	TCTGCGTCCGGTTTCT-1	FALSE
cHC-1L	TCTGGAGCGTAAGAGT-1	FALSE
cHC-1L	TCTGGCCGTTCAAGTT-1	FALSE
cHC-1L	TCTGGCGCAAGCCGGG-1	FALSE
cHC-1L	TCTGGGAACCTTTGAA-1	FALSE
cHC-1L	TCTGGGTAGCGCTCAT-1	TRUE
cHC-1L	TCTGTCATACAAGAGC-1	TRUE
cHC-1L	TCTGTGACTGACCGTT-1	FALSE
cHC-1L	TCTGTGCCATCATAGT-1	FALSE
cHC-1L	TCTGTGGCTACATTTC-1	FALSE
cHC-1L	TCTGTTACCCAGCATA-1	FALSE
cHC-1L	TCTGTTTAGATTGTTC-1	FALSE
cHC-1L	TCTTAACTCGGATGTA-1	FALSE
cHC-1L	TCTTACAGAGGTACCG-1	FALSE
cHC-1L	TCTTACGGCATCCGAC-1	FALSE
cHC-1L	TCTTACTTATGCCTCT-1	FALSE
cHC-1L	TCTTAGAGCTCCAATT-1	FALSE
cHC-1L	TCTTAGAGTGAACTCT-1	FALSE
cHC-1L	TCTTCCCATGGGCACA-1	FALSE
cHC-1L	TCTTCGAATAGACGTT-1	FALSE
cHC-1L	TCTTCGATACCAATAA-1	FALSE
cHC-1L	TCTTCGCGGTGAGAGG-1	FALSE
cHC-1L	TCTTCTATAACCCGCC-1	FALSE
cHC-1L	TCTTGATGCGTAGCGA-1	FALSE
cHC-1L	TCTTGCTCCCGATACT-1	FALSE
cHC-1L	TCTTGGTAACACCAAA-1	FALSE
cHC-1L	TCTTGGTCAATGATAC-1	FALSE
cHC-1L	TCTTTAAGACTATGAA-1	FALSE
cHC-1L	TCTTTAGAGTCTAACA-1	FALSE
cHC-1L	TCTTTAGCAGGCGAAC-1	FALSE
cHC-1L	TCTTTCATCCGTCCTT-1	FALSE
cHC-1L	TCTTTCCTTCGAGATA-1	FALSE
cHC-1L	TCTTTCGGCGGGACAC-1	FALSE
cHC-1L	TGAAACTTATGCAAGC-1	FALSE
cHC-1L	TGAAAGGACCTGACTC-1	FALSE
cHC-1L	TGAACAAGCAGGGACT-1	FALSE
cHC-1L	TGAACACCCGAAGCAG-1	FALSE
cHC-1L	TGAACCTGAATGTGAG-1	FALSE
cHC-1L	TGAACTGCTATGACTT-1	FALSE
cHC-1L	TGAAGAGCGGTCCTAG-1	TRUE
cHC-1L	TGAAGTAGCTTACGGA-1	TRUE
cHC-1L	TGAATACCGACGCGTA-1	FALSE
cHC-1L	TGAATATGCTATAAAC-1	FALSE
cHC-1L	TGAATGAGATACAGCA-1	FALSE
cHC-1L	TGAATGAGTGTTTCCC-1	FALSE
cHC-1L	TGAATGTCAGCCGGCC-1	FALSE
cHC-1L	TGAATTTCACTTGCCT-1	FALSE
cHC-1L	TGACAACGCATGTCGC-1	FALSE
cHC-1L	TGACACTTCTCTTTGC-1	FALSE
cHC-1L	TGACAGAAATCTTGCT-1	FALSE
cHC-1L	TGACAGGACAAGTCCA-1	FALSE
cHC-1L	TGACATATATGACGAT-1	FALSE
cHC-1L	TGACATCGAGCGGACC-1	FALSE
cHC-1L	TGACATGTAACGTGAC-1	FALSE
cHC-1L	TGACCAAATCTTAAAC-1	FALSE
cHC-1L	TGACCAGCTTCAAAGT-1	FALSE
cHC-1L	TGACCCACGTTAGACA-1	FALSE
cHC-1L	TGACGAATATTTCCCT-1	FALSE
cHC-1L	TGACGATGCACTAGAA-1	FALSE
cHC-1L	TGACTATAATCCTTTC-1	FALSE
cHC-1L	TGACTCCGAATCATAC-1	FALSE
cHC-1L	TGACTCTAACTGGTAA-1	FALSE
cHC-1L	TGAGAATGCTTTACCG-1	FALSE
cHC-1L	TGAGACGTACCTCTCA-1	FALSE
cHC-1L	TGAGAGATTTACCACG-1	FALSE
cHC-1L	TGAGATCAAATACTCA-1	FALSE
cHC-1L	TGAGATTAGGCCCTAA-1	FALSE
cHC-1L	TGAGCAGTCGTGAAGT-1	FALSE
cHC-1L	TGAGCCATACAGTCTC-1	FALSE
cHC-1L	TGAGCGGAAAGTGTTC-1	FALSE
cHC-1L	TGAGCTCAACTGTATA-1	FALSE
cHC-1L	TGAGCTTTAATGACGC-1	FALSE
cHC-1L	TGAGGAGTGCCAGCTT-1	FALSE
cHC-1L	TGAGGCATGTACTGTG-1	FALSE
cHC-1L	TGAGGTGTGTGGCGGA-1	FALSE
cHC-1L	TGAGTGCCTCTTAAAT-1	FALSE
cHC-1L	TGAGTGGTCCGTGACG-1	FALSE
cHC-1L	TGAGTGTAACAACGGG-1	TRUE
cHC-1L	TGAGTTAAAGACATTC-1	FALSE
cHC-1L	TGATACATTTAGCCGT-1	FALSE
cHC-1L	TGATAGCGGGATTCTA-1	FALSE
cHC-1L	TGATCACCACACTGAC-1	FALSE
cHC-1L	TGATCAGGGAACTGCT-1	FALSE
cHC-1L	TGATCCCAGCATTAGT-1	FALSE
cHC-1L	TGATCGGTTTGACCCT-1	TRUE
cHC-1L	TGATCTACGCTGATCT-1	FALSE
cHC-1L	TGATCTATCACACTCT-1	TRUE
cHC-1L	TGATCTCCGGCGCCAG-1	FALSE
cHC-1L	TGATGGCTGTTTCTGA-1	FALSE
cHC-1L	TGATGGGACTAAGTCA-1	FALSE
cHC-1L	TGATGTCAATTAAGTG-1	FALSE
cHC-1L	TGATTATGGCACGCAG-1	FALSE
cHC-1L	TGATTCAGGTCCCGCG-1	FALSE
cHC-1L	TGATTCCCGGTTACCT-1	FALSE
cHC-1L	TGATTCGTCTATCACT-1	FALSE
cHC-1L	TGATTCTGTCGCCGGT-1	FALSE
cHC-1L	TGATTTATTAGCTGTG-1	FALSE
cHC-1L	TGATTTCCTCCTGACG-1	FALSE
cHC-1L	TGCAAACGTACTAGTT-1	FALSE
cHC-1L	TGCAAAGTTCGTCTGT-1	FALSE
cHC-1L	TGCAACCCATCTGCGG-1	FALSE
cHC-1L	TGCAACTACTGGTTGA-1	TRUE
cHC-1L	TGCAAGAATGACGTAA-1	FALSE
cHC-1L	TGCAATCTAACACGGT-1	FALSE
cHC-1L	TGCAATTTGGGCACGG-1	FALSE
cHC-1L	TGCACAGTGAAGTTAT-1	FALSE
cHC-1L	TGCACGAGTCGGCAGC-1	FALSE
cHC-1L	TGCACTATGTGAGTGC-1	FALSE
cHC-1L	TGCAGAACTATATCGT-1	FALSE
cHC-1L	TGCAGAGTACCGAGCA-1	FALSE
cHC-1L	TGCAGATCGTCCTAGG-1	FALSE
cHC-1L	TGCAGCTACGTACTTC-1	FALSE
cHC-1L	TGCAGGATCGGCAAAG-1	FALSE
cHC-1L	TGCAGTGAGGCTCGGG-1	FALSE
cHC-1L	TGCAGTGGTAGGGAAC-1	FALSE
cHC-1L	TGCAGTTTCCTCCCAT-1	FALSE
cHC-1L	TGCATATGTCTGTCAC-1	FALSE
cHC-1L	TGCATGAGTAGATTCG-1	TRUE
cHC-1L	TGCATGGATCGGATCT-1	FALSE
cHC-1L	TGCATGTGACCCATAG-1	FALSE
cHC-1L	TGCATGTGGTAATCTA-1	FALSE
cHC-1L	TGCCAAAGTCAGACTT-1	FALSE
cHC-1L	TGCCAATGGGTACTCT-1	FALSE
cHC-1L	TGCCACACTAGAGGAA-1	FALSE
cHC-1L	TGCCACCTGGCGAAAC-1	FALSE
cHC-1L	TGCCAGTACGTGGAGA-1	FALSE
cHC-1L	TGCCATTACTAAAGAA-1	FALSE
cHC-1L	TGCCCGATAGTTAGAA-1	FALSE
cHC-1L	TGCCCGTACCGTTAAA-1	FALSE
cHC-1L	TGCCGAAAGCGTATTC-1	FALSE
cHC-1L	TGCCGATGTCATCAAT-1	FALSE
cHC-1L	TGCCGGATGTACGAGC-1	FALSE
cHC-1L	TGCCGTGGATCGTCCT-1	FALSE
cHC-1L	TGCCGTGGGACCCAAT-1	FALSE
cHC-1L	TGCCGTTCTTAATCGG-1	FALSE
cHC-1L	TGCCTAAATTTAATAG-1	FALSE
cHC-1L	TGCCTAATTGAAGATT-1	FALSE
cHC-1L	TGCCTGACATCGGTCA-1	FALSE
cHC-1L	TGCCTGATCAAACGAT-1	FALSE
cHC-1L	TGCCTTGGCCAGGCAA-1	FALSE
cHC-1L	TGCGAATATGGGATTT-1	FALSE
cHC-1L	TGCGACACCCTAGTGC-1	FALSE
cHC-1L	TGCGACGGCCGAACGT-1	FALSE
cHC-1L	TGCGAGAAACGTTACG-1	TRUE
cHC-1L	TGCGAGAATATTACCC-1	FALSE
cHC-1L	TGCGAGATGGCGGCCA-1	FALSE
cHC-1L	TGCGAGCCCTTCCGCG-1	FALSE
cHC-1L	TGCGATGCTAATGGCT-1	TRUE
cHC-1L	TGCGCAAAGCATTTGG-1	FALSE
cHC-1L	TGCGCCGTTAATAACG-1	FALSE
cHC-1L	TGCGCGATTAACGGAG-1	FALSE
cHC-1L	TGCGGACTTGACTCCG-1	FALSE
cHC-1L	TGCGGAGTAAAGGTGC-1	FALSE
cHC-1L	TGCGGCATAGTTCAAC-1	FALSE
cHC-1L	TGCGGTGAAATTTCAT-1	FALSE
cHC-1L	TGCGTAAGAACCTGAT-1	FALSE
cHC-1L	TGCGTACGGCTAATTG-1	FALSE
cHC-1L	TGCGTCATGACTGAGC-1	FALSE
cHC-1L	TGCGTGATTGGGTGTC-1	FALSE
cHC-1L	TGCGTTTGTTGACACT-1	FALSE
cHC-1L	TGCTAAGTGTCTATTT-1	FALSE
cHC-1L	TGCTATACAAACGGAC-1	FALSE
cHC-1L	TGCTATGGCAAAGGGA-1	FALSE
cHC-1L	TGCTCCACAGTTCTTA-1	FALSE
cHC-1L	TGCTCGGCGAAACCCA-1	FALSE
cHC-1L	TGCTCGGTGGGTCACC-1	FALSE
cHC-1L	TGCTCTGCCGGTTCAC-1	FALSE
cHC-1L	TGCTCTTGAGAGTTTG-1	FALSE
cHC-1L	TGCTGCGTCAGAGTTA-1	FALSE
cHC-1L	TGCTGGTTGGACAATT-1	FALSE
cHC-1L	TGCTGTTGAAGAACTC-1	FALSE
cHC-1L	TGCTTAGAGAGAATGC-1	FALSE
cHC-1L	TGCTTCCCAAGCAGTA-1	FALSE
cHC-1L	TGGAAACGGAGTGAAC-1	FALSE
cHC-1L	TGGAACCACTGACACA-1	FALSE
cHC-1L	TGGAAGAAGGGAACGT-1	FALSE
cHC-1L	TGGAAGACGAACACCA-1	FALSE
cHC-1L	TGGAAGGATAAAGATG-1	FALSE
cHC-1L	TGGAATATCCTTGACC-1	FALSE
cHC-1L	TGGAATTAGACGCTTT-1	TRUE
cHC-1L	TGGACACCGTTGCTTG-1	FALSE
cHC-1L	TGGACCAATCTAAGAT-1	FALSE
cHC-1L	TGGACCACGGCGTTGA-1	FALSE
cHC-1L	TGGACGCAATCCAGCC-1	FALSE
cHC-1L	TGGACGTAGGCGAATC-1	TRUE
cHC-1L	TGGACTGTTCGCTCAA-1	FALSE
cHC-1L	TGGAGAATAATCGTCC-1	FALSE
cHC-1L	TGGAGCTAAAGTTCCC-1	FALSE
cHC-1L	TGGAGGGAAACACCTC-1	FALSE
cHC-1L	TGGAGTGATGCGATGA-1	FALSE
cHC-1L	TGGATAGAGTAACAGA-1	FALSE
cHC-1L	TGGCAAACTAAATTAC-1	FALSE
cHC-1L	TGGCAACTCGCGCGCC-1	FALSE
cHC-1L	TGGCAAGCACAAGTCG-1	FALSE
cHC-1L	TGGCAATGGGACGGCG-1	FALSE
cHC-1L	TGGCAGATTACGATCA-1	FALSE
cHC-1L	TGGCAGCAGTAATAGT-1	FALSE
cHC-1L	TGGCATGAAGTTTGGG-1	FALSE
cHC-1L	TGGCCAAACTGAAGTA-1	FALSE
cHC-1L	TGGCCAATTTGGTACT-1	FALSE
cHC-1L	TGGCCGTATATTGACC-1	FALSE
cHC-1L	TGGCGACTGCTCCAAA-1	FALSE
cHC-1L	TGGCGATCAAGTTATG-1	FALSE
cHC-1L	TGGCGGTGTGCGATTG-1	FALSE
cHC-1L	TGGCTACACTCTACCT-1	FALSE
cHC-1L	TGGCTATGTGACATAC-1	FALSE
cHC-1L	TGGCTCTTGTCGCGTA-1	FALSE
cHC-1L	TGGCTTATGTATAATG-1	FALSE
cHC-1L	TGGCTTGTACAAGCTT-1	FALSE
cHC-1L	TGGCTTTGGGTAGACA-1	FALSE
cHC-1L	TGGGAAATGCCTTTCC-1	FALSE
cHC-1L	TGGGACCATTGGGAGT-1	FALSE
cHC-1L	TGGGATGCACTCATTC-1	FALSE
cHC-1L	TGGGCAATAGTTGGGT-1	FALSE
cHC-1L	TGGGCACAAACAGAAC-1	FALSE
cHC-1L	TGGGCACGTTCTATGG-1	FALSE
cHC-1L	TGGGCAGGCCACCGCA-1	FALSE
cHC-1L	TGGGCCACAAGAGCGC-1	FALSE
cHC-1L	TGGGCCCATACTAATT-1	FALSE
cHC-1L	TGGGCCTTGCCTGCAT-1	FALSE
cHC-1L	TGGGCGATACAATAAG-1	FALSE
cHC-1L	TGGGTAAGGTTCCCGC-1	FALSE
cHC-1L	TGGGTGCACAAGCCAT-1	TRUE
cHC-1L	TGGGTGGGATGTCATT-1	FALSE
cHC-1L	TGGGTGTAATAGATTT-1	FALSE
cHC-1L	TGGGTGTTAAGTAGAA-1	FALSE
cHC-1L	TGGGTTCCCGGACGGA-1	FALSE
cHC-1L	TGGGTTTCGGGCGTAC-1	FALSE
cHC-1L	TGGTAAGCAGGATTGA-1	FALSE
cHC-1L	TGGTAGAATATATGGG-1	FALSE
cHC-1L	TGGTATCGCATCCCAA-1	FALSE
cHC-1L	TGGTATCGGTCTGTAT-1	FALSE
cHC-1L	TGGTCCCACGCTACGG-1	FALSE
cHC-1L	TGGTCGATATACCTCT-1	FALSE
cHC-1L	TGGTCGGGTACAGGGC-1	FALSE
cHC-1L	TGGTCGTGCAAGGCAA-1	FALSE
cHC-1L	TGGTCTAGCTTACATG-1	FALSE
cHC-1L	TGGTCTGTTGGGCGTA-1	FALSE
cHC-1L	TGGTGATCGTATTTGT-1	TRUE
cHC-1L	TGGTGCCCTGCCTTAC-1	FALSE
cHC-1L	TGGTGTGACAGACGAT-1	FALSE
cHC-1L	TGGTTAACTTACATTT-1	FALSE
cHC-1L	TGGTTAAGGGCGCTGG-1	FALSE
cHC-1L	TGGTTATGCTTGCGGT-1	FALSE
cHC-1L	TGGTTCAACGGGTAAT-1	FALSE
cHC-1L	TGGTTCGTAGCAAAGG-1	FALSE
cHC-1L	TGGTTGGAGGATCCTG-1	FALSE
cHC-1L	TGGTTTAAACGTGGGT-1	FALSE
cHC-1L	TGTAACTTGTCAACCT-1	FALSE
cHC-1L	TGTAAGACTGATAAGA-1	FALSE
cHC-1L	TGTAATGACCACAATA-1	FALSE
cHC-1L	TGTACCCGACCCTAAT-1	FALSE
cHC-1L	TGTACCTACACGAGGG-1	FALSE
cHC-1L	TGTACGAACAAATCCG-1	FALSE
cHC-1L	TGTACTACTCTCACGG-1	FALSE
cHC-1L	TGTACTGTGCCAAAGT-1	FALSE
cHC-1L	TGTACTTCCGGGCATG-1	FALSE
cHC-1L	TGTAGCCAATTCCGTT-1	FALSE
cHC-1L	TGTAGCCATCCCATTC-1	FALSE
cHC-1L	TGTAGGAGAAATTTCC-1	FALSE
cHC-1L	TGTAGTGATCTATAAT-1	FALSE
cHC-1L	TGTATAACAGATCCTG-1	FALSE
cHC-1L	TGTATACGGATGATGA-1	FALSE
cHC-1L	TGTATCAGACTGAAGC-1	FALSE
cHC-1L	TGTATCCTTATTCCAT-1	FALSE
cHC-1L	TGTATGGCGCAGACAG-1	FALSE
cHC-1L	TGTATTTACCTAATGC-1	FALSE
cHC-1L	TGTCATTTGTTGGGAA-1	FALSE
cHC-1L	TGTCCACGGCTCAACT-1	FALSE
cHC-1L	TGTCCCGACATAGCAC-1	FALSE
cHC-1L	TGTCCGCAAACAATTC-1	FALSE
cHC-1L	TGTCCGTGGCGCCTTT-1	TRUE
cHC-1L	TGTCCTAAGTCACCGC-1	FALSE
cHC-1L	TGTCGGCATGGTGGAA-1	TRUE
cHC-1L	TGTCGTGGGTATAGGC-1	FALSE
cHC-1L	TGTCGTTATCACATAT-1	FALSE
cHC-1L	TGTCTACAGTTTCTGT-1	FALSE
cHC-1L	TGTGACTACGCCAGTC-1	FALSE
cHC-1L	TGTGACTAGAGTTTGC-1	FALSE
cHC-1L	TGTGAGACTAGCCCAA-1	FALSE
cHC-1L	TGTGCCAGAGGCAAAG-1	FALSE
cHC-1L	TGTGCCGGTGCCGGAA-1	FALSE
cHC-1L	TGTGCTTTACGTAAGA-1	FALSE
cHC-1L	TGTGGACTATCTACGT-1	FALSE
cHC-1L	TGTGGCAAAGCGTATG-1	FALSE
cHC-1L	TGTGGCGGGCTTCTGG-1	FALSE
cHC-1L	TGTGGTAGGGTGCCTT-1	FALSE
cHC-1L	TGTGGTTGCTAAAGCT-1	FALSE
cHC-1L	TGTGTAGTAGCACGTG-1	FALSE
cHC-1L	TGTGTCGAAGTCGAGG-1	FALSE
cHC-1L	TGTGTCGCGAGTTGCA-1	FALSE
cHC-1L	TGTGTGACCATGAATC-1	FALSE
cHC-1L	TGTGTTCGTATCCAAG-1	FALSE
cHC-1L	TGTTAACAAAGTGACT-1	FALSE
cHC-1L	TGTTATTGTATGTGGC-1	FALSE
cHC-1L	TGTTCATAAATGTGCT-1	FALSE
cHC-1L	TGTTCCGCTTCCATGA-1	FALSE
cHC-1L	TGTTCCGGCCTGAGCT-1	FALSE
cHC-1L	TGTTCGTATTGCGGTG-1	FALSE
cHC-1L	TGTTCTCATACTATAG-1	FALSE
cHC-1L	TGTTCTCTACTCCCTA-1	FALSE
cHC-1L	TGTTCTTCCATTGACT-1	FALSE
cHC-1L	TGTTGCCGTCGTCCCA-1	FALSE
cHC-1L	TGTTGTCAAGAAGTCT-1	FALSE
cHC-1L	TGTTTCGGTACTTCTC-1	FALSE
cHC-1L	TGTTTCTGAAGCGTGC-1	FALSE
cHC-1L	TGTTTGAGATCGTCAG-1	FALSE
cHC-1L	TTAAACAGAGTCCCGC-1	FALSE
cHC-1L	TTAAACCGGTAGCGAC-1	FALSE
cHC-1L	TTAAACCTGGTTCCTT-1	FALSE
cHC-1L	TTAAACTCGAATTCAT-1	FALSE
cHC-1L	TTAAAGGCGATGCTCG-1	FALSE
cHC-1L	TTAAAGTAAGTCGCCA-1	FALSE
cHC-1L	TTAACACCTCGAACAT-1	FALSE
cHC-1L	TTAACCAACCCTCCCT-1	FALSE
cHC-1L	TTAACGAACAAGCAGT-1	FALSE
cHC-1L	TTAACGTCGCAAGACC-1	FALSE
cHC-1L	TTAACGTTAAAGCCTG-1	FALSE
cHC-1L	TTAACTCACGCGTGGA-1	TRUE
cHC-1L	TTAACTGATCGTTTGG-1	FALSE
cHC-1L	TTAACTTCAGGTAGGA-1	FALSE
cHC-1L	TTAAGATACCCAGAGA-1	FALSE
cHC-1L	TTAAGATAGGATTGAC-1	FALSE
cHC-1L	TTAAGCCGACAACTTC-1	FALSE
cHC-1L	TTAAGCGCCTGACCCA-1	FALSE
cHC-1L	TTAAGGATACGGAGGT-1	FALSE
cHC-1L	TTAAGGCCCGTACTTT-1	FALSE
cHC-1L	TTAAGTATTGTTATCC-1	FALSE
cHC-1L	TTAATCAGTACGTCAG-1	FALSE
cHC-1L	TTAATGTAGACCAGGT-1	FALSE
cHC-1L	TTAATGTGTTTGCAGG-1	FALSE
cHC-1L	TTAATTGCTTTGGGTG-1	TRUE
cHC-1L	TTAATTTCAGACGCGG-1	FALSE
cHC-1L	TTACAACTACGCATCC-1	FALSE
cHC-1L	TTACACGATCTGCGAC-1	FALSE
cHC-1L	TTACAGACCTAAATGA-1	FALSE
cHC-1L	TTACATCGTGGCCTGG-1	FALSE
cHC-1L	TTACATGCCACAACTA-1	FALSE
cHC-1L	TTACCATTGATTACCC-1	FALSE
cHC-1L	TTACCCTAACAGTCCT-1	FALSE
cHC-1L	TTACCCTAGGGATTGG-1	FALSE
cHC-1L	TTACCGCCTTAGGGAA-1	FALSE
cHC-1L	TTACGGATGGTTCGAG-1	FALSE
cHC-1L	TTACGGTGTCACCGAG-1	FALSE
cHC-1L	TTACGTATCTATGACA-1	FALSE
cHC-1L	TTACTAAAGGACTTTA-1	FALSE
cHC-1L	TTACTATCGGCTTCTC-1	FALSE
cHC-1L	TTACTCCGGCCGGGAA-1	FALSE
cHC-1L	TTACTCTGGTACGTAC-1	FALSE
cHC-1L	TTACTGTCTAGAGCTC-1	FALSE
cHC-1L	TTAGAAGAACATGACT-1	FALSE
cHC-1L	TTAGAATAAGGGTCGG-1	FALSE
cHC-1L	TTAGACGAGTCACCTC-1	FALSE
cHC-1L	TTAGAGGGATATACAG-1	FALSE
cHC-1L	TTAGAGTATTGTCGAG-1	FALSE
cHC-1L	TTAGAGTTTAGAAGGA-1	FALSE
cHC-1L	TTAGATAGGTCGATAC-1	FALSE
cHC-1L	TTAGCAACATGGATGT-1	FALSE
cHC-1L	TTAGCATCCCTCACGT-1	FALSE
cHC-1L	TTAGCCATAGGGCTCG-1	FALSE
cHC-1L	TTAGCTAATACGATCT-1	FALSE
cHC-1L	TTAGCTCTGTAATCCG-1	TRUE
cHC-1L	TTAGCTGATTTGCCGT-1	FALSE
cHC-1L	TTAGGTCATAACCGAC-1	FALSE
cHC-1L	TTAGGTGTGACTGGTC-1	TRUE
cHC-1L	TTAGTAAACCTGCTCT-1	FALSE
cHC-1L	TTAGTAGGGCGGCGGG-1	FALSE
cHC-1L	TTAGTTATTCGTGGCA-1	FALSE
cHC-1L	TTAGTTCAAGTGTTCG-1	FALSE
cHC-1L	TTATAGATGCACATTA-1	FALSE
cHC-1L	TTATAGGTAATTGTCT-1	TRUE
cHC-1L	TTATATACGCTGTCAC-1	TRUE
cHC-1L	TTATATTTGGCAATCC-1	FALSE
cHC-1L	TTATCCAATCGAACTC-1	FALSE
cHC-1L	TTATCCGGGATCTATA-1	FALSE
cHC-1L	TTATCCTCAAGGAATA-1	FALSE
cHC-1L	TTATCGCCTGCGAAGC-1	FALSE
cHC-1L	TTATCTGACATTAGGA-1	FALSE
cHC-1L	TTATCTGTATCATAAC-1	FALSE
cHC-1L	TTATGAATGAAAGGGA-1	FALSE
cHC-1L	TTATGACAAACTGGAT-1	FALSE
cHC-1L	TTATGATCTTAACGAA-1	FALSE
cHC-1L	TTATGCGTCCCGGTCC-1	FALSE
cHC-1L	TTATGTTTGCGATAGA-1	TRUE
cHC-1L	TTATTAGAGCGTGTTC-1	FALSE
cHC-1L	TTATTAGGGAAGCATC-1	FALSE
cHC-1L	TTATTATCTGGAAGGC-1	FALSE
cHC-1L	TTATTTAGGTTCCTTA-1	FALSE
cHC-1L	TTCAAAGTCTCTAGCC-1	FALSE
cHC-1L	TTCAACGACCCGACCG-1	FALSE
cHC-1L	TTCAAGCCGAGCTGAG-1	FALSE
cHC-1L	TTCAATACTCTGAATC-1	FALSE
cHC-1L	TTCAATTAGCCATAAT-1	FALSE
cHC-1L	TTCACGAAAGGATCAC-1	FALSE
cHC-1L	TTCACGGTCGTCACGT-1	FALSE
cHC-1L	TTCACTCGAGCACCTA-1	FALSE
cHC-1L	TTCACTTCCTAGAACG-1	FALSE
cHC-1L	TTCAGCCCTGGTCCAC-1	FALSE
cHC-1L	TTCAGCTGGCGTGCCC-1	FALSE
cHC-1L	TTCAGGCGTCAAAGCC-1	FALSE
cHC-1L	TTCAGTTCAAGAGGAG-1	FALSE
cHC-1L	TTCAGTTTGTGGCAGC-1	FALSE
cHC-1L	TTCATAGCCTTGTAAC-1	FALSE
cHC-1L	TTCATAGGGTGTCCAT-1	FALSE
cHC-1L	TTCATGGCGCAACAGG-1	FALSE
cHC-1L	TTCCAATCTGGCTATC-1	FALSE
cHC-1L	TTCCACACAGATTTGA-1	FALSE
cHC-1L	TTCCAGACGAGATTTA-1	FALSE
cHC-1L	TTCCAGTGGGTTTCGT-1	FALSE
cHC-1L	TTCCATCATGCGGTGA-1	FALSE
cHC-1L	TTCCATCGACAGCGTG-1	FALSE
cHC-1L	TTCCCGGCGCCAATAG-1	FALSE
cHC-1L	TTCCGCAGAGAAATAT-1	FALSE
cHC-1L	TTCCGCGTGAGGCGAT-1	FALSE
cHC-1L	TTCCGGCCTTGAGGCT-1	FALSE
cHC-1L	TTCCGGCTCGACTTCT-1	FALSE
cHC-1L	TTCCGGTATCTGTGTC-1	FALSE
cHC-1L	TTCCGGTTACCCACTT-1	FALSE
cHC-1L	TTCCTCGAGGGTGTCT-1	FALSE
cHC-1L	TTCCTCGGACTAACCA-1	FALSE
cHC-1L	TTCCTCTGCCCGAATA-1	FALSE
cHC-1L	TTCCTTTCTGTGTTGC-1	FALSE
cHC-1L	TTCGAACGAAACATGC-1	FALSE
cHC-1L	TTCGACAGAGCCCGTG-1	FALSE
cHC-1L	TTCGACGGGAAGGGCG-1	FALSE
cHC-1L	TTCGAGCCGGCGCTAC-1	FALSE
cHC-1L	TTCGCACTCGCGTGCT-1	FALSE
cHC-1L	TTCGCACTGTACGACA-1	FALSE
cHC-1L	TTCGCATCCGGAAGCA-1	FALSE
cHC-1L	TTCGCCGCTCGCGCTA-1	FALSE
cHC-1L	TTCGCGCGCCATACGA-1	FALSE
cHC-1L	TTCGCTAGGAAGTTGT-1	FALSE
cHC-1L	TTCGCTATCTGACGTG-1	FALSE
cHC-1L	TTCGGACTGATGCCTT-1	FALSE
cHC-1L	TTCGGACTGGGCATGG-1	FALSE
cHC-1L	TTCGGCAACCCGCTGA-1	FALSE
cHC-1L	TTCGGCTAGAGATGGT-1	FALSE
cHC-1L	TTCGGGACTAATCGCG-1	FALSE
cHC-1L	TTCGGGCGCTAGTCTT-1	FALSE
cHC-1L	TTCGGGTTGCCACGGG-1	FALSE
cHC-1L	TTCGGTACTGTAGAGG-1	FALSE
cHC-1L	TTCGGTGGAGACGCCC-1	FALSE
cHC-1L	TTCGTAATCCCAGCGG-1	FALSE
cHC-1L	TTCGTACTCCAGAACG-1	TRUE
cHC-1L	TTCGTTCAACGAAGTT-1	FALSE
cHC-1L	TTCTAACCGAAGCTTA-1	FALSE
cHC-1L	TTCTACCTCAATCGGT-1	FALSE
cHC-1L	TTCTACTTGCGAGGGC-1	FALSE
cHC-1L	TTCTAGAAAGTCTTAT-1	FALSE
cHC-1L	TTCTAGGCCAATTGTG-1	FALSE
cHC-1L	TTCTATGCCTTTCGCA-1	FALSE
cHC-1L	TTCTATTAAACGCAGC-1	FALSE
cHC-1L	TTCTCAATTGCTACAA-1	FALSE
cHC-1L	TTCTCTTACAGGTGAT-1	FALSE
cHC-1L	TTCTGACCGGGCTCAA-1	FALSE
cHC-1L	TTCTGCCGCGCCTAGA-1	FALSE
cHC-1L	TTCTGCGAGCGCCCTT-1	FALSE
cHC-1L	TTCTGCGGGTTAGCGG-1	TRUE
cHC-1L	TTCTGCTAGACTCCAA-1	FALSE
cHC-1L	TTCTGTTTCCTGTCGC-1	TRUE
cHC-1L	TTCTTAGTGAACGGTG-1	FALSE
cHC-1L	TTCTTAGTGGCTCAGA-1	FALSE
cHC-1L	TTCTTATCCGCTGGGT-1	FALSE
cHC-1L	TTCTTGAGCCGCGCTA-1	FALSE
cHC-1L	TTCTTGCTAGCATCTC-1	FALSE
cHC-1L	TTCTTGGACGATCTGC-1	FALSE
cHC-1L	TTCTTGGAGTAATGAG-1	FALSE
cHC-1L	TTCTTGTAACCTAATG-1	FALSE
cHC-1L	TTCTTGTGTCCATCAG-1	FALSE
cHC-1L	TTCTTTGGTCGCGACG-1	FALSE
cHC-1L	TTGAAACCCTCATTCC-1	FALSE
cHC-1L	TTGAAAGGTGTAAAGG-1	FALSE
cHC-1L	TTGAACGAATCCTTTG-1	FALSE
cHC-1L	TTGAACGACGTGCTGA-1	FALSE
cHC-1L	TTGAAGAATTCCCAGG-1	FALSE
cHC-1L	TTGAAGGATGGGCGCC-1	FALSE
cHC-1L	TTGAATATGGACTTTC-1	FALSE
cHC-1L	TTGAATCGTTGTATAA-1	FALSE
cHC-1L	TTGAATTCACGTGAGG-1	FALSE
cHC-1L	TTGACAGGAGCTCCCG-1	FALSE
cHC-1L	TTGACATGAACGTGGA-1	FALSE
cHC-1L	TTGACCAGGAACAACT-1	FALSE
cHC-1L	TTGACCATGTTCTCCG-1	FALSE
cHC-1L	TTGACCGTGTTAATGA-1	FALSE
cHC-1L	TTGACGATTCAGCACG-1	FALSE
cHC-1L	TTGACGCTCCATGAGC-1	FALSE
cHC-1L	TTGACTACCATATGGT-1	FALSE
cHC-1L	TTGACTATTGTCCGGC-1	FALSE
cHC-1L	TTGAGAAGTTTAGCAT-1	FALSE
cHC-1L	TTGAGAGTACTGCTAA-1	FALSE
cHC-1L	TTGAGCGCCACGTGAT-1	FALSE
cHC-1L	TTGAGGCATTTAACTC-1	FALSE
cHC-1L	TTGAGTCCCGCTGCTG-1	FALSE
cHC-1L	TTGATAGTCAATACAT-1	FALSE
cHC-1L	TTGATCTAACTTTGTC-1	FALSE
cHC-1L	TTGATGCCGCTCGTCG-1	FALSE
cHC-1L	TTGATGTGTAGTCCCG-1	FALSE
cHC-1L	TTGATTAGCTGTTTCT-1	FALSE
cHC-1L	TTGATTATGCAGATGA-1	FALSE
cHC-1L	TTGCAAGAAGACTCCT-1	FALSE
cHC-1L	TTGCACAATTCAGAAA-1	FALSE
cHC-1L	TTGCACGGAGCAGCAC-1	FALSE
cHC-1L	TTGCATGCTGATCACG-1	FALSE
cHC-1L	TTGCCAAGCAGAACCC-1	FALSE
cHC-1L	TTGCCATAGCCCGCTC-1	FALSE
cHC-1L	TTGCCCTGATCACGGG-1	FALSE
cHC-1L	TTGCCGCAGACCTACA-1	FALSE
cHC-1L	TTGCCGCTTTCTAGTA-1	FALSE
cHC-1L	TTGCCGGTGATCCCTC-1	FALSE
cHC-1L	TTGCCTAATCCAAAGT-1	FALSE
cHC-1L	TTGCCTTCTCGCCGGG-1	FALSE
cHC-1L	TTGCGCTCTCTCGCTT-1	FALSE
cHC-1L	TTGCGCTTGATCAATA-1	FALSE
cHC-1L	TTGCGGAAAGCTGCCC-1	FALSE
cHC-1L	TTGCGGCATCAGAAAG-1	FALSE
cHC-1L	TTGCGTAGTTTGAGGA-1	TRUE
cHC-1L	TTGCGTCGGCCAACCG-1	FALSE
cHC-1L	TTGCGTGAACGCTTAG-1	FALSE
cHC-1L	TTGCGTGTGTAGGCAT-1	TRUE
cHC-1L	TTGCTAGCTACCAATC-1	FALSE
cHC-1L	TTGCTCATAGTACGTG-1	FALSE
cHC-1L	TTGCTCCCATACCGGA-1	FALSE
cHC-1L	TTGCTGAAGGAACCAC-1	FALSE
cHC-1L	TTGCTGATCATGTTCG-1	FALSE
cHC-1L	TTGCTGCACCTATCCA-1	FALSE
cHC-1L	TTGGAAGAATACAGTC-1	FALSE
cHC-1L	TTGGACATGTGGCTTA-1	FALSE
cHC-1L	TTGGACCATCTGGCAA-1	FALSE
cHC-1L	TTGGACCTATAACAGT-1	FALSE
cHC-1L	TTGGAGTCTCCCTTCT-1	FALSE
cHC-1L	TTGGATATCGTCTACG-1	FALSE
cHC-1L	TTGGATCGACTTCTGG-1	FALSE
cHC-1L	TTGGATTGGGTACCAC-1	FALSE
cHC-1L	TTGGCCAAATTGTATC-1	FALSE
cHC-1L	TTGGCCATCTTGCGCT-1	FALSE
cHC-1L	TTGGCCTAGAATTTCG-1	FALSE
cHC-1L	TTGGCGATCCGAATAT-1	FALSE
cHC-1L	TTGGCTCAATATGTGT-1	FALSE
cHC-1L	TTGGCTCGCATGAGAC-1	FALSE
cHC-1L	TTGGGAAGACGAGCCG-1	FALSE
cHC-1L	TTGGGACACTGCCCGC-1	FALSE
cHC-1L	TTGGGACGTAAGAGTT-1	FALSE
cHC-1L	TTGGGCGGCGGTTGCC-1	FALSE
cHC-1L	TTGGGTTTATTCAGCG-1	FALSE
cHC-1L	TTGGTATGGCTTGTGT-1	FALSE
cHC-1L	TTGGTCACACTCGTAA-1	FALSE
cHC-1L	TTGGTTCGCTCAAAGG-1	FALSE
cHC-1L	TTGGTTGCGGTGCGCG-1	FALSE
cHC-1L	TTGTAAGGACCTAAGT-1	FALSE
cHC-1L	TTGTAAGGCCAGTTGG-1	FALSE
cHC-1L	TTGTAATCCGTACTCG-1	FALSE
cHC-1L	TTGTACACCTCGAACA-1	FALSE
cHC-1L	TTGTATCACACAGAAT-1	FALSE
cHC-1L	TTGTCACCGCGGTATC-1	FALSE
cHC-1L	TTGTCGTTCAGTTACC-1	FALSE
cHC-1L	TTGTCTCGGCAAGATG-1	FALSE
cHC-1L	TTGTGAACCTAATCCG-1	FALSE
cHC-1L	TTGTGAGGCATGACGC-1	FALSE
cHC-1L	TTGTGATCTGTTCAGT-1	FALSE
cHC-1L	TTGTGCAGCCACGTCA-1	FALSE
cHC-1L	TTGTGCGGAAGCGGAT-1	FALSE
cHC-1L	TTGTGGAGACAGCCGG-1	FALSE
cHC-1L	TTGTGGCCCTGACAGT-1	FALSE
cHC-1L	TTGTGGTAGGAGGGAT-1	FALSE
cHC-1L	TTGTGGTATAGGTATG-1	FALSE
cHC-1L	TTGTGGTGGTACTAAG-1	FALSE
cHC-1L	TTGTGTATGCCACCAA-1	FALSE
cHC-1L	TTGTGTTTCCCGAAAG-1	FALSE
cHC-1L	TTGTTAGCAAATTCGA-1	FALSE
cHC-1L	TTGTTCAGTGTGCTAC-1	FALSE
cHC-1L	TTGTTCTAGATACGCT-1	FALSE
cHC-1L	TTGTTGGCAATGACTG-1	FALSE
cHC-1L	TTGTTGTGTGTCAAGA-1	FALSE
cHC-1L	TTGTTTCACATCCAGG-1	FALSE
cHC-1L	TTGTTTCATTAGTCTA-1	FALSE
cHC-1L	TTGTTTCCATACAACT-1	FALSE
cHC-1L	TTGTTTGTATTACACG-1	FALSE
cHC-1L	TTGTTTGTGTAAATTC-1	FALSE
