region_id,C_state,I_state,n_cells,x_centroid_um,y_centroid_um,total_opportunity_median,supported_pairs_median,dominant_cell_types,C_centroid_0,C_centroid_1,C_centroid_2,C_centroid_3,C_centroid_4,C_centroid_5,C_centroid_6,C_centroid_7,C_centroid_8,C_centroid_9,C_centroid_10,C_centroid_11,C_centroid_12,C_centroid_13,C_centroid_14,C_centroid_15,C_centroid_16,C_centroid_17,C_centroid_18,C_centroid_19,CCC_soft_centroid_0,CCC_soft_centroid_1,CCC_soft_centroid_2,CCC_soft_centroid_3,CCC_soft_centroid_4,CCC_soft_centroid_5,CCC_soft_centroid_6,CCC_soft_centroid_7
0,5,2,3585,791.0370483398438,629.8729248046875,118.20193481445312,14.0,"DCIS_2, Invasive_Tumor, Myoepi_ACTA2+",0.00018651677237357944,0.0016808739164844155,0.005414022598415613,0.0027107943315058947,0.6524187326431274,0.010096483863890171,4.497962800087407e-05,0.1762799620628357,7.582591479149414e-06,0.032092101871967316,0.0005642603500746191,0.0002586555201560259,0.06113811954855919,0.00046992007992230356,0.0006620619096793234,0.0042118895798921585,0.013340487144887447,5.6288194173248485e-05,0.002101178979501128,0.036266129463911057,0.18009260296821594,0.06551491469144821,0.6977596282958984,0.00729513680562377,0.0022304763551801443,0.014897450804710388,0.028136087581515312,0.004073996562510729
1,7,2,44,876.033935546875,351.4203186035156,326.51702880859375,15.0,"Unlabeled, Invasive_Tumor, DCIS_2",0.0,0.005275077652186155,0.0,0.0,0.27805522084236145,0.0,0.0,0.24618545174598694,0.0,0.029443174600601196,0.0,0.0,0.0005402190145105124,0.0023225147742778063,0.0,0.0,0.004479893017560244,0.0,0.0,0.43369847536087036,0.07324432581663132,0.0031044133938848972,0.9236512780189514,0.0,0.0,1.5414283107572988e-44,0.0,0.0
5,5,1,53,782.3853759765625,409.4311218261719,221.7619171142578,24.0,"DCIS_2, Invasive_Tumor, Unlabeled",0.0,0.003516386030241847,0.0,0.04277477040886879,0.5967016220092773,0.0,0.0,0.1399448662996292,0.0,0.04167788848280907,0.0,0.0,0.0009593461290933192,0.0,0.0,0.0,0.005301670636981726,0.0,0.0,0.16912341117858887,0.018162067979574203,0.6191191673278809,0.34505632519721985,0.001327127800323069,0.010938410647213459,0.005397007334977388,1.893154225302828e-42,0.0
7,7,2,154,895.7469482421875,451.8409729003906,262.9647216796875,33.0,"Unlabeled, Invasive_Tumor, DCIS_2",0.004117242526262999,0.020742831751704216,0.0,0.01021721214056015,0.15237966179847717,0.0027330834418535233,0.002807771787047386,0.22002620995044708,0.0,0.09906405955553055,0.0,0.0009173457510769367,0.014774228446185589,0.001333170454017818,0.0,0.0,0.007582612801343203,0.0,0.0,0.4633045494556427,0.06822846084833145,0.07783356308937073,0.758765459060669,0.018775522708892822,0.03490704298019409,0.0372018925845623,4.203895392974451e-45,0.0
11,1,2,57,878.0111083984375,115.39157104492188,142.6294403076172,14.0,"Invasive_Tumor, DCIS_2, Myoepi_ACTA2+",0.0,0.0020425140392035246,0.00861720647662878,0.0026576677337288857,0.38684797286987305,0.003962900955229998,0.0,0.5267961621284485,0.0,0.00674626138061285,0.0,0.0009130463004112244,0.03960568830370903,0.0,0.0014542066492140293,0.0004759425646625459,0.0027643810026347637,0.0,0.002848963951691985,0.014267079532146454,0.2524644434452057,0.050056107342243195,0.6438900232315063,0.00325112696737051,0.011405214667320251,0.02039867825806141,0.018534475937485695,0.0
15,2,2,167,691.6102905273438,768.1282958984375,116.23705291748047,47.0,"Myoepi_ACTA2+, Endothelial, Stromal",0.005315809976309538,0.008255005814135075,0.019536754116415977,0.0,0.21121186017990112,0.12309757620096207,0.0,0.05205549672245979,0.0,0.02372293919324875,0.0069067226722836494,0.0021909349597990513,0.42043250799179077,0.0,0.004672250244766474,0.004217850510030985,0.08335384726524353,0.0,0.001705107162706554,0.03332532197237015,0.16584736108779907,0.010514307767152786,0.5306584239006042,0.03179053217172623,0.0039573777467012405,0.044890061020851135,0.19558583199977875,0.016756026074290276
17,5,0,96,826.5994262695312,886.3858032226562,79.46099090576172,23.5,"DCIS_2, Invasive_Tumor, Prolif_Invasive_Tumor",0.0,0.0046526771038770676,0.006211223546415567,0.0,0.5392703413963318,0.010046976618468761,0.0,0.2361147552728653,0.0,0.05063503980636597,0.00016018874885048717,0.0004895809688605368,0.07037001103162766,0.0,0.0,0.04137792810797691,0.011961798183619976,0.0,0.011875227093696594,0.016834216192364693,0.5408526062965393,0.03816095367074013,0.3605159521102905,0.01649417169392109,8.840448572300375e-05,0.017037054523825645,0.023284316062927246,0.0035666509065777063
19,1,0,1626,191.4821319580078,406.6882019042969,110.65777587890625,23.0,"Invasive_Tumor, Prolif_Invasive_Tumor, Stromal",0.000804273528046906,0.0019884207285940647,0.015307390131056309,0.0006399534177035093,0.00605554087087512,0.030724549666047096,0.00030062455334700644,0.7177174091339111,0.0,0.05365798622369766,0.00031293672509491444,0.0,0.0015468766214326024,0.0,0.0017783769872039557,0.07896948605775833,0.06552032381296158,0.0005685025826096535,0.01092266570776701,0.013184674084186554,0.7822691798210144,0.0036603226326406,0.014453960582613945,0.025170862674713135,0.004163070116192102,0.05013333633542061,0.11756832152605057,0.0025811519008129835
24,0,6,35,89.43980407714844,921.9100952148438,60.420570373535156,61.0,"Stromal, B_Cells, Endothelial",0.0774235874414444,0.07271039485931396,0.048636868596076965,0.0,0.023235196247696877,0.10341900587081909,0.0,0.09364845603704453,0.0027855478692799807,0.06698813289403915,0.015797508880496025,0.003876335686072707,0.0,0.0,0.0,0.0007918541086837649,0.46147069334983826,0.015373528003692627,0.0,0.013842894695699215,0.07813796401023865,0.00030618486925959587,0.05129158869385719,0.05510386824607849,2.1940817871513968e-34,0.2582685351371765,0.45807844400405884,0.09881345182657242
26,1,5,48,221.66798400878906,916.0772094726562,78.12256622314453,47.0,"Invasive_Tumor, Macrophages_1, Endothelial",0.04905671998858452,0.030163519084453583,0.043110210448503494,0.0,0.0,0.1216534748673439,0.0,0.45319536328315735,0.0,0.1308852881193161,0.0,0.0,0.0,0.0,0.0,0.016996236518025398,0.10052287578582764,0.0,0.00020941304683219641,0.054206863045692444,0.2442045658826828,0.00037527320091612637,0.0006767004379071295,0.051806602627038956,0.0038764362689107656,0.4910311698913574,0.20290835201740265,0.005120949354022741
29,1,6,36,112.27752685546875,795.4552612304688,84.9169921875,29.5,"Invasive_Tumor, Macrophages_1, Stromal",0.0,0.0273841954767704,0.04052907973527908,0.0,0.0,0.07107823342084885,0.0,0.6287972927093506,0.0,0.09063534438610077,0.0,0.001171974348835647,0.0,0.0,0.0,0.019137727096676826,0.11987900733947754,0.0,0.0,0.00138714793138206,0.33106252551078796,0.0,0.0005739001790061593,2.6398616626011062e-09,0.0005289751570671797,0.11581844836473465,0.5512749552726746,0.0007412576233036816
31,0,5,108,93.97228240966797,1006.7562255859375,103.36175537109375,62.0,"Stromal, B_Cells, Macrophages_1",0.1090521439909935,0.1354544311761856,0.042917560786008835,0.0,0.013709343038499355,0.07769662886857986,0.00014501356054097414,0.03621770069003105,0.009775643236935139,0.07938257604837418,0.016399703919887543,0.0010064776288345456,0.008644605986773968,0.0,0.0,0.0008248112280853093,0.40253746509552,0.014750556088984013,0.0006490419618785381,0.05083624646067619,0.0285873394459486,4.954866744810715e-05,0.031431637704372406,0.15360143780708313,0.003007678547874093,0.5074438452720642,0.1892005056142807,0.08667798340320587
32,6,5,225,347.7162170410156,900.2443237304688,150.54974365234375,48.0,"CD4+_T_Cells, CD8+_T_Cells, Macrophages_1",0.1577882170677185,0.21973970532417297,0.18562500178813934,0.0,0.0,0.03045766055583954,9.819636034080759e-05,0.015144702978432178,0.0012895837426185608,0.20223301649093628,0.021150683984160423,0.004456216003745794,0.0012684701941907406,0.0,0.0021508645731955767,0.0007493292214348912,0.09905886650085449,0.0021830943878740072,0.0035176603123545647,0.05308881029486656,0.06546285003423691,2.0275387480315778e-41,0.0028471893165260553,0.10521119087934494,0.00465022400021553,0.6680583357810974,0.08090426027774811,0.07286599278450012
38,5,1,44,793.9091186523438,557.1161499023438,256.893310546875,24.0,"DCIS_2, Macrophages_1, Unlabeled",0.0,0.0,0.0,0.035565927624702454,0.5935083031654358,0.0,0.0,0.14220313727855682,0.0,0.1121763214468956,0.0,0.0,0.0,0.012005135416984558,0.0,0.0,0.0,0.0,0.0,0.10454127192497253,0.1919296234846115,0.5104192495346069,0.27156615257263184,0.021073652431368828,0.004444695543497801,0.0005665780627168715,0.0,0.0
40,1,6,84,68.73839569091797,162.13856506347656,124.87911987304688,35.0,"Invasive_Tumor, Stromal, Endothelial",0.0,0.0,0.007171467877924442,0.0,0.023635651916265488,0.09361261874437332,0.0,0.5848970413208008,0.0,0.055460475385189056,0.0,0.0,0.00451009813696146,0.0,0.012239114381372929,0.02235419489443302,0.10943324118852615,0.0,0.0,0.08668595552444458,0.287971556186676,0.008689947426319122,0.04999963566660881,0.03010999597609043,0.0008513953071087599,0.02232516184449196,0.6000521779060364,2.802596928649634e-45
45,0,3,37,507.27276611328125,109.470703125,11.70928955078125,47.0,"Stromal, B_Cells, Unlabeled",0.06560388952493668,0.00017282280896324664,0.025198034942150116,0.0,0.0334174670279026,0.019271425902843475,0.0,0.010845092125236988,0.0,0.09319134801626205,0.0057829320430755615,0.0,0.012689647264778614,0.0,0.002073633950203657,0.00433059548959136,0.6174463033676147,0.0,0.0004625144356396049,0.10951430350542068,0.10354931652545929,0.00021771721367258579,0.09248316287994385,0.46717163920402527,0.022366002202033997,0.0927182286977768,0.13448284566402435,0.08701109886169434
51,6,5,346,818.3469848632812,1429.4088134765625,174.8330078125,46.0,"CD4+_T_Cells, CD8+_T_Cells, Macrophages_1",0.07095549255609512,0.3467358350753784,0.1779617965221405,0.0,0.0,0.025800347328186035,0.0025462242774665356,0.021213803440332413,0.015961667522788048,0.17424818873405457,0.0037270700559020042,0.0,0.0018437227699905634,0.0,0.0024455080274492502,0.0,0.09850706160068512,0.00544093269854784,0.006975958589464426,0.04563647136092186,0.05348214507102966,0.00012399040861055255,0.0025314646773040295,0.18632501363754272,0.0027345758862793446,0.6271263957023621,0.09293565899133682,0.03474076837301254
62,2,6,51,133.01312255859375,1578.844482421875,111.14784240722656,35.0,"Myoepi_ACTA2+, Endothelial, Stromal",0.0020748183596879244,0.0,0.01159624382853508,0.0,0.10771743953227997,0.14700815081596375,0.0,0.039592940360307693,0.0,0.04575463756918907,0.0,0.005858289077877998,0.5005320906639099,0.0,0.008799943141639233,0.0012579920003190637,0.11685377359390259,0.0018491592491045594,0.0,0.011104477569460869,0.13923656940460205,1.401298464324817e-45,0.3080516755580902,0.06799296289682388,0.021551618352532387,0.03421737626194954,0.428949773311615,1.401298464324817e-45
63,2,2,358,121.31827545166016,1627.1197509765625,82.85083770751953,33.0,"Myoepi_ACTA2+, DCIS_2, Stromal",0.0021090018562972546,0.005311477929353714,0.018115030601620674,0.0,0.21825478971004486,0.0672641322016716,0.0,0.018022989854216576,0.0,0.035421375185251236,0.0029219575226306915,0.005768635310232639,0.4975768029689789,0.0,0.004603230394423008,4.638807877199724e-05,0.11323034018278122,0.0031664064154028893,0.0002907454327214509,0.007896646857261658,0.05892522260546684,4.516199624049477e-05,0.6313791275024414,0.020816154778003693,0.017708739265799522,0.06861018389463425,0.19224755465984344,0.010267793200910091
65,5,2,247,66.17401123046875,1725.889892578125,75.95121002197266,8.0,"DCIS_2, Myoepi_ACTA2+, Invasive_Tumor",0.0,0.0,0.0011647507781162858,0.0,0.7879488468170166,0.007159149739891291,0.0,0.022423502057790756,0.0,0.019848400726914406,0.00011143050505779684,0.0005046775913797319,0.14479652047157288,0.0,0.0007310038199648261,0.0,0.006369183771312237,0.0,0.0,0.00894271582365036,0.034419987350702286,0.015709202736616135,0.9203218817710876,0.003439108608290553,1.8067499695462175e-05,0.004655369557440281,0.021084396168589592,0.0003523054765537381
66,2,2,98,75.21420288085938,1209.2103271484375,82.3201904296875,33.0,"Myoepi_ACTA2+, DCIS_2, Endothelial",0.00043367387843318284,0.011346994899213314,0.01400749571621418,0.0,0.20087043941020966,0.11219499260187149,0.0,0.0,0.0,0.02038324996829033,0.0024816575460135937,0.0035586925223469734,0.5403666496276855,0.0,0.0004095532058272511,0.0,0.09010598808526993,0.0012987088412046432,0.0,0.002541984897106886,0.00043175515020266175,0.0,0.7250521183013916,0.011617300100624561,0.0012050368823111057,0.0665421113371849,0.17995670437812805,0.015195067040622234
67,5,2,63,54.403377532958984,1225.9527587890625,46.14870834350586,4.0,"DCIS_2, Myoepi_ACTA2+, CD8+_T_Cells",0.0,0.0,0.0006157320458441973,0.0,0.7638197541236877,0.0016785840271040797,0.0,0.0,0.0,0.002435040660202503,0.0,0.0,0.22568866610527039,0.0,0.0,0.0,0.005762489512562752,0.0,0.0,0.0,0.0,6.576495582693725e-20,0.9902160167694092,0.0,4.742618054170167e-35,0.0,0.00978397112339735,1.8181966078122808e-13
72,0,5,50,323.92437744140625,1625.5093994140625,111.17526245117188,76.5,"Stromal, Macrophages_1, CD8+_T_Cells",0.043508075177669525,0.07807973772287369,0.07349219173192978,0.0,0.0006883969181217253,0.029550928622484207,0.0,0.0977432131767273,0.0,0.18194738030433655,0.02547503262758255,0.0,0.038860682398080826,0.0,0.0,0.012330331839621067,0.3707708418369293,0.0,0.00502267200499773,0.042530518025159836,0.206875741481781,0.0,0.02495938539505005,0.09115026146173477,0.017323248088359833,0.39523589611053467,0.1024046540260315,0.1620507687330246
73,1,5,45,380.9870300292969,1763.626708984375,84.48880004882812,48.0,"Invasive_Tumor, Stromal, Macrophages_1",0.02815290354192257,0.061950985342264175,0.05813603848218918,0.0,0.0054746270179748535,0.07629188150167465,0.0,0.38911256194114685,0.001983249792829156,0.13440139591693878,0.0,0.0,0.0,0.0,0.0012266578851267695,0.002350382274016738,0.14716093242168427,0.004374688025563955,0.030469506978988647,0.05891423299908638,0.25941890478134155,0.0017638943390920758,0.002597294980660081,0.046741168946027756,0.003244186518713832,0.5076881051063538,0.1744384616613388,0.004108082503080368
76,1,0,655,484.3299560546875,1470.9041748046875,84.55746459960938,34.0,"Invasive_Tumor, Prolif_Invasive_Tumor, Macrophages_1",0.0057111033238470554,0.009786740876734257,0.029245899990200996,0.0,0.005269210785627365,0.02233491837978363,0.00011862232349812984,0.6473658084869385,0.00014622928574681282,0.07704615592956543,0.0004330784431658685,0.0,0.0,0.0,0.000441913929535076,0.0761391893029213,0.07240502536296844,0.0004132546600885689,0.033105384558439255,0.020037449896335602,0.7090011835098267,0.0009580358164384961,0.007510400842875242,0.05393294617533684,0.002953792456537485,0.11092329025268555,0.10424494743347168,0.010475359857082367
78,1,0,29940,1735.2509765625,1969.60400390625,74.2375717163086,16.0,"Invasive_Tumor, Prolif_Invasive_Tumor, Stromal",0.002383491722866893,0.0046174959279596806,0.011594096198678017,0.00013981855590827763,0.0014581739669665694,0.025223271921277046,0.00028166593983769417,0.7296790480613708,0.00010224926518276334,0.04101664945483208,0.0005671014660038054,0.0001404288923367858,5.848479486303404e-05,0.0,0.0012456043623387814,0.0915549024939537,0.06810259819030762,0.0005187467904761434,0.008562779054045677,0.012756218202412128,0.7912531495094299,0.000758838898036629,0.0041506621055305,0.03656334429979324,0.002206159522756934,0.051919128745794296,0.1015285775065422,0.008278650231659412
80,6,5,37,614.6224365234375,1751.2861328125,60.1485481262207,48.0,"Macrophages_1, CD4+_T_Cells, CD8+_T_Cells",0.0027064522728323936,0.1618725210428238,0.17427770793437958,0.0,0.0,0.00306109432131052,0.0,0.0934993103146553,0.0,0.2992593050003052,0.024573130533099174,0.0,0.0,0.0,0.0,0.0024752519093453884,0.13869641721248627,0.0005385050317272544,0.018975092098116875,0.08006515353918076,0.26661112904548645,9.417428859306853e-13,6.987048254813999e-05,0.15929009020328522,0.0046701510436832905,0.48795008659362793,0.035367701202631,0.04604094848036766
82,3,6,49,706.2835083007812,1629.1224365234375,100.02168273925781,35.0,"Endothelial, Stromal, Macrophages_1",0.0,0.048354215919971466,0.009931657463312149,0.0,0.0006768861785531044,0.451113224029541,0.0,0.05655694007873535,0.0,0.10488849878311157,0.0,0.0,0.0,0.0,0.02096383646130562,0.0,0.27275291085243225,0.0,0.00021092873066663742,0.03455100581049919,0.16829247772693634,0.0028094984591007233,0.004524662625044584,0.07271508127450943,1.582629010954406e-05,0.2252967357635498,0.5263456702232361,1.401298464324817e-45
100,6,7,92,266.2486572265625,1791.767822265625,163.89468383789062,62.0,"Macrophages_1, CD4+_T_Cells, B_Cells",0.14508572220802307,0.1901741474866867,0.05775097757577896,0.0,0.0002916344965342432,0.027172956615686417,0.016467105597257614,0.005882205441594124,0.020516201853752136,0.2774880528450012,0.0675421953201294,0.0,0.0034530959092080593,0.0,0.008701727725565434,0.0,0.10422609001398087,0.0,0.0,0.07524789124727249,0.0063507575541734695,0.0,0.003911858890205622,0.22547537088394165,0.0013739044079557061,0.26356127858161926,0.02269941009581089,0.4766273498535156
106,6,5,117,61.287452697753906,1024.6519775390625,220.31858825683594,49.0,"CD4+_T_Cells, Stromal, Unlabeled",0.07451003789901733,0.37286970019340515,0.0931699126958847,0.0,0.0,0.06654258072376251,0.0,0.0,0.06081744283437729,0.06630126386880875,0.007944340817630291,0.0,0.0,0.0,0.0,0.0,0.14977018535137177,0.0005305696395225823,0.0,0.10754407942295074,4.0577063627184905e-26,0.0,0.0,0.21974840760231018,0.0,0.5653015375137329,0.1817777305841446,0.033172350376844406
111,1,0,60,900.1402587890625,1043.1881103515625,71.90724182128906,9.0,"Invasive_Tumor, DCIS_2, Prolif_Invasive_Tumor",0.0,0.0,0.0,0.0,0.3498036563396454,0.0014159815618768334,0.0,0.5634920001029968,0.0,0.012351094745099545,0.0,0.0,0.02261331118643284,0.0,0.0,0.044665638357400894,0.001531556947156787,0.0,0.0,0.004126803483814001,0.6443909406661987,0.02649233303964138,0.31566938757896423,0.006419151555746794,6.606064562220126e-05,1.097244722459421e-33,0.006962250452488661,0.0
116,0,6,35,861.4090576171875,2408.311767578125,74.9534683227539,46.0,"Stromal, Macrophages_1, Endothelial",0.0035413855221122503,0.043179094791412354,0.0272582545876503,0.0,0.0,0.09407791495323181,0.0,0.16302843391895294,0.0,0.16486616432666779,0.0,0.0,0.001027520396746695,0.0,0.004999030381441116,0.0034948857501149178,0.44914889335632324,0.0023842924274504185,0.014350895769894123,0.028643229976296425,0.23516155779361725,1.401298464324817e-45,2.802596928649634e-45,0.03641510009765625,3.2569099649829988e-21,0.23151373863220215,0.496909499168396,7.218679584330974e-34
118,5,2,208,229.7203826904297,2503.81396484375,91.19879150390625,14.0,"DCIS_2, Myoepi_ACTA2+, Macrophages_1",0.0006712556350976229,0.0016458587488159537,0.018556658178567886,0.002514437073841691,0.658487856388092,0.004136261995881796,9.133927233051509e-05,0.0036384635604918003,0.0,0.03821898251771927,0.0,0.0017719990573823452,0.21081796288490295,0.007213931996375322,0.0,0.0,0.04116404056549072,0.0011388141429051757,0.0,0.009932229295372963,0.006835902575403452,0.03777698427438736,0.8811229467391968,0.013005105778574944,0.00417168065905571,0.040164634585380554,0.016843119636178017,7.977927452884614e-05
119,2,2,46,194.1405029296875,2583.815673828125,102.84630584716797,46.0,"Myoepi_ACTA2+, CD8+_T_Cells, DCIS_2",0.014731340110301971,0.02139918878674507,0.08578266203403473,0.0034787363838404417,0.24510647356510162,0.022340567782521248,0.0,0.0018771906616166234,0.0,0.10545668751001358,0.0,0.0,0.3867036998271942,0.0,0.0,0.0,0.0914383977651596,0.0,0.0,0.02168501541018486,0.007737533655017614,0.02823110856115818,0.6986531615257263,0.04975934699177742,0.012087714858353138,0.1580653339624405,0.04259496182203293,0.0028707401361316442
122,6,5,99,356.7811584472656,2669.531005859375,172.30462646484375,62.0,"CD4+_T_Cells, Macrophages_1, CD8+_T_Cells",0.03906159847974777,0.2790067791938782,0.13955476880073547,0.0,0.0,0.08092183619737625,0.0037851035594940186,0.04750697687268257,0.0,0.18783996999263763,0.003541957587003708,0.0,0.0003851978690363467,0.0,0.027116885408759117,0.004439902491867542,0.10371796041727066,0.039383482187986374,0.006539034191519022,0.037198588252067566,0.16621747612953186,0.00014144602755550295,0.0012619748013094068,0.1265372335910797,0.001282036886550486,0.5095791816711426,0.16616812348365784,0.028812594711780548
135,5,2,76,20.00322914123535,2369.718994140625,75.55022430419922,22.5,"DCIS_2, Myoepi_ACTA2+, CD8+_T_Cells",0.00011029645975213498,0.004008247517049313,0.0028053156565874815,0.0,0.5886269211769104,0.014603130519390106,0.0,0.0002589951327536255,0.0,0.025190036743879318,0.0,0.0,0.2959491014480591,0.0,0.00504083838313818,0.0,0.05981864407658577,0.001686739269644022,0.0,0.0019017151789739728,0.009209646843373775,2.802596928649634e-45,0.7928555607795715,0.009749545715749264,0.005819366313517094,0.07654169946908951,0.10469083487987518,0.0011333299335092306
142,0,5,31,87.04736328125,2507.643310546875,114.47492980957031,62.0,"Stromal, CD4+_T_Cells, Endothelial",0.039220768958330154,0.10912760347127914,0.09381165355443954,0.0,0.007569526322185993,0.08624771237373352,0.0,0.0,0.010643196292221546,0.08542394638061523,0.0011273110285401344,0.034121863543987274,0.06392598897218704,0.0,0.0006185653037391603,0.0,0.41112765669822693,0.01563085988163948,0.0,0.0414033867418766,0.005704134237021208,0.0,0.12212199717760086,0.07380520552396774,0.0452481172978878,0.512470006942749,0.23035144805908203,0.010299038141965866
154,0,6,57,382.7818298339844,3365.879150390625,41.532325744628906,24.0,"Stromal, Invasive_Tumor, Endothelial",0.015380370430648327,0.005638195667415857,0.0020795613527297974,0.0,0.0,0.1335567981004715,0.0,0.2348249852657318,0.0,0.05882444232702255,0.0,0.0,0.0,0.0,0.005717544816434383,0.012721540406346321,0.5109962224960327,0.0,0.0,0.02026033028960228,0.2708197832107544,2.6503776098252274e-05,0.0013175142230466008,0.07312887907028198,0.0006125541403889656,0.056795910000801086,0.5791902542114258,0.01810874231159687
155,1,6,47,430.51446533203125,3497.1103515625,69.54644012451172,23.0,"Invasive_Tumor, Stromal, Endothelial",0.0,0.0,0.0,0.0,0.0,0.08259174972772598,0.0,0.587040364742279,0.0,0.018396081402897835,0.0,0.0,0.0,0.0,0.0,0.06024013087153435,0.23160967230796814,0.0,0.0,0.02012193389236927,0.4056466817855835,5.02212060119237e-15,0.0008976475219242275,0.031564436852931976,0.0006387318717315793,0.00522629264742136,0.5560262799263,1.3298812814698167e-26
159,1,6,133,895.4033813476562,2916.247314453125,84.81689453125,24.0,"Invasive_Tumor, Stromal, Endothelial",0.0019269033800810575,0.013082756660878658,0.005561281926929951,0.0,0.0,0.11056622117757797,0.0,0.5538718104362488,0.0,0.06744813919067383,0.0,0.0,0.0,0.0,0.0023764322977513075,0.03801541402935982,0.19047769904136658,0.006133200600743294,0.0015302695101127028,0.009009797126054764,0.3112415075302124,2.5837690651196062e-27,0.00023979299294296652,0.026622971519827843,0.00238662026822567,0.09974626451730728,0.559695303440094,6.7504370235838e-05
165,6,5,74,778.3755493164062,3043.7470703125,135.56277465820312,76.0,"CD4+_T_Cells, Macrophages_1, CD8+_T_Cells",0.02910127490758896,0.33645951747894287,0.10887961834669113,0.0,0.004074084106832743,0.02244594693183899,0.0,0.05453258007764816,0.05916757881641388,0.13486821949481964,0.0,0.0024618208408355713,0.0,0.0,0.013121316209435463,0.0012283209944143891,0.17052061855793,0.027727417647838593,0.011751324869692326,0.023660272359848022,0.18131403625011444,1.401298464324817e-45,0.002145295962691307,0.07579420506954193,0.00032329902751371264,0.6008166670799255,0.1389254480600357,0.0006810473278164864
167,1,6,42,33.78006362915039,3374.488525390625,47.495452880859375,25.0,"Invasive_Tumor, Stromal, Macrophages_1",0.0,0.004808237310498953,0.0,0.0,0.0,0.11369819939136505,0.0,0.5849449038505554,0.0,0.05762414261698723,0.0007533084135502577,0.0,0.0,0.0,0.0,0.017695460468530655,0.17570364475250244,0.01162046194076538,0.0,0.03315168619155884,0.17176640033721924,1.4815251889871428e-12,1.401298464324817e-45,0.026569996029138565,0.0,0.027661286294460297,0.7408218383789062,0.03318042308092117
169,0,6,220,159.1676025390625,3419.59716796875,37.544677734375,35.0,"Stromal, Endothelial, Macrophages_1",0.006917194928973913,0.020279940217733383,0.04680100455880165,0.0,0.001428005052730441,0.13148777186870575,0.0,0.10903201252222061,0.0,0.0927741751074791,0.005148283671587706,0.0025378302671015263,0.0,0.0,0.0460512600839138,0.0050057172775268555,0.48360440135002136,0.00809556059539318,0.0015665943501517177,0.03927023708820343,0.17631103098392487,0.0012299238005653024,0.007820149883627892,0.09088999032974243,0.0010667421156540513,0.11891993880271912,0.5705990791320801,0.03316327556967735
170,3,6,91,167.99224853515625,3383.755615234375,79.19420623779297,15.0,"Endothelial, Perivascular-Like, Stromal",0.0,0.0,0.0008022792753763497,0.0,0.0,0.4786149859428406,0.0,0.029702816158533096,0.0,0.02303159050643444,0.0,0.0,0.0,0.0,0.24862876534461975,0.0,0.2137508988380432,0.0,0.0,0.005468668881803751,0.08407054096460342,4.2797442782918547e-20,4.793847256223671e-05,0.042250558733940125,0.0019515511812642217,0.01206250675022602,0.8596166968345642,2.802596928649634e-45
172,1,6,51,86.08023071289062,2967.668212890625,52.7110595703125,34.0,"Invasive_Tumor, Stromal, Macrophages_1",0.0,0.0014843130484223366,0.0,0.0,0.0,0.09371631592512131,0.0,0.561136782169342,0.0,0.12041356414556503,0.003471206873655319,0.0,0.0,0.0,0.0,0.02570737525820732,0.14444635808467865,0.0,0.0077327764593064785,0.04189133271574974,0.30784884095191956,0.00013841030886396766,1.401298464324817e-45,0.08997839689254761,7.86842315975888e-37,0.022923069074749947,0.5309505462646484,0.048160720616579056
182,6,7,138,148.29757690429688,2690.184326171875,173.154541015625,62.0,"CD4+_T_Cells, B_Cells, Macrophages_1",0.14386048913002014,0.2688910961151123,0.14798064529895782,0.0,0.00013137201312929392,0.07851216942071915,0.00613907678052783,0.005998578853905201,0.0,0.13792309165000916,0.059494197368621826,0.0017126998864114285,0.003453248180449009,0.0,0.0,0.006909030955284834,0.09514503926038742,0.007600578013807535,0.0,0.03624870255589485,0.025394592434167862,0.0,0.00419670669361949,0.0750926285982132,0.0015129116363823414,0.30504533648490906,0.13273963332176208,0.4560183584690094
184,0,7,40,84.81572723388672,2770.437255859375,97.0285415649414,62.0,"Stromal, CD4+_T_Cells, Macrophages_2",0.053797222673892975,0.16183343529701233,0.029497185721993446,0.0,0.0,0.06799107044935226,0.0,0.0,0.0,0.11643733829259872,0.05798986554145813,0.017534514889121056,0.0,0.0,0.0,0.0,0.4128025472164154,0.020434018224477768,0.0,0.061682820320129395,0.004062487743794918,0.0,1.4243946656138187e-39,0.14884929358959198,0.00010974842734867707,0.27153316140174866,0.11268337070941925,0.4627619683742523
197,1,6,75,755.9647827148438,3510.0283203125,48.94912338256836,23.0,"Invasive_Tumor, Endothelial, Stromal",0.0,0.0005763754015788436,0.01328806858509779,0.0,0.0,0.09095621854066849,0.00017979512631427497,0.7018623352050781,0.0,0.03658434376120567,0.0,0.0,0.0,0.0,0.0,0.06545250862836838,0.09082721918821335,0.0,0.0002730611013248563,0.0,0.34078022837638855,0.0,0.0001572083419887349,0.0005758658517152071,0.0008149418863467872,0.06891442835330963,0.588153600692749,0.000603731139563024
206,0,6,123,312.2970275878906,4312.6181640625,125.54753112792969,34.0,"Stromal, Endothelial, CD8+_T_Cells",0.04417356848716736,0.0,0.060528889298439026,0.0,0.030814891681075096,0.10691837221384048,0.0,0.00729941064491868,0.0,0.03637934476137161,0.018960045650601387,0.006651639938354492,0.008803715929389,0.0,0.00628668162971735,0.00048233263078145683,0.624208390712738,0.005183008033782244,0.0,0.04330981522798538,0.021523352712392807,0.0012913577957078815,0.08592141419649124,0.17244042456150055,0.006925059948116541,0.20756648480892181,0.4150026738643646,0.08932927995920181
208,0,5,262,486.2433776855469,4372.74609375,182.7510986328125,47.0,"Stromal, B_Cells, CD8+_T_Cells",0.11974003165960312,0.060781098902225494,0.10249568521976471,0.0,0.001654207706451416,0.0753529742360115,0.0,0.0041578710079193115,0.0,0.06768207997083664,0.011489816941320896,0.006435659248381853,0.02058587782084942,0.0,0.00047634835937060416,0.00015831319615244865,0.47686338424682617,0.012457005679607391,0.0,0.039669718593358994,0.01277388259768486,0.0,0.02113335393369198,0.18531760573387146,0.007490898482501507,0.513948380947113,0.19630908966064453,0.0630267858505249
209,0,6,90,461.1618347167969,4199.29736328125,51.217254638671875,34.0,"Stromal, B_Cells, Endothelial",0.1157182976603508,0.035332322120666504,0.04680941253900528,0.0,0.0,0.14378325641155243,0.0,0.08130957186222076,0.0,0.030905717983841896,0.006007825024425983,0.0012200208147987723,0.0,0.0,0.0,0.005264451261609793,0.49459537863731384,0.012786731123924255,0.0,0.02626713365316391,0.11219144612550735,0.0,3.072430960940021e-40,0.1159442886710167,3.005627964136196e-20,0.21526938676834106,0.49377119541168213,0.06282350420951843
218,0,7,61,47.91326904296875,4143.87646484375,91.05789947509766,47.0,"Stromal, B_Cells, Macrophages_1",0.11224358528852463,0.025587214156985283,0.05658423528075218,0.0,0.0032490757293999195,0.050204601138830185,0.017034413293004036,0.003524996805936098,0.0,0.0836513414978981,0.06263422966003418,0.0,0.0,0.0,0.0,0.005376733373850584,0.5467525124549866,0.007531445007771254,0.0,0.025625677779316902,0.024853285402059555,0.0008708241512067616,0.007043029647320509,0.15311329066753387,1.2033489589989205e-30,0.1980573832988739,0.15484218299388885,0.4612199068069458
220,6,5,460,118.46337127685547,4368.72705078125,285.0869140625,36.0,"CD4+_T_Cells, CD8+_T_Cells, Macrophages_1",0.112306609749794,0.45147788524627686,0.15974225103855133,0.0,0.0,0.019455518573522568,0.02839692123234272,0.0,0.016129670664668083,0.10706000030040741,0.002497657435014844,0.0,0.0,0.0,0.005844776052981615,0.0,0.07040318101644516,0.005421546287834644,0.0,0.0212638508528471,2.4045953978202306e-05,0.0,1.0637117055234402e-11,0.2057943493127823,0.0,0.7250496745109558,0.05405954644083977,0.01507258228957653
221,0,7,78,209.7204132080078,4294.34423828125,104.47811126708984,34.0,"Stromal, B_Cells, Macrophages_2",0.08873998373746872,0.04892343282699585,0.015214300714433193,0.0,0.022721994668245316,0.0019115597242489457,0.01612982153892517,0.012923271395266056,0.0,0.06264093518257141,0.06235995516180992,0.0,0.0,0.0,0.0,0.0,0.6286877393722534,0.006305989343672991,0.00603596493601799,0.027405044063925743,0.03122909925878048,0.00013102746743243188,0.0674699991941452,0.18042756617069244,1.6216922824139474e-13,0.20555183291435242,0.023427898064255714,0.491762638092041
225,6,3,88,31.61082649230957,4283.8388671875,249.32476806640625,62.0,"CD4+_T_Cells, Stromal, Macrophages_1",0.08325809240341187,0.4392745792865753,0.0718316063284874,0.0,0.0,0.012239501811563969,0.05232304334640503,0.0,0.0003233930328860879,0.10057087242603302,0.028286226093769073,0.010435053147375584,0.0,0.0,0.0035777257289737463,0.0,0.10301664471626282,0.007407344412058592,0.0,0.08745601028203964,1.401298464324817e-45,0.0,0.0,0.48693713545799255,0.0,0.341257780790329,0.02431311085820198,0.14749211072921753
231,6,6,39,36.574153900146484,3569.989990234375,197.72335815429688,35.0,"CD4+_T_Cells, CD8+_T_Cells, Endothelial",0.0030948733910918236,0.3297085165977478,0.21408794820308685,0.0,0.0,0.1407756805419922,0.0,0.0,0.0,0.12446627020835876,0.0,0.0,0.0,0.0,0.016888469457626343,0.0,0.12971268594264984,0.005674303509294987,0.0,0.035591285675764084,3.402734354051985e-32,0.0,1.401298464324817e-45,0.08959385007619858,1.401298464324817e-45,0.2966417670249939,0.6137644648551941,3.1187136130582114e-33
235,0,0,110,176.90707397460938,3547.1142578125,40.86228942871094,47.0,"Stromal, Macrophages_1, Invasive_Tumor",0.00653222668915987,0.03138653188943863,0.06467726081609726,0.0,0.006470501888543367,0.0626780316233635,0.0,0.176583394408226,0.0,0.09099176526069641,0.0,0.0025483034551143646,0.0,0.0,0.002568939933553338,0.043492067605257034,0.45392435789108276,0.017655210569500923,0.001975693041458726,0.03851567581295967,0.5530954599380493,0.000262547837337479,0.02116437815129757,0.06934718787670135,0.0024292380549013615,0.16541673243045807,0.18765400350093842,0.0006304029957391322
238,0,0,49,771.0844116210938,4683.041015625,32.42852783203125,45.0,"Stromal, Prolif_Invasive_Tumor, Endothelial",0.04886654019355774,0.01652703247964382,0.00736083323135972,0.0,0.0,0.03155231848359108,0.0,0.1654740869998932,0.0,0.052232060581445694,0.0006397885736078024,0.0,0.0,0.0,0.0,0.09937135875225067,0.5116859078407288,0.0016983547247946262,0.016441475600004196,0.0481502041220665,0.5272579789161682,0.0,0.0004869637778028846,0.22756551206111908,0.000909909198526293,0.10883543640375137,0.1069212555885315,0.0280228853225708
239,1,6,119,1028.6802978515625,4672.0791015625,63.04586410522461,23.0,"Invasive_Tumor, Stromal, Endothelial",0.012691400945186615,0.0,0.00011435484339017421,0.0,0.0,0.08031611144542694,0.0042305500246584415,0.6844763159751892,0.0,0.04817409813404083,0.002334126504138112,0.0,0.0,0.0,0.0030554046388715506,0.03504205867648125,0.12715038657188416,0.0,8.261874609161168e-05,0.00233258749358356,0.3203146159648895,3.5769040550803766e-05,2.1696612293453654e-06,0.014010323211550713,1.6245107872236986e-06,0.0432237945497036,0.5785261392593384,0.04388555884361267
240,0,5,34,823.0514526367188,4826.97314453125,104.83819580078125,46.5,"Stromal, B_Cells, Unlabeled",0.2985970377922058,0.07758983224630356,0.05883049964904785,0.0,0.0,0.02491156756877899,0.0004150190798100084,0.008966537192463875,0.006607754155993462,0.02866809070110321,0.001194432028569281,0.0,0.0,0.0,0.0005102602881379426,0.0027620207984000444,0.37209567427635193,0.0014088921016082168,0.00460309162735939,0.11283929646015167,0.06879805773496628,0.0,0.0,0.23521804809570312,3.923566626703389e-18,0.5370864868164062,0.13649436831474304,0.022403046488761902
242,0,3,253,869.3890380859375,4996.62841796875,57.62660217285156,48.0,"Stromal, Unlabeled, B_Cells",0.10858974605798721,0.08641186356544495,0.05648871883749962,0.0,0.0,0.019395912066102028,0.03110850602388382,0.007130647078156471,0.0023696445859968662,0.045944131910800934,0.019752344116568565,0.0,0.0,0.0,9.803016291698441e-05,0.0009906344348564744,0.5027462244033813,0.006617025937885046,0.003998053725808859,0.10835862904787064,0.028783081099390984,0.0,0.0009479192085564137,0.502485990524292,0.00263241701759398,0.2502281367778778,0.07144589722156525,0.14347663521766663
245,0,5,276,650.4695434570312,5013.66357421875,96.88246154785156,48.0,"Stromal, Macrophages_1, CD8+_T_Cells",0.09164974838495255,0.10975871235132217,0.13116231560707092,0.0,0.0039656623266637325,0.031214717775583267,0.0019004979403689504,0.00044275663094595075,0.004961697850376368,0.13081510365009308,0.005606286693364382,0.0,0.011108714155852795,0.0,0.005274835508316755,0.0,0.3946387767791748,0.02060849405825138,0.0012076754355803132,0.055684059858322144,0.006038811523467302,1.340054404863622e-05,0.031180797144770622,0.18128617107868195,0.008080348372459412,0.58022141456604,0.1309361308813095,0.06224307417869568
246,0,7,48,812.1018676757812,5128.82470703125,76.06794738769531,47.0,"Stromal, Macrophages_1, B_Cells",0.15965521335601807,0.06941591948270798,0.11776459217071533,0.0,0.0035957777872681618,0.0014275572029873729,0.0,0.0,0.0,0.11698666214942932,0.04412651062011719,0.0,0.00816658977419138,0.0,0.0,0.0,0.3964841067790985,0.007404267322272062,0.0,0.07497278600931168,0.005315011832863092,0.0,0.018207967281341553,0.1613319218158722,0.003688258118927479,0.34630152583122253,0.005842084530740976,0.4593132734298706
247,5,2,59,42.423545837402344,4792.40087890625,79.7297592163086,24.0,"DCIS_2, Invasive_Tumor, Myoepi_ACTA2+",0.0,0.0009204234229400754,0.008660071529448032,0.013623964972794056,0.5991180539131165,0.0024424127768725157,0.0,0.07660740613937378,0.0,0.010207503102719784,0.0002624939661473036,0.0,0.17409059405326843,0.013894220814108849,0.0,0.0,0.02273021638393402,0.000974489317741245,0.0,0.07646817713975906,0.012989655137062073,0.09498941153287888,0.8061695694923401,0.013392160646617413,0.020404957234859467,0.030754556879401207,0.018786417320370674,0.0025132466107606888
248,2,2,32,60.902557373046875,4792.33837890625,50.03717803955078,62.0,"Myoepi_ACTA2+, Stromal, Endothelial",0.001126286224462092,0.02767561376094818,0.072408527135849,0.0007221876876428723,0.19099131226539612,0.04387656971812248,0.0,0.004613023716956377,0.0,0.0861639752984047,0.0035280631855130196,0.0,0.36181899905204773,0.0,0.012307236902415752,0.0,0.15877149999141693,0.0093533331528306,0.0,0.02664334699511528,0.012934044934809208,0.001291614375077188,0.5382369756698608,0.04745085537433624,0.019449405372142792,0.1993311196565628,0.14452144503593445,0.03678455576300621
254,6,5,317,80.78616333007812,5045.4501953125,155.57444763183594,47.0,"CD8+_T_Cells, Macrophages_1, CD4+_T_Cells",0.08540645986795425,0.18936839699745178,0.2365473061800003,0.0001446574169676751,0.005036663729697466,0.0380311943590641,0.008948936127126217,0.0,0.0032876862678676844,0.22896525263786316,0.004791303537786007,0.0,0.008208027109503746,0.0,0.004652384202927351,0.0,0.13174891471862793,0.00443559605628252,0.0,0.050427258014678955,0.0025626944843679667,1.5982937004764739e-25,0.028460586443543434,0.19537469744682312,0.00826563872396946,0.6041302680969238,0.12483467161655426,0.03637149930000305
255,0,2,84,473.8216247558594,5092.900390625,84.65652465820312,60.5,"Stromal, Macrophages_1, CD8+_T_Cells",0.01607915572822094,0.020336635410785675,0.10753637552261353,0.0,0.09976883232593536,0.06371401995420456,0.002969436813145876,0.004036190919578075,0.0,0.17777110636234283,0.005506257060915232,0.0,0.10885614156723022,0.0,0.0013029964175075293,0.0,0.34723910689353943,0.005449566524475813,0.004051775671541691,0.03538243845105171,0.02891329675912857,4.6177225158317015e-05,0.4732808470726013,0.08097630739212036,0.02149656042456627,0.18707771599292755,0.17941242456436157,0.028796741738915443
264,6,5,948,433.7692565917969,4849.49072265625,227.1973876953125,48.0,"CD4+_T_Cells, CD8+_T_Cells, Macrophages_1",0.062323588877916336,0.348897784948349,0.20074641704559326,0.0,0.001926539232954383,0.04192870855331421,0.01146418321877718,0.0003293869085609913,0.011867059394717216,0.12803637981414795,0.0020465683192014694,0.0014739574398845434,0.002760495524853468,0.0,0.006279138848185539,0.0,0.10542811453342438,0.008057611994445324,0.0015960857272148132,0.06483790278434753,0.0028097403701394796,5.59331092517823e-05,0.010881954804062843,0.2352924793958664,0.001376626780256629,0.6152085065841675,0.11666909605264664,0.01770600862801075
271,6,5,50,90.94925689697266,4705.4716796875,140.69456481933594,63.0,"CD8+_T_Cells, CD4+_T_Cells, Stromal",0.033579517155885696,0.1834210753440857,0.31003668904304504,0.0,0.0010792402317747474,0.055819183588027954,0.0,0.0,0.0,0.10907234251499176,0.02818339131772518,0.005479391664266586,0.02560984529554844,0.0,0.03211825713515282,0.0,0.1662619262933731,0.009068440645933151,0.0,0.04027068614959717,0.00023870835138950497,0.0,0.052942562848329544,0.10047183930873871,0.03486806899309158,0.4675089716911316,0.1950969099998474,0.1488729566335678
275,1,6,66,696.669677734375,4424.95361328125,40.30406188964844,34.0,"Invasive_Tumor, Stromal, Macrophages_1",0.013833931647241116,0.0027282729279249907,0.009408123791217804,0.0,0.0,0.07998230308294296,0.0,0.5764604210853577,0.0,0.07412245124578476,0.0,0.004764243494719267,0.0,0.0,0.0035842005163431168,0.029683809727430344,0.17382383346557617,0.005025341175496578,0.00026738274027593434,0.026315653696656227,0.24809530377388,0.0,0.00010322487651137635,0.08604490011930466,1.1148679415496623e-16,0.0991867184638977,0.5470317006111145,0.019538287073373795
286,0,5,170,186.6970977783203,4919.05419921875,131.318359375,47.0,"Stromal, Macrophages_1, CD8+_T_Cells",0.026392973959445953,0.10586927086114883,0.15533694624900818,0.0,0.015584195032715797,0.025894246995449066,0.0,0.0,0.001052402425557375,0.196873277425766,0.005136882420629263,0.00039844546699896455,0.061526477336883545,0.0,0.0005071274354122579,0.0,0.3319658935070038,0.0093380780890584,0.0,0.06412375718355179,0.004321544896811247,1.4811936399627967e-12,0.09771984070539474,0.1761145144701004,0.026789093390107155,0.5054461359977722,0.1404736340045929,0.049135174602270126
294,5,2,283,704.7272338867188,5370.4619140625,71.36541748046875,34.0,"DCIS_2, Myoepi_ACTA2+, Unlabeled",0.0026115146465599537,0.007058145944029093,0.013335615396499634,0.017063695937395096,0.5857441425323486,0.010578573681414127,0.0,0.03237531706690788,0.0,0.03533507511019707,0.0006927346694283187,0.0,0.15066379308700562,0.002794792875647545,7.210449257399887e-05,0.0035370630212128162,0.08686820417642593,0.00010053904406959191,0.0,0.0511685349047184,0.03108319081366062,0.09114167839288712,0.7105919122695923,0.01993717812001705,0.032499149441719055,0.05766262114048004,0.05419532209634781,0.0028889828827232122
298,2,2,49,814.6741333007812,5396.34033203125,75.29874420166016,35.0,"Myoepi_ACTA2+, Stromal, Macrophages_1",0.0,0.004375082440674305,0.07687416672706604,0.0007706943433731794,0.2270067036151886,0.033469654619693756,0.0,0.0005472213379107416,0.0,0.118052639067173,0.0,0.0,0.3553863763809204,0.0,0.0,0.00023254298139363527,0.14304479956626892,0.0,0.0,0.04024017974734306,0.021125221624970436,0.002199412090703845,0.6760006546974182,0.051720280200242996,0.01908235438168049,0.09875255823135376,0.13102053105831146,9.898225835058838e-05
303,0,7,165,221.20562744140625,5346.94677734375,72.4787826538086,49.0,"Stromal, B_Cells, Macrophages_1",0.18380840122699738,0.08466833829879761,0.07113241404294968,0.0,0.008570772595703602,0.05244230106472969,0.0,0.0,0.0,0.11361627280712128,0.0588812492787838,0.002190749626606703,0.020858651027083397,0.0,0.001591803040355444,0.0,0.3384988009929657,0.00815749354660511,0.0,0.0555826835334301,0.002405516803264618,0.0,0.03541484475135803,0.09364323318004608,0.006442796904593706,0.301154762506485,0.10469172894954681,0.45624712109565735
311,0,5,147,70.3387680053711,5272.50830078125,92.03499603271484,46.0,"Stromal, CD4+_T_Cells, B_Cells",0.1579551249742508,0.1355266273021698,0.07684938609600067,0.0,0.0,0.016634050756692886,0.006528705824166536,0.0,0.0,0.12471261620521545,0.014439556747674942,0.0013623085105791688,0.0,0.0,0.004924817942082882,0.0,0.4130496680736542,0.012770876288414001,0.0,0.03524632751941681,0.004281220026314259,0.0,3.0745653930353e-05,0.15152662992477417,6.443247548304498e-05,0.6737586259841919,0.0749586746096611,0.09537964314222336
314,2,2,157,631.2086181640625,5183.05419921875,77.81724548339844,47.0,"Myoepi_ACTA2+, DCIS_2, Stromal",0.004605202469974756,0.015403677709400654,0.05038706213235855,0.000131188819068484,0.2278074026107788,0.023318475112318993,0.0,0.013081726618111134,0.0,0.1104644238948822,0.0,0.0,0.3789718747138977,0.0016416307771578431,0.0019228048622608185,0.0,0.13950976729393005,0.0033375248312950134,0.0,0.029417332261800766,0.033620476722717285,0.001726881368085742,0.6286172270774841,0.060420043766498566,0.022273100912570953,0.143736332654953,0.10923130810260773,0.0003745451394934207
315,0,5,48,896.2800903320312,5232.5703125,36.62677764892578,49.0,"Stromal, Unlabeled, Macrophages_1",0.1415059119462967,0.045999765396118164,0.12427783757448196,0.0,0.0023994494695216417,0.035704296082258224,0.0,0.0,0.0,0.12535271048545837,0.01225475687533617,0.0,0.009526330046355724,0.0,0.0,0.0,0.353796124458313,0.00809334497898817,0.0003300725657027215,0.1407594233751297,0.022609269246459007,0.0002193548862123862,0.026877934113144875,0.20472003519535065,0.0151159493252635,0.5040381550788879,0.11917340755462646,0.10724582523107529
317,6,5,31,31.68781089782715,5419.13232421875,67.72267150878906,60.0,"Macrophages_1, CD4+_T_Cells, CD8+_T_Cells",0.05844123288989067,0.18299955129623413,0.14592520892620087,0.0,0.0,0.010056447237730026,0.0367480143904686,0.0,0.0,0.2868749499320984,0.0,0.003060797229409218,0.0,0.0,0.0044941045343875885,0.0,0.17893368005752563,0.014452135190367699,0.0,0.07801390439271927,7.881989505520437e-11,0.0,1.401298464324817e-45,0.32032641768455505,3.2990168868817666e-37,0.5887702107429504,0.08010530471801758,0.010798092931509018
320,6,7,39,87.30988311767578,5440.9814453125,226.17520141601562,61.0,"CD4+_T_Cells, CD8+_T_Cells, Unlabeled",0.06672143191099167,0.4175843596458435,0.15154235064983368,0.0,0.0,0.052371714264154434,0.0,0.0,0.0,0.11921865493059158,0.031652212142944336,0.024974018335342407,0.0,0.0,0.006840346846729517,0.0,0.04672687500715256,0.0,0.0,0.08236809074878693,7.20780886521034e-16,0.0,0.0,0.07631135731935501,0.0,0.28783586621284485,0.10772634297609329,0.5281264185905457
321,6,5,71,157.2625274658203,5438.267578125,188.4753875732422,34.0,"CD4+_T_Cells, Macrophages_1, CD8+_T_Cells",0.06282517313957214,0.4732970595359802,0.15202806890010834,0.0,0.0,0.03949204087257385,0.015382202342152596,0.0,0.0,0.16179922223091125,0.0007097311317920685,0.0,0.0,0.0,0.0009534318232908845,0.0,0.033992599695920944,0.0007119649671949446,0.0,0.05880851298570633,1.3965074180797737e-18,0.0,5.654113460972262e-19,0.2440149486064911,4.203895392974451e-45,0.6455693244934082,0.10359834879636765,0.006817471235990524
328,1,2,38,1261.9010009765625,45.530635833740234,148.32931518554688,22.0,"Invasive_Tumor, DCIS_2, Prolif_Invasive_Tumor",0.0,0.0,0.0,0.0,0.07100070267915726,0.013244064524769783,0.0,0.7732161283493042,0.0,0.011053137481212616,0.0,0.0,0.0,0.0,0.0,0.04115797206759453,0.02345687337219715,0.0,0.0010183124104514718,0.06585270911455154,0.17503809928894043,0.02561098337173462,0.739121675491333,0.0,0.0,0.0,0.06022922694683075,0.0
330,7,0,525,2227.23095703125,90.08238220214844,54.030757904052734,8.0,"Unlabeled, Invasive_Tumor, Stromal",0.009270265698432922,0.006601269356906414,0.0051444829441607,0.0031774130184203386,0.00916397012770176,0.00015842096763662994,0.0,0.11582256108522415,0.0,0.011684234254062176,0.0,0.0,0.0002052168274531141,0.0,0.0008304707589559257,3.46119049936533e-05,0.01969604752957821,0.0,0.000792335020378232,0.8174187541007996,0.13047224283218384,0.0,0.00011453733895905316,0.003953161649405956,0.00021770366583950818,0.027003370225429535,0.0016050675185397267,0.00044346487266011536
334,1,6,380,1740.988525390625,497.08355712890625,57.71510314941406,33.0,"Invasive_Tumor, Stromal, Endothelial",0.014621817506849766,0.005757324863225222,0.007769284304231405,0.0,0.0,0.12208645790815353,0.0,0.5706455111503601,0.0,0.04751453548669815,0.001074007130227983,0.0017876054625958204,0.0,0.0,0.009827667847275734,0.07555047422647476,0.11497030407190323,6.669981667073444e-05,0.010009839199483395,0.01831849291920662,0.3064877390861511,5.679432433680631e-05,2.5913315766956657e-05,0.04706183448433876,0.0004796088032890111,0.04746711999177933,0.5836161375045776,0.014804898761212826
347,1,2,114,1192.60009765625,791.1104736328125,75.30447387695312,8.0,"Invasive_Tumor, DCIS_2, Unlabeled",0.0009847355540841818,0.0,0.0,0.0,0.3381888270378113,0.0023179976269602776,0.0,0.6171543002128601,0.0,0.0012733027106150985,0.0005472630145959556,0.0,0.013383961282670498,0.0,0.0,0.0021825998555868864,0.004802930634468794,0.0,0.0,0.019163895398378372,0.30349814891815186,0.061631783843040466,0.6095346808433533,0.004913292359560728,0.0019896207377314568,0.00018267743871547282,0.01218816265463829,0.006061610300093889
352,0,7,67,1311.1854248046875,884.9481201171875,39.74386978149414,79.0,"Stromal, B_Cells, Unlabeled",0.0828581228852272,0.03382784500718117,0.03446535766124725,0.0,0.026956990361213684,0.08910125494003296,0.0,0.057601798325777054,0.0,0.07727093249559402,0.07284410297870636,0.00263282866217196,0.04699409753084183,0.0,0.001455477555282414,0.004305984824895859,0.3707598149776459,0.00035555893555283546,0.02780836448073387,0.07076144218444824,0.140205517411232,0.0,0.06544788181781769,0.09393922984600067,0.014706810936331749,0.1403709203004837,0.13898399472236633,0.4063456654548645
353,0,6,65,1372.457763671875,669.0836181640625,30.50978660583496,62.0,"Stromal, B_Cells, Macrophages_1",0.12612509727478027,0.028227530419826508,0.017556075006723404,0.0,0.015329280868172646,0.13758230209350586,0.0,0.027040764689445496,0.0,0.07555384933948517,0.014256905764341354,0.0007406569784507155,0.04399001598358154,0.0,0.010703683830797672,0.002977762371301651,0.4211031496524811,0.01887170784175396,0.01361888088285923,0.04632238671183586,0.07466714084148407,0.0,0.0682590901851654,0.11560187488794327,0.010348047129809856,0.19370080530643463,0.45991015434265137,0.07751293480396271
357,0,0,45,1485.5230712890625,838.0164184570312,14.722501754760742,59.0,"Stromal, Invasive_Tumor, Unlabeled",0.013829061761498451,0.03587289899587631,0.005902968347072601,0.0,0.0,0.05369693413376808,0.0,0.20875756442546844,0.0,0.07165921479463577,0.009763524867594242,0.0,0.0,0.0,0.005548330955207348,0.04619552940130234,0.4936368763446808,0.0022155302576720715,0.009134781546890736,0.04378684610128403,0.5688583850860596,1.401298464324817e-45,0.0018323765834793448,0.06412709504365921,0.004624099005013704,0.11617319285869598,0.18524061143398285,0.05914419889450073
360,0,2,30,1029.0843505859375,886.2706298828125,124.30743408203125,87.0,"Stromal, Myoepi_ACTA2+, Endothelial",0.02849210612475872,0.06500359624624252,0.03374617174267769,0.0,0.08516194671392441,0.09469088166952133,0.0,0.03340085223317146,0.0,0.052238721400499344,0.03168129548430443,0.0,0.1760893166065216,0.0,0.021174758672714233,0.0008839374058879912,0.3214024603366852,0.008277712389826775,0.002456232439726591,0.045299965888261795,0.08280692249536514,1.3571551650435615e-28,0.38111406564712524,0.08342644572257996,0.004679625853896141,0.18113082647323608,0.1550077497959137,0.11183441430330276
361,5,0,110,1032.4881591796875,745.762939453125,96.49235534667969,9.0,"DCIS_2, Invasive_Tumor, Macrophages_1",0.0,0.004162703640758991,0.008534851484000683,0.0,0.5685737729072571,0.0029050942976027727,0.0,0.2663309574127197,0.0,0.04634943976998329,0.0,0.0,0.02933790720999241,0.004420872777700424,0.0001633144565857947,0.03250393271446228,0.011957374401390553,0.0,0.006057613529264927,0.018702153116464615,0.5795294046401978,0.025278238579630852,0.34468114376068115,0.012340043671429157,0.0016706617316231132,0.029965896159410477,0.0065345303155481815,0.0
364,0,5,58,1039.5302734375,931.10498046875,97.06150817871094,77.5,"Stromal, B_Cells, CD4+_T_Cells",0.07724275439977646,0.07736501842737198,0.06522876024246216,0.0,0.02534046396613121,0.08584420382976532,0.0,0.02595330774784088,0.0,0.034657709300518036,0.02139493264257908,0.0,0.0966782420873642,0.0,0.006615591235458851,0.00039093405939638615,0.42149797081947327,0.012074066326022148,0.00018860404088627547,0.049527477473020554,0.053815051913261414,1.2275224580967684e-19,0.1491866111755371,0.10043619573116302,0.02392391301691532,0.4375859200954437,0.1423598825931549,0.09269244968891144
371,1,2,36,1083.0528564453125,25.253923416137695,89.80370330810547,34.0,"Invasive_Tumor, Unlabeled, DCIS_2",0.000259145483141765,0.0,0.019854577258229256,0.0,0.09848639369010925,0.0,0.0,0.6440842747688293,0.0,0.05630684643983841,0.0,0.0,0.0,0.0,0.0,0.027167044579982758,0.07427295297384262,0.0,0.0,0.07956887036561966,0.27548640966415405,0.0290682315826416,0.6252037286758423,0.049481429159641266,2.802596928649634e-45,0.012173030525445938,0.0030173338018357754,0.005569756962358952
374,1,6,128,1570.5557861328125,1250.9161376953125,59.291587829589844,25.0,"Invasive_Tumor, Stromal, Endothelial",0.004054533317685127,0.0,0.004280618391931057,0.0,0.006948922295123339,0.10906235873699188,0.0,0.6027587652206421,0.0,0.055318720638751984,0.002370550762861967,0.0,0.0,0.0,0.008952397853136063,0.03541954979300499,0.15078061819076538,0.0,0.01527321245521307,0.004779574926942587,0.2846834063529968,0.001585804158821702,0.006998054217547178,0.022319357842206955,0.0007430684054270387,0.04503142088651657,0.602670431137085,0.035968419164419174
376,3,6,33,1661.767822265625,1493.6624755859375,80.55290222167969,46.0,"Endothelial, Perivascular-Like, Stromal",0.006286270450800657,0.0,0.015536792576313019,0.0,0.0,0.4017207622528076,0.0,0.08191287517547607,0.0,0.04818208888173103,0.0,0.0,0.0,0.0,0.2158508151769638,0.0004591323377098888,0.17517434060573578,0.0,0.00427017780020833,0.05060682073235512,0.21370011568069458,0.0,2.538998091633493e-12,0.1385379135608673,0.0010280143469572067,0.095860056579113,0.5494888424873352,0.0013850834220647812
378,1,6,101,1609.017333984375,1546.3299560546875,65.41546630859375,35.0,"Invasive_Tumor, Stromal, Macrophages_1",0.013010591268539429,0.014621053822338581,0.05296052247285843,0.0,0.0,0.06733857840299606,0.0,0.5542880296707153,0.0,0.06305316835641861,0.0011842757230624557,0.0,0.0,0.0,0.01594187133014202,0.038623496890068054,0.1505645364522934,0.0,0.0072639635764062405,0.021149924024939537,0.2835446000099182,1.5972172984760578e-34,9.850475180428475e-05,0.07973682880401611,0.0021323603577911854,0.10214000940322876,0.5181540250778198,0.014193428680300713
381,1,6,200,2000.8455810546875,1852.926513671875,63.94194030761719,15.0,"Invasive_Tumor, Stromal, Endothelial",0.0011195300612598658,0.0008729454129934311,0.0007261397549882531,0.0,0.0027074667159467936,0.1009303405880928,0.000920754624530673,0.6861234307289124,0.001293857116252184,0.013254083693027496,0.002505076816305518,0.0007309098728001118,0.0,0.0,0.007343449164181948,0.018206769600510597,0.14444395899772644,0.0,0.002207411453127861,0.01661384291946888,0.24280263483524323,0.00018325455312151462,0.00380644085817039,0.058102164417505264,0.0008276660228148103,0.009068568237125874,0.6705272793769836,0.014681706205010414
383,1,5,35,1371.98779296875,1671.7467041015625,89.2728500366211,61.0,"Invasive_Tumor, Macrophages_1, Prolif_Invasive_Tumor",0.022670773789286613,0.07737331092357635,0.0339241586625576,0.0,0.0,0.09879039973020554,0.0,0.4706366956233978,0.0,0.08808714151382446,0.0,0.0,0.0,0.0,0.02937367372214794,0.07360562682151794,0.09009821712970734,0.0,0.0,0.01544004026800394,0.2608197033405304,0.0,1.7952034626465231e-41,0.05534185841679573,1.0587924851104824e-12,0.4406048059463501,0.2427455335855484,0.0004881575296167284
384,1,6,116,1317.617431640625,1838.65869140625,70.55880737304688,34.0,"Invasive_Tumor, Endothelial, Prolif_Invasive_Tumor",0.0076337154023349285,0.015668129548430443,0.011212429963052273,0.0,0.0,0.11288084089756012,0.0,0.6037850379943848,0.0,0.03530287370085716,0.0,0.0,0.0,0.0,0.01289275661110878,0.09782646596431732,0.08752609044313431,0.0,0.004479825496673584,0.010791836306452751,0.3362947404384613,0.0,0.00032266267226077616,0.020464438945055008,0.0004651346825994551,0.08475843816995621,0.5576067566871643,8.785799582256004e-05
388,1,6,48,1746.595703125,1192.1624755859375,67.89134216308594,24.0,"Invasive_Tumor, Endothelial, Prolif_Invasive_Tumor",0.0,0.0,0.0004659889673348516,0.0,0.0,0.11521657556295395,0.0,0.6532526612281799,0.0,0.07255065441131592,0.0,0.0,0.0,0.0,0.0036232054699212313,0.06989968568086624,0.07145103067159653,0.0,0.004589293617755175,0.008950782008469105,0.32679736614227295,0.0,1.401298464324817e-45,0.012485909275710583,0.0003386109310667962,0.017944511026144028,0.641657829284668,0.000775806896854192
399,0,5,2945,2455.957275390625,2943.331787109375,75.42094421386719,35.0,"Stromal, CD8+_T_Cells, Macrophages_1",0.05577165260910988,0.06620778888463974,0.10554978251457214,0.0,5.587725536315702e-05,0.02431323006749153,0.003403048263862729,0.00247932062484324,0.0033854851499199867,0.08737289160490036,0.0034072422422468662,0.0013273990480229259,0.007444074843078852,0.0005239125457592309,0.0044380552135407925,0.00013043539365753531,0.5842052698135376,0.013906965032219887,0.0002787279663607478,0.03579893335700035,0.02419019117951393,6.220393801827442e-14,0.010459751822054386,0.16648706793785095,0.011648338288068771,0.6360204219818115,0.10333019495010376,0.04786437004804611
401,0,7,297,1652.0377197265625,2838.317626953125,62.510093688964844,35.0,"Stromal, B_Cells, CD8+_T_Cells",0.1145683079957962,0.04452308639883995,0.06043294817209244,0.0,0.0,0.0038836668245494366,0.0027711736038327217,0.010521397925913334,0.0,0.055026039481163025,0.05314097926020622,0.015261736698448658,0.00012621805944945663,0.0,0.0005775406025350094,0.0,0.6085631251335144,0.011409696191549301,0.00037814409006386995,0.01881566271185875,0.030076922848820686,4.670983282068235e-36,0.00027195847360417247,0.11466575413942337,0.0014682994224131107,0.26375630497932434,0.020413698628544807,0.5693470239639282
403,6,7,36,1512.3890380859375,2546.9111328125,208.2498779296875,76.0,"CD8+_T_Cells, CD4+_T_Cells, Macrophages_1",0.07840458303689957,0.22643324732780457,0.2793083190917969,0.0,0.0,0.0,0.0,0.062079593539237976,0.01932292990386486,0.18913358449935913,0.03393873944878578,0.0,0.0,0.0,0.0,0.006147310137748718,0.05752800405025482,0.02364957518875599,0.0014600706053897738,0.022593975067138672,0.11650517582893372,0.0,0.00010537609341554344,0.02971710078418255,2.924796049796896e-08,0.390392929315567,0.0,0.46327945590019226
413,0,5,525,1939.0216064453125,3277.525390625,145.2908172607422,46.0,"Stromal, B_Cells, Macrophages_1",0.11159548163414001,0.07975265383720398,0.07964496314525604,0.0,0.00020970875630155206,0.02822142280638218,0.00781396497040987,0.00014035975618753582,0.004127998370677233,0.09086675941944122,0.007137458771467209,0.0009948360966518521,0.018140308558940887,0.003289737505838275,0.00031528144609183073,0.0,0.5104584693908691,0.011255808174610138,0.0,0.04603491351008415,0.012904477305710316,0.0,0.02441435679793358,0.16317671537399292,0.01877817139029503,0.595731258392334,0.109898641705513,0.07509643584489822
414,0,3,172,1743.505126953125,3160.834228515625,173.18936157226562,60.0,"Stromal, B_Cells, Macrophages_1",0.18271563947200775,0.09909529983997345,0.07362750172615051,0.0,0.0,0.0052419365383684635,0.05029275268316269,0.0014620686415582895,0.004803555551916361,0.08946046978235245,0.024298079311847687,0.0019102696096524596,0.0,0.0,0.0017976671224460006,0.0,0.4133646786212921,0.0026656449772417545,0.0,0.04926438629627228,0.005674456246197224,0.0,2.2493026335723698e-05,0.5118219256401062,9.22257750062272e-05,0.3177938163280487,0.008905733935534954,0.1556892842054367
419,0,5,30,1606.4256591796875,3344.55712890625,36.59312438964844,45.0,"Stromal, Macrophages_1, CD8+_T_Cells",0.014584019780158997,0.03773035854101181,0.05376609414815903,0.0,0.0,0.001953555503860116,0.0,0.06585204601287842,0.0,0.2194240540266037,0.006112540606409311,0.0,0.0,0.0,0.0,0.00048227939987555146,0.5699024796485901,0.0,0.0029908791184425354,0.027201686054468155,0.20682448148727417,4.3334785269703283e-16,0.0002478545648045838,0.19289235770702362,0.004870052915066481,0.5016080141067505,0.03178660571575165,0.06177059933543205
420,0,7,91,1769.494873046875,3427.12841796875,108.19209289550781,62.0,"Stromal, B_Cells, Macrophages_1",0.13162723183631897,0.08648300170898438,0.04379887133836746,0.0,0.0,0.05680162459611893,0.024520164355635643,0.0010852116392925382,0.0,0.07262084633111954,0.042438458651304245,0.0,0.0,0.0,0.0001884524681372568,0.0,0.4941391944885254,0.015296594239771366,0.0,0.031000325456261635,0.0033618491142988205,0.0,0.0002940328558906913,0.14514532685279846,0.0009340368560515344,0.2668839395046234,0.14519448578357697,0.4381863474845886
421,1,0,71,1653.5543212890625,3477.448486328125,62.630943298339844,24.0,"Invasive_Tumor, Prolif_Invasive_Tumor, Stromal",0.0,0.0,0.0009641035576350987,0.0,0.0,0.00038393482100218534,0.0,0.5381168723106384,0.0,0.09777427464723587,0.0,0.0,0.0,0.0,0.0,0.14533191919326782,0.16992142796516418,6.290675810305402e-05,0.014917660504579544,0.0325268916785717,0.7212799191474915,0.0,0.007546126842498779,0.16743378341197968,0.016433516517281532,0.03540230169892311,0.038082681596279144,0.013821647502481937
423,1,6,37,1195.772705078125,3493.22021484375,90.52023315429688,24.0,"Invasive_Tumor, Stromal, Endothelial",0.0,0.01399871427565813,0.02891494147479534,0.0,0.0,0.12332118302583694,0.0,0.5369343757629395,0.0,0.0699838399887085,0.0,0.0,0.0,0.0,0.006579672917723656,0.005267761647701263,0.155228391289711,0.0,0.030760720372200012,0.029010361060500145,0.3282882273197174,0.0005059930845163763,0.003157302038744092,0.03462028130888939,0.001424686168320477,0.08195383846759796,0.5500496625900269,1.401298464324817e-45
425,1,6,30,913.2159423828125,3356.072998046875,71.25922393798828,33.0,"Invasive_Tumor, Prolif_Invasive_Tumor, Macrophages_1",0.016212288290262222,0.0,0.007041847798973322,0.0,0.0,0.07340960204601288,0.0,0.6419913172721863,0.0,0.0733887180685997,0.0,0.0,0.0,0.0,0.0,0.12436892837285995,0.049808088690042496,0.0,0.0,0.013779336586594582,0.37029045820236206,0.0,0.0004033004806842655,0.02623460255563259,0.008343049325048923,0.06557717174291611,0.5177850127220154,0.011366324499249458
427,6,5,176,1718.54931640625,2686.3564453125,179.63172912597656,46.0,"CD8+_T_Cells, CD4+_T_Cells, Macrophages_1",0.04844941198825836,0.2787933647632599,0.3208504021167755,0.0,0.0,0.03741513565182686,0.0,0.0,0.019575752317905426,0.13915792107582092,0.0,0.0,0.0,0.0,0.005913628730922937,0.0,0.10960216075181961,0.013785975985229015,0.0,0.026456423103809357,0.0006883618189021945,0.0,0.0001294134563067928,0.0921366736292839,2.1019476964872256e-44,0.7657407522201538,0.14097464084625244,0.00033006921876221895
429,1,6,31,1090.3701171875,4289.54931640625,51.07099151611328,24.0,"Invasive_Tumor, Stromal, Endothelial",0.018126750364899635,0.0007175425998866558,0.0,0.0,0.0,0.09608298540115356,0.0,0.5155618786811829,0.0,0.05746284872293472,0.0025854473933577538,0.0,0.0,0.0,0.006673258263617754,0.048705197870731354,0.22719164192676544,0.0004154212074354291,0.004617650993168354,0.02185935527086258,0.3265139162540436,0.0,6.298941454015291e-15,0.06241917237639427,1.401298464324817e-45,0.05124287307262421,0.5258402228355408,0.03398386761546135
430,1,0,1952,1308.4332275390625,4689.0703125,67.94696044921875,15.0,"Invasive_Tumor, Prolif_Invasive_Tumor, Stromal",0.003060592571273446,7.585315324831754e-05,0.0038354555144906044,0.0,0.00026336690643802285,0.02606084942817688,8.483396959491074e-05,0.7454136610031128,0.0,0.028463995084166527,0.000284869980532676,0.0,0.0,0.0,0.00011052503396058455,0.09964670985937119,0.08019564300775528,0.0008119179401546717,0.004297486040741205,0.007393777370452881,0.8039148449897766,0.0002166727790609002,0.0005630215164273977,0.03001684509217739,0.0023717102594673634,0.02972281351685524,0.12067348510026932,0.01252011302858591
432,0,6,3927,4017.51025390625,4550.85302734375,6.54338264465332,14.0,"Stromal, Endothelial, Macrophages_1",0.015722699463367462,0.005159950815141201,0.00811050832271576,0.0002989137137774378,0.00012720083759631962,0.10348793119192123,0.0013474903535097837,0.007300814148038626,0.0009319167002104223,0.028846442699432373,0.014874324202537537,0.002558670938014984,0.002066786866635084,4.4960859668208286e-05,0.011183347553014755,0.0005565524916164577,0.7862863540649414,0.00148351164534688,0.0,0.009612887166440487,0.038313768804073334,0.0003285501152276993,0.01087874174118042,0.12426280230283737,0.02127090096473694,0.07884952425956726,0.5766211152076721,0.1494745910167694
434,0,3,45,1687.4854736328125,4372.55029296875,5.069018363952637,24.0,"Stromal, Unlabeled, B_Cells",0.014582383446395397,0.050709083676338196,0.029288096353411674,0.0,0.0,0.0030482655856758356,0.00022197799989953637,0.0036292914301156998,0.0,0.023479286581277847,4.9322276026941836e-05,0.0,0.0,0.0,0.0,3.0308054192573763e-05,0.7907124161720276,0.01979948952794075,0.0,0.0644499659538269,0.08498051762580872,0.0,0.004236944485455751,0.4817507863044739,0.0195420291274786,0.25518250465393066,0.11183439195156097,0.042472902685403824
437,0,0,43,1632.61669921875,3584.8896484375,24.602920532226562,23.0,"Stromal, Endothelial, Unlabeled",0.0,0.0,0.008672942407429218,0.0,0.0,0.031121298670768738,0.0,0.2244376689195633,0.0,0.029845356941223145,0.0,0.0,0.0,0.0,0.0,0.03375883027911186,0.6388323307037354,0.011311820708215237,0.0015430079074576497,0.020476803183555603,0.5945624709129333,0.0,0.0058282059617340565,0.1156621053814888,0.00794896762818098,0.07580211758613586,0.18221470713615417,0.017981385812163353
439,0,6,62,973.77978515625,4290.0673828125,59.327049255371094,35.0,"Stromal, B_Cells, Macrophages_1",0.18632063269615173,0.0017302533378824592,0.008135316893458366,0.0,0.0,0.13123223185539246,0.0,0.1366916447877884,0.0,0.12217889726161957,0.012058478780090809,0.0,0.0,0.0,0.014230335131287575,0.013018457219004631,0.34505030512809753,0.0,0.0003512793919071555,0.029002221301198006,0.16088591516017914,0.0,2.298784238519147e-05,0.10599985718727112,2.2096299289842136e-05,0.13954128324985504,0.5130336284637451,0.08049431443214417
446,0,5,63,1762.7398681640625,4708.83154296875,3.209841251373291,46.0,"Stromal, Macrophages_1, Unlabeled",0.02798372134566307,0.03686476871371269,0.05912090092897415,0.0,0.0,1.3352816949918633e-06,0.004923162050545216,0.00809808261692524,0.012628781609237194,0.09567129611968994,0.00010555381595622748,0.0,0.0,0.0,1.7438708255212987e-09,9.25564017961733e-05,0.7078207731246948,0.0,0.007586183026432991,0.03910292685031891,0.10663671046495438,0.0,0.0032923053950071335,0.17293663322925568,0.0266361553221941,0.5948857069015503,0.033151306211948395,0.062461186200380325
454,0,0,43,1595.4136962890625,4660.25732421875,21.140674591064453,62.0,"Stromal, Macrophages_1, Unlabeled",0.011239785701036453,0.014379841275513172,0.030750222504138947,0.0,0.0,0.021123921498656273,0.0,0.11043331027030945,0.0,0.20371113717556,0.004294476006180048,0.0,0.0,0.0,0.0,0.04430704563856125,0.4361862242221832,0.0,0.016983328387141228,0.10659077018499374,0.4670224189758301,1.479132834128283e-24,0.000225955227506347,0.16781949996948242,0.005087393335998058,0.179911807179451,0.08371070772409439,0.09622214734554291
464,0,7,2403,2882.79345703125,4326.66943359375,7.282663345336914,14.0,"Stromal, Macrophages_2, B_Cells",0.038874611258506775,0.01196451485157013,0.013894195668399334,0.0,0.0,0.017757339403033257,0.003776323748752475,0.001066997996531427,0.0004194925422780216,0.02910887636244297,0.07581034302711487,0.0014532747445628047,4.304739377403166e-06,0.0,0.00014491546608041972,4.431575507624075e-05,0.7857698202133179,0.005691105034202337,0.00017323716019745916,0.014046386815607548,0.021451659500598907,0.0,0.0029446803964674473,0.10253656655550003,0.008105101063847542,0.11280235648155212,0.10933655500411987,0.6428226828575134
477,1,6,143,2468.135986328125,867.7450561523438,64.51844024658203,24.0,"Invasive_Tumor, Endothelial, Stromal",0.006112192757427692,0.0,0.00013563073298428208,0.0,0.0,0.0830850601196289,0.0,0.7072179317474365,0.0,0.05653642863035202,0.0,0.0,0.0,0.0,0.0,0.05720335990190506,0.06602364033460617,0.0,0.00552806630730629,0.0181575957685709,0.31703877449035645,6.39933155280403e-35,5.856838106410578e-05,0.026779215782880783,0.0008257263689301908,0.004982013255357742,0.6501718163490295,0.00014383673260454088
478,1,6,39,1888.2440185546875,819.3868408203125,45.73065185546875,24.0,"Invasive_Tumor, Macrophages_1, Stromal",0.0,0.0,0.00788425374776125,0.0,0.0,0.10290925949811935,0.0,0.636199414730072,0.0,0.12476329505443573,0.0,0.0,0.0,0.0,0.0,0.054565154016017914,0.07047755271196365,0.0,0.00020647696510422975,0.00299461861141026,0.37194010615348816,5.519460073414786e-26,0.0007593121845275164,0.013570435345172882,0.00040011151577346027,0.02861955761909485,0.5847105383872986,0.0
489,1,6,115,2588.2548828125,1404.9744873046875,69.32501983642578,23.0,"Invasive_Tumor, Stromal, Endothelial",0.0,0.0,0.0043655200861394405,0.0,0.0019091586582362652,0.10817026346921921,0.0,0.6570778489112854,0.0,0.058340247720479965,0.0,0.0,0.0,0.0,0.0,0.034729741513729095,0.12215415388345718,0.0,0.0113412756472826,0.0019117863848805428,0.35816657543182373,1.401298464324817e-45,0.0008805982652120292,0.008934414945542812,0.0009070137748494744,0.03146829456090927,0.5996431708335876,3.0479414023058815e-13
493,1,6,66,1987.345458984375,1713.882080078125,63.96929931640625,16.0,"Invasive_Tumor, Stromal, Endothelial",0.0035237984266132116,0.01790361851453781,0.019697722047567368,0.0,0.0,0.12245135009288788,0.0,0.6334508061408997,0.0,0.03268143907189369,0.0,0.0,0.0,0.0,0.008152974769473076,0.009179661981761456,0.14382991194725037,0.0,0.007663245312869549,0.0014654946280643344,0.32078278064727783,0.0,0.00019388660439290106,0.0079691456630826,0.0010134708136320114,0.0688437670469284,0.6011970043182373,6.791712747755696e-10
506,1,6,46,2429.748779296875,1297.6441650390625,66.467041015625,34.0,"Invasive_Tumor, Stromal, Endothelial",0.06759893149137497,0.0006369188195094466,0.0,0.0,0.0,0.0767834261059761,0.0,0.536463737487793,0.0,0.050931576639413834,0.0,0.0,0.0,0.0,0.0,0.09921135008335114,0.15538553893566132,0.0,0.0,0.012988551519811153,0.32927486300468445,0.0,1.401298464324817e-45,0.018331002444028854,5.0983409772664555e-25,0.021980930119752884,0.6124829053878784,0.01793036423623562
507,1,0,468,2360.646484375,2131.20458984375,67.83894348144531,21.0,"Invasive_Tumor, Stromal, Prolif_Invasive_Tumor",0.0011182611342519522,0.000507027783896774,0.008040322922170162,0.0,0.0,0.01984878070652485,0.0,0.7187525033950806,0.0,0.02096928283572197,0.00011129056656500325,0.0003954269632231444,0.0,0.0,0.0011722160270437598,0.08198295533657074,0.11989421397447586,1.9777777197305113e-05,0.010015394538640976,0.01717274636030197,0.7824304103851318,3.448855636634107e-07,0.00046290596947073936,0.08637673407793045,0.003372327657416463,0.031371451914310455,0.08648031204938889,0.009505546651780605
509,0,0,48,2399.814697265625,2265.932861328125,13.661298751831055,11.0,"Stromal, Invasive_Tumor, Unlabeled",0.0011485485592857003,0.0,0.011998136527836323,0.0,0.0,0.014451599679887295,0.0,0.21267545223236084,0.0,0.016582423821091652,0.0010019504697993398,0.0,0.0,0.0,0.0,0.013820145279169083,0.70921391248703,0.0,0.001758340746164322,0.017349623143672943,0.5988781452178955,0.0,0.0033530276268720627,0.07402868568897247,0.012974361889064312,0.05863046646118164,0.16449490189552307,0.08764051645994186
510,0,7,461,2516.1123046875,2557.1767578125,47.85552978515625,33.0,"Stromal, B_Cells, Macrophages_2",0.09297699481248856,0.0336555652320385,0.03512033820152283,0.0,0.0,0.020948968827724457,0.012908291071653366,0.003195226425305009,0.00023366662207990885,0.04727308452129364,0.05027554929256439,0.001831958768889308,0.0,0.0,0.01359148882329464,0.0,0.6653351783752441,0.004976963624358177,0.0,0.017676858231425285,0.02090405486524105,0.0,0.0016002190532162786,0.14155736565589905,0.0036852897610515356,0.19331684708595276,0.08782108128070831,0.5511152148246765
525,2,2,175,1860.4371337890625,2545.672607421875,154.86984252929688,15.0,"Myoepi_ACTA2+, Myoepi_KRT15+, DCIS_2",0.0,0.00012472431990318,0.004574227146804333,0.0,0.16568368673324585,0.007060674950480461,0.0,0.005154429469257593,0.0,0.006125248037278652,0.0,0.0,0.4896937310695648,0.1901782900094986,0.0,0.0,0.12488555908203125,0.0,0.0,0.0065192561596632,0.006939704529941082,0.03555033728480339,0.8915326595306396,0.006139598786830902,0.004821538459509611,0.013587825931608677,0.04041155427694321,0.0010168323060497642
526,5,2,49,1874.604248046875,2561.608154296875,69.3957290649414,9.0,"DCIS_2, Myoepi_KRT15+, CD8+_T_Cells",0.0,0.0,0.0,0.0,0.6459795236587524,0.0009002443985082209,0.0,0.0033694386947900057,0.0,0.0007581200916320086,0.0,0.0,0.19053861498832703,0.12086819857358932,0.0,0.0,0.028297198936343193,0.0,0.0,0.00928865373134613,0.0007868828834034503,0.029387911781668663,0.9578649401664734,0.0026418031193315983,7.389791791455337e-24,3.0073753994740484e-38,0.009055317379534245,0.000263271969743073
531,0,6,91,2040.6453857421875,2601.97607421875,63.71247100830078,23.0,"Stromal, CD8+_T_Cells, Macrophages_1",0.004420514218509197,0.0053249248303473,0.06364654004573822,0.0,0.0002791118749883026,0.06887684017419815,0.0,0.0,0.0,0.0724327340722084,0.0013602350372821093,0.0,0.008088294416666031,0.0,0.007584114093333483,0.0,0.7560617923736572,0.0,0.0,0.011925111524760723,0.02953755483031273,1.0345211354234607e-09,0.02413010410964489,0.07290177792310715,0.0198725126683712,0.2700496315956116,0.5517734289169312,0.03173494338989258
533,0,7,71,2084.0615234375,2522.163330078125,60.53845977783203,49.0,"Stromal, CD8+_T_Cells, Macrophages_1",0.0516287125647068,0.08787929266691208,0.1587142050266266,0.0,0.0,0.05821967497467995,0.0009101526229642332,0.0,0.0,0.08116891980171204,0.04706021398305893,0.0,0.0,0.0,0.012339980341494083,0.0,0.4760146737098694,0.002844784874469042,0.0,0.02321935072541237,0.003181520849466324,0.0,0.0001227279717568308,0.044806260615587234,0.0003897479909937829,0.25816071033477783,0.148907870054245,0.5444310903549194
538,6,5,840,2128.77294921875,3490.655029296875,233.98959350585938,47.0,"CD4+_T_Cells, B_Cells, CD8+_T_Cells",0.20454439520835876,0.3116072118282318,0.12840895354747772,0.0,0.0,0.03624832630157471,0.015431656502187252,0.0,0.002636426594108343,0.110985167324543,0.008378354832530022,0.0007648681057617068,0.000307869806420058,0.0,0.0019932296127080917,0.0,0.13268440961837769,0.004917647689580917,0.0,0.0410916768014431,8.144682396959979e-06,0.0,0.00010666000162018463,0.19770461320877075,9.16114731808193e-05,0.6303619146347046,0.11107548326253891,0.060651060193777084
539,6,7,30,2316.10986328125,3371.34619140625,184.81121826171875,61.5,"CD4+_T_Cells, B_Cells, Endothelial",0.18153849244117737,0.21714664995670319,0.043626777827739716,0.0,0.0,0.07563409954309464,0.0462941899895668,0.0,0.0,0.15561865270137787,0.048290692269802094,0.0,0.0,0.0,0.0,0.0,0.1681504249572754,0.0032062518876045942,0.0,0.06049376353621483,1.401298464324817e-45,0.0,0.0,0.20747119188308716,0.0,0.28068071603775024,0.10853659361600876,0.40331146121025085
541,0,7,50,2359.108642578125,3313.7607421875,99.34632873535156,36.0,"Stromal, CD4+_T_Cells, Macrophages_1",0.07049120962619781,0.09871809929609299,0.005036015063524246,0.0,0.0003482966567389667,0.09239667654037476,0.008366294205188751,0.0,0.0069753206335008144,0.09664933383464813,0.03539027273654938,0.0,0.003641858696937561,0.0,0.0,0.0,0.5726308822631836,0.0,0.0,0.00935577042400837,0.011838119477033615,0.0,0.007373220752924681,0.09278484433889389,0.0025923550128936768,0.19835641980171204,0.24119296669960022,0.4458619952201843
547,0,3,32,2537.815185546875,2919.2119140625,17.406089782714844,14.0,"Stromal, Macrophages_1, IRF7+_DCs",0.02853258326649666,0.001273111323826015,0.0002696847659535706,0.0,0.0,0.0022304800804704428,0.02952113375067711,0.0,0.0,0.09195470809936523,0.0,0.0,0.0,0.0,0.0,0.0,0.8166522979736328,0.0026729428209364414,0.0,0.02689303271472454,0.036882683634757996,0.0,0.0022911352571099997,0.7536245584487915,0.003254979383200407,0.09660914540290833,0.1005035787820816,0.006833876483142376
548,0,7,61,2456.970703125,3112.33837890625,50.21565246582031,35.0,"Stromal, B_Cells, Macrophages_2",0.04546022415161133,0.023389725014567375,0.04251263290643692,0.0,0.0,0.03856736049056053,0.004606264177709818,0.0,0.0,0.0753299742937088,0.04574185237288475,0.0002055450895568356,0.0,0.0,0.003437802894040942,0.0,0.6690474152565002,0.0016814640257507563,0.0,0.05001967027783394,0.015777526423335075,0.0,0.00041646568570286036,0.17611800134181976,0.0017845876282081008,0.201541468501091,0.14746476709842682,0.4568972587585449
550,2,2,109,2055.468505859375,3390.047119140625,153.5007781982422,23.0,"Myoepi_ACTA2+, Myoepi_KRT15+, DCIS_2",0.0,0.00039007922168821096,0.0073371161706745625,0.0,0.10428088158369064,0.0019109501736238599,0.0011872302275151014,0.0,0.0009482990717515349,0.023363180458545685,0.0,0.0,0.37690961360931396,0.3358582556247711,0.0,0.0,0.14781443774700165,0.0,0.0,0.0,0.011737510561943054,0.021199487149715424,0.8295541405677795,0.0033526290208101273,0.05111262947320938,0.048388637602329254,0.029049042612314224,0.005605657119303942
553,0,2,251,1989.955810546875,3033.830078125,72.38532257080078,16.0,"Stromal, Myoepi_ACTA2+, Macrophages_1",0.0020348266698420048,0.00018239562632516026,0.015293183736503124,0.0,0.08480272442102432,0.02020188607275486,0.0,0.0002179917792091146,0.0,0.024133505299687386,3.862826633849181e-05,0.0,0.23266327381134033,0.0214264914393425,0.0,0.0,0.5923939943313599,0.001133351237513125,0.0,0.005477899685502052,0.010663867928087711,0.006924164015799761,0.7462090253829956,0.015380985103547573,0.04231196641921997,0.06815946847200394,0.10205062478780746,0.00829977449029684
554,6,5,192,1795.1236572265625,3296.276611328125,206.4761962890625,47.0,"CD4+_T_Cells, B_Cells, Macrophages_1",0.2519160509109497,0.28917255997657776,0.09602102637290955,0.0,0.0,0.01009912695735693,0.015381850302219391,0.0,0.010544381104409695,0.12245821207761765,0.002323292661458254,0.000306849367916584,0.0,0.0,0.0,0.0,0.1413755714893341,0.005449559539556503,0.0,0.054951492697000504,2.1281250155880116e-05,0.0,0.0,0.21225984394550323,0.0,0.7282930016517639,0.03626122325658798,0.023164786398410797
555,0,5,130,1840.83984375,3492.5859375,174.56878662109375,46.0,"Stromal, B_Cells, CD4+_T_Cells",0.18872837722301483,0.12245020270347595,0.051536738872528076,0.0,0.0,0.05406150221824646,0.008488500490784645,0.0009181895875371993,5.177116122467851e-07,0.08570341765880585,0.016752278432250023,0.0,0.0,0.0,0.0031019626185297966,0.0,0.4251360297203064,0.014979946427047253,0.0,0.028142230585217476,0.004592208657413721,0.0,6.739496166119352e-05,0.16959083080291748,0.00034967350075021386,0.5538089275360107,0.1582770049571991,0.11331409215927124
556,6,7,56,1851.86328125,3365.740966796875,200.24078369140625,48.0,"B_Cells, CD4+_T_Cells, CD8+_T_Cells",0.2917746901512146,0.20115186274051666,0.12945948541164398,0.0,0.0,0.010968583635985851,0.015130477026104927,0.0,0.0,0.12825867533683777,0.03343221917748451,0.0,0.0,0.0,0.0,0.0,0.15449999272823334,0.00407734140753746,0.0,0.031246738508343697,3.3273358957031225e-37,0.0,1.401298464324817e-45,0.13707208633422852,0.0,0.33513307571411133,0.031367551535367966,0.49642714858055115
565,0,6,41,2403.9794921875,5004.9052734375,6.8360161781311035,8.0,"Stromal, Endothelial, CD8+_T_Cells",0.0004184053104836494,0.010826592333614826,0.0,0.0,0.0,0.14774653315544128,0.0,0.0,0.0,0.00016543103265576065,0.004780735820531845,0.0,0.0,0.0,0.0,0.0,0.8360622525215149,0.0,0.0,0.0,0.004269334487617016,0.0,0.0003644617972895503,0.020572982728481293,0.001653153682127595,0.03944104537367821,0.7750622630119324,0.15863686800003052
566,0,5,65,2504.37060546875,4741.267578125,9.125954627990723,7.0,"Stromal, B_Cells, Macrophages_1",0.05488312989473343,0.0,0.018200188875198364,0.0,0.0,1.5166796174526098e-06,0.0,0.0,0.0,0.02482721023261547,0.00014487028238363564,0.0,0.0,0.0,0.0,0.0,0.9019432067871094,0.0,0.0,0.0,0.061863768845796585,0.0,0.0005006392602808774,0.10608383268117905,0.009759331122040749,0.4982943534851074,0.1010173112154007,0.22248075902462006
568,0,6,41,2431.1357421875,4741.26416015625,11.550522804260254,3.0,"Stromal, Endothelial, CD8+_T_Cells",0.005962694529443979,0.0,0.0,0.0,0.0,0.02334977686405182,0.0,0.0,0.0,0.0,0.0010431025875732303,0.0,0.0,0.0,0.0,0.0,0.9696444869041443,0.0,0.0,0.0,0.031946320086717606,0.0,0.008644327521324158,0.12004510313272476,0.013133137486875057,0.03798789903521538,0.6250855326652527,0.16315768659114838
573,1,0,162,2462.7724609375,5257.54150390625,99.38247680664062,9.0,"Invasive_Tumor, Stromal, Prolif_Invasive_Tumor",0.0,0.0,0.004333091899752617,0.0,0.0,0.0011237248545512557,0.0,0.7997540831565857,0.0,0.017772957682609558,0.0,0.0,0.0,0.0,0.0,0.05419011041522026,0.12282608449459076,0.0,0.0,0.0,0.8632982969284058,0.0,0.0036896956153213978,0.001223794068209827,0.0075995405204594135,0.06251069158315659,0.043326567858457565,0.01835148222744465
576,1,6,40,2921.901123046875,892.7081909179688,45.39336395263672,24.0,"Invasive_Tumor, Stromal, Macrophages_1",0.009591599926352501,0.0,0.0012792178895324469,0.0,0.0,0.07663874328136444,0.005174998659640551,0.660260796546936,0.0,0.06767670810222626,0.0,0.0,0.0,0.0,0.001459070248529315,0.01580415852367878,0.1470966935157776,0.0,0.009652560576796532,0.005365489050745964,0.3072976768016815,0.0,0.0028453809209167957,0.05103140324354172,0.0032502710819244385,0.023561425507068634,0.6116999387741089,0.00031392648816108704
586,0,7,110,3349.1279296875,577.8925170898438,3.4741907119750977,47.0,"Stromal, Macrophages_2, Unlabeled",0.041685640811920166,0.031959474086761475,0.02566014789044857,0.0,0.0,0.04254036024212837,5.563847025769064e-06,0.010562492534518242,0.0,0.0631096139550209,0.11994042247533798,0.0,0.0,0.0,0.0,0.0,0.6003893613815308,0.014108864590525627,0.0001876312162494287,0.049850281327962875,0.05422544851899147,0.0,0.005337942857295275,0.1326306313276291,0.014507902786135674,0.11397319287061691,0.13955196738243103,0.5397729277610779
588,0,3,197,4242.39013671875,673.2293701171875,2.343207359313965,46.0,"Stromal, Unlabeled, Macrophages_1",0.02771015651524067,0.018834281712770462,0.015565653331577778,0.0,0.0013676225207746029,0.030130954459309578,0.016236307099461555,0.0034044641070067883,0.0003865498583763838,0.05491384491324425,0.014454446732997894,4.0404188439424615e-06,0.001077510416507721,0.0,0.006830778904259205,0.0,0.7152376174926758,0.0031010613311082125,0.006041082087904215,0.08470358699560165,0.05870835483074188,9.133001003647223e-05,0.012564199976623058,0.5522673726081848,0.030831802636384964,0.10454178601503372,0.1256752908229828,0.11531978845596313
594,1,5,39,3059.9716796875,1706.9859619140625,82.17440032958984,46.0,"Invasive_Tumor, Stromal, Macrophages_1",0.002350729191675782,0.03979097306728363,0.03634552285075188,0.0,0.018848596140742302,0.07507233321666718,0.0,0.5007417798042297,0.0,0.10099368542432785,0.0,0.005631986074149609,0.0,0.0,0.04742774739861488,0.0,0.14805668592453003,0.0,0.0,0.024739934131503105,0.22705775499343872,8.50722029849477e-15,0.041677944362163544,0.0383133664727211,0.0056467438116669655,0.461407333612442,0.2229016125202179,0.0029952216427773237
607,1,6,33,2724.52685546875,1645.447265625,34.83699417114258,24.0,"Invasive_Tumor, Stromal, Macrophages_1",0.0059661888517439365,0.0006949930102564394,0.005186746828258038,0.0,0.0,0.10046782344579697,0.0,0.599448561668396,0.0,0.05129040405154228,0.0,0.0,0.0,0.0,0.0,0.07092765718698502,0.14206768572330475,0.0,0.0014004734111949801,0.02254939079284668,0.3136172294616699,0.0,6.874144049123787e-12,0.11478007584810257,0.0002969041815958917,0.05815654247999191,0.4995410740375519,0.013608179055154324
611,1,6,164,3008.9091796875,1670.48974609375,84.90804290771484,35.0,"Invasive_Tumor, Macrophages_1, Stromal",0.010681025683879852,0.018122706562280655,0.0159302931278944,0.0,0.0,0.10648267716169357,0.0,0.5384342670440674,0.0,0.11107341200113297,0.0,0.0010386795038357377,0.0,0.0,0.022506317123770714,0.022312544286251068,0.13197575509548187,0.0,0.0,0.021442493423819542,0.259006142616272,1.0841296926855648e-07,0.00030172496917657554,0.030694857239723206,0.0017082085832953453,0.15061065554618835,0.5507561564445496,0.006922279950231314
621,0,6,138,4002.795654296875,944.4708862304688,4.598821640014648,35.0,"Stromal, Macrophages_1, Endothelial",0.0033532464876770973,0.004533530678600073,0.016512548550963402,0.0,0.0,0.11066441237926483,0.0020705522038042545,0.02534090355038643,0.0,0.07162292301654816,0.03077481873333454,5.088889754034653e-09,0.0,0.0,0.007393551990389824,0.0024480896536260843,0.6696316003799438,0.020984502509236336,0.010440250858664513,0.024229003116488457,0.08379791676998138,0.0,0.007469560950994492,0.15932413935661316,0.01774660311639309,0.05724556744098663,0.4887784421443939,0.1856377273797989
622,0,7,65,3271.544189453125,2477.043701171875,25.606277465820312,34.0,"Stromal, B_Cells, Macrophages_1",0.10975344479084015,0.00152898661326617,0.01441514678299427,0.0,0.0,0.08146621286869049,0.011044073849916458,0.0,0.0,0.07286407798528671,0.043510716408491135,0.0,0.0,0.0,0.012713988311588764,0.0,0.6471589803695679,0.005544515326619148,0.0,0.0,0.005674187559634447,0.0,2.160389873603133e-22,0.05332982540130615,1.9309718754523253e-12,0.13389179110527039,0.24603526294231415,0.5610690116882324
625,0,6,646,3048.904541015625,2359.60791015625,18.28583335876465,15.0,"Stromal, Macrophages_1, Endothelial",0.01876893639564514,0.01256803423166275,0.005878289230167866,0.0,9.092495929508004e-06,0.08734499663114548,0.0006526940851472318,0.010070329532027245,5.4779957281425595e-05,0.05635962635278702,0.005552087444812059,0.0005085169686935842,0.006446588784456253,0.0006570008699782193,0.033256493508815765,0.00016514325398020446,0.7377870082855225,0.002038140781223774,0.002491977298632264,0.019390294328331947,0.062422968447208405,2.892304655688349e-05,0.009760178625583649,0.12748095393180847,0.012856203131377697,0.10639701783657074,0.584067165851593,0.09698626399040222
632,6,5,442,2698.266357421875,3432.9921875,184.13841247558594,36.0,"CD4+_T_Cells, CD8+_T_Cells, B_Cells",0.1387920081615448,0.29438263177871704,0.27718737721443176,0.0,0.0,0.03217419981956482,0.003039286471903324,0.0,0.0067656743340194225,0.08332943916320801,4.4004922528984025e-05,0.003201761282980442,0.0,0.0,0.0001993691548705101,0.0,0.11491410434246063,0.008439460769295692,0.0,0.03753068298101425,0.00036643314524553716,0.0,1.0817818212314226e-24,0.17517518997192383,1.891865293049221e-16,0.7466625571250916,0.0733189582824707,0.004476338624954224
636,0,7,40,3019.77001953125,3312.583984375,41.72966003417969,26.0,"Stromal, Unlabeled, B_Cells",0.027009570971131325,0.017531288787722588,0.02224005199968815,0.0,0.0,0.022948676720261574,0.0,0.0,0.0,0.017502345144748688,0.023752372711896896,0.005357736721634865,0.0,0.0,0.0,0.0,0.8268831372261047,0.0011737688910216093,0.0,0.03560110181570053,0.0017648335779085755,0.0,1.1235758494837355e-22,0.1857484132051468,0.002966956701129675,0.20728640258312225,0.11412592977285385,0.48810744285583496
637,0,6,536,3388.10546875,3311.992919921875,9.726129531860352,14.0,"Stromal, Endothelial, Macrophages_1",0.019495991989970207,1.4155806638882495e-05,0.015268941409885883,0.0,3.2448049751110375e-05,0.07113070040941238,0.002712785266339779,5.090236300020479e-06,0.0,0.031812410801649094,0.00857457797974348,0.0036098717246204615,0.01149825844913721,0.0,0.0025567125994712114,0.0,0.8124637603759766,0.012323488481342793,0.0,0.008500803261995316,0.03742602467536926,0.0,0.018492117524147034,0.1322403848171234,0.021076323464512825,0.10420722514390945,0.5539796352386475,0.13257834315299988
638,0,5,2016,4132.142578125,3376.988525390625,30.777111053466797,35.0,"Stromal, Macrophages_1, B_Cells",0.08287585526704788,0.050310634076595306,0.07805893570184708,0.00029207897023297846,0.0003503412881400436,0.02262038365006447,0.0013356903800740838,0.0,0.0033069809433072805,0.12447003275156021,0.0052479407750070095,0.0022481372579932213,0.009410017170011997,0.0009302651742473245,0.001859826734289527,1.888133556349203e-05,0.5739057660102844,0.01698792353272438,0.0,0.02577037736773491,0.02367621473968029,0.0005688400124199688,0.01582888700067997,0.14016646146774292,0.021357020363211632,0.6049265265464783,0.12348518520593643,0.06999074667692184
639,0,5,168,3423.2314453125,2745.176025390625,9.173097610473633,13.0,"Stromal, Macrophages_1, B_Cells",0.047068316489458084,0.021998602896928787,0.03613411635160446,0.0,2.634720476635266e-05,0.012286578305065632,9.315182978753e-06,5.395280459197238e-05,0.0,0.05928561091423035,4.434656602825271e-06,0.0023059691302478313,0.0010083025554195046,0.0,0.006447820924222469,0.0,0.810653030872345,0.0013418300077319145,0.0,0.0013757841661572456,0.06349917501211166,0.0,0.008063570596277714,0.04473218321800232,0.019671587273478508,0.60069739818573,0.1767388880252838,0.08659716695547104
670,6,5,61,4162.0673828125,304.8782653808594,251.37574768066406,62.0,"CD4+_T_Cells, Unlabeled, Macrophages_1",0.0399014949798584,0.30377453565597534,0.1286344975233078,0.0009323395206592977,0.02090560272336006,0.018227804452180862,0.014937528409063816,0.0,0.0,0.14529672265052795,0.012722647748887539,0.0,0.007336901966482401,0.0,0.01947837322950363,0.0,0.0862637534737587,0.0,0.0,0.20158788561820984,0.005029155407100916,0.005756048951297998,0.0742935836315155,0.0704890638589859,0.0017464164411649108,0.6258261799812317,0.08837361633777618,0.12848584353923798
671,6,7,54,4120.56787109375,359.10296630859375,146.71725463867188,61.5,"CD4+_T_Cells, CD8+_T_Cells, B_Cells",0.0920558050274849,0.3203870952129364,0.1846594512462616,0.0,0.03223982825875282,0.03379172086715698,0.002759964670985937,0.0,0.0,0.10934411734342575,0.04101791977882385,0.0,0.0007405703072436154,0.0,0.008621979504823685,0.0,0.10657345503568649,0.0,0.0,0.06780814379453659,0.0014032252365723252,0.0046529751271009445,0.06364497542381287,0.08591998368501663,1.401298464324817e-45,0.2907455563545227,0.05869416892528534,0.49493908882141113
673,0,7,63,4036.751708984375,443.0761413574219,18.70172119140625,61.0,"Stromal, Endothelial, Unlabeled",0.05533004179596901,0.11450807005167007,0.08725368976593018,0.0,0.00010496006871107966,0.05247809365391731,0.01171284168958664,2.882769194911816e-06,0.0002814157633110881,0.07144316285848618,0.06185123696923256,0.0,0.0,0.0,0.0,0.0,0.4559617340564728,0.0022106089163571596,0.00012619339395314455,0.08673518896102905,0.004308515228331089,5.19537646336742e-32,0.0013826433569192886,0.18638436496257782,0.0036276669707149267,0.23436236381530762,0.1352521926164627,0.43468227982521057
674,6,5,973,4422.6669921875,533.994384765625,206.54989624023438,45.0,"CD4+_T_Cells, CD8+_T_Cells, B_Cells",0.13326403498649597,0.3224055767059326,0.21321052312850952,0.0002872057375498116,0.006410940550267696,0.02118179202079773,0.0024406113661825657,0.001086474978365004,0.002618996426463127,0.13334433734416962,0.003684166818857193,0.000646085652988404,0.00803287886083126,6.277212378336117e-05,0.006410458590835333,0.0,0.08272800594568253,0.003754277480766177,0.0,0.058430831879377365,0.003641764633357525,0.002387245651334524,0.029935890808701515,0.17018263041973114,0.005852287169545889,0.6796565055847168,0.07832169532775879,0.03002212569117546
678,7,5,122,4248.05078125,262.69110107421875,209.91775512695312,45.0,"Unlabeled, CD4+_T_Cells, CD8+_T_Cells",0.029921265318989754,0.12386216968297958,0.07361827045679092,0.005542145576328039,0.01483980007469654,0.014948826283216476,0.002699274569749832,0.017702825367450714,0.0,0.064484603703022,0.001617789501324296,0.0,0.00182626664172858,0.0,0.003139941720291972,0.0,0.06946385651826859,0.0006241523078642786,0.0021120968740433455,0.573596715927124,0.013480531051754951,0.022651508450508118,0.029425792396068573,0.07448083162307739,0.0055966125801205635,0.7768335938453674,0.05172164365649223,0.025809668004512787
682,0,3,129,3738.152587890625,2013.5067138671875,3.8970553874969482,24.0,"Stromal, Unlabeled, Macrophages_1",0.04258035495877266,0.02219618484377861,0.028705986216664314,0.0,0.0,0.0641574114561081,0.010670870542526245,0.01308926660567522,0.0,0.04101823642849922,5.680229878635146e-05,0.0,0.0017479525413364172,0.0,0.003838447155430913,5.542420331039466e-05,0.7100986242294312,0.0,0.0,0.06178412213921547,0.06766439974308014,1.4803316977127368e-41,0.0034300561528652906,0.5449992418289185,0.012678646482527256,0.14746876060962677,0.18964914977550507,0.03410970792174339
683,0,7,243,4664.9013671875,1809.0731201171875,2.191495895385742,15.0,"Stromal, Macrophages_2, B_Cells",0.030445164069533348,0.009834866039454937,0.01319684088230133,0.0,0.0,0.04677899554371834,0.0011181398294866085,0.00010602769907563925,0.003054138273000717,0.015359695069491863,0.12002141028642654,0.0030827210284769535,0.0,0.0,0.0076867081224918365,0.0,0.7374820709228516,0.0,0.0,0.011833087541162968,0.02163701318204403,0.0001183083513751626,0.004934236872941256,0.06647174060344696,0.014491753652691841,0.08259174227714539,0.162042498588562,0.6477125883102417
685,0,6,628,4518.33837890625,2036.77880859375,3.7479214668273926,23.0,"Stromal, Endothelial, Macrophages_1",0.01503859180957079,0.007136779837310314,0.010524055920541286,6.950756505830213e-05,0.0001085086987586692,0.08491356670856476,0.004669531714171171,0.011927277781069279,0.0002487098681740463,0.03446396812796593,0.010746516287326813,7.271938375197351e-05,0.0025975580792874098,0.0,0.015559379011392593,0.0007042220095172524,0.7776156663894653,0.0017277465667575598,0.0009019606513902545,0.020973902195692062,0.06471046805381775,0.0002141779550584033,0.013397523202002048,0.1681150645017624,0.02666493132710457,0.08437348902225494,0.5164691805839539,0.12605510652065277
693,0,5,149,3831.558837890625,2301.89599609375,27.66883087158203,46.0,"Stromal, Macrophages_1, CD8+_T_Cells",0.09817247092723846,0.047888968139886856,0.07044295221567154,0.0,0.0,0.0527271032333374,0.007417823653668165,0.0011804590467363596,0.0060866535641252995,0.11625247448682785,0.00487104244530201,0.004996167961508036,0.014381671324372292,0.0,0.0007491878350265324,0.0,0.5263044238090515,0.009986219927668571,0.0,0.03854234889149666,0.03422141075134277,0.0,0.01831011101603508,0.1724950224161148,0.0207259152084589,0.5449239015579224,0.14951202273368835,0.05981170013546944
694,5,2,45,3590.207275390625,2561.945556640625,127.92369842529297,9.0,"DCIS_2, Myoepi_ACTA2+, Myoepi_KRT15+",0.0,0.0,0.0,0.0,0.5385465025901794,0.0,0.0,0.0,0.0,0.010369256138801575,0.0,0.0,0.2647383511066437,0.07071956247091293,0.0,0.0,0.11481019854545593,0.0008160614524967968,0.0,0.0,0.0,0.05973212420940399,0.9394093751907349,0.0,0.0008194904075935483,2.6738936062068884e-36,0.0,3.8982918340479955e-05
696,2,2,153,3640.703857421875,2476.676025390625,110.87908172607422,15.0,"Myoepi_ACTA2+, Myoepi_KRT15+, Stromal",0.0,0.0,0.004034764599055052,0.0,0.12202981114387512,0.0020123100839555264,0.0,0.0,0.0,0.015222348272800446,0.0,0.0,0.36557549238204956,0.3165946304798126,0.0,0.0,0.17031851410865784,0.000314319011522457,0.0,0.0038976934738457203,0.010035344399511814,0.014524232596158981,0.793554425239563,5.45890525215369e-32,0.11300762742757797,0.019983910024166107,0.04324754327535629,0.005646913778036833
697,0,7,39,3887.78955078125,2532.2158203125,10.327139854431152,45.0,"Stromal, B_Cells, Macrophages_1",0.08519499003887177,0.012667768634855747,0.025492263957858086,0.0,0.0,2.5044130325113656e-06,0.0,0.0,0.0,0.07408524304628372,0.051135338842868805,0.05758841335773468,0.0,0.0,0.0,0.0,0.6760155558586121,0.017176156863570213,0.0,0.0006416512769646943,0.03493890166282654,0.0,0.003739343723282218,0.03206087276339531,0.018528392538428307,0.3078624904155731,0.04535168409347534,0.5575182437896729
698,0,2,51,3592.32958984375,2562.735595703125,54.125762939453125,16.0,"Stromal, Myoepi_ACTA2+, Stromal_&_T_Cell_Hybrid",0.0,0.0,0.006323637906461954,0.0,0.08048611134290695,0.02264401689171791,0.0,0.0,0.0,0.020116208121180534,0.0,0.0,0.21770983934402466,0.020193738862872124,0.0,0.0,0.6112995743751526,0.017028534784913063,0.0,0.004198472481220961,0.0099886329844594,0.002280566142871976,0.8576740026473999,0.00046771072084084153,0.019215883687138557,0.03282477706670761,0.07478906959295273,0.0027594149578362703
701,0,6,37,3643.792236328125,1783.4915771484375,22.967571258544922,47.0,"Stromal, Endothelial, Unlabeled",0.019660593941807747,0.026402445510029793,0.029298927634954453,0.0,0.0,0.15729400515556335,0.0,0.05356627702713013,0.0,0.11745751649141312,0.022553928196430206,0.027645733207464218,0.0,0.0,0.005621079821139574,0.00046303318231366575,0.4602492153644562,0.0,0.006509635131806135,0.07327767461538315,0.15973255038261414,1.401298464324817e-45,0.0021751942113041878,0.18178591132164001,0.0032267486676573753,0.0806177407503128,0.40432998538017273,0.16813182830810547
702,0,3,47,4245.10498046875,2559.828857421875,3.347684383392334,8.0,"Stromal, Unlabeled, B_Cells",0.02122664451599121,0.02167079970240593,7.761571032460779e-05,0.0,0.0,1.9897950551239774e-05,1.4335330888570752e-05,0.0,0.0,0.00020144337031524628,0.014653559774160385,0.0,0.0,0.0,1.0066022696264554e-05,0.0,0.8821366429328918,0.0,0.0,0.05998891592025757,0.03998711332678795,0.0,0.005111141595989466,0.576197624206543,0.019664034247398376,0.09806647896766663,0.13333100080490112,0.12764260172843933
703,6,5,47,4118.6767578125,2909.03369140625,50.49879455566406,48.0,"Macrophages_1, B_Cells, Stromal",0.18162284791469574,0.14174599945545197,0.09020920097827911,0.0,0.0,0.02549820952117443,0.0,0.0,0.0,0.2707310914993286,0.02127545326948166,0.0,0.0,0.0,0.0018736233469098806,0.0,0.22460561990737915,0.028925932943820953,0.0,0.013511965051293373,0.003841159865260124,0.0,6.218480181353411e-20,0.08223851770162582,0.0003875918919220567,0.5636762380599976,0.17224964499473572,0.17760686576366425
704,0,7,81,4045.947265625,2765.2109375,26.821136474609375,59.0,"Stromal, CD8+_T_Cells, Macrophages_1",0.06363407522439957,0.026620615273714066,0.07738768309354782,0.0,0.0,0.03580823540687561,0.0009685431141406298,0.0,0.0,0.07412964850664139,0.0572199709713459,0.012364372611045837,0.001618234091438353,0.0,0.019466908648610115,0.0,0.5936724543571472,0.019678961485624313,0.0,0.01743018813431263,0.04055722802877426,0.0,0.009330756030976772,0.09597625583410263,0.019059963524341583,0.2646888196468353,0.08503426611423492,0.4853527545928955
708,0,7,54,4125.03125,3204.0283203125,51.846275329589844,46.0,"Stromal, CD8+_T_Cells, CD4+_T_Cells",0.10308432579040527,0.0715537741780281,0.09134594351053238,0.0,0.0,0.0033605655189603567,0.0006534162093885243,0.0,0.0,0.04320378601551056,0.03383789584040642,0.0,0.0,0.0,0.0,0.0,0.6220898628234863,0.006693589501082897,0.0,0.024176979437470436,0.0009262179373763502,0.0,3.3836410414634146e-29,0.18080994486808777,0.0011118307011201978,0.3103965222835541,0.029648127034306526,0.47710737586021423
713,0,5,151,4155.76123046875,4208.4501953125,46.72763442993164,35.0,"Stromal, Macrophages_1, CD8+_T_Cells",0.056286077946424484,0.05767793953418732,0.07590224593877792,0.0,0.00018390595505479723,0.008061193861067295,0.004981451202183962,0.0,0.000460745271993801,0.12277670204639435,0.020085973665118217,5.4838248615851626e-05,0.0034759712871164083,0.0,0.0,0.0,0.6110252737998962,0.008382204920053482,0.0,0.030645471066236496,0.016497693955898285,0.0,0.00836929865181446,0.13548986613750458,0.007073734886944294,0.6349983215332031,0.05992322415113449,0.1376478672027588
715,2,2,378,4086.192138671875,3925.3544921875,87.05603790283203,25.0,"Myoepi_ACTA2+, Stromal, DCIS_2",0.001344615826383233,0.0010769368382170796,0.0308863315731287,0.0,0.17447632551193237,0.020954109728336334,0.0,0.0005127088516019285,0.0018348799785599113,0.05622705817222595,0.0,0.0,0.4320506453514099,0.09034854173660278,0.0,0.0,0.17992699146270752,0.002380051650106907,0.0,0.00798087939620018,0.008362137712538242,0.008482709527015686,0.810487687587738,0.014677277766168118,0.013050680980086327,0.05032903328537941,0.09190584719181061,0.002704615006223321
716,0,6,44,4174.83447265625,4126.83056640625,23.303998947143555,23.0,"Stromal, Endothelial, Macrophages_1",0.011105834506452084,0.0,0.014466377906501293,0.0,0.0033814108464866877,0.13675351440906525,0.0,0.0,0.0,0.09998556971549988,7.677508256165311e-05,0.0,0.06458602100610733,0.00392761267721653,0.0,0.0,0.6460810303688049,0.01878977008163929,0.0,0.0008460924145765603,0.04438037797808647,0.0,0.0994039997458458,0.01730404421687126,0.03579356148838997,0.18281039595603943,0.5968928933143616,0.02341466024518013
720,0,6,42,3713.8359375,4118.06640625,6.7813615798950195,14.0,"Stromal, Endothelial, Macrophages_1",0.0038458253256976604,0.0,0.004617867060005665,0.0,0.0,0.0514112189412117,0.0,0.0,0.0,0.045426495373249054,0.011615621857345104,0.0,0.0,0.0,0.0,0.0,0.8776408433914185,0.004031968768686056,0.0,0.0014101319247856736,0.03963225334882736,0.0,0.001111102057620883,0.1047176718711853,0.015048069879412651,0.10532023757696152,0.6099033355712891,0.12426730245351791
721,0,3,44,3832.655517578125,4210.20458984375,31.275745391845703,15.0,"Stromal, B_Cells, Unlabeled",0.06377483904361725,0.0,0.0,0.0,0.0,0.019504470750689507,0.011657783761620522,0.0,0.0,0.026538072153925896,0.0005519257974810898,0.0,0.0,0.0,0.0,0.0,0.8176584839820862,0.012421607039868832,0.0,0.04789278656244278,0.0035271288361400366,0.0,0.00011231666576350108,0.5682615637779236,0.0007007669191807508,0.13923820853233337,0.16852185130119324,0.11963820457458496
725,0,2,332,4333.158203125,3757.134521484375,50.84321212768555,34.0,"Stromal, Macrophages_1, Endothelial",0.016941582784056664,0.0009770410833880305,0.04067425802350044,0.00010418355668662116,0.11326571553945541,0.05737943947315216,0.0,0.000390274595702067,0.0005676434375345707,0.0892549380660057,0.00042907928582280874,0.000942690297961235,0.16590258479118347,0.00996746402233839,0.0,0.0,0.49029844999313354,0.0007130313897505403,0.0,0.012191846035420895,0.007817352190613747,0.0041563683189451694,0.723569393157959,0.02309669926762581,0.012349240481853485,0.07545005530118942,0.14496906101703644,0.00859186239540577
729,5,1,43,4133.6103515625,4974.57861328125,138.84339904785156,15.0,"DCIS_2, Myoepi_ACTA2+, DCIS_1",0.0,0.0,0.00268538948148489,0.08618725836277008,0.7192206382751465,0.0023260791786015034,0.0,0.013773778453469276,0.0,0.013624259270727634,0.0,0.0,0.11753343045711517,0.0,0.0,0.0,0.04159536212682724,0.0,0.0,0.0030537107959389687,0.00025368607020936906,0.5253645181655884,0.3353773057460785,0.009643789380788803,0.12335176020860672,0.0010405014036223292,0.0039049566257745028,0.001063419971615076
730,0,2,30,4147.10009765625,4798.728515625,97.11617279052734,41.5,"Stromal, CD8+_T_Cells, Myoepi_ACTA2+",0.0,0.011044654063880444,0.07343227416276932,0.0007514224271290004,0.12477617710828781,0.06557392328977585,0.0,0.0,0.0,0.020977554842829704,0.0,0.0,0.19498468935489655,0.0,0.0,0.0,0.46332234144210815,0.0,0.0,0.04513700306415558,1.2004701052670264e-11,0.010583353228867054,0.48440858721733093,0.18003973364830017,0.008513250388205051,0.12320908904075623,0.1932460218667984,5.951443325359295e-18
733,5,2,204,4191.20654296875,4916.98583984375,140.61155700683594,8.0,"DCIS_2, Myoepi_ACTA2+, DCIS_1",0.0,0.0002539902343414724,0.008455412462353706,0.02631445787847042,0.7761706113815308,0.01741505227982998,0.0,0.0022055937442928553,0.0,0.012985280714929104,0.0013395901769399643,0.0,0.09760556370019913,0.0,0.00022301975695881993,0.0,0.04425883665680885,0.0,0.0,0.01277244370430708,0.0016702879220247269,0.10357151925563812,0.7486266493797302,0.022041834890842438,0.06534089893102646,0.007569404318928719,0.045213840901851654,0.005965575110167265
738,0,7,34,3819.38134765625,5078.08056640625,1.9978559017181396,9.0,"Stromal, Macrophages_2, Macrophages_1",0.0,0.0,0.0,0.0,0.0,0.011407990008592606,0.0,0.0,0.0,0.02549339085817337,0.12358411401510239,0.0,0.0,0.0,0.0,0.0,0.8395144939422607,0.0,0.0,0.0,0.05047165974974632,0.0,0.008681649342179298,0.022930750623345375,0.020567554980516434,0.028272094205021858,0.13472497463226318,0.7343514561653137
744,3,6,38,4475.298828125,5146.0458984375,7.2157697677612305,15.0,"Endothelial, Stromal, Macrophages_2",0.0033001131378114223,0.0,0.0,0.0,0.0,0.6297515034675598,0.0,0.0,0.0,0.000141464828629978,0.07179649919271469,0.0,5.288473658993098e-09,0.0,0.02851809933781624,0.0,0.26649239659309387,0.0,0.0,0.0,0.00030657253228127956,0.0,0.0004911821451969445,2.144531219272494e-09,0.005527204368263483,1.401298464324817e-45,0.7173126339912415,0.27636241912841797
746,0,5,53,4976.88134765625,587.168212890625,76.85047912597656,48.0,"Stromal, Macrophages_1, CD8+_T_Cells",0.07879134267568588,0.09792226552963257,0.08900640904903412,0.0,0.0006862842128612101,0.054244834929704666,0.0009313662885688245,0.0,0.0,0.16403819620609283,0.004968518391251564,0.0,0.02495640143752098,0.005499993450939655,0.011396553367376328,0.0,0.4184473752975464,0.016118941828608513,0.0,0.03299157693982124,0.0018892849329859018,1.1139209808647355e-23,0.04255914315581322,0.14537456631660461,0.03201357647776604,0.5316228866577148,0.19323226809501648,0.053308360278606415
748,5,2,683,4716.16455078125,384.0482177734375,109.94566345214844,47.0,"DCIS_2, Myoepi_ACTA2+, Myoepi_KRT15+",0.0036583393812179565,0.025319168344140053,0.05560256913304329,0.0022926251403987408,0.49727293848991394,0.025168923661112785,0.0013891764683648944,0.028392745181918144,0.0,0.050626154989004135,0.0017250014934688807,0.00046193134039640427,0.11268842220306396,0.06577987223863602,0.0025970791466534138,0.0,0.09063054621219635,0.0026417344342917204,0.0,0.03375256061553955,0.026403745636343956,0.05995180457830429,0.7107284069061279,0.02087041549384594,0.008563678711652756,0.10141561925411224,0.06290923058986664,0.009156977757811546
749,6,5,118,4927.3935546875,512.6461791992188,135.76048278808594,48.0,"CD8+_T_Cells, CD4+_T_Cells, Macrophages_1",0.06931625306606293,0.19077293574810028,0.26414358615875244,0.0,0.0025905920192599297,0.059989240020513535,0.0026542041450738907,0.0,0.0,0.1650133579969406,0.0,0.0,0.01155378669500351,0.0,0.019882025197148323,0.0,0.1619424819946289,0.014320602640509605,0.0,0.0378209725022316,0.0035829395055770874,0.0001854503934737295,0.04557670280337334,0.11109559237957001,0.021319035440683365,0.6332435011863708,0.18069066107273102,0.0043062251061201096
751,0,6,33,5058.427734375,621.8917846679688,82.81951904296875,77.0,"Stromal, Unlabeled, CD4+_T_Cells",0.057801518589258194,0.07246629148721695,0.04376830905675888,0.0,0.0,0.10822294652462006,0.00046017582644708455,0.0,0.0,0.10543930530548096,0.011880896054208279,0.0,0.01778671331703663,0.0,0.044244442135095596,0.0,0.43600866198539734,0.03306721895933151,0.0,0.06885353475809097,0.0011504064314067364,0.0,0.0004145269049331546,0.13732457160949707,0.0018324715783819556,0.3165280520915985,0.4513196051120758,0.09143032878637314
752,0,2,41,4988.6962890625,479.4148254394531,113.32757568359375,64.0,"Stromal, CD8+_T_Cells, Macrophages_1",0.03636407107114792,0.058096617460250854,0.13960161805152893,0.0,0.11403599381446838,0.06417465209960938,0.006883587222546339,0.0,0.0,0.12693911790847778,0.0,0.0,0.1458648294210434,0.020248541608452797,0.0017473141197115183,0.0,0.2727801501750946,0.0044341785833239555,0.0,0.008829359896481037,0.0006009989883750677,0.013477315194904804,0.49441319704055786,0.051164016127586365,0.023738732561469078,0.2945379316806793,0.12074186652898788,0.0013259719125926495
759,7,0,656,4913.93603515625,109.72470092773438,52.793296813964844,1.0,"Unlabeled, CD4+_T_Cells, Invasive_Tumor",5.984321251162328e-05,0.0077913724817335606,0.0006939119775779545,0.0025289959739893675,0.002030392177402973,0.0,0.0,0.0051511125639081,0.0,0.002822165610268712,0.0,0.0,0.0,0.0,0.0,0.0,0.0051385038532316685,0.0,8.756196052672749e-07,0.9737823009490967,0.02060326188802719,2.97759175349778e-37,0.0005663238116540015,0.0021240883506834507,0.0004902887158095837,0.005524273496121168,0.0027039579581469297,0.0
764,0,7,100,4806.1611328125,1067.4427490234375,4.66430139541626,32.0,"Stromal, Macrophages_2, Macrophages_1",0.06928250193595886,0.005551225505769253,0.017627034336328506,0.0,0.0,0.03900839015841484,0.004118163138628006,0.0,0.0,0.05286552384495735,0.078044593334198,0.0005587296327576041,0.0,0.0,0.0009967059595510364,0.0,0.7080220580101013,0.00011209576041437685,0.0,0.023812981322407722,0.03295285254716873,0.0,0.002621689112856984,0.1401010900735855,0.016971368342638016,0.1155707836151123,0.1356183886528015,0.5561639666557312
771,0,5,180,5133.2138671875,830.2102661132812,34.342933654785156,47.0,"Stromal, Macrophages_1, CD8+_T_Cells",0.05553657189011574,0.05785980820655823,0.08992692083120346,0.0,0.0004749713116325438,0.0327736958861351,0.0020662827882915735,9.764157584868371e-05,7.432749384861381e-07,0.1431184709072113,0.000490927544888109,0.007849366404116154,0.005393686704337597,0.00010172703332500532,0.002207985147833824,0.0,0.5257261395454407,0.018428193405270576,0.00022622810502070934,0.057720813900232315,0.02959679812192917,5.7935534945248786e-30,0.018134158104658127,0.19509640336036682,0.020552901551127434,0.5564084053039551,0.1442045271396637,0.0360068678855896
772,0,5,45,4909.72314453125,1249.162841796875,4.929305076599121,46.0,"Stromal, Macrophages_1, CD8+_T_Cells",0.04601898044347763,0.018061667680740356,0.05056453123688698,3.193776137777604e-05,0.0001746159396134317,0.01051301322877407,0.0,0.0,0.0,0.1525193601846695,0.004838406108319759,0.008981484919786453,0.002017784398049116,0.0,0.00012882887676823884,0.0,0.6576337814331055,0.0,0.0,0.048515595495700836,0.07501183450222015,0.0,0.030705096200108528,0.12823531031608582,0.047052472829818726,0.40056437253952026,0.15985696017742157,0.15857405960559845
778,0,0,42,4694.30615234375,2473.754150390625,3.4147133827209473,8.5,"Stromal, IRF7+_DCs, Macrophages_1",0.003506153356283903,0.0,0.005338402930647135,0.0,0.0,0.01017866563051939,0.005457666236907244,0.13110443949699402,0.0,0.037039563059806824,0.009448982775211334,0.0,0.0,0.0,0.0,0.01563912257552147,0.7604491114616394,0.0,0.012863795273005962,0.008974053896963596,0.480964332818985,0.0,0.015057086944580078,0.061523936688899994,0.030697887763381004,0.09892866760492325,0.20348010957241058,0.10934790223836899
779,1,0,87,4623.98583984375,2518.704833984375,63.010414123535156,15.0,"Invasive_Tumor, Stromal, Prolif_Invasive_Tumor",0.006428993307054043,0.0,0.006637283600866795,0.0,0.0,0.004402067977935076,0.004358835518360138,0.6971240639686584,0.0,0.01506886538118124,0.020401928573846817,0.0,0.0,0.0,0.0,0.0548570416867733,0.15860360860824585,0.0,0.020461661741137505,0.01165555976331234,0.6737979650497437,0.0,3.6019369872519746e-05,0.05832967907190323,0.0014165107859298587,0.023050937801599503,0.1063789576292038,0.13698992133140564
781,0,3,38,5089.158203125,2329.464599609375,9.697195053100586,47.0,"Stromal, Unlabeled, B_Cells",0.07227915525436401,0.0473528616130352,0.03638963773846626,0.0,0.0,7.132330210879445e-05,0.03901331126689911,0.0,0.0,0.03027619794011116,0.026621267199516296,0.0,0.0,0.0,0.00018129951786249876,0.0,0.7027592658996582,0.0,0.0,0.045055683702230453,0.017765846103429794,0.0,0.004693989176303148,0.48087552189826965,0.021690823137760162,0.1898260861635208,0.07336805760860443,0.2117796689271927
787,3,6,103,4858.8076171875,3214.661376953125,22.7122745513916,16.0,"Endothelial, Perivascular-Like, Stromal",0.0034365644678473473,0.0026573415379971266,0.008526746183633804,0.0,0.0,0.558260440826416,0.0005630525993183255,0.0,0.0,0.046162813901901245,0.0020904052071273327,0.0005143877351656556,0.0,0.0,0.13190434873104095,0.0,0.23798838257789612,0.0022566248662769794,0.0,0.0056389314122498035,0.01403068471699953,0.0,0.00013493186270352453,0.05753352865576744,0.0015528760850429535,0.07083161920309067,0.7790791988372803,0.07683736085891724
789,0,3,55,5035.880859375,2600.866943359375,20.174013137817383,48.0,"Stromal, B_Cells, Unlabeled",0.07805195450782776,0.0051165795885026455,0.035398561507463455,0.0,0.0,0.05421465262770653,0.0610329769551754,8.096139208646491e-05,0.0,0.017340943217277527,0.00019730227359104902,0.0,0.0,0.0,0.04046236723661423,0.0,0.6449722051620483,0.0,0.0,0.06313145160675049,0.013606076128780842,0.0,0.0018783420091494918,0.6620734930038452,0.004340962506830692,0.11236884444952011,0.17712783813476562,0.02860446274280548
792,0,2,31,4349.2919921875,3402.830322265625,26.66497039794922,25.0,"Stromal, Endothelial, Myoepi_ACTA2+",0.009345697239041328,0.0029005431570112705,0.009588143788278103,0.0,0.07796115428209305,0.07442862540483475,0.00043851349619217217,0.0,0.0,0.06079578772187233,0.0,0.00462559936568141,0.23425693809986115,0.0,0.0,0.0,0.5096930861473083,0.0,0.0,0.0159659031778574,0.002255139173939824,0.0,0.6413257122039795,0.06566863507032394,0.004385101608932018,0.07501299679279327,0.2055194228887558,0.005833016242831945
793,0,3,46,4778.96337890625,3583.93603515625,10.719075202941895,47.0,"Stromal, Macrophages_1, Unlabeled",0.030494505539536476,0.0511803925037384,0.0030554053373634815,0.0,0.0,0.06279280036687851,0.021033374592661858,0.0,0.0,0.08236020058393478,0.002083356026560068,0.021617751568555832,0.0,0.0,0.0,0.0,0.6116703152656555,0.02457290329039097,0.0,0.08913896232843399,0.015058196149766445,0.0,0.0014675838174298406,0.5208824872970581,0.006866386625915766,0.15010832250118256,0.2493939995765686,0.056223008781671524
794,2,2,54,4366.82861328125,3420.69677734375,56.448219299316406,16.0,"Myoepi_ACTA2+, Stromal, DCIS_2",0.00017366114479955286,0.00015882679144851863,0.0010210438631474972,0.0,0.19135716557502747,0.039895351976156235,0.0,0.0,0.0,0.021395044401288033,0.0,0.00010150467278435826,0.556303858757019,0.0,0.0,0.0,0.18736350536346436,0.0,0.0,0.0022300719283521175,0.0031545674428343773,0.0,0.8217482566833496,0.01827647164463997,0.004708153661340475,0.015188796445727348,0.13477784395217896,0.0021459416020661592
796,0,5,34,4663.306640625,4169.0869140625,56.079811096191406,68.5,"Stromal, Macrophages_1, CD8+_T_Cells",0.02377043478190899,0.03364570811390877,0.03534640371799469,0.0,0.0,0.028160985559225082,0.03678996115922928,0.0,0.0,0.18470562994480133,0.028563380241394043,0.0,0.0,0.0,0.0,0.0,0.6004520058631897,0.0283407811075449,0.0,0.00022472529963124543,0.019270241260528564,0.0,0.003534481627866626,0.19972644746303558,0.009697900153696537,0.34615057706832886,0.2369888573884964,0.18463146686553955
797,0,7,47,4855.84326171875,4275.9140625,8.682868003845215,4.0,"Stromal, Macrophages_2, B_Cells",0.02045602723956108,0.0,2.6372649699624162e-06,0.0,0.0,0.0001278260606341064,0.0,0.0,0.0,1.7117437892011367e-05,0.10996855795383453,0.0,0.0,0.0,0.0,0.0,0.8694279193878174,0.0,0.0,0.0,0.007309103850275278,0.0,0.0027866936288774014,0.04877389222383499,0.013615826144814491,0.011630837805569172,0.10297258198261261,0.8129110336303711
799,0,5,40,4496.3994140625,4170.99365234375,29.515342712402344,33.0,"Stromal, Macrophages_1, Macrophages_2",0.00044321181485429406,0.036576688289642334,0.03320284187793732,0.0,0.0,0.00021528080105781555,0.007679750677198172,0.0,0.0,0.2455974519252777,0.027919068932533264,0.0,0.0021319855004549026,0.0,0.0,0.0,0.5860346555709839,0.014810207299888134,0.0,0.04538888484239578,0.03714358061552048,0.0,0.02022787556052208,0.14261117577552795,0.0230324175208807,0.5457203984260559,0.03933543711900711,0.19192913174629211
801,0,4,89,5096.9970703125,3818.515380859375,33.52984619140625,35.0,"Stromal, Endothelial, Myoepi_ACTA2+",0.028850702568888664,0.002926862332969904,0.03672870993614197,0.10719569027423859,0.0029346849769353867,0.060990918427705765,0.004589081276208162,0.0,0.0,0.050071265548467636,0.012117334641516209,0.0,0.12537747621536255,0.0002471595071256161,0.0,0.0,0.5646581053733826,0.002443481469526887,0.0,0.00086848100181669,0.010147291235625744,0.029992010444402695,0.022558555006980896,0.020326362922787666,0.5993497371673584,0.10393556207418442,0.13219046592712402,0.0815000906586647
804,0,7,141,5060.24462890625,4011.47998046875,28.404403686523438,47.0,"Stromal, Macrophages_1, Macrophages_2",0.04408397898077965,0.04242067411541939,0.03389791026711464,3.684376861201599e-05,0.0,0.057248398661613464,3.134047437924892e-05,0.0,0.0010361240711063147,0.0843910202383995,0.058111123740673065,0.010892108082771301,0.00587018858641386,0.0,0.0005305401864461601,0.0,0.6171861886978149,0.004790049046278,0.0,0.039473630487918854,0.007040517870336771,0.0,0.0066288369707763195,0.12315256148576736,0.01965983957052231,0.2114645391702652,0.1982964426279068,0.4337572157382965
813,0,2,37,4295.59375,4998.1416015625,63.01609802246094,35.0,"Stromal, Endothelial, Macrophages_1",0.0,0.0,0.0,0.025617094710469246,0.12379877269268036,0.10226260870695114,0.0,0.0,0.0,0.036138035356998444,0.019799480214715004,0.0,0.15386900305747986,0.0,0.01111880224198103,0.0,0.49277636408805847,0.0,0.0,0.03461996465921402,0.00039854904753156006,0.1429186910390854,0.42937400937080383,0.02859138883650303,0.12981562316417694,2.309373948785951e-36,0.1819869577884674,0.08691474795341492
815,6,5,1337,5797.48681640625,320.65753173828125,212.89730834960938,35.0,"CD4+_T_Cells, CD8+_T_Cells, Macrophages_1",0.09803580492734909,0.4613148868083954,0.1450643539428711,0.0,0.0005872932379133999,0.009135409258306026,0.0034238584339618683,2.2158161300467327e-05,0.02244999259710312,0.10685607045888901,0.002924523549154401,0.0,0.0009931009262800217,2.9738850571447983e-05,0.002063770079985261,0.0,0.07002787292003632,0.005747702904045582,0.0,0.07132363319396973,0.0017671356908977032,3.141229899483733e-05,0.0019436124712228775,0.14635859429836273,0.0013894886942580342,0.7874324917793274,0.0313059464097023,0.029771503061056137
818,0,7,48,5780.98291015625,673.9317016601562,34.36449432373047,34.0,"Stromal, B_Cells, Macrophages_1",0.17947208881378174,0.005211792420595884,0.032284460961818695,0.0,0.0,0.0030995372217148542,0.0,0.0,0.0,0.13493792712688446,0.041595637798309326,0.0,0.0,0.0,0.0,0.0,0.499737948179245,0.0,0.0,0.10366060584783554,0.018613304942846298,0.0,0.001382520073093474,0.21048206090927124,0.010082024149596691,0.18341182172298431,0.0188229251652956,0.557205319404602
819,0,5,204,5588.5244140625,650.1423950195312,49.63808059692383,59.0,"Stromal, Macrophages_1, B_Cells",0.07569798082113266,0.09484445303678513,0.09760138392448425,0.0,0.001283530960790813,0.055605996400117874,0.003672647522762418,0.0,0.0001836779701989144,0.11552520841360092,0.013227439485490322,0.0,0.007163027301430702,0.0,0.003365636570379138,0.0,0.4535163938999176,0.011706185527145863,0.0005631825770251453,0.06604336947202682,0.008752362802624702,0.0002555764513090253,0.018967702984809875,0.19930054247379303,0.01151698362082243,0.4847829341888428,0.15769927203655243,0.11872467398643494
820,0,3,305,5868.51708984375,1175.4368896484375,7.126079082489014,34.0,"Stromal, Unlabeled, Macrophages_1",0.039232030510902405,0.02165709063410759,0.016506290063261986,0.0008585540927015245,0.011167777702212334,0.03116847574710846,0.011445004492998123,1.2942685998496017e-06,0.0,0.06335709244012833,0.02036108449101448,0.0002633021504152566,0.0009452683152630925,0.0,0.009477276355028152,0.0,0.6368004679679871,0.0014153198571875691,0.00625581806525588,0.12908796966075897,0.03745667636394501,0.004011699929833412,0.04182799160480499,0.5244952440261841,0.07494743168354034,0.07985959202051163,0.14175620675086975,0.09564515203237534
822,7,5,215,5712.86962890625,89.38370513916016,127.08662414550781,32.0,"Unlabeled, CD4+_T_Cells, Stromal",0.04331618547439575,0.17463964223861694,0.03801614046096802,0.0007812647381797433,0.002157816430553794,0.005192902870476246,0.0006511108949780464,0.008606231771409512,0.0,0.08138593286275864,0.0,0.0,0.00030509725911542773,0.0,0.0025900518521666527,0.0,0.08342593908309937,0.0009254965698346496,0.0,0.5580061674118042,0.055934276431798935,2.86373502012874e-37,0.01401771791279316,0.10488203912973404,0.00223936652764678,0.7823083400726318,0.023321479558944702,0.01729659177362919
828,5,2,1858,5343.33349609375,1202.70263671875,89.03816223144531,9.0,"DCIS_2, Myoepi_ACTA2+, Invasive_Tumor",0.0012959520099684596,0.0009994684951379895,0.003977675922214985,0.004666061140596867,0.7721383571624756,0.015958912670612335,0.0,0.05209037661552429,0.0,0.020798062905669212,2.318695442227181e-05,5.895832600799622e-06,0.08106393367052078,0.0,0.000580212683416903,0.0010223697172477841,0.02635992504656315,0.0004342520551290363,0.0037003520410507917,0.014884834177792072,0.07425456494092941,0.08057185262441635,0.7853367924690247,0.01027587242424488,0.007681798655539751,0.008400055579841137,0.03242434933781624,0.0010551600717008114
834,0,2,51,5589.00146484375,1043.6510009765625,21.130661010742188,62.0,"Stromal, Macrophages_1, Endothelial",0.03574877232313156,0.012506675906479359,0.030203580856323242,0.0,0.09180329740047455,0.07901974022388458,0.0,0.0009769933531060815,0.0,0.07447221130132675,0.02757398597896099,0.0,0.12265149503946304,0.0,0.00719391368329525,0.0,0.4554833769798279,0.0007656450616195798,0.015687769278883934,0.04591241851449013,0.034257013350725174,0.0008281415211968124,0.4511326849460602,0.13973931968212128,0.0471549816429615,0.06694485992193222,0.1820516735315323,0.07789137959480286
835,0,6,942,6059.48046875,2108.929443359375,9.173786163330078,23.0,"Stromal, Endothelial, Macrophages_1",0.02773655578494072,0.009614861570298672,0.01155681349337101,0.001283882767893374,5.576461262535304e-05,0.11488787084817886,0.0018387194722890854,5.117762611916987e-06,6.494961417047307e-05,0.04972315579652786,0.019832909107208252,0.0008466694271191955,0.006700316909700632,0.0,0.01246076263487339,0.0,0.7211567163467407,0.0016776840202510357,0.0006676947232335806,0.019889909774065018,0.02780619077384472,0.0005531527567654848,0.01230169739574194,0.13965025544166565,0.03615638241171837,0.07729262858629227,0.5601716637611389,0.14606806635856628
845,0,7,198,5698.77294921875,2133.70556640625,7.131406307220459,23.0,"Stromal, Macrophages_2, Endothelial",0.018753109499812126,0.01193042192608118,0.030526138842105865,0.0,0.0,0.08274028450250626,0.00117308902554214,0.0,0.004249469377100468,0.03730025514960289,0.12288273870944977,0.0,0.0,0.0,0.004773126449435949,0.0,0.6704548001289368,1.3339116478050528e-08,0.0,0.015216588973999023,0.016162868589162827,0.0,0.005170230288058519,0.08567240089178085,0.01233895868062973,0.11057139933109283,0.2064598798751831,0.5636242628097534
847,0,5,40,5207.0361328125,2420.85986328125,17.092174530029297,45.5,"Stromal, B_Cells, Macrophages_1",0.06438516080379486,0.06127222627401352,0.07125593721866608,0.0,0.0,0.007144653704017401,0.035488612949848175,0.0,0.0,0.08001293987035751,0.029374221339821815,0.0,0.0,0.0,0.0018749095033854246,0.0,0.6119977235794067,0.0,0.0,0.03719361871480942,0.025833532214164734,0.0,0.0017768517136573792,0.2594209611415863,0.004793969914317131,0.5452452301979065,0.07302922755479813,0.0899001806974411
848,3,7,51,5701.3662109375,1884.6993408203125,51.08438491821289,61.0,"Endothelial, Macrophages_1, Stromal",0.013373810797929764,0.021378913894295692,0.07093077898025513,0.0,0.0,0.3914467394351959,0.011754173785448074,0.0,0.0,0.15974299609661102,0.09949462860822678,0.0,0.0,0.0,0.004790863022208214,0.0,0.1750437617301941,0.0,0.0,0.0520433634519577,0.006553986109793186,0.0,2.0053464595548576e-06,0.11147747933864594,0.0008397078490816057,0.24029406905174255,0.2819294333457947,0.35890331864356995
851,3,6,30,5252.671875,2575.747314453125,110.11201477050781,62.0,"Endothelial, CD4+_T_Cells, Stromal",0.005641980562359095,0.12708821892738342,0.032337963581085205,0.0,0.0,0.37849530577659607,0.0,0.0,0.0,0.13093718886375427,0.06003404036164284,0.0,0.0,0.0,0.05697081983089447,0.0,0.16001899540424347,0.0,0.0,0.048475563526153564,0.002243594266474247,0.0,9.69899277536955e-14,0.04985424131155014,0.0006387961329892278,0.33521541953086853,0.4707677662372589,0.1412801593542099
852,0,3,33,5789.79736328125,2564.4462890625,8.064168930053711,24.0,"Stromal, B_Cells, Macrophages_2",0.0644751638174057,0.0,0.02134528197348118,0.0,0.0,0.00012160525511717424,0.0,0.0,0.0,0.024808257818222046,0.06497465819120407,0.0,0.0,0.0,0.0,0.0,0.7907854318618774,0.0,0.0007830052054487169,0.032706648111343384,0.0312824510037899,0.0,0.002259849803522229,0.4795486032962799,0.008793300949037075,0.10301364958286285,0.05563536658883095,0.3194667398929596
854,4,1,592,5683.8154296875,2830.639892578125,79.76533508300781,34.0,"DCIS_1, Myoepi_KRT15+, Myoepi_ACTA2+",0.0007936183246783912,0.0014683259651064873,0.013930006884038448,0.5856454968452454,0.0666174441576004,0.01079368032515049,0.0,0.01932910643517971,0.0,0.02548937126994133,0.0,0.0,0.08318908512592316,0.12208256870508194,0.0021020814310759306,0.0,0.04318362474441528,5.677714943885803e-05,0.0013283872976899147,0.023990504443645477,0.019371164962649345,0.6351268291473389,0.14098162949085236,0.012644915841519833,0.1668163686990738,0.006652860436588526,0.018234306946396828,0.00017219049914274365
855,4,4,181,5564.8427734375,2965.740234375,75.26569366455078,33.0,"DCIS_1, Myoepi_ACTA2+, Stromal",0.0022049329709261656,0.0017308242386206985,0.013691532425582409,0.6095030307769775,0.004672822076827288,0.0400518961250782,0.0,0.0161275677382946,0.0,0.04463176429271698,0.0,0.0,0.10619405657052994,0.06213313713669777,0.0006650045397691429,0.00015078151773195714,0.08765386790037155,0.0001669795747147873,0.0,0.010421721264719963,0.027571050450205803,0.22579441964626312,0.014573710970580578,0.010248654522001743,0.6439775824546814,0.019995324313640594,0.057660188525915146,0.00017907770234160125
856,0,4,218,5845.2412109375,2989.66650390625,38.52228927612305,46.0,"Stromal, Macrophages_1, Endothelial",0.01768750138580799,0.012669543735682964,0.045416299253702164,0.13260039687156677,0.0031762358266860247,0.09221256524324417,0.0,0.000237867992836982,0.0,0.09450095891952515,0.0009802815038710833,0.0,0.12053519487380981,0.00017345861124340445,0.006350975949317217,0.0,0.44704654812812805,0.005705974996089935,0.0,0.020706191658973694,0.007628433406352997,0.06384684890508652,0.019456036388874054,0.030869537964463234,0.6052132248878479,0.09063440561294556,0.16766557097434998,0.014686171896755695
858,4,4,183,5761.63671875,3277.906494140625,81.03578186035156,9.0,"DCIS_1, Myoepi_KRT15+, Myoepi_ACTA2+",0.0006032386445440352,0.0,0.004848118405789137,0.7288271188735962,0.003242214908823371,0.02479003742337227,0.0,0.0007289904751814902,0.0,0.04785795509815216,0.0,0.0,0.07325060665607452,0.07683383673429489,0.00027844292344525456,0.0,0.036657657474279404,0.0,0.0,0.002081802114844322,0.00061758205993101,0.262317419052124,0.004772897809743881,0.00018391436606179923,0.6620128750801086,0.009232554584741592,0.06050353869795799,0.0003592981374822557
859,4,1,2829,5947.291015625,3419.6005859375,93.18418884277344,14.0,"DCIS_1, Myoepi_KRT15+, DCIS_2",0.00010085370013257489,0.0,0.004818685818463564,0.7221842408180237,0.07410245388746262,0.00404421566054225,0.0,0.015241046436131,0.0,0.03162699192762375,0.0,0.0,0.030030863359570503,0.09385296702384949,0.00025871547404676676,0.0003873451496474445,0.009373118169605732,0.0,0.00033541544689796865,0.013642857782542706,0.007968198508024216,0.7450990080833435,0.1096983551979065,0.0036263708025217056,0.12302219122648239,0.004575459286570549,0.005933948326855898,7.722988812020048e-05
860,4,4,649,5388.12353515625,3282.36279296875,78.847412109375,24.0,"DCIS_1, Myoepi_ACTA2+, Stromal",0.001664835843257606,0.0003655368054751307,0.011748862452805042,0.6462100744247437,0.0029100433457642794,0.01957503892481327,0.0005706336232833564,0.02057180553674698,0.0,0.03923662006855011,0.0009733657352626324,0.0006590753328055143,0.10895024240016937,0.028924616053700447,0.00022295785311143845,0.0011754353763535619,0.10589945316314697,0.001753348740749061,0.0,0.008587940596044064,0.04404208064079285,0.20462802052497864,0.01199756283313036,0.005264367908239365,0.6549925208091736,0.02331123873591423,0.05132982134819031,0.004434355068951845
861,0,4,243,5379.076171875,3580.645751953125,68.37655639648438,47.0,"Stromal, Macrophages_1, Endothelial",0.025113055482506752,0.015711579471826553,0.051561787724494934,0.13084560632705688,0.0009231147123500705,0.06683119386434555,0.0,0.0008455508504994214,0.004163194913417101,0.0970696359872818,0.005770459771156311,0.004178390372544527,0.12687069177627563,0.00023819300986360759,0.0013872471172362566,0.0,0.43981650471687317,0.009673069231212139,0.0,0.019000869244337082,0.008743281476199627,0.034759148955345154,0.01139270793646574,0.01630631648004055,0.6179593205451965,0.1621045023202896,0.12313778698444366,0.025596901774406433
867,4,1,163,5273.2421875,3276.8681640625,76.02283477783203,33.0,"DCIS_1, Myoepi_ACTA2+, Stromal",0.007711954414844513,0.004672697279602289,0.01598631590604782,0.6262947916984558,0.049229610711336136,0.011664698831737041,0.0,0.023775704205036163,0.0,0.029518697410821915,0.0,0.0,0.11302574723958969,0.009802705608308315,0.0,0.0,0.09794070571660995,0.00248234486207366,0.0,0.007894092239439487,0.036574993282556534,0.5897699594497681,0.1620330810546875,0.005313420668244362,0.15203168988227844,0.0245107039809227,0.028866875916719437,0.0008993738447315991
868,2,1,30,5095.5341796875,3370.8486328125,96.60115051269531,34.0,"Myoepi_ACTA2+, DCIS_1, DCIS_2",0.0016966300318017602,0.0,0.03149096295237541,0.2172786146402359,0.11261742562055588,0.0,0.0,0.0,0.0,0.011715925298631191,0.0,0.0,0.3955850303173065,0.0,0.0,0.0,0.20113511383533478,0.0,0.0,0.028480352833867073,0.0004736499104183167,0.49343863129615784,0.2955646812915802,0.019713224843144417,0.1804683357477188,0.00990596879273653,4.292177196226915e-42,0.0004355321580078453
870,4,4,44,5170.458984375,3449.28369140625,131.59152221679688,60.5,"DCIS_1, Myoepi_ACTA2+, CD8+_T_Cells",0.005433127284049988,0.008368336595594883,0.08263671398162842,0.3988073468208313,0.0006565930671058595,0.009584476239979267,0.0,0.01890641637146473,0.0044210320338606834,0.060526397079229355,0.0,0.0,0.23492878675460815,0.043036796152591705,0.0,0.0,0.08045516163110733,0.0,0.0,0.05223878473043442,0.10606760531663895,0.07242371886968613,0.00821799784898758,0.04809647426009178,0.6087232232093811,0.12469678372144699,0.0317741297185421,1.401298464324817e-45
876,0,4,32,5607.310546875,2651.115234375,22.293630599975586,45.0,"Stromal, Macrophages_1, CD8+_T_Cells",0.04097382351756096,0.022512000054121017,0.024245960637927055,0.10721339285373688,0.0,0.07951115071773529,0.0,0.002691942034289241,0.0,0.036445774137973785,0.0042663621716201305,0.0,0.07748601585626602,0.0,0.010337352752685547,0.0,0.5636147260665894,0.0,0.006310184486210346,0.024391386657953262,0.034435056149959564,0.024107707664370537,0.003910557366907597,0.040016476064920425,0.5851045250892639,0.09264682233333588,0.16646422445774078,0.053314656019210815
879,4,4,30,5739.15673828125,2791.56591796875,88.45327758789062,40.0,"DCIS_1, Myoepi_KRT15+, Unlabeled",0.0,0.0,0.01925593987107277,0.5180310606956482,0.0015942483441904187,0.024334173649549484,0.0,0.0011390440631657839,0.0,0.004780724178999662,0.0,0.0,0.10020485520362854,0.2140030711889267,0.0,0.0,0.05249122530221939,0.0,0.0,0.0641656219959259,0.0007569699082523584,0.2769593596458435,0.008525380864739418,0.012722743675112724,0.6826812028884888,0.004406659863889217,0.013947689905762672,0.0
880,0,3,57,5754.23681640625,3832.0263671875,68.99845886230469,78.0,"Stromal, B_Cells, Macrophages_1",0.08368010073900223,0.07334285974502563,0.08780261874198914,0.007525772787630558,0.0,0.05637555196881294,0.02571268193423748,0.0,0.008782713674008846,0.10362113267183304,0.05243808403611183,0.0,0.0,0.0,0.006407751236110926,0.0,0.4285901188850403,0.003713319543749094,0.007984424009919167,0.05402287095785141,0.0015321234241127968,3.517259145455291e-43,1.0712978948390628e-08,0.38389989733695984,0.007603813894093037,0.2382820099592209,0.13555164635181427,0.23313051462173462
881,0,7,146,5787.9775390625,3863.728515625,71.15873718261719,48.0,"Stromal, B_Cells, Macrophages_2",0.09624568372964859,0.023423125967383385,0.04302246496081352,0.0009400522103533149,0.0001311788073508069,0.04085240513086319,0.0061622243374586105,0.0,0.001653771148994565,0.08389893174171448,0.07396085560321808,0.0009622673969715834,0.004740578122437,0.0015314669581130147,0.01033846940845251,0.0,0.5757230520248413,0.0031919917091727257,5.7141543948091567e-05,0.03316444903612137,0.008380375802516937,0.0,0.006177335511893034,0.18221884965896606,0.021826056763529778,0.2058883011341095,0.13821417093276978,0.43729493021965027
887,2,2,101,5714.1826171875,4225.0615234375,199.0281524658203,15.0,"Myoepi_KRT15+, Myoepi_ACTA2+, Macrophages_1",0.005543293431401253,0.0033174226991832256,0.018057052046060562,0.0,0.014008154161274433,0.0,0.0,0.0,0.0,0.1042601689696312,0.0,0.004142459016293287,0.3654574155807495,0.4536837935447693,0.0003577741445042193,0.0,0.030914366245269775,0.0,0.0,0.0002580386644694954,0.01239019725471735,0.035783447325229645,0.574733316898346,0.02033301815390587,0.18129777908325195,0.11579564213752747,0.037384163588285446,0.022282535210251808
888,6,5,91,5804.93115234375,4110.953125,16.869117736816406,4.0,"Macrophages_1, CD8+_T_Cells, LAMP3+_DCs",0.00011521446140250191,0.00044238322880119085,0.0275819581001997,0.0,0.000940379046369344,0.0,0.0,0.0,0.008705967105925083,0.8408732414245605,0.0,0.0,0.00043071233085356653,0.11830955743789673,0.0,0.0,0.0024457452818751335,0.0,0.0,0.00015472645463887602,0.16514967381954193,0.09394890069961548,0.1050231084227562,0.002071477472782135,0.07767422497272491,0.5488832592964172,0.006110710091888905,0.0011385617544874549
890,2,5,342,5894.650390625,4225.98095703125,188.4324951171875,24.0,"Myoepi_KRT15+, Myoepi_ACTA2+, Macrophages_1",0.02337883599102497,0.031674135476350784,0.04549235850572586,0.001548004220239818,0.005624519661068916,0.006368354894220829,7.452801946783438e-05,0.0,0.0,0.08336029946804047,0.0,0.0005803157691843808,0.2962011694908142,0.43167969584465027,0.0008654618868604302,0.0,0.06878193467855453,0.0,0.0,0.004370351787656546,0.03142688050866127,0.02297946996986866,0.13966965675354004,0.03563358262181282,0.10377601534128189,0.6192675828933716,0.034095313400030136,0.01315182726830244
893,0,5,692,5560.23974609375,3933.760498046875,98.23236083984375,57.5,"Stromal, Macrophages_1, CD8+_T_Cells",0.07450157403945923,0.06990628689527512,0.08887232840061188,0.0023311672266572714,2.5721081328811124e-05,0.045342475175857544,0.004948848392814398,5.61642627872061e-05,0.0023325346410274506,0.13087482750415802,0.023462245240807533,0.007004535757005215,0.018887998536229134,0.0026583827566355467,0.00430432241410017,0.0,0.4737597703933716,0.01354490127414465,0.0,0.03718600794672966,0.009677608497440815,0.0004606357542797923,0.00813122745603323,0.12623324990272522,0.03292464464902878,0.5356720685958862,0.1608240306377411,0.12607665359973907
894,0,7,124,5613.1064453125,4358.486328125,91.42159271240234,34.0,"Stromal, Macrophages_1, Macrophages_2",0.04835502803325653,0.018710974603891373,0.01633293367922306,0.0,0.0,0.10443689674139023,0.0005873626214452088,0.0,0.0,0.05868564173579216,0.07010995596647263,0.0028705333825200796,0.00039022331475280225,0.0,0.0028194866608828306,0.0,0.6485786437988281,0.006803909782320261,0.0,0.02131844498217106,0.00961227621883154,0.0,0.0002990237553603947,0.08775290846824646,0.002121114870533347,0.15994955599308014,0.20734509825706482,0.5329200625419617
895,0,3,78,5513.1376953125,4172.873046875,77.6036605834961,33.0,"Stromal, B_Cells, Macrophages_1",0.05158724635839462,0.014796020463109016,0.012765667401254177,0.0,0.0,0.03561898320913315,0.034122664481401443,0.0,0.0,0.044079773128032684,0.020103435963392258,0.0036660353653132915,0.017380595207214355,0.0002522981376387179,0.020045140758156776,0.0,0.7214277982711792,0.003789386712014675,0.0,0.02036501094698906,0.005934028886258602,0.0,0.003968872595578432,0.5485051870346069,0.005608813837170601,0.1158001571893692,0.1857343465089798,0.13444866240024567
900,4,4,44,5716.3671875,3692.30078125,69.28445434570312,16.0,"DCIS_1, Myoepi_ACTA2+, Endothelial",0.0,0.0,0.0005604358739219606,0.55589359998703,0.028056062757968903,0.044637344777584076,0.0,0.0020839667413383722,0.0,0.003155185142531991,0.0,0.0003921095922123641,0.21185137331485748,0.00117857800796628,0.0,0.0,0.14433635771274567,0.0,0.0,0.007854940369725227,0.0032190484926104546,0.15994380414485931,0.08766874670982361,0.003389710793271661,0.6579688191413879,0.00020300857431720942,0.08724663406610489,0.00036017849924974144
901,0,6,33,5769.12060546875,3763.193603515625,43.27668762207031,46.0,"Stromal, Endothelial, CD8+_T_Cells",0.06678221374750137,0.03255950286984444,0.05147233232855797,0.014264227822422981,0.0,0.13762307167053223,0.00020622430020011961,0.0,0.0,0.016829760745167732,0.030760634690523148,0.0036661610938608646,0.004671433474868536,0.0,0.00461910804733634,0.0,0.5894044637680054,0.0004143304249737412,0.007458242122083902,0.03926827013492584,0.0038623728323727846,0.0,0.013789494521915913,0.17895591259002686,0.047909535467624664,0.177160382270813,0.4440515637397766,0.1342708021402359
902,6,5,620,5851.8564453125,4457.41162109375,249.37123107910156,35.0,"CD4+_T_Cells, CD8+_T_Cells, B_Cells",0.10623142868280411,0.4319777488708496,0.17810186743736267,0.0,0.0,0.03396771475672722,0.006451343651860952,0.0005980540881864727,0.027523361146450043,0.07757382839918137,0.009353244677186012,0.0,0.001019354909658432,0.0,0.005141349975019693,0.0,0.0846257209777832,0.0036338474601507187,0.0,0.03380129858851433,0.0031375635880976915,0.0,0.00017991520871873945,0.1588222086429596,0.00015309563605114818,0.69522625207901,0.08712328970432281,0.0553574301302433
903,0,7,193,6053.96875,4738.08935546875,29.947887420654297,34.0,"Stromal, B_Cells, Macrophages_2",0.07958808541297913,0.013964604586362839,0.017052512615919113,0.009557206183671951,0.0,0.13066980242729187,0.004363313317298889,0.0016936769243329763,0.0037042354233562946,0.05490448325872421,0.0744573175907135,0.00947667844593525,0.00636640377342701,0.0,0.010040567256510258,0.0,0.5550005435943604,0.00843204464763403,0.0,0.020728381350636482,0.01611931063234806,0.0023125004954636097,0.0014025592245161533,0.09940101951360703,0.03584330528974533,0.12122221291065216,0.2362208515405655,0.48747819662094116
904,0,5,76,5733.015625,4540.48291015625,80.6787109375,47.0,"Stromal, Macrophages_1, CD8+_T_Cells",0.08236557245254517,0.08157634735107422,0.05669756233692169,0.0,0.0,0.03553557023406029,0.0,0.0,0.008732841350138187,0.10233249515295029,0.030284317210316658,0.0,0.0,0.0,0.00025463715428486466,0.0,0.5434212684631348,0.011066671460866928,0.0,0.047732751816511154,0.004035672172904015,0.0,0.0001353324914816767,0.1868119239807129,0.0026939481031149626,0.5100224614143372,0.140638068318367,0.1556626707315445
910,6,7,40,5794.76220703125,4374.70166015625,240.119384765625,45.0,"CD4+_T_Cells, CD8+_T_Cells, B_Cells",0.13233497738838196,0.42157283425331116,0.18376198410987854,0.0,0.0,0.005693675484508276,0.00517135439440608,0.0,0.019974112510681152,0.0766567587852478,0.034848544746637344,0.0,0.0,0.0,0.0,0.0,0.10533223301172256,0.0006507991347461939,0.0,0.014002742245793343,4.161615815752874e-31,0.0,0.0,0.0445430688560009,0.0,0.35999351739883423,0.025834649801254272,0.569628894329071
914,6,3,66,5716.9140625,4388.0771484375,257.0982666015625,60.5,"CD4+_T_Cells, CD8+_T_Cells, Unlabeled",0.059834592044353485,0.3475753664970398,0.20760281383991241,0.0,0.0,0.005243557970970869,0.04629725217819214,0.0,0.019994918256998062,0.07329288125038147,0.007306040730327368,0.0,0.0,0.0,0.0,0.0,0.11358153820037842,0.016059635207057,0.0,0.10321144014596939,2.802596928649634e-45,0.0,1.401298464324817e-45,0.5632615089416504,0.0,0.3794504404067993,0.017106562852859497,0.040181443095207214
917,0,3,120,6706.2216796875,759.9649658203125,2.369907855987549,24.0,"Stromal, Macrophages_1, Unlabeled",0.0015560578322038054,0.0004792145045939833,0.011260571889579296,8.513732609571889e-05,0.0,0.01564866676926613,0.0,0.00287224049679935,0.0,0.04344426468014717,0.013094967231154442,0.00012072438403265551,0.002161408541724086,5.828017310705036e-05,3.949591942387087e-08,4.1399860492674634e-05,0.8170242309570312,0.009625234641134739,0.0,0.08252763748168945,0.05180492624640465,4.6482687047978136e-36,0.022631730884313583,0.5566156506538391,0.0965832993388176,0.044193580746650696,0.1573990434408188,0.07077167183160782
918,0,6,60,6642.37646484375,849.9924926757812,3.6345162391662598,34.0,"Stromal, Endothelial, Unlabeled",0.0036507337354123592,0.005053859669715166,0.0054864599369466305,4.166295184404589e-05,3.3787400752771646e-06,0.1429084688425064,0.0018861561547964811,0.002588483039289713,0.0,0.015878790989518166,0.020469434559345245,0.017128000035881996,4.029697447549552e-05,0.0,0.013142338022589684,0.000352581002516672,0.6843688488006592,0.018413681536912918,0.000761656672693789,0.06782518327236176,0.05299641937017441,0.0,0.01326100341975689,0.19338224828243256,0.06260665506124496,0.03079777956008911,0.540212094783783,0.10674380511045456
919,0,6,54,6277.89306640625,873.5103149414062,14.939245223999023,34.5,"Stromal, Endothelial, Macrophages_1",0.05291011929512024,0.03137679770588875,0.012077725492417812,0.0,0.0004285938630346209,0.1445164531469345,0.0,0.0,0.0,0.10138312727212906,0.006584486924111843,0.013077960349619389,0.006212528329342604,0.0,0.005993527360260487,0.0,0.591903567314148,0.0,8.867107048615708e-09,0.033535148948431015,0.018347468227148056,0.0,0.027187814936041832,0.22084377706050873,0.045500319451093674,0.07459802180528641,0.4837796688079834,0.12974287569522858
920,5,2,210,6007.484375,794.6823120117188,60.7296142578125,15.0,"DCIS_2, Myoepi_ACTA2+, Stromal",0.0021201390773057938,0.0007385262870229781,0.000193205225514248,0.0,0.682896077632904,0.027226265519857407,0.0,0.0,0.0,0.01929498463869095,0.0,0.0,0.17249172925949097,0.026961607858538628,0.0,0.0,0.05656096711754799,0.0,0.0009513945551589131,0.010564891621470451,0.0015083147445693612,0.03493741154670715,0.848467230796814,0.02900516614317894,0.015459121204912663,0.0033549396321177483,0.06621067225933075,0.0010571584571152925
922,2,2,57,6081.322265625,883.2714233398438,55.13582229614258,33.0,"Myoepi_ACTA2+, DCIS_2, Stromal",0.002754958113655448,0.0,0.004224863369017839,0.0,0.2719547152519226,0.01484476588666439,0.0,0.0,0.0,0.07167302817106247,0.0009103433112613857,0.00037217754288576543,0.4256737232208252,0.018949119374155998,0.00044996553333476186,0.0,0.1656520813703537,0.0,0.0,0.022540267556905746,0.0066620358265936375,0.0643451064825058,0.7939631938934326,0.0520586334168911,0.015131693333387375,0.009459131397306919,0.05059286206960678,0.007787428796291351
923,0,2,32,6069.84765625,912.6119384765625,14.49146842956543,47.0,"Stromal, Macrophages_1, Unlabeled",0.019598139449954033,0.016905607655644417,0.02952275052666664,3.888807259500027e-05,0.09175823628902435,0.037942979484796524,0.0,0.0,0.0,0.06830520927906036,0.0,0.0053494274616241455,0.1508484184741974,0.005626687314361334,0.0,0.0,0.504652202129364,0.0,0.0002472873020451516,0.0692041888833046,0.004072766751050949,0.02975904755294323,0.6435868144035339,0.1139659509062767,0.059740033000707626,0.05410558357834816,0.09306663274765015,0.0017032353207468987
926,0,7,46,6597.3798828125,162.90916442871094,2.1983134746551514,24.0,"Stromal, Macrophages_2, Endothelial",0.007239621598273516,0.0,0.0122053949162364,0.0,0.0,0.06960071623325348,0.0010496220784261823,0.06427095085382462,0.0,0.02100597880780697,0.13632503151893616,0.007081668823957443,0.0,0.0,0.0,0.0,0.6520687937736511,0.0,0.0,0.029152361676096916,0.0783938392996788,0.0,0.00639350013807416,0.08403626084327698,0.027780519798398018,0.011836870573461056,0.22086533904075623,0.5706936717033386
927,0,5,49,5973.68896484375,184.68621826171875,55.438446044921875,48.0,"Stromal, B_Cells, CD4+_T_Cells",0.15767303109169006,0.17511112987995148,0.0608789324760437,0.0,0.0,0.011365675367414951,0.002052583498880267,0.0,0.010606242343783379,0.12201033532619476,0.028437048196792603,0.0,0.0,0.0,0.0,0.0,0.3578881323337555,0.022518878802657127,0.0,0.051457956433296204,0.005180410575121641,0.0002306498063262552,4.7730231017339975e-05,0.15681816637516022,0.002592905191704631,0.6234431862831116,0.03935758024454117,0.17232927680015564
929,0,6,287,7015.69189453125,316.3604736328125,5.11663293838501,23.0,"Stromal, Endothelial, Macrophages_1",0.017177028581500053,0.0006686305277980864,0.01797792688012123,0.00029135256772860885,0.00017850703443400562,0.12051579356193542,0.004814445041120052,0.0241666529327631,0.0,0.032155752182006836,0.01826860010623932,0.0007873502327129245,8.534178778063506e-05,0.0,0.002366713946685195,0.0006201649084687233,0.7307925224304199,0.0008116235258057714,0.0,0.028321944177150726,0.046010807156562805,0.00031824049074202776,0.009324378333985806,0.15139345824718475,0.03615774214267731,0.056598104536533356,0.5498663187026978,0.15033088624477386
932,4,4,136,6588.33642578125,1129.4466552734375,77.351806640625,46.0,"DCIS_1, Myoepi_ACTA2+, Macrophages_1",0.002435135655105114,0.00026846793480217457,0.019151875749230385,0.5110026001930237,0.04063776880502701,0.04304106533527374,0.0,0.0,0.0,0.08024943619966507,0.002816669410094619,0.0,0.15420788526535034,0.00836656428873539,0.0009605457307770848,0.0,0.11643453687429428,0.0015962945763021708,0.0,0.018831118941307068,0.00339132035151124,0.17124666273593903,0.10047835111618042,0.033360306173563004,0.5800788998603821,0.013116891495883465,0.09080960601568222,0.007517853286117315
933,4,1,52,6604.9091796875,1135.485107421875,96.9417495727539,33.0,"DCIS_1, Myoepi_ACTA2+, DCIS_2",0.0,0.0,0.015270663425326347,0.7133652567863464,0.04170845076441765,0.018342839553952217,0.0,0.0,0.0,0.01972297951579094,0.0,0.0,0.13629402220249176,0.018281472846865654,0.0,0.0,0.011676945723593235,0.0,0.0,0.02533753775060177,0.0003130229888483882,0.4761519432067871,0.2083260715007782,0.013421174138784409,0.26018384099006653,0.004292165860533714,0.037311818450689316,4.5378411841891184e-37
934,0,4,265,6669.59130859375,1253.624267578125,19.690345764160156,60.0,"Stromal, Macrophages_1, Endothelial",0.03242619335651398,0.010116718709468842,0.041040364652872086,0.11171211302280426,0.004900715313851833,0.09187097102403641,0.003271381137892604,0.00012376422819215804,0.002805168041959405,0.11591582000255585,0.0035143664572387934,0.0,0.08247458189725876,0.0015890374779701233,0.002105307998135686,0.0,0.45361924171447754,0.006634022109210491,0.0,0.035880230367183685,0.00632542185485363,0.04641508683562279,0.03479696437716484,0.07306013256311417,0.5545318126678467,0.08302214741706848,0.17225299775600433,0.029595501720905304
936,4,4,104,6616.0771484375,1392.37451171875,53.22050476074219,34.0,"DCIS_1, Myoepi_ACTA2+, Macrophages_1",0.0016096257604658604,0.005221265833824873,0.004542863927781582,0.48816823959350586,0.00620706332847476,0.035738129168748856,0.0007597403018735349,0.0,0.0,0.07022210955619812,0.0,0.0,0.1718658059835434,0.0798000767827034,0.0,0.0,0.1210114061832428,0.0,0.0,0.014853578060865402,0.004499384202063084,0.09645400941371918,0.039624374359846115,0.03109070658683777,0.6807297468185425,0.03360193595290184,0.11175021529197693,0.002249805722385645
938,0,6,68,6742.69482421875,1590.4903564453125,3.9025237560272217,23.5,"Stromal, Endothelial, B_Cells",0.06089751049876213,0.0007970029255375266,0.00038721031160093844,0.00019101225188933313,1.776482349669095e-05,0.10088878870010376,0.0001745538174873218,0.0,0.0,0.016032280400395393,7.888397522037849e-05,0.0,0.000337733217747882,0.0,0.015213914215564728,0.0,0.7794942259788513,0.014536403119564056,0.0,0.010952753014862537,0.01214032992720604,0.002607108326628804,0.008597356267273426,0.13369838893413544,0.030012954026460648,0.09168089181184769,0.6439871788024902,0.07727590203285217
945,6,5,30,6592.63232421875,1014.4223022460938,123.16030883789062,62.5,"CD8+_T_Cells, CD4+_T_Cells, Macrophages_1",0.05628417432308197,0.15848450362682343,0.2799089252948761,0.0,0.0,0.03418916091322899,0.007964200340211391,0.0,0.0,0.21735879778862,0.003291941713541746,0.0,0.0262785442173481,0.0,0.028328003361821175,0.0,0.12086400389671326,0.006923904176801443,0.0,0.06012386083602905,0.005095514468848705,0.0,0.06830344349145889,0.15304706990718842,0.07104329764842987,0.5026113986968994,0.15082746744155884,0.0490717776119709
947,6,5,170,6408.09130859375,1629.2386474609375,222.70440673828125,34.5,"CD4+_T_Cells, CD8+_T_Cells, Macrophages_1",0.012467590160667896,0.5714259147644043,0.14289504289627075,0.0,0.0,0.025436945259571075,0.008390817791223526,0.0,0.03032943233847618,0.06460466980934143,0.0030815512873232365,0.0,0.0060563599690794945,0.0,0.01889021322131157,0.0,0.07316365092992783,0.0033138555008918047,0.0,0.03994398191571236,0.007104102987796068,0.0,0.00037574206362478435,0.19445481896400452,0.001102594891563058,0.6958722472190857,0.0777166560292244,0.023373674601316452
958,6,5,85,6154.05908203125,2591.89599609375,212.27804565429688,35.0,"CD4+_T_Cells, Macrophages_1, CD8+_T_Cells",0.005747127812355757,0.4193073511123657,0.12741126120090485,0.0,0.0,0.12627777457237244,0.0,0.0,0.0182659775018692,0.15518327057361603,0.0013932337751612067,0.0,0.0,0.0,0.0008725295192562044,0.0,0.12580710649490356,0.0,0.0,0.019734403118491173,0.0028643428813666105,0.0,7.617878873134032e-05,0.024053048342466354,0.00033920735586434603,0.6578422784805298,0.3005385994911194,0.014286244288086891
959,0,5,147,6174.22705078125,2573.40380859375,25.313350677490234,36.0,"Stromal, Macrophages_1, CD4+_T_Cells",0.0254505705088377,0.08395993709564209,0.0579046830534935,4.954754786012927e-06,0.0,0.03837081044912338,0.0063615962862968445,0.0,0.002937842393293977,0.11047802865505219,0.018467815592885017,4.527744385995902e-05,0.01932007074356079,0.0,0.00445930752903223,0.0,0.6023240089416504,0.009084934368729591,0.0,0.0208301842212677,0.025645047426223755,0.0,0.015575055032968521,0.12306057661771774,0.022529423236846924,0.5281784534454346,0.190226748585701,0.09478460252285004
961,0,7,47,6132.5400390625,2461.211669921875,7.274176597595215,23.0,"Stromal, B_Cells, Macrophages_2",0.06576448678970337,0.013055910356342793,0.0009222269873134792,0.0,0.0,0.013306195847690105,0.0,0.0,0.0,0.07995373755693436,0.04897370561957359,0.00824024062603712,0.0,0.0,0.0020964830182492733,0.0,0.741972029209137,0.0004466841055545956,0.0,0.025268321856856346,0.05969788134098053,0.0,0.00842228252440691,0.10968438535928726,0.02239459566771984,0.17260019481182098,0.14440059661865234,0.48280012607574463
963,4,4,298,6669.9697265625,2543.01123046875,83.40364837646484,34.0,"DCIS_1, Myoepi_ACTA2+, Endothelial",0.005450653377920389,0.0028298574034124613,0.02677755430340767,0.6052567958831787,0.02636806294322014,0.06868249922990799,0.0,0.0008880933164618909,0.0,0.039449818432331085,0.001548225525766611,0.0,0.1048213541507721,0.004791522864252329,0.003767420072108507,0.0,0.09519007056951523,0.003649928839877248,0.00156061549205333,0.008967319503426552,0.007187803275883198,0.16604363918304443,0.0413065180182457,0.013090082444250584,0.6149163246154785,0.04099222272634506,0.10954514145851135,0.006918331142514944
964,0,6,168,6419.431640625,2701.829345703125,8.867231369018555,23.0,"Stromal, Endothelial, Macrophages_1",0.02424161694943905,0.02228688821196556,0.005151251330971718,0.008761093951761723,0.001497281831689179,0.13055826723575592,0.004810732789337635,0.0,0.0,0.039850443601608276,0.02391711249947548,0.0029528187587857246,0.007825951091945171,0.0,0.0015882477164268494,0.0,0.7030746936798096,0.006503741722553968,0.0,0.0169798843562603,0.021540939807891846,0.012583227828145027,0.01191900484263897,0.0926026701927185,0.030438963323831558,0.13319642841815948,0.5223496556282043,0.1753690540790558
965,0,4,409,6707.28857421875,3272.046875,52.208412170410156,35.0,"Stromal, Endothelial, B_Cells",0.04222679138183594,0.00473960442468524,0.024350713938474655,0.12861000001430511,0.0044193631038069725,0.0979626253247261,0.0009265877306461334,0.0009826727909967303,0.0,0.029003622010350227,0.006346709560602903,0.0,0.11352643370628357,0.001782241160981357,0.00480632483959198,0.0,0.5235793590545654,0.00393260270357132,0.0006165709346532822,0.012187938205897808,0.006096807774156332,0.057339660823345184,0.025118792429566383,0.03355338051915169,0.6102988123893738,0.045992299914360046,0.1872091293334961,0.034391243010759354
969,0,4,45,6697.08544921875,1954.505859375,19.640779495239258,47.0,"Stromal, CD4+_T_Cells, Unlabeled",0.007151914294809103,0.04301728308200836,0.025988798588514328,0.09909795969724655,0.0015148201491683722,0.10348287224769592,0.0,0.0,0.0,0.021438483148813248,0.03143119812011719,0.0,0.058149415999650955,0.0011484618298709393,4.757601709570736e-05,0.0,0.5579051375389099,0.002703521866351366,0.0,0.04692258685827255,0.002183765172958374,0.029041435569524765,0.006708737928420305,0.12019021064043045,0.4191848039627075,0.09542814642190933,0.1864081770181656,0.14085473120212555
970,0,7,131,6584.86376953125,2005.3917236328125,13.427836418151855,34.0,"Stromal, Macrophages_2, Endothelial",0.060185354202985764,0.0056021688506007195,0.01661902852356434,0.004163221921771765,0.00169783690944314,0.10297447443008423,9.844612213782966e-05,0.00017100851982831955,0.0,0.03453676775097847,0.09046707302331924,0.003931552171707153,0.004996770527213812,0.0,0.005883756559342146,0.0,0.6384694576263428,0.006122717168182135,0.0,0.024080481380224228,0.021931597962975502,0.007958658039569855,0.010311698541045189,0.07826238125562668,0.03254132345318794,0.1157376617193222,0.23518076539039612,0.4980759918689728
971,0,4,74,6607.05078125,2387.092529296875,101.34015655517578,49.0,"Stromal, Macrophages_1, Endothelial",0.005945469252765179,0.012422890402376652,0.03579201176762581,0.12895964086055756,0.014583954587578773,0.09071309864521027,0.0,0.0,0.0,0.08729736506938934,0.02504868246614933,0.0,0.13584312796592712,0.0,0.021808015182614326,0.0,0.4230331778526306,0.0,0.0,0.018552608788013458,0.006072055082768202,0.06759025156497955,0.043779194355010986,0.012528019025921822,0.5121549367904663,0.08887326717376709,0.19542641937732697,0.0735759511590004
981,4,4,110,6133.84765625,3256.706298828125,95.75675964355469,15.0,"DCIS_1, Myoepi_KRT15+, Myoepi_ACTA2+",0.0039994362741708755,0.0,0.021490532904863358,0.5011502504348755,0.0033725290559232235,0.013453601859509945,0.0,0.0,0.0,0.0377073772251606,0.0,0.0,0.06288260966539383,0.31955352425575256,0.0005238003213889897,0.0,0.02631790190935135,0.0,0.0030341497622430325,0.00651433365419507,0.0005115331150591373,0.33500728011131287,0.00653304997831583,0.0009721607784740627,0.5954049825668335,0.024866465479135513,0.03495581075549126,0.0017487877048552036
984,0,3,49,6613.06494140625,3179.00927734375,46.31055450439453,61.0,"Stromal, Macrophages_1, Macrophages_2",0.058137547224760056,0.016440212726593018,0.04590088501572609,0.0,0.0,0.07900078594684601,0.05051543936133385,0.0,0.0,0.09553613513708115,0.05678938701748848,0.0,9.250829316442832e-05,0.0,0.007935038767755032,0.0,0.5365914702415466,0.0,0.0,0.05306068807840347,0.005582716781646013,0.0,0.0011325133964419365,0.4885210394859314,0.008268114179372787,0.12195084244012833,0.17277032136917114,0.2017744928598404
985,0,7,369,6431.89453125,2938.866455078125,30.067394256591797,45.0,"Stromal, Macrophages_2, Macrophages_1",0.05826038122177124,0.0463278591632843,0.0385344997048378,0.0005663652555085719,4.2032002966152504e-05,0.08675632625818253,0.00557713583111763,0.0,0.0007891249260865152,0.08288058638572693,0.08760929852724075,0.004113920498639345,0.0006153954891487956,0.0,0.004578765481710434,0.0,0.5575921535491943,0.002907561371102929,0.0,0.022848282009363174,0.012265389785170555,0.0007497853948734701,0.002514222636818886,0.09995467215776443,0.012707559391856194,0.18882079422473907,0.21167419850826263,0.4713136553764343
986,0,6,621,7087.8984375,3947.54345703125,17.616920471191406,15.0,"Stromal, Endothelial, Macrophages_2",0.024317597970366478,0.001075363252311945,0.010484050028026104,0.002081424230709672,3.5424654925009236e-05,0.13456475734710693,8.919517313188408e-06,0.0,0.0,0.015228832140564919,0.020750168710947037,0.0014296461595222354,0.004460582975298166,2.8085836675018072e-05,0.015902603045105934,0.0,0.7511623501777649,0.0006690701702609658,0.0,0.01780063286423683,0.013552810065448284,0.0009279301739297807,0.01160785648971796,0.125568687915802,0.06497117131948471,0.0512535460293293,0.5981813073158264,0.13393673300743103
987,3,6,42,6628.56396484375,3330.007080078125,42.11891555786133,47.0,"Endothelial, Perivascular-Like, Stromal",0.0010350103257223964,0.023160424083471298,0.06822405755519867,0.0,0.0,0.39770299196243286,0.0,0.0,0.0,0.021732335910201073,0.004065527115017176,0.0,0.018428537994623184,0.0,0.15775448083877563,0.0,0.25607991218566895,0.0,0.0,0.051816780120134354,0.026046020910143852,0.0,0.023773757740855217,0.1637800931930542,0.04638288542628288,0.14606590569019318,0.5657315850257874,0.02821985073387623
988,2,1,44,6322.66455078125,3323.637451171875,138.90370178222656,23.5,"Myoepi_KRT15+, Macrophages_1, Myoepi_ACTA2+",0.0,0.0,0.010429947637021542,0.13084398210048676,0.046647313982248306,0.0,0.0,0.001300163916312158,0.0,0.0569576621055603,0.0,0.0,0.05618962273001671,0.6739088296890259,0.0,0.0,0.0,0.0,0.0,0.023722410202026367,0.008213448338210583,0.6935737729072571,0.15857984125614166,0.02475891076028347,0.11211815476417542,0.002755885012447834,0.0,0.0
993,0,5,37,6574.95751953125,3056.42578125,14.287792205810547,34.0,"Stromal, B_Cells, Macrophages_2",0.06088966131210327,0.04076070338487625,0.06723244488239288,0.0,0.0,0.014851950109004974,0.0,0.0,0.0,0.07726132869720459,0.025598308071494102,0.0010925407987087965,0.0,0.0,0.0,0.0,0.6888940930366516,0.0,0.0,0.023419052362442017,0.013222276233136654,0.0,4.944772455373632e-33,0.1726977825164795,0.015968864783644676,0.5243124961853027,0.14183467626571655,0.13196389377117157
999,0,4,323,6679.31884765625,4123.22314453125,83.05381774902344,45.0,"Stromal, Endothelial, Myoepi_ACTA2+",0.014268554747104645,0.01122801098972559,0.028763074427843094,0.1315336972475052,0.002978679956868291,0.11916383355855942,0.0,0.0018548941006883979,0.002701308811083436,0.030482318252325058,0.011542701162397861,0.00515763508155942,0.1422300785779953,0.00021665958047378808,0.006417383905500174,0.0,0.47154709696769714,0.0045217000879347324,0.0004278665583115071,0.014964574947953224,0.010983981192111969,0.03341527655720711,0.010029902681708336,0.04271469637751579,0.5646855235099792,0.07020942866802216,0.20356032252311707,0.06440051645040512
1000,4,4,265,6684.2333984375,4098.4326171875,88.2589111328125,24.0,"DCIS_1, Myoepi_ACTA2+, Myoepi_KRT15+",0.0023697272408753633,0.002141844015568495,0.008022686466574669,0.5415988564491272,0.003989821765571833,0.0410807766020298,0.0,0.006455361843109131,0.0,0.028665315359830856,0.005882523953914642,0.00038487816345877945,0.14655838906764984,0.13384245336055756,0.0013117881026118994,0.00354950618930161,0.07086770981550217,0.00031208700966089964,0.0,0.002966237487271428,0.009283465333282948,0.23004615306854248,0.008523338474333286,0.008880029432475567,0.6245676279067993,0.010842124000191689,0.07068877667188644,0.03716862201690674
1002,4,1,2095,6539.201171875,4405.9931640625,90.42150115966797,22.0,"DCIS_1, Myoepi_KRT15+, DCIS_2",0.0003671520680654794,0.0007103022653609514,0.00539801549166441,0.6499792337417603,0.0681353434920311,0.003906554076820612,0.0,0.048538174480199814,0.0,0.047663915902376175,5.482924825628288e-05,0.0,0.018477823585271835,0.12581324577331543,0.0,0.0002694608992896974,0.00754532590508461,2.7044661692343652e-05,0.0019470228580757976,0.021166080608963966,0.03343498706817627,0.7374022603034973,0.08457814902067184,0.013682019896805286,0.11547840386629105,0.005923242773860693,0.00907097663730383,0.0004300611326470971
1005,4,4,58,6162.97021484375,4156.5791015625,111.48915100097656,33.0,"DCIS_1, Myoepi_ACTA2+, Macrophages_1",0.0,0.0039262245409190655,0.011255541816353798,0.649732768535614,0.01015060767531395,0.0528058260679245,0.0,0.0,0.0,0.03318155184388161,0.011210673488676548,0.0,0.1158255934715271,0.016734298318624496,0.0,0.0,0.08510062843561172,0.007836529985070229,0.0,0.002239785622805357,0.002798681613057852,0.18875424563884735,0.04013087972998619,0.00403610710054636,0.5904754996299744,0.02544401027262211,0.07820580154657364,0.07015477120876312
1006,0,4,102,6157.29345703125,4381.68212890625,72.9654541015625,25.0,"Stromal, Endothelial, Myoepi_ACTA2+",0.015436692163348198,0.002047785324975848,0.00045689649414271116,0.15758179128170013,0.0,0.10610607266426086,0.0,0.00026390314451418817,0.0,0.01490891445428133,0.01543297991156578,0.0,0.15075571835041046,0.0005403177347034216,0.004266449715942144,0.0,0.5199309587478638,0.00500152911990881,0.0,0.007269994355738163,0.0023749363608658314,0.010013689287006855,0.0008813700987957418,0.028609853237867355,0.6584665179252625,0.013736058957874775,0.19856400787830353,0.08735345304012299
1010,4,1,617,6597.4365234375,3706.70458984375,96.67652893066406,22.0,"DCIS_1, DCIS_2, Invasive_Tumor",0.0008179694996215403,0.00112257176078856,0.00844226311892271,0.7033783793449402,0.06185707822442055,0.006092760246247053,0.0,0.06562365591526031,0.0,0.029187334701418877,0.0,0.0,0.028752142563462257,0.05994296073913574,0.0,0.0,0.021135810762643814,0.0,0.0016043218784034252,0.012042560614645481,0.0322057381272316,0.7049975395202637,0.09416221082210541,0.0061605400405824184,0.1434791535139084,0.004642277956008911,0.01389602292329073,0.00045681482879444957
1011,0,7,61,6617.3515625,3478.293212890625,40.15950393676758,33.0,"Stromal, B_Cells, Macrophages_2",0.0995190441608429,0.012012651190161705,0.01120032835751772,0.0029048381838947535,0.0005475282669067383,0.011148632504045963,0.0,0.0,0.0,0.027064526453614235,0.07842192053794861,0.0,0.008344682864844799,0.0,0.003924376796931028,0.0,0.7021313905715942,0.013830531388521194,0.0,0.028949575498700142,0.010667652823030949,0.006818481255322695,0.011623110622167587,0.1489904820919037,0.06411923468112946,0.07071605324745178,0.1600440889596939,0.5270209312438965
1014,4,4,214,6666.32861328125,3754.364013671875,97.98928833007812,34.0,"DCIS_1, Myoepi_ACTA2+, CD8+_T_Cells",0.006915683392435312,0.0030936074908822775,0.06005359813570976,0.5220600962638855,0.019144542515277863,0.03019348904490471,0.0,0.009575972333550453,0.0017427144339308143,0.04190390557050705,0.001956214429810643,0.0024188689421862364,0.12316534668207169,0.05796736478805542,0.0003302386903669685,0.0,0.10085785388946533,0.00018434699450153857,0.0,0.018436046317219734,0.012190143577754498,0.20677296817302704,0.03717952221632004,0.023203853517770767,0.6097615957260132,0.035798415541648865,0.06313959509134293,0.011953786015510559
1015,2,2,74,5870.6142578125,4290.84228515625,189.371826171875,22.0,"Myoepi_KRT15+, Myoepi_ACTA2+, Macrophages_1",0.0,0.00032176412059925497,0.018976835533976555,0.0,0.03384985774755478,0.0010054828599095345,0.0,0.0,0.0,0.040698517113924026,0.0,0.0,0.2179989367723465,0.6273309588432312,0.0,0.0,0.04764581844210625,0.0,0.0,0.012171875685453415,0.02515912428498268,0.0722065195441246,0.578180730342865,0.05536654219031334,0.11247977614402771,0.14183616638183594,0.01433053519576788,0.0004407622618600726
1023,0,6,33,6480.890625,3892.69921875,74.95528411865234,33.0,"Stromal, Endothelial, Perivascular-Like",0.020677005872130394,0.006046808324754238,0.025093313306570053,0.029017435386776924,0.0015849366318434477,0.1715179830789566,0.0,0.0012024365132674575,0.012123300693929195,0.010745521634817123,0.0072110965847969055,0.0027033432852476835,0.022273875772953033,0.0,0.04669244959950447,0.0,0.6346814632415771,0.0021555600687861443,0.0,0.0062734829261898994,0.0025675175711512566,0.018004830926656723,0.033715132623910904,0.0327305793762207,0.12511779367923737,0.0670524314045906,0.6193184852600098,0.10149320214986801
1025,0,4,51,6510.99365234375,4861.29150390625,70.04790496826172,35.0,"Stromal, Endothelial, Macrophages_1",0.02453186735510826,0.007137558422982693,0.027403349056839943,0.15426138043403625,0.005955301690846682,0.14565007388591766,0.0010590683668851852,0.0015507797943428159,0.0,0.05202144756913185,0.0,0.0,0.09712424129247665,0.0,0.0,0.0,0.47461360692977905,0.006785579025745392,0.0,0.0019057305762544274,0.009397510439157486,0.042285166680812836,0.010742994025349617,0.031321700662374496,0.4815126955509186,0.1142839789390564,0.3007475435733795,0.009708401747047901
1027,4,4,59,6552.67236328125,4844.560546875,88.47750091552734,33.0,"DCIS_1, Myoepi_ACTA2+, Macrophages_1",0.004367941990494728,0.0007534495671279728,0.02809702791273594,0.6619816422462463,0.008816169574856758,0.06366683542728424,0.0,0.0052147177048027515,0.0,0.031738393008708954,0.0,0.0,0.08512451499700546,0.0010987864807248116,0.0,0.0,0.10322923958301544,0.005568045191466808,0.0,0.0003434366371948272,0.00852467492222786,0.13790889084339142,0.017117097973823547,0.0,0.5806999206542969,0.040896352380514145,0.2107454240322113,0.004107738845050335
1032,0,7,51,6678.5859375,4948.34228515625,37.93328857421875,47.0,"Stromal, B_Cells, Macrophages_2",0.1189146339893341,0.02094155363738537,0.014140568673610687,0.005051821935921907,0.00036263110814616084,0.05556934326887131,0.0,0.0,0.0025557430926710367,0.06586172431707382,0.046642448753118515,0.0,0.001846293918788433,0.0,0.006796758156269789,0.0,0.6096452474594116,0.0021679082419723272,0.0,0.04950329288840294,0.012464946135878563,0.0047826399095356464,0.0009561156039126217,0.10918743163347244,0.042747996747493744,0.1501678228378296,0.23820681869983673,0.44148626923561096
1040,4,4,42,6561.7880859375,4679.41064453125,81.00517272949219,24.0,"DCIS_1, Myoepi_KRT15+, Invasive_Tumor",0.0,0.0,0.028169946745038033,0.5167868733406067,0.0,0.0,0.0,0.11426669359207153,0.0,0.09235973656177521,0.0,0.0,0.020426515489816666,0.20670439302921295,0.0,0.0,0.0,0.0,0.0,0.021285895258188248,0.1505664736032486,0.31554752588272095,1.401298464324817e-45,0.002444935031235218,0.49444589018821716,0.036995161324739456,0.0,0.0
1041,6,6,44,5818.072265625,4483.39208984375,235.85861206054688,35.5,"CD4+_T_Cells, Endothelial, CD8+_T_Cells",0.002383213257417083,0.5372982025146484,0.11948060989379883,0.0,0.0,0.15641067922115326,0.0,0.0,0.06366194039583206,0.038780633360147476,0.0,0.0,0.0,0.0,0.005482042208313942,0.0,0.03466290608048439,0.0,0.0,0.041839778423309326,3.995418218494251e-09,0.0,0.0,0.13513410091400146,0.0,0.3443049192428589,0.5205609798431396,0.0
1042,0,7,38,6476.52978515625,5242.7607421875,1.418367624282837,14.0,"Stromal, Macrophages_2, Endothelial",0.02352701872587204,0.0,1.1794318766078504e-07,0.0,0.0,0.02999700978398323,0.0,0.0,0.0,3.0473883416703984e-09,0.1361539214849472,0.0,0.0,0.0,2.736233909672592e-05,0.0,0.8093078136444092,0.0,0.0,0.0009867965709418058,0.006648363079875708,0.0,0.0031893844716250896,0.07375255972146988,0.01260424219071865,0.03182998672127724,0.16222736239433289,0.7097480893135071
1044,0,5,71,7133.61083984375,798.7208862304688,39.28477096557617,48.0,"Stromal, CD8+_T_Cells, Macrophages_1",0.042747680097818375,0.0872814804315567,0.11744080483913422,0.0009342654375359416,0.0,0.04207734018564224,0.0,0.0,0.0,0.13293826580047607,0.017911473289132118,0.0,0.006486397236585617,0.0,0.0,0.0,0.4796375334262848,0.012673919089138508,0.0,0.059870801866054535,0.017620749771595,2.98756832594051e-42,0.011464432813227177,0.20168524980545044,0.04120398312807083,0.49222034215927124,0.12394867837429047,0.11185666173696518
1046,0,3,40,6846.6484375,271.90582275390625,1.6591744422912598,33.0,"Stromal, Unlabeled, Macrophages_2",0.0012687129201367497,0.0,0.005433238577097654,8.504872675985098e-05,7.837939847377129e-06,0.009203215129673481,0.0001514070900157094,0.018828557804226875,0.0,0.014936843886971474,0.030875176191329956,4.9119280447484925e-05,0.0,0.0,3.999226727557925e-09,0.0005225959466770291,0.8152459859848022,0.0,0.00949143711477518,0.09390086680650711,0.0776372030377388,0.0,0.01569250039756298,0.5306975841522217,0.07136641442775726,0.013590368442237377,0.1639559268951416,0.12706004083156586
1047,0,4,157,7225.25,1029.04443359375,48.92235565185547,62.0,"Stromal, Macrophages_1, Endothelial",0.015561776235699654,0.02232481725513935,0.09718078374862671,0.11070625483989716,0.001460172818042338,0.09123797714710236,0.0005234471173025668,0.0012289687292650342,0.0,0.09975910186767578,0.012776210904121399,0.0006400382844731212,0.08673810958862305,0.003949569072574377,0.0002166436897823587,0.0,0.35767653584480286,0.03253518417477608,0.0,0.06548438966274261,0.015840105712413788,0.02717839926481247,0.01550624892115593,0.10819589346647263,0.47921714186668396,0.14373649656772614,0.15242742002010345,0.05789840593934059
1049,4,4,120,7199.96337890625,925.6463012695312,93.45498657226562,61.0,"DCIS_1, Myoepi_ACTA2+, Macrophages_1",0.0009369319304823875,0.0019400286255404353,0.08167290687561035,0.39490947127342224,0.006706955377012491,0.023527711629867554,0.0,0.017597874626517296,0.0,0.11097946763038635,0.0,0.0,0.15417879819869995,0.060456279665231705,0.0035680404398590326,0.0,0.10151093453168869,0.015097137540578842,0.0,0.026917578652501106,0.07532615959644318,0.13345065712928772,0.035149216651916504,0.051186900585889816,0.5856414437294006,0.06133580952882767,0.05738040432333946,0.0005294354050420225
1053,0,3,95,7413.25146484375,734.6044311523438,61.61433029174805,60.0,"Stromal, Unlabeled, CD8+_T_Cells",0.05737369507551193,0.08097551017999649,0.13321207463741302,0.0,0.0,0.0681120753288269,0.0321170836687088,0.0,0.006406976841390133,0.10558726638555527,0.028298048302531242,0.0,0.0,0.0,0.0,0.0,0.3697959780693054,0.0,0.0,0.11812128126621246,0.008722400292754173,0.0,0.0007823818014003336,0.48322802782058716,0.006568399257957935,0.2114385962486267,0.124142125248909,0.1651180237531662
1058,3,6,87,7329.53857421875,154.22085571289062,14.275582313537598,34.0,"Endothelial, Stromal, Macrophages_1",0.0,0.0,0.013875341042876244,0.0,0.012459342367947102,0.5194953083992004,0.0,0.039904121309518814,0.0,0.06160321086645126,0.003174311714246869,0.02036888524889946,0.0,0.0,0.0,0.0006864861352369189,0.27191853523254395,0.008859324268996716,0.0,0.04765518754720688,0.10245747119188309,0.006633896846324205,0.027573971077799797,0.142416313290596,0.014518837444484234,0.020771296694874763,0.6191770434379578,0.06645126640796661
1061,6,3,33,7406.9580078125,865.205810546875,96.24745178222656,80.0,"Macrophages_1, CD8+_T_Cells, CD4+_T_Cells",0.02043572999536991,0.15142109990119934,0.1567714512348175,0.0,0.0,0.06722620874643326,0.0526912584900856,0.0,0.0607018917798996,0.1884545534849167,0.046768683940172195,0.001315611065365374,0.0,0.0,0.011565858498215675,0.0,0.15693530440330505,0.002803522627800703,0.0,0.08290881663560867,0.003965786658227444,0.0,0.0004778080910909921,0.41290387511253357,0.003807316767051816,0.2316666841506958,0.11672723293304443,0.23045134544372559
1062,6,5,34,7457.8994140625,851.58935546875,115.01921844482422,98.0,"CD8+_T_Cells, B_Cells, CD4+_T_Cells",0.11723171174526215,0.1291320025920868,0.19589796662330627,0.0,0.0,0.09988173842430115,0.0,0.0,0.09999579191207886,0.08712206780910492,0.05813423544168472,0.0,0.0,0.0,0.02963985502719879,0.0,0.09315087646245956,0.00832215417176485,0.0,0.08149157464504242,7.697066394030116e-06,0.0,3.0270730366765974e-10,0.2197273224592209,0.0017243525944650173,0.3155171871185303,0.2596665322780609,0.20335695147514343
1064,0,7,37,7442.40625,659.0439453125,55.657203674316406,24.0,"Stromal, Macrophages_2, Macrophages_1",0.04588872566819191,0.01224718801677227,0.05014849826693535,0.0,0.0,0.021948611363768578,0.0,0.0,0.0003666870470624417,0.05300351232290268,0.06744050979614258,0.0,0.0,0.0,0.0,0.0,0.729875922203064,0.0,0.0,0.019080428406596184,0.03779318928718567,0.0,0.003608807222917676,0.08794005215167999,0.015790719538927078,0.2671445608139038,0.11137279123067856,0.47634992003440857
1066,0,5,38,7364.4580078125,1005.8408813476562,42.052581787109375,59.5,"Stromal, Unlabeled, CD8+_T_Cells",0.03383639454841614,0.0907067134976387,0.12109913676977158,0.0001892320578917861,0.0,0.022494396194815636,0.0004015582671854645,0.0,0.0,0.04693148285150528,0.016161786392331123,0.0015567474765703082,0.0009336653747595847,0.0,0.0,0.0,0.4319199025630951,0.0357709676027298,0.0,0.1979980617761612,0.004723043646663427,0.0,0.0024896133691072464,0.17379669845104218,0.025477398186922073,0.5856679677963257,0.09498774260282516,0.11285743862390518
1068,4,1,69,7474.333984375,1134.0625,68.27824401855469,14.0,"DCIS_1, DCIS_2, Myoepi_ACTA2+",0.0,0.00019792579405475408,0.0003188763512298465,0.7312051653862,0.10679647326469421,0.012865467928349972,0.0,0.0,0.0,0.02055503986775875,0.0,0.0,0.0988437682390213,0.0011767566902562976,0.0,0.0,0.02374015562236309,0.0,0.0,0.004300347995012999,0.0017227893695235252,0.6305652260780334,0.18030498921871185,4.7874286486413275e-23,0.1654798537492752,0.006102347746491432,0.01499362476170063,0.0008313580183312297
1070,4,4,103,7444.66064453125,1257.48583984375,64.52042388916016,61.0,"DCIS_1, Myoepi_ACTA2+, Macrophages_1",0.006392630748450756,0.011147652752697468,0.032231081277132034,0.4609312415122986,0.0009268558351323009,0.052730441093444824,0.0,0.010219386778771877,0.0,0.08803752809762955,0.01105189323425293,0.0006295048515312374,0.15842878818511963,0.06150905042886734,0.0035585416480898857,0.0,0.07899058610200882,0.004370704293251038,0.0,0.018844110891222954,0.01641511730849743,0.07499531656503677,0.01167129073292017,0.023293159902095795,0.6237286329269409,0.08363422006368637,0.09092609584331512,0.07533614337444305
1079,6,5,37,7436.8642578125,979.8033447265625,136.47828674316406,61.0,"CD4+_T_Cells, CD8+_T_Cells, Stromal",0.04574757069349289,0.3393309414386749,0.2231496274471283,0.0,0.0,0.028805997222661972,0.01334299799054861,0.0,0.0,0.1122351586818695,0.030421573668718338,0.023868588730692863,0.0,0.0,0.0,0.0,0.14394088089466095,0.009234357625246048,0.0,0.02992229163646698,0.0012192593421787024,0.0,0.00017322930216323584,0.1533973515033722,0.0008787156548351049,0.43038854002952576,0.14755716919898987,0.2663857340812683
1088,6,5,88,7370.10595703125,1652.2354736328125,111.68695831298828,47.0,"CD4+_T_Cells, CD8+_T_Cells, Macrophages_1",0.015482466667890549,0.40696391463279724,0.18906527757644653,0.0,0.0,0.03876843675971031,0.0,0.0,0.024708939716219902,0.10951023548841476,0.0,0.0,0.0,0.0,0.045466646552085876,0.0,0.09477522224187851,0.0034935048315674067,0.0,0.07176538556814194,0.013957834802567959,0.0,0.0012924307957291603,0.22552776336669922,0.0032955522183328867,0.6437492966651917,0.11217712610960007,5.605193857299268e-45
1089,6,6,40,7346.22802734375,1704.870361328125,131.02247619628906,47.0,"CD4+_T_Cells, CD8+_T_Cells, Macrophages_1",0.01205364242196083,0.33028072118759155,0.21624985337257385,0.0,0.0,0.14101256430149078,0.0002597232232801616,0.0,0.0008812124142423272,0.09726311266422272,0.00034437590511515737,0.0,0.0,0.0,0.056884098798036575,0.0,0.07588999718427658,0.01104046031832695,0.0,0.057840220630168915,0.0018831861671060324,0.0,1.947882760566323e-34,0.11121843010187149,1.552303766955775e-30,0.38763147592544556,0.49023547768592834,0.009031476452946663
1091,3,6,44,7393.31298828125,1738.8597412109375,81.78638458251953,36.0,"Endothelial, CD4+_T_Cells, CD8+_T_Cells",0.0033754415344446898,0.22013093531131744,0.09431321173906326,0.0,0.0,0.4292179346084595,0.0007184406858868897,0.0,0.0,0.0971747636795044,0.0,0.0,0.0,0.0,0.04654989019036293,0.0,0.045615650713443756,0.0021657973993569613,0.0,0.06073795631527901,0.0003679920919239521,0.0,0.0,0.12598378956317902,0.00012816645903512836,0.350849449634552,0.5226706862449646,0.0
1093,6,5,95,7408.0498046875,1453.2987060546875,143.17483520507812,47.0,"CD4+_T_Cells, CD8+_T_Cells, Macrophages_1",0.060182396322488785,0.3716109097003937,0.17166773974895477,0.0009990409016609192,0.0,0.08221091330051422,0.006969677750021219,0.0,0.024210600182414055,0.1432143896818161,0.0038652934599667788,0.0,0.0,0.0,0.013764734379947186,0.0,0.06698458641767502,0.003001642879098654,0.0,0.05131809413433075,0.00048814035835675895,7.248150329732043e-33,1.5360164478385676e-33,0.2092997133731842,0.004932372365146875,0.5294760465621948,0.2105778157711029,0.04522590711712837
1097,0,5,85,7084.02294921875,1594.1824951171875,36.01165008544922,47.0,"Stromal, Macrophages_1, Endothelial",0.0383075587451458,0.05998107045888901,0.03474602848291397,0.0,0.0,0.08873618394136429,0.005575837567448616,0.015641450881958008,0.0020598380360752344,0.1002303883433342,0.020328691229224205,0.0,0.0,0.0,0.0005946453893557191,0.0,0.5721868276596069,0.018520042300224304,0.0,0.043091434985399246,0.03778103366494179,0.0,0.0016224232967942953,0.1208757609128952,0.00984110962599516,0.49187159538269043,0.20146013796329498,0.13654789328575134
1098,0,3,38,6920.60693359375,1748.5660400390625,5.007700443267822,22.0,"Stromal, B_Cells, Unlabeled",0.06487824767827988,0.0019464383367449045,0.031650904566049576,0.0,0.0,1.2073721336491872e-05,0.0,0.0,9.0206645836588e-05,0.025950703769922256,0.0029666416812688112,0.0,0.0,0.0,0.0,0.0,0.7879757881164551,9.496795246377587e-05,0.0,0.08443407714366913,0.043739717453718185,0.0,0.002560871886089444,0.5678184628486633,0.0195020604878664,0.19417515397071838,0.06700307875871658,0.10520073771476746
1099,0,7,85,6990.9853515625,1567.871337890625,8.241405487060547,60.0,"Stromal, B_Cells, Macrophages_1",0.08855720609426498,0.016601452603936195,0.061549294739961624,0.0042569017969071865,1.4786774045205675e-05,0.025550929829478264,0.006468524690717459,0.004385202191770077,0.0025974365416914225,0.07472684979438782,0.06247905269265175,0.0,0.001151782926172018,0.0,0.0004371287941467017,0.0,0.5920019745826721,0.010473400354385376,0.0,0.04874810576438904,0.01876174472272396,0.00181358284316957,0.004574199672788382,0.16995371878147125,0.03323164954781532,0.1733456701040268,0.11847300827503204,0.4798465967178345
1106,4,1,1073,6865.939453125,2611.701416015625,98.86959838867188,14.0,"DCIS_1, DCIS_2, Myoepi_KRT15+",0.0002611749805510044,0.00016398837033193558,0.006195937283337116,0.7056793570518494,0.14417892694473267,0.004980193916708231,0.0,0.01122751273214817,0.0,0.02453158050775528,7.293550879694521e-05,0.0,0.024081742390990257,0.043612461537122726,0.0,0.0,0.016135333105921745,0.0,0.000794688705354929,0.018085045740008354,0.0026427931152284145,0.7496894598007202,0.13353531062602997,0.004877020139247179,0.09647870063781738,0.0056165661662817,0.00674877455458045,0.0004113443137612194
1108,0,4,122,7165.8408203125,2626.60302734375,38.14661407470703,47.0,"Stromal, Endothelial, Macrophages_1",0.02699069119989872,0.011068356223404408,0.057324446737766266,0.09810387343168259,0.0025212543550878763,0.07416537404060364,0.0,0.0,0.0,0.05448649078607559,0.0169718898832798,0.0,0.10513649880886078,0.0004193075583316386,0.0015821612905710936,0.0,0.5173406600952148,0.00946528185158968,0.0,0.024423770606517792,0.002895493758842349,0.04087433964014053,0.01336965337395668,0.05173420533537865,0.630908727645874,0.09238360077142715,0.11932402849197388,0.04850989580154419
1110,0,7,85,7259.3662109375,2494.0205078125,16.42220115661621,33.0,"Stromal, B_Cells, Macrophages_2",0.11823936551809311,0.007990634068846703,0.03198845311999321,0.0004250957281328738,0.0,0.02750389464199543,0.0,0.0,0.0,0.020228207111358643,0.08357942849397659,0.020814601331949234,0.00015131456893868744,0.0,0.0015611936105415225,0.0,0.6684492826461792,0.007719243410974741,0.0,0.011349341832101345,0.019764414057135582,0.0,0.005657185800373554,0.10566141456365585,0.05319486930966377,0.17859508097171783,0.17346058785915375,0.4636664390563965
1112,0,6,133,7365.2998046875,2667.3974609375,11.277910232543945,14.0,"Stromal, Endothelial, Macrophages_1",0.014783227816224098,0.0033295878674834967,0.00439433753490448,0.0015638540498912334,0.0,0.1035543754696846,0.0,0.0,0.0,0.04951402172446251,0.014051355421543121,3.573443609639071e-05,0.002038253704085946,0.0,0.0,0.0,0.7897465229034424,0.0015264129033312201,0.00676174508407712,0.008700619451701641,0.027671221643686295,0.0,0.011173181235790253,0.09430991113185883,0.05061273276805878,0.08353052288293839,0.6458659172058105,0.08683665096759796
1113,4,1,716,7282.99462890625,2147.55126953125,92.31233978271484,16.0,"DCIS_1, Myoepi_KRT15+, Myoepi_ACTA2+",0.004050882998853922,0.0008027222938835621,0.007052551489323378,0.6944037675857544,0.054756734520196915,0.008550812490284443,0.0,0.014471561647951603,0.0,0.026876479387283325,0.0004383495543152094,0.0,0.05713370814919472,0.10805003345012665,0.0006651219446212053,0.0,0.008982003666460514,0.0,0.0010579527588561177,0.012707201763987541,0.008736243471503258,0.7113786339759827,0.08952019363641739,0.008204820565879345,0.1594831347465515,0.009172729216516018,0.012257684022188187,0.0012466908665373921
1114,4,4,762,7241.77880859375,2140.522705078125,80.94065856933594,22.5,"DCIS_1, Myoepi_ACTA2+, Myoepi_KRT15+",0.0091348672285676,0.0039033701177686453,0.017707569524645805,0.6620181202888489,0.003079465124756098,0.030290953814983368,0.0,0.007908344268798828,0.00028973043663427234,0.03779277950525284,0.0009051149245351553,0.0,0.09059746563434601,0.06308265030384064,0.003879781113937497,0.0,0.054655443876981735,0.000982174533419311,0.0007555552292615175,0.013016745448112488,0.014142640866339207,0.19756324589252472,0.010738573968410492,0.011191931553184986,0.6623852849006653,0.03872092813253403,0.05909750983119011,0.006160177756100893
1119,0,4,199,7171.15283203125,2162.697265625,50.26874542236328,46.0,"Stromal, Endothelial, Macrophages_1",0.03708217293024063,0.011676521971821785,0.02318747714161873,0.12444473803043365,0.0,0.08197987824678421,0.0,0.0009337865049019456,0.003221486695110798,0.051639292389154434,0.012498026713728905,0.0,0.10721829533576965,0.00015727888967376202,0.010031895712018013,0.0,0.5041022896766663,0.006109778769314289,0.0,0.025717059150338173,0.003378256456926465,0.01787186786532402,0.0004043133812956512,0.04168776050209999,0.6362823247909546,0.065597765147686,0.148942232131958,0.0858355388045311
1120,4,1,2253,7183.841796875,3257.968994140625,95.56444549560547,9.0,"DCIS_1, DCIS_2, Myoepi_KRT15+",0.00019989570137113333,0.0002224030322395265,0.0043634031899273396,0.7667423486709595,0.08637244254350662,0.0015993916895240545,0.0,0.016696427017450333,0.0,0.03363171964883804,0.0,0.0,0.015693871304392815,0.05781824141740799,0.0002207547368016094,0.0002785550314001739,0.007504594977945089,4.165813879808411e-05,0.0009038039715960622,0.007710193283855915,0.007812793366611004,0.7602507472038269,0.09078751504421234,0.002923041582107544,0.12820842862129211,0.005264483392238617,0.004641007632017136,0.00011240447929594666
1121,4,4,104,7444.185546875,3110.853271484375,98.4596176147461,23.0,"DCIS_1, Myoepi_KRT15+, Myoepi_ACTA2+",0.0,0.006878196727484465,0.013118828646838665,0.550893247127533,0.01270829513669014,0.00262887729331851,0.0,0.004926062189042568,0.0,0.022852126508951187,0.0,0.0,0.08369801938533783,0.26814740896224976,0.0,0.0,0.015602925792336464,0.0,0.009028024040162563,0.009517942555248737,0.0058714342303574085,0.3921161890029907,0.02020421251654625,0.0024947677738964558,0.5632168054580688,0.010922854766249657,0.0051737031899392605,0.0
1122,2,4,249,7252.23974609375,3136.4609375,114.00104522705078,24.0,"Myoepi_ACTA2+, Myoepi_KRT15+, DCIS_1",0.0,0.00445889076218009,0.028193935751914978,0.11706382036209106,0.0016683212015777826,0.015517034567892551,0.0,0.0018828629981726408,0.0,0.04295619949698448,0.0,0.0,0.2936323285102844,0.4496868848800659,0.013661500997841358,0.0,0.01452285423874855,0.0,0.00010366013157181442,0.016651572659611702,0.006225742865353823,0.26612433791160583,0.006619438994675875,0.008923059329390526,0.6192836165428162,0.03672288358211517,0.056100934743881226,0.0
1126,4,4,87,7389.14892578125,2846.900390625,82.31400299072266,35.0,"DCIS_1, Myoepi_ACTA2+, CD8+_T_Cells",0.00198110262863338,0.01613045297563076,0.06611145287752151,0.6398503184318542,0.018130170181393623,0.0016994709149003029,0.0,0.0,0.0,0.04344722256064415,0.005217547528445721,0.0,0.11080347001552582,0.0020811017602682114,0.0,0.0,0.04510058835148811,0.013893856666982174,0.010618947446346283,0.024934319779276848,0.005018895957618952,0.19883300364017487,0.020082548260688782,0.0232864860445261,0.6579182744026184,0.06250204145908356,0.012505984865128994,0.0198527779430151
1128,4,4,423,6969.4091796875,3374.55810546875,77.74478149414062,21.0,"DCIS_1, Myoepi_ACTA2+, Myoepi_KRT15+",0.0009731348254717886,0.0005724902730435133,0.01510382629930973,0.6803632974624634,0.01531369611620903,0.024704409763216972,0.0,0.01310732215642929,0.0,0.016014713793992996,0.0,0.0,0.11076357960700989,0.0481872595846653,0.0006682442035526037,0.0015032397350296378,0.06327086687088013,0.0,0.0019543629605323076,0.007499475497752428,0.018665118142962456,0.22557610273361206,0.04394012689590454,0.006307266652584076,0.6270138025283813,0.016583075746893883,0.06143607199192047,0.0004781963652931154
1131,3,6,111,7297.2939453125,3272.6494140625,22.190425872802734,34.0,"Endothelial, Perivascular-Like, Macrophages_1",0.02892218343913555,0.0011066454462707043,0.008252943865954876,0.0007033341098576784,0.0018515600822865963,0.46803903579711914,0.0,0.0,0.0,0.09980642795562744,0.004572648089379072,0.0,0.033554915338754654,0.005503669381141663,0.16055333614349365,0.0,0.1477518230676651,0.0,0.0,0.039381615817546844,0.02922891639173031,0.006379382219165564,0.025929270312190056,0.1325673907995224,0.052415598183870316,0.044601909816265106,0.6887482404708862,0.02012922801077366
1135,2,4,47,7209.20947265625,3355.47998046875,76.53306579589844,34.0,"Myoepi_ACTA2+, Myoepi_KRT15+, DCIS_1",0.0011565341847017407,0.0,0.0050900839269161224,0.1284579038619995,0.0,0.004707202315330505,0.0,0.0,0.0,0.06766919046640396,0.0,0.0,0.28759488463401794,0.38049477338790894,0.0385269895195961,0.0,0.044918399304151535,0.0,0.0,0.04138410463929176,0.0169697143137455,0.19920489192008972,0.0008422305691055954,0.07077149301767349,0.6436180472373962,0.03470756486058235,0.029235810041427612,0.004650241695344448
1137,0,7,357,6936.45361328125,4214.13037109375,56.37036895751953,34.0,"Stromal, B_Cells, Macrophages_2",0.11854873597621918,0.014493092894554138,0.012061873450875282,0.0011773915030062199,6.964254134800285e-05,0.06974770873785019,0.0,0.0,0.0,0.03684236854314804,0.07917643338441849,0.009292799979448318,0.0017083983402699232,0.0,0.008606323972344398,0.0,0.6176439523696899,0.0001098698703572154,0.0,0.030521681532263756,0.01022400427609682,0.00041495062760077417,0.0037924691569060087,0.1447506994009018,0.033355068415403366,0.11962343752384186,0.21393972635269165,0.4738996624946594
1139,0,3,256,7051.10986328125,4643.6650390625,8.291614532470703,34.0,"Stromal, Unlabeled, Macrophages_1",0.038637179881334305,0.02485162764787674,0.01633862406015396,0.017611753195524216,0.0002288560790475458,0.04386644810438156,0.023423118516802788,0.00354822538793087,0.0010356365237385035,0.05050523579120636,0.03925805911421776,0.003186746034771204,0.005877898074686527,0.0,0.0026673409156501293,0.0,0.6533672213554382,0.003144653048366308,0.0014508645981550217,0.07100052386522293,0.02181215211749077,0.0005023227422498167,0.007449927739799023,0.49804744124412537,0.10837376117706299,0.06423193961381912,0.1372126191854477,0.162369966506958
1140,0,6,70,6986.55712890625,4359.1279296875,70.71290588378906,24.5,"Stromal, Endothelial, B_Cells",0.08058653771877289,0.001688606571406126,0.0003818687691818923,0.0012863078154623508,0.0,0.10869816690683365,0.0,0.0002674531424418092,0.0,0.02615896612405777,0.04086270555853844,0.013650430366396904,0.006400752812623978,0.0,0.0,0.0,0.6944317817687988,0.0,0.0,0.02558637596666813,0.013667849823832512,0.0,0.010463056154549122,0.17383870482444763,0.03723706305027008,0.07664982974529266,0.4981269836425781,0.19001659750938416
1142,4,4,32,7424.33203125,3539.2568359375,64.39579010009766,3.0,"DCIS_1, B_Cells, CD4+_T_Cells",0.0,0.0,0.0006091758841648698,0.985194742679596,0.0,0.0,0.0,0.0005910393665544689,0.0,0.013605074025690556,0.0,0.0,0.0,0.0,0.0,0.0,0.0,0.0,0.0,0.0,0.0014761820202693343,0.3443777859210968,0.0,0.0,0.6535996198654175,0.0005462637636810541,0.0,0.0
1144,4,1,344,7400.9326171875,5159.71923828125,69.89883422851562,14.0,"DCIS_1, DCIS_2, Myoepi_KRT15+",0.0,0.0011021665995940566,0.00949083361774683,0.7472789883613586,0.07441741228103638,0.002297050319612026,0.0,0.03491377830505371,0.0,0.02164454385638237,0.0,0.0,0.0348021499812603,0.05023936927318573,0.0,0.0,0.0033002831041812897,0.0,0.0012120766332373023,0.01930174231529236,0.008089718408882618,0.7461941838264465,0.07592921704053879,0.0032500021625310183,0.15465079247951508,0.006595977582037449,0.0052856821566820145,4.535078460321529e-06
1146,4,4,211,7269.31005859375,5073.248046875,60.60717010498047,32.0,"DCIS_1, Myoepi_ACTA2+, Macrophages_1",0.001877729780972004,0.0026338803581893444,0.01204512920230627,0.6533214449882507,0.023873234167695045,0.0348559133708477,0.0,0.0028844457119703293,0.0,0.041833989322185516,0.0,0.0,0.11669767647981644,0.007315047550946474,0.0,0.0,0.0942150205373764,0.0009314846247434616,0.0023306286893785,0.005184499081224203,0.015012064017355442,0.21416734158992767,0.05865580961108208,0.014469759538769722,0.6009965538978577,0.029468197375535965,0.06527680903673172,0.0019536069594323635
1148,0,3,62,7348.05419921875,4861.6845703125,38.21673583984375,46.0,"Stromal, Unlabeled, Macrophages_1",0.07671844214200974,0.010099045000970364,0.038929179310798645,0.0021797085646539927,0.0,0.07653132826089859,0.016514085233211517,0.0,0.0,0.0783921405673027,0.018949786201119423,0.0001285473263124004,0.0038420020136982203,0.0,6.15603057667613e-05,0.0,0.6064441204071045,0.0,0.0,0.0712100937962532,0.0009090158855542541,0.0,0.006172094028443098,0.4596474766731262,0.0664491131901741,0.12703491747379303,0.17381905019283295,0.16596834361553192
1150,0,4,42,7433.71484375,4995.40283203125,55.9029541015625,46.0,"Stromal, Endothelial, Myoepi_ACTA2+",0.005784350913017988,0.021044505760073662,0.005262105725705624,0.16288483142852783,0.011974380351603031,0.10289034247398376,0.0,0.0,0.0,0.033527225255966187,0.0015363313723355532,0.0,0.13556568324565887,0.0,0.0,0.0,0.5013359785079956,0.0,0.0,0.01819431595504284,0.00029083009576424956,0.14114177227020264,0.0474185012280941,0.06430217623710632,0.5027540922164917,0.0677388459444046,0.1666802316904068,0.009673599153757095
1156,0,4,41,7115.3203125,5028.7353515625,49.117271423339844,35.0,"Stromal, Myoepi_ACTA2+, Endothelial",0.016321741044521332,0.004671446979045868,0.012034702114760876,0.12364555150270462,0.017814723774790764,0.08983317762613297,0.0,0.0,0.0,0.08364640176296234,0.001917554996907711,0.0,0.12323074787855148,0.0,0.0,0.0,0.5229337215423584,0.0,0.0,0.003950166516005993,0.00825429055839777,0.11946079134941101,0.06758386641740799,0.04474465548992157,0.44650378823280334,0.10550981760025024,0.17295634746551514,0.034986454993486404
1158,4,1,322,7093.68408203125,5345.87890625,93.96237182617188,24.0,"DCIS_1, DCIS_2, Myoepi_ACTA2+",0.00014744407963007689,0.0015421141870319843,0.0034494681749492884,0.6104277968406677,0.1535947620868683,0.0052539571188390255,0.0001267645275220275,0.019045613706111908,0.0,0.011512353084981441,0.0008547600591555238,0.0,0.08462187647819519,0.06244239583611488,0.0011836212361231446,0.0,0.027881501242518425,0.00016345121548511088,0.0004698415577877313,0.017282431945204735,0.007487771566957235,0.6463606357574463,0.18290071189403534,0.008655354380607605,0.12877672910690308,0.007747606374323368,0.014306951314210892,0.0037644130643457174
1164,4,4,40,7422.03271484375,5249.2763671875,143.236328125,35.0,"DCIS_1, Myoepi_ACTA2+, Myoepi_KRT15+",0.004931003786623478,0.015364068560302258,0.03370247408747673,0.37448814511299133,0.0057073356583714485,0.013905281201004982,0.0,0.0231365617364645,0.0,0.05432307720184326,0.0,0.0,0.19972679018974304,0.19739098846912384,0.0,0.0,0.0417514406144619,0.0,0.0,0.03557281941175461,0.01209720503538847,0.24476750195026398,0.02728123404085636,0.00986491423100233,0.6210983991622925,0.06197960302233696,0.020526757463812828,0.002384409075602889
1165,2,4,37,7400.494140625,5269.49951171875,110.65409088134766,46.0,"Myoepi_ACTA2+, DCIS_1, Endothelial",0.004741931799799204,0.003281849203631282,0.007631413172930479,0.3003891706466675,0.016870683059096336,0.03887702524662018,0.0025005259085446596,0.0008699651225470006,0.0,0.030477169901132584,0.0,0.0,0.4059556722640991,0.030874129384756088,0.0,0.0,0.13868533074855804,0.0,0.0,0.018845073878765106,0.006254206411540508,0.17024356126785278,0.0826321467757225,0.03722330182790756,0.6028963327407837,0.02326754666864872,0.07403779774904251,0.0034452201798558235
1166,0,4,49,7373.4794921875,5307.0546875,33.38679122924805,47.0,"Stromal, Unlabeled, B_Cells",0.028086170554161072,0.008220167830586433,0.019295785576105118,0.14776918292045593,0.009588850662112236,0.08644266426563263,0.007413493935018778,0.00030250311829149723,0.0,0.030008435249328613,0.0,0.0,0.15491074323654175,0.0065303067676723,0.0,0.0,0.4288625419139862,0.0017203132156282663,0.0,0.07084881514310837,0.007596265524625778,0.058715417981147766,0.057555995881557465,0.13090188801288605,0.514336884021759,0.057974301278591156,0.1707046627998352,0.0022145758848637342
1191,0,5,36,7422.13037109375,2447.0029296875,25.77268409729004,23.0,"Stromal, B_Cells, Macrophages_2",0.15881699323654175,0.06426892429590225,0.014683481305837631,2.7617329578788485e-06,0.0,0.062470853328704834,0.0,0.0,0.0,0.012892651371657848,0.03854766860604286,0.0,0.00038023380329832435,0.0,0.0,0.0,0.6225959658622742,0.004441388882696629,0.0,0.020899154245853424,0.0013958764029666781,0.0,0.001698833773843944,0.07551859319210052,0.01682072877883911,0.5075383186340332,0.2580079436302185,0.13901978731155396
1204,5,0,97,614.4190063476562,422.6246337890625,128.02783203125,14.0,"DCIS_2, Invasive_Tumor, Prolif_Invasive_Tumor",0.0,0.0,0.00021830722107551992,0.0,0.5985269546508789,0.0013293393421918154,0.0,0.291340172290802,0.0,0.005730163771659136,0.0,0.0,0.013701626099646091,0.0,0.0017281901091337204,0.05015218257904053,0.000966592866461724,0.0,0.011291398666799068,0.025015071034431458,0.5499022006988525,0.05152171105146408,0.3797723948955536,0.016099173575639725,0.0002154081012122333,0.0001602994598215446,0.0023288829252123833,0.0
1206,5,1,90,730.9307861328125,139.71986389160156,148.7169189453125,15.0,"DCIS_2, Invasive_Tumor, Myoepi_ACTA2+",0.0,0.0,0.00021459342679008842,0.033299244940280914,0.6241977214813232,0.0,0.0,0.2447740137577057,0.0,0.01648932509124279,0.0,0.0,0.06987737864255905,0.0,0.0,0.004542690701782703,0.0,0.0,0.0,0.00660494901239872,0.115829236805439,0.5381942391395569,0.3410261571407318,0.0007923105731606483,0.004158145282417536,1.401298464324817e-45,0.0,0.0
1212,1,0,69,501.62255859375,690.8535766601562,128.3689727783203,8.0,"Invasive_Tumor, DCIS_2, Prolif_Invasive_Tumor",0.0,0.0,0.0,0.0,0.3378788232803345,0.0,0.0,0.6124393939971924,0.0,0.006880853790789843,0.0,0.0,0.00025123791419900954,0.0,0.0,0.038361236453056335,0.0,0.0,0.0,0.004188235383480787,0.5717408657073975,0.03208461031317711,0.3826166093349457,0.013558033853769302,0.0,0.0,0.0,0.0
1214,1,2,80,491.54962158203125,677.6533203125,121.32838439941406,14.0,"Invasive_Tumor, DCIS_2, Myoepi_ACTA2+",0.0,0.00042787520214915276,0.00017909661983139813,0.0,0.32951778173446655,0.00022854970302432775,0.0,0.5599683523178101,0.0,0.00395645247772336,0.00023363511718343943,0.0,0.0725238174200058,0.0,0.0,0.014063520357012749,0.014153003692626953,0.0,0.0,0.004747881554067135,0.30166441202163696,0.02160416729748249,0.6689568758010864,0.006108162924647331,3.1851998403779376e-29,0.0005229351809248328,0.0004063189553562552,0.0007369616650976241
1216,2,2,66,526.4282836914062,573.022216796875,117.49266052246094,46.0,"Myoepi_ACTA2+, Stromal, Endothelial",0.0,0.007999373599886894,0.010502735152840614,0.0,0.2126423865556717,0.11823979020118713,0.0,0.06770535558462143,0.0,0.05604773759841919,0.0,0.008722873404622078,0.3266701102256775,0.0,0.0,0.0061004916206002235,0.1717340350151062,0.0,0.0,0.013635076582431793,0.17074266076087952,0.008060659281909466,0.5571936368942261,0.005007526371628046,0.004485548939555883,0.05119991675019264,0.20293842256069183,0.0003715878410730511
1228,1,2,145,537.2244873046875,446.8418884277344,117.60728454589844,4.0,"Invasive_Tumor, DCIS_2, Myoepi_ACTA2+",0.0,0.0025855943094938993,0.00026755075668916106,0.001559518277645111,0.37845104932785034,0.00422179838642478,0.0,0.5625447630882263,0.0,0.0018492517992854118,0.0,0.0,0.029564836993813515,0.0,0.0,0.005149296950548887,0.008032938465476036,0.0,0.000498022825922817,0.005275311414152384,0.2918371558189392,0.055767908692359924,0.6328341364860535,0.0018526792991906404,0.00012720849190372974,0.004924234468489885,0.012656797654926777,0.0
1235,1,0,62,470.14190673828125,480.0096435546875,126.22329711914062,8.0,"Invasive_Tumor, DCIS_2, Prolif_Invasive_Tumor",0.0,0.0,0.00021395810472313315,0.007558321114629507,0.34443897008895874,0.0008429273730143905,0.0,0.5747145414352417,0.0,0.00870906189084053,0.0,0.0,0.01496609952300787,0.0,0.0,0.045357272028923035,0.0015011893119663,0.0,0.0,0.0016977445920929313,0.6345165967941284,0.05140446498990059,0.31193679571151733,0.0,7.951338193379343e-05,3.663167727103949e-20,0.002062479965388775,0.0
1245,0,6,33,494.64678955078125,258.2992858886719,27.024951934814453,60.0,"Stromal, Endothelial, Macrophages_2",0.03225244581699371,0.0323021300137043,0.025805434212088585,0.0,0.008832545019686222,0.16634982824325562,0.0,0.016121136024594307,0.0,0.03179900720715523,0.033044423907995224,0.0,0.038326531648635864,0.0,0.02914459817111492,0.0,0.5570775866508484,0.0,0.000632691546343267,0.028311647474765778,0.06796681880950928,0.0022963618393987417,0.09412148594856262,0.07951048761606216,0.005588308908045292,0.05151667818427086,0.5004804134368896,0.1985194832086563
1262,1,2,31,648.4910888671875,78.18379211425781,132.55130004882812,8.0,"Invasive_Tumor, DCIS_2, Myoepi_ACTA2+",0.0,0.0,0.0,0.0,0.37968355417251587,0.003999828826636076,0.0,0.46803006529808044,0.0,0.02256789617240429,0.0,0.0,0.06768254190683365,0.0,0.004517066292464733,0.01460161991417408,0.022546645253896713,0.0,0.0,0.01637079566717148,0.2690075933933258,0.07688284665346146,0.6164853572845459,0.015463397838175297,0.00043924947385676205,0.0,0.02172166295349598,3.894209121835246e-10
1297,1,6,49,245.57591247558594,235.86732482910156,157.17568969726562,24.0,"Invasive_Tumor, Stromal, Endothelial",0.0,0.0,0.02295399270951748,0.0,0.0,0.1329902559518814,0.0,0.633701503276825,0.0,0.05801895633339882,0.0,0.0,0.0,0.0,0.0,0.031074756756424904,0.10850626230239868,0.0,0.009542027488350868,0.003212304087355733,0.35306069254875183,0.0002065229055006057,9.818068065214902e-05,0.02025340311229229,0.0006066826172173023,0.06392942368984222,0.561845064163208,0.0
1305,0,5,30,254.3131561279297,662.2694702148438,147.3651123046875,47.0,"Stromal, CD4+_T_Cells, Macrophages_1",0.0,0.1979425549507141,0.08857157081365585,0.0,0.0,0.08030644059181213,0.0,0.09393893927335739,0.0,0.0903409942984581,0.0,0.0,0.0,0.0,0.0013585375854745507,0.0,0.3859342932701111,0.01041215006262064,0.0018767493311315775,0.04931776598095894,0.1598421037197113,0.0001049175116349943,2.3757014161707257e-27,0.10974433273077011,0.0001705722970655188,0.4938333332538605,0.23630481958389282,0.0
1310,1,6,37,147.79428100585938,545.1243286132812,80.34683990478516,23.0,"Invasive_Tumor, Macrophages_1, Stromal",0.0,0.0,0.012162469327449799,0.0,0.0,0.11154015362262726,0.0,0.6573087573051453,0.0,0.07952944934368134,0.0,0.0,0.0,0.0,0.009702017530798912,0.01893257535994053,0.10088751465082169,0.0,0.0010320391738787293,0.008905023336410522,0.3541436791419983,0.0,0.0008549643098376691,0.024753715842962265,0.0033026915043592453,0.04289307817816734,0.5739069581031799,0.00014483988343272358
1359,7,2,31,748.0614624023438,991.4476318359375,436.34332275390625,9.0,"Unlabeled, Invasive_Tumor, DCIS_2",0.0,0.0,0.0,0.003659625304862857,0.264401376247406,0.0,0.0,0.2134445607662201,0.0,0.0,0.0,0.0,0.0,0.0,0.0,0.0,0.006165692117065191,0.0,0.0,0.5123288035392761,0.0,0.06014719232916832,0.9398528933525085,0.0,0.0,0.0,0.0,0.0
1361,3,6,48,544.9462890625,1153.2578125,34.550628662109375,35.5,"Endothelial, Stromal, Unlabeled",0.013372191227972507,0.05307557061314583,0.057373207062482834,0.0,0.026788145303726196,0.4741112291812897,0.00046838834532536566,0.0,0.0012002518633380532,0.02038004621863365,0.0,0.0,0.054681893438100815,0.0,0.005141727160662413,0.0,0.23354268074035645,0.0007660138071514666,0.0037922337651252747,0.05530640110373497,0.010659162886440754,7.717924666446766e-27,0.1154681146144867,0.15230625867843628,0.015089941211044788,0.17646266520023346,0.5284596681594849,0.0015542758628726006
1362,0,6,40,541.9137573242188,1161.13916015625,50.432979583740234,36.0,"Stromal, CD8+_T_Cells, Unlabeled",0.053368616849184036,0.055025406181812286,0.07710371166467667,0.0,0.03479328006505966,0.2106829434633255,0.0006487779901362956,0.0,0.0,0.07609711587429047,0.0,0.003281127195805311,0.05473599582910538,0.0,0.007040475495159626,0.0,0.3807380795478821,0.005668187979608774,0.0038472891319543123,0.03696902468800545,0.010740634985268116,1.2328018166908637e-27,0.08880637586116791,0.09642063826322556,0.011037291958928108,0.2576969265937805,0.5312010049819946,0.004097193479537964
1363,5,6,31,629.84375,1180.530029296875,130.86724853515625,33.0,"DCIS_2, Myoepi_ACTA2+, Stromal",0.0006579729379154742,0.0,0.0018183613428846002,0.0,0.4744938313961029,0.09195422381162643,0.0,0.006951554212719202,0.0,0.029025593772530556,0.0,0.0,0.25261563062667847,0.0,0.013209082186222076,0.0,0.12430256605148315,0.0,0.0,0.004971207119524479,0.019670002162456512,0.0,0.3823985159397125,0.023797819390892982,0.010225408710539341,0.016406096518039703,0.5475022196769714,1.7000105096083496e-31
1376,6,7,30,666.569091796875,1354.0325927734375,238.65786743164062,48.0,"CD4+_T_Cells, Macrophages_1, CD8+_T_Cells",0.0667322650551796,0.47607937455177307,0.11963006108999252,0.0,0.0,0.0030015299562364817,0.0,0.0,0.0,0.11452604085206985,0.047308292239904404,0.0,0.0,0.0,0.0,0.0,0.1199762150645256,0.0,0.0,0.0527462437748909,4.6853822904813214e-11,0.0,1.401298464324817e-45,0.08109764754772186,1.401298464324817e-45,0.3830682933330536,0.020265696570277214,0.5155683159828186
1393,7,1,81,695.5610961914062,1032.656494140625,344.9679870605469,45.0,"Unlabeled, DCIS_2, Invasive_Tumor",0.01097519788891077,0.0,0.0,0.04785829037427902,0.1700785756111145,0.0,0.0,0.10825131088495255,0.0,0.038188252598047256,0.0,0.0,0.0149050522595644,0.03974691033363342,0.0,0.0,0.01728217676281929,0.0,0.0,0.5527142882347107,0.029268203303217888,0.6951457262039185,0.26214808225631714,0.001946519361808896,0.0008653273689560592,0.010421978309750557,0.00020426388073246926,0.0
1394,7,0,51,712.8576049804688,1003.9255981445312,473.7015075683594,14.0,"Unlabeled, Invasive_Tumor, DCIS_2",0.0,0.0,0.0,0.016773125156760216,0.05932307243347168,0.0,0.0,0.13608497381210327,0.0,0.005020827520638704,0.0,0.0,0.008687376976013184,0.004155241884291172,0.0,0.0,0.0005818181671202183,0.0,0.0,0.7693734765052795,0.0,0.0,0.0,0.0,0.0,0.0,0.0,0.0
1396,7,1,57,726.542724609375,984.670654296875,475.8179626464844,15.0,"Unlabeled, Invasive_Tumor, DCIS_2",0.0,0.0,0.0,0.032504063099622726,0.14709167182445526,0.0,0.0,0.1563979536294937,0.0,0.0,0.0,0.0,0.002665727399289608,0.012459068559110165,0.0,0.0,0.0,0.0,0.0,0.6488815546035767,0.0,0.7781039476394653,0.22189614176750183,0.0,0.0,0.0,0.0,0.0
1400,7,1,38,563.0552978515625,987.9752197265625,348.33990478515625,24.0,"Unlabeled, Invasive_Tumor, DCIS_2",0.0,0.0,0.01383559312671423,0.07424362748861313,0.2442166656255722,0.0,0.0,0.14303354918956757,0.0,0.0026278242003172636,0.0,0.0,0.00638190284371376,0.0,0.0,0.0,0.0189268309623003,0.0,0.0,0.49673402309417725,0.0,0.6643235087394714,0.18056628108024597,0.0,0.15511012077331543,0.0,0.0,0.0
1401,6,7,188,284.926025390625,1135.785400390625,120.25732421875,62.0,"CD4+_T_Cells, Macrophages_1, CD8+_T_Cells",0.12645991146564484,0.2641311287879944,0.12235857546329498,0.0,0.0,0.043403636664152145,0.0019921513739973307,0.006327371578663588,0.003096560947597027,0.14820995926856995,0.08749288320541382,0.0039097960107028484,5.566272375290282e-05,0.0,0.003850506618618965,0.0,0.12068251520395279,0.004361062776297331,0.007976898923516273,0.055691421031951904,0.020831773057579994,7.467944318495512e-11,0.00016422505723312497,0.11713443696498871,0.0001437337341485545,0.31295204162597656,0.10543781518936157,0.44333600997924805
1408,7,2,55,667.2147827148438,1008.2368774414062,356.22271728515625,24.0,"Unlabeled, DCIS_2, Macrophages_1",0.003533056005835533,0.0,0.0,0.0017621443839743733,0.2476876676082611,0.0,0.0,0.07716598361730576,0.0,0.08240433782339096,0.0,0.0,0.020853722468018532,0.025606006383895874,0.0,0.0003172544820699841,0.009661374613642693,0.0,0.0,0.5310084223747253,0.04824163392186165,0.045451171696186066,0.8997562527656555,0.002778399735689163,0.0,0.003772315103560686,0.0,0.0
1423,1,6,85,436.6115417480469,1524.886962890625,93.83540344238281,34.0,"Invasive_Tumor, Endothelial, Stromal",0.004718063864856958,0.015137006528675556,0.0003308372979518026,0.0,0.0,0.15287716686725616,0.0,0.5268981456756592,0.0,0.08064153790473938,0.0,0.0,0.0,0.0,0.0,0.015094218775629997,0.15629039704799652,0.00030821573454886675,0.0057854377664625645,0.04191897436976433,0.28043678402900696,0.0006422073347494006,0.0011798525229096413,0.0727640837430954,0.00019771956431213766,0.07528556138277054,0.5640631318092346,0.005430455785244703
1491,5,2,54,190.0525360107422,1541.721923828125,90.93318176269531,9.0,"DCIS_2, Invasive_Tumor, Myoepi_ACTA2+",0.0,0.0,0.0,0.0,0.6021350026130676,0.0025717902462929487,0.0,0.158662810921669,0.0,0.0029085923451930285,0.0,0.0,0.21406899392604828,0.0,0.0,0.0,0.019652845337986946,0.0,0.0,0.0,0.1617613136768341,1.6253219214945602e-08,0.8011576533317566,0.0,0.006427793763577938,0.0012427369365468621,0.028872966766357422,0.0005376502522267401
1495,0,6,32,150.5623779296875,1296.41796875,68.454833984375,36.0,"Stromal, Endothelial, Macrophages_1",0.02691853605210781,0.093939408659935,0.07007040083408356,0.0,0.006731843575835228,0.13418924808502197,0.0,0.0,0.0,0.06693701446056366,0.005018335767090321,0.0024735978804528713,0.10577186942100525,0.0,0.0027746236883103848,0.0,0.47040805220603943,0.002521162386983633,0.0,0.012245910242199898,0.005682562477886677,0.0,0.12575754523277283,0.07786548137664795,0.03741348907351494,0.21755020320415497,0.5096248984336853,0.026105836033821106
1510,6,5,72,229.87701416015625,1105.009765625,156.78317260742188,63.5,"Macrophages_1, CD4+_T_Cells, CD8+_T_Cells",0.09099932760000229,0.19212740659713745,0.12661553919315338,0.0,0.0,0.029935117810964584,0.01216996368020773,0.011170272715389729,0.0,0.22819297015666962,0.053556013852357864,0.0,0.0,0.0,0.00761363236233592,0.0,0.14562979340553284,0.02309863641858101,0.013370579108595848,0.0655207708477974,0.029403934255242348,0.0,4.120285630905924e-37,0.12812934815883636,6.102148943388957e-39,0.4563005864620209,0.0730287954211235,0.31313738226890564
1603,6,0,37,388.51824951171875,2232.058349609375,181.98426818847656,78.0,"Macrophages_1, CD8+_T_Cells, Unlabeled",0.038174714893102646,0.14218966662883759,0.18409912288188934,0.0,0.0,0.029757261276245117,0.008701029233634472,0.12797987461090088,0.0,0.2708534598350525,0.0,0.0,0.0,0.0,0.0025501823984086514,0.041005466133356094,0.04117199033498764,0.015840768814086914,0.014492571353912354,0.08318393677473068,0.5113416314125061,0.0,1.401298464324817e-45,0.09553995728492737,1.401298464324817e-45,0.3200860023498535,0.07303246110677719,0.0
1604,6,5,735,328.9918518066406,2055.954833984375,198.88467407226562,60.0,"CD4+_T_Cells, Macrophages_1, CD8+_T_Cells",0.07837115228176117,0.30425092577934265,0.15550613403320312,0.0,0.0008668643422424793,0.05412150174379349,0.006894644815474749,0.028359249234199524,0.0037930079270154238,0.1763390153646469,0.007387569174170494,0.0,0.0008584932656958699,0.0,0.006822617258876562,0.00013848762318957597,0.11535292863845825,0.008863674476742744,0.0069998279213905334,0.045073628425598145,0.08467748016119003,2.529029552533757e-05,0.0015269283903762698,0.14136096835136414,0.001674878178164363,0.582947850227356,0.14597028493881226,0.04181663691997528
1606,0,5,47,346.8229675292969,2378.716552734375,127.79467010498047,47.0,"Stromal, Macrophages_1, CD8+_T_Cells",0.022385619580745697,0.09595626592636108,0.13360849022865295,0.0,0.0,0.034632351249456406,0.006651105359196663,0.01828807033598423,0.0,0.23265984654426575,0.0,0.015865419059991837,0.011150583624839783,0.0,0.0,0.0004711923247668892,0.35613107681274414,0.01914169453084469,0.0,0.05305827036499977,0.06998152285814285,0.00012944385525770485,0.02681669220328331,0.16018162667751312,0.01961510069668293,0.5597513318061829,0.16352425515651703,1.961817850054744e-44
1628,6,3,34,412.3670959472656,2008.5206298828125,238.44247436523438,78.0,"CD4+_T_Cells, CD8+_T_Cells, Stromal",0.08917389065027237,0.3070569634437561,0.14601388573646545,0.0,0.0,0.015744173899292946,0.03224543482065201,0.051682811230421066,0.020427746698260307,0.07029125839471817,0.0,0.0,0.0,0.0,0.0,0.0,0.1308687925338745,0.0,0.03311183676123619,0.10338319838047028,0.12285371124744415,0.0,1.4934440403097105e-12,0.5235079526901245,0.00015143293421715498,0.32582995295524597,0.02765703946352005,2.802596928649634e-45
1650,6,6,33,370.34228515625,1927.873046875,175.06300354003906,46.0,"CD4+_T_Cells, CD8+_T_Cells, Endothelial",0.014895746484398842,0.41285452246665955,0.1706063598394394,0.0,0.0,0.12870396673679352,0.0,0.0,0.0,0.082173652946949,0.000753782398533076,0.0,0.0,0.0,0.0,0.0,0.1354260891675949,0.012113464064896107,0.0,0.042472485452890396,1.401298464324817e-45,0.0,1.401298464324817e-45,0.02080548368394375,0.0,0.37725481390953064,0.5911865830421448,0.010753178969025612
1662,2,2,196,185.5458526611328,2354.274658203125,115.59417724609375,34.0,"Myoepi_ACTA2+, DCIS_2, Stromal",0.001704332185909152,0.0060127126052975655,0.029482688754796982,0.0029727648943662643,0.21039454638957977,0.03131966292858124,0.0,0.00031005905475467443,0.000991125009022653,0.07845208793878555,0.0,0.0,0.4336784780025482,0.05192996934056282,0.0030686580576002598,0.0,0.12837842106819153,0.0063205016776919365,0.0,0.01498390082269907,0.002375278389081359,0.024872496724128723,0.8063440322875977,0.022870762273669243,0.0025923606008291245,0.06913454085588455,0.071217380464077,0.0005931777996011078
1668,0,5,42,268.1508483886719,2228.293212890625,121.30072021484375,60.0,"Stromal, Macrophages_1, CD8+_T_Cells",0.02177397906780243,0.1132570207118988,0.11046215146780014,0.0009100358001887798,0.0006988561945036054,0.020304424688220024,0.0,0.04271942377090454,0.0,0.1659763604402542,0.0,0.0,0.027177095413208008,0.0,0.011912273243069649,0.0026445670519024134,0.4007566571235657,0.037610042840242386,0.0,0.0437970831990242,0.10437703132629395,0.0,0.0397796556353569,0.07088591158390045,0.036289460957050323,0.6455345153808594,0.1031334176659584,1.1184752679582743e-08
1676,6,2,32,90.09285736083984,2375.83349609375,148.25555419921875,79.0,"CD8+_T_Cells, CD4+_T_Cells, Macrophages_1",0.030491119250655174,0.18583060801029205,0.20739774405956268,0.0,0.07502586394548416,0.048443879932165146,0.0,0.0,0.022742174565792084,0.13922008872032166,0.0,0.0027215140871703625,0.13433867692947388,0.0,0.0,0.0,0.10054030269384384,0.03314788267016411,0.0,0.020100144669413567,4.124158913682008e-12,1.401298464324817e-45,0.6163102388381958,0.008764768950641155,0.005626388359814882,0.26938989758491516,0.09990864247083664,4.9104921207634337e-29
1680,1,0,118,244.5247344970703,2088.366943359375,58.98744201660156,23.0,"Invasive_Tumor, Prolif_Invasive_Tumor, Stromal",0.004587607458233833,0.022717878222465515,0.008417210541665554,0.0,0.0056595588102936745,0.010647816583514214,0.0,0.6978816390037537,0.002487002871930599,0.03995742276310921,0.002409398090094328,0.0,0.0,0.0,0.0,0.07519691437482834,0.11053667962551117,0.0021612816490232944,0.0062868050299584866,0.01105292234569788,0.790125846862793,0.000716977403499186,0.010666891001164913,0.052962712943553925,2.7180722099728882e-05,0.08107686787843704,0.03399553522467613,0.03042805753648281
1683,5,2,41,164.52085876464844,2342.6005859375,123.98651123046875,9.0,"DCIS_2, Myoepi_KRT15+, Myoepi_ACTA2+",0.006876304280012846,0.005320009309798479,0.01862281747162342,0.0,0.5419430732727051,0.004391544498503208,0.0,0.0,0.0,0.04108502343297005,0.0,0.0,0.2663624584674835,0.09451223909854889,0.0,0.0,0.017799612134695053,0.0027355269994586706,0.0,0.00035137770464643836,0.0,0.03328721225261688,0.9025177359580994,2.6244952040300596e-30,0.0008962725987657905,0.05452396720647812,0.008307239972054958,0.000467607838800177
1686,6,5,48,137.14111328125,2161.206787109375,185.89508056640625,47.5,"CD4+_T_Cells, B_Cells, CD8+_T_Cells",0.19020633399486542,0.2671104967594147,0.1377447098493576,0.0,0.00036741033545695245,0.03452621400356293,0.0,0.0,0.00799140240997076,0.08581352233886719,0.005808243528008461,0.002677409676834941,0.002348551293835044,0.0,0.0025818373542279005,0.0,0.16498462855815887,0.02410265803337097,0.0,0.07373658567667007,0.00042614585254341364,0.0,0.0053667668253183365,0.15991957485675812,0.0009820371633395553,0.6598131656646729,0.10299727320671082,0.07049510627985
1688,0,5,44,107.30902862548828,2201.9638671875,137.80755615234375,46.5,"Stromal, Macrophages_1, B_Cells",0.09585309028625488,0.1397065669298172,0.10478560626506805,0.0,0.0004959253128618002,0.01953224092721939,0.0012721740640699863,0.0,0.0,0.14347022771835327,0.006995147094130516,0.006417328491806984,0.04997532069683075,0.0,0.006815691012889147,0.0,0.35906365513801575,0.015593994408845901,0.0,0.05002310499548912,0.005189177114516497,0.0,0.06605574488639832,0.1553729772567749,0.04891125112771988,0.6330963373184204,0.05687900632619858,0.034495532512664795
1694,6,7,76,138.3734893798828,1995.5269775390625,163.91848754882812,78.0,"CD4+_T_Cells, B_Cells, Stromal",0.1462079882621765,0.288264662027359,0.09850737452507019,0.0,0.005298373755067587,0.06412126123905182,0.012882309965789318,0.007840081118047237,0.009279905818402767,0.10538778454065323,0.04879925400018692,0.0,0.0,0.0,0.006559277884662151,0.0,0.152741938829422,0.00885883066803217,0.0,0.0452510230243206,0.009586706757545471,0.0,1.0085593463254292e-39,0.13964124023914337,1.401298464324817e-45,0.3134414553642273,0.10294371098279953,0.4343869090080261
1731,6,5,53,77.14295959472656,2309.971435546875,186.7604522705078,63.0,"CD4+_T_Cells, CD8+_T_Cells, Macrophages_1",0.06124674528837204,0.2565850019454956,0.15319859981536865,0.0,0.009008553810417652,0.08197469264268875,0.0,0.0,0.0,0.15200814604759216,0.0,0.0,0.0619376003742218,0.0,0.02022480219602585,0.0,0.15174226462841034,0.030964240431785583,0.0,0.0211093220859766,0.0005294993170537055,0.0,0.0763557180762291,0.0015581031329929829,0.02931296080350876,0.609132707118988,0.2831108868122101,4.203895392974451e-45
1783,0,5,35,715.5303344726562,2937.300537109375,53.26493835449219,62.0,"Stromal, CD4+_T_Cells, Endothelial",0.048873864114284515,0.13198740780353546,0.11140286177396774,0.0,0.0,0.09373040497303009,0.0,0.04774065688252449,0.0,0.08499480038881302,0.0,0.00046388283954001963,0.0,0.0,0.0011585871689021587,0.00600795354694128,0.4044755697250366,0.03184407204389572,0.004487724509090185,0.03283224627375603,0.19511395692825317,1.401298464324817e-45,1.7194786004973014e-22,0.07000671327114105,0.000567769049666822,0.46285775303840637,0.27039551734924316,0.0010582684772089124
1785,1,6,83,602.859375,3103.819580078125,84.31401062011719,24.0,"Invasive_Tumor, Endothelial, Macrophages_1",0.0,0.01563946343958378,0.007248645648360252,0.0,0.0,0.1099238470196724,0.0,0.6571945548057556,0.0,0.07063018530607224,0.00017673871479928493,0.0,0.0,0.0,0.0,0.039548929780721664,0.06169057637453079,0.006300797685980797,0.00812144298106432,0.02352476865053177,0.3130245506763458,0.00018881198775488883,0.0006068535731174052,0.04924328252673149,0.0007598422816954553,0.06025798246264458,0.5746666193008423,0.0012518659932538867
1798,6,5,77,581.242919921875,2849.567138671875,120.60133361816406,60.0,"CD8+_T_Cells, CD4+_T_Cells, Stromal",0.048812396824359894,0.1567467898130417,0.3623289167881012,0.0,0.0,0.05096599832177162,0.0,0.0361509807407856,0.0,0.0802399143576622,0.01560664176940918,0.0,0.0,0.0,0.004742693621665239,0.0027213182765990496,0.15989576280117035,0.004612301476299763,0.0343763567507267,0.042799923568964005,0.1346832662820816,0.0002674743300303817,1.4607532848251448e-12,0.1334124058485031,7.167140574892983e-05,0.5106727480888367,0.13204143941402435,0.08885100483894348
1808,0,0,34,633.3827514648438,2707.749755859375,62.58489227294922,76.0,"Stromal, Endothelial, Macrophages_1",0.04045949503779411,0.042239148169755936,0.027386056259274483,0.0,0.0,0.07964616268873215,0.0,0.22694635391235352,0.0,0.061826132237911224,0.010963642038404942,0.0,0.0,0.0,0.01920277252793312,0.05709177628159523,0.3957764506340027,0.0004984336555935442,0.010828073136508465,0.027135536074638367,0.5460308194160461,1.8698902730620667e-30,7.641849453139743e-39,0.004265093244612217,7.006492321624085e-45,0.21454569697380066,0.14610466361045837,0.0890536680817604
1810,0,5,47,570.866455078125,2663.117919921875,44.830074310302734,61.0,"Stromal, CD4+_T_Cells, Macrophages_1",0.03137586638331413,0.09769197553396225,0.09665387868881226,0.0,0.0,0.04432954266667366,0.0,0.1503949612379074,0.0,0.11496958136558533,0.016405846923589706,0.0,0.0,0.0,0.011815869249403477,0.013833241537213326,0.3908458352088928,0.006144176237285137,0.009291884489357471,0.016247335821390152,0.22807520627975464,0.0001470778661314398,5.6596167269162834e-05,0.02435917966067791,4.583908703047981e-37,0.5210889577865601,0.1496386080980301,0.07663438469171524
1814,6,0,45,391.6860656738281,2639.426513671875,115.95835876464844,77.0,"CD4+_T_Cells, Macrophages_1, CD8+_T_Cells",0.03958860784769058,0.2547426223754883,0.10313289612531662,0.0,0.0,0.038228508085012436,0.0019093018490821123,0.12272016704082489,0.0,0.23370257019996643,0.0,0.0,0.0,0.0,0.014945556409657001,0.054546695202589035,0.06483585387468338,0.009351191110908985,0.026081757619976997,0.03621435537934303,0.5337989926338196,0.0,1.401298464324817e-45,0.08639838546514511,5.186778595628973e-24,0.3030271530151367,0.07375656813383102,0.0030188688542693853
1821,1,6,72,424.976318359375,3116.017822265625,65.79719543457031,45.0,"Invasive_Tumor, Stromal, Endothelial",0.010250813327729702,0.017183924093842506,0.024348270148038864,0.0,0.0,0.09766895323991776,0.0,0.5570579171180725,0.0,0.027509108185768127,0.0,0.0,0.0,0.0,0.0,0.05487944185733795,0.18211811780929565,0.0,0.0,0.028983592987060547,0.2627771496772766,0.0,4.064975291839801e-05,0.0845584124326706,0.0005700642941519618,0.14734572172164917,0.4976094663143158,0.007098570466041565
1840,1,6,36,420.14593505859375,2790.800048828125,81.48922729492188,41.0,"Invasive_Tumor, Stromal, Unlabeled",0.008106558583676815,0.04291751608252525,0.03482717648148537,0.0,0.0,0.11147430539131165,0.0,0.4682215452194214,0.0,0.03685484826564789,0.0,0.0,0.0,0.0,0.005046117585152388,0.03052813559770584,0.20560622215270996,0.0022964912932366133,0.004707235377281904,0.04941388964653015,0.21137459576129913,0.0,1.1560615587941999e-26,0.009222525171935558,0.0003283224650658667,0.23761333525180817,0.5414612293243408,1.401298464324817e-45
1851,1,0,36,299.3685302734375,2626.046875,100.74961853027344,48.0,"Invasive_Tumor, Prolif_Invasive_Tumor, CD8+_T_Cells",0.0400603711605072,0.0538017563521862,0.09762365370988846,0.0,0.0,0.005832067225128412,0.0,0.4936760663986206,0.0,0.04520004242658615,0.0015338292578235269,0.0,0.0020006177946925163,0.0,0.0,0.08646047115325928,0.12102659791707993,0.0012420446146279573,0.04897845536470413,0.0025640339590609074,0.628906786441803,0.0,0.0038268910720944405,0.01627006195485592,0.0022672584746032953,0.28433212637901306,0.04069363698363304,0.023703349754214287
1872,6,5,33,221.0039520263672,2672.4404296875,187.4375762939453,61.0,"CD4+_T_Cells, B_Cells, Stromal",0.17005711793899536,0.31641656160354614,0.18122488260269165,0.0,0.0006154984002932906,0.04164021089673042,0.008239024318754673,0.016163982450962067,0.0,0.09251502901315689,0.002478298731148243,0.0,0.008646857924759388,0.0,0.0,0.004436488263309002,0.1250002384185791,0.005713569466024637,0.015263604000210762,0.011588599532842636,0.10753873735666275,0.0,0.015532237477600574,0.07964016497135162,0.005223428830504417,0.6657390594482422,0.09621881693601608,0.03010760247707367
1884,6,5,69,103.70716857910156,2627.6650390625,239.28567504882812,49.0,"CD4+_T_Cells, Macrophages_1, CD8+_T_Cells",0.09784068912267685,0.2996065318584442,0.1236511617898941,0.0,0.001467965659685433,0.13896247744560242,0.0,0.0,0.0,0.13946226239204407,0.006114364136010408,0.0,0.01568412035703659,0.0,0.009824931621551514,0.0,0.12433016300201416,0.0,0.0,0.04305533319711685,4.813081478367551e-25,0.0,0.017520291730761528,0.1287337690591812,0.002759974915534258,0.533568799495697,0.26396453380584717,0.05345261096954346
1970,6,0,56,511.53662109375,3791.272216796875,118.16532135009766,76.0,"CD8+_T_Cells, Macrophages_1, Endothelial",0.009436516091227531,0.07694954425096512,0.30544155836105347,0.0,0.0,0.053132716566324234,0.0,0.1095232367515564,0.0,0.2516780197620392,0.0,0.0,0.0,0.0,0.009253457188606262,0.024666206911206245,0.0769137367606163,0.0,0.012702634558081627,0.07030235230922699,0.5723728537559509,1.6815581571897805e-44,0.0016331515507772565,0.054327722638845444,0.006061774678528309,0.23473778367042542,0.1308668553829193,4.752784001450482e-41
1972,0,0,54,476.7851867675781,3915.14111328125,46.14228820800781,45.5,"Stromal, CD8+_T_Cells, Invasive_Tumor",0.0019353583920747042,0.00516537157818675,0.15590378642082214,0.0,0.0,0.034480467438697815,0.0,0.2528421878814697,0.0,0.06589818000793457,0.0,0.0,0.0,0.0,0.013453525491058826,0.028370633721351624,0.4036516845226288,0.0,0.005142191890627146,0.033156707882881165,0.520937979221344,2.7948848833914685e-27,0.0023462455719709396,0.1337433159351349,0.005830687005072832,0.18058137595653534,0.14977218210697174,0.006788142956793308
1979,1,6,45,660.6280517578125,3631.0693359375,45.272552490234375,34.0,"Invasive_Tumor, Macrophages_1, Stromal",0.0007910478161647916,0.03601197153329849,0.010071729309856892,0.0,0.0,0.11002771556377411,0.0,0.5124902725219727,0.0,0.17401273548603058,0.0,0.0,0.0,0.0,0.0,0.003062465460970998,0.11646001785993576,0.0,0.010127391666173935,0.026944605633616447,0.27529382705688477,1.401298464324817e-45,0.0012605178635567427,0.10334087163209915,0.005010879132896662,0.1058722734451294,0.5086726546287537,0.0005491795600391924
1987,1,6,117,204.47369384765625,3922.890380859375,53.27666091918945,34.0,"Invasive_Tumor, Stromal, Endothelial",0.004373773001134396,0.011224660091102123,0.04309134557843208,0.0,0.01058854628354311,0.11767134070396423,0.0,0.4978530704975128,0.0,0.04057402163743973,0.0,0.0,0.0,0.0,0.014914529398083687,0.01672501675784588,0.22245141863822937,0.0,0.011100389994680882,0.00943202804774046,0.3035299479961395,0.007321130484342575,0.04024562984704971,0.03726858273148537,0.00019159200019203126,0.09476248919963837,0.5155349969863892,0.0011457250220701098
2045,6,5,39,760.1088256835938,4969.353515625,139.4974365234375,62.0,"CD4+_T_Cells, B_Cells, CD8+_T_Cells",0.17821849882602692,0.2940571904182434,0.11214011907577515,0.0,0.0,0.004854402970522642,0.017705393955111504,0.0,0.02704116329550743,0.0777239203453064,0.018850425258278847,0.0,0.0,0.0,0.0,0.0,0.16856223344802856,0.0,0.0,0.10084664076566696,0.0003229522844776511,0.0,5.401302688662464e-38,0.31159457564353943,1.6782145290326704e-18,0.48700299859046936,0.021126242354512215,0.17995327711105347
2051,6,3,58,763.5277709960938,4860.390625,211.7540283203125,62.0,"Stromal, CD4+_T_Cells, CD8+_T_Cells",0.14234235882759094,0.23932166397571564,0.09821297973394394,0.0,0.0,0.04446161538362503,0.07039260119199753,0.0052524106577038765,0.00612148130312562,0.09665662795305252,0.013762619346380234,0.0,0.0,0.0,0.005477817263454199,0.0022932144347578287,0.1821630895137787,0.0028039717581123114,0.0022026016376912594,0.08853492885828018,0.007114043924957514,0.0,0.0,0.49628371000289917,3.451789079903571e-39,0.3453362286090851,0.06435257196426392,0.08691340684890747
2052,0,5,68,638.1500244140625,4748.81640625,75.7269287109375,61.0,"Stromal, B_Cells, Macrophages_1",0.14147739112377167,0.13957157731056213,0.043969687074422836,0.0,0.0,0.026248490437865257,0.005910882260650396,0.0058071548119187355,0.010144085623323917,0.06730184704065323,0.026157321408391,0.0,0.0,0.0,0.0,0.0013307827757671475,0.451908141374588,0.0201894361525774,0.000311267125653103,0.05967196449637413,0.033896055072546005,1.999113913150196e-37,0.00015767139848321676,0.17668679356575012,0.00021765813289675862,0.524507999420166,0.0877174362540245,0.17681628465652466
2070,0,6,46,625.0025634765625,4602.14892578125,125.80560302734375,47.0,"Stromal, Endothelial, CD4+_T_Cells",0.05601520463824272,0.029266325756907463,0.04444770887494087,0.0,0.0027155412826687098,0.17067506909370422,0.014077809639275074,0.039713457226753235,0.0,0.09159678965806961,0.013548397459089756,0.0,0.028617793694138527,0.0,0.016878752037882805,0.0005469765746966004,0.47108322381973267,0.002805260242894292,0.008348505012691021,0.009663171134889126,0.03076753206551075,0.0,0.020327934995293617,0.10388308763504028,0.005171610042452812,0.240027517080307,0.4679124653339386,0.13190975785255432
2071,0,7,33,610.3244018554688,4543.44482421875,166.46517944335938,61.0,"Stromal, Endothelial, Macrophages_1",0.09233921021223068,0.0660293772816658,0.14415225386619568,0.0,0.0009273639880120754,0.11440503597259521,0.0030243031214922667,0.013359500095248222,0.0,0.09498502314090729,0.03677063062787056,0.0,0.009216099046170712,0.0,0.00140270940028131,0.0,0.36874616146087646,0.015392657369375229,0.0,0.03924969583749771,0.005806748289614916,0.0,0.005979426670819521,0.09607932716608047,0.0010513071902096272,0.2601280212402344,0.22648993134498596,0.4044651985168457
2078,0,7,44,562.8289184570312,4418.3359375,183.1214141845703,61.0,"Stromal, B_Cells, CD8+_T_Cells",0.2608153522014618,0.04523031413555145,0.08987888693809509,0.0,0.0,0.015314051881432533,0.0,0.025058161467313766,0.0,0.0696125477552414,0.06958765536546707,0.017989004030823708,0.005468875635415316,0.0,0.0,0.0,0.3171195983886719,0.02116546221077442,0.0,0.0627601221203804,0.02790118381381035,0.0,0.004127072170376778,0.19488321244716644,0.0037185274995863438,0.2812635004520416,0.07981809973716736,0.4082883596420288
2106,6,3,36,377.0909423828125,4699.8017578125,271.09326171875,61.0,"CD4+_T_Cells, CD8+_T_Cells, Macrophages_1",0.09677252173423767,0.37749016284942627,0.14321084320545197,0.0,0.0,0.003720537293702364,0.07413265109062195,0.0,0.00771474651992321,0.11274794489145279,0.0,0.020058179274201393,0.0,0.0,0.0,0.0,0.1110735610127449,0.0,0.0,0.053078778088092804,1.401298464324817e-45,0.0,0.0,0.5382421016693115,0.0,0.4420892596244812,0.019668735563755035,1.14906474074635e-43
2107,0,6,41,396.3588562011719,4588.33154296875,67.67095184326172,15.0,"Stromal, Endothelial, Unlabeled",0.015276256017386913,0.0002422035177005455,0.0,0.0,0.00418780418112874,0.11694777011871338,0.0,0.0,0.0,0.0018578391754999757,0.001125724520534277,0.0,0.08673658221960068,0.0,0.0,0.0,0.7502779364585876,0.0,0.0,0.023347869515419006,0.003803060157224536,0.0,0.13471415638923645,0.12636536359786987,0.05730726569890976,0.015050893649458885,0.6256703734397888,0.03708888217806816
2109,0,5,35,413.7900695800781,4677.9453125,96.73247528076172,47.0,"Stromal, CD4+_T_Cells, Macrophages_1",0.048854950815439224,0.09484104067087173,0.10865364223718643,0.0,0.001050785998813808,0.001790536567568779,0.03440314531326294,0.0,0.0006956906872801483,0.11302807927131653,0.0020481818355619907,0.0,0.001986171118915081,0.0,0.0,0.0,0.5218188762664795,0.0,0.0,0.07082898169755936,0.006734880618751049,0.0,0.0075924694538116455,0.3732004463672638,0.0031501410994678736,0.5485422611236572,0.01736413687467575,0.04341572895646095
2113,2,2,82,502.3831787109375,4596.1455078125,99.89813995361328,9.0,"Myoepi_ACTA2+, DCIS_2, Stromal",0.0005765425739809871,0.0005681174225173891,0.0004048558766953647,0.0,0.2127627581357956,0.006060457788407803,0.0,0.008378231897950172,0.0,0.009418695233762264,0.0022114356979727745,0.0,0.5612116456031799,0.0,0.0,0.0,0.19727706909179688,0.00045102715375833213,0.0,0.0006791434716433287,0.014619480818510056,1.7874711292780886e-16,0.8761712312698364,0.006880827248096466,0.004528536461293697,0.009906952269375324,0.06094403564929962,0.026948925107717514
2114,0,2,32,545.2484130859375,4577.9013671875,79.55018615722656,33.0,"Stromal, Myoepi_ACTA2+, Macrophages_1",0.005839545279741287,0.0042087179608643055,0.0062912809662520885,0.0,0.12101850658655167,0.022799737751483917,0.0,0.004130111075937748,0.0,0.04706748202443123,0.005607801489531994,0.0,0.2773856222629547,0.0,0.0,0.0,0.4964548647403717,0.002604637760668993,0.0,0.006591689772903919,0.02736808732151985,1.3841590732368164e-22,0.5694876313209534,0.060562942177057266,0.015938300639390945,0.11476117372512817,0.14854665100574493,0.06333525478839874
2116,5,2,63,260.3253479003906,4610.60595703125,95.35040283203125,24.0,"DCIS_2, Myoepi_ACTA2+, Myoepi_KRT15+",0.0,0.0,0.00042190394015051425,0.0,0.5243726968765259,0.023652512580156326,0.0001698815613053739,0.0,0.0,0.027817990630865097,0.00029585225274786353,0.003488060086965561,0.2297787368297577,0.07130150496959686,0.0,0.0,0.1053202822804451,0.0,0.0,0.013380532152950764,0.00694329384714365,0.0743681788444519,0.7436310052871704,0.04558151587843895,0.0005216237623244524,0.008709999732673168,0.11489592492580414,0.005348506383597851
2117,0,2,69,315.61138916015625,4603.4365234375,88.54499816894531,25.0,"Stromal, Myoepi_ACTA2+, Endothelial",0.00690680555999279,0.020920217037200928,0.00828827079385519,0.0,0.09531921148300171,0.07905390113592148,0.0,0.0005400137742981315,0.0,0.049174532294273376,0.009314448572695255,0.009387152269482613,0.19702310860157013,0.0,0.0,0.0,0.5228071808815002,0.0,0.0,0.001265228260308504,0.004992983303964138,1.401298464324817e-45,0.6279694437980652,0.007605751510709524,0.013265306130051613,0.06757114827632904,0.21203908324241638,0.0665564090013504
2120,2,2,44,406.6352233886719,4397.64501953125,62.70130157470703,23.0,"Myoepi_ACTA2+, DCIS_2, Stromal",0.0003702959802467376,0.0021059978753328323,0.011703423224389553,0.0,0.237515389919281,0.010449730791151524,0.0,0.0002699615142773837,0.0,0.01674816571176052,0.0022777433041483164,0.0,0.4929889440536499,0.0,0.0,0.0,0.22456873953342438,0.0006992060225456953,0.0,0.0003024207253474742,0.014384775422513485,0.0,0.7011822462081909,0.008093616925179958,0.012105658650398254,0.13639797270298004,0.10551340878009796,0.02232217788696289
2121,5,2,129,432.6699523925781,4459.48193359375,61.07322692871094,8.0,"DCIS_2, Myoepi_ACTA2+, Invasive_Tumor",0.0,0.0,7.140368688851595e-05,0.00823539774864912,0.7377398014068604,0.00047376981819979846,0.0,0.030696986243128777,0.0,0.00038482793024741113,0.0,0.0,0.17986862361431122,0.0,0.0,0.0,0.04252919182181358,0.0,0.0,0.0,0.001897913170978427,0.06711197644472122,0.9159046411514282,0.0007284916937351227,0.0014882722171023488,0.0022761938162148,0.006684521678835154,0.003908079117536545
2123,0,2,50,321.21563720703125,4332.4609375,100.04075622558594,25.0,"Stromal, DCIS_2, Myoepi_ACTA2+",0.033499278128147125,0.005944455042481422,0.01991635374724865,0.0,0.1471971720457077,0.04512723535299301,0.0,0.0,0.0,0.02177770435810089,0.010605228133499622,0.0018929531797766685,0.10101017355918884,0.0,0.00370834581553936,0.0,0.5862755179405212,0.00520209688693285,0.0,0.017843585461378098,0.0070715053007006645,0.0006934218690730631,0.4982467591762543,0.059600893408060074,0.009255555458366871,0.1434539407491684,0.18253174424171448,0.09914626181125641
2141,2,2,30,209.43630981445312,4975.74658203125,99.03173828125,62.0,"Myoepi_ACTA2+, Macrophages_1, Stromal",0.06204797327518463,0.0013496249448508024,0.09141722321510315,0.013534835539758205,0.17220307886600494,0.06506761163473129,0.0,0.0,0.008279762230813503,0.14616303145885468,0.0,0.0,0.2468615621328354,0.00910122785717249,0.0,0.0,0.16265147924423218,0.0,0.0,0.021322624757885933,0.004337378777563572,0.027222629636526108,0.4926323890686035,0.043733734637498856,0.03757397457957268,0.19064642488956451,0.20077459514141083,0.003078863024711609
2143,5,2,55,288.5884094238281,4950.2158203125,84.73457336425781,34.0,"DCIS_2, Myoepi_ACTA2+, Unlabeled",0.0051970938220620155,0.007200910709798336,0.03287576884031296,0.0,0.5636919736862183,0.00821490678936243,0.0,0.0,0.0,0.05856101214885712,0.0,0.0,0.1762949526309967,0.0,0.0,0.0,0.11688249558210373,0.0,0.0,0.031080899760127068,0.009603342972695827,0.0006365852314047515,0.7248109579086304,0.07682625204324722,0.009562147781252861,0.12721581757068634,0.05014893040060997,0.0011959796538576484
2145,0,2,47,193.9579315185547,4897.75537109375,104.58052825927734,49.0,"Stromal, Macrophages_1, CD8+_T_Cells",0.01718040555715561,0.027501987293362617,0.11673649400472641,0.0,0.12537343800067902,0.07066009193658829,0.0,0.0,0.0,0.14523063600063324,0.0009007874177768826,0.0,0.13604481518268585,0.0034720993135124445,0.0,0.0,0.32392245531082153,0.0036074896343052387,0.0,0.029369430616497993,0.007311186287552118,0.0013791406527161598,0.43085744976997375,0.07468152046203613,0.019409287720918655,0.19796966016292572,0.2632969915866852,0.005094787105917931
2161,6,7,30,339.5433044433594,4730.78955078125,315.784912109375,45.0,"CD4+_T_Cells, CD8+_T_Cells, B_Cells",0.08918368816375732,0.6114795804023743,0.10528089851140976,0.0,0.0,0.005764412693679333,0.002847315277904272,0.0,0.0,0.07130081951618195,0.03315509110689163,0.0,0.0,0.0,0.0,0.0,0.0364900641143322,0.0,0.0,0.04449803754687309,3.3388980837763697e-22,0.0,0.0,0.1672537922859192,0.0,0.3353705108165741,0.018353860825300217,0.4790218472480774
2171,6,3,46,181.04974365234375,4419.193359375,299.14599609375,61.0,"CD4+_T_Cells, B_Cells, Stromal",0.18968917429447174,0.3378623127937317,0.13216112554073334,0.0,0.0,0.005543474107980728,0.05746077001094818,0.0,0.019802063703536987,0.08019315451383591,0.02012156881392002,0.0,0.0,0.0,0.0,0.0,0.10094309598207474,0.012720792554318905,0.0,0.04350244626402855,1.401298464324817e-45,0.0,0.0,0.5344465374946594,0.0,0.35157522559165955,0.023119140416383743,0.09085909277200699
2175,5,2,52,145.3874053955078,4934.1455078125,82.54292297363281,35.5,"DCIS_2, Myoepi_KRT15+, Myoepi_ACTA2+",0.009019240736961365,0.00402306392788887,0.0177626796066761,0.008622371591627598,0.4722368121147156,0.019391782581806183,0.0,0.0,0.0,0.043483659625053406,0.0,0.0,0.16651272773742676,0.16114632785320282,0.0,0.0,0.08799822628498077,0.0003551432164385915,0.0,0.00944803562015295,0.004083027131855488,0.06287401169538498,0.6279049515724182,0.05490380525588989,0.02793343923985958,0.09596909582614899,0.12530657649040222,0.001025075907818973
2187,2,2,30,192.01315307617188,4624.5654296875,83.14793395996094,34.0,"Myoepi_ACTA2+, DCIS_2, Macrophages_1",0.0,0.011272997595369816,0.002741120522841811,0.0,0.17463724315166473,0.029540618881583214,0.0,0.0,0.0,0.04689373821020126,0.008383066393435001,0.0020808132831007242,0.4990268349647522,0.01958051510155201,0.0,0.0,0.1896633505821228,0.0,0.0,0.01617974415421486,0.027350671589374542,0.020281219854950905,0.5534293055534363,0.08446502685546875,0.017419956624507904,0.0508120022714138,0.16004562377929688,0.08619626611471176
2208,0,3,38,225.96656799316406,4465.5556640625,145.54017639160156,48.0,"Stromal, B_Cells, Macrophages_1",0.1861760914325714,0.097907654941082,0.01274967659264803,0.0,0.00411192188039422,0.01692015491425991,0.08792275190353394,0.0,0.0,0.0867123007774353,0.03044634684920311,0.0,0.015065383166074753,0.0,0.0,0.0,0.40863317251205444,0.0005951932398602366,0.0,0.052759308367967606,7.213211938505992e-05,0.0,0.02559260092675686,0.5228828191757202,0.003058937843888998,0.2530430853366852,0.07000484317541122,0.1253456026315689
2218,6,7,58,126.67593383789062,4549.798828125,232.60914611816406,62.0,"CD4+_T_Cells, Macrophages_1, Stromal",0.060227785259485245,0.36970585584640503,0.1274133175611496,0.0,0.0003699641674757004,0.006181655451655388,0.042017411440610886,0.0,0.0,0.15146176517009735,0.046733561903238297,0.0,0.0022818020079284906,0.0,0.0,0.0,0.14656677842140198,0.0154290571808815,0.0,0.03161103278398514,1.641289770759613e-08,0.0,0.003815238829702139,0.2546048164367676,0.0006369540933519602,0.2756190001964569,0.010761277750134468,0.4545627534389496
2233,6,3,75,126.03548431396484,4480.337890625,289.38323974609375,47.0,"CD4+_T_Cells, CD8+_T_Cells, B_Cells",0.11059906333684921,0.4809769093990326,0.10316256433725357,0.0,0.0,0.02721814438700676,0.07982499152421951,0.0,0.007131872233003378,0.06787952780723572,0.0023602612782269716,0.0,0.0,0.0,0.006982542108744383,0.0,0.06327702850103378,0.0008097434765659273,0.0,0.04977734759449959,1.401298464324817e-45,0.0,0.0,0.54281085729599,0.0,0.39195576310157776,0.04346213489770889,0.021771378815174103
2253,0,2,65,667.6497802734375,5269.93994140625,57.40523910522461,61.0,"Stromal, Macrophages_1, Endothelial",0.017160173505544662,0.03865628316998482,0.08885909616947174,0.0,0.10139727592468262,0.06156931072473526,0.0,0.010202101431787014,0.0,0.13812477886676788,0.0011258983286097646,0.0,0.16321836411952972,0.0,0.005406850017607212,0.0,0.3592381775379181,0.000639231177046895,0.0,0.014402521774172783,0.028504125773906708,5.708245833478676e-13,0.49821707606315613,0.028764517977833748,0.016588443890213966,0.2205873727798462,0.19096924364566803,0.016369177028536797
2264,5,2,317,353.00396728515625,5215.5244140625,66.39064025878906,23.0,"DCIS_2, Myoepi_ACTA2+, Invasive_Tumor",0.0021666206885129213,0.004409603774547577,0.013168337754905224,0.0020169620402157307,0.6683801412582397,0.009729324840009212,5.2767620218219236e-05,0.05656297132372856,0.0,0.0379498191177845,0.0009362312848679721,0.0,0.09655341506004333,0.002795763313770294,0.0,0.0,0.060318876057863235,0.0009472839301452041,0.00013974073226563632,0.0438724011182785,0.030462166294455528,0.028231361880898476,0.7685409188270569,0.03908580169081688,0.010961190797388554,0.0510835200548172,0.056730370968580246,0.014904843643307686
2275,6,7,37,292.0293884277344,5370.97509765625,87.8827896118164,48.0,"B_Cells, Macrophages_1, CD8+_T_Cells",0.3989427387714386,0.036945540457963943,0.1106281653046608,0.0,0.0,0.03595792129635811,0.0,0.0,0.0,0.17724712193012238,0.06643740832805634,0.0,0.0006068771472200751,0.0,0.0,0.0,0.1429334580898285,0.0,0.0,0.0303008072078228,0.0002079379337374121,0.0,0.0013025638181716204,0.11436815559864044,0.000964101986028254,0.3025619685649872,0.08862831443548203,0.49196696281433105
2331,5,0,67,1301.5860595703125,565.3964233398438,105.51187133789062,24.0,"DCIS_2, Invasive_Tumor, Myoepi_ACTA2+",0.0,0.003469376591965556,0.007384041324257851,0.0,0.4714854657649994,0.004064174834638834,0.0,0.26967883110046387,0.0,0.007737971842288971,0.0,0.0,0.1127401664853096,0.0,0.0,0.06473273038864136,0.0239118542522192,0.000897419813554734,0.0022311049979180098,0.03166687488555908,0.5730273127555847,0.01742365024983883,0.33971717953681946,0.01982235349714756,0.00531964423134923,0.02452724054455757,0.020162492990493774,0.0
2336,0,7,34,1468.416259765625,650.7399291992188,11.251714706420898,61.0,"Stromal, Macrophages_2, Macrophages_1",0.04437662661075592,0.052138905972242355,0.026544876396656036,0.0,0.0015962329925969243,0.06154164299368858,0.0,0.06388885527849197,0.0,0.08031522482633591,0.06768085062503815,0.0,0.0,0.0,0.019170613959431648,0.00022179905499797314,0.5119567513465881,0.0014846274862065911,0.04088742285966873,0.028195587918162346,0.15368911623954773,5.460093234432861e-06,0.005804437678307295,0.12590882182121277,0.004318600054830313,0.1058313176035881,0.14601491391658783,0.45842745900154114
2361,0,7,56,1289.1685791015625,401.7509765625,54.257041931152344,62.0,"Stromal, B_Cells, CD4+_T_Cells",0.2619704604148865,0.07299257069826126,0.03812870755791664,0.0,0.01558257732540369,0.06672924011945724,0.0,0.007181530352681875,0.0,0.060408659279346466,0.057364147156476974,0.0013358722208067775,0.05962001532316208,0.0,0.010253780521452427,0.0,0.31445908546447754,0.0005171007942408323,0.0,0.033456239849328995,0.021395761519670486,1.5431347877032514e-14,0.06027619168162346,0.08621688187122345,0.00841438490897417,0.24189679324626923,0.09087324887514114,0.4909268021583557
2380,1,6,32,1390.789306640625,183.02346801757812,83.04275512695312,45.0,"Invasive_Tumor, Stromal, Endothelial",0.032714635133743286,0.0,0.0,0.0,0.0027384960558265448,0.11939696222543716,0.0,0.5703688859939575,0.0,0.041715916246175766,0.0,0.0,0.0,0.0,0.021672584116458893,0.03898471221327782,0.13591375946998596,0.0,0.003228588495403528,0.03326551988720894,0.2506192922592163,0.005537586286664009,0.014522106386721134,0.030499543994665146,0.0013761569280177355,0.0014664672780781984,0.6959788799285889,9.540053916357298e-19
2392,1,0,45,1259.1160888671875,556.6522827148438,86.82414245605469,16.0,"Invasive_Tumor, DCIS_2, Prolif_Invasive_Tumor",0.0,0.002475245390087366,0.00875327829271555,0.004708966705948114,0.3150521516799927,0.00884011946618557,0.0,0.48825836181640625,0.0,0.007585973013192415,0.0025004660710692406,0.001106349634937942,0.03657316043972969,0.0,0.0,0.08567633479833603,0.005638550501316786,0.0,0.0,0.032831206917762756,0.6176335215568542,0.045333437621593475,0.28443363308906555,0.0005178860737942159,0.024152761325240135,0.013645611703395844,0.007373758126050234,0.00690938625484705
2401,2,2,55,1203.3973388671875,447.98663330078125,140.33688354492188,78.0,"Myoepi_ACTA2+, Endothelial, Stromal",0.0013072044821456075,0.06337625533342361,0.06455322355031967,0.006428886670619249,0.14420346915721893,0.13713610172271729,0.0,0.07920407503843307,0.0,0.048672791570425034,0.008162387646734715,0.0034406164195388556,0.3170837163925171,0.0,0.00347878341563046,0.00041081442032009363,0.10365688055753708,0.0,0.009493974968791008,0.009390899911522865,0.19446797668933868,0.01702667400240898,0.38336676359176636,0.00817444920539856,0.035203803330659866,0.16285546123981476,0.1612042337656021,0.037700626999139786
2409,0,5,66,1168.3419189453125,199.76171875,20.959545135498047,75.5,"Stromal, B_Cells, CD8+_T_Cells",0.07394065707921982,0.0782686322927475,0.11550488322973251,0.0,0.0016435981960967183,0.05041052773594856,0.005315163638442755,0.01993008330464363,0.0,0.09886223822832108,0.011920759454369545,0.0041831317357718945,0.015830188989639282,0.0,0.00022185200941748917,0.0006427125772461295,0.439920037984848,0.034424472600221634,0.008175481110811234,0.04080558940768242,0.10524225234985352,0.0003804675361607224,0.03129381313920021,0.12374259531497955,0.010876157321035862,0.553135871887207,0.14632916450500488,0.028999771922826767
2428,7,0,39,986.6151123046875,361.3041687011719,139.18414306640625,23.0,"Unlabeled, Invasive_Tumor, Macrophages_1",0.0,0.0,0.008448770269751549,0.0,0.12354233115911484,0.0,0.0,0.23144084215164185,0.0,0.14340874552726746,0.0,0.0,0.021472066640853882,0.0,0.0,0.0,0.0029815416783094406,0.0,0.005814380943775177,0.4628913700580597,0.5010011792182922,0.0037447100039571524,0.07058680057525635,0.005544055253267288,0.0031847888603806496,0.13388729095458984,5.7873626576614945e-43,0.0
2440,1,0,36,1123.98681640625,741.3091430664062,82.7408447265625,9.0,"Invasive_Tumor, DCIS_2, Prolif_Invasive_Tumor",0.0,0.0,0.0,0.0,0.2949765920639038,0.0,0.0,0.6316373348236084,0.0,0.0,0.0,0.0,0.0,0.0,0.0,0.059000417590141296,0.0,0.0,0.0,0.014385698363184929,0.6328155994415283,0.04238206520676613,0.32480236887931824,0.0,0.0,0.0,0.0,0.0
2446,7,0,68,981.3230590820312,501.931640625,200.8144073486328,46.0,"Unlabeled, Invasive_Tumor, Macrophages_1",0.0031944969668984413,0.043802469968795776,0.0,0.0010376704158261418,0.05554698035120964,0.0027618256863206625,0.007387703750282526,0.2456442266702652,0.0,0.11785964667797089,0.0,0.012320730835199356,0.004311681725084782,0.020903760567307472,0.0,0.0,0.023804614320397377,0.0,0.0,0.4614241421222687,0.22595447301864624,9.80908925027372e-45,0.05516498163342476,0.023148424923419952,1.401298464324817e-45,0.033967383205890656,2.5223372357846707e-44,0.0
2467,2,2,72,951.455078125,199.0149688720703,149.27719116210938,47.0,"Myoepi_ACTA2+, Endothelial, Macrophages_1",0.0,0.010178525932133198,0.016356604173779488,0.0,0.22386209666728973,0.1012820452451706,0.0029770524706691504,0.07564917206764221,0.0,0.08581674098968506,0.0,0.010583526454865932,0.4006856679916382,0.0,0.023503238335251808,0.0,0.04200427606701851,0.0,0.0,0.0071010952815413475,0.19180694222450256,0.0014228414511308074,0.5327495336532593,0.00782241951674223,0.012916644103825092,0.033276546746492386,0.22000497579574585,1.750327714566484e-29
2488,1,1,33,916.7023315429688,520.226318359375,227.414306640625,24.0,"Invasive_Tumor, Unlabeled, DCIS_2",0.0,0.01807343401014805,0.0,0.06514822691679001,0.21308612823486328,0.0,0.0,0.38735052943229675,0.0,0.06561144441366196,0.0,0.0,0.0,0.0,0.0,0.0,0.0,0.0,0.0,0.2507302761077881,0.034954365342855453,0.7511382699012756,0.10706417262554169,0.005071548745036125,0.04381848871707916,0.05795314908027649,0.0,0.0
2490,5,1,32,891.72509765625,614.3206176757812,189.67730712890625,8.0,"DCIS_2, Invasive_Tumor, Macrophages_1",0.0,0.0,0.0,0.03599678352475166,0.6975065469741821,0.0,0.0,0.19246476888656616,0.0,0.03737245872616768,0.0,0.0,0.0,0.0,0.0,0.0,0.0,0.0,0.0,0.03665951266884804,0.04873204231262207,0.53025883436203,0.4078595042228699,0.013149654492735863,1.401298464324817e-45,0.0,0.0,0.0
2508,7,1,55,936.7130737304688,380.0040588378906,228.84442138671875,33.0,"Unlabeled, Invasive_Tumor, DCIS_2",0.0,0.007654322776943445,0.0,0.04543519765138626,0.23103129863739014,0.0,0.0,0.2411876618862152,0.0,0.03709465265274048,0.0,0.0,0.01082486379891634,0.002493330044671893,0.0,0.0,0.014225097373127937,0.0,0.008409848436713219,0.40164369344711304,0.01663202978670597,0.8126756548881531,0.06786158680915833,0.014845266006886959,0.06604073196649551,0.021944763138890266,1.401298464324817e-45,0.0
2534,6,5,55,1323.174560546875,1627.0633544921875,199.39639282226562,77.0,"CD4+_T_Cells, Macrophages_1, Endothelial",0.056143663823604584,0.33239638805389404,0.10323955863714218,0.0,0.0,0.10190512239933014,0.0,0.04565932974219322,0.015205424278974533,0.16140438616275787,0.0,0.0,0.0,0.0,0.022816555574536324,0.0013302890583872795,0.09937252849340439,0.0,0.011762718670070171,0.048764027655124664,0.11195125430822372,5.0536502385511994e-05,4.203895392974451e-45,0.13490960001945496,3.009300827304613e-23,0.5408678650856018,0.21222075819969177,1.1391355619965516e-26
2592,1,6,46,1212.9454345703125,1155.5250244140625,42.396209716796875,24.0,"Invasive_Tumor, Prolif_Invasive_Tumor, Stromal",0.012894381769001484,0.0,0.006499157752841711,0.0,0.0,0.059790827333927155,0.0,0.649537980556488,0.0,0.06070873513817787,0.0008972729556262493,0.0,0.0,0.0,0.0,0.07555403560400009,0.12064437568187714,0.0,0.0038137391675263643,0.009659353643655777,0.34708717465400696,0.0,1.401298464324817e-45,0.0369190089404583,2.3426511575053155e-07,0.03424369543790817,0.563677966594696,0.018072066828608513
2632,0,7,32,939.9036865234375,1276.92529296875,39.073307037353516,63.0,"Stromal, B_Cells, Endothelial",0.1082068532705307,0.05473591014742851,0.08717963099479675,0.0,0.008479558862745762,0.10687191039323807,0.0,0.008505257777869701,0.0030312808230519295,0.06082330644130707,0.04247255250811577,0.0,0.019115226343274117,0.0,0.0,0.00612553209066391,0.44407719373703003,0.022069158032536507,0.0022199596278369427,0.026086704805493355,0.041687145829200745,0.0,0.037983499467372894,0.028667274862527847,0.015225911512970924,0.28297075629234314,0.19214679300785065,0.40131863951683044
2640,0,6,42,1079.4473876953125,1084.521728515625,34.72361755371094,61.0,"Stromal, Endothelial, CD8+_T_Cells",0.06186952069401741,0.007081998977810144,0.03196290507912636,0.0,0.01680026389658451,0.11986519396305084,0.0,0.10130314528942108,0.0,0.05066009983420372,0.0,0.0,0.06623177975416183,0.0,0.0,0.0066571468487381935,0.45971524715423584,0.012955868616700172,0.027990927919745445,0.03690586984157562,0.23430265486240387,2.6603082005749457e-05,0.05331806838512421,0.1200885996222496,0.011011704802513123,0.12780393660068512,0.4364767074584961,0.01697174459695816
2642,5,2,30,979.3300170898438,1022.4105224609375,71.98617553710938,23.5,"DCIS_2, Invasive_Tumor, Myoepi_ACTA2+",0.0,0.0,0.0005284195649437606,0.0,0.5180792212486267,0.009951593354344368,0.0,0.29129162430763245,0.0,0.03592748939990997,0.0,0.0,0.10299638658761978,0.0,0.0,0.02596663311123848,0.012012617662549019,0.0,0.0,0.00324608338996768,0.3898785710334778,0.015381637029349804,0.5771557092666626,0.0,0.0013215302024036646,0.0032232359517365694,0.012941521592438221,9.78936004685238e-05
2678,2,2,38,942.147216796875,917.7388916015625,132.45516967773438,78.0,"Myoepi_ACTA2+, Endothelial, DCIS_2",0.0015864053275436163,0.009431691840291023,0.04760085418820381,0.01564529351890087,0.16007257997989655,0.12393080443143845,0.0,0.1086932122707367,0.0,0.07273691892623901,0.00040685985004529357,0.01809532381594181,0.31659066677093506,0.0,0.0,0.0,0.08167879283428192,0.0009650139254517853,0.00923830084502697,0.033327262848615646,0.22944538295269012,0.014007681049406528,0.40203964710235596,0.07399073243141174,0.03658398985862732,0.10004479438066483,0.1388082057237625,0.005079585127532482
2718,1,6,86,1327.972412109375,2171.8857421875,53.126590728759766,16.0,"Invasive_Tumor, Stromal, Macrophages_1",0.0073017943650484085,0.00013419092283584177,0.0003418073174543679,0.0,0.0,0.11049148440361023,0.0,0.6108368635177612,0.0,0.07369348406791687,0.0,0.0,0.0,0.0,0.0,0.03851233795285225,0.1396806240081787,0.0,0.0,0.019007360562682152,0.3538535535335541,2.2960723072174005e-05,0.0005079468246549368,0.05487251654267311,0.0009220251231454313,0.023897875100374222,0.5648496747016907,0.001073520164936781
2745,1,6,38,1139.02587890625,2000.2203369140625,70.6891860961914,34.0,"Invasive_Tumor, Stromal, Macrophages_1",0.015069487504661083,0.0,0.0,0.0,0.0,0.08103735744953156,0.0,0.5784718990325928,0.0,0.08113345503807068,0.0,0.0,0.0,0.0,0.005399967078119516,0.06266634911298752,0.1550801396369934,0.0,0.0,0.021141277626156807,0.36064571142196655,0.0,5.876449360858727e-16,0.09201201796531677,1.5787186002924614e-09,0.02359483577311039,0.521714448928833,0.0020330355037003756
2758,1,7,36,1020.0528564453125,2343.479248046875,86.44670867919922,59.0,"Invasive_Tumor, Stromal, Prolif_Invasive_Tumor",0.05145693197846413,0.027241449803113937,0.044209301471710205,0.0,0.0,0.0371529646217823,0.0,0.5901505351066589,0.0,0.062337253242731094,0.04815986007452011,0.0,0.0,0.0,0.0,0.045540228486061096,0.07448369264602661,0.004455348011106253,0.005296151153743267,0.009516308084130287,0.26676109433174133,1.2163019127175717e-33,1.401298464324817e-45,0.006066341418772936,1.401298464324817e-45,0.13718245923519135,0.15103942155838013,0.43895068764686584
2782,6,5,43,914.5478515625,2339.2119140625,311.3993225097656,48.0,"CD4+_T_Cells, Macrophages_1, B_Cells",0.15800164639949799,0.29731613397598267,0.1508956402540207,0.0,0.0,0.04841482266783714,0.0,0.03334461897611618,0.0,0.17401407659053802,0.0,0.0,0.0,0.0,0.013142755255103111,0.0020827145781368017,0.07914957404136658,0.03129780665040016,0.0,0.012340248562395573,0.09408438205718994,0.0,2.802596928649634e-45,0.05182522535324097,2.1655255171525167e-13,0.6534789800643921,0.2006113976240158,6.643253655513881e-14
2803,1,0,45,1596.58642578125,3166.989990234375,101.61354064941406,34.0,"Invasive_Tumor, Stromal, Macrophages_1",0.0033984233159571886,0.005556388758122921,0.02718503214418888,0.0,0.0,0.0,0.0176852997392416,0.6299916505813599,0.0,0.07480154931545258,0.0021938674617558718,0.0,0.0,0.0,0.0,0.047077104449272156,0.17668920755386353,0.0,0.0,0.015421411953866482,0.6336434483528137,0.0,0.0041324975900352,0.1404951512813568,0.013270590454339981,0.1507919728755951,0.012975987046957016,0.044690534472465515
2808,1,0,35,1522.424560546875,2632.614501953125,102.3009033203125,34.0,"Invasive_Tumor, Stromal, Prolif_Invasive_Tumor",0.007126903161406517,0.032052721828222275,0.030253328382968903,0.0,0.0,0.0,0.0,0.619232714176178,0.0,0.06303524971008301,0.015846814960241318,0.0,0.0,0.0,0.0,0.058814886957407,0.14260101318359375,0.006377528887242079,0.0,0.02465880662202835,0.5566490888595581,0.0,8.793780580163002e-06,0.10722382366657257,0.005899439100176096,0.2712019681930542,0.0008255001739598811,0.05819147825241089
2814,6,5,304,1465.8792724609375,3099.446533203125,248.39495849609375,46.0,"CD4+_T_Cells, CD8+_T_Cells, Macrophages_1",0.04466577619314194,0.4368145167827606,0.17278167605400085,0.0,0.000798262597527355,0.040014203637838364,0.0025771402288228273,0.009372495114803314,0.02071548067033291,0.11233992129564285,0.001096910797059536,0.0027083856984972954,0.0,0.0,0.018119242042303085,0.002437964780256152,0.0646783709526062,0.007549533154815435,0.0,0.06333021074533463,0.03126813843846321,1.764183937824626e-10,0.00041456156759522855,0.1870374083518982,0.0003031713713426143,0.6739330887794495,0.09844639897346497,0.008596986532211304
2819,6,6,41,1486.93212890625,3152.497314453125,254.84228515625,45.0,"CD4+_T_Cells, CD8+_T_Cells, Endothelial",0.0007051361026242375,0.49800074100494385,0.18019571900367737,0.0,0.0,0.1667155772447586,0.013129291124641895,0.0,0.03207497298717499,0.017840556800365448,0.0,0.0012828203616663814,0.0,0.0,0.03175189718604088,0.0,0.013839148916304111,0.0,0.0,0.044464144855737686,1.401298464324817e-45,0.0,0.0,0.1631419062614441,0.0,0.2849576473236084,0.5519005060195923,0.0
2834,6,7,30,1484.83203125,2787.649169921875,101.85914611816406,61.5,"CD4+_T_Cells, CD8+_T_Cells, Unlabeled",0.035301994532346725,0.27850931882858276,0.2437831461429596,0.0,0.0,0.0007070043357089162,0.0,0.02588220313191414,0.0,0.07680737972259521,0.036768361926078796,0.0,0.0,0.0,0.0,0.0,0.17489908635616302,0.02664162591099739,0.0,0.10069992393255234,0.049633145332336426,1.401298464324817e-45,1.5045096006360836e-05,0.1264716237783432,5.206805326452013e-06,0.29600873589515686,2.9756961339444388e-09,0.5278661847114563
2895,1,5,53,1176.459228515625,2691.490966796875,125.01819610595703,60.0,"Invasive_Tumor, CD4+_T_Cells, Stromal",0.0,0.09114933758974075,0.0516422837972641,0.0,0.0,0.05205528065562248,0.0,0.5681458711624146,0.003860793076455593,0.050030212849378586,0.0,0.0,0.0,0.0,0.0,0.0,0.10008959472179413,0.0,0.04740471392869949,0.03562197461724281,0.40151074528694153,0.0004546593117993325,0.0012721651000902057,0.027416693046689034,0.0008009501616470516,0.49706077575683594,0.07148398458957672,1.218675401115775e-35
2960,6,5,50,1224.8153076171875,3950.376220703125,188.2842559814453,78.5,"CD4+_T_Cells, CD8+_T_Cells, Stromal",0.04443170875310898,0.3879892826080322,0.09335630387067795,0.0,0.0,0.07769706845283508,0.0,0.004860461689531803,0.014344614930450916,0.06537695229053497,0.06228321045637131,0.0,0.0,0.0,0.04108867049217224,0.0008525592857040465,0.13623285293579102,0.02390863746404648,0.0,0.04757772013545036,0.02205178327858448,0.0,1.401298464324817e-45,0.13258971273899078,2.8151744936656445e-30,0.4392993450164795,0.2650110721588135,0.14104816317558289
3006,1,5,35,938.6212158203125,3722.626953125,74.84014129638672,61.0,"Invasive_Tumor, Macrophages_1, Unlabeled",0.012300160713493824,0.046073444187641144,0.15038283169269562,0.0,0.0,0.021383702754974365,0.0,0.3646087050437927,0.005122891161590815,0.16620391607284546,0.014940968714654446,0.0,0.0,0.0,0.0,0.05791817232966423,0.0907503142952919,0.01108221709728241,0.0,0.059232693165540695,0.2730047106742859,0.00032276767888106406,0.00013856275472790003,0.09614227712154388,0.00177162850741297,0.4404968023300171,0.16593022644519806,0.022193100303411484
3039,1,6,179,1297.4178466796875,4819.54345703125,62.42919158935547,22.0,"Invasive_Tumor, Stromal, Endothelial",0.002495936118066311,0.0,0.0015668587293475866,0.0,0.002920918632298708,0.08776409178972244,0.0,0.6813250184059143,0.0,0.038544442504644394,0.0,0.0,0.0,0.0,0.0,0.028532059863209724,0.15131017565727234,0.0,0.0015158428577706218,0.0040245759300887585,0.3300195336341858,0.0,8.758981857681647e-05,0.007550104986876249,9.247593374723151e-16,0.00866215955466032,0.6535788178443909,0.00010171689064009115
3074,3,6,41,1052.1875,4462.2431640625,53.65966796875,34.0,"Endothelial, Perivascular-Like, Stromal",0.008215617388486862,0.0,0.0073857977986335754,0.0,0.0,0.5094932317733765,0.0,0.019847208634018898,0.0,0.020838243886828423,0.017081834375858307,0.0,0.0,0.0,0.13965006172657013,0.0,0.2048880159854889,0.0,0.003444549860432744,0.06915552914142609,0.07229889929294586,0.0,1.0823436785238177e-33,0.17482127249240875,0.00028425437631085515,0.02206178940832615,0.5575806498527527,0.17295311391353607
3075,1,6,55,946.6151733398438,4398.94873046875,55.06547164916992,34.0,"Invasive_Tumor, Stromal, Prolif_Invasive_Tumor",0.02033730037510395,0.003852741327136755,0.009955080226063728,0.0,0.0,0.09015060216188431,0.0,0.5540975332260132,0.0,0.03384901210665703,0.004433412104845047,0.0,0.0,0.0,0.00048655751743353903,0.05329231917858124,0.1971621960401535,0.0,0.012120598927140236,0.02026267908513546,0.292276531457901,4.994063783669844e-05,2.0610699721146375e-05,0.10143949091434479,3.087016605526422e-16,0.05633055418729782,0.5131407380104065,0.036742202937603
3161,5,2,334,2146.180419921875,279.208740234375,109.91828918457031,23.0,"DCIS_2, Invasive_Tumor, Myoepi_ACTA2+",0.0,0.0010511091677471995,0.003818183671683073,0.0060461340472102165,0.5893720984458923,0.008120938204228878,0.0,0.1854044795036316,0.0,0.03835063800215721,0.0,0.0009037071722559631,0.1182548925280571,0.0006987563683651388,0.0,0.0,0.014762446284294128,0.00046863066381774843,0.0,0.032748136669397354,0.08472834527492523,0.11079929023981094,0.7423244118690491,0.01319584995508194,0.008043591864407063,0.007966961711645126,0.03250245377421379,0.000438962277257815
3164,0,5,71,2238.6884765625,439.02374267578125,49.619651794433594,47.0,"Stromal, B_Cells, Macrophages_1",0.12318592518568039,0.03966408222913742,0.06284987181425095,0.0,0.00044793100096285343,0.02478567138314247,0.0,0.07399733364582062,0.0,0.08352422714233398,0.0,0.002766316756606102,0.0033368717413395643,0.0,0.0009071793174371123,0.001285579870454967,0.5080947875976562,0.007564524654299021,0.006561823654919863,0.0610278956592083,0.12141277641057968,0.00020683735783677548,0.011316738091409206,0.08413941413164139,0.006381491664797068,0.6081220507621765,0.13825593888759613,0.030164776369929314
3171,2,2,52,2107.311279296875,350.9580383300781,102.27201843261719,47.0,"Myoepi_ACTA2+, Macrophages_1, Endothelial",0.0018829659093171358,0.010471723042428493,0.0008915301878005266,0.0009703585528768599,0.23288729786872864,0.06604094058275223,0.0,0.0610220693051815,0.0,0.09474652260541916,0.0,0.007448648102581501,0.37835657596588135,0.0,0.0,0.0,0.12328795343637466,0.010692006908357143,0.0,0.011301381513476372,0.09285296499729156,0.01862323097884655,0.5844436883926392,0.013785271905362606,0.0021697876509279013,0.04404187202453613,0.24275992810726166,0.0013233034405857325
3174,0,6,36,2240.5439453125,407.41168212890625,49.22881317138672,60.0,"Stromal, B_Cells, CD4+_T_Cells",0.0953923761844635,0.08488476276397705,0.021274851635098457,0.0,0.005855711176991463,0.10327521711587906,0.0,0.02557971514761448,0.0,0.061691343784332275,0.0,0.016987502574920654,0.06612634658813477,0.0,0.008273100480437279,0.00046272369218058884,0.4638930857181549,0.02572069875895977,0.0,0.020582567900419235,0.055628854781389236,0.0,0.08187759667634964,0.05215713009238243,0.004945826716721058,0.28276732563972473,0.5209552645683289,0.001667957054451108
3180,7,1,36,2287.8818359375,140.71047973632812,119.1571044921875,23.0,"Unlabeled, Invasive_Tumor, DCIS_2",0.0,0.0,0.0,0.06635849177837372,0.12135037779808044,0.0,0.0,0.28171342611312866,0.0,0.010025326162576675,0.0,0.0,0.011849596165120602,0.0,0.0,0.0,0.0,0.0,0.0,0.5087027549743652,0.018736504018306732,0.8665346503257751,7.006492321624085e-45,0.0,0.11472877115011215,0.0,0.0,0.0
3209,5,1,52,2053.52734375,190.1715545654297,131.74349975585938,23.0,"DCIS_2, Invasive_Tumor, DCIS_1",0.0,0.0003725718706846237,0.005928462371230125,0.05418546870350838,0.4979410469532013,0.0009065742488019168,0.0,0.3199257552623749,0.0,0.0016936566680669785,0.0,0.0,0.036902643740177155,0.013807917945086956,0.0,0.0,0.0,0.0,0.0,0.06833595037460327,0.011992386542260647,0.7073122262954712,0.2569691836833954,0.0,0.01981964521110058,0.0012689618160948157,0.0026375800371170044,0.0
3211,7,1,37,2181.919189453125,177.6112518310547,109.77498626708984,25.0,"Unlabeled, Invasive_Tumor, Macrophages_1",0.0,0.0,0.0,0.0655561164021492,0.07822172343730927,0.0,0.0,0.20034438371658325,0.0,0.10408131778240204,0.0,0.0,0.02446041628718376,0.002655781339854002,0.0,0.0,0.0,0.0,0.0,0.5246803164482117,0.06949437409639359,0.7440052032470703,0.12286460399627686,0.010524938814342022,0.026083873584866524,1.8583000178276797e-35,5.605193857299268e-45,0.0
3212,1,1,62,2052.2041015625,146.24476623535156,139.51864624023438,24.0,"Invasive_Tumor, Unlabeled, DCIS_2",0.0,0.011532409116625786,0.0,0.06065943464636803,0.15044564008712769,0.009232078678905964,0.0,0.4553707242012024,0.0,0.05795034021139145,0.0,0.0,0.03178241848945618,0.00036017029196955264,0.0,0.0,0.008696960285305977,0.0,0.0,0.21396982669830322,0.015891293063759804,0.7929333448410034,0.11344847828149796,0.005662713199853897,0.03336433321237564,0.0366787426173687,0.0020210393704473972,0.0
3227,1,2,67,2084.635986328125,136.69381713867188,150.67686462402344,15.0,"Invasive_Tumor, Unlabeled, DCIS_2",0.0,0.0,0.0006965735810808837,0.019513389095664024,0.17135904729366302,0.0,0.0,0.5340849757194519,0.0,0.010384718887507915,0.0,0.0,0.0037180352956056595,0.0015516888815909624,0.0,0.0,0.0024389259051531553,0.0,0.0,0.2562526762485504,0.007632318884134293,0.1271166056394577,0.8577456474304199,0.0075053563341498375,0.0,5.863249535244044e-19,0.0,0.0
3268,1,6,37,2230.153076171875,1473.2899169921875,45.18861389160156,24.0,"Invasive_Tumor, Stromal, Endothelial",0.005071515683084726,0.003689264412969351,0.019892020151019096,0.0,0.0,0.14626213908195496,0.0,0.5488196611404419,0.0,0.03230191394686699,0.0006245442782528698,0.0020861581433564425,0.0,0.0,0.007959174923598766,0.03958236798644066,0.14890193939208984,0.0,0.007530097849667072,0.03727921470999718,0.3239195942878723,0.0,2.5967601972249618e-40,0.06113485246896744,6.775226054761221e-25,0.07880361378192902,0.5218736529350281,0.014268285594880581
3273,1,6,47,2375.873046875,1537.097900390625,86.80418395996094,23.0,"Invasive_Tumor, Stromal, Endothelial",0.0,0.0,0.0,0.0,0.0,0.10423821955919266,0.0,0.6261650323867798,0.0,0.015146722085773945,0.0,0.0,0.0,0.0,0.0,0.043443676084280014,0.19034521281719208,0.0,0.0,0.020661184564232826,0.36500951647758484,1.401298464324817e-45,0.0005823844112455845,0.0848667100071907,4.19292982063683e-16,0.001225468353368342,0.5483158826828003,1.5821738968315886e-18
3278,1,6,30,2311.7216796875,1035.7589111328125,64.46235656738281,16.0,"Invasive_Tumor, Prolif_Invasive_Tumor, Macrophages_1",0.0,0.0,0.0012291382299736142,0.0,0.0,0.13774971663951874,0.0,0.6398470997810364,0.0,0.0544000044465065,0.0,0.0,0.0,0.0,0.0,0.12720730900764465,0.03956662118434906,0.0,0.0,0.0,0.33337533473968506,0.0,0.0,1.401298464324817e-45,0.0,0.013212660327553749,0.652285635471344,0.0011262671323493123
3354,0,6,35,1776.7916259765625,965.8694458007812,42.94647216796875,34.0,"Stromal, Macrophages_1, Endothelial",0.0007458800682798028,0.0,0.017091544345021248,0.0,0.0002615679695736617,0.10637007653713226,0.0,0.1759481281042099,0.0,0.18494918942451477,0.0,0.0,0.0,0.0,0.0034908242523670197,0.0,0.4680803120136261,0.0,0.015137812122702599,0.02792471833527088,0.3150642514228821,5.140096982358955e-05,0.0005279771285131574,0.07910546660423279,0.005720882676541805,0.09524033963680267,0.5042874813079834,2.186243364121765e-06
3407,6,5,108,2132.385498046875,2409.533447265625,80.00054931640625,48.0,"CD8+_T_Cells, CD4+_T_Cells, Macrophages_1",0.08064846694469452,0.20286092162132263,0.23498409986495972,0.0,0.0,0.08503303676843643,0.0048833428882062435,0.0,0.0,0.13372786343097687,0.007592103909701109,0.0,0.0005240464815869927,0.0,0.005715288687497377,0.0,0.19238464534282684,0.02148548699915409,0.0,0.030160758644342422,0.00027759955264627934,0.0,0.000739723676815629,0.09775864332914352,0.0002983508456964046,0.5750746726989746,0.27495816349983215,0.050892822444438934
3425,0,0,33,2105.669189453125,2094.39208984375,25.799964904785156,35.0,"Stromal, Invasive_Tumor, Macrophages_1",6.701290840283036e-05,0.0064125144854187965,0.037330564111471176,0.0,0.0,0.04359957575798035,0.0,0.2250250279903412,0.0,0.05885365232825279,0.0,3.8267178751993924e-05,0.0,0.0,0.005261280108243227,0.033681172877550125,0.541540265083313,0.006996428593993187,0.0,0.04119424521923065,0.5436582565307617,2.7093003154732287e-05,0.0005901346448808908,0.11088931560516357,0.009616617113351822,0.14871826767921448,0.18337605893611908,0.003124250564724207
3439,0,6,45,1966.54248046875,2220.947509765625,14.650530815124512,33.0,"Stromal, Endothelial, Unlabeled",0.04820295423269272,0.0,0.0002833467733580619,0.0,0.0,0.1201300323009491,0.0,0.0714120864868164,0.0,0.028149286285042763,0.04032225161790848,0.0,0.0,0.0,0.0,0.0010084282839670777,0.630107581615448,0.0,0.0,0.06038397178053856,0.0813729465007782,0.0,1.4319554798242384e-31,0.22328826785087585,0.0004993936163373291,0.03163459151983261,0.5057511925697327,0.15745362639427185
3505,5,2,72,2251.442626953125,3178.11767578125,89.68353271484375,19.0,"DCIS_2, Myoepi_KRT15+, Myoepi_ACTA2+",0.0,0.0,0.0,0.0,0.4899376332759857,0.0007767953211441636,0.0,0.0,0.0,0.035099096596241,0.0,0.0,0.2100638747215271,0.16392581164836884,0.0,0.0,0.08931615948677063,0.0012135268189013004,0.0,0.00966708455234766,0.00012489296204876155,0.07241719216108322,0.8902570009231567,0.027901556342840195,7.330044127229485e-09,0.0019934738520532846,0.006036641076207161,0.0012691071024164557
3507,0,2,75,2238.408203125,3164.4638671875,65.21377563476562,23.0,"Stromal, Myoepi_ACTA2+, Endothelial",0.00023537708329968154,0.003582517383620143,0.009060698561370373,0.0,0.11746030300855637,0.024732306599617004,0.0014311439590528607,0.0,0.002063258783891797,0.02412896603345871,0.0008249625680036843,0.0,0.2445397973060608,0.0,0.0008548620389774442,0.0,0.557502269744873,0.00402741227298975,0.0,0.009556153789162636,0.0025056188460439444,0.006356417201459408,0.8078804612159729,0.046420346945524216,0.005942000076174736,0.045509736984968185,0.07184384763240814,0.013541484251618385
3509,2,2,32,2250.546875,3231.201171875,147.32177734375,15.0,"Myoepi_ACTA2+, DCIS_2, Stromal",0.0,0.000488072371808812,0.0003373423533048481,0.0,0.22462381422519684,0.0,0.0,0.0,0.0,0.0,0.0,0.0,0.5410782098770142,0.068599633872509,0.0,0.0,0.16487297415733337,0.0,0.0,0.0,0.0,0.053127944469451904,0.9404375553131104,0.0,1.401298464324817e-45,0.00594307342544198,0.0,0.000491395709104836
3510,0,7,44,2157.97119140625,3269.50634765625,103.20319366455078,48.0,"Stromal, B_Cells, Macrophages_1",0.08843984454870224,0.05062863975763321,0.0421249121427536,0.0,0.0,0.05764260143041611,0.0,0.0,0.0,0.08025285601615906,0.04477943107485771,0.0,0.002798698144033551,0.0,0.0,0.0,0.5998568534851074,0.0,0.0,0.033476173877716064,0.003039177507162094,0.0,0.00439015869051218,0.01592179946601391,0.0040781861171126366,0.23679041862487793,0.16795486211776733,0.5678253769874573
3511,0,3,43,2346.857666015625,3083.6904296875,172.44371032714844,63.0,"Stromal, Macrophages_1, CD4+_T_Cells",0.058585427701473236,0.09432490915060043,0.059945058077573776,0.0,0.0003879665455315262,0.05251425877213478,0.03997225686907768,0.0,0.0,0.15024331212043762,0.06971966475248337,0.0005113182123750448,0.003651362843811512,0.0,0.009675008244812489,0.0,0.36191409826278687,0.020198388025164604,0.0,0.07835695892572403,0.0010284427553415298,0.0,0.010066322982311249,0.4086807072162628,0.0021716859191656113,0.28554025292396545,0.13191235065460205,0.1606002300977707
3513,0,6,31,2407.367919921875,2990.947509765625,39.85842514038086,32.0,"Stromal, Endothelial, CD8+_T_Cells",0.04237956181168556,0.04300178214907646,0.030286235734820366,0.0,0.0,0.08458341658115387,0.01606171205639839,0.0,0.0,0.026207072660326958,0.012708336114883423,0.015978079289197922,0.0,0.0,0.0,0.0,0.7036871314048767,0.002590883756056428,0.0,0.02251586504280567,2.9941600956408243e-13,0.0,1.401298464324817e-45,0.09367895126342773,0.0,0.1913275271654129,0.5702426433563232,0.14475072920322418
3518,0,6,64,2121.541015625,3107.370361328125,43.889060974121094,13.0,"Stromal, Endothelial, Macrophages_1",0.0015282358508557081,0.00383556867018342,0.021287281066179276,0.0,0.0005880807293578982,0.0498143695294857,0.0,0.0,0.0,0.027693921700119972,0.0,0.0,0.03102758340537548,0.001925614313222468,0.0,0.0,0.8548546433448792,0.0,0.0,0.007444803137332201,0.013649837113916874,0.0,0.06422247737646103,0.07169730216264725,0.029259515926241875,0.0942627489566803,0.7234318256378174,0.0034762145951390266
3520,6,5,62,2293.445556640625,2722.2314453125,165.77212524414062,60.0,"CD4+_T_Cells, CD8+_T_Cells, Macrophages_1",0.11251306533813477,0.2495405375957489,0.16045106947422028,0.0,0.0,0.10180675238370895,0.004255087114870548,0.0,0.0,0.1192176565527916,0.042288608849048615,0.004271436482667923,0.0,0.0,0.021985113620758057,0.0,0.16332314908504486,0.002794808242470026,0.0,0.01755274087190628,2.802596928649634e-45,0.0,0.0,0.11440469324588776,0.0,0.549884021282196,0.21908707916736603,0.11662427335977554
3523,0,3,31,2334.472412109375,2803.779052734375,146.7049560546875,76.0,"Stromal, B_Cells, CD4+_T_Cells",0.2612841725349426,0.13561297953128815,0.030147960409522057,0.0,0.0,0.0,0.055276114493608475,0.0,0.0,0.052638061344623566,0.030501089990139008,0.03551255539059639,0.0,0.0,0.0,0.0,0.34643349051475525,0.021684743463993073,0.0,0.030908826738595963,0.0,0.0,0.0,0.5699496865272522,0.0,0.2636578679084778,4.7012096437981654e-09,0.16639244556427002
3528,0,7,31,2227.7568359375,2817.756591796875,89.94400024414062,47.0,"Stromal, Endothelial, CD4+_T_Cells",0.031026974320411682,0.11833783239126205,0.087358258664608,0.0,0.0,0.11903803050518036,0.0,0.0,0.0,0.04621114209294319,0.030818631872534752,0.0,0.0006229321006685495,0.0,0.0,0.0,0.5247336626052856,0.0035170449409633875,0.0,0.03833550587296486,1.362442493893501e-12,0.0,0.00225646561011672,0.1132085770368576,0.0020281316246837378,0.18128038942813873,0.1902451515197754,0.5109813213348389
3541,5,2,356,2000.1158447265625,2933.271484375,67.5135498046875,9.0,"DCIS_2, Myoepi_ACTA2+, Myoepi_KRT15+",0.0,0.0,2.6125389922526665e-05,0.0016835560090839863,0.7322904467582703,0.0023379602935165167,0.0,0.023406727239489555,0.0,0.00512436730787158,0.0,0.0,0.1305982768535614,0.03414687141776085,0.0,0.0,0.04490538313984871,0.0,0.0,0.025480253621935844,0.00040141204954124987,0.02987506426870823,0.9543141722679138,0.0015703237149864435,3.444039775184248e-15,0.00019865679496433586,0.013223412446677685,0.0004169753519818187
3544,0,7,32,1813.577392578125,3116.324462890625,171.95547485351562,46.0,"Stromal, B_Cells, CD8+_T_Cells",0.11243486404418945,0.07114244252443314,0.12089028209447861,0.0,0.0,0.0,0.0026169768534600735,0.0,0.0,0.04651147127151489,0.03277687355875969,0.0,0.0,0.0,0.0,0.0,0.5687717199325562,0.029234804213047028,0.0,0.015620477497577667,0.0018173865973949432,0.0,0.0,0.09936375170946121,0.0,0.23902148008346558,0.0,0.6597974300384521
3566,2,2,173,1958.6168212890625,3211.0302734375,151.7346649169922,15.0,"Myoepi_ACTA2+, Myoepi_KRT15+, Stromal",0.0,0.0,0.00010684812878025696,0.0,0.03970806673169136,0.004746477585285902,0.0,0.0,0.0,0.003988746553659439,0.0,0.0,0.44615742564201355,0.3459588587284088,0.0,0.0,0.15512853860855103,9.32307739276439e-05,0.0,0.004111892078071833,0.0074566141702234745,0.03847319260239601,0.7540175318717957,0.022304272279143333,0.1046406626701355,0.005473163444548845,0.06177849322557449,0.005855808965861797
3569,0,6,41,1814.9134521484375,3038.7158203125,88.25746154785156,14.0,"Stromal, Endothelial, Myoepi_ACTA2+",0.010490106418728828,0.0003969203098677099,0.015050636604428291,0.0,0.0,0.05753280967473984,0.00032394903246313334,0.0,0.0,0.0015889008063822985,0.00044548933510668576,0.0,0.04368595778942108,0.0,0.0,0.0,0.85202556848526,0.014103244990110397,0.0,0.004356423392891884,0.021476101130247116,0.0,0.07622485607862473,0.13111883401870728,0.057269949465990067,0.09612917900085449,0.5557368397712708,0.062044259160757065
3574,2,2,93,1851.190673828125,2917.41064453125,116.90201568603516,15.0,"Myoepi_ACTA2+, DCIS_2, Myoepi_KRT15+",0.0,0.0,0.0007427602540701628,0.0,0.23100553452968597,0.0035261441953480244,0.0,0.0027181694749742746,0.0,0.00392415514215827,0.0,0.0,0.5147005915641785,0.054132942110300064,0.0,0.0,0.18812677264213562,0.0,0.0,0.0011229829397052526,0.0003567551029846072,0.018970634788274765,0.9558019042015076,0.0,0.0007868878892622888,0.0036261812783777714,0.018721813336014748,0.001735854079015553
3577,0,6,86,1917.411865234375,2755.46337890625,50.67858123779297,23.0,"Stromal, Endothelial, Macrophages_1",0.00019548629643395543,0.0007380325114354491,0.05896218866109848,0.0,0.00567968562245369,0.08424586057662964,0.0,0.0,0.0017597867408767343,0.07139360159635544,0.0,0.0,0.06767214834690094,0.0010710349306464195,0.0,0.0,0.6961325407028198,0.0,0.0,0.01214960590004921,0.00999533012509346,0.0,0.10485240817070007,0.05320873484015465,0.031184546649456024,0.14355358481407166,0.6572055816650391,1.8522505227149833e-30
3609,0,3,45,1932.55224609375,3667.900390625,25.414535522460938,45.0,"Stromal, B_Cells, Macrophages_1",0.09059243649244308,0.03510815650224686,0.04034418612718582,0.0,0.0,0.03453037142753601,0.021881701424717903,0.0,0.00020796482567675412,0.051537126302719116,0.016916029155254364,0.0,0.0,0.0,0.004656526260077953,0.0,0.6640358567237854,0.0,0.0,0.0401897132396698,0.006862304173409939,0.0,0.0019575245678424835,0.5616734623908997,0.004584558308124542,0.12726573646068573,0.15426453948020935,0.1433919370174408
3622,6,7,33,1949.1783447265625,3462.138671875,271.3622131347656,62.0,"CD4+_T_Cells, B_Cells, Endothelial",0.12399209290742874,0.35850921273231506,0.1634572446346283,0.0,0.0,0.11148931086063385,0.0,0.0,0.0,0.036072373390197754,0.035495586693286896,0.0,0.0,0.0,0.010289832018315792,0.0,0.0858440026640892,0.02471870183944702,0.0,0.050131723284721375,0.0,0.0,0.0,0.11589715629816055,0.0,0.283711701631546,0.1391226351261139,0.4612685441970825
3638,6,7,32,1784.353759765625,3445.73486328125,166.18731689453125,96.0,"CD4+_T_Cells, Macrophages_1, Endothelial",0.12488892674446106,0.2087182253599167,0.12353110313415527,0.0,0.0,0.08901913464069366,0.007532163523137569,0.0,0.0,0.1574370414018631,0.04307328909635544,0.0,0.0,0.0,0.027046585455536842,0.0,0.15273374319076538,0.025856193155050278,0.0,0.04016359522938728,1.401298464324817e-45,0.0,0.0,0.10365202277898788,0.0,0.30580565333366394,0.17834734916687012,0.4121949374675751
3674,1,6,40,2888.25341796875,479.6036682128906,42.66156768798828,16.0,"Invasive_Tumor, Macrophages_1, Endothelial",0.0,0.0,0.0,0.0,0.0,0.07900165021419525,0.0,0.6243358254432678,0.0,0.16696158051490784,0.0,0.0,0.0,0.0,0.0,0.0022255443036556244,0.11056458950042725,0.0001072625964297913,0.0,0.016803529113531113,0.256075918674469,0.00011286674998700619,0.001983239082619548,0.0859799012541771,0.001102121896110475,0.010649598203599453,0.6440961956977844,2.3234481716372102e-07
3675,1,6,67,2914.565185546875,616.0390625,49.203861236572266,24.0,"Invasive_Tumor, Endothelial, Stromal",0.0,0.0007907941471785307,0.0002595182741060853,0.0,0.0,0.10308348387479782,0.0,0.7090078592300415,0.0,0.045980434864759445,0.0,0.0,0.0,0.0,0.0,0.04714035242795944,0.06552812457084656,0.0,0.001942747738212347,0.02626677416265011,0.2243293672800064,2.2475797805762357e-35,2.873660296728567e-23,0.034778039902448654,0.00014005853154230863,0.005593207199126482,0.7351594567298889,0.0
3687,1,6,31,2686.593017578125,670.8694458007812,70.00970458984375,24.0,"Invasive_Tumor, Macrophages_1, Stromal",0.0,0.0,0.0013635377399623394,0.0,0.0,0.06348231434822083,0.0,0.6387438178062439,0.0,0.11788816004991531,0.0,0.0,0.0,0.0,0.031053217127919197,0.01179516687989235,0.13422180712223053,0.0,0.001452036900445819,0.0,0.31007346510887146,1.401298464324817e-45,0.0027530521620064974,0.0,0.005822756793349981,0.011644250713288784,0.6697064638137817,7.749360902942315e-24
3698,1,6,50,2719.128173828125,251.2391357421875,76.68309020996094,34.0,"Invasive_Tumor, Stromal, Unlabeled",0.017606856301426888,0.018314572051167488,0.0001859530748333782,0.0,0.0,0.07996447384357452,0.0,0.6063207387924194,0.0,0.05619565024971962,0.0,0.0,0.0,0.0,0.015791654586791992,0.012386603280901909,0.10521773248910904,0.0,0.0,0.08801575750112534,0.27067407965660095,1.401298464324817e-45,0.00016048323595896363,0.00279247690923512,5.521679361008302e-26,0.016356341540813446,0.709032416343689,0.0009842098224908113
3725,3,6,31,2920.550537109375,1339.6090087890625,47.87711715698242,47.0,"Endothelial, Unlabeled, Stromal",0.023522023111581802,0.004324569832533598,0.03899366408586502,0.0,0.0,0.4353288412094116,0.0,0.07178271561861038,0.0,0.07016000896692276,0.0,0.0,0.0,0.0,0.01357673667371273,0.00630147522315383,0.20312203466892242,0.0,0.0,0.13288795948028564,0.15393096208572388,1.401298464324817e-45,1.401298464324817e-45,0.2255101501941681,1.7060808803154648e-41,0.15319809317588806,0.462775856256485,0.004584967158734798
3752,1,6,45,2655.3623046875,1521.8302001953125,82.94674682617188,61.0,"Invasive_Tumor, Endothelial, Macrophages_1",0.019589625298976898,0.0,0.0007947803242132068,0.0,0.011361422948539257,0.11275237053632736,0.0,0.541176438331604,0.0,0.05256882682442665,0.032463494688272476,0.0,0.0,0.0,0.01674191653728485,0.05611332133412361,0.08509624749422073,0.0,0.041280750185251236,0.03006083518266678,0.31321603059768677,0.0,0.005564255174249411,0.06268901377916336,1.401298464324817e-45,0.012950865551829338,0.45767515897750854,0.1479046493768692
3785,0,3,53,2923.681884765625,2216.124267578125,24.005844116210938,47.0,"Stromal, B_Cells, Endothelial",0.051629677414894104,0.030762670561671257,0.04513627290725708,0.0,0.0,0.0640653744339943,0.03746836632490158,0.007805556058883667,0.0019288539187982678,0.04799088463187218,0.03616481274366379,0.0,0.00014742030180059373,0.0,0.010802007280290127,0.0003586267994251102,0.615516185760498,0.0031943998765200377,0.011323448270559311,0.035705458372831345,0.03320400416851044,0.0,0.0017977242823690176,0.47805356979370117,0.004218188114464283,0.16459578275680542,0.1912579983472824,0.126872718334198
3787,0,5,62,2893.871826171875,2252.28076171875,57.529541015625,60.5,"Stromal, Macrophages_1, CD8+_T_Cells",0.0666397288441658,0.09048230201005936,0.07059680670499802,0.0,0.0,0.08737028390169144,0.014677053317427635,0.0,0.0057599651627242565,0.06402631103992462,0.004318976309150457,0.0,0.00016992750170174986,0.0,0.017843348905444145,0.0,0.5282295942306519,0.00968439131975174,0.0,0.04020132124423981,0.013791090808808804,0.0,0.00204017898067832,0.20227529108524323,0.004621558822691441,0.4976491332054138,0.20056840777397156,0.0790543183684349
3791,3,6,54,2736.292724609375,2177.558349609375,83.1181640625,45.0,"Endothelial, Perivascular-Like, Macrophages_1",0.005765251349657774,0.012901914305984974,0.0007366527570411563,0.0,0.0,0.3757062256336212,0.0,0.0,0.0,0.09823793917894363,0.0,0.0,0.030659731477499008,0.0,0.2296745330095291,0.0,0.19858048856258392,0.0,0.010182672180235386,0.03755464404821396,0.006805747747421265,0.0,0.018643412739038467,0.1605089008808136,0.022384820505976677,0.10282120108604431,0.6888359785079956,8.102180816347063e-26
3795,0,3,39,2671.827392578125,2277.047119140625,20.581295013427734,58.0,"Stromal, B_Cells, Macrophages_1",0.06235440447926521,0.042706385254859924,0.01671195589005947,0.0,0.0,0.0006145576480776072,0.027014194056391716,0.01919797994196415,0.0,0.08152380585670471,0.048951655626297,0.0012192836729809642,0.0010704597225412726,0.0,0.007992712780833244,0.0,0.6379567384719849,0.0,0.004111243411898613,0.04857456311583519,0.0600612536072731,8.552825177006521e-41,0.0033108978532254696,0.45510414242744446,0.005894768517464399,0.23528891801834106,0.04802054166793823,0.19231940805912018
3802,6,6,35,2949.383056640625,2378.639892578125,234.0914764404297,47.0,"CD4+_T_Cells, CD8+_T_Cells, Endothelial",0.04211115464568138,0.46946072578430176,0.1396518498659134,0.0,0.0,0.15895138680934906,0.0008273996645584702,0.0,0.031413543969392776,0.019036782905459404,0.0,0.0,0.0,0.0,0.03671389818191528,0.0,0.04178152233362198,0.010309407487511635,0.0,0.04974241182208061,0.0007647895254194736,0.0,0.0,0.10644637793302536,0.0,0.32981544733047485,0.5629733800888062,1.401298464324817e-45
3812,3,6,43,2798.408935546875,2047.9141845703125,40.575157165527344,24.0,"Perivascular-Like, Endothelial, Unlabeled",0.0,0.0,0.0032849363051354885,0.0,0.0,0.3419060707092285,0.0,0.009600779041647911,0.0,0.029450342059135437,0.0,0.0,0.0,0.0,0.3657391667366028,0.0,0.19107705354690552,0.0,0.003952641971409321,0.054988984018564224,0.09464924037456512,1.1377389416418142e-33,0.0011585541069507599,0.22043609619140625,0.009200230240821838,0.00994020514190197,0.6646158695220947,3.625579516747599e-41
3827,0,6,41,2646.1650390625,2408.1484375,112.21199035644531,47.0,"Stromal, Perivascular-Like, Macrophages_1",0.05810233950614929,0.01239429134875536,0.013470727019011974,0.0,0.0,0.06823662668466568,0.014025986194610596,0.0,0.0,0.07161673903465271,0.017870262265205383,0.016395453363656998,0.0,0.0,0.1280009150505066,0.0,0.5828893780708313,0.0,0.0,0.016997359693050385,0.0023060685489326715,0.0,0.0005284685757942498,0.0333380289375782,0.0010084533132612705,0.12785203754901886,0.6011035442352295,0.23386338353157043
3845,6,5,53,2630.565673828125,1883.5404052734375,111.02661895751953,61.0,"CD4+_T_Cells, Macrophages_1, CD8+_T_Cells",0.026714012026786804,0.35301673412323,0.13332751393318176,0.0,0.0,0.07748274505138397,0.0,0.010820338502526283,0.0,0.15698082745075226,0.0009081644238904119,0.0,0.0,0.0,0.04109077900648117,0.0015007873298600316,0.09344657510519028,0.00024283915990963578,0.01120244525372982,0.09326621890068054,0.09888103604316711,5.2051944125906785e-33,0.0007962380768731236,0.14669333398342133,0.006661443971097469,0.5292549133300781,0.2078738659620285,0.009839151985943317
3881,0,6,53,2857.701171875,3182.4599609375,74.01402282714844,34.0,"Stromal, Macrophages_1, Endothelial",0.00961207877844572,0.009175591170787811,0.059709805995225906,0.0,0.002548542572185397,0.08211898058652878,0.0,0.0,0.0,0.11704522371292114,0.0,0.0,0.06619482487440109,0.0053459517657756805,0.0,0.0,0.6102394461631775,0.024708282202482224,0.0,0.01330121885985136,0.019170239567756653,0.0,0.06257037073373795,0.04631398245692253,0.03276682272553444,0.31624966859817505,0.5229288935661316,1.5873274047511373e-36
3882,6,5,177,3027.385498046875,3026.228759765625,170.61279296875,47.0,"CD4+_T_Cells, CD8+_T_Cells, Stromal",0.032196808606386185,0.4222191870212555,0.18643496930599213,0.0,0.0,0.021150683984160423,0.004924692213535309,0.0,0.06948535144329071,0.052451860159635544,0.0,0.0,0.005282250698655844,0.0,0.008558999747037888,0.0,0.13532328605651855,0.008485190570354462,0.0,0.053486693650484085,0.0005074305809102952,0.0,2.090403421242425e-30,0.20286542177200317,0.00025602569803595543,0.6935350894927979,0.10283470153808594,1.3097816236040671e-06
3885,2,2,528,2786.26904296875,2946.01025390625,132.393798828125,16.0,"Myoepi_ACTA2+, Myoepi_KRT15+, DCIS_2",0.0008537821704521775,0.0,0.0039724563248455524,0.0,0.14132587611675262,0.0021212769206613302,0.0,0.0027995470445603132,0.0,0.018666546791791916,0.0,0.0,0.517195463180542,0.2036806344985962,0.0,0.0,0.10239439457654953,0.00024063388991635293,0.001906073186546564,0.00484329042956233,0.006034194491803646,0.046913523226976395,0.9010968804359436,0.007325548678636551,0.014492704533040524,0.00828736461699009,0.01265009492635727,0.0031995377503335476
3886,0,2,58,2905.46826171875,2880.06982421875,60.18693923950195,23.0,"Stromal, Myoepi_ACTA2+, Macrophages_1",0.025278910994529724,0.0,0.008206679485738277,0.0,0.037681300193071365,0.004409518558532,0.0,0.0,0.0,0.03902507200837135,0.0,0.0,0.2452760934829712,0.02525632455945015,0.0,0.0,0.6069425344467163,0.0020714346319437027,0.0,0.005852172151207924,0.03210897371172905,0.006265006028115749,0.7533193230628967,0.011442463845014572,0.08012862503528595,0.06052102893590927,0.04466497153043747,0.01154970470815897
3890,0,7,60,3048.14306640625,2866.22119140625,84.10357666015625,45.5,"Stromal, Endothelial, B_Cells",0.042299672961235046,0.05074348300695419,0.020260775461792946,0.0,0.0,0.058870259672403336,0.0,0.00012485357001423836,0.0,0.03405902907252312,0.03390870243310928,0.0,0.0,0.0,0.0,0.0,0.7176874279975891,0.0069945575669407845,0.0,0.03505142033100128,0.010823440738022327,0.0,0.0010781630408018827,0.1370738446712494,3.385996024007909e-05,0.23494714498519897,0.09731828421354294,0.5187252163887024
3892,0,3,47,2987.96875,2758.48876953125,73.59689331054688,22.0,"Stromal, B_Cells, IRF7+_DCs",0.0711652860045433,0.011832023970782757,0.008337236009538174,0.0,0.0,0.027037611231207848,0.022577816620469093,0.0,0.0,0.021344253793358803,0.0,0.0,0.0,0.0,0.0,0.0,0.8310556411743164,0.0007546953274868429,0.0,0.005895218346267939,0.005707613192498684,0.0,0.00048255943693220615,0.6360176205635071,0.0009403389412909746,0.18253129720687866,0.12730401754379272,0.04701646789908409
3901,0,6,65,2643.1689453125,3143.224609375,67.24130249023438,34.0,"Stromal, CD8+_T_Cells, Endothelial",0.03811865672469139,0.001893037580884993,0.1273483783006668,0.0,0.0,0.10885011404752731,0.006852582097053528,0.0,0.0,0.07158628851175308,0.0,0.0,0.00140391883905977,0.0,0.0017575911479070783,0.0,0.6111258864402771,0.01305173896253109,0.0,0.018011655658483505,0.013951895758509636,0.0,0.005231552757322788,0.18488498032093048,0.011222565546631813,0.33181479573249817,0.44906121492385864,0.003832914400845766
3905,5,2,109,2788.592041015625,2944.266845703125,85.35034942626953,9.0,"DCIS_2, Myoepi_KRT15+, Myoepi_ACTA2+",0.0,0.0,9.447396587347612e-05,0.0,0.5063402652740479,0.0,0.0,0.006938676815479994,0.0,0.00213769287802279,0.0,0.0,0.16028231382369995,0.3064810037612915,0.0,0.0,0.015348473563790321,0.0,0.0,0.0023771272972226143,0.00269163865596056,0.0669708177447319,0.9269145727157593,0.0019556626211851835,0.0005125208990648389,0.0,0.0003255675546824932,0.0006292532780207694
3921,0,3,37,3171.404052734375,4008.23681640625,19.84027099609375,33.0,"Stromal, B_Cells, IRF7+_DCs",0.1603531390428543,0.03044949099421501,0.0,0.0,0.0,0.0220332033932209,0.036737095564603806,0.0,0.0,0.0,0.013175536878407001,0.0,0.0,0.0,0.0,0.0,0.7072108387947083,0.002843773690983653,0.0,0.027196913957595825,1.401298464324817e-45,0.0,0.0,0.5910012125968933,2.2420775429197073e-44,0.019129274412989616,0.11561960726976395,0.27424997091293335
3922,0,5,32,3107.35888671875,3752.2509765625,16.425308227539062,33.0,"Stromal, B_Cells, Macrophages_1",0.05442678928375244,0.0006164417718537152,0.029166217893362045,0.0,0.0,0.0004494482127483934,0.0,0.0,0.0,0.0531502328813076,0.023464590311050415,0.0,0.0,0.0,0.0,0.0,0.7797722816467285,0.031224437057971954,0.0,0.027729574590921402,0.01804228685796261,0.0,0.00035050587030127645,0.15160967409610748,0.0027551124803721905,0.5427592396736145,0.03973088413476944,0.24475228786468506
3934,6,6,49,2731.579833984375,3468.5439453125,223.74742126464844,24.0,"CD4+_T_Cells, Endothelial, CD8+_T_Cells",0.10048971325159073,0.4611247777938843,0.23187565803527832,0.0,0.0,0.14970558881759644,0.01013657171279192,0.0,0.00452828174456954,0.020029623061418533,0.0,0.0,0.0,0.0,0.0,0.0,0.01692924089729786,0.0031248044688254595,0.0,0.002055793534964323,0.0,0.0,0.0,0.03209754079580307,0.0,0.333861380815506,0.6340412497520447,1.401298464324817e-45
3935,6,7,31,2635.99462890625,3464.59033203125,178.2161865234375,61.0,"CD8+_T_Cells, CD4+_T_Cells, B_Cells",0.13537780940532684,0.22262810170650482,0.3586868643760681,0.0,0.0,0.05703437328338623,0.033620744943618774,0.0,0.006117718759924173,0.05173157528042793,0.031216464936733246,0.0,0.0,0.0,0.0,0.0,0.07943673431873322,0.0,0.0,0.024149641394615173,3.7075124055263586e-06,0.0,0.0,0.12943211197853088,0.0,0.23799818754196167,0.15709754824638367,0.4754684269428253
4021,0,3,31,4049.63037109375,1172.172119140625,1.3702216148376465,16.0,"Stromal, Macrophages_1, Unlabeled",0.0,0.0,7.128975632042511e-09,0.0,0.0,1.020034233079059e-05,0.0,0.005751125048846006,0.0,0.06578568369150162,0.0001970639277715236,0.0,0.0,0.0,0.0,2.0795631883174792e-10,0.859113872051239,0.0,0.0005225688801147044,0.06861941516399384,0.13956119120121002,0.0,0.009309421293437481,0.7193141579627991,0.023342115804553032,0.009569486603140831,0.07474784553050995,0.024155881255865097
4040,1,6,119,3578.180908203125,1038.580322265625,70.77378845214844,24.0,"Invasive_Tumor, Stromal, Endothelial",0.0,0.0,0.007442307658493519,0.0,0.0,0.11902205646038055,0.0,0.5747165679931641,0.0,0.03770706057548523,0.0,0.0,0.0,0.0,0.000539193453732878,0.09178313612937927,0.1504201591014862,0.0,0.006105461157858372,0.012263878248631954,0.30309876799583435,0.0,1.401298464324817e-45,0.012394571676850319,0.0,0.004685863386839628,0.679820716381073,1.401298464324817e-45
4068,6,5,255,3867.876220703125,2234.896240234375,192.8454132080078,36.0,"CD4+_T_Cells, B_Cells, CD8+_T_Cells",0.2334180325269699,0.3485088348388672,0.1093883067369461,0.0,0.0,0.05662674456834793,0.010355236008763313,0.0,0.02117217145860195,0.0877106636762619,6.0718895838363096e-05,0.0,0.0023064620327204466,0.0,0.00941997580230236,0.0,0.09074144810438156,0.0010805717902258039,0.0,0.029210958629846573,0.0026574856601655483,0.0,4.819372989572912e-08,0.19047626852989197,0.00015364729915745556,0.6776206493377686,0.12555666267871857,0.0035352264530956745
4078,6,6,32,3878.554443359375,2197.55078125,235.0806121826172,48.0,"CD4+_T_Cells, Endothelial, CD8+_T_Cells",0.09409011155366898,0.4252680838108063,0.10300947725772858,0.0,0.0,0.1625637412071228,0.0054945750162005424,0.0,0.07677798718214035,0.03545229882001877,0.0,0.0,0.0,0.0,0.031234407797455788,0.0,0.03334925323724747,0.006853303872048855,0.0,0.025906771421432495,0.0,0.0,0.0,0.04683079570531845,0.0,0.36506494879722595,0.5881043076515198,0.0
4099,0,5,50,3676.352783203125,1942.34423828125,35.24066162109375,46.5,"Stromal, Macrophages_1, CD8+_T_Cells",0.06841922551393509,0.054154206067323685,0.08649720996618271,0.0,0.0,0.09025722742080688,0.0005217890138737857,0.005003267899155617,0.0,0.11429677158594131,0.00012072818208253011,0.0,0.003616757458075881,0.0,0.034017931669950485,0.0,0.4880668520927429,0.0,0.0,0.05502798408269882,0.06775422394275665,8.082952263066545e-05,0.0041641611605882645,0.13589346408843994,0.013932761736214161,0.4983224868774414,0.2515115439891815,0.02834051288664341
4152,0,2,211,3703.684814453125,3059.906982421875,47.605262756347656,23.0,"Stromal, Macrophages_1, CD8+_T_Cells",0.002158570569008589,0.003337612608447671,0.03406045213341713,0.0,0.08266580104827881,0.0339779332280159,0.0031897444278001785,0.00175929453689605,0.0,0.048560939729213715,0.0,0.0,0.23046626150608063,0.003267157357186079,0.0027063784655183554,0.0,0.548298180103302,5.7669214584166184e-05,0.0,0.005494117736816406,0.016994422301650047,0.005884549114853144,0.758623480796814,0.02367992326617241,0.025969279929995537,0.049501463770866394,0.11340195685625076,0.005945120006799698
4153,0,3,31,3979.91064453125,3267.35986328125,7.541404724121094,15.0,"Stromal, Unlabeled, B_Cells",0.0629439428448677,0.0014581455616280437,0.014448477886617184,0.0,7.536123121099081e-06,0.0,0.0,0.0,0.0,0.06607309728860855,0.0004978965152986348,0.0,0.00013618107186630368,0.0,0.0,0.0,0.8108718395233154,0.0,0.0,0.043562911450862885,0.04755132272839546,0.0,0.010333391837775707,0.5781514048576355,0.016495773568749428,0.20739975571632385,0.04067732021212578,0.09939098358154297
4156,2,2,44,3875.14208984375,3174.393798828125,71.03533935546875,25.0,"Myoepi_ACTA2+, DCIS_2, Stromal",8.660695311846212e-05,0.0,0.002872081706300378,0.0,0.25595828890800476,0.030227338895201683,0.0,0.0,0.0,0.02087542787194252,0.0,0.0,0.4723413288593292,0.03940353915095329,0.0007245313609018922,0.0,0.1775108426809311,0.0,0.0,0.0,0.0047909654676914215,0.04967990145087242,0.8103611469268799,3.003817289675761e-36,0.0006699702353216708,0.018078375607728958,0.11499928683042526,0.001420368324033916
4159,2,2,119,3633.116943359375,3178.847900390625,90.07093811035156,16.0,"Myoepi_ACTA2+, DCIS_2, Myoepi_KRT15+",9.78508178377524e-05,5.3200255933916196e-05,0.0,0.0,0.22141091525554657,0.0010647675953805447,0.0,0.0,0.0,0.014284911565482616,0.0,0.0,0.4656706750392914,0.12627635896205902,0.0,0.0,0.1711413860321045,0.0,0.0,0.0,3.1636904168408364e-05,0.028104672208428383,0.9496239423751831,0.0002959748962894082,0.003939025569707155,0.0060371216386556625,0.0087578184902668,0.003209800226613879
4160,5,2,37,3645.525390625,3115.186279296875,96.02056884765625,15.0,"DCIS_2, Myoepi_ACTA2+, Myoepi_KRT15+",0.0,0.0,0.0,0.0,0.4954444169998169,0.0,0.0009290954330936074,0.0,0.0,0.0,0.0,0.0,0.31539949774742126,0.07955984026193619,0.0,0.0,0.10866707563400269,0.0,0.0,0.0,0.0,0.043749477714300156,0.9557191729545593,1.3984625706760897e-29,1.401298464324817e-45,0.0,1.401298464324817e-45,0.0005313730798661709
4161,5,2,133,3691.015625,2961.421142578125,92.65908813476562,9.0,"DCIS_2, Myoepi_ACTA2+, Myoepi_KRT15+",0.0,0.0,0.002966005587950349,0.0,0.6389610171318054,0.0026722054462879896,0.0,0.0016646203584969044,0.0,0.0008001977112144232,0.0,0.0,0.2237478494644165,0.059034932404756546,0.0,0.0,0.07015327364206314,0.0,0.0,0.0,0.00042735718307085335,0.025134235620498657,0.9586189389228821,0.0,7.189532334450632e-05,0.0027552226092666388,0.012657892890274525,0.00033459419501014054
4162,2,2,200,3796.1826171875,2864.1123046875,106.69432830810547,16.0,"Myoepi_ACTA2+, Stromal, DCIS_2",0.0,0.0,0.012847309932112694,0.0,0.18278829753398895,0.023910265415906906,0.001234856666997075,0.0,0.0,0.016055157408118248,0.0,0.0,0.4829007685184479,0.10899204015731812,0.0,0.0,0.17055340111255646,0.0,0.0,0.0007178281084634364,0.014834841713309288,0.018540073186159134,0.8009025454521179,0.004620073828846216,0.04707944393157959,0.024175148457288742,0.08471192419528961,0.005136270076036453
4171,5,2,66,3743.528076171875,2809.967041015625,103.64385986328125,15.0,"DCIS_2, Myoepi_ACTA2+, Myoepi_KRT15+",0.0,0.0,0.0,0.0,0.5648271441459656,0.008855163119733334,0.0,0.0,0.0,0.0,0.0,0.0,0.24535800516605377,0.1310136616230011,0.0,0.0,0.04994608461856842,0.0,0.0,0.0,0.0,0.027895072475075722,0.9477181434631348,0.0,0.002174926223233342,0.0,0.02208555117249489,0.00012637555482797325
4184,0,7,32,3430.322021484375,2732.546875,10.957883834838867,14.0,"Stromal, B_Cells, Macrophages_2",0.06394558399915695,0.0,0.0,0.0,0.0,0.0,0.0,0.0,0.0,0.020421843975782394,0.03385813906788826,0.0,0.0,0.0,0.0,0.0,0.853445291519165,0.0,0.0,0.028329141438007355,0.015802964568138123,0.0,4.334495315561071e-06,0.0413912832736969,0.001967898104339838,0.1765488237142563,0.0808207169175148,0.683463990688324
4187,0,3,33,3986.59130859375,4086.7509765625,27.176359176635742,33.0,"Stromal, B_Cells, Macrophages_1",0.19959989190101624,0.0005946927121840417,0.005029777064919472,0.0,0.0,0.026499176397919655,0.0,0.0,0.0,0.0776853933930397,0.0,0.0,0.05614558607339859,0.019839823246002197,0.0,0.0,0.5696094632148743,0.00496427109465003,0.0,0.04003205895423889,0.024844758212566376,0.0,0.05006986856460571,0.4420720040798187,0.048398587852716446,0.16830521821975708,0.23282358050346375,0.033485934138298035
4195,2,2,66,4054.8466796875,3565.7431640625,84.08790588378906,34.0,"Myoepi_ACTA2+, Myoepi_KRT15+, Stromal",0.0006582621717825532,0.0016774057876318693,0.013587680645287037,0.0,0.1353304237127304,0.014363696798682213,0.0,0.0,0.0,0.049056556075811386,0.0,0.0,0.4052940011024475,0.17342033982276917,0.0,0.0,0.18878521025180817,0.009731161408126354,0.0,0.008095365017652512,0.006831711158156395,0.017179571092128754,0.8001629710197449,0.02759014442563057,0.006119586993008852,0.0728178396821022,0.06460851430892944,0.004689569119364023
4197,0,6,52,3969.617431640625,3686.934814453125,43.433719635009766,46.0,"Stromal, Macrophages_1, Endothelial",0.04406178742647171,0.030800925567746162,0.08267842233181,0.0,0.0,0.11688240617513657,0.0,0.0,0.0,0.10523266345262527,0.0,0.0,0.05518009886145592,0.0010813585249707103,0.0,0.0,0.5069049596786499,0.03525130823254585,0.0,0.021926146000623703,0.012235795147716999,0.0,0.03813068941235542,0.06934019178152084,0.020975904539227486,0.2786329686641693,0.5803179144859314,0.0003665548574645072
4200,0,2,46,3913.740478515625,3954.229248046875,157.1565399169922,47.0,"Stromal, CD8+_T_Cells, Macrophages_1",0.0,0.010451034642755985,0.1883026361465454,0.0,0.06297726929187775,0.05191843956708908,0.0,0.0,0.0,0.15359285473823547,0.0,0.0,0.155615895986557,0.0007039491320028901,0.0,0.0,0.3305532932281494,0.0016309992643073201,0.0,0.044253576546907425,0.009847808629274368,0.002243818249553442,0.6517065167427063,0.03214101865887642,0.02866574004292488,0.15496303141117096,0.1204320415854454,0.0
4210,5,2,50,3903.5009765625,3897.8330078125,107.82962799072266,33.5,"DCIS_2, Myoepi_ACTA2+, Unlabeled",0.0,0.006732984911650419,0.03622141852974892,0.0,0.4342089891433716,0.007982147857546806,0.0,0.0,0.0,0.0483868345618248,0.0,0.0,0.2850005030632019,0.024597719311714172,0.0,0.0,0.11435092240571976,0.0036964742466807365,0.0,0.038821954280138016,0.003973030019551516,0.023531051352620125,0.8478788733482361,0.019845375791192055,0.0013254010118544102,0.057648830115795135,0.045042987912893295,0.0007545732078142464
4217,0,6,33,3799.634765625,3849.910400390625,39.855751037597656,24.0,"Stromal, Endothelial, Macrophages_1",0.0002371168666286394,0.00754781486466527,0.01668526791036129,0.0,0.000263939902652055,0.09560158848762512,0.0,0.0,0.0,0.14600184559822083,0.0,0.0,0.07701649516820908,0.006302117370069027,0.0,0.0,0.6465383172035217,0.0036368819419294596,0.0,0.0001687815529294312,0.013713872991502285,0.0,0.07202267646789551,0.008323104120790958,0.03879164531826973,0.19721734523773193,0.6699312925338745,6.121385968707208e-39
4219,0,3,41,3751.494384765625,3589.4287109375,17.077041625976562,33.0,"Stromal, Macrophages_1, CD8+_T_Cells",0.10839464515447617,0.003534427611157298,0.09681568294763565,0.0,0.0,0.0,0.019619621336460114,0.0,0.0,0.1687714159488678,0.0036422836128622293,0.0,0.032684143632650375,0.003543291473761201,0.0,0.0,0.526556134223938,0.0003315620415378362,0.0,0.03610680624842644,0.03384868800640106,0.0,0.014665257185697556,0.5193719267845154,0.029991410672664642,0.2684922516345978,0.03342961147427559,0.10020085424184799
4220,0,7,70,3717.97998046875,3692.795654296875,70.58184814453125,63.0,"Stromal, B_Cells, Macrophages_1",0.1319313496351242,0.06365708261728287,0.09962441027164459,0.0,0.0,0.0604461133480072,0.0,0.0,0.0,0.157078817486763,0.04112379625439644,0.0035256098490208387,0.0,0.0,0.001740596373565495,0.0,0.36402520537376404,0.01618289388716221,0.0,0.06066411733627319,0.002759452909231186,0.0,0.00023487641010433435,0.1000598818063736,0.00022371206432580948,0.31315097212791443,0.06997229158878326,0.5135988593101501
4240,6,5,35,3656.739501953125,3751.782470703125,92.16798400878906,36.0,"Macrophages_1, CD8+_T_Cells, Stromal",0.0805290937423706,0.054006870836019516,0.16691438853740692,0.0,0.0,0.013651544228196144,0.00894402526319027,0.0,0.0,0.424388587474823,0.002550921170040965,0.0,0.0,0.0,0.0017735256114974618,0.0,0.19088946282863617,0.0011884107952937484,0.0,0.05516316741704941,0.0008898318628780544,0.0,2.802596928649634e-45,0.23582616448402405,0.0003740588144864887,0.6520922183990479,0.06435708701610565,0.04646068811416626
4252,0,3,41,3457.139404296875,3825.7001953125,18.718456268310547,34.0,"Stromal, CD8+_T_Cells, Macrophages_1",0.05029790475964546,0.0,0.10470786690711975,0.0,0.0,0.033896010369062424,0.022829579189419746,0.0,0.0,0.05010176822543144,0.015876024961471558,0.0,0.0,0.0,0.0,0.0,0.6855179667472839,0.007210558280348778,0.0,0.029562318697571754,0.023538030683994293,0.0,0.0008681138278916478,0.5159006118774414,0.0024663719814270735,0.2420460283756256,0.06771272420883179,0.14746816456317902
4253,0,7,33,3561.811279296875,3719.75537109375,41.56279373168945,34.0,"Stromal, Macrophages_1, Macrophages_2",0.033528413623571396,0.04265553131699562,0.08245386928319931,0.0,0.0,0.0005714957951568067,0.0,0.0,0.0,0.17668843269348145,0.04895612597465515,0.0,0.0,0.0,0.0,0.0,0.5594395995140076,0.0017685366328805685,0.0,0.05393810197710991,0.012741940096020699,0.0,0.0005726741510443389,0.20987890660762787,0.0008466995204798877,0.2847776710987091,0.009484133683145046,0.4816979765892029
4279,0,5,35,3688.254150390625,4560.37646484375,11.692805290222168,7.0,"Stromal, B_Cells, Stromal_&_T_Cell_Hybrid",0.03128062188625336,0.0,0.0,0.0,0.0,0.0,0.0,0.0,0.00020192920055706054,0.025369098410010338,0.0,0.0,0.0,0.0,0.0,0.0,0.9120535850524902,0.031094834208488464,0.0,0.0,0.036240942776203156,0.0,1.0910319956508596e-12,0.11942804604768753,0.012173331342637539,0.46442827582359314,0.1771336942911148,0.19059577584266663
4295,0,6,51,4698.853515625,653.2767944335938,53.21592330932617,47.0,"Stromal, Macrophages_1, Endothelial",0.10987899452447891,0.013194197788834572,0.025554144755005836,0.0,0.0,0.0826953873038292,0.010414615273475647,0.0,0.0,0.15050449967384338,0.012018883600831032,0.0,0.0,0.0,0.06383924186229706,0.0,0.5272377133369446,0.0,0.0,0.004662231542170048,0.0068783629685640335,0.0,0.00023419719946105033,0.10140557587146759,0.0026599960401654243,0.18423648178577423,0.5501071214675903,0.15447823703289032
4302,6,2,32,4865.2998046875,419.73553466796875,134.427978515625,78.0,"CD8+_T_Cells, Macrophages_1, CD4+_T_Cells",0.02625744603574276,0.12338872998952866,0.24895693361759186,0.0,0.10043878108263016,0.06606924533843994,0.001908906502649188,0.0007275951211340725,0.0,0.16468599438667297,0.0,0.0,0.053228333592414856,0.0016311112558469176,0.016634618863463402,0.0,0.12172147631645203,0.01650145649909973,0.0,0.05784935876727104,0.0026871911250054836,0.005040108226239681,0.5398000478744507,0.08126920461654663,0.011932384222745895,0.256197988986969,0.10307316482067108,2.6857669312719365e-25
4309,7,5,104,4706.37255859375,220.56471252441406,195.11660766601562,23.0,"Unlabeled, Macrophages_1, Stromal",0.03850763291120529,0.08661671727895737,0.023171385750174522,0.0033624900970607996,0.007182736415416002,0.005026333034038544,0.0,0.011538658291101456,0.0,0.06417316943407059,0.0,0.0,0.0007123040268197656,0.0,0.0019474443979561329,0.0,0.07260885834693909,0.0,0.0,0.6851523518562317,0.06607117503881454,0.003795393742620945,0.04353304207324982,0.08787291496992111,0.010046654380857944,0.7335055470466614,0.04987889528274536,0.005296322051435709
4311,6,7,58,4679.974609375,526.6549072265625,212.7550811767578,55.0,"CD8+_T_Cells, CD4+_T_Cells, Macrophages_1",0.1239032968878746,0.1943068653345108,0.23541739583015442,0.0,0.0008367900154553354,0.025204669684171677,0.0013310556532815099,0.0,0.0,0.19478511810302734,0.04175763949751854,0.0,0.0029735711868852377,0.0005399059737101197,0.012646911665797234,0.0,0.12425597757101059,0.0,0.0,0.04204079508781433,4.801753612782012e-13,0.0,0.011354274116456509,0.09784465283155441,0.003914165776222944,0.333688348531723,0.06266438215970993,0.4905340373516083
4320,6,5,33,4639.73193359375,433.2377624511719,158.47030639648438,62.0,"CD8+_T_Cells, Macrophages_1, Stromal",0.06444106251001358,0.1678411364555359,0.23080004751682281,0.0,0.006505995057523251,0.0546705536544323,0.0,0.001070166239514947,0.0,0.20198078453540802,0.003022455610334873,0.0,0.02741633541882038,0.0,0.018728047609329224,0.0,0.17546483874320984,0.0,0.0,0.048058632761240005,0.0018232304137200117,0.0,0.08051346987485886,0.1210542842745781,0.039193294942379,0.46425190567970276,0.2587355375289917,0.03442830219864845
4327,0,2,33,4857.0244140625,255.33187866210938,113.69058990478516,62.0,"Stromal, CD8+_T_Cells, Unlabeled",0.0005889381864108145,0.03554004058241844,0.06243486702442169,0.005369671154767275,0.18485787510871887,0.03351622074842453,0.0,0.11203517019748688,0.0,0.07053282111883163,0.0,0.0,0.05218802019953728,0.004813774488866329,0.0,0.0,0.3403642475605011,0.0,0.0,0.09775833040475845,0.09643964469432831,0.08600950241088867,0.5728697180747986,0.005656232126057148,0.0008396378252655268,0.157405287027359,0.08077994734048843,0.0
4333,6,5,79,4590.419921875,284.5512390136719,223.89678955078125,61.0,"CD4+_T_Cells, CD8+_T_Cells, Unlabeled",0.06328343600034714,0.31169769167900085,0.14135339856147766,0.0014758679317310452,0.006393387448042631,0.03564213216304779,0.013411463238298893,0.001267794519662857,0.0,0.14639542996883392,0.0,0.0,0.0025824783369898796,0.0,0.030498718842864037,0.0,0.08384149521589279,0.0,0.0,0.16215677559375763,0.009622189216315746,0.0058982232585549355,0.025464661419391632,0.16562053561210632,0.010101116262376308,0.6769706606864929,0.10632246732711792,8.91234832211174e-18
4346,6,2,145,4395.0859375,457.3659973144531,173.15390014648438,61.0,"CD8+_T_Cells, CD4+_T_Cells, Macrophages_1",0.039169590920209885,0.2453882396221161,0.2301158457994461,0.0011849642032757401,0.10436724871397018,0.03067704848945141,0.008597583509981632,0.0010889782570302486,0.0,0.15774951875209808,0.0,0.0,0.08592839539051056,0.0016081348294392228,0.008009146898984909,0.0,0.0674680545926094,0.002073272131383419,0.0,0.016574067994952202,0.003894680878147483,0.008025690913200378,0.5674896836280823,0.060509465634822845,0.012120699509978294,0.266117662191391,0.08176174759864807,8.05905438028276e-05
4355,7,2,31,4514.1630859375,224.48703002929688,75.49816131591797,22.0,"Unlabeled, DCIS_2, Myoepi_ACTA2+",0.0,0.0007098038913682103,0.0,0.0023746255319565535,0.09207512438297272,0.01123502105474472,0.0,0.021876446902751923,0.0,0.020008090883493423,0.0,0.0,0.027993956580758095,0.002710985019803047,0.0,0.0,0.04840772971510887,0.018016699701547623,0.0,0.7545915246009827,0.012532001361250877,0.08329636603593826,0.7870922684669495,0.013858593069016933,0.014800588600337505,0.047300197184085846,0.041119929403066635,0.0
4358,7,4,33,4392.0810546875,226.15408325195312,66.26483154296875,16.0,"Unlabeled, DCIS_1, Stromal",0.0,0.002976871095597744,0.0055443099699914455,0.12100309133529663,0.04057955741882324,0.0005082073621451855,0.0,0.07949858158826828,0.0,0.0021136493887752295,0.0007999053923413157,0.0,0.006158473901450634,0.0,0.0,0.0,0.0626692995429039,0.0006070933886803687,0.0,0.6775409579277039,0.03166178613901138,0.20127099752426147,0.049341294914484024,1.401298464324817e-44,0.6538853049278259,0.02409421280026436,5.605193857299268e-45,0.009443425573408604
4359,7,1,30,4431.78955078125,244.27403259277344,79.56919860839844,34.5,"Unlabeled, DCIS_1, Invasive_Tumor",0.0,0.008536900393664837,0.004277793690562248,0.07776620239019394,0.07835104316473007,0.008120344951748848,0.0,0.09909513592720032,0.0,0.003273942042142153,0.0,0.0,0.019168516620993614,0.01777174323797226,0.0,0.0,0.06533098965883255,0.002541185822337866,0.0,0.6157662868499756,0.009441898204386234,0.5988444089889526,0.1677469164133072,0.0016656500520184636,0.15635815262794495,0.021838746964931488,0.010770865716040134,0.0
4373,6,2,60,4258.54638671875,521.241455078125,182.06822204589844,79.0,"CD8+_T_Cells, Macrophages_1, CD4+_T_Cells",0.044498737901449203,0.25563353300094604,0.18473868072032928,0.0037918402813374996,0.11278165876865387,0.05448663979768753,0.006975775584578514,0.0,0.004314711317420006,0.1442151814699173,0.0,0.0,0.059683773666620255,0.002021905267611146,0.007370211184024811,0.0,0.07852774113416672,0.0,0.0,0.04095963016152382,4.250871151269779e-20,0.019794108346104622,0.527113139629364,0.0770694687962532,0.0066581848077476025,0.2953971326351166,0.07101721316576004,0.0029508136212825775
4383,5,2,169,4277.40673828125,471.0052795410156,102.97456359863281,61.0,"DCIS_2, Myoepi_ACTA2+, Myoepi_KRT15+",0.007797213736921549,0.0719335675239563,0.059415172785520554,0.005985187366604805,0.49458688497543335,0.01983756758272648,0.003733858233317733,0.0075791990384459496,0.0,0.0874769538640976,0.0,0.0,0.10666391253471375,0.05080355703830719,0.004693080671131611,0.0,0.0632057934999466,0.00039043251308612525,0.0,0.015897614881396294,0.015782995149493217,0.06994437426328659,0.6534225344657898,0.0349322110414505,0.010686268098652363,0.17648503184318542,0.03843175619840622,0.0003147414536215365
4447,0,6,45,4378.32861328125,1399.1263427734375,17.304231643676758,14.0,"Stromal, Endothelial, CD4+_T_Cells",0.01709841564297676,0.020084276795387268,4.34180194019973e-08,0.0,0.0,0.1945641189813614,0.0,2.6366278689238243e-06,0.0,6.58256612950936e-05,0.0005038483068346977,0.0,0.0,0.0,0.0,0.0,0.7676807045936584,0.0,1.4401599912616803e-07,9.844343651366216e-08,0.020387453958392143,0.0,0.0035053740721195936,0.024673262611031532,0.004419307690113783,0.1519688218832016,0.7134409546852112,0.08160477876663208
4471,0,7,41,4394.20703125,2499.07421875,4.180351734161377,15.0,"Stromal, Macrophages_2, Macrophages_1",0.0,1.181739435196505e-06,0.03299475088715553,0.0,0.0,0.005994804669171572,0.006167082581669092,0.0038426348473876715,0.0,0.04105490446090698,0.08261451125144958,0.0,0.0,0.0,8.23668233351782e-06,0.0,0.8272741436958313,0.0,4.437823918124195e-06,4.326436828705482e-05,0.08622517436742783,0.0,0.01425336953252554,0.03746122121810913,0.02378559485077858,0.08290184289216995,0.17144936323165894,0.58392333984375
4475,0,7,35,4675.60009765625,3037.99365234375,9.042522430419922,23.0,"Stromal, Macrophages_2, IRF7+_DCs",0.02988356165587902,0.00928017869591713,0.019311275333166122,0.0,0.0,0.00020888447761535645,0.010985110886394978,0.0,0.0,0.06722021847963333,0.0683671236038208,0.0,0.0,0.0,0.0,0.0,0.7946702241897583,0.0,0.0,7.350540545303375e-05,0.059328943490982056,0.0,0.004259645473212004,0.06422020494937897,0.014570489525794983,0.25654658675193787,0.06386931240558624,0.5372048616409302
4476,6,3,42,4802.89306640625,2845.42626953125,149.29420471191406,60.5,"CD4+_T_Cells, Stromal, Unlabeled",0.03513680398464203,0.476919025182724,0.03677129000425339,0.0,0.0,0.04105840250849724,0.0527716763317585,0.0,0.03406137228012085,0.0718553438782692,0.0,0.0,0.0,0.0,0.003270630957558751,0.0,0.14551489055156708,0.02370564080774784,0.0,0.07893494516611099,0.0005904965219087899,0.0,4.4970975541484565e-32,0.5635256767272949,4.512381919445023e-33,0.3559456765651703,0.07993823289871216,2.2526040934985472e-18
4477,0,3,45,4779.7412109375,2801.949951171875,19.524211883544922,46.0,"Stromal, Macrophages_2, Unlabeled",0.023075368255376816,0.11492964625358582,0.0130638238042593,0.0,0.0,0.0003792807983700186,0.03914393112063408,0.0006522563635371625,0.008081411011517048,0.05713248252868652,0.04704359918832779,0.0,0.00021641631610691547,0.0,0.0013943628873676062,0.00011039959645131603,0.6290327906608582,0.01531417015939951,8.173719834303483e-05,0.05034828558564186,0.024474581703543663,0.0,0.0017359263729304075,0.6127870082855225,0.00446226354688406,0.19324670732021332,0.03994059935212135,0.12335287779569626
4478,6,5,101,4756.12646484375,2890.000732421875,191.3394775390625,48.0,"CD4+_T_Cells, Macrophages_1, Stromal",0.055988095700740814,0.4333130121231079,0.060251954942941666,0.0,0.0,0.06256680190563202,0.0008360224892385304,0.0,0.004268627148121595,0.13185548782348633,0.0,0.0,0.0,0.0,0.01717773824930191,0.0,0.1460939645767212,0.023167572915554047,0.0,0.06448086351156235,0.00026828833506442606,0.0,1.638117904795711e-42,0.23827750980854034,4.050942524133627e-13,0.6454474329948425,0.11600611358880997,7.151951422201819e-07
4481,3,6,30,4660.541015625,2850.9951171875,44.60530471801758,24.0,"Perivascular-Like, Endothelial, Myoepi_ACTA2+",0.0032174065709114075,0.009015589952468872,0.0006073901895433664,0.0,0.0,0.31320497393608093,0.0046518645249307156,0.0,0.0,0.052253782749176025,0.0,0.0,0.039082568138837814,0.0,0.36703386902809143,0.0,0.20566736161708832,0.004618511069566011,0.0,0.0006466525956057012,0.0010923183290287852,0.0,0.0005892794579267502,0.07837247848510742,2.1097417185458002e-39,0.08970440924167633,0.8193492889404297,0.010892233811318874
4490,1,0,58,4760.912109375,2666.4599609375,44.29874038696289,15.5,"Invasive_Tumor, Stromal, Prolif_Invasive_Tumor",0.0,0.0,0.009901762939989567,0.0,0.0,0.0,0.0,0.7341412305831909,0.0,0.04397479444742203,0.0,0.0,0.0,0.0,0.0,0.02918609417974949,0.17390641570091248,0.0,0.0,0.008889657445251942,0.7162363529205322,0.0,0.010247680358588696,0.09422559291124344,0.030435126274824142,0.07799912989139557,0.04504360258579254,0.025812501087784767
4495,6,5,264,4375.92333984375,3183.35888671875,205.2451171875,35.0,"B_Cells, CD4+_T_Cells, CD8+_T_Cells",0.29876625537872314,0.28453493118286133,0.15349790453910828,0.0,0.0,0.0026707027573138475,0.0015050036599859595,0.0,0.0069869644939899445,0.10210218280553818,0.0,0.0,0.0002825334668159485,0.0,0.0010933191515505314,0.0,0.08362264186143875,0.008991182781755924,0.0,0.05594634264707565,0.0009969817474484444,0.0,0.0007836013683117926,0.17478503286838531,0.0011696029687300324,0.801210343837738,0.021053003147244453,1.37578058456711e-06
4500,0,3,54,4264.6259765625,3280.174560546875,83.02363586425781,48.0,"Stromal, CD8+_T_Cells, Macrophages_1",0.05485963076353073,0.11811768263578415,0.13191206753253937,0.0,0.0006459454889409244,0.010444842278957367,0.04165421426296234,0.0,0.005448430776596069,0.18712835013866425,0.0,0.0,0.005177975632250309,0.0,0.0,0.0,0.35757219791412354,0.0025754300877451897,0.0,0.0844632238149643,0.0005118355038575828,0.0,0.016940444707870483,0.5279572010040283,0.0018387839663773775,0.40077099204063416,0.05090045928955078,0.0010802726028487086
4507,0,2,43,4332.755859375,2920.71826171875,15.110494613647461,35.0,"Stromal, Endothelial, Macrophages_1",0.014859520830214024,0.017076153308153152,0.022786790505051613,0.0,0.12707552313804626,0.06276736408472061,0.0,0.0,0.0,0.06638628989458084,0.0,0.0,0.12636195123195648,0.0017067829612642527,0.0,0.0,0.5277427434921265,0.013708051294088364,0.0,0.019528865814208984,0.0034236523788422346,0.007607888896018267,0.6092118620872498,0.058748479932546616,0.017098108306527138,0.10056349635124207,0.19700585305690765,0.006340725347399712
4511,5,2,172,4313.87939453125,2927.442138671875,88.6129379272461,15.0,"DCIS_2, Myoepi_ACTA2+, Stromal",0.00010933054727502167,0.0001304705801885575,0.0030090452637523413,0.0,0.7373957633972168,0.019808178767561913,0.0,0.006395423319190741,0.0,0.012106586247682571,0.0,0.0,0.12531474232673645,0.01089475303888321,0.0,0.0,0.08297000825405121,0.0004002730129286647,0.0,0.001465504989027977,0.0029189593624323606,0.037512749433517456,0.8708937168121338,0.0061457110568881035,0.005876091308891773,0.007245090324431658,0.06889720261096954,0.0005104744341224432
4529,5,2,67,4522.00634765625,3906.4365234375,76.61082458496094,9.0,"DCIS_2, Myoepi_ACTA2+, Stromal",0.0010318858548998833,0.0,0.0029282034374773502,0.0,0.6672006249427795,0.009511136449873447,0.0,0.0,0.0,0.0049812691286206245,0.0,0.0,0.19010184705257416,0.0,0.0,0.0,0.12424512952566147,0.0,0.0,0.0,0.0005806601257063448,6.6654212700731786e-15,0.96429842710495,8.771133125362596e-11,0.0010431194677948952,0.0061004008166491985,0.024996109306812286,0.0029813172295689583
4532,0,5,48,4666.20068359375,3988.397705078125,45.53275680541992,47.0,"Stromal, Endothelial, Unlabeled",0.04334211349487305,0.0380379743874073,0.046093594282865524,0.0,0.0,0.13157938420772552,0.0,0.0,0.0,0.06210799142718315,0.010665412060916424,0.0,0.0,0.0,0.0,0.0,0.6052858829498291,0.024013958871364594,0.0,0.03887375071644783,0.0012540906900539994,0.0,0.00023850396974012256,0.13565422594547272,0.0012857035035267472,0.46191486716270447,0.29602357745170593,0.103628970682621
4538,5,2,99,4505.45947265625,3638.8681640625,75.14073181152344,23.0,"DCIS_2, Myoepi_ACTA2+, Myoepi_KRT15+",6.285557174123824e-05,0.0,0.0005568625056184828,0.025218594819307327,0.5409824252128601,0.005054192617535591,0.0,0.01307456661015749,0.0,0.0009937110589817166,0.0,0.0,0.15622074902057648,0.07262825965881348,0.0,0.0,0.12236509472131729,0.0,0.0,0.06284262239933014,0.014661291614174843,0.0707770362496376,0.8504700064659119,0.012903653085231781,0.022844936698675156,0.0030043332371860743,0.02480900101363659,0.0005299666663631797
4540,0,7,48,4688.62451171875,3798.274658203125,15.384403228759766,32.0,"Stromal, Macrophages_1, Macrophages_2",0.03929818049073219,0.033562831580638885,0.04688407480716705,0.0,0.0,0.03273211047053337,0.0,0.0,0.0,0.05708758160471916,0.062255922704935074,0.0,0.0011321129277348518,0.0,0.0,0.0,0.7049305438995361,0.019960423931479454,0.0,0.00215612119063735,0.007645875681191683,0.0,0.007715760264545679,0.050987642258405685,0.016400102525949478,0.2736532390117645,0.18119730055332184,0.4624001681804657
4547,5,2,33,4386.5263671875,4107.7421875,76.25763702392578,9.0,"DCIS_2, Myoepi_ACTA2+, Stromal",0.0,0.0,0.005147960502654314,0.0,0.5581537485122681,0.0,0.0,0.0,0.0,0.015781117603182793,0.0,0.0,0.2586511969566345,0.0,0.0,0.0,0.15704597532749176,0.0,0.0,0.005220102611929178,0.005101571325212717,0.0,0.9515157341957092,0.013201055116951466,0.002227283315733075,0.024901410564780235,0.0003975566942244768,0.002655330579727888
4550,0,2,56,4356.87939453125,4080.2265625,26.298667907714844,29.0,"Stromal, Macrophages_1, CD8+_T_Cells",0.0,0.00862465612590313,0.056220412254333496,0.0,0.0850774273276329,0.015591208823025227,0.0,0.0,0.006077509373426437,0.10888727754354477,0.0020797408651560545,0.0,0.1501663774251938,0.001686791772954166,0.0,0.0,0.5455726385116577,0.0050391885451972485,0.0,0.014976819045841694,0.007439957000315189,0.0004694431845564395,0.7358209490776062,0.03954898566007614,0.011732997372746468,0.11336560547351837,0.06799223273992538,0.023629870265722275
4556,2,2,39,4484.94873046875,3547.425048828125,48.70953369140625,24.0,"Myoepi_ACTA2+, Stromal, Myoepi_KRT15+",0.0,0.0,0.0027428881730884314,0.002896292135119438,0.15309254825115204,0.02362333983182907,0.0,0.001916704117320478,0.0,0.02222180925309658,0.0,0.0,0.5114972591400146,0.08708765357732773,0.0,0.0,0.16530488431453705,0.00023815501481294632,0.0,0.02937857247889042,0.0127137815579772,0.0004126139101572335,0.8305235505104065,0.021275941282510757,0.02264718897640705,0.021135637536644936,0.08921714127063751,0.0020740851759910583
4558,5,2,38,4207.52294921875,4007.607666015625,85.73661804199219,24.0,"DCIS_2, Myoepi_KRT15+, Myoepi_ACTA2+",0.0008341553620994091,0.0,0.009351669810712337,0.0,0.42156049609184265,0.004647461231797934,0.0,0.014553510583937168,0.0,0.013764637522399426,0.0,0.0,0.29443255066871643,0.09643031656742096,0.0,0.0,0.13957051932811737,0.0028959198389202356,0.0,0.0019588777795434,0.015635155141353607,0.03867343068122864,0.8799020648002625,0.011848129332065582,0.00020221581507939845,0.009805950336158276,0.04161300137639046,0.0023200628347694874
4580,5,2,80,4327.0986328125,3743.714111328125,77.17947387695312,15.0,"DCIS_2, Myoepi_ACTA2+, Myoepi_KRT15+",0.0005956394015811384,0.0,0.0028333845548331738,0.0,0.6141484975814819,0.01051726471632719,0.0,0.0,0.0,0.012709692120552063,0.0,0.0,0.16770131886005402,0.07988835871219635,0.0,0.0,0.11160582304000854,0.0,0.0,0.0,0.0012711869785562158,0.02163590118288994,0.9207994341850281,4.344025239406933e-44,0.0018343388801440597,0.005624748766422272,0.047073327004909515,0.0017610745271667838
4607,5,1,126,4252.26123046875,4908.85302734375,144.8751220703125,8.0,"DCIS_2, DCIS_1, Myoepi_ACTA2+",0.0,0.0018039112910628319,0.009083742275834084,0.0740060955286026,0.8299628496170044,0.0032896455377340317,0.0,0.0,0.0,0.002286789705976844,0.0,0.0,0.045988280326128006,0.0,0.0,0.0,0.01746218092739582,0.0,0.0,0.01611672341823578,1.401298464324817e-45,0.6355571150779724,0.25453609228134155,0.006840142421424389,0.08483661711215973,0.007226676680147648,0.011003384366631508,3.12923813724207e-31
4643,2,2,35,5642.16650390625,371.3296203613281,134.5133514404297,34.0,"Myoepi_ACTA2+, Stromal, Macrophages_1",0.013537856750190258,0.002413766225799918,0.006623119581490755,0.0,0.20999890565872192,0.0378471203148365,0.000495067797601223,0.006116009782999754,0.0,0.13565829396247864,0.0,0.0,0.3921995162963867,0.0019106954568997025,0.0,0.0,0.16971786320209503,0.0004997932119295001,0.0,0.022982029244303703,0.06829949468374252,0.0004914563032798469,0.6734126210212708,0.06718730926513672,0.01287370640784502,0.040024787187576294,0.13363882899284363,0.004071866627782583
4650,0,7,99,5534.06396484375,647.8319091796875,48.94568634033203,47.0,"Stromal, Macrophages_1, Endothelial",0.0399874746799469,0.05160941928625107,0.025041310116648674,0.0,0.00048444527783431113,0.13516373932361603,0.0027148867957293987,0.0,0.0,0.14053098857402802,0.04239337518811226,0.0,0.0033621513284742832,0.0,0.015397668816149235,0.0,0.49266862869262695,0.0033899215050041676,0.0,0.047255970537662506,0.005518706049770117,0.0,0.017092226073145866,0.1237272173166275,0.005934273358434439,0.1770474910736084,0.24341295659542084,0.4272672235965729
4672,5,2,698,5462.11474609375,379.2058410644531,90.41706848144531,22.0,"DCIS_2, Myoepi_ACTA2+, Macrophages_1",0.0009498962317593396,0.0028064772486686707,0.01578296348452568,0.0006584632210433483,0.6959150433540344,0.02328520454466343,2.074149415420834e-05,0.015570098534226418,0.0,0.0516539067029953,0.00024324293190147728,0.0,0.09087471663951874,0.031551629304885864,0.00044596983934752643,0.0,0.04701048135757446,0.0013434949796646833,0.002973579103127122,0.018913986161351204,0.0339098758995533,0.07328633219003677,0.7601813077926636,0.014257232658565044,0.00642017088830471,0.046474166214466095,0.06285466998815536,0.0026162699796259403
4688,6,6,47,5701.96923828125,186.56341552734375,235.09852600097656,23.0,"CD4+_T_Cells, Endothelial, LAMP3+_DCs",0.004270376171916723,0.7281916737556458,0.04085021838545799,0.0,0.0,0.12834034860134125,0.0,0.0,0.03245202824473381,0.000455771223641932,0.0,0.0,0.0015554091660305858,0.0,0.014931242913007736,0.0,0.028337303549051285,0.0,0.0,0.020615609362721443,0.0,0.0,0.0,0.0338517427444458,0.0,0.2969549000263214,0.6691934466362,7.155694174314606e-38
4701,7,1,95,5275.05224609375,123.05242919921875,76.63932800292969,16.0,"Unlabeled, Invasive_Tumor, DCIS_2",0.0,0.005402399227023125,0.0006177303148433566,0.047898679971694946,0.09673465043306351,0.006011401768773794,0.0,0.162748783826828,0.0,0.004789433442056179,0.0,0.0,0.0,0.0028349468484520912,0.0,0.0,0.03561033308506012,0.0,0.0022636395879089832,0.6350879669189453,0.03559715300798416,0.7421276569366455,0.1390308290719986,0.00043700714013539255,0.009470346383750439,0.023592811077833176,0.0076388949528336525,0.0
4704,6,5,224,5277.62939453125,537.3722534179688,114.5745620727539,48.0,"CD8+_T_Cells, CD4+_T_Cells, Macrophages_1",0.07402442395687103,0.22812815010547638,0.20973984897136688,0.0,0.001972386846318841,0.054972629994153976,0.004885557573288679,0.002574559533968568,0.0,0.17871902883052826,0.004186944104731083,0.004123259801417589,0.008632739074528217,0.0,0.0045431749895215034,0.0,0.14751207828521729,0.013159559108316898,0.0,0.0628257542848587,0.010963299311697483,0.0,0.022566797211766243,0.1880166381597519,0.00749103631824255,0.5988320708274841,0.14481022953987122,0.027320021763443947
4727,5,1,119,5298.03759765625,192.97486877441406,73.40312194824219,15.0,"DCIS_2, Invasive_Tumor, Unlabeled",0.0,0.00012144881475251168,0.0005385034019127488,0.04471119865775108,0.709873378276825,0.00018442384316585958,0.0,0.13163435459136963,0.0,0.0014285839861258864,0.0,0.0,0.0013438845053315163,0.00509557593613863,0.0,0.0,0.005569652188569307,0.0,0.005443704780191183,0.0940551608800888,0.015272912569344044,0.6445142030715942,0.33472949266433716,0.0004383889026939869,0.00027794906054623425,0.0039023857098072767,0.0008647966897115111,0.0
4730,5,2,163,5087.63720703125,385.0572814941406,113.29486083984375,44.0,"DCIS_2, Myoepi_ACTA2+, Myoepi_KRT15+",0.003155323676764965,0.007461170665919781,0.021120911464095116,0.004212471656501293,0.556719183921814,0.03182569146156311,0.0,0.005442704074084759,0.0,0.0485982783138752,0.0010406464571133256,0.0,0.15839527547359467,0.0532870888710022,0.008013500832021236,0.0,0.07726436853408813,0.004313798621296883,0.0,0.019149592146277428,0.01616516336798668,0.0753643810749054,0.7033922076225281,0.030076805502176285,0.02661599963903427,0.06911474466323853,0.07458328455686569,0.004687685985118151
4731,0,2,58,5115.4931640625,322.3470153808594,104.88316345214844,77.0,"Stromal, Macrophages_1, Endothelial",0.021152300760149956,0.017028383910655975,0.03875190392136574,0.004208412952721119,0.13238121569156647,0.050844706594944,0.0,0.00838836282491684,0.0,0.12336833775043488,0.00849828403443098,0.0005873816553503275,0.11842004209756851,0.013224506750702858,0.02067539654672146,0.0,0.3788627088069916,0.024284638464450836,0.0,0.039323460310697556,0.029694631695747375,0.044536590576171875,0.5870038866996765,0.027930445969104767,0.040656302124261856,0.15648368000984192,0.07854011654853821,0.03515441715717316
4733,0,5,37,5262.59814453125,382.24365234375,104.43208312988281,77.0,"Stromal, Macrophages_1, CD4+_T_Cells",0.059020962566137314,0.12205657362937927,0.08916957676410675,0.0,0.0005508217145688832,0.07544544339179993,0.0018740243976935744,0.0,0.0,0.1510562300682068,0.01699964888393879,0.006289638578891754,0.015296212397515774,0.0,0.021710127592086792,0.0,0.3671891987323761,0.026574844494462013,0.0,0.0467667318880558,0.003077680943533778,0.0,0.03293617442250252,0.09424255043268204,0.02420969121158123,0.5387396812438965,0.1909489929676056,0.11584527045488358
4735,5,2,111,5174.62548828125,726.0003662109375,99.23815155029297,35.0,"DCIS_2, Myoepi_ACTA2+, Myoepi_KRT15+",0.00558466324582696,0.007656089961528778,0.05874170735478401,0.0,0.530057430267334,0.026299672201275826,0.0,0.006644608918577433,0.0,0.04211777448654175,0.0,0.0,0.12093982845544815,0.0698210671544075,0.0,0.008960696868598461,0.11081458628177643,0.005403502378612757,0.0,0.00695846090093255,0.04924670606851578,0.04990788549184799,0.7259814143180847,0.03207608684897423,0.0019058502512052655,0.07157304137945175,0.0680481418967247,0.0012610281119123101
4739,0,2,52,5166.9375,789.63671875,71.39630126953125,61.0,"Stromal, Macrophages_1, Myoepi_ACTA2+",0.013931910507380962,0.033101849257946014,0.08213135600090027,0.0,0.13860280811786652,0.020771127194166183,0.0,0.0,0.0,0.11505509912967682,0.0,0.0,0.13078980147838593,0.016792340204119682,0.00037785476888529956,0.0,0.3958147466182709,0.020105209201574326,0.00028618102078326046,0.03223975747823715,0.006904653273522854,0.013635441660881042,0.552432119846344,0.0931367576122284,0.006889467127621174,0.2302146852016449,0.09620951116085052,0.0005774553865194321
4773,0,5,34,5069.10302734375,240.0340576171875,59.4633674621582,61.5,"Stromal, Macrophages_1, CD8+_T_Cells",0.023776162415742874,0.08166740089654922,0.0500253289937973,0.002959394594654441,0.025499649345874786,0.019287489354610443,0.0,0.010408507660031319,0.0,0.12524452805519104,0.015010900795459747,0.0,0.011313802562654018,0.0009407696779817343,0.01970073953270912,0.0,0.472454696893692,0.019701138138771057,0.0,0.12200937420129776,0.05118403211236,0.01884971745312214,0.07331787794828415,0.0018599281320348382,0.04136250913143158,0.5600197911262512,0.11704501509666443,0.1363610476255417
4793,2,2,41,5066.42919921875,483.21270751953125,114.03886413574219,48.0,"Myoepi_ACTA2+, DCIS_2, Myoepi_KRT15+",0.020060677081346512,0.007261296734213829,0.039710815995931625,0.0,0.21281798183918,0.04983052238821983,0.0,0.0,0.0,0.054079871624708176,0.0,0.0,0.32519853115081787,0.15388143062591553,0.0,0.0,0.13528229296207428,0.0018765712156891823,0.0,0.0,0.001602186355739832,0.0013725548051297665,0.631278932094574,0.0,0.04843791201710701,0.12658128142356873,0.1898600161075592,0.0008670795941725373
4812,2,2,36,5400.73193359375,1097.8319091796875,68.97559356689453,53.0,"Myoepi_ACTA2+, Endothelial, Macrophages_1",0.019001429900527,0.002712622284889221,0.023670697584748268,0.010607666335999966,0.1991799920797348,0.11520959436893463,0.0,0.023001817986369133,0.0,0.10764829814434052,0.0,0.0,0.2941376268863678,0.0,0.0,0.0,0.1302407681941986,0.005285726860165596,0.020870722830295563,0.048433080315589905,0.030790070071816444,0.06084205210208893,0.5562571883201599,0.07671031355857849,0.043933138251304626,0.05545075610280037,0.17205585539340973,0.003960683476179838
4824,0,2,30,5376.41357421875,1526.35693359375,34.64490509033203,54.5,"Stromal, CD8+_T_Cells, Macrophages_1",0.025883657857775688,0.0198589526116848,0.06165984645485878,0.011174150742590427,0.11061127483844757,0.06534362584352493,0.0,0.008771969936788082,0.0,0.08187520503997803,0.0003353952197358012,0.005126097705215216,0.11618952453136444,0.0,0.0,0.0,0.4430021643638611,0.0,0.0,0.0501682423055172,0.03997281566262245,0.072541244328022,0.44214874505996704,0.07440505921840668,0.0480978861451149,0.16684609651565552,0.14585627615451813,0.010131890885531902
4853,7,1,83,5281.71630859375,1268.227294921875,391.5108947753906,24.0,"Unlabeled, DCIS_2, Invasive_Tumor",0.0,0.0058442046865820885,0.012498285621404648,0.08073385804891586,0.28612813353538513,0.0,0.0,0.11285928636789322,0.0,0.03718099370598793,0.0,0.0,0.0,0.0,0.0,0.0,0.0,0.0,0.0,0.46475517749786377,0.037876490503549576,0.6571694016456604,0.28545835614204407,2.802596928649634e-45,0.004540855996310711,0.014954960905015469,0.0,0.0
4859,3,2,48,5164.66650390625,1029.7196044921875,64.20979309082031,48.0,"Endothelial, Stromal, Perivascular-Like",0.005526512861251831,0.0007561335223726928,0.00999279972165823,0.007796313147991896,0.1053246557712555,0.3447366952896118,0.0,0.003960575442761183,0.0,0.08835884183645248,0.0002212135004810989,0.003255195915699005,0.17117546498775482,0.0,0.06927837431430817,0.0,0.17119134962558746,0.0,0.0,0.018425796180963516,0.04255543276667595,0.06123810634016991,0.5486469268798828,0.06740622222423553,0.03951074555516243,0.019443752244114876,0.21685385704040527,0.00434505520388484
4892,3,6,50,5499.66259765625,2137.13427734375,43.26213836669922,34.0,"Endothelial, Stromal, B_Cells",0.048361849039793015,0.021349966526031494,0.00911602284759283,0.0,0.0,0.5380651950836182,0.00010851431579794735,0.0,0.0,0.06972727179527283,0.03530692681670189,0.0,0.010694587603211403,0.0,0.030312079936265945,0.0,0.21743068099021912,0.018001578748226166,0.0,0.0015254233730956912,0.0031509173568338156,0.0,0.005136105231940746,0.012428093701601028,0.005653840489685535,0.3063804507255554,0.5525822639465332,0.1146683394908905
4904,6,5,36,5133.865234375,2429.4326171875,126.97261047363281,62.0,"CD4+_T_Cells, CD8+_T_Cells, Stromal",0.10705467313528061,0.26152414083480835,0.11305827647447586,0.0,0.0,0.14703793823719025,0.022377148270606995,0.0,0.0,0.09470567107200623,0.0,0.0,0.0,0.0,0.029901172965765,0.0,0.12747396528720856,0.0,0.0,0.09686701744794846,1.7458994404411171e-15,0.0,5.277290016647261e-42,0.24775153398513794,3.2853671187077753e-23,0.46670329570770264,0.28554490208625793,3.0559814945263497e-07
4917,0,6,55,5629.5966796875,3164.371826171875,23.28876495361328,34.0,"Stromal, B_Cells, Endothelial",0.09794479608535767,0.0446343757212162,0.012253766879439354,0.00974809005856514,7.300190918613225e-05,0.14936740696430206,0.0,0.0,0.0,0.10117536038160324,0.0,0.0,0.006659417413175106,0.0,0.012273148633539677,0.0,0.5649657845497131,0.0,0.0,0.000904943619389087,0.0014439001679420471,0.0036961855366826057,0.015483669936656952,0.013074357062578201,0.041691433638334274,0.26331600546836853,0.6259456872940063,0.035348884761333466
4924,0,4,40,5484.87744140625,3171.33056640625,31.230308532714844,34.0,"Stromal, Macrophages_1, Endothelial",0.0016481447964906693,0.0005716668674722314,0.017635654658079147,0.129749596118927,0.0,0.11414065212011337,0.0,0.0094517907127738,0.0,0.17688386142253876,0.0,0.0,0.04865618050098419,0.0,0.010039900429546833,0.0,0.491222620010376,0.0,0.0,0.0,0.04184236377477646,0.09168059378862381,0.000544442911632359,0.0,0.5789529085159302,0.027362879365682602,0.2562072277069092,0.0034095377195626497
4938,0,6,34,5432.7568359375,2806.868896484375,25.194143295288086,34.5,"Stromal, Macrophages_1, CD8+_T_Cells",0.003473808988928795,0.0,0.10524507611989975,0.01332429051399231,0.0065480382181704044,0.100375697016716,0.0,0.0,0.0,0.17015591263771057,0.011245349422097206,0.0,0.012886343523859978,0.004430908709764481,0.051707953214645386,0.0,0.5047250390052795,0.0,0.0,0.015881523489952087,0.00785111915320158,0.08550316095352173,0.026094229891896248,0.00901356153190136,0.03578943386673927,0.1874685436487198,0.566757321357727,0.08152270317077637
4946,0,4,38,5167.83447265625,3284.1162109375,64.35945129394531,47.0,"Stromal, B_Cells, Macrophages_1",0.0781516581773758,0.014792969450354576,0.07184650748968124,0.09408781677484512,0.0,0.010995237156748772,0.0,0.0005610722582787275,0.0008988676709122956,0.09836111217737198,0.00016484926163684577,0.0,0.1319945752620697,0.00021641526836901903,0.0,0.0,0.48294538259506226,0.0,0.0,0.01498352736234665,0.005528190638870001,0.024807853624224663,0.004312983248382807,0.04121546819806099,0.669489860534668,0.20080432295799255,0.028973018750548363,0.024868324398994446
4948,4,1,281,5312.74169921875,2929.132080078125,82.8511962890625,22.0,"DCIS_1, Myoepi_KRT15+, Myoepi_ACTA2+",0.0,0.000848647381644696,0.0021712053567171097,0.6714404225349426,0.036151010543107986,0.009570220485329628,0.0009874332463368773,0.033896833658218384,0.0,0.014778269454836845,0.0004435894370544702,0.0,0.048395734280347824,0.11964679509401321,0.0018292879685759544,0.003086744574829936,0.04775724560022354,0.002143456833437085,0.0,0.006853059399873018,0.03929100185632706,0.6879348754882812,0.08882631361484528,0.005277283024042845,0.15126560628414154,0.004395355470478535,0.0209223460406065,0.002087273867800832
4961,0,3,41,5376.28076171875,2691.142333984375,21.17011070251465,23.0,"Stromal, Macrophages_1, Myoepi_ACTA2+",0.005509204231202602,0.00016123098612297326,0.01482204720377922,0.0,0.0,0.02094993367791176,0.013170451857149601,0.0,0.0,0.09165467321872711,0.001159174833446741,0.0,0.08972454816102982,0.0,8.899093518266454e-05,0.0,0.7380298376083374,0.0006094155833125114,0.0,0.02412053383886814,0.09719434380531311,0.0,0.06134067475795746,0.4461847245693207,0.06710435450077057,0.16558656096458435,0.12974390387535095,0.03284553065896034
4964,0,1,33,5299.0390625,2809.59326171875,26.23706817626953,61.0,"Stromal, Myoepi_ACTA2+, Macrophages_1",0.0,0.0,0.012963810004293919,0.140584796667099,0.037039682269096375,0.020675688982009888,0.004709394183009863,0.01406768336892128,0.0,0.08588509261608124,0.013197993859648705,0.0,0.10912927240133286,0.03391819819808006,0.0023754844442009926,0.0,0.4833754003047943,0.03264186158776283,0.0,0.009435651823878288,0.041198790073394775,0.5631352663040161,0.14549116790294647,0.028074124827980995,0.09730097651481628,0.020117342472076416,0.08423838764429092,0.020444044843316078
4971,6,5,137,5083.77197265625,3128.192626953125,127.71780395507812,49.0,"CD4+_T_Cells, Macrophages_1, B_Cells",0.16325506567955017,0.2068023681640625,0.1436174511909485,0.0035524943377822638,0.002944424981251359,0.07166270166635513,0.008184355683624744,0.0,0.0,0.19652529060840607,0.0008376424666494131,0.0005466314614750445,0.0,0.0,0.00016369804507121444,0.0,0.14215007424354553,0.009470884688198566,0.0,0.0502869188785553,0.001570524531416595,0.007293140050023794,0.00027832266641780734,0.20280683040618896,0.000922595732845366,0.5640156269073486,0.21119572222232819,0.01191723346710205
4974,0,7,34,5172.9912109375,3147.484619140625,42.75418472290039,78.0,"Stromal, CD8+_T_Cells, CD4+_T_Cells",0.07977210730314255,0.078785240650177,0.12069835513830185,0.009783422574400902,0.0,0.094523586332798,0.0,0.0,0.0,0.07998155802488327,0.04426214471459389,0.0,0.009457160718739033,0.0,0.001441430184058845,0.0,0.41023027896881104,0.026742389425635338,0.0,0.04432232677936554,0.003676754655316472,0.0038280203007161617,0.0016687457682564855,0.07020017504692078,0.046897776424884796,0.3120864927768707,0.12487303465604782,0.4367690980434418
4975,0,4,58,5165.00732421875,2955.362548828125,47.29572296142578,60.5,"Stromal, Macrophages_1, Stromal_&_T_Cell_Hybrid",0.025246180593967438,0.012844951823353767,0.039834409952163696,0.11649110913276672,0.008497519418597221,0.023635881021618843,0.0,0.0036387115251272917,0.0025982253719121218,0.10950450599193573,0.001675810432061553,0.0,0.10698317736387253,0.000528409902472049,0.0,0.0055748773738741875,0.49709758162498474,0.019083816558122635,0.0,0.026764722540974617,0.0609654076397419,0.1088358536362648,0.02929944545030594,0.020436787977814674,0.5149598121643066,0.14566673338413239,0.08707507699728012,0.03276091814041138
5011,6,5,129,5594.8818359375,3916.57177734375,166.48272705078125,62.0,"CD8+_T_Cells, CD4+_T_Cells, Macrophages_1",0.12626975774765015,0.18768760561943054,0.19814147055149078,0.0,0.0,0.04254918172955513,0.018360815942287445,0.0,0.030793333426117897,0.17810921370983124,0.010478610172867775,0.0,0.0,0.0,0.01692555472254753,0.0,0.13940778374671936,0.00476232822984457,0.0,0.04651430994272232,2.317309146186849e-27,0.0,1.401298464324817e-45,0.22365815937519073,1.3607580676721448e-25,0.5436475872993469,0.13676947355270386,0.09592481702566147
5014,0,5,36,5634.0419921875,3997.0126953125,129.25259399414062,47.0,"Stromal, B_Cells, Macrophages_1",0.09837755560874939,0.07591278851032257,0.08748568594455719,0.0004984734114259481,0.0,0.03509848564863205,0.026150798425078392,0.0,0.0,0.10847505927085876,0.010799873620271683,0.0,0.02387293428182602,0.01392311044037342,0.0,0.0,0.4983299672603607,0.0,0.0,0.021075353026390076,0.005301158409565687,0.0,0.00805637612938881,0.19826990365982056,0.01698416844010353,0.5552656054496765,0.14387090504169464,0.07225190103054047
5017,0,7,36,5576.0654296875,4032.27685546875,118.13823699951172,59.5,"Stromal, B_Cells, Macrophages_1",0.14428618550300598,0.014558772556483746,0.06328617036342621,0.0,0.0,0.0612465925514698,0.00908725243061781,0.0,0.0,0.11069074273109436,0.03718598559498787,0.0,0.05907927080988884,0.03882079944014549,0.0,0.0,0.4239508807659149,0.009677802212536335,0.0,0.028129564598202705,0.010308045893907547,0.0,0.012982826679944992,0.13415636122226715,0.017386997118592262,0.21813414990901947,0.1924288123846054,0.4146028161048889
5018,0,6,56,5577.1806640625,4109.81103515625,84.93281555175781,34.5,"Stromal, Endothelial, B_Cells",0.0884132832288742,0.0006230422877706587,0.015616224147379398,0.0,0.0025567214470356703,0.11303631961345673,0.004154934082180262,0.0,0.0,0.060138095170259476,0.027264876291155815,0.0,0.06588874012231827,0.0062205130234360695,0.0,0.0,0.6011831164360046,0.00878777913749218,0.0,0.006116271018981934,0.006670449394732714,8.64534069528328e-37,0.013922109268605709,0.08113062381744385,0.010367877781391144,0.09445612877607346,0.5570361018180847,0.23641665279865265
5025,0,5,83,5496.98486328125,4042.992919921875,128.80101013183594,63.0,"Stromal, Macrophages_1, B_Cells",0.13266047835350037,0.06819107383489609,0.06536939740180969,0.0,0.0,0.09799463301897049,0.005739947315305471,0.0,0.0,0.11564308404922485,0.015623118728399277,0.0021307659335434437,0.0,0.0,0.022388337180018425,0.0,0.3929566442966461,0.014298658818006516,0.0,0.06700389087200165,0.0018653557635843754,0.0,8.458503124259572e-26,0.16811859607696533,0.0009740718523971736,0.5036853551864624,0.21925035119056702,0.10610628873109818
5032,6,7,37,5518.17822265625,3895.76904296875,185.67430114746094,63.0,"B_Cells, CD4+_T_Cells, Macrophages_1",0.2332342565059662,0.13310998678207397,0.1031820997595787,0.0,0.0,0.0028204501140862703,0.0649886429309845,0.0,0.0005174329271540046,0.171381875872612,0.06722140312194824,0.0,0.0,0.0,0.00056337850401178,0.0,0.13907065987586975,0.004919012077152729,0.0,0.0789908766746521,1.401298464324817e-45,0.0,0.0,0.3016926050186157,0.0,0.2803989350795746,0.011984150856733322,0.40592432022094727
5033,0,7,83,5461.3603515625,3859.55419921875,139.84640502929688,63.0,"Stromal, Macrophages_1, B_Cells",0.11489661037921906,0.05899154022336006,0.057300176471471786,0.0,0.0,0.04348495975136757,0.0224778950214386,0.0,0.0,0.17388299107551575,0.06251785159111023,0.010160977952182293,0.00021738765644840896,0.0,0.00923425517976284,0.0,0.3992820084095001,0.002923552878201008,0.0,0.04462980479001999,0.0038616133388131857,0.0,0.000702959019690752,0.16751235723495483,0.0030640270560979843,0.2518836557865143,0.16716095805168152,0.4058144688606262
5037,0,3,35,5549.626953125,3843.40576171875,145.98484802246094,78.0,"Stromal, CD8+_T_Cells, IRF7+_DCs",0.08325506001710892,0.0331936851143837,0.09461025893688202,0.0,0.0,0.08570269495248795,0.09356950223445892,0.0,0.0,0.12047918885946274,0.08367222547531128,0.00325483619235456,0.0,0.0,0.006038174964487553,0.0,0.31820136308670044,0.004800668451935053,0.0,0.07322235405445099,1.5750594739010944e-42,0.0,0.0,0.3493155241012573,0.0,0.2457858771085739,0.15570038557052612,0.24919825792312622
5046,6,5,106,5305.158203125,3960.34423828125,147.5430908203125,61.0,"Macrophages_1, CD4+_T_Cells, CD8+_T_Cells",0.09250028431415558,0.15444159507751465,0.13439540565013885,0.0,0.0,0.05641749128699303,0.004742789547890425,0.0,0.017742078751325607,0.281485915184021,0.013850124552845955,0.010695517994463444,0.0,0.0,0.0,0.0,0.17668813467025757,0.01791640743613243,0.0,0.03912433609366417,0.0006108311354182661,0.0,1.887179321785743e-22,0.15074628591537476,0.0001383832423016429,0.5541671514511108,0.16533860564231873,0.12899866700172424
5080,2,1,30,5276.39306640625,3800.42431640625,130.72088623046875,33.0,"Myoepi_ACTA2+, DCIS_1, Stromal",0.0008839111542329192,0.0038040808867663145,0.026732586324214935,0.24861501157283783,0.031328942626714706,0.0011273975251242518,0.0,0.0,0.0,0.002800403628498316,0.0,0.0,0.4585442543029785,0.0,0.0,0.0,0.19956335425376892,0.0,0.0,0.02660004235804081,0.0008507262682542205,0.6208686232566833,0.17131003737449646,0.03305995464324951,0.12640242278575897,0.03352300822734833,0.012004214338958263,0.0019810409285128117
5087,6,5,30,5318.1796875,3747.691650390625,154.89479064941406,47.5,"CD4+_T_Cells, CD8+_T_Cells, Macrophages_1",0.03679175674915314,0.21296900510787964,0.17048703134059906,0.000606883957516402,0.0,0.11643286049365997,0.0,0.0,0.0,0.1638372838497162,0.0,0.0,0.012652037665247917,0.0,0.0,0.0,0.23579491674900055,0.006599470041692257,0.0,0.0438288114964962,5.642187427988207e-14,0.0,0.008413227275013924,0.13977749645709991,0.012845811434090137,0.6009672284126282,0.23799604177474976,1.7099736737691273e-07
5106,4,1,70,5138.64453125,3714.767822265625,88.51337432861328,45.5,"DCIS_1, Myoepi_ACTA2+, DCIS_2",0.003390311263501644,0.0,0.016635628417134285,0.4758603870868683,0.056766364723443985,0.0031405591871589422,0.0,0.0,0.0,0.030019473284482956,0.0,0.0,0.23239102959632874,0.055579572916030884,0.0,0.0,0.10051736980676651,0.0,0.0,0.025699330493807793,0.0025360111612826586,0.5220918655395508,0.19437570869922638,0.02516360953450203,0.22243370115756989,0.018244249746203423,0.012145742774009705,0.003009070409461856
5114,0,7,30,5028.37646484375,3497.20556640625,23.95528793334961,47.5,"Stromal, B_Cells, Macrophages_2",0.09382863342761993,0.03663376346230507,0.0,0.0,0.0,0.035563718527555466,0.0,0.0,0.0,0.10208199173212051,0.0949486568570137,0.0,0.0012966080103069544,0.0,0.0,0.0,0.5582720637321472,0.01436739880591631,0.0,0.0630071833729744,0.0013312763767316937,1.961817850054744e-44,0.001986565301194787,0.25403061509132385,0.002807831158861518,0.13679362833499908,0.09656289219856262,0.5064871907234192
5124,2,4,41,5158.72705078125,3467.611572265625,109.74887084960938,62.0,"Myoepi_ACTA2+, Stromal, CD8+_T_Cells",0.005136317107826471,0.053573671728372574,0.09637226164340973,0.18145309388637543,0.0005481046391651034,0.01914641633629799,0.0,0.005411889404058456,0.012653560377657413,0.08897879719734192,0.0,0.0,0.3264666199684143,0.010258945636451244,0.0,0.0,0.16835583746433258,0.0003707540163304657,0.0031944382935762405,0.028079265728592873,0.04919806867837906,0.019374622032046318,0.007457275874912739,0.0581587515771389,0.5343795418739319,0.2680366039276123,0.0633951723575592,0.0
5138,2,1,50,5042.9580078125,3672.712890625,104.39940643310547,48.5,"Myoepi_ACTA2+, DCIS_1, Stromal",0.0,0.0003561038465704769,0.030332213267683983,0.2130705863237381,0.08763603121042252,0.024651246145367622,0.0021107904613018036,0.0,0.0,0.04220385104417801,0.0,0.0,0.34962549805641174,0.06302887201309204,0.0,0.0,0.16124364733695984,0.010708102956414223,0.0,0.015033065341413021,0.003632166190072894,0.44010838866233826,0.20555871725082397,0.017531944438815117,0.21535128355026245,0.049211353063583374,0.06688640266656876,0.001719792140647769
5170,3,7,46,5569.1123046875,4360.1708984375,74.36006927490234,33.5,"Endothelial, Stromal, Macrophages_2",0.00799497403204441,0.02636408805847168,0.0,0.0,0.0,0.5308119654655457,0.0,0.0,0.0,0.025427769869565964,0.0674973651766777,0.0,0.0,0.0,0.0,0.0,0.2943382263183594,0.0,0.0,0.047565631568431854,0.01390890870243311,0.0,0.0001736112462822348,0.030495721846818924,0.00137573410756886,0.06166540086269379,0.380620539188385,0.5117601752281189
5193,0,2,46,6222.00341796875,671.4274291992188,23.737579345703125,46.0,"Stromal, Macrophages_1, Endothelial",0.008463005535304546,0.00017386078252457082,0.03437666967511177,0.004354061558842659,0.09430952370166779,0.061008479446172714,0.0,0.0,0.0,0.1167411059141159,0.0017413117457181215,0.004975765012204647,0.1902661919593811,0.010715508833527565,0.0016882618656381965,0.0,0.4636121690273285,0.0,0.0,0.007574019022285938,0.02409542351961136,0.035638608038425446,0.5980728268623352,0.03446536883711815,0.07797200977802277,0.08303747326135635,0.13108861446380615,0.01562967523932457
5199,2,2,78,6277.30615234375,637.4318237304688,86.98666381835938,34.0,"Myoepi_ACTA2+, DCIS_2, Stromal",0.0021242329385131598,0.0,0.020485544577240944,0.0,0.18395273387432098,0.04577067866921425,0.0,0.0,0.0,0.05379430577158928,0.0,0.0,0.4643382430076599,0.03631511703133583,0.0,0.0,0.17781339585781097,3.602867218432948e-05,0.0,0.01536979153752327,0.005611322354525328,0.06978506594896317,0.8097054362297058,0.029590429738163948,0.01563858427107334,0.029741019010543823,0.037260398268699646,0.0026678075082600117
5200,5,2,62,6206.8427734375,718.2822875976562,71.40836334228516,24.0,"DCIS_2, Myoepi_ACTA2+, Macrophages_1",0.00024552003014832735,0.0,0.014888294041156769,0.013343525119125843,0.4968458116054535,0.011076061055064201,0.0,0.0,0.0,0.05628787726163864,0.0003809649497270584,0.0038726138882339,0.2914964556694031,0.0,0.00039828510489314795,0.0,0.09847880154848099,0.0,0.0,0.012685739435255527,0.01063091866672039,0.04993157461285591,0.7436100840568542,0.03329505771398544,0.07615632563829422,0.02574845962226391,0.05376698449254036,0.006860851775854826
5202,0,3,42,6149.8857421875,338.1938781738281,4.470450401306152,45.0,"Stromal, Macrophages_1, Unlabeled",0.06657365709543228,0.017300723120570183,0.04145834594964981,0.0,0.0,0.014661343768239021,0.04875168949365616,0.0,0.0,0.14382335543632507,0.01358654536306858,0.0,0.0,0.0,0.0,0.0,0.5643525123596191,0.00021199775801505893,0.0,0.08927983045578003,0.024237480014562607,0.0,0.0056891851127147675,0.5744935274124146,0.04243456572294235,0.1967065930366516,0.0732651948928833,0.08317340910434723
5214,0,3,48,6029.10205078125,607.8046875,8.657819747924805,47.0,"Stromal, Macrophages_1, Unlabeled",0.06268278509378433,0.038953643292188644,0.028294147923588753,0.0,0.00016392105317208916,0.07060132920742035,0.03281325474381447,0.0,0.0,0.12924520671367645,0.003393193706870079,0.0,0.0011386810801923275,0.0,0.0,0.0,0.5594565868377686,1.4171851944411173e-05,0.0011853474425151944,0.07205776125192642,0.01984487660229206,0.0,0.024055762216448784,0.5250597596168518,0.028021112084388733,0.13716916739940643,0.20062251389026642,0.06522675603628159
5221,0,5,83,6066.822265625,431.5321044921875,22.526992797851562,47.0,"Stromal, B_Cells, Unlabeled",0.10732406377792358,0.09305109083652496,0.06515765190124512,0.0,0.0,0.025928670540452003,0.002168551553040743,0.0,0.0013535782927647233,0.07137066125869751,0.001708792638964951,0.0,1.801394589051597e-08,0.0,0.0,0.0,0.5247864723205566,0.02159341238439083,0.0,0.08555706590414047,0.02450581081211567,0.0,0.0034135482273995876,0.23078078031539917,0.02208760939538479,0.5419997572898865,0.1245088130235672,0.052703678607940674
5234,6,7,35,5868.9541015625,328.6944885253906,171.9596710205078,61.0,"Macrophages_1, CD4+_T_Cells, CD8+_T_Cells",0.11533728986978531,0.21567074954509735,0.11587636172771454,0.0,0.0,0.0,0.0,0.0,0.004229885991662741,0.31761419773101807,0.035131510347127914,0.0,0.0,0.0,0.0,0.0,0.11379854381084442,0.02210615947842598,0.0,0.060235343873500824,4.5550586946774274e-05,2.382207389352189e-44,5.428752432855709e-22,0.11176549643278122,0.0003743802080862224,0.39933061599731445,0.0,0.48848390579223633
5241,6,6,30,5898.611328125,483.0180358886719,291.3751220703125,34.0,"CD4+_T_Cells, CD8+_T_Cells, Endothelial",0.042533110827207565,0.5224626064300537,0.2454550713300705,0.0,0.0,0.08767774701118469,0.0,0.0,0.04297548905014992,0.01948522962629795,0.0,0.0,0.0,0.0,0.023951444774866104,0.0,0.0,0.0,0.0,0.015459303744137287,0.0,0.0,1.401298464324817e-45,2.861644150426694e-18,0.0,0.24168570339679718,0.7583141922950745,0.0
5250,6,3,56,5871.5224609375,163.96360778808594,140.31375122070312,70.0,"CD4+_T_Cells, CD8+_T_Cells, Macrophages_1",0.09159316122531891,0.33736199140548706,0.13194158673286438,0.0,0.0,0.007710698992013931,0.03970489278435707,0.0,0.023440754041075706,0.13599149882793427,0.011847434565424919,0.0,0.0,0.0,0.0,0.0,0.1285896748304367,0.010459885001182556,0.0,0.08135849237442017,3.2820479075629674e-23,0.0,1.401298464324817e-45,0.527992844581604,0.0,0.3874306380748749,0.0030524192843586206,0.08152409642934799
5259,0,7,56,6476.6591796875,1497.417724609375,59.29560852050781,62.0,"Stromal, Macrophages_1, CD8+_T_Cells",0.028080886229872704,0.1021529883146286,0.09083151817321777,0.00019295977836009115,0.0,0.0472300723195076,0.02980307675898075,0.0,0.007257516495883465,0.167453795671463,0.0597202442586422,0.0,0.0005833011819049716,0.0,0.0,0.0,0.40371575951576233,0.00971086323261261,0.0,0.053266994655132294,0.004396074451506138,0.0,0.0021013447549194098,0.2417038232088089,0.005695505999028683,0.2437453269958496,0.05103997141122818,0.4513179659843445
5260,6,3,31,6457.01806640625,1572.9605712890625,207.74465942382812,62.0,"CD4+_T_Cells, CD8+_T_Cells, Macrophages_1",0.06928902864456177,0.40864336490631104,0.15170596539974213,0.0,0.0,0.0,0.04045446962118149,0.0,0.04057817533612251,0.12216046452522278,0.0,0.0,0.004971305374056101,0.0,0.009991414844989777,0.0,0.09431138634681702,0.004257896449416876,0.0,0.05363652482628822,2.802596928649634e-45,0.0,1.401298464324817e-45,0.5808433890342712,1.401298464324817e-45,0.4191565215587616,1.401298464324817e-45,2.882713185090971e-17
5354,4,4,42,6432.8125,3282.17236328125,82.2157211303711,34.0,"DCIS_1, Myoepi_KRT15+, Myoepi_ACTA2+",0.004294910468161106,0.0,0.024391602724790573,0.5424807071685791,0.011130375787615776,0.015025030821561813,0.0,0.015384368598461151,0.0,0.042623333632946014,0.0,0.0,0.10678812116384506,0.14427730441093445,0.0,0.0,0.06722203642129898,0.0,0.012951782904565334,0.013430378399789333,0.06346746534109116,0.18841654062271118,0.02086871862411499,0.017110468819737434,0.632164716720581,0.03432720899581909,0.040361396968364716,0.0032834524754434824
5363,0,7,76,6205.05126953125,3027.145263671875,40.473052978515625,61.0,"Stromal, B_Cells, Macrophages_2",0.17613644897937775,0.0667547881603241,0.0475577712059021,0.0,0.0,0.05158873274922371,0.0,0.0,0.0,0.08052077889442444,0.08898016065359116,0.0,0.0,0.0,0.0,0.0,0.44986844062805176,0.005456170532852411,0.0,0.033136673271656036,0.001355601823888719,0.0,3.334149362849148e-13,0.08727049827575684,0.0018653067527338862,0.2691882252693176,0.20513977110385895,0.4351806044578552
5364,0,6,30,6189.9443359375,3092.702880859375,24.215423583984375,34.5,"Stromal, B_Cells, Macrophages_1",0.13308529555797577,0.0035253805108368397,0.032427627593278885,0.0010275603272020817,0.0,0.11440681666135788,0.0,0.0,0.0,0.08618129044771194,0.003563991514965892,0.0,0.01436112355440855,0.0,0.004873849451541901,0.0,0.5828036665916443,0.0028303407598286867,0.0,0.02091309428215027,0.027689022943377495,0.0005719801411032677,0.010676348581910133,0.09886245429515839,0.05218997970223427,0.24746273458003998,0.49429237842559814,0.06825508177280426
5366,4,1,30,6343.994140625,2872.45556640625,81.52369689941406,24.0,"DCIS_1, Myoepi_ACTA2+, DCIS_2",0.0,0.0,0.0,0.6305565237998962,0.04063350707292557,0.020088516175746918,0.0,0.0,0.0,0.003021504729986191,0.013811237178742886,0.0,0.1362900286912918,0.0,0.0,0.0,0.13212642073631287,0.0,0.0,0.02347223274409771,0.0,0.5083173513412476,0.11074373126029968,0.023605596274137497,0.27478745579719543,0.0,0.06097374111413956,0.021572034806013107
5367,4,4,38,6345.0771484375,2917.989013671875,80.18156433105469,33.5,"DCIS_1, Myoepi_ACTA2+, DCIS_2",0.0041553666815161705,0.0038066329434514046,0.04557978734374046,0.5348834991455078,0.031705889850854874,0.009431537240743637,0.0,0.0,0.0,0.046097155660390854,0.0,0.0,0.17670953273773193,0.0,0.0,0.0,0.13322332501411438,0.0,0.0,0.014407284557819366,0.012897362932562828,0.1478961706161499,0.07836056500673294,0.026682758703827858,0.5917027592658997,0.11345133185386658,0.026652470231056213,0.002356645418331027
5369,0,4,41,6347.47802734375,2908.054443359375,33.98750305175781,46.0,"Stromal, Macrophages_1, CD8+_T_Cells",0.011965497396886349,0.014080037362873554,0.033410750329494476,0.11713344603776932,0.008894633501768112,0.02736363187432289,0.0,0.0,0.0,0.07345806062221527,0.0317247100174427,0.0,0.12085636705160141,0.0,0.0,0.0,0.5487616658210754,0.0,0.0,0.012351266108453274,0.01093814056366682,0.07287444174289703,0.0384744331240654,0.026161812245845795,0.507335364818573,0.12146613746881485,0.10979470610618591,0.11295495182275772
5385,0,5,31,6217.12255859375,2961.64208984375,51.650142669677734,48.0,"Stromal, Macrophages_1, Endothelial",0.08266634494066238,0.09673915058374405,0.07689103484153748,0.0,0.0,0.1057131290435791,0.0,0.0,0.0,0.12679870426654816,0.029417693614959717,0.0,0.0,0.0,0.0005960544222034514,0.0,0.4282146990299225,0.0,0.0,0.05296320468187332,0.00040465238271281123,0.0,1.6217696338294826e-29,0.05406515672802925,0.0002416484639979899,0.4820307791233063,0.31139543652534485,0.15186229348182678
5392,4,4,128,6021.58203125,3061.4443359375,108.47947692871094,33.0,"DCIS_1, Myoepi_ACTA2+, Macrophages_1",0.0010411241091787815,0.0,0.016264474019408226,0.5898034572601318,0.009557212702929974,0.03332410380244255,0.0,0.0018920840229839087,0.0,0.052478086203336716,0.0,0.0,0.16512376070022583,0.03381172567605972,0.0010559357469901443,0.0,0.08775721490383148,0.0,0.0,0.007890889421105385,0.008528458885848522,0.12552981078624725,0.012824364937841892,0.006439574062824249,0.692301332950592,0.037197619676589966,0.11646523326635361,0.0007136993808671832
5406,4,4,80,5942.2705078125,2821.14599609375,70.2713623046875,46.0,"DCIS_1, Myoepi_ACTA2+, Stromal",0.0,0.0031334732193499804,0.018162379041314125,0.48427873849868774,0.015110639855265617,0.02916419506072998,0.0,0.0011832017917186022,0.0,0.055114101618528366,9.904307080432773e-05,0.0,0.19239667057991028,0.039961256086826324,0.0021197390742599964,0.0,0.12383713573217392,0.003563054371625185,0.0017898572841659188,0.030086511746048927,0.0060258898884058,0.18459700047969818,0.06796955317258835,0.036539215594530106,0.5969401597976685,0.013721192255616188,0.09164802730083466,0.002558956854045391
5447,0,6,41,6304.9599609375,3813.1748046875,89.70356750488281,24.0,"Stromal, B_Cells, Endothelial",0.1088162288069725,0.06372779607772827,0.03806152939796448,0.00013790946104563773,0.0,0.13800331950187683,0.0,0.0,0.0,0.030825087800621986,0.01038370095193386,0.0,0.0047277058474719524,0.0,0.0,0.0,0.5851356983184814,0.0,0.0,0.020180951803922653,0.007506984751671553,0.0,0.005266501568257809,0.09437672048807144,0.025382855907082558,0.19431079924106598,0.5134835839271545,0.1596725583076477
5449,4,4,102,6122.4013671875,3711.23779296875,61.620399475097656,24.0,"DCIS_1, Myoepi_ACTA2+, Macrophages_1",0.0007155557395890355,0.0,0.013744248077273369,0.6289216876029968,0.01384366862475872,0.03331715613603592,0.0,0.00023063809203449637,0.0,0.03284229338169098,0.0005984904710203409,0.0,0.1830393671989441,0.0,0.0004256676766090095,0.0,0.07893044501543045,0.0,0.0,0.013390876352787018,0.005144307855516672,0.12187117338180542,0.04076392203569412,0.0579984076321125,0.6893704533576965,0.0012937044957652688,0.07524533569812775,0.008312680758535862
5450,0,5,95,6257.55322265625,3851.93115234375,73.26830291748047,35.0,"Stromal, Macrophages_1, CD8+_T_Cells",0.06580175459384918,0.05540752783417702,0.08165337890386581,0.00022624936536885798,0.0,0.08668529987335205,0.0,0.0,0.0,0.06504463404417038,0.0132261011749506,0.0,0.002166945021599531,0.0,0.0,0.0,0.5767617225646973,0.0,0.0,0.05302624776959419,0.004021862521767616,0.0,0.0018239559140056372,0.10153522342443466,0.012857161462306976,0.567102313041687,0.21278177201747894,0.09987764060497284
5476,0,3,64,6033.2529296875,4022.04736328125,93.19011688232422,62.0,"Stromal, CD4+_T_Cells, Macrophages_1",0.06811290979385376,0.06448234617710114,0.03441619873046875,0.0,0.0,0.03363003581762314,0.04761114344000816,0.0,0.0,0.08064411580562592,0.04751523956656456,0.020081641152501106,0.010890770703554153,0.0061986083164811134,0.0004096677585039288,0.0,0.5498558878898621,0.0,0.0,0.036151450127363205,0.002685380866751075,0.0,0.008629318326711655,0.49204424023628235,0.007153023965656757,0.1836479902267456,0.0877537876367569,0.21808625757694244
5486,4,4,62,6264.826171875,3987.856201171875,118.34326171875,33.0,"DCIS_1, Myoepi_ACTA2+, Myoepi_KRT15+",0.0,0.0002464491408318281,0.008120252750813961,0.48170337080955505,0.0016555179608985782,0.046534087508916855,0.0,0.04032774642109871,0.0,0.024869946762919426,0.0,0.0,0.17855367064476013,0.12046569585800171,0.006250659469515085,0.0,0.09071759134531021,0.0,0.00032425980316475034,0.0002306989044882357,0.054004065692424774,0.14558488130569458,0.01060016080737114,0.003309869673103094,0.6565260887145996,0.00569361774250865,0.12325631827116013,0.0010251135099679232
5489,0,7,88,6156.22607421875,3922.760009765625,69.06187438964844,47.0,"Stromal, B_Cells, CD8+_T_Cells",0.09594010561704636,0.06626822799444199,0.0650281012058258,0.0,0.0,0.04074202477931976,0.003979509696364403,0.0,0.0,0.03319564461708069,0.052442941814661026,0.0,0.00038737160502932966,0.0,0.0,0.0,0.5937784910202026,0.0,0.0,0.04823753982782364,0.0029016181360930204,0.0,0.0006560693145729601,0.16110599040985107,0.008216124959290028,0.267500638961792,0.11981458216905594,0.43980491161346436
5498,0,4,39,6082.4638671875,3763.71044921875,23.4505558013916,35.0,"Stromal, Endothelial, Unlabeled",0.03192102164030075,0.0011951738269999623,0.007487064693123102,0.0660443976521492,0.0,0.08931294828653336,0.0,0.0,0.0,0.045401521027088165,0.00498502142727375,0.0,0.09069870412349701,0.0,0.0005770084680989385,0.0,0.6328464150428772,0.0,0.0,0.02953076921403408,0.005035563372075558,0.00012980596511624753,0.010762792080640793,0.10154566913843155,0.6199548840522766,0.022004185244441032,0.19834057986736298,0.0422266349196434
5524,0,6,77,5972.61083984375,3796.4228515625,33.37791442871094,33.0,"Stromal, Perivascular-Like, B_Cells",0.07361183315515518,0.012843208387494087,0.019544878974556923,0.006061135791242123,0.0,0.1443566530942917,0.0007828548550605774,0.001631333609111607,0.0,0.01527869887650013,0.029149560257792473,0.008263880386948586,0.002398490207269788,0.0,0.09086474031209946,0.0,0.5804744362831116,0.0,0.0,0.014738260768353939,0.004694643430411816,0.0,0.0029632817022502422,0.11790268123149872,0.050044964998960495,0.11789413541555405,0.5325772762298584,0.17392294108867645
5538,4,4,33,5887.37744140625,3470.57373046875,77.5736083984375,8.0,"DCIS_1, Myoepi_KRT15+, Myoepi_ACTA2+",0.0,0.0,0.0,0.792086660861969,0.0,0.0,0.0,0.01296729501336813,0.0,0.020192932337522507,0.0,0.0,0.02882635034620762,0.13504129648208618,0.0,0.0,0.0,0.0,0.0,0.010885346680879593,0.0,0.35256674885749817,0.00029243220342323184,0.0,0.6471409201622009,0.0,0.0,0.0
5576,4,4,200,6285.3125,4582.099609375,85.75623321533203,24.0,"DCIS_1, Myoepi_ACTA2+, Myoepi_KRT15+",0.0011594637762755156,0.00024736690102145076,0.016535677015781403,0.598068118095398,0.0020600229036062956,0.038381777703762054,0.0,0.01484016701579094,0.0,0.032593294978141785,0.004286234732717276,0.0,0.13280464708805084,0.06687542796134949,0.0025702982675284147,0.0021895163226872683,0.07860786467790604,0.0,0.0,0.008780230768024921,0.04031942039728165,0.17009076476097107,0.0071884216740727425,0.013841402716934681,0.6201104521751404,0.036069780588150024,0.08455127477645874,0.02782844752073288
5583,0,7,36,6079.43310546875,4499.4892578125,96.82612609863281,47.5,"Stromal, B_Cells, Unlabeled",0.1230788603425026,0.06860796362161636,0.049526408314704895,0.0,0.0,0.043364811688661575,0.004738854244351387,0.0,0.0,0.05490364879369736,0.08922053873538971,0.0009540210012346506,0.0,0.0,0.0004985379637219012,0.0,0.49028506875038147,0.0,0.0,0.07482123374938965,8.111425730923595e-16,0.0,0.0,0.2447570115327835,0.0,0.2510162591934204,0.11221612989902496,0.39201056957244873
5584,0,5,51,6020.71240234375,4559.2958984375,60.04731750488281,59.0,"Stromal, B_Cells, Unlabeled",0.1274162083864212,0.08562341332435608,0.047337692230939865,0.0,0.0,0.02482377551496029,0.0,0.0,0.0,0.0631692111492157,0.052197735756635666,0.011959192343056202,0.0010247341124340892,0.0,0.0008994538802653551,0.0,0.5211392641067505,0.004310365300625563,0.0,0.06009891629219055,6.317481165751815e-05,0.0,0.001970745623111725,0.20519012212753296,0.002827065298333764,0.4374401271343231,0.10759870707988739,0.24491004645824432
5585,3,7,39,5951.3369140625,4706.5078125,64.67024230957031,34.0,"Endothelial, Stromal, Perivascular-Like",0.009036793373525143,0.0,0.02687912806868553,0.0,0.0,0.4707396924495697,0.0,0.0,0.0,0.07857120782136917,0.062199074774980545,0.0031310131307691336,0.0,0.0,0.06080702692270279,0.0,0.27099135518074036,0.0,0.0,0.017644699662923813,0.014342396520078182,0.0,3.3983354289431295e-38,0.06571435928344727,0.0002431150060147047,0.15496325492858887,0.3183833658695221,0.4463534653186798
5600,6,7,47,6041.6328125,4460.11376953125,190.91558837890625,62.0,"B_Cells, CD4+_T_Cells, CD8+_T_Cells",0.23072601854801178,0.17947539687156677,0.16554595530033112,0.0,0.0,0.022847721353173256,0.0386715866625309,0.0,0.0,0.1262192577123642,0.057736728340387344,0.0,0.0,0.0,0.0,0.0,0.12710285186767578,0.0,0.0,0.05167452245950699,1.401298464324817e-45,0.0,0.0,0.2330729365348816,0.0,0.27395737171173096,0.05674167722463608,0.4362280070781708
5601,0,3,38,6088.85302734375,4411.13134765625,185.47708129882812,54.5,"Stromal, CD4+_T_Cells, Macrophages_1",0.11103401333093643,0.14716090261936188,0.014195713214576244,0.0,0.0,0.05502236634492874,0.08185862749814987,0.0,0.0,0.11224398761987686,0.016617851331830025,0.0,0.0,0.0,0.0,0.0,0.38180071115493774,0.0,0.0,0.08006583899259567,1.1008501646066551e-13,0.0,0.0,0.48628124594688416,0.0,0.24277830123901367,0.11861270666122437,0.1523277759552002
5606,6,3,46,5999.69921875,4474.5576171875,200.8460693359375,61.0,"B_Cells, CD4+_T_Cells, CD8+_T_Cells",0.2352598011493683,0.20585939288139343,0.21351802349090576,0.0,0.0,0.00924077071249485,0.04754291847348213,0.0,0.0,0.10363858938217163,0.023267196491360664,0.0,0.0,0.0,0.0,0.0,0.08978236466646194,0.0,0.0,0.07189098000526428,1.401298464324817e-45,0.0,0.0,0.4704287052154541,0.0,0.3162161707878113,0.03293883800506592,0.18041622638702393
5616,0,7,34,6027.22802734375,4314.935546875,197.5577392578125,63.0,"B_Cells, Stromal, CD8+_T_Cells",0.16243992745876312,0.059522565454244614,0.13087527453899384,0.0,0.0,0.04281225800514221,0.01916934922337532,0.0,0.0,0.10729628056287766,0.03780105337500572,0.0,0.006863899528980255,0.0,0.021288560703396797,0.0,0.34052520990371704,0.0,0.0,0.07140567898750305,0.0028842673636972904,0.0,0.0017636861884966493,0.24854514002799988,0.0016855736030265689,0.2437756210565567,0.14907413721084595,0.3522716760635376
5620,6,7,30,5962.40869140625,4450.15771484375,236.04379272460938,59.5,"CD8+_T_Cells, CD4+_T_Cells, Macrophages_1",0.07526334375143051,0.27126339077949524,0.32692575454711914,0.0,0.0,0.0,0.013021012768149376,0.0,0.0076886136084795,0.1143125370144844,0.0349121131002903,0.0,0.0,0.0,0.0,0.0,0.09215216338634491,0.0,0.0,0.06446100026369095,2.802596928649634e-45,0.0,0.0,0.12799283862113953,0.0,0.3377200663089752,0.0,0.5342870950698853
5661,0,7,61,7185.068359375,607.8479614257812,9.886049270629883,35.0,"Stromal, Macrophages_2, Endothelial",0.019831795245409012,0.05150311812758446,0.0640631914138794,0.0,0.0,0.09844686836004257,4.0147046092897654e-05,5.12170890942798e-06,0.0,0.04388869181275368,0.08776061236858368,0.0,0.0,0.0,0.0,1.2442446859495249e-06,0.611592173576355,0.0025638409424573183,0.00010397237201686949,0.02019917406141758,0.01056076493114233,0.0,0.002880887594074011,0.1439782977104187,0.015696551650762558,0.14978940784931183,0.20328177511692047,0.4738122224807739
5685,1,0,116,6805.5126953125,568.3462524414062,33.63328552246094,25.0,"Invasive_Tumor, Prolif_Invasive_Tumor, Macrophages_1",0.0,0.0,0.008877057582139969,0.0,0.006180577911436558,0.000347871653502807,0.0,0.6300848722457886,0.0,0.0803854689002037,6.322579793049954e-06,0.0,0.0,0.0,0.0,0.13257314264774323,0.10022374987602234,0.0,0.0021361797116696835,0.039185039699077606,0.6705306768417358,0.007623984944075346,0.05107586085796356,0.19161981344223022,0.043150659650564194,0.01079574879258871,0.01966186799108982,0.005541474092751741
5707,6,3,41,7356.59130859375,1424.6563720703125,171.96353149414062,79.0,"CD4+_T_Cells, Macrophages_1, CD8+_T_Cells",0.08709590137004852,0.24694186449050903,0.14196525514125824,0.0007753172540105879,0.0,0.054292358458042145,0.04313123971223831,0.0,0.0,0.2107289433479309,0.0479072667658329,0.0,0.0,0.0,0.0006847830954939127,0.0,0.08968687802553177,0.00692696962505579,0.0,0.0698632225394249,1.401298464324817e-45,0.0005723210633732378,0.0,0.36301928758621216,0.006029384210705757,0.22797667980194092,0.11196379363536835,0.29043853282928467
5727,4,4,66,6963.4951171875,1209.390380859375,55.224571228027344,35.0,"DCIS_1, Endothelial, Myoepi_ACTA2+",0.00335713685490191,0.0006468726205639541,0.0012304859701544046,0.5768682956695557,0.024377938359975815,0.09996147453784943,0.0,0.004904869943857193,0.0,0.022052200511097908,0.003988688345998526,0.0,0.09484710544347763,0.015750214457511902,0.0,0.0,0.12886163592338562,0.0,0.0,0.023152995854616165,0.019431909546256065,0.15438483655452728,0.11625337600708008,0.03552590683102608,0.47998547554016113,0.012480905279517174,0.1369761824607849,0.04496147483587265
5728,4,1,303,7047.93212890625,1205.376708984375,81.67770385742188,15.0,"DCIS_1, DCIS_2, Invasive_Tumor",0.0005958496476523578,0.001797966193407774,0.006060238927602768,0.7587613463401794,0.06485070288181305,0.023415876552462578,0.0,0.03149004653096199,0.0,0.02866879478096962,0.0021693939343094826,0.0,0.023264877498149872,0.027539391070604324,0.0,0.0,0.013094472698867321,0.0,0.0,0.018290910869836807,0.03611172363162041,0.6984120011329651,0.11372394114732742,0.012479796074330807,0.09687937051057816,0.006337009370326996,0.030252981930971146,0.005803092382848263
5730,0,3,32,6986.4150390625,1442.41357421875,23.01633071899414,63.5,"Stromal, B_Cells, IRF7+_DCs",0.06392224133014679,0.03924354910850525,0.0969715267419815,0.0012918947031721473,0.0,0.033710088580846786,0.08314704149961472,0.0,0.0,0.1236257329583168,0.020571766421198845,0.0,3.158955223625526e-05,0.0,5.5375250667566434e-05,0.0,0.4394385814666748,0.0,0.0,0.09799066185951233,0.0004918140475638211,0.0001738175196805969,0.0009879430290311575,0.4206033945083618,0.011042016558349133,0.20635338127613068,0.2036561816930771,0.15669143199920654
5735,4,4,32,7206.34619140625,1106.2344970703125,43.972434997558594,59.0,"DCIS_1, Myoepi_ACTA2+, Myoepi_KRT15+",0.005627341102808714,0.0,0.04083997383713722,0.5682805180549622,0.0013655771035701036,0.05165691301226616,0.0,0.0008603989845141768,0.0,0.03133228421211243,0.0,0.0,0.10454671084880829,0.07088517397642136,0.0,0.0,0.1012415736913681,0.0,0.0,0.023363439366221428,0.02600937895476818,0.0412713997066021,0.018480058759450912,0.1092386394739151,0.5901319980621338,0.06806708872318268,0.1427375227212906,0.004063951317220926
5739,4,4,31,7143.6865234375,1260.1529541015625,59.91203308105469,61.0,"DCIS_1, Myoepi_ACTA2+, Macrophages_2",0.009551177732646465,0.018544627353549004,0.03270221874117851,0.4687144458293915,0.0022090389393270016,0.05042000859975815,0.0,0.0,0.0,0.04567735642194748,0.05499081313610077,0.0,0.1582275629043579,0.017537780106067657,0.0,0.0,0.10321369767189026,0.0,0.0,0.03821128234267235,0.013582373969256878,0.06954522430896759,0.01985887810587883,0.09860441088676453,0.4850222170352936,0.09248036891222,0.11217440664768219,0.10873216390609741
5745,0,3,36,7239.6923828125,1407.1739501953125,13.466253280639648,68.0,"Stromal, CD8+_T_Cells, B_Cells",0.10858431458473206,0.03509229049086571,0.0973733440041542,0.0,0.0,0.04108726605772972,0.06425102055072784,0.0,0.0,0.05019829794764519,0.028716202825307846,0.019224068149924278,0.0,0.0,0.00676802359521389,0.0,0.44556018710136414,0.0011598928831517696,0.0,0.10198509693145752,0.004821408074349165,0.0,4.8943566071102396e-05,0.432394802570343,0.0008913433994166553,0.2150820940732956,0.14416009187698364,0.20260125398635864
5755,4,1,53,7251.41259765625,955.5098266601562,117.13729858398438,62.0,"DCIS_1, Myoepi_ACTA2+, Myoepi_KRT15+",0.0,0.0,0.049919623881578445,0.3743182122707367,0.04777250811457634,0.015655597671866417,0.0,0.013910342007875443,0.0,0.04791227728128433,0.0,0.0,0.19406387209892273,0.13808989524841309,0.001295024179853499,0.0,0.06374616175889969,0.007624599151313305,0.0,0.04569190740585327,0.059347283095121384,0.4263242185115814,0.19752684235572815,0.05507479980587959,0.22486156225204468,0.02279145084321499,0.013950005173683167,0.000123893580166623
5763,0,7,40,7044.2705078125,982.7008666992188,37.615142822265625,78.0,"Stromal, CD8+_T_Cells, Macrophages_2",0.028878604993224144,0.04308323562145233,0.13597771525382996,0.003457309678196907,0.0,0.0757003128528595,0.0,0.0,0.0,0.07031475007534027,0.08427257090806961,0.013990131206810474,0.006009670905768871,0.0,0.0,0.0,0.4055294096469879,0.05239510536193848,0.0,0.08039116859436035,0.015821736305952072,1.4881789691129557e-42,0.012660251930356026,0.11556334793567657,0.06107337400317192,0.23107369244098663,0.17776888608932495,0.38603872060775757
5786,0,6,37,6829.7099609375,1125.90625,13.646663665771484,25.0,"Stromal, Endothelial, Macrophages_1",0.08912565559148788,0.0,0.0,0.027154605835676193,0.0006683811079710722,0.13029365241527557,0.0,0.0,0.0,0.11138507723808289,0.01738819293677807,0.0,0.01258724182844162,0.0,0.0,0.0,0.5943282246589661,0.0,0.0,0.017069049179553986,0.009491123259067535,0.027659310027956963,0.032994769513607025,0.13992390036582947,0.1180478036403656,0.06328143924474716,0.4797285497188568,0.1288730949163437
5788,4,1,30,6760.5009765625,1261.956298828125,79.86116790771484,46.0,"DCIS_1, Myoepi_ACTA2+, DCIS_2",0.0010380710009485483,0.0,0.02652568183839321,0.510476291179657,0.05845749378204346,0.03407125174999237,0.0,0.0,0.0,0.0053320834413170815,0.0,0.0,0.2148124724626541,0.026366276666522026,0.0,0.0,0.09151439368724823,0.0,0.0,0.03140590339899063,0.0012146957451477647,0.4578854739665985,0.21104221045970917,0.03271441534161568,0.2422436773777008,0.005750968120992184,0.04804130643606186,0.0011072538327425718
5832,0,5,37,7226.20263671875,1879.59033203125,54.635955810546875,61.0,"Stromal, B_Cells, Unlabeled",0.0746348649263382,0.1619478166103363,0.0771406888961792,0.01008195523172617,0.00033332669408991933,0.03385910391807556,0.0,0.0,0.0,0.05447561666369438,0.011569288559257984,0.0,0.0399295911192894,0.0,0.0012316424399614334,0.0,0.4232653081417084,0.027601148933172226,0.0,0.0839296355843544,0.0008948849281296134,0.006013021804392338,0.011648133397102356,0.15260380506515503,0.08351384848356247,0.5374346971511841,0.11731290817260742,0.09057866781949997
5833,6,5,191,7186.9794921875,1815.0184326171875,167.1059112548828,49.0,"CD4+_T_Cells, CD8+_T_Cells, Stromal",0.04040134325623512,0.3831881284713745,0.19903740286827087,0.00011555366654647514,0.0,0.03845053166151047,0.00022535139578394592,0.0,0.03194234520196915,0.08175220340490341,0.002541550435125828,0.0,0.0018356817308813334,0.0,0.012054729275405407,0.0,0.11665315181016922,0.011957046575844288,0.0,0.07984507083892822,0.004496000241488218,0.0,0.0009145981166511774,0.15553520619869232,0.0035714248660951853,0.6537131071090698,0.15180985629558563,0.029959963634610176
5836,2,4,34,7332.8740234375,1859.256103515625,105.00045776367188,46.5,"Myoepi_ACTA2+, DCIS_1, Stromal",0.004064982756972313,0.0017738605383783579,0.008698337711393833,0.20742642879486084,0.0,0.029291164129972458,0.0,0.0,0.0,0.019442206248641014,0.008883762173354626,0.0,0.3953031003475189,0.0784088596701622,0.0,0.0,0.19872361421585083,0.010648750700056553,0.013472292572259903,0.023862572386860847,0.009633617475628853,0.11687682569026947,1.593713259100497e-31,0.09490767866373062,0.6112101078033447,0.05123263597488403,0.035603154450654984,0.08053604513406754
5843,6,7,31,7125.21435546875,1845.6522216796875,155.3404998779297,76.0,"CD4+_T_Cells, CD8+_T_Cells, Unlabeled",0.006541436072438955,0.44885292649269104,0.10845103114843369,0.0,0.0,0.04384130984544754,0.0,0.0,0.016322938725352287,0.08911817520856857,0.0462639145553112,0.0,0.0016244676662608981,0.0,0.011908704414963722,0.0,0.14207391440868378,0.020915700122714043,0.0,0.06408550590276718,0.00035847097751684487,0.0,2.634441112930656e-43,0.12135523557662964,1.401298464324817e-45,0.32060506939888,0.10615760833024979,0.4515236020088196
5859,0,6,61,6891.939453125,1960.3834228515625,13.560175895690918,16.0,"Stromal, Perivascular-Like, Macrophages_2",0.0,0.00010341806046199054,0.005159427411854267,6.109219248173758e-05,0.0,0.1138060912489891,0.0,0.0,0.0,0.01820250414311886,0.03527933731675148,0.0,0.0001285374310100451,0.0,0.09516385197639465,0.0,0.7263505458831787,0.0,0.0,0.005745271220803261,0.0038820744957774878,0.0,0.0009750260505825281,0.06456277519464493,0.018494008108973503,0.014708878472447395,0.7148085236549377,0.18256865441799164
5880,4,1,64,6752.36962890625,1824.9061279296875,49.395591735839844,45.0,"DCIS_1, Myoepi_ACTA2+, Endothelial",0.01386582013219595,0.010633795522153378,0.01864168420433998,0.5073438882827759,0.04102335125207901,0.05111900344491005,0.0,0.0,0.0,0.008801821619272232,0.009277279488742352,0.0,0.20556825399398804,0.017674101516604424,0.0,0.0,0.08047384023666382,0.0,0.0,0.035577207803726196,0.0006480308948084712,0.522757351398468,0.16110529005527496,0.04415025934576988,0.16571161150932312,0.0456346794962883,0.035450004041194916,0.02454276755452156
5887,4,4,44,6676.79541015625,1930.3377685546875,69.08989715576172,59.0,"DCIS_1, Myoepi_ACTA2+, Stromal",0.0021682092919945717,0.024206316098570824,0.002657793229445815,0.4503854811191559,0.021234285086393356,0.07479716092348099,0.0,0.0,0.0,0.022013194859027863,0.009205594658851624,0.0005535889067687094,0.17083002626895905,0.03534848615527153,0.0,0.0,0.15143394470214844,0.0,0.0,0.03516596928238869,0.000275538070127368,0.1571776568889618,0.04468927159905434,0.11095095425844193,0.4298824965953827,0.06145505979657173,0.1580464392900467,0.03752259165048599
5904,4,4,62,7100.84716796875,3050.01416015625,98.77908325195312,9.0,"DCIS_1, Myoepi_KRT15+, Macrophages_1",0.0,0.0,0.035410672426223755,0.536345899105072,0.0,0.0,0.0,0.018121525645256042,0.0,0.12848564982414246,0.0,0.0,0.016909854486584663,0.2647264897823334,0.0,0.0,0.0,0.0,0.0,0.0,0.038559623062610626,0.3064750134944916,1.262208984920139e-34,0.0,0.558854341506958,0.09611114114522934,0.0,0.0
5906,2,1,30,7083.05712890625,3294.377685546875,105.26306915283203,24.0,"Myoepi_KRT15+, DCIS_1, Myoepi_ACTA2+",0.0,0.0,0.0,0.14081542193889618,0.03517895191907883,0.0,0.0,0.0,0.0,0.047883134335279465,0.0,0.0,0.23899851739406586,0.5274291634559631,0.0017782923532649875,0.0,0.005832253955304623,0.0,0.0,0.0020842780359089375,1.401298464324817e-45,0.7498959302902222,0.18039512634277344,0.0,0.06378202140331268,0.004827921278774738,0.0010118483332917094,8.728443208383396e-05
5914,4,4,38,7210.22265625,2781.017578125,75.80093383789062,24.0,"DCIS_1, Myoepi_ACTA2+, Macrophages_1",0.0,0.0,0.0059648663736879826,0.5156278014183044,0.04081888869404793,0.010715862736105919,0.0,0.0,0.0,0.07865215837955475,0.0,0.0,0.20596762001514435,0.07974904775619507,0.0,0.0,0.04810361936688423,0.0,0.0,0.01440015435218811,0.005799436941742897,0.2912292182445526,0.08443303406238556,0.039923179894685745,0.5326293706893921,0.01290016621351242,0.03235164284706116,0.0007339300937019289
5924,2,1,36,7003.375,3158.511474609375,109.57437133789062,15.0,"Myoepi_KRT15+, DCIS_1, Myoepi_ACTA2+",0.0,0.0,0.0003594420850276947,0.12212402373552322,0.029624279588460922,0.0,0.0,0.0,0.0,0.009792557917535305,0.0,0.0,0.0672445222735405,0.765225887298584,0.0,0.0,0.0017954715294763446,0.0,0.0,0.003833831986412406,0.0006895738770253956,0.79906165599823,0.06938113272190094,0.0004530515871010721,0.12440311908721924,0.006011540070176125,0.0,0.0
5938,0,6,101,6755.42822265625,2976.5751953125,26.278905868530273,23.0,"Stromal, B_Cells, Endothelial",0.06166786327958107,0.012131978757679462,0.030562544241547585,0.00062830641400069,0.0,0.10717619210481644,0.0002633310214150697,0.0,0.0,0.033006928861141205,0.027591604739427567,9.641896758694202e-05,0.0030623197089880705,0.0,0.005226742476224899,0.0,0.7138769030570984,0.0025707934983074665,0.0,0.002137965289875865,0.007491570431739092,4.931536168578182e-32,0.009910967200994492,0.02857164666056633,0.039016906172037125,0.16475185751914978,0.5677741169929504,0.18248291313648224
5973,3,6,33,7171.82568359375,3994.01904296875,51.65606689453125,16.0,"Endothelial, Stromal, Perivascular-Like",0.0,0.0,0.002094041556119919,0.005938799120485783,0.0,0.5850595235824585,0.0,0.0,0.0,0.0,0.023843612521886826,0.0,0.0,0.0,0.049399226903915405,0.0,0.3040958046913147,0.0,0.0,0.029569029808044434,4.824366250643894e-38,0.0,0.00018963652837555856,0.16327117383480072,0.03295674920082092,0.008892337791621685,0.5275654792785645,0.2671245336532593
5985,0,7,59,6945.49951171875,3761.04931640625,31.956623077392578,34.0,"Stromal, Endothelial, B_Cells",0.06114998087286949,0.0,0.0010387080255895853,0.010243884287774563,0.0,0.15451031923294067,0.0,0.0,0.0,0.022417359054088593,0.05563772842288017,0.00847875326871872,0.0,0.0,0.009172816760838032,0.0,0.6388435959815979,0.012294335290789604,0.0,0.026212461292743683,1.3293552001414355e-05,0.0,2.6854516832486297e-08,0.2310878187417984,0.06565658748149872,0.022591199725866318,0.24939380586147308,0.4312572479248047
5988,0,3,42,6895.099609375,3744.755126953125,40.210052490234375,23.0,"Stromal, B_Cells, Endothelial",0.07676614820957184,0.0,0.002162827178835869,0.0020783529616892338,0.0,0.07477935403585434,0.0,0.0,0.0,0.00966939888894558,0.01708224229514599,0.0,0.004347481764853001,0.0,0.0142258545383811,0.0,0.7321885824203491,0.00594260124489665,0.0,0.06075720116496086,0.0033986391499638557,0.0,0.009128289297223091,0.49509748816490173,0.048199743032455444,0.044012539088726044,0.23781149089336395,0.16235187649726868
6000,0,5,56,6728.2978515625,3935.97119140625,107.2242660522461,41.0,"Stromal, Unlabeled, B_Cells",0.09157602488994598,0.05585898831486702,0.07292814552783966,0.0002450389147270471,0.0,0.0584285594522953,0.0,0.0,0.0,0.017584966495633125,0.04302004352211952,0.0,0.0029404466040432453,0.0,0.0002585877082310617,0.0,0.5391663908958435,0.012568500824272633,0.0,0.10542424768209457,0.004135083872824907,0.0,0.005760326981544495,0.2275066375732422,0.02412673830986023,0.41657719016075134,0.1311188042163849,0.19077523052692413
6028,0,4,54,7261.57421875,4801.99658203125,62.911643981933594,61.0,"Stromal, Macrophages_1, B_Cells",0.09752102196216583,0.004755624104291201,0.058506373316049576,0.08388760685920715,0.0025384649634361267,0.036038532853126526,0.0,0.0,0.0,0.10228247940540314,0.005543767940253019,0.009881065227091312,0.048399802297353745,0.006949383299797773,0.0,0.0,0.5092517137527466,0.010202528908848763,0.0,0.0242416113615036,0.0005239177844487131,0.041619256138801575,0.02991296909749508,0.14675287902355194,0.4384187161922455,0.13638357818126678,0.13311636447906494,0.07327230274677277
6031,0,7,36,7245.00927734375,4908.919921875,136.4289093017578,62.0,"Stromal, Macrophages_1, B_Cells",0.09374302625656128,0.060841791331768036,0.057318106293678284,0.00465411227196455,0.0005425906274467707,0.08102796226739883,0.0,0.0,0.0,0.18854229152202606,0.07609399408102036,0.0,0.011343639343976974,0.0,0.0,0.0,0.35969313979148865,0.0,0.0,0.06619933992624283,0.0001654310617595911,0.0017964174039661884,0.013157587498426437,0.1655653566122055,0.04634765908122063,0.2611400783061981,0.1587294042110443,0.353098064661026
6037,0,5,42,7162.37939453125,4857.0859375,62.33826446533203,33.0,"Stromal, Macrophages_1, CD8+_T_Cells",0.054458800703287125,0.06377045065164566,0.08727973699569702,0.0016572154127061367,0.0,0.0034060890320688486,0.0,0.0,0.0,0.1811341941356659,0.002297542290762067,0.0,0.0018703944515436888,0.0,0.0,0.0,0.5722490549087524,0.0017046417342498899,0.0,0.03017190843820572,0.011346220970153809,0.0,0.003541026497259736,0.1892789900302887,0.042896367609500885,0.6690134406089783,0.021561149507761,0.062362879514694214
6055,0,6,128,6910.8388671875,4683.27685546875,54.0205078125,24.0,"Stromal, Endothelial, B_Cells",0.08098041266202927,0.0030452546197921038,0.019651321694254875,0.000599791994318366,0.0,0.13621285557746887,0.0033208425156772137,0.00011408786667743698,0.0,0.021540869027376175,0.04025697708129883,0.007040802389383316,0.0038093484472483397,0.0,0.005685324780642986,0.0,0.650431752204895,0.007865788415074348,0.00043876899871975183,0.019005903974175453,0.015997404232621193,0.0,0.007843956351280212,0.1211763545870781,0.03284262865781784,0.09919527918100357,0.522100567817688,0.20084382593631744
6056,0,7,67,6949.60302734375,4721.77783203125,75.65634155273438,35.0,"Stromal, Macrophages_2, Endothelial",0.0675332248210907,0.018490055575966835,0.03845784440636635,4.2736057366710156e-05,0.0,0.06648792326450348,0.00016317017434630543,0.0,0.0,0.01366080529987812,0.06954347342252731,0.0046664816327393055,0.0,0.0,0.003942955285310745,0.0,0.7093559503555298,0.0002446311991661787,0.0,0.0074106743559241295,0.006851849611848593,0.0,0.0015542778419330716,0.10256904363632202,0.015540770255029202,0.17809881269931793,0.22287572920322418,0.472509503364563
6064,4,4,58,6835.16552734375,4547.5927734375,106.10774230957031,47.0,"DCIS_1, Myoepi_ACTA2+, CD8+_T_Cells",0.0,0.01880786567926407,0.05543924495577812,0.4558147192001343,0.01437258068472147,0.04341282695531845,0.0,0.008153312839567661,0.0,0.03447327762842178,0.0,0.0,0.17443110048770905,0.05070541054010391,0.0,0.0,0.12935401499271393,0.0,0.012013321742415428,0.0030223189387470484,0.05162028223276138,0.15433543920516968,0.03472298011183739,0.0016726835165172815,0.5599770545959473,0.10597838461399078,0.0916932225227356,2.1190860210237167e-13
6109,4,4,80,7075.5859375,5204.470703125,114.31288146972656,46.0,"DCIS_1, Myoepi_ACTA2+, Stromal",0.003604871453717351,0.02207936719059944,0.019216282293200493,0.4731135368347168,0.02808665670454502,0.039537377655506134,0.0016967225819826126,0.0,0.000380370591301471,0.037538982927799225,0.002433141926303506,0.0,0.18466760218143463,0.020432237535715103,0.0012381095439195633,0.0,0.1439303457736969,0.004353912081569433,0.0,0.01769060268998146,0.0011048612650483847,0.09430937469005585,0.03894812986254692,0.056394755840301514,0.5981671810150146,0.09675603359937668,0.09955079853534698,0.014768792316317558
6141,0,4,35,6967.65087890625,5197.8212890625,57.66581344604492,59.0,"Stromal, Macrophages_1, Myoepi_ACTA2+",0.0035035801120102406,0.03057941049337387,0.023724667727947235,0.15012823045253754,0.0009307092987000942,0.07879147678613663,0.0006176585447974503,0.0,0.0,0.06459686160087585,0.022068588063120842,0.0,0.11390937119722366,0.0,0.0,0.0,0.4366719126701355,0.0018406363669782877,0.0,0.07263688743114471,0.01224500685930252,0.018313225358724594,0.007781074848026037,0.08034248650074005,0.5562631487846375,0.15678350627422333,0.05861462280154228,0.109656922519207
