niche_id	sample_id	program	location_id	spot_id	program_activity	smoothed_activity
HCC-1L|P1|N1	HCC-1L	P1	HCC-1L|AAACCGTTCGTCCAGG-1	AAACCGTTCGTCCAGG-1	1.8119983185117732	1.3010091502573253
HCC-1L|P1|N1	HCC-1L	P1	HCC-1L|AATAGAACAGAGTGGC-1	AATAGAACAGAGTGGC-1	2.8593704367542268	2.247603679609982
HCC-1L|P1|N1	HCC-1L	P1	HCC-1L|ACCAACGCTTATTTAT-1	ACCAACGCTTATTTAT-1	3.8142758464556015	2.453306834391996
HCC-1L|P1|N1	HCC-1L	P1	HCC-1L|CAGCGATTCCCTTCAA-1	CAGCGATTCCCTTCAA-1	2.605432549095468	1.6314643280469547
HCC-1L|P1|N1	HCC-1L	P1	HCC-1L|CCGCGGAATGCGTCAC-1	CCGCGGAATGCGTCAC-1	3.235600900665309	2.192500914178656
HCC-1L|P1|N1	HCC-1L	P1	HCC-1L|CTTCTATTAATGCTAG-1	CTTCTATTAATGCTAG-1	1.8992720140103594	1.4576704746998126
HCC-1L|P1|N1	HCC-1L	P1	HCC-1L|GAGTCAGACCAGAATC-1	GAGTCAGACCAGAATC-1	2.114310534816434	1.4429561906883541
HCC-1L|P1|N1	HCC-1L	P1	HCC-1L|GCCATCGAGCTGCGTG-1	GCCATCGAGCTGCGTG-1	2.5471702966398806	1.829722338587426
HCC-1L|P1|N1	HCC-1L	P1	HCC-1L|GCTAGCTTGAATAGCT-1	GCTAGCTTGAATAGCT-1	2.1329783234788735	1.9426650971119117
HCC-1L|P1|N1	HCC-1L	P1	HCC-1L|GGGTTAACATTTGAGT-1	GGGTTAACATTTGAGT-1	3.988602618831732	2.494470782167028
HCC-1L|P1|N1	HCC-1L	P1	HCC-1L|TCACAGGAGAATAAGA-1	TCACAGGAGAATAAGA-1	2.169296346018333	1.7982504969251232
HCC-1L|P1|N1	HCC-1L	P1	HCC-1L|TGGCGACTGCTCCAAA-1	TGGCGACTGCTCCAAA-1	2.4603147333433113	1.5871246067412197
HCC-1L|P1|N6	HCC-1L	P1	HCC-1L|AAGACCAAATAACTCA-1	AAGACCAAATAACTCA-1	2.9949067376960308	2.2059778574013507
HCC-1L|P1|N6	HCC-1L	P1	HCC-1L|AATCTAGGTTTACTTG-1	AATCTAGGTTTACTTG-1	2.626753850405456	1.8464914110959647
HCC-1L|P1|N6	HCC-1L	P1	HCC-1L|AATTACGAGACCCATC-1	AATTACGAGACCCATC-1	3.4713691630701	2.3998403922349656
HCC-1L|P1|N6	HCC-1L	P1	HCC-1L|ACGAGGTTTACAACGT-1	ACGAGGTTTACAACGT-1	2.5745208241647366	2.0331661230388858
HCC-1L|P1|N6	HCC-1L	P1	HCC-1L|AGAACCCTCAATTGGG-1	AGAACCCTCAATTGGG-1	1.699151104383448	1.6492787361163161
HCC-1L|P1|N6	HCC-1L	P1	HCC-1L|CAGATCCTGGTTTGAA-1	CAGATCCTGGTTTGAA-1	2.5216550109530416	1.4709863942969508
HCC-1L|P1|N6	HCC-1L	P1	HCC-1L|CATGGTATTAGTTTGT-1	CATGGTATTAGTTTGT-1	2.119426588801947	1.7035744869860565
HCC-1L|P1|N6	HCC-1L	P1	HCC-1L|CCATAGAGGCTGCCAG-1	CCATAGAGGCTGCCAG-1	3.479270140840609	2.7933570626017787
HCC-1L|P1|N6	HCC-1L	P1	HCC-1L|CCGAAGCATTGACCAA-1	CCGAAGCATTGACCAA-1	3.3652422679369165	2.5690749505759833
HCC-1L|P1|N6	HCC-1L	P1	HCC-1L|CCTATATCGTGTCACG-1	CCTATATCGTGTCACG-1	2.3792390476062697	1.7404212126304035
HCC-1L|P1|N6	HCC-1L	P1	HCC-1L|CGATGTTGTTATCTAC-1	CGATGTTGTTATCTAC-1	2.6536786173246774	2.0723977019103836
HCC-1L|P1|N6	HCC-1L	P1	HCC-1L|CTAACAGCACAATAAC-1	CTAACAGCACAATAAC-1	2.1596785797448175	1.686712618526415
HCC-1L|P1|N6	HCC-1L	P1	HCC-1L|CTCGCATTGCATAGCC-1	CTCGCATTGCATAGCC-1	3.0266770123493107	1.9099140665508691
HCC-1L|P1|N6	HCC-1L	P1	HCC-1L|GCACAACCTCGGGCGT-1	GCACAACCTCGGGCGT-1	3.992598354065569	2.217439061809841
HCC-1L|P1|N6	HCC-1L	P1	HCC-1L|GCAGGAACTTAGATCT-1	GCAGGAACTTAGATCT-1	2.3237262085111348	1.589997036236113
HCC-1L|P1|N6	HCC-1L	P1	HCC-1L|GCCATTAGCCTCAAAC-1	GCCATTAGCCTCAAAC-1	2.5105620874088648	1.6790371650435432
HCC-1L|P1|N6	HCC-1L	P1	HCC-1L|GGGACAGAGTTACTCC-1	GGGACAGAGTTACTCC-1	2.736496507577169	1.5965197875942159
HCC-1L|P1|N6	HCC-1L	P1	HCC-1L|GTCTCCTGCCAGTATG-1	GTCTCCTGCCAGTATG-1	2.3795815407462366	1.6631537395126172
HCC-1L|P1|N6	HCC-1L	P1	HCC-1L|GTTAGGCTACCCGTTT-1	GTTAGGCTACCCGTTT-1	2.510853333361091	1.6582840246738788
HCC-1L|P1|N6	HCC-1L	P1	HCC-1L|TACTGAGGGAAGAAAG-1	TACTGAGGGAAGAAAG-1	2.3711729987564336	2.528186185364989
HCC-1L|P1|N6	HCC-1L	P1	HCC-1L|TATCTTGCAATACAAC-1	TATCTTGCAATACAAC-1	2.5219066658451608	2.009610266928073
HCC-1L|P1|N6	HCC-1L	P1	HCC-1L|TATGTAGAAACCCGGC-1	TATGTAGAAACCCGGC-1	1.792095921997227	2.0844491135610412
HCC-1L|P1|N6	HCC-1L	P1	HCC-1L|TATTATGTTTGCCTGC-1	TATTATGTTTGCCTGC-1	2.739258405667575	2.1180769499060896
HCC-1L|P1|N6	HCC-1L	P1	HCC-1L|TCAGCTTGAGCTTTCG-1	TCAGCTTGAGCTTTCG-1	2.631853810125819	1.758305605618645
HCC-1L|P1|N6	HCC-1L	P1	HCC-1L|TCGACAACTGAACCCG-1	TCGACAACTGAACCCG-1	3.7229697914452955	2.514458720362437
HCC-1L|P1|N6	HCC-1L	P1	HCC-1L|TGGCATGAAGTTTGGG-1	TGGCATGAAGTTTGGG-1	2.5742201227082377	1.710866970651919
HCC-1L|P1|N6	HCC-1L	P1	HCC-1L|TGGTTAACTTACATTT-1	TGGTTAACTTACATTT-1	1.8837921491944636	1.8053198797260088
HCC-1L|P1|N6	HCC-1L	P1	HCC-1L|TTATCCTCAAGGAATA-1	TTATCCTCAAGGAATA-1	4.073647622207706	2.2557199653043076
HCC-1L|P1|N6	HCC-1L	P1	HCC-1L|TTCTCTTACAGGTGAT-1	TTCTCTTACAGGTGAT-1	1.94654857278184	1.646683976356921
HCC-1L|P1|N6	HCC-1L	P1	HCC-1L|TTGTGCGGAAGCGGAT-1	TTGTGCGGAAGCGGAT-1	3.436879476414242	2.18835213158924
HCC-1L|P1|N9	HCC-1L	P1	HCC-1L|AAGGCTGTGCTCATCG-1	AAGGCTGTGCTCATCG-1	3.9269902193310218	2.1625242730934358
HCC-1L|P1|N9	HCC-1L	P1	HCC-1L|ATTGAAGATCTTAGTG-1	ATTGAAGATCTTAGTG-1	2.084131665500341	1.4741469411699224
HCC-1L|P1|N9	HCC-1L	P1	HCC-1L|ATTGCTGCTCCTCCAT-1	ATTGCTGCTCCTCCAT-1	2.6510813973246243	1.5914761302884093
HCC-1L|P1|N9	HCC-1L	P1	HCC-1L|CACTTAATCAGACGGA-1	CACTTAATCAGACGGA-1	2.5105900160525003	1.6731643749879028
HCC-1L|P1|N9	HCC-1L	P1	HCC-1L|GACCAGAGCCCTGTAG-1	GACCAGAGCCCTGTAG-1	2.368872509859218	2.253592846917495
HCC-1L|P1|N9	HCC-1L	P1	HCC-1L|GAGATCTGCTTGGCAT-1	GAGATCTGCTTGGCAT-1	1.5968730994366274	1.3614732290986686
HCC-1L|P1|N9	HCC-1L	P1	HCC-1L|GGCACTCCACTGGGCA-1	GGCACTCCACTGGGCA-1	2.5110066751630975	1.597791930538976
HCC-1L|P1|N9	HCC-1L	P1	HCC-1L|GGCGGAGTAATATTAG-1	GGCGGAGTAATATTAG-1	4.002656427845463	2.4334093223424835
HCC-1L|P1|N9	HCC-1L	P1	HCC-1L|TCACAGGTTATTGGGC-1	TCACAGGTTATTGGGC-1	2.816100791177807	2.3213075898873834
HCC-1L|P1|N9	HCC-1L	P1	HCC-1L|TCACGCATTGTAGATC-1	TCACGCATTGTAGATC-1	2.5034257283767345	1.6956037647908928
HCC-1L|P1|N10	HCC-1L	P1	HCC-1L|AAGGGAACGACTGGCT-1	AAGGGAACGACTGGCT-1	2.9622886349546422	1.9670458063514122
HCC-1L|P1|N10	HCC-1L	P1	HCC-1L|ACAAACCATGCGTCCT-1	ACAAACCATGCGTCCT-1	1.912199691765561	1.4497964818720512
HCC-1L|P1|N10	HCC-1L	P1	HCC-1L|ACTACATCCCGACAAG-1	ACTACATCCCGACAAG-1	2.502561285115895	1.5956349058248553
HCC-1L|P1|N10	HCC-1L	P1	HCC-1L|CACAGAGACGAGGACG-1	CACAGAGACGAGGACG-1	2.0404305266611242	1.668007776129559
HCC-1L|P1|N10	HCC-1L	P1	HCC-1L|CACCAGTCAGCATGCA-1	CACCAGTCAGCATGCA-1	1.4018890220258369	1.594120857099084
HCC-1L|P1|N10	HCC-1L	P1	HCC-1L|CGAATCTGCTCGACGC-1	CGAATCTGCTCGACGC-1	1.5703358723906353	1.5832895739834663
HCC-1L|P1|N10	HCC-1L	P1	HCC-1L|GAGCGCTGTTAGGTAA-1	GAGCGCTGTTAGGTAA-1	4.1454285691050865	2.526211563203754
HCC-1L|P1|N10	HCC-1L	P1	HCC-1L|GGAACCTTGACTCTGC-1	GGAACCTTGACTCTGC-1	4.102945134530843	2.1682966524342415
HCC-1L|P1|N10	HCC-1L	P1	HCC-1L|TAAGAGGGACAGGGAC-1	TAAGAGGGACAGGGAC-1	2.220051467437334	1.7354657709463055
HCC-1L|P1|N10	HCC-1L	P1	HCC-1L|TAATAGGTCACCAGAA-1	TAATAGGTCACCAGAA-1	2.4697424493980544	1.8280090133258238
HCC-1L|P1|N10	HCC-1L	P1	HCC-1L|TAGTACCACAACTTTC-1	TAGTACCACAACTTTC-1	2.5626643795516846	1.5364453498547268
HCC-1L|P1|N10	HCC-1L	P1	HCC-1L|TCCATCAATACTAATC-1	TCCATCAATACTAATC-1	1.4470118027982701	1.2828639103137909
HCC-1L|P1|N17	HCC-1L	P1	HCC-1L|ACGACTGGTCATACTC-1	ACGACTGGTCATACTC-1	3.506032850454737	2.3126611368966814
HCC-1L|P1|N17	HCC-1L	P1	HCC-1L|ACTCCAATATCATCAT-1	ACTCCAATATCATCAT-1	1.7082436400890726	1.5765002686584815
HCC-1L|P1|N17	HCC-1L	P1	HCC-1L|AGCTAACAAGCAATGT-1	AGCTAACAAGCAATGT-1	3.8498914152863546	2.1504887133129706
HCC-1L|P1|N17	HCC-1L	P1	HCC-1L|CTCAAACCACTGCCCG-1	CTCAAACCACTGCCCG-1	2.623709167531852	2.3263605838393104
HCC-1L|P1|N17	HCC-1L	P1	HCC-1L|GAGCATCAACAACTTG-1	GAGCATCAACAACTTG-1	2.37300957187622	1.5010067333077206
HCC-1L|P1|N17	HCC-1L	P1	HCC-1L|GAGGGTAGTAACAAAG-1	GAGGGTAGTAACAAAG-1	2.0657797283462562	2.114275614332338
HCC-1L|P1|N17	HCC-1L	P1	HCC-1L|GCCGACCCACGACTGC-1	GCCGACCCACGACTGC-1	4.2297520831448665	2.6525079625155614
HCC-1L|P1|N17	HCC-1L	P1	HCC-1L|GCGTCCCTAAGACATA-1	GCGTCCCTAAGACATA-1	3.986483169033731	2.214456320657696
HCC-1L|P1|N17	HCC-1L	P1	HCC-1L|GGACTCGTGAGTGGTC-1	GGACTCGTGAGTGGTC-1	2.848539079010872	2.445776631601578
HCC-1L|P1|N17	HCC-1L	P1	HCC-1L|GGCCGAGACTCTGGTG-1	GGCCGAGACTCTGGTG-1	2.6775596828822072	2.3499037789990727
HCC-1L|P1|N17	HCC-1L	P1	HCC-1L|GGTTTAATTACCATCG-1	GGTTTAATTACCATCG-1	2.7841032799390857	1.8480723271814365
HCC-1L|P1|N17	HCC-1L	P1	HCC-1L|GTAGTTCGAAGGCGAA-1	GTAGTTCGAAGGCGAA-1	2.5549464728969222	1.736248033873295
HCC-1L|P1|N17	HCC-1L	P1	HCC-1L|TACTCCTCTAGTTGAC-1	TACTCCTCTAGTTGAC-1	4.2622768622305625	2.6634402021170223
HCC-1L|P1|N17	HCC-1L	P1	HCC-1L|TATATAGGGCTTTACG-1	TATATAGGGCTTTACG-1	1.9880640239181515	1.6814797004326758
HCC-1L|P1|N37	HCC-1L	P1	HCC-1L|CATACTATGTAATTGT-1	CATACTATGTAATTGT-1	2.624831804757996	1.8430402073739056
HCC-1L|P1|N37	HCC-1L	P1	HCC-1L|CATATAGGTACAGTCA-1	CATATAGGTACAGTCA-1	2.3022855734559466	1.3502838488561495
HCC-1L|P1|N37	HCC-1L	P1	HCC-1L|CCACACTGAGATATTA-1	CCACACTGAGATATTA-1	2.789792858846449	1.8344634571633556
HCC-1L|P1|N37	HCC-1L	P1	HCC-1L|CGCTACGGGACATTTA-1	CGCTACGGGACATTTA-1	1.2472343196873381	1.4861103870892578
HCC-1L|P1|N37	HCC-1L	P1	HCC-1L|CTGTACTTCTTAGCAT-1	CTGTACTTCTTAGCAT-1	2.9101248800431834	2.122981944283047
HCC-1L|P1|N37	HCC-1L	P1	HCC-1L|GACCGTGCTGACGGTG-1	GACCGTGCTGACGGTG-1	2.6917631401105333	2.0221002590040724
HCC-1L|P1|N37	HCC-1L	P1	HCC-1L|GCGAGGCCCGAGCAGA-1	GCGAGGCCCGAGCAGA-1	3.7917804978635536	2.535272654397251
HCC-1L|P1|N37	HCC-1L	P1	HCC-1L|GGCAAATTACTTTACT-1	GGCAAATTACTTTACT-1	2.671021335162006	1.9721043688688604
HCC-1L|P1|N37	HCC-1L	P1	HCC-1L|GGCGCATGAATTGATG-1	GGCGCATGAATTGATG-1	2.3896927455381154	1.8224276593043571
HCC-1L|P1|N37	HCC-1L	P1	HCC-1L|GGGCCCGTCTTAAACA-1	GGGCCCGTCTTAAACA-1	2.557668529805641	1.7005604382944974
HCC-1L|P1|N37	HCC-1L	P1	HCC-1L|GTTCGCCATAAGTGCC-1	GTTCGCCATAAGTGCC-1	2.9868087468483253	1.8260295879167505
HCC-1L|P1|N37	HCC-1L	P1	HCC-1L|GTTGGATTTGCGTTGG-1	GTTGGATTTGCGTTGG-1	2.5757111620753363	1.5065915647675012
HCC-1L|P1|N37	HCC-1L	P1	HCC-1L|TAGTCCGCAGAGAATG-1	TAGTCCGCAGAGAATG-1	2.533478052180482	1.8955100326743257
HCC-1L|P1|N37	HCC-1L	P1	HCC-1L|TATGGGACCGAGCAGG-1	TATGGGACCGAGCAGG-1	2.3959153450532247	1.5686823398294805
HCC-1L|P1|N37	HCC-1L	P1	HCC-1L|TCGAGACCAACACCGT-1	TCGAGACCAACACCGT-1	2.048138515055755	1.7369740224305033
HCC-1L|P1|N37	HCC-1L	P1	HCC-1L|TGCAGAGTACCGAGCA-1	TGCAGAGTACCGAGCA-1	2.6509002370860113	1.9342903231060293
HCC-1L|P1|N37	HCC-1L	P1	HCC-1L|TTCACGAAAGGATCAC-1	TTCACGAAAGGATCAC-1	1.9433640588552994	1.6023841389346964
HCC-1L|P2|N3	HCC-1L	P2	HCC-1L|AAAGTCGACCCTCAGT-1	AAAGTCGACCCTCAGT-1	0.6339472188508259	0.9377574242562542
HCC-1L|P2|N3	HCC-1L	P2	HCC-1L|AGAGATCTCTAAAGCG-1	AGAGATCTCTAAAGCG-1	1.9446873630719408	1.5072716490423308
HCC-1L|P2|N3	HCC-1L	P2	HCC-1L|CACTCGGTTAGGAGGA-1	CACTCGGTTAGGAGGA-1	1.8053867971736155	1.403355981547577
HCC-1L|P2|N3	HCC-1L	P2	HCC-1L|CATTGCGAAATGGGCG-1	CATTGCGAAATGGGCG-1	0.7995897024410527	0.8984013459594327
HCC-1L|P2|N3	HCC-1L	P2	HCC-1L|CGCCAAGAAGCCGAGT-1	CGCCAAGAAGCCGAGT-1	2.2277823435691326	1.919982183770418
HCC-1L|P2|N3	HCC-1L	P2	HCC-1L|GCATACGAGGTCTTTA-1	GCATACGAGGTCTTTA-1	1.6595674500004347	1.265020745788051
HCC-1L|P2|N3	HCC-1L	P2	HCC-1L|GCTACAGTACGGACCG-1	GCTACAGTACGGACCG-1	1.642584655397256	1.1867629032947544
HCC-1L|P2|N3	HCC-1L	P2	HCC-1L|GGATGCTGGCGTTCCT-1	GGATGCTGGCGTTCCT-1	2.226697347711472	1.4610596016095725
HCC-1L|P2|N3	HCC-1L	P2	HCC-1L|GGGCCCTACGAAAGGG-1	GGGCCCTACGAAAGGG-1	1.8107168421575917	1.486400631883766
HCC-1L|P2|N3	HCC-1L	P2	HCC-1L|TCGGGATTCAAACATA-1	TCGGGATTCAAACATA-1	2.0098753503414053	1.77165534217451
HCC-1L|P2|N3	HCC-1L	P2	HCC-1L|TGTAATGACCACAATA-1	TGTAATGACCACAATA-1	2.3006444426382986	1.5799020526399863
HCC-1L|P2|N3	HCC-1L	P2	HCC-1L|TTCAGGCGTCAAAGCC-1	TTCAGGCGTCAAAGCC-1	1.68111524054781	1.5274238164322744
HCC-1L|P2|N3	HCC-1L	P2	HCC-1L|TTCCTCTGCCCGAATA-1	TTCCTCTGCCCGAATA-1	0.6788913811086218	0.888714273822315
HCC-1L|P2|N5	HCC-1L	P2	HCC-1L|AAATTAATAAGCGCGA-1	AAATTAATAAGCGCGA-1	1.674889270875022	1.3537830479265405
HCC-1L|P2|N5	HCC-1L	P2	HCC-1L|AATCTCTACTGTGGTT-1	AATCTCTACTGTGGTT-1	1.8834887064128707	1.362048043126197
HCC-1L|P2|N5	HCC-1L	P2	HCC-1L|ACGATACCTATCCTGA-1	ACGATACCTATCCTGA-1	2.218324374298438	1.7058167340064383
HCC-1L|P2|N5	HCC-1L	P2	HCC-1L|AGTGGTTGCGTATAGG-1	AGTGGTTGCGTATAGG-1	1.5146249861756773	1.3176008687856933
HCC-1L|P2|N5	HCC-1L	P2	HCC-1L|ATCCAATGGTACCGAA-1	ATCCAATGGTACCGAA-1	1.4079714075491476	1.1802302124969795
HCC-1L|P2|N5	HCC-1L	P2	HCC-1L|CCATACTCGCCTCTCC-1	CCATACTCGCCTCTCC-1	0.8428418332738383	0.9162573089411936
HCC-1L|P2|N5	HCC-1L	P2	HCC-1L|CCGCGATTTGGTAGGT-1	CCGCGATTTGGTAGGT-1	1.8645291931619936	1.3151662413735816
HCC-1L|P2|N5	HCC-1L	P2	HCC-1L|CCTCCTGAGCCCACAT-1	CCTCCTGAGCCCACAT-1	2.0518645434267273	1.5759494494861008
HCC-1L|P2|N5	HCC-1L	P2	HCC-1L|CCTGCCCGTTGTCTAG-1	CCTGCCCGTTGTCTAG-1	1.7302365392922987	1.2355613035050128
HCC-1L|P2|N5	HCC-1L	P2	HCC-1L|CCTGTGAAACCGTAAC-1	CCTGTGAAACCGTAAC-1	0.9125776185367086	1.1650675440679525
HCC-1L|P2|N5	HCC-1L	P2	HCC-1L|CGAAGACGGTGAGTGC-1	CGAAGACGGTGAGTGC-1	1.5472257925049868	1.5473679425813374
HCC-1L|P2|N5	HCC-1L	P2	HCC-1L|CTCACCAGTACAAGTG-1	CTCACCAGTACAAGTG-1	0.7506939795272093	0.9261017345567559
HCC-1L|P2|N5	HCC-1L	P2	HCC-1L|CTGCCCACGAAGCGTT-1	CTGCCCACGAAGCGTT-1	1.6134736778405652	1.269288186214287
HCC-1L|P2|N5	HCC-1L	P2	HCC-1L|GGACAAGTTGCAGTGA-1	GGACAAGTTGCAGTGA-1	1.6536380249376725	1.2915839403388878
HCC-1L|P2|N5	HCC-1L	P2	HCC-1L|GGCCTTTGCAACTGGC-1	GGCCTTTGCAACTGGC-1	1.8435892228519712	1.5205738342190367
HCC-1L|P2|N5	HCC-1L	P2	HCC-1L|GGGCCCTTATCTATAC-1	GGGCCCTTATCTATAC-1	1.9588915596530807	1.801798584768977
HCC-1L|P2|N5	HCC-1L	P2	HCC-1L|GGTATGAAAGAACTGA-1	GGTATGAAAGAACTGA-1	1.9132062447294504	1.647923525204504
HCC-1L|P2|N5	HCC-1L	P2	HCC-1L|GTCGTACCTACGATTG-1	GTCGTACCTACGATTG-1	0.404984975890035	0.8891192968193223
HCC-1L|P2|N5	HCC-1L	P2	HCC-1L|GTGCTGCAGATAAGGA-1	GTGCTGCAGATAAGGA-1	1.8847061695726086	1.481759522279554
HCC-1L|P2|N5	HCC-1L	P2	HCC-1L|TAGCGTCGAATATTGA-1	TAGCGTCGAATATTGA-1	1.7696837530556686	1.39050099736551
HCC-1L|P2|N5	HCC-1L	P2	HCC-1L|TCTGGCGCAAGCCGGG-1	TCTGGCGCAAGCCGGG-1	1.6093231400953258	1.3904264469149639
HCC-1L|P2|N6	HCC-1L	P2	HCC-1L|AACAACTGGTAGTTGC-1	AACAACTGGTAGTTGC-1	1.4762495892997654	1.171816543305006
HCC-1L|P2|N6	HCC-1L	P2	HCC-1L|ACAAGGACAAGAGGTT-1	ACAAGGACAAGAGGTT-1	1.350038024281548	0.9016505675209496
HCC-1L|P2|N6	HCC-1L	P2	HCC-1L|AGGCCACCCGTTATGA-1	AGGCCACCCGTTATGA-1	2.069446535773209	1.4359702487955741
HCC-1L|P2|N6	HCC-1L	P2	HCC-1L|CCTGGCTAGACCCGCC-1	CCTGGCTAGACCCGCC-1	1.5477789819493184	1.1225752639214461
HCC-1L|P2|N6	HCC-1L	P2	HCC-1L|CGCAAACACGAGTTAC-1	CGCAAACACGAGTTAC-1	1.337753463847938	0.9933280078791266
HCC-1L|P2|N6	HCC-1L	P2	HCC-1L|CGTGTCCCATTCGCGA-1	CGTGTCCCATTCGCGA-1	1.6777087210490413	1.2908705896077162
HCC-1L|P2|N6	HCC-1L	P2	HCC-1L|TCAGTACTGACCCGCG-1	TCAGTACTGACCCGCG-1	2.222812864998214	1.4873497062426555
HCC-1L|P2|N6	HCC-1L	P2	HCC-1L|TCCTCTACGAGATGGC-1	TCCTCTACGAGATGGC-1	1.1352429605975765	0.9317765268176681
HCC-1L|P2|N6	HCC-1L	P2	HCC-1L|TGGAGTGATGCGATGA-1	TGGAGTGATGCGATGA-1	1.76136898406896	1.2829435584193574
HCC-1L|P2|N6	HCC-1L	P2	HCC-1L|TTATGACAAACTGGAT-1	TTATGACAAACTGGAT-1	1.1498837941505968	0.9859101927669405
HCC-1L|P2|N8	HCC-1L	P2	HCC-1L|AACACGAGACGCGGCC-1	AACACGAGACGCGGCC-1	1.5420514338030409	1.5115088042319453
HCC-1L|P2|N8	HCC-1L	P2	HCC-1L|ACCTGCGTGTCATGTT-1	ACCTGCGTGTCATGTT-1	1.4267325590478779	0.9651319804092247
HCC-1L|P2|N8	HCC-1L	P2	HCC-1L|AGGCCCTAGAACGCCA-1	AGGCCCTAGAACGCCA-1	1.5593930011088142	1.3161222610098315
HCC-1L|P2|N8	HCC-1L	P2	HCC-1L|AGGGCGAGCAGCTGAT-1	AGGGCGAGCAGCTGAT-1	1.5403657517206497	1.1179518717608279
HCC-1L|P2|N8	HCC-1L	P2	HCC-1L|AGGTCAGGTGAGAGTG-1	AGGTCAGGTGAGAGTG-1	1.9556303618835735	1.4356284065070115
HCC-1L|P2|N8	HCC-1L	P2	HCC-1L|AGTCGGCTCAACTTTA-1	AGTCGGCTCAACTTTA-1	1.772642209113737	1.0455834201293612
HCC-1L|P2|N8	HCC-1L	P2	HCC-1L|ATGTGAAAGCCTAATG-1	ATGTGAAAGCCTAATG-1	1.77758805947179	1.4591207446468575
HCC-1L|P2|N8	HCC-1L	P2	HCC-1L|CAAATCTCTCACAAGG-1	CAAATCTCTCACAAGG-1	1.3457594838569429	1.1246601438239936
HCC-1L|P2|N8	HCC-1L	P2	HCC-1L|CCACGGAGCCATAAGA-1	CCACGGAGCCATAAGA-1	1.8825897100570759	1.3045359447066396
HCC-1L|P2|N8	HCC-1L	P2	HCC-1L|CTTCTATGTTGAAGTA-1	CTTCTATGTTGAAGTA-1	1.6916050233162523	1.309822248071763
HCC-1L|P2|N8	HCC-1L	P2	HCC-1L|TCGGAGAGTATCGGGA-1	TCGGAGAGTATCGGGA-1	1.573531450757738	1.4510148954351518
HCC-1L|P2|N8	HCC-1L	P2	HCC-1L|TGACGAATATTTCCCT-1	TGACGAATATTTCCCT-1	1.746198062434805	1.3946737607763362
HCC-1L|P2|N8	HCC-1L	P2	HCC-1L|TTAACTTCAGGTAGGA-1	TTAACTTCAGGTAGGA-1	1.9458078440539137	1.531695200289914
HCC-1L|P2|N8	HCC-1L	P2	HCC-1L|TTGTTTCCATACAACT-1	TTGTTTCCATACAACT-1	1.5719076046733444	1.2367946489498614
HCC-1L|P2|N14	HCC-1L	P2	HCC-1L|AATAACAACGCTCGGC-1	AATAACAACGCTCGGC-1	1.725043688691389	1.4577609435110035
HCC-1L|P2|N14	HCC-1L	P2	HCC-1L|AGGTAGGTACAAAGCT-1	AGGTAGGTACAAAGCT-1	1.0592058283297008	1.0159893696393112
HCC-1L|P2|N14	HCC-1L	P2	HCC-1L|ATAAATATTAGCAGCT-1	ATAAATATTAGCAGCT-1	1.661567639575235	1.5136337852199342
HCC-1L|P2|N14	HCC-1L	P2	HCC-1L|ATACCACGGGCAACTT-1	ATACCACGGGCAACTT-1	1.8382931156176907	1.738866459980506
HCC-1L|P2|N14	HCC-1L	P2	HCC-1L|ATCCTGAATCGCTGCG-1	ATCCTGAATCGCTGCG-1	1.892303443347718	1.684972171909995
HCC-1L|P2|N14	HCC-1L	P2	HCC-1L|ATTCGACGCCGGGCCT-1	ATTCGACGCCGGGCCT-1	2.1442267743928234	1.8834654961406532
HCC-1L|P2|N14	HCC-1L	P2	HCC-1L|CGGTTGACCTGGCATA-1	CGGTTGACCTGGCATA-1	1.6386841323123504	1.1404474588354636
HCC-1L|P2|N14	HCC-1L	P2	HCC-1L|GAGGCTATCAAAGTCG-1	GAGGCTATCAAAGTCG-1	2.003913518423806	1.7647122644665205
HCC-1L|P2|N14	HCC-1L	P2	HCC-1L|GGCGCAGGACATCTTC-1	GGCGCAGGACATCTTC-1	1.9638531016274166	1.934017710795495
HCC-1L|P2|N14	HCC-1L	P2	HCC-1L|GTACTCCCTTATCGCT-1	GTACTCCCTTATCGCT-1	2.048614208589287	1.9805296558409538
HCC-1L|P2|N14	HCC-1L	P2	HCC-1L|GTTTCATATCGTCGCT-1	GTTTCATATCGTCGCT-1	1.7226990952448484	1.333970939270012
HCC-1L|P2|N14	HCC-1L	P2	HCC-1L|TACTGGACAGCTCGGC-1	TACTGGACAGCTCGGC-1	1.840803044616606	1.3185866342803765
HCC-1L|P2|N14	HCC-1L	P2	HCC-1L|TCGTATTACCCATTGC-1	TCGTATTACCCATTGC-1	1.8790414340737818	1.4599557483368448
HCC-1L|P2|N14	HCC-1L	P2	HCC-1L|TGGTCTGTTGGGCGTA-1	TGGTCTGTTGGGCGTA-1	1.7993404198025964	1.5774474596785066
HCC-1L|P2|N14	HCC-1L	P2	HCC-1L|TGTCCTAAGTCACCGC-1	TGTCCTAAGTCACCGC-1	2.149160553384244	1.4754314185102368
HCC-1L|P2|N14	HCC-1L	P2	HCC-1L|TTACCATTGATTACCC-1	TTACCATTGATTACCC-1	0.8507010286415005	0.9963524737293528
HCC-1L|P2|N24	HCC-1L	P2	HCC-1L|ACGATGCATATGTTAT-1	ACGATGCATATGTTAT-1	1.4013532412314205	1.0977377398283334
HCC-1L|P2|N24	HCC-1L	P2	HCC-1L|ATTGCTGCTCCTCCAT-1	ATTGCTGCTCCTCCAT-1	1.3065884768305112	0.9567837764787108
HCC-1L|P2|N24	HCC-1L	P2	HCC-1L|CATACTATGTAATTGT-1	CATACTATGTAATTGT-1	1.1701991117900137	0.8674064096430483
HCC-1L|P2|N24	HCC-1L	P2	HCC-1L|CGACAGTTCGCGTTAT-1	CGACAGTTCGCGTTAT-1	2.194571688959905	1.533482024000593
HCC-1L|P2|N24	HCC-1L	P2	HCC-1L|CGCTACGGGACATTTA-1	CGCTACGGGACATTTA-1	1.0452751931519868	0.8748507921468736
HCC-1L|P2|N24	HCC-1L	P2	HCC-1L|GAAGTGATTTATCGTG-1	GAAGTGATTTATCGTG-1	1.7230872495689227	1.0700204717569126
HCC-1L|P2|N24	HCC-1L	P2	HCC-1L|GAAGTTTCCACTCAAT-1	GAAGTTTCCACTCAAT-1	1.0471013817101096	0.9959873931406588
HCC-1L|P2|N24	HCC-1L	P2	HCC-1L|GCGAGGCCCGAGCAGA-1	GCGAGGCCCGAGCAGA-1	1.915171509942874	1.3544583602524725
HCC-1L|P2|N24	HCC-1L	P2	HCC-1L|GGATGACGCGAGTTTA-1	GGATGACGCGAGTTTA-1	1.2600514304845787	1.122820175744412
HCC-1L|P2|N24	HCC-1L	P2	HCC-1L|TGTTCCGCTTCCATGA-1	TGTTCCGCTTCCATGA-1	1.2570713443046424	1.229341190420365
HCC-1L|P2|N38	HCC-1L	P2	HCC-1L|ATGTCATTTCCCATTG-1	ATGTCATTTCCCATTG-1	1.636416327972266	1.4139155181866494
HCC-1L|P2|N38	HCC-1L	P2	HCC-1L|ATTAACACCTGAGATA-1	ATTAACACCTGAGATA-1	1.7702106224608594	1.2093642116980932
HCC-1L|P2|N38	HCC-1L	P2	HCC-1L|CAGTAGATGATGTCCG-1	CAGTAGATGATGTCCG-1	1.4815179848169835	1.0933006112815986
HCC-1L|P2|N38	HCC-1L	P2	HCC-1L|CCTGACAAACTCGCGC-1	CCTGACAAACTCGCGC-1	1.425033234100353	1.1478612236813075
HCC-1L|P2|N38	HCC-1L	P2	HCC-1L|CGGAAAGCAAATGTGC-1	CGGAAAGCAAATGTGC-1	1.6086477229721736	1.2922373337515727
HCC-1L|P2|N38	HCC-1L	P2	HCC-1L|GAAATCTGACCAAGTT-1	GAAATCTGACCAAGTT-1	1.8175083291404472	1.4596641273576116
HCC-1L|P2|N38	HCC-1L	P2	HCC-1L|GGGCGAATTTCTCCAC-1	GGGCGAATTTCTCCAC-1	1.7711678447442945	1.2353362492327438
HCC-1L|P2|N38	HCC-1L	P2	HCC-1L|TACATCTTGTTTCTTG-1	TACATCTTGTTTCTTG-1	0.29772479111567635	1.0333570341075082
HCC-1L|P2|N38	HCC-1L	P2	HCC-1L|TGAAGTAGCTTACGGA-1	TGAAGTAGCTTACGGA-1	1.9995741730775436	1.6239846509198848
HCC-1L|P2|N38	HCC-1L	P2	HCC-1L|TTCATAGGGTGTCCAT-1	TTCATAGGGTGTCCAT-1	1.9099295704894605	1.3822620318235141
HCC-1L|P3|N3	HCC-1L	P3	HCC-1L|AAAGTCGACCCTCAGT-1	AAAGTCGACCCTCAGT-1	0.7243489042560077	1.0405509498194947
HCC-1L|P3|N3	HCC-1L	P3	HCC-1L|AAATTAATAAGCGCGA-1	AAATTAATAAGCGCGA-1	2.002741334060398	1.6503915790784864
HCC-1L|P3|N3	HCC-1L	P3	HCC-1L|AAGTCTTCTGTGGCCT-1	AAGTCTTCTGTGGCCT-1	2.0928081134779513	1.6350253359943339
HCC-1L|P3|N3	HCC-1L	P3	HCC-1L|AATCTCTACTGTGGTT-1	AATCTCTACTGTGGTT-1	2.139817983615287	1.568699757728329
HCC-1L|P3|N3	HCC-1L	P3	HCC-1L|ACCAGACCATAACAAC-1	ACCAGACCATAACAAC-1	2.155273778578904	1.6094200072913405
HCC-1L|P3|N3	HCC-1L	P3	HCC-1L|ACGATACCTATCCTGA-1	ACGATACCTATCCTGA-1	2.4182900640693266	1.9643344796563111
HCC-1L|P3|N3	HCC-1L	P3	HCC-1L|AGAGATCTCTAAAGCG-1	AGAGATCTCTAAAGCG-1	2.191311392977197	1.680536622355257
HCC-1L|P3|N3	HCC-1L	P3	HCC-1L|AGTACGGCCCGTATCG-1	AGTACGGCCCGTATCG-1	1.2903030189064428	1.2829045362148515
HCC-1L|P3|N3	HCC-1L	P3	HCC-1L|AGTGGTTGCGTATAGG-1	AGTGGTTGCGTATAGG-1	2.1279164572424536	1.8261372463795205
HCC-1L|P3|N3	HCC-1L	P3	HCC-1L|ATCCAATGGTACCGAA-1	ATCCAATGGTACCGAA-1	2.1299358504177373	1.670373947966938
HCC-1L|P3|N3	HCC-1L	P3	HCC-1L|ATGTTCGTCGACCCAC-1	ATGTTCGTCGACCCAC-1	1.2280813365802281	1.1210075247862412
HCC-1L|P3|N3	HCC-1L	P3	HCC-1L|CACTCGGTTAGGAGGA-1	CACTCGGTTAGGAGGA-1	2.5872572069435456	2.019600337013807
HCC-1L|P3|N3	HCC-1L	P3	HCC-1L|CATTGCGAAATGGGCG-1	CATTGCGAAATGGGCG-1	1.2805013643507996	1.2998796879842653
HCC-1L|P3|N3	HCC-1L	P3	HCC-1L|CCGCGATTTGGTAGGT-1	CCGCGATTTGGTAGGT-1	2.1109549269910017	1.5103919320244146
HCC-1L|P3|N3	HCC-1L	P3	HCC-1L|CCTCCTGAGCCCACAT-1	CCTCCTGAGCCCACAT-1	2.3442173724328055	1.804910932124408
HCC-1L|P3|N3	HCC-1L	P3	HCC-1L|CCTGCCCGTTGTCTAG-1	CCTGCCCGTTGTCTAG-1	2.078920356019679	1.6056046160553015
HCC-1L|P3|N3	HCC-1L	P3	HCC-1L|CCTGTGAAACCGTAAC-1	CCTGTGAAACCGTAAC-1	1.3012102491998023	1.5220008313339526
HCC-1L|P3|N3	HCC-1L	P3	HCC-1L|CGAAGACGGTGAGTGC-1	CGAAGACGGTGAGTGC-1	1.995435324182956	1.910557395837668
HCC-1L|P3|N3	HCC-1L	P3	HCC-1L|CGCCAAGAAGCCGAGT-1	CGCCAAGAAGCCGAGT-1	2.0904801207697017	1.9494295057802247
HCC-1L|P3|N3	HCC-1L	P3	HCC-1L|CTCACCAGTACAAGTG-1	CTCACCAGTACAAGTG-1	0.8928135803755242	1.1010563677804237
HCC-1L|P3|N3	HCC-1L	P3	HCC-1L|CTGCCCACGAAGCGTT-1	CTGCCCACGAAGCGTT-1	1.9765086640571798	1.5601766979026777
HCC-1L|P3|N3	HCC-1L	P3	HCC-1L|GACCGTTACATGCGAC-1	GACCGTTACATGCGAC-1	0.3860479046011543	1.026541839285785
HCC-1L|P3|N3	HCC-1L	P3	HCC-1L|GCATACGAGGTCTTTA-1	GCATACGAGGTCTTTA-1	2.1085628815880098	1.567935281627574
HCC-1L|P3|N3	HCC-1L	P3	HCC-1L|GCTACAGTACGGACCG-1	GCTACAGTACGGACCG-1	2.0499385095790146	1.4972082436262357
HCC-1L|P3|N3	HCC-1L	P3	HCC-1L|GGACAAGTTGCAGTGA-1	GGACAAGTTGCAGTGA-1	1.9501252980549246	1.5959757722870331
HCC-1L|P3|N3	HCC-1L	P3	HCC-1L|GGATGCTGGCGTTCCT-1	GGATGCTGGCGTTCCT-1	2.2588271733928282	1.4862405311183202
HCC-1L|P3|N3	HCC-1L	P3	HCC-1L|GGCCTTTGCAACTGGC-1	GGCCTTTGCAACTGGC-1	2.373089983956078	1.9623209449277177
HCC-1L|P3|N3	HCC-1L	P3	HCC-1L|GGGCCCTACGAAAGGG-1	GGGCCCTACGAAAGGG-1	1.9769970857151666	1.6275443870417317
HCC-1L|P3|N3	HCC-1L	P3	HCC-1L|GGGCCCTTATCTATAC-1	GGGCCCTTATCTATAC-1	2.344743148901324	2.1634312795516673
HCC-1L|P3|N3	HCC-1L	P3	HCC-1L|GGTATGAAAGAACTGA-1	GGTATGAAAGAACTGA-1	2.5020225048836995	2.0900552244244346
HCC-1L|P3|N3	HCC-1L	P3	HCC-1L|GTCGGGAACATGGTAG-1	GTCGGGAACATGGTAG-1	2.1036812166041305	1.4215105400841657
HCC-1L|P3|N3	HCC-1L	P3	HCC-1L|GTCGTACCTACGATTG-1	GTCGTACCTACGATTG-1	0.33967277149327574	1.0116927390049608
HCC-1L|P3|N3	HCC-1L	P3	HCC-1L|GTGCTGCAGATAAGGA-1	GTGCTGCAGATAAGGA-1	2.2209076903728233	1.7867593284756005
HCC-1L|P3|N3	HCC-1L	P3	HCC-1L|GTGGCCTAATATCATT-1	GTGGCCTAATATCATT-1	1.3147635186263806	1.1389014877488226
HCC-1L|P3|N3	HCC-1L	P3	HCC-1L|TAGCGTCGAATATTGA-1	TAGCGTCGAATATTGA-1	1.994278428347905	1.6510684305776258
HCC-1L|P3|N3	HCC-1L	P3	HCC-1L|TATCTAGCCTAAAGGA-1	TATCTAGCCTAAAGGA-1	1.2943323862293468	1.1629771320623847
HCC-1L|P3|N3	HCC-1L	P3	HCC-1L|TCGGGATTCAAACATA-1	TCGGGATTCAAACATA-1	2.342439389970445	2.0677145278296214
HCC-1L|P3|N3	HCC-1L	P3	HCC-1L|TCTGGCGCAAGCCGGG-1	TCTGGCGCAAGCCGGG-1	1.9736274125087014	1.7374502014830115
HCC-1L|P3|N3	HCC-1L	P3	HCC-1L|TGAGACGTACCTCTCA-1	TGAGACGTACCTCTCA-1	2.342888212046224	1.7659528312005093
HCC-1L|P3|N3	HCC-1L	P3	HCC-1L|TGTAATGACCACAATA-1	TGTAATGACCACAATA-1	2.3449450188643506	1.7702141182345374
HCC-1L|P3|N3	HCC-1L	P3	HCC-1L|TTCAGGCGTCAAAGCC-1	TTCAGGCGTCAAAGCC-1	2.0806983026888477	1.8302988589467364
HCC-1L|P3|N3	HCC-1L	P3	HCC-1L|TTCCTCTGCCCGAATA-1	TTCCTCTGCCCGAATA-1	1.273497677573246	1.2220711577705479
HCC-1L|P3|N5	HCC-1L	P3	HCC-1L|AACAACTGGTAGTTGC-1	AACAACTGGTAGTTGC-1	2.2280935760944485	1.726368337135562
HCC-1L|P3|N5	HCC-1L	P3	HCC-1L|ACAAGGACAAGAGGTT-1	ACAAGGACAAGAGGTT-1	1.72429928980018	1.1571263830790868
HCC-1L|P3|N5	HCC-1L	P3	HCC-1L|AGGCCACCCGTTATGA-1	AGGCCACCCGTTATGA-1	2.534555581274258	1.8082035044860185
HCC-1L|P3|N5	HCC-1L	P3	HCC-1L|CCTGGCTAGACCCGCC-1	CCTGGCTAGACCCGCC-1	2.231354079210108	1.6524475195034543
HCC-1L|P3|N5	HCC-1L	P3	HCC-1L|CGCAAACACGAGTTAC-1	CGCAAACACGAGTTAC-1	1.6826040289630975	1.255764158213082
HCC-1L|P3|N5	HCC-1L	P3	HCC-1L|CGTGTCCCATTCGCGA-1	CGTGTCCCATTCGCGA-1	2.2350150792417947	1.7578992251524177
HCC-1L|P3|N5	HCC-1L	P3	HCC-1L|TCAGTACTGACCCGCG-1	TCAGTACTGACCCGCG-1	2.4305271860358983	1.652790106459301
HCC-1L|P3|N5	HCC-1L	P3	HCC-1L|TCCTCTACGAGATGGC-1	TCCTCTACGAGATGGC-1	1.212240450704833	1.0289439921535555
HCC-1L|P3|N5	HCC-1L	P3	HCC-1L|TGGAGTGATGCGATGA-1	TGGAGTGATGCGATGA-1	2.4510540433865335	1.8227209259650647
HCC-1L|P3|N5	HCC-1L	P3	HCC-1L|TTATGACAAACTGGAT-1	TTATGACAAACTGGAT-1	1.1667358956533083	1.0749100994083292
HCC-1L|P3|N5	HCC-1L	P3	HCC-1L|TTGATTATGCAGATGA-1	TTGATTATGCAGATGA-1	1.2448831709064092	1.0367743867849488
HCC-1L|P3|N7	HCC-1L	P3	HCC-1L|AACACGAGACGCGGCC-1	AACACGAGACGCGGCC-1	2.220700309527685	2.1236035858616242
HCC-1L|P3|N7	HCC-1L	P3	HCC-1L|ACAATAGTCGTACGTT-1	ACAATAGTCGTACGTT-1	2.3511211257537656	1.431411050002537
HCC-1L|P3|N7	HCC-1L	P3	HCC-1L|ACCTGCGTGTCATGTT-1	ACCTGCGTGTCATGTT-1	1.7781233455172532	1.1905093747434643
HCC-1L|P3|N7	HCC-1L	P3	HCC-1L|AGGCCCTAGAACGCCA-1	AGGCCCTAGAACGCCA-1	2.145220283316478	1.8169501314436873
HCC-1L|P3|N7	HCC-1L	P3	HCC-1L|AGGGCGAGCAGCTGAT-1	AGGGCGAGCAGCTGAT-1	2.162411073717251	1.5795689429918798
HCC-1L|P3|N7	HCC-1L	P3	HCC-1L|AGGTCAGGTGAGAGTG-1	AGGTCAGGTGAGAGTG-1	2.559885704785878	1.8672937685940876
HCC-1L|P3|N7	HCC-1L	P3	HCC-1L|AGTCGGCTCAACTTTA-1	AGTCGGCTCAACTTTA-1	2.3479340798516395	1.406684769263013
HCC-1L|P3|N7	HCC-1L	P3	HCC-1L|ATGTGAAAGCCTAATG-1	ATGTGAAAGCCTAATG-1	2.346957644285611	1.9513459235241037
HCC-1L|P3|N7	HCC-1L	P3	HCC-1L|CAAATCTCTCACAAGG-1	CAAATCTCTCACAAGG-1	2.189842597275451	1.6998996323454851
HCC-1L|P3|N7	HCC-1L	P3	HCC-1L|CATGCCAACTCGCAAA-1	CATGCCAACTCGCAAA-1	0.4098250645365141	1.0083184691940694
HCC-1L|P3|N7	HCC-1L	P3	HCC-1L|CCACGGAGCCATAAGA-1	CCACGGAGCCATAAGA-1	2.0378351812370847	1.5381476489476948
HCC-1L|P3|N7	HCC-1L	P3	HCC-1L|CTTCTATGTTGAAGTA-1	CTTCTATGTTGAAGTA-1	2.117232458957716	1.6584475640830219
HCC-1L|P3|N7	HCC-1L	P3	HCC-1L|TCGGAGAGTATCGGGA-1	TCGGAGAGTATCGGGA-1	2.2057591560572987	2.0505426662150805
HCC-1L|P3|N7	HCC-1L	P3	HCC-1L|TGACGAATATTTCCCT-1	TGACGAATATTTCCCT-1	2.469151413085368	2.000293247994054
HCC-1L|P3|N7	HCC-1L	P3	HCC-1L|TGCAGAACTATATCGT-1	TGCAGAACTATATCGT-1	2.3510947066781616	1.436901979042477
HCC-1L|P3|N7	HCC-1L	P3	HCC-1L|TTAACTTCAGGTAGGA-1	TTAACTTCAGGTAGGA-1	2.387945209395346	1.8979975397787654
HCC-1L|P3|N7	HCC-1L	P3	HCC-1L|TTGTTTCCATACAACT-1	TTGTTTCCATACAACT-1	2.1479264867152525	1.6777873205809888
HCC-1L|P3|N12	HCC-1L	P3	HCC-1L|AATAACAACGCTCGGC-1	AATAACAACGCTCGGC-1	2.071674506957294	1.708343594183796
HCC-1L|P3|N12	HCC-1L	P3	HCC-1L|AGGTAGGTACAAAGCT-1	AGGTAGGTACAAAGCT-1	1.1964954533328618	1.167795143766082
HCC-1L|P3|N12	HCC-1L	P3	HCC-1L|ATAAATATTAGCAGCT-1	ATAAATATTAGCAGCT-1	2.0115427714999132	1.7999111873562827
HCC-1L|P3|N12	HCC-1L	P3	HCC-1L|ATACCACGGGCAACTT-1	ATACCACGGGCAACTT-1	1.9840854581913958	1.9548472564903223
HCC-1L|P3|N12	HCC-1L	P3	HCC-1L|ATCCTGAATCGCTGCG-1	ATCCTGAATCGCTGCG-1	2.377711074406872	2.067567429594037
HCC-1L|P3|N12	HCC-1L	P3	HCC-1L|ATTCGACGCCGGGCCT-1	ATTCGACGCCGGGCCT-1	2.3028932339943875	2.059348155675814
HCC-1L|P3|N12	HCC-1L	P3	HCC-1L|CGGTTGACCTGGCATA-1	CGGTTGACCTGGCATA-1	2.0874485133466014	1.4483691781469916
HCC-1L|P3|N12	HCC-1L	P3	HCC-1L|GAGGCTATCAAAGTCG-1	GAGGCTATCAAAGTCG-1	2.141386280046991	1.9280822945107516
HCC-1L|P3|N12	HCC-1L	P3	HCC-1L|GGCGCAGGACATCTTC-1	GGCGCAGGACATCTTC-1	2.1975261668359396	2.1990673395377724
HCC-1L|P3|N12	HCC-1L	P3	HCC-1L|GTACTCCCTTATCGCT-1	GTACTCCCTTATCGCT-1	2.3293821321494725	2.222300279837483
HCC-1L|P3|N12	HCC-1L	P3	HCC-1L|GTTTCATATCGTCGCT-1	GTTTCATATCGTCGCT-1	2.059648314744733	1.6122249617466675
HCC-1L|P3|N12	HCC-1L	P3	HCC-1L|TACTGGACAGCTCGGC-1	TACTGGACAGCTCGGC-1	2.0381469428510095	1.4357819943687713
HCC-1L|P3|N12	HCC-1L	P3	HCC-1L|TCGTATTACCCATTGC-1	TCGTATTACCCATTGC-1	2.1883769422600303	1.7205454025324518
HCC-1L|P3|N12	HCC-1L	P3	HCC-1L|TGGTCTGTTGGGCGTA-1	TGGTCTGTTGGGCGTA-1	1.993744919126953	1.7939867810454686
HCC-1L|P3|N12	HCC-1L	P3	HCC-1L|TGTCCTAAGTCACCGC-1	TGTCCTAAGTCACCGC-1	2.4931454635789323	1.7681592675676732
HCC-1L|P3|N12	HCC-1L	P3	HCC-1L|TTACCATTGATTACCC-1	TTACCATTGATTACCC-1	1.3215704926699408	1.3312798013032254
HCC-1L|P3|N20	HCC-1L	P3	HCC-1L|ACGATGCATATGTTAT-1	ACGATGCATATGTTAT-1	1.5872185583922425	1.2785183546652428
HCC-1L|P3|N20	HCC-1L	P3	HCC-1L|ATTGCTGCTCCTCCAT-1	ATTGCTGCTCCTCCAT-1	1.6203714587115567	1.2131010662295965
HCC-1L|P3|N20	HCC-1L	P3	HCC-1L|CATACTATGTAATTGT-1	CATACTATGTAATTGT-1	1.6292351033029828	1.2593449019415324
HCC-1L|P3|N20	HCC-1L	P3	HCC-1L|CGACAGTTCGCGTTAT-1	CGACAGTTCGCGTTAT-1	2.45162071970753	1.7574161471910479
HCC-1L|P3|N20	HCC-1L	P3	HCC-1L|CGCTACGGGACATTTA-1	CGCTACGGGACATTTA-1	1.7223671644223124	1.397411287787897
HCC-1L|P3|N20	HCC-1L	P3	HCC-1L|GAAGTGATTTATCGTG-1	GAAGTGATTTATCGTG-1	2.604351638959905	1.6885778371484275
HCC-1L|P3|N20	HCC-1L	P3	HCC-1L|GAAGTTTCCACTCAAT-1	GAAGTTTCCACTCAAT-1	1.6885751702607357	1.4755198819313753
HCC-1L|P3|N20	HCC-1L	P3	HCC-1L|GCCGCTTGTGAGAAAC-1	GCCGCTTGTGAGAAAC-1	1.5822274939235772	1.0322216188489108
HCC-1L|P3|N20	HCC-1L	P3	HCC-1L|GCGAGGCCCGAGCAGA-1	GCGAGGCCCGAGCAGA-1	2.5330665952545464	1.8534909092002816
HCC-1L|P3|N20	HCC-1L	P3	HCC-1L|GGATGACGCGAGTTTA-1	GGATGACGCGAGTTTA-1	1.5901647414142233	1.46163795778406
HCC-1L|P3|N20	HCC-1L	P3	HCC-1L|TGTTCCGCTTCCATGA-1	TGTTCCGCTTCCATGA-1	1.5892971063598749	1.539505207565028
HCC-1L|P3|N34	HCC-1L	P3	HCC-1L|ATGTCATTTCCCATTG-1	ATGTCATTTCCCATTG-1	2.221569303874176	1.8976232371009956
HCC-1L|P3|N34	HCC-1L	P3	HCC-1L|ATTAACACCTGAGATA-1	ATTAACACCTGAGATA-1	2.112123391401275	1.5092927844760382
HCC-1L|P3|N34	HCC-1L	P3	HCC-1L|CAGTAGATGATGTCCG-1	CAGTAGATGATGTCCG-1	2.1425240598533115	1.5376830902657808
HCC-1L|P3|N34	HCC-1L	P3	HCC-1L|CCTGACAAACTCGCGC-1	CCTGACAAACTCGCGC-1	2.1375567848559602	1.6295104487317849
HCC-1L|P3|N34	HCC-1L	P3	HCC-1L|CGGAAAGCAAATGTGC-1	CGGAAAGCAAATGTGC-1	2.1233528371772667	1.6634437937713327
HCC-1L|P3|N34	HCC-1L	P3	HCC-1L|GAAATCTGACCAAGTT-1	GAAATCTGACCAAGTT-1	2.3945415998044988	1.9487506584201637
HCC-1L|P3|N34	HCC-1L	P3	HCC-1L|GCACAAGTGGATCATA-1	GCACAAGTGGATCATA-1	0.39928661414320293	1.0261004866910106
HCC-1L|P3|N34	HCC-1L	P3	HCC-1L|GCGATGTCTGTGCTTG-1	GCGATGTCTGTGCTTG-1	7.141012284731081e-05	1.108233880237938
HCC-1L|P3|N34	HCC-1L	P3	HCC-1L|GGGCGAATTTCTCCAC-1	GGGCGAATTTCTCCAC-1	2.1065246892758025	1.5130851782144994
HCC-1L|P3|N34	HCC-1L	P3	HCC-1L|TACATCTTGTTTCTTG-1	TACATCTTGTTTCTTG-1	0.40391335210740403	1.3283256688450007
HCC-1L|P3|N34	HCC-1L	P3	HCC-1L|TGAAGTAGCTTACGGA-1	TGAAGTAGCTTACGGA-1	2.382622310328129	1.9727344427166247
HCC-1L|P3|N34	HCC-1L	P3	HCC-1L|TTCATAGGGTGTCCAT-1	TTCATAGGGTGTCCAT-1	2.1224326540528726	1.5921867064562256
HCC-1L|P4|N1	HCC-1L	P4	HCC-1L|AAACATGGTGAGAGGA-1	AAACATGGTGAGAGGA-1	0.0	0.7382171894909018
HCC-1L|P4|N1	HCC-1L	P4	HCC-1L|AAGACCAAATAACTCA-1	AAGACCAAATAACTCA-1	2.2558454053052936	1.723622375795316
HCC-1L|P4|N1	HCC-1L	P4	HCC-1L|AATTACGAGACCCATC-1	AATTACGAGACCCATC-1	3.6387289243128964	2.4522623817336866
HCC-1L|P4|N1	HCC-1L	P4	HCC-1L|ACATAAGTCGTGGTGA-1	ACATAAGTCGTGGTGA-1	1.870292314682856e-08	0.9889758839745578
HCC-1L|P4|N1	HCC-1L	P4	HCC-1L|ACCGTCCACTGGGCCC-1	ACCGTCCACTGGGCCC-1	1.4022110274049207	0.9971232280508051
HCC-1L|P4|N1	HCC-1L	P4	HCC-1L|ACGAGGTTTACAACGT-1	ACGAGGTTTACAACGT-1	1.4540976962691916	1.1428416321575836
HCC-1L|P4|N1	HCC-1L	P4	HCC-1L|ACGGCTGGATGTAGAA-1	ACGGCTGGATGTAGAA-1	9.293033712430464e-07	1.3968382385646472
HCC-1L|P4|N1	HCC-1L	P4	HCC-1L|AGAACCCTCAATTGGG-1	AGAACCCTCAATTGGG-1	2.402668695270179	2.3325947696227862
HCC-1L|P4|N1	HCC-1L	P4	HCC-1L|ATGCACGCGCTGTTCA-1	ATGCACGCGCTGTTCA-1	0.0	1.4076733671376764
HCC-1L|P4|N1	HCC-1L	P4	HCC-1L|ATTCCCGAAGGTACAG-1	ATTCCCGAAGGTACAG-1	0.0	1.227991481727498
HCC-1L|P4|N1	HCC-1L	P4	HCC-1L|CATGGTATTAGTTTGT-1	CATGGTATTAGTTTGT-1	1.2664300306439804	1.2496712153787923
HCC-1L|P4|N1	HCC-1L	P4	HCC-1L|CCATAGAGGCTGCCAG-1	CCATAGAGGCTGCCAG-1	4.3897660654769455	3.2922683047953747
HCC-1L|P4|N1	HCC-1L	P4	HCC-1L|CCGAAGCATTGACCAA-1	CCGAAGCATTGACCAA-1	2.502740059936414	2.0948950398521022
HCC-1L|P4|N1	HCC-1L	P4	HCC-1L|CCGCGCAAGATACCCA-1	CCGCGCAAGATACCCA-1	1.2963671668748438	0.9441953014051654
HCC-1L|P4|N1	HCC-1L	P4	HCC-1L|CCTATATCGTGTCACG-1	CCTATATCGTGTCACG-1	6.193056075642185	3.935035421073192
HCC-1L|P4|N1	HCC-1L	P4	HCC-1L|CGATGTTGTTATCTAC-1	CGATGTTGTTATCTAC-1	1.2556147096176855	1.049328593231315
HCC-1L|P4|N1	HCC-1L	P4	HCC-1L|CTAACAGCACAATAAC-1	CTAACAGCACAATAAC-1	2.2793735487374094	1.8059361175894093
HCC-1L|P4|N1	HCC-1L	P4	HCC-1L|CTATACTTAAAGCGAG-1	CTATACTTAAAGCGAG-1	0.0	0.7525901458417451
HCC-1L|P4|N1	HCC-1L	P4	HCC-1L|CTCGCATTGCATAGCC-1	CTCGCATTGCATAGCC-1	5.839252436888849	3.521107545194367
HCC-1L|P4|N1	HCC-1L	P4	HCC-1L|GAGTTCTGTGGGTGCT-1	GAGTTCTGTGGGTGCT-1	0.0	1.093089194284785
HCC-1L|P4|N1	HCC-1L	P4	HCC-1L|GCACAACCTCGGGCGT-1	GCACAACCTCGGGCGT-1	2.5880578703311206	1.3986634958589443
HCC-1L|P4|N1	HCC-1L	P4	HCC-1L|GCCCGAGAGTCTAAAT-1	GCCCGAGAGTCTAAAT-1	2.318456549676239	1.5367078919927102
HCC-1L|P4|N1	HCC-1L	P4	HCC-1L|GGGCACTATTGACCAT-1	GGGCACTATTGACCAT-1	0.0	1.3195310921964847
HCC-1L|P4|N1	HCC-1L	P4	HCC-1L|GTCTCCTGCCAGTATG-1	GTCTCCTGCCAGTATG-1	1.0160992944693545	1.0992885837857485
HCC-1L|P4|N1	HCC-1L	P4	HCC-1L|TACTGAGGGAAGAAAG-1	TACTGAGGGAAGAAAG-1	1.9385789388059358	2.232284578423691
HCC-1L|P4|N1	HCC-1L	P4	HCC-1L|TATGTAGAAACCCGGC-1	TATGTAGAAACCCGGC-1	1.5381097090185682	1.821166096136769
HCC-1L|P4|N1	HCC-1L	P4	HCC-1L|TCAGCTTGAGCTTTCG-1	TCAGCTTGAGCTTTCG-1	1.5739180905794696	1.1329383963931334
HCC-1L|P4|N1	HCC-1L	P4	HCC-1L|TCGACAACTGAACCCG-1	TCGACAACTGAACCCG-1	2.2801034909106215	1.3080965615240259
HCC-1L|P4|N1	HCC-1L	P4	HCC-1L|TGGCATGAAGTTTGGG-1	TGGCATGAAGTTTGGG-1	1.4537952077475476	0.9251293757548718
HCC-1L|P4|N1	HCC-1L	P4	HCC-1L|TGGTTAACTTACATTT-1	TGGTTAACTTACATTT-1	1.820166518859869	2.0216535484369156
HCC-1L|P4|N1	HCC-1L	P4	HCC-1L|TTCTCTTACAGGTGAT-1	TTCTCTTACAGGTGAT-1	1.7053352813521283	1.5622576706152542
HCC-1L|P4|N1	HCC-1L	P4	HCC-1L|TTGTGCGGAAGCGGAT-1	TTGTGCGGAAGCGGAT-1	5.088575341627577	3.100049305331652
HCC-1L|P4|N4	HCC-1L	P4	HCC-1L|AACGCGACCTTGGGCG-1	AACGCGACCTTGGGCG-1	4.000273405728715	3.018075067684932
HCC-1L|P4|N4	HCC-1L	P4	HCC-1L|AATTCCAAGCATGTAC-1	AATTCCAAGCATGTAC-1	2.972982304778821	1.8581125296587908
HCC-1L|P4|N4	HCC-1L	P4	HCC-1L|AGCCAAGCTTTGTGTC-1	AGCCAAGCTTTGTGTC-1	3.1119554610925793	2.55168371674491
HCC-1L|P4|N4	HCC-1L	P4	HCC-1L|AGCGGACACTTCGTAG-1	AGCGGACACTTCGTAG-1	3.3228800927395477	2.8889460988561337
HCC-1L|P4|N4	HCC-1L	P4	HCC-1L|ATACCTAACCAAGAAA-1	ATACCTAACCAAGAAA-1	0.0	0.7872086817588556
HCC-1L|P4|N4	HCC-1L	P4	HCC-1L|CACAGGGCCGTTGTCA-1	CACAGGGCCGTTGTCA-1	6.530686035473443	4.6450285791492
HCC-1L|P4|N4	HCC-1L	P4	HCC-1L|CCCGGGTCGTTCAGGG-1	CCCGGGTCGTTCAGGG-1	2.972969943323405	2.1951535712813506
HCC-1L|P4|N4	HCC-1L	P4	HCC-1L|CGAATGACGCATAATG-1	CGAATGACGCATAATG-1	0.0	0.8952054819076297
HCC-1L|P4|N4	HCC-1L	P4	HCC-1L|CGAGGGTATCCAGGTG-1	CGAGGGTATCCAGGTG-1	5.824317107249479	3.5861179005034307
HCC-1L|P4|N4	HCC-1L	P4	HCC-1L|CGCTTAGTATTGATAC-1	CGCTTAGTATTGATAC-1	5.4994874025661426e-09	0.9808413926022781
HCC-1L|P4|N4	HCC-1L	P4	HCC-1L|CGTTCAGACCCGCGAA-1	CGTTCAGACCCGCGAA-1	1.208842517928668e-06	0.9560866283858174
HCC-1L|P4|N4	HCC-1L	P4	HCC-1L|CTATGCCCGAATGCAA-1	CTATGCCCGAATGCAA-1	3.15118438745111	3.237782614031059
HCC-1L|P4|N4	HCC-1L	P4	HCC-1L|CTCGCCGAATGTAGGG-1	CTCGCCGAATGTAGGG-1	3.2801026718436207e-07	1.0042113640864594
HCC-1L|P4|N4	HCC-1L	P4	HCC-1L|GAAGCCTGCACATTCC-1	GAAGCCTGCACATTCC-1	5.602709986699555	4.436452538400434
HCC-1L|P4|N4	HCC-1L	P4	HCC-1L|GCTCAATGTAATACCG-1	GCTCAATGTAATACCG-1	4.479325934347867	3.0464960096490685
HCC-1L|P4|N4	HCC-1L	P4	HCC-1L|GGCTTTCAATAAGGGT-1	GGCTTTCAATAAGGGT-1	0.006959734494266632	1.6773532330615808
HCC-1L|P4|N4	HCC-1L	P4	HCC-1L|GGGTCAGGAGCTAGAT-1	GGGTCAGGAGCTAGAT-1	2.4190848395443143	2.1047752038959673
HCC-1L|P4|N4	HCC-1L	P4	HCC-1L|GTCCAATATTTAGCCT-1	GTCCAATATTTAGCCT-1	2.317119934960566	1.8145423160290273
HCC-1L|P4|N4	HCC-1L	P4	HCC-1L|GTCGGGAAGCAGAAAC-1	GTCGGGAAGCAGAAAC-1	4.723252391569142	2.7552428621170213
HCC-1L|P4|N4	HCC-1L	P4	HCC-1L|GTGCACCAGCTTCAAC-1	GTGCACCAGCTTCAAC-1	5.4527033375411325	3.6786251650137056
HCC-1L|P4|N4	HCC-1L	P4	HCC-1L|TACCAAATAGCCCAGA-1	TACCAAATAGCCCAGA-1	1.420881555546878e-07	0.9911712620575442
HCC-1L|P4|N4	HCC-1L	P4	HCC-1L|TAGGTGTTCCACAGAT-1	TAGGTGTTCCACAGAT-1	7.16384341764319	4.0494046832791755
HCC-1L|P4|N4	HCC-1L	P4	HCC-1L|TCAATACGCCGTCATG-1	TCAATACGCCGTCATG-1	5.055026747081021e-07	1.7211201064111465
HCC-1L|P4|N4	HCC-1L	P4	HCC-1L|TCATATGAGCTTTGTT-1	TCATATGAGCTTTGTT-1	1.8243702032959666	1.4946170908205951
HCC-1L|P4|N4	HCC-1L	P4	HCC-1L|TCCAGGGTATATACGA-1	TCCAGGGTATATACGA-1	2.596675430048439	2.042737517880335
HCC-1L|P4|N4	HCC-1L	P4	HCC-1L|TGGCAAGCACAAGTCG-1	TGGCAAGCACAAGTCG-1	1.9366061682534368e-07	1.6508544969014733
HCC-1L|P4|N4	HCC-1L	P4	HCC-1L|TGTGAGACTAGCCCAA-1	TGTGAGACTAGCCCAA-1	4.723251085283763	2.7558099302170653
HCC-1L|P4|N4	HCC-1L	P4	HCC-1L|TGTGGCGGGCTTCTGG-1	TGTGGCGGGCTTCTGG-1	3.9635944674962134e-07	1.2401857406879213
HCC-1L|P4|N4	HCC-1L	P4	HCC-1L|TTCGCACTGTACGACA-1	TTCGCACTGTACGACA-1	0.00012583020899030597	1.9814433843321728
HCC-1L|P4|N4	HCC-1L	P4	HCC-1L|TTCTATTAAACGCAGC-1	TTCTATTAAACGCAGC-1	2.6908035755239754	2.920897943917065
HCC-1L|P4|N8	HCC-1L	P4	HCC-1L|AATAGAACAGAGTGGC-1	AATAGAACAGAGTGGC-1	1.4678881044938858	1.464417556742017
HCC-1L|P4|N8	HCC-1L	P4	HCC-1L|ACCAACGCTTATTTAT-1	ACCAACGCTTATTTAT-1	3.4121948304917837	2.1569845599943993
HCC-1L|P4|N8	HCC-1L	P4	HCC-1L|CAGAGGCGATGCATGA-1	CAGAGGCGATGCATGA-1	0.0	0.8957292097094446
HCC-1L|P4|N8	HCC-1L	P4	HCC-1L|CAGCGATTCCCTTCAA-1	CAGCGATTCCCTTCAA-1	1.2231638687630035	0.77677258660231
HCC-1L|P4|N8	HCC-1L	P4	HCC-1L|CCGCGGAATGCGTCAC-1	CCGCGGAATGCGTCAC-1	5.181612824402737	2.8441914796814953
HCC-1L|P4|N8	HCC-1L	P4	HCC-1L|CTTCTATTAATGCTAG-1	CTTCTATTAATGCTAG-1	0.36077203651497475	0.7348241580523178
HCC-1L|P4|N8	HCC-1L	P4	HCC-1L|GCCATCGAGCTGCGTG-1	GCCATCGAGCTGCGTG-1	2.018170555946977	1.4157588558889609
HCC-1L|P4|N8	HCC-1L	P4	HCC-1L|GCTAGCTTGAATAGCT-1	GCTAGCTTGAATAGCT-1	1.2051266370762022	1.323513752693775
HCC-1L|P4|N8	HCC-1L	P4	HCC-1L|GGGTTAACATTTGAGT-1	GGGTTAACATTTGAGT-1	3.3924751810351106	2.1032927942161894
HCC-1L|P4|N8	HCC-1L	P4	HCC-1L|TCACAGGAGAATAAGA-1	TCACAGGAGAATAAGA-1	1.4724676138918258	1.0796003344039944
HCC-1L|P4|N13	HCC-1L	P4	HCC-1L|ACCACAAGTTTCTATC-1	ACCACAAGTTTCTATC-1	2.074911085172951	1.600460215326172
HCC-1L|P4|N13	HCC-1L	P4	HCC-1L|ACTTTCCTATAGCTTC-1	ACTTTCCTATAGCTTC-1	0.0	1.7009762949024227
HCC-1L|P4|N13	HCC-1L	P4	HCC-1L|AGACCCGCCCTCCTCG-1	AGACCCGCCCTCCTCG-1	3.607255958472279	2.565006646076987
HCC-1L|P4|N13	HCC-1L	P4	HCC-1L|ATATTTAACCCTCAAG-1	ATATTTAACCCTCAAG-1	9.417821336551726e-07	0.7442514534117971
HCC-1L|P4|N13	HCC-1L	P4	HCC-1L|CACAGCACCCACGGCA-1	CACAGCACCCACGGCA-1	2.118134533837276	1.5661174405053568
HCC-1L|P4|N13	HCC-1L	P4	HCC-1L|CACCGCCAGAAGGTTT-1	CACCGCCAGAAGGTTT-1	0.0020758117797812074	1.2800959503147247
HCC-1L|P4|N13	HCC-1L	P4	HCC-1L|CGCATTAGCTAATAGG-1	CGCATTAGCTAATAGG-1	5.871369761668726	3.801463997076652
HCC-1L|P4|N13	HCC-1L	P4	HCC-1L|CGTATTAAGAGATCTA-1	CGTATTAAGAGATCTA-1	3.145361904855238	1.5753584657002193
HCC-1L|P4|N13	HCC-1L	P4	HCC-1L|CTCGAGGTCGAACAGT-1	CTCGAGGTCGAACAGT-1	1.222552604732769e-07	1.3001525534341007
HCC-1L|P4|N13	HCC-1L	P4	HCC-1L|GAGACTGATGGGTAGA-1	GAGACTGATGGGTAGA-1	0.0	1.3080694701781088
HCC-1L|P4|N13	HCC-1L	P4	HCC-1L|GATCATTCCAAACATT-1	GATCATTCCAAACATT-1	3.710738232316717	2.45823325510369
HCC-1L|P4|N13	HCC-1L	P4	HCC-1L|GATCCCTTTATACTGC-1	GATCCCTTTATACTGC-1	3.4019525898048455	2.140613430478207
HCC-1L|P4|N13	HCC-1L	P4	HCC-1L|GCTCTCGGGTACCGAA-1	GCTCTCGGGTACCGAA-1	0.0	0.7906443576285168
HCC-1L|P4|N13	HCC-1L	P4	HCC-1L|GGGCGATATGTGTGAA-1	GGGCGATATGTGTGAA-1	3.5150211505712323	2.530460481606258
HCC-1L|P4|N13	HCC-1L	P4	HCC-1L|GTACTAAGATTTGGAG-1	GTACTAAGATTTGGAG-1	3.2649964740841764	2.4224068366635545
HCC-1L|P4|N13	HCC-1L	P4	HCC-1L|GTTTGACCAAATCCTA-1	GTTTGACCAAATCCTA-1	2.1141395833684373	1.8736768796536605
HCC-1L|P4|N13	HCC-1L	P4	HCC-1L|TAGAGTCTAAGCGAAC-1	TAGAGTCTAAGCGAAC-1	3.0453168987775068	2.004806672265864
HCC-1L|P4|N13	HCC-1L	P4	HCC-1L|TAGCTAAGTCCGGGAG-1	TAGCTAAGTCCGGGAG-1	5.903390894185046e-07	1.0321016274436408
HCC-1L|P4|N13	HCC-1L	P4	HCC-1L|TGCAAGAATGACGTAA-1	TGCAAGAATGACGTAA-1	3.9704110089811007	2.514246127457929
HCC-1L|P4|N26	HCC-1L	P4	HCC-1L|AGATCGTGCATAAGAT-1	AGATCGTGCATAAGAT-1	1.3127678393913223e-06	1.4206813559193165
HCC-1L|P4|N26	HCC-1L	P4	HCC-1L|AGCTAGAAGCAGAAGT-1	AGCTAGAAGCAGAAGT-1	2.1778927763353937	1.4118787833587687
HCC-1L|P4|N26	HCC-1L	P4	HCC-1L|AGTGGCGGCAATTTGA-1	AGTGGCGGCAATTTGA-1	2.9942246659762306	1.8186507112843018
HCC-1L|P4|N26	HCC-1L	P4	HCC-1L|CGATGGACCCTACGCC-1	CGATGGACCCTACGCC-1	3.1168687817341096	2.861528591028645
HCC-1L|P4|N26	HCC-1L	P4	HCC-1L|CTCAGTCACGACAAAT-1	CTCAGTCACGACAAAT-1	0.0	1.0663202505861844
HCC-1L|P4|N26	HCC-1L	P4	HCC-1L|CTCGATATTTGCGAGC-1	CTCGATATTTGCGAGC-1	0.0	0.76437337173364
HCC-1L|P4|N26	HCC-1L	P4	HCC-1L|CTTGTGCTCACCGATT-1	CTTGTGCTCACCGATT-1	0.0	1.1625548383225917
HCC-1L|P4|N26	HCC-1L	P4	HCC-1L|GGTCGGATAAACGGCG-1	GGTCGGATAAACGGCG-1	5.943157801503745	3.8219665398417417
HCC-1L|P4|N26	HCC-1L	P4	HCC-1L|TTAGCTAATACGATCT-1	TTAGCTAATACGATCT-1	3.2293226391428784	2.5511547089331965
HCC-1L|P4|N26	HCC-1L	P4	HCC-1L|TTCCAATCAGAGCTAG-1	TTCCAATCAGAGCTAG-1	3.8584602482014394	2.9337510615352267
HCC-1L|P5|N3	HCC-1L	P5	HCC-1L|AAAGGGATGTAGCAAG-1	AAAGGGATGTAGCAAG-1	2.9128720267886196e-08	0.005551183374867746
HCC-1L|P5|N3	HCC-1L	P5	HCC-1L|AATGCAACCGGGTACC-1	AATGCAACCGGGTACC-1	0.0446877289553778	0.26531882148303476
HCC-1L|P5|N3	HCC-1L	P5	HCC-1L|ACACCCAGCATGCAGC-1	ACACCCAGCATGCAGC-1	1.1735176038074806e-08	1.065953238719524e-05
HCC-1L|P5|N3	HCC-1L	P5	HCC-1L|ACGATCATACATAGAG-1	ACGATCATACATAGAG-1	0.0	0.006571670438277688
HCC-1L|P5|N3	HCC-1L	P5	HCC-1L|AGACCCGCCCTCCTCG-1	AGACCCGCCCTCCTCG-1	0.0	0.004894231079831747
HCC-1L|P5|N3	HCC-1L	P5	HCC-1L|AGCGACCAACGATATT-1	AGCGACCAACGATATT-1	1.4622623673874308e-05	1.1312237482114732e-05
HCC-1L|P5|N3	HCC-1L	P5	HCC-1L|ATCGCACGCCGGGAGA-1	ATCGCACGCCGGGAGA-1	0.0	0.008614212192891666
HCC-1L|P5|N3	HCC-1L	P5	HCC-1L|CACCGCCAGAAGGTTT-1	CACCGCCAGAAGGTTT-1	0.0	0.28823924712011045
HCC-1L|P5|N3	HCC-1L	P5	HCC-1L|CATTATGCTTGTTGTG-1	CATTATGCTTGTTGTG-1	4.365117726670391e-05	2.8393457618237545e-05
HCC-1L|P5|N3	HCC-1L	P5	HCC-1L|CCAGGGACGTGGCCTC-1	CCAGGGACGTGGCCTC-1	7.615190136980937e-08	1.0815216428573242e-05
HCC-1L|P5|N3	HCC-1L	P5	HCC-1L|CGCATTAGCTAATAGG-1	CGCATTAGCTAATAGG-1	0.0	0.004889014698907463
HCC-1L|P5|N3	HCC-1L	P5	HCC-1L|GCTCTAAACCCTGACG-1	GCTCTAAACCCTGACG-1	0.0	0.005585968413017072
HCC-1L|P5|N3	HCC-1L	P5	HCC-1L|GCTCTCGGGTACCGAA-1	GCTCTCGGGTACCGAA-1	0.05866817638688955	0.26836842350757756
HCC-1L|P5|N3	HCC-1L	P5	HCC-1L|GTCATGGACATGACTA-1	GTCATGGACATGACTA-1	0.03240966239101094	0.37333374465516306
HCC-1L|P5|N3	HCC-1L	P5	HCC-1L|GTTGCACGGAGTTTCG-1	GTTGCACGGAGTTTCG-1	9.705964301975964e-05	4.8543752020399545e-05
HCC-1L|P5|N3	HCC-1L	P5	HCC-1L|GTTTCCTGGAGGGTGA-1	GTTTCCTGGAGGGTGA-1	0.0	1.0651781931575572e-05
HCC-1L|P5|N3	HCC-1L	P5	HCC-1L|TATCGATGATTAAACG-1	TATCGATGATTAAACG-1	0.0	1.2133922274474714e-05
HCC-1L|P5|N3	HCC-1L	P5	HCC-1L|TATGCTCCCTACTTAC-1	TATGCTCCCTACTTAC-1	0.033307012863045674	0.2583886493722999
HCC-1L|P5|N3	HCC-1L	P5	HCC-1L|TATGGATGTGCTACGC-1	TATGGATGTGCTACGC-1	4.797394741754166e-05	2.885066340531704e-05
HCC-1L|P5|N3	HCC-1L	P5	HCC-1L|TCAAACAACCGCGTCG-1	TCAAACAACCGCGTCG-1	0.0	0.009749346368392968
HCC-1L|P5|N3	HCC-1L	P5	HCC-1L|TCAACCATGTTCGGGC-1	TCAACCATGTTCGGGC-1	3.075000498310914e-05	1.9017632953770747e-05
HCC-1L|P5|N3	HCC-1L	P5	HCC-1L|TCCCAAAGACGAAGGA-1	TCCCAAAGACGAAGGA-1	2.823724294814215	1.42876940546674
HCC-1L|P5|N3	HCC-1L	P5	HCC-1L|TCCGATGGTGCGACAT-1	TCCGATGGTGCGACAT-1	1.4323516606463827e-08	1.142687600644351e-05
HCC-1L|P5|N3	HCC-1L	P5	HCC-1L|TGATCGGTTTGACCCT-1	TGATCGGTTTGACCCT-1	3.7700561050414476e-05	1.8856626516988056e-05
HCC-1L|P5|N3	HCC-1L	P5	HCC-1L|TTATATTTGGCAATCC-1	TTATATTTGGCAATCC-1	0.0	0.004051207798876367
HCC-1L|P5|N4	HCC-1L	P5	HCC-1L|AAAGGGCAGCTTGAAT-1	AAAGGGCAGCTTGAAT-1	0.0	0.0001292308894459683
HCC-1L|P5|N4	HCC-1L	P5	HCC-1L|ACAACGGTCCCTGCGA-1	ACAACGGTCCCTGCGA-1	0.0015664868026458176	0.2539215461687895
HCC-1L|P5|N4	HCC-1L	P5	HCC-1L|AGACCATGGGATACAA-1	AGACCATGGGATACAA-1	3.034700013403606	1.5179908925530754
HCC-1L|P5|N4	HCC-1L	P5	HCC-1L|AGAGCGTACAAGCTCG-1	AGAGCGTACAAGCTCG-1	0.0	0.00022466129541412645
HCC-1L|P5|N4	HCC-1L	P5	HCC-1L|ATGCTCAGTGTTGCAT-1	ATGCTCAGTGTTGCAT-1	0.0018144549343746088	0.25392943581770827
HCC-1L|P5|N4	HCC-1L	P5	HCC-1L|CACTTCGCCACAGGCT-1	CACTTCGCCACAGGCT-1	0.0	0.00033809417370204265
HCC-1L|P5|N4	HCC-1L	P5	HCC-1L|CAGTAATCCCTCCCAG-1	CAGTAATCCCTCCCAG-1	0.0	0.0001344794111063903
HCC-1L|P5|N4	HCC-1L	P5	HCC-1L|CGAGCACTTCAAGTTT-1	CGAGCACTTCAAGTTT-1	0.0	0.00026371030055235856
HCC-1L|P5|N4	HCC-1L	P5	HCC-1L|CTAATTTCAACAACAC-1	CTAATTTCAACAACAC-1	0.0	0.25317735177260475
HCC-1L|P5|N4	HCC-1L	P5	HCC-1L|GATGTTTGTGCGAGAT-1	GATGTTTGTGCGAGAT-1	0.0	0.00030240915572910145
HCC-1L|P5|N4	HCC-1L	P5	HCC-1L|GCCTATTCCGATATAG-1	GCCTATTCCGATATAG-1	0.0	9.543040596815814e-05
HCC-1L|P5|N4	HCC-1L	P5	HCC-1L|GTCACTCTCCAAATCT-1	GTCACTCTCCAAATCT-1	0.0	0.00022597097285530958
HCC-1L|P5|N4	HCC-1L	P5	HCC-1L|TAAATGAATCCGTTTC-1	TAAATGAATCCGTTTC-1	0.0011451648716178976	0.2537240216757759
HCC-1L|P5|N4	HCC-1L	P5	HCC-1L|TAGCAACCTGTCACAA-1	TAGCAACCTGTCACAA-1	0.0016137529332766836	0.25382777513971816
HCC-1L|P5|N4	HCC-1L	P5	HCC-1L|TCATACTTACAGATCC-1	TCATACTTACAGATCC-1	0.0	0.0001344794111063903
HCC-1L|P5|N4	HCC-1L	P5	HCC-1L|TGGGAAATGCCTTTCC-1	TGGGAAATGCCTTTCC-1	0.0015507706733516196	0.25389696293738423
HCC-1L|P5|N4	HCC-1L	P5	HCC-1L|TTAGCAACATGGATGT-1	TTAGCAACATGGATGT-1	0.0	0.0002268068667968261
HCC-1L|P5|N4	HCC-1L	P5	HCC-1L|TTCTACTTGCGAGGGC-1	TTCTACTTGCGAGGGC-1	0.0	0.00013054056688715146
HCC-1L|P5|N5	HCC-1L	P5	HCC-1L|AAATACCTATAAGCAT-1	AAATACCTATAAGCAT-1	2.54237023645444	1.8999979853773938
HCC-1L|P5|N5	HCC-1L	P5	HCC-1L|AAATAGGGTGCTATTG-1	AAATAGGGTGCTATTG-1	0.0	0.10187993504503406
HCC-1L|P5|N5	HCC-1L	P5	HCC-1L|AACCTTTAAATACGGT-1	AACCTTTAAATACGGT-1	7.399656626580492e-05	4.9355705029001635e-05
HCC-1L|P5|N5	HCC-1L	P5	HCC-1L|AAGCATACTCTCCTGA-1	AAGCATACTCTCCTGA-1	0.0	1.960503586470241e-05
HCC-1L|P5|N5	HCC-1L	P5	HCC-1L|AAGCTAGATCGAGTAA-1	AAGCTAGATCGAGTAA-1	1.196285223012714e-07	0.21554499586158177
HCC-1L|P5|N5	HCC-1L	P5	HCC-1L|AAGTGTTTGGAGACGG-1	AAGTGTTTGGAGACGG-1	1.2225576144788484	1.043509206344382
HCC-1L|P5|N5	HCC-1L	P5	HCC-1L|ACAAATCGCACCGAAT-1	ACAAATCGCACCGAAT-1	1.2601197131087392	1.0297535612998183
HCC-1L|P5|N5	HCC-1L	P5	HCC-1L|ACAAGGAAATCCGCCC-1	ACAAGGAAATCCGCCC-1	8.310284660491877e-08	2.531782138073278e-05
HCC-1L|P5|N5	HCC-1L	P5	HCC-1L|ACCACGTGCAGCTATA-1	ACCACGTGCAGCTATA-1	8.671859399477771e-05	4.342362146681559e-05
HCC-1L|P5|N5	HCC-1L	P5	HCC-1L|ACCGCAATAACTGCCT-1	ACCGCAATAACTGCCT-1	1.3707938258594081	1.118599460964934
HCC-1L|P5|N5	HCC-1L	P5	HCC-1L|ACGCCGCTAGACGACC-1	ACGCCGCTAGACGACC-1	4.0320899041635985e-05	2.017889194101614e-05
HCC-1L|P5|N5	HCC-1L	P5	HCC-1L|ACGTTAATGTCGAAGA-1	ACGTTAATGTCGAAGA-1	0.0	1.0496616270718224e-05
HCC-1L|P5|N5	HCC-1L	P5	HCC-1L|ACTCCCTAGAATAGTA-1	ACTCCCTAGAATAGTA-1	1.815946335316681	1.562104851588602
HCC-1L|P5|N5	HCC-1L	P5	HCC-1L|ACTTCAGGCTGATCCC-1	ACTTCAGGCTGATCCC-1	2.6693324175369515	1.9285913515961348
HCC-1L|P5|N5	HCC-1L	P5	HCC-1L|ACTTGACTCCCTCTTT-1	ACTTGACTCCCTCTTT-1	5.047479478420647e-08	1.3848666665038181e-05
HCC-1L|P5|N5	HCC-1L	P5	HCC-1L|AGACCCACCGCTGATC-1	AGACCCACCGCTGATC-1	0.0	0.20028285675815075
HCC-1L|P5|N5	HCC-1L	P5	HCC-1L|AGCACTACCTCACCAG-1	AGCACTACCTCACCAG-1	0.0	0.1974330148329426
HCC-1L|P5|N5	HCC-1L	P5	HCC-1L|AGCGTGGTATTCTACT-1	AGCGTGGTATTCTACT-1	9.817749138150876e-08	0.14073992035447722
HCC-1L|P5|N5	HCC-1L	P5	HCC-1L|AGGATAAAGTCGGGAT-1	AGGATAAAGTCGGGAT-1	2.139408709424668e-07	1.6444031868354923e-05
HCC-1L|P5|N5	HCC-1L	P5	HCC-1L|AGGTTTCACACACCTT-1	AGGTTTCACACACCTT-1	2.0371727704825297e-07	9.825446671773245e-06
HCC-1L|P5|N5	HCC-1L	P5	HCC-1L|AGTTCCTATTTATGTT-1	AGTTCCTATTTATGTT-1	0.0	1.642523539273328e-05
HCC-1L|P5|N5	HCC-1L	P5	HCC-1L|ATAAGGTGGAGAACAT-1	ATAAGGTGGAGAACAT-1	1.7191428126016117e-07	3.648051152582622e-05
HCC-1L|P5|N5	HCC-1L	P5	HCC-1L|ATATTCCACATAGTGA-1	ATATTCCACATAGTGA-1	2.0771419612465474e-07	0.11425097216964018
HCC-1L|P5|N5	HCC-1L	P5	HCC-1L|ATCGGAGACAGACGGC-1	ATCGGAGACAGACGGC-1	3.001209650250009e-07	1.8344906262988274e-05
HCC-1L|P5|N5	HCC-1L	P5	HCC-1L|ATGTGGACATCTTGAT-1	ATGTGGACATCTTGAT-1	1.752500830906069	1.3801833249275561
HCC-1L|P5|N5	HCC-1L	P5	HCC-1L|CAATTTCGTATAAGGG-1	CAATTTCGTATAAGGG-1	3.933420322957351e-05	3.3213186313965004e-05
HCC-1L|P5|N5	HCC-1L	P5	HCC-1L|CACATATTAGCAGGAT-1	CACATATTAGCAGGAT-1	1.5494684574588465e-07	0.14605117323071318
HCC-1L|P5|N5	HCC-1L	P5	HCC-1L|CACATGATTCAGCAAC-1	CACATGATTCAGCAAC-1	7.340683762910946e-05	4.001005888678499e-05
HCC-1L|P5|N5	HCC-1L	P5	HCC-1L|CAGGCGCCATGCTAGG-1	CAGGCGCCATGCTAGG-1	0.0	1.8055485905080633e-05
HCC-1L|P5|N5	HCC-1L	P5	HCC-1L|CAGTCTGTATACTGGG-1	CAGTCTGTATACTGGG-1	0.0	2.1289377500669988e-05
HCC-1L|P5|N5	HCC-1L	P5	HCC-1L|CCCGCAGCGCGAACTA-1	CCCGCAGCGCGAACTA-1	1.3201502760611818	1.046571243402906
HCC-1L|P5|N5	HCC-1L	P5	HCC-1L|CCGAACCTTCCCGGCC-1	CCGAACCTTCCCGGCC-1	0.0	0.25684291435893086
HCC-1L|P5|N5	HCC-1L	P5	HCC-1L|CCTAAATTAACGGTTC-1	CCTAAATTAACGGTTC-1	0.0	1.642807969430701e-05
HCC-1L|P5|N5	HCC-1L	P5	HCC-1L|CCTGTCGCCCGTAAAT-1	CCTGTCGCCCGTAAAT-1	8.878034335948983e-05	4.771505538556247e-05
HCC-1L|P5|N5	HCC-1L	P5	HCC-1L|CGCATGGTGCGATGCT-1	CGCATGGTGCGATGCT-1	5.834748272263369e-05	3.4056835114765325e-05
HCC-1L|P5|N5	HCC-1L	P5	HCC-1L|CGGCAAACATCGTGCG-1	CGGCAAACATCGTGCG-1	0.00012173200316490935	7.105396574422511e-05
HCC-1L|P5|N5	HCC-1L	P5	HCC-1L|CGTGCAGACTGGGACA-1	CGTGCAGACTGGGACA-1	0.0	1.0468744027241932e-05
HCC-1L|P5|N5	HCC-1L	P5	HCC-1L|CTAGTTACAACCCGGT-1	CTAGTTACAACCCGGT-1	1.5670345904389758e-07	3.2719929191370226e-05
HCC-1L|P5|N5	HCC-1L	P5	HCC-1L|CTCTATTTGGCTGCAG-1	CTCTATTTGGCTGCAG-1	2.2885407601204	1.8132603203163145
HCC-1L|P5|N5	HCC-1L	P5	HCC-1L|CTGCACAACTACATAT-1	CTGCACAACTACATAT-1	1.858317612836194e-07	3.612959331564968e-05
HCC-1L|P5|N5	HCC-1L	P5	HCC-1L|CTGTGCAGGGTAGGTC-1	CTGTGCAGGGTAGGTC-1	0.0	1.3822628394520598e-05
HCC-1L|P5|N5	HCC-1L	P5	HCC-1L|CTTCATTGTCAGTGGA-1	CTTCATTGTCAGTGGA-1	1.5755459289265447e-07	1.5189807360019735e-05
HCC-1L|P5|N5	HCC-1L	P5	HCC-1L|CTTGTCAACATTCGAG-1	CTTGTCAACATTCGAG-1	0.0	0.110012532974142
HCC-1L|P5|N5	HCC-1L	P5	HCC-1L|CTTTAATATTGGTCGA-1	CTTTAATATTGGTCGA-1	1.0714133376321472e-07	5.449878195591348e-05
HCC-1L|P5|N5	HCC-1L	P5	HCC-1L|CTTTACCGAATAGTAG-1	CTTTACCGAATAGTAG-1	0.0	0.17338095675401644
HCC-1L|P5|N5	HCC-1L	P5	HCC-1L|CTTTCTGTGCGGGCTT-1	CTTTCTGTGCGGGCTT-1	7.398782791755115e-05	4.444173274790536e-05
HCC-1L|P5|N5	HCC-1L	P5	HCC-1L|GACGACGATCCGCGTT-1	GACGACGATCCGCGTT-1	1.2849759920381256e-07	4.6963623617913024e-05
HCC-1L|P5|N5	HCC-1L	P5	HCC-1L|GAGATGGGAGTCGACA-1	GAGATGGGAGTCGACA-1	5.65191937876478e-08	1.8471337662203004e-05
HCC-1L|P5|N5	HCC-1L	P5	HCC-1L|GATCCGGGAATTAACA-1	GATCCGGGAATTAACA-1	2.4459691771344184e-08	1.0507471435370837e-05
HCC-1L|P5|N5	HCC-1L	P5	HCC-1L|GATTCGACGGTTCACG-1	GATTCGACGGTTCACG-1	0.00012550016689782698	7.323806250891587e-05
HCC-1L|P5|N5	HCC-1L	P5	HCC-1L|GCAGATCCATAAGACT-1	GCAGATCCATAAGACT-1	0.0	0.0683709806616215
HCC-1L|P5|N5	HCC-1L	P5	HCC-1L|GCAGATTAGGGATATC-1	GCAGATTAGGGATATC-1	1.259146308581622e-07	1.845549486939932e-05
HCC-1L|P5|N5	HCC-1L	P5	HCC-1L|GCATAGAGCACTCAGG-1	GCATAGAGCACTCAGG-1	9.232361180987292e-05	4.618807719789509e-05
HCC-1L|P5|N5	HCC-1L	P5	HCC-1L|GCGCCGTTCCACGATA-1	GCGCCGTTCCACGATA-1	5.833557367635574e-05	3.404769661747057e-05
HCC-1L|P5|N5	HCC-1L	P5	HCC-1L|GCTACGACTTATTGGG-1	GCTACGACTTATTGGG-1	0.0	1.9771178174689325e-05
HCC-1L|P5|N5	HCC-1L	P5	HCC-1L|GCTAGTAGAGCTTGTA-1	GCTAGTAGAGCTTGTA-1	5.011673614728391e-08	1.1021984375940681e-05
HCC-1L|P5|N5	HCC-1L	P5	HCC-1L|GCTGCACGGTTTCTTA-1	GCTGCACGGTTTCTTA-1	6.008527228997663e-08	2.095429472409941e-05
HCC-1L|P5|N5	HCC-1L	P5	HCC-1L|GCTGCTACTGCGTAGC-1	GCTGCTACTGCGTAGC-1	0.0002160427145870018	0.00012613771052824815
HCC-1L|P5|N5	HCC-1L	P5	HCC-1L|GGACCAACAGGATAAC-1	GGACCAACAGGATAAC-1	0.0	3.8675971122299524e-05
HCC-1L|P5|N5	HCC-1L	P5	HCC-1L|GGAGACGACACCTTTG-1	GGAGACGACACCTTTG-1	0.0001969332390546359	9.847855551299085e-05
HCC-1L|P5|N5	HCC-1L	P5	HCC-1L|GGCAAGGCGAAATAGC-1	GGCAAGGCGAAATAGC-1	0.0	0.14073055209716628
HCC-1L|P5|N5	HCC-1L	P5	HCC-1L|GGCTGAAATAGCAAAG-1	GGCTGAAATAGCAAAG-1	0.0	0.10887835932550845
HCC-1L|P5|N5	HCC-1L	P5	HCC-1L|GTACACTTACCTGAAG-1	GTACACTTACCTGAAG-1	1.4563426047008042e-07	1.0794228365873162e-05
HCC-1L|P5|N5	HCC-1L	P5	HCC-1L|GTACGCTTCATTGCAC-1	GTACGCTTCATTGCAC-1	0.00011175803956716127	0.28682817988189774
HCC-1L|P5|N5	HCC-1L	P5	HCC-1L|GTACGTTTGCCCGTCA-1	GTACGTTTGCCCGTCA-1	0.0	1.6431210221788893e-05
HCC-1L|P5|N5	HCC-1L	P5	HCC-1L|GTAGCCAAACATGGGA-1	GTAGCCAAACATGGGA-1	8.539397784022162e-08	0.10555084591468365
HCC-1L|P5|N5	HCC-1L	P5	HCC-1L|GTAGTCGCGGGAATCA-1	GTAGTCGCGGGAATCA-1	0.0	0.21388833204814295
HCC-1L|P5|N5	HCC-1L	P5	HCC-1L|GTTAAAGTAGGACTGG-1	GTTAAAGTAGGACTGG-1	0.0	0.10500997609239493
HCC-1L|P5|N5	HCC-1L	P5	HCC-1L|GTTACCTACAACTTGC-1	GTTACCTACAACTTGC-1	5.0522212617493095e-08	0.49284628242232786
HCC-1L|P5|N5	HCC-1L	P5	HCC-1L|GTTGAGTCCCGCCGGT-1	GTTGAGTCCCGCCGGT-1	2.4786658824512014e-08	0.21611277822195904
HCC-1L|P5|N5	HCC-1L	P5	HCC-1L|GTTTACGTTCCATCTG-1	GTTTACGTTCCATCTG-1	0.0	0.09027116999333373
HCC-1L|P5|N5	HCC-1L	P5	HCC-1L|GTTTCTGCAGTCTCCC-1	GTTTCTGCAGTCTCCC-1	0.00012548967757921092	7.32551209330426e-05
HCC-1L|P5|N5	HCC-1L	P5	HCC-1L|GTTTGGGCTTGTGAGC-1	GTTTGGGCTTGTGAGC-1	0.0	1.0154028121099724e-05
HCC-1L|P5|N5	HCC-1L	P5	HCC-1L|TACCGGCTCACTGCCC-1	TACCGGCTCACTGCCC-1	0.0	0.09027034648810811
HCC-1L|P5|N5	HCC-1L	P5	HCC-1L|TACCGTGCCTCGGACC-1	TACCGTGCCTCGGACC-1	0.00022049143045741216	0.00013879388758436265
HCC-1L|P5|N5	HCC-1L	P5	HCC-1L|TACGACTGCCTCTTAG-1	TACGACTGCCTCTTAG-1	1.4323182807475974e-07	1.653476073594534e-05
HCC-1L|P5|N5	HCC-1L	P5	HCC-1L|TCAGACGCTATAGAAG-1	TCAGACGCTATAGAAG-1	0.0	0.29737063881857195
HCC-1L|P5|N5	HCC-1L	P5	HCC-1L|TCCAGAGCACCGGTTC-1	TCCAGAGCACCGGTTC-1	2.555110737434706e-07	2.1067172808759378e-05
HCC-1L|P5|N5	HCC-1L	P5	HCC-1L|TCGCACCAGGAGGCAG-1	TCGCACCAGGAGGCAG-1	1.3065402714689762	1.0949573021463401
HCC-1L|P5|N5	HCC-1L	P5	HCC-1L|TCGTCTTAGGCGTTAA-1	TCGTCTTAGGCGTTAA-1	0.0	0.09555321008970641
HCC-1L|P5|N5	HCC-1L	P5	HCC-1L|TCTAGCATGCCCAGAA-1	TCTAGCATGCCCAGAA-1	1.0832440050366272	0.8423462597436298
HCC-1L|P5|N5	HCC-1L	P5	HCC-1L|TCTGATGTATTCTGTC-1	TCTGATGTATTCTGTC-1	0.8204517679394581	0.8332334382799096
HCC-1L|P5|N5	HCC-1L	P5	HCC-1L|TCTTCGAATAGACGTT-1	TCTTCGAATAGACGTT-1	2.8316278561381613e-07	1.0660643201368079e-05
HCC-1L|P5|N5	HCC-1L	P5	HCC-1L|TGACTATAATCCTTTC-1	TGACTATAATCCTTTC-1	0.0	0.352594741524029
HCC-1L|P5|N5	HCC-1L	P5	HCC-1L|TGCCAGTACGTGGAGA-1	TGCCAGTACGTGGAGA-1	0.00022047595684556215	0.00012865805315972
HCC-1L|P5|N5	HCC-1L	P5	HCC-1L|TGCCTTGGCCAGGCAA-1	TGCCTTGGCCAGGCAA-1	1.146638521076477	0.9660144105345099
HCC-1L|P5|N5	HCC-1L	P5	HCC-1L|TGGCAAACTAAATTAC-1	TGGCAAACTAAATTAC-1	4.043712517503789e-08	0.2231112277914244
HCC-1L|P5|N5	HCC-1L	P5	HCC-1L|TGGTCCCACGCTACGG-1	TGGTCCCACGCTACGG-1	5.292700955825202e-07	1.833750677106431e-05
HCC-1L|P5|N5	HCC-1L	P5	HCC-1L|TGGTTCAACGGGTAAT-1	TGGTTCAACGGGTAAT-1	0.0002160661604651881	0.0001260823056334202
HCC-1L|P5|N5	HCC-1L	P5	HCC-1L|TTAGAAGAACATGACT-1	TTAGAAGAACATGACT-1	1.1633428828733581e-07	1.0220329147131319e-05
HCC-1L|P5|N5	HCC-1L	P5	HCC-1L|TTATTAGAGCGTGTTC-1	TTATTAGAGCGTGTTC-1	1.6887664289367252	1.2022984580998266
HCC-1L|P5|N5	HCC-1L	P5	HCC-1L|TTCGACAGAGCCCGTG-1	TTCGACAGAGCCCGTG-1	0.00012176859132297148	8.94266818848665e-05
HCC-1L|P5|N5	HCC-1L	P5	HCC-1L|TTCTGACCGGGCTCAA-1	TTCTGACCGGGCTCAA-1	0.0	0.16392419075132791
HCC-1L|P5|N5	HCC-1L	P5	HCC-1L|TTCTGCCGCGCCTAGA-1	TTCTGCCGCGCCTAGA-1	1.2661683796822303	1.0851373212178452
HCC-1L|P5|N6	HCC-1L	P5	HCC-1L|AACCAAGACTTCTCTG-1	AACCAAGACTTCTCTG-1	0.0	0.17445722798559668
HCC-1L|P5|N6	HCC-1L	P5	HCC-1L|AATATTGGAGTATTGA-1	AATATTGGAGTATTGA-1	0.0	9.089510720297355e-05
HCC-1L|P5|N6	HCC-1L	P5	HCC-1L|ATTCGACGCCGGGCCT-1	ATTCGACGCCGGGCCT-1	0.0	0.17436633287839368
HCC-1L|P5|N6	HCC-1L	P5	HCC-1L|CCCTGCGCTACGCATA-1	CCCTGCGCTACGCATA-1	0.0004343793496279539	0.17484588428644096
HCC-1L|P5|N6	HCC-1L	P5	HCC-1L|CGGTGAAGACTAAAGT-1	CGGTGAAGACTAAAGT-1	0.0010907412864356826	0.17494790180074718
HCC-1L|P5|N6	HCC-1L	P5	HCC-1L|GAAAGCCCTTTGGACC-1	GAAAGCCCTTTGGACC-1	0.0	9.089510720297355e-05
HCC-1L|P5|N6	HCC-1L	P5	HCC-1L|GAAATATCACCATCAG-1	GAAATATCACCATCAG-1	0.0	3.619827913566283e-05
HCC-1L|P5|N6	HCC-1L	P5	HCC-1L|GACCGACTGAAGCGTC-1	GACCGACTGAAGCGTC-1	0.0	0.00012709338633863637
HCC-1L|P5|N6	HCC-1L	P5	HCC-1L|GAGGCTATCAAAGTCG-1	GAGGCTATCAAAGTCG-1	0.0	0.17453779950442397
HCC-1L|P5|N6	HCC-1L	P5	HCC-1L|GTGAGCGTGCTGCACT-1	GTGAGCGTGCTGCACT-1	0.0	0.00020766490516595007
HCC-1L|P5|N6	HCC-1L	P5	HCC-1L|TACTGGACAGCTCGGC-1	TACTGGACAGCTCGGC-1	2.0923959945407242	1.046496557282731
HCC-1L|P5|N6	HCC-1L	P5	HCC-1L|TCCCTGGCTCGCTGGA-1	TCCCTGGCTCGCTGGA-1	0.0	0.0001714666260302872
HCC-1L|P5|N6	HCC-1L	P5	HCC-1L|TTACCATTGATTACCC-1	TTACCATTGATTACCC-1	0.0	0.0001714666260302872
HCC-1L|P5|N6	HCC-1L	P5	HCC-1L|TTAGTAGGGCGGCGGG-1	TTAGTAGGGCGGCGGG-1	0.0020575995123634466	0.17543133091371108
HCC-1L|P5|N7	HCC-1L	P5	HCC-1L|AACTCTCAGTGTGCTC-1	AACTCTCAGTGTGCTC-1	0.0	0.00010817714269995602
HCC-1L|P5|N7	HCC-1L	P5	HCC-1L|AATAACACTAGAACAA-1	AATAACACTAGAACAA-1	0.0	0.23714182964994904
HCC-1L|P5|N7	HCC-1L	P5	HCC-1L|AGCGACAGGAACGGTC-1	AGCGACAGGAACGGTC-1	0.0	9.480772973373228e-05
HCC-1L|P5|N7	HCC-1L	P5	HCC-1L|CAATATTCTTGACCTA-1	CAATATTCTTGACCTA-1	0.0	0.00010817714269995602
HCC-1L|P5|N7	HCC-1L	P5	HCC-1L|CACCCGGTTTGTGACT-1	CACCCGGTTTGTGACT-1	0.0012981257123994723	0.2375879076337151
HCC-1L|P5|N7	HCC-1L	P5	HCC-1L|CACCGTTAGGGATCAC-1	CACCGTTAGGGATCAC-1	2.8432661373301844	1.4218360535375258
HCC-1L|P5|N7	HCC-1L	P5	HCC-1L|CCACCAACTTTACTGT-1	CCACCAACTTTACTGT-1	0.0	0.00010817714269995602
HCC-1L|P5|N7	HCC-1L	P5	HCC-1L|CCAGAAAGCAACTCAT-1	CCAGAAAGCAACTCAT-1	0.0011376927568047873	0.23750769115591777
HCC-1L|P5|N7	HCC-1L	P5	HCC-1L|GCTCAATCCGTTTATT-1	GCTCAATCCGTTTATT-1	0.0	0.2370336525072491
HCC-1L|P5|N7	HCC-1L	P5	HCC-1L|GGTCTCTGAATGGACT-1	GGTCTCTGAATGGACT-1	0.0	9.480772973373228e-05
HCC-1L|P5|N7	HCC-1L	P5	HCC-1L|GTGGAGTCGGCGGTTG-1	GTGGAGTCGGCGGTTG-1	0.0	0.23704702192021532
HCC-1L|P5|N7	HCC-1L	P5	HCC-1L|TAAACCCAGGAGGGCA-1	TAAACCCAGGAGGGCA-1	0.0	0.23693884477751537
HCC-1L|P5|N7	HCC-1L	P5	HCC-1L|TCTGTTACCCAGCATA-1	TCTGTTACCCAGCATA-1	0.0	9.480772973373228e-05
HCC-1L|P5|N8	HCC-1L	P5	HCC-1L|AAGAGGCCCTTTGGAA-1	AAGAGGCCCTTTGGAA-1	0.0	0.0004730623758217878
HCC-1L|P5|N8	HCC-1L	P5	HCC-1L|ATCTCCCACGGAATAT-1	ATCTCCCACGGAATAT-1	0.0	0.0004730623758217878
HCC-1L|P5|N8	HCC-1L	P5	HCC-1L|CACAGTCCCGCTTCGC-1	CACAGTCCCGCTTCGC-1	0.0	0.0009460882950532847
HCC-1L|P5|N8	HCC-1L	P5	HCC-1L|CTGCAAGCACGTTCCG-1	CTGCAAGCACGTTCCG-1	0.005676311030777963	0.0033112178912107697
HCC-1L|P5|N8	HCC-1L	P5	HCC-1L|GGAACTTTGGCGATTA-1	GGAACTTTGGCGATTA-1	0.005676748509861454	0.003311400174162224
HCC-1L|P5|N8	HCC-1L	P5	HCC-1L|GTTTCAAACGAGTTGT-1	GTTTCAAACGAGTTGT-1	0.0	0.0009460882950532847
HCC-1L|P5|N8	HCC-1L	P5	HCC-1L|TACGCTCGGTATTGGA-1	TACGCTCGGTATTGGA-1	0.0	0.00047302591923149693
HCC-1L|P5|N8	HCC-1L	P5	HCC-1L|TACTCTTACTTTACTG-1	TACTCTTACTTTACTG-1	0.0	0.0004730623758217878
HCC-1L|P5|N8	HCC-1L	P5	HCC-1L|TGTAGCCATCCCATTC-1	TGTAGCCATCCCATTC-1	0.0	0.00047302591923149693
HCC-1L|P5|N8	HCC-1L	P5	HCC-1L|TTACACGATCTGCGAC-1	TTACACGATCTGCGAC-1	0.0	0.00047302591923149693
HCC-1L|P5|N9	HCC-1L	P5	HCC-1L|AATCTGCGTTGGGACG-1	AATCTGCGTTGGGACG-1	1.8310883615933424	1.3855254772254324
HCC-1L|P5|N9	HCC-1L	P5	HCC-1L|CGGCAGGGTCGGGTTG-1	CGGCAGGGTCGGGTTG-1	3.319633639636954	2.332729415824133
HCC-1L|P5|N9	HCC-1L	P5	HCC-1L|CGTCGGATAGTGTTGA-1	CGTCGGATAGTGTTGA-1	0.0	0.16021180581715
HCC-1L|P5|N9	HCC-1L	P5	HCC-1L|CTAACGAAACTTGCTG-1	CTAACGAAACTTGCTG-1	0.0	0.36011009432487334
HCC-1L|P5|N9	HCC-1L	P5	HCC-1L|CTACCCTAAGGTCATA-1	CTACCCTAAGGTCATA-1	0.0	0.3459358921863236
HCC-1L|P5|N9	HCC-1L	P5	HCC-1L|GCTTGGATCGATTAGG-1	GCTTGGATCGATTAGG-1	0.0	0.16676493453252483
HCC-1L|P5|N9	HCC-1L	P5	HCC-1L|GCTTTCAGAGGAGGTG-1	GCTTTCAGAGGAGGTG-1	1.9225416585760475	1.2379069668602494
HCC-1L|P5|N9	HCC-1L	P5	HCC-1L|GGCTCGCGTTGAGGTA-1	GGCTCGCGTTGAGGTA-1	2.320141917508182	1.7560627267224738
HCC-1L|P5|N9	HCC-1L	P5	HCC-1L|GGTTTCAATCGGTCAG-1	GGTTTCAATCGGTCAG-1	0.0	0.15259071504458405
HCC-1L|P5|N9	HCC-1L	P5	HCC-1L|TACCGCGGACTTGCAG-1	TACCGCGGACTTGCAG-1	0.0	0.1602118048813373
HCC-1L|P5|N9	HCC-1L	P5	HCC-1L|TACTTTACTGAGCCGG-1	TACTTTACTGAGCCGG-1	0.0	0.16676493453252483
HCC-1L|P5|N9	HCC-1L	P5	HCC-1L|TAGACGCCCGTACCGG-1	TAGACGCCCGTACCGG-1	0.0	0.15259070937449956
HCC-1L|P5|N9	HCC-1L	P5	HCC-1L|TCACCGCTCGGCACTC-1	TCACCGCTCGGCACTC-1	0.0	0.19334519538687836
HCC-1L|P5|N9	HCC-1L	P5	HCC-1L|TCTGAATTCCGTACAA-1	TCTGAATTCCGTACAA-1	1.1229752444038036e-08	0.160211816166298
HCC-1L|P5|N9	HCC-1L	P5	HCC-1L|TCTTCCCATGGGCACA-1	TCTTCCCATGGGCACA-1	0.0	0.603612876050275
HCC-1L|P5|N9	HCC-1L	P5	HCC-1L|TTAAACTCGAATTCAT-1	TTAAACTCGAATTCAT-1	2.001179214390298	1.4705709036239103
HCC-1L|P5|N9	HCC-1L	P5	HCC-1L|TTACGGATGGTTCGAG-1	TTACGGATGGTTCGAG-1	0.0	0.5894386449230925
HCC-1L|P5|N10	HCC-1L	P5	HCC-1L|AATTCGATTCGAGGAT-1	AATTCGATTCGAGGAT-1	0.05123711521308046	0.29782472138257016
HCC-1L|P5|N10	HCC-1L	P5	HCC-1L|AGAAGGTTGTAGGTCG-1	AGAAGGTTGTAGGTCG-1	0.0	0.005762436963969923
HCC-1L|P5|N10	HCC-1L	P5	HCC-1L|AGATATAATACGACTA-1	AGATATAATACGACTA-1	0.0	0.005219706662239942
HCC-1L|P5|N10	HCC-1L	P5	HCC-1L|AGTCTTTAAAGTGTCC-1	AGTCTTTAAAGTGTCC-1	0.0	0.006404639401635058
HCC-1L|P5|N10	HCC-1L	P5	HCC-1L|CGTCGCATGTGAGCCA-1	CGTCGCATGTGAGCCA-1	0.0	0.2822383603410899
HCC-1L|P5|N10	HCC-1L	P5	HCC-1L|CTCACTGTGATACTTA-1	CTCACTGTGATACTTA-1	0.0	0.010982141873248794
HCC-1L|P5|N10	HCC-1L	P5	HCC-1L|GACCTTCCACGTCTAC-1	GACCTTCCACGTCTAC-1	0.0	0.27647592337711996
HCC-1L|P5|N10	HCC-1L	P5	HCC-1L|GACTAGGCCGTTAGGT-1	GACTAGGCCGTTAGGT-1	0.0	0.0042697596010900386
HCC-1L|P5|N10	HCC-1L	P5	HCC-1L|GGGAAGACGGTCTGTC-1	GGGAAGACGGTCTGTC-1	0.06914924356763907	0.3120004904691283
HCC-1L|P5|N10	HCC-1L	P5	HCC-1L|GTAGTCTACGATATTG-1	GTAGTCTACGATATTG-1	0.0	0.005762436963969923
HCC-1L|P5|N10	HCC-1L	P5	HCC-1L|GTGACAGCTTCCCACT-1	GTGACAGCTTCCCACT-1	0.06263645891134643	0.309286830195673
HCC-1L|P5|N10	HCC-1L	P5	HCC-1L|GTGACGCAGGTTTCAT-1	GTGACGCAGGTTTCAT-1	3.266473965312359	1.6484888841305183
HCC-1L|P5|N10	HCC-1L	P5	HCC-1L|GTTAGCCCATGACATC-1	GTTAGCCCATGACATC-1	0.0	0.006404639401635058
HCC-1L|P5|N10	HCC-1L	P5	HCC-1L|TAGACGAAACGCCAAT-1	TAGACGAAACGCCAAT-1	0.0	0.005219706662239942
HCC-1L|P5|N10	HCC-1L	P5	HCC-1L|TCGCTACTGGCTTTGA-1	TCGCTACTGGCTTTGA-1	0.0	0.2774258686853088
HCC-1L|P5|N11	HCC-1L	P5	HCC-1L|ACACTGATCAAGGTGT-1	ACACTGATCAAGGTGT-1	0.0	4.663966391534838e-05
HCC-1L|P5|N11	HCC-1L	P5	HCC-1L|ACCAACGCTTATTTAT-1	ACCAACGCTTATTTAT-1	0.0	0.000560709880205036
HCC-1L|P5|N11	HCC-1L	P5	HCC-1L|AGGGACTCTACGCGAC-1	AGGGACTCTACGCGAC-1	0.0	4.6776324118962634e-05
HCC-1L|P5|N11	HCC-1L	P5	HCC-1L|CAGACACCGATCGCTG-1	CAGACACCGATCGCTG-1	0.0061688425954762515	0.0031778184886887884
HCC-1L|P5|N11	HCC-1L	P5	HCC-1L|CCAAGAAAGTGGGCGA-1	CCAAGAAAGTGGGCGA-1	0.0	0.000560709880205036
HCC-1L|P5|N11	HCC-1L	P5	HCC-1L|GACATCGATTTATAAC-1	GACATCGATTTATAAC-1	0.0005596759669841806	0.0007939081997817779
HCC-1L|P5|N11	HCC-1L	P5	HCC-1L|GACGCCGTAAAGGCTA-1	GACGCCGTAAAGGCTA-1	0.0	4.676943122243858e-05
HCC-1L|P5|N11	HCC-1L	P5	HCC-1L|GCGGGCGAGCCTTACC-1	GCGGGCGAGCCTTACC-1	0.0	4.675959570175803e-05
HCC-1L|P5|N11	HCC-1L	P5	HCC-1L|GGGTTAACATTTGAGT-1	GGGTTAACATTTGAGT-1	0.0	0.0005608277433250018
HCC-1L|P5|N11	HCC-1L	P5	HCC-1L|GGTAGACCGTTGGGCG-1	GGTAGACCGTTGGGCG-1	0.0	0.0005608277433250018
HCC-1L|P5|N11	HCC-1L	P5	HCC-1L|TAGCTAGAAGGCATGA-1	TAGCTAGAAGGCATGA-1	0.0	4.663966391534838e-05
HCC-1L|P5|N11	HCC-1L	P5	HCC-1L|TCACAGCAAACTCGAA-1	TCACAGCAAACTCGAA-1	0.0	4.663966391534838e-05
HCC-1L|P5|N11	HCC-1L	P5	HCC-1L|TGCCAATGGGTACTCT-1	TGCCAATGGGTACTCT-1	0.0005610903244237698	0.0007946153785015726
HCC-1L|P5|N15	HCC-1L	P5	HCC-1L|ACGGGCGTATGCGACA-1	ACGGGCGTATGCGACA-1	0.0	0.000449309099339537
HCC-1L|P5|N15	HCC-1L	P5	HCC-1L|AGTTTATGTAAAGACA-1	AGTTTATGTAAAGACA-1	0.0	0.000449309099339537
HCC-1L|P5|N15	HCC-1L	P5	HCC-1L|ATCTTTCGTATAACCA-1	ATCTTTCGTATAACCA-1	0.0	0.0008681612485807954
HCC-1L|P5|N15	HCC-1L	P5	HCC-1L|CATTACATAGATTGTG-1	CATTACATAGATTGTG-1	0.0	0.0004188544323813068
HCC-1L|P5|N15	HCC-1L	P5	HCC-1L|GAAGGCTACCATTGTT-1	GAAGGCTACCATTGTT-1	0.005391681794393863	0.0031146976127182867
HCC-1L|P5|N15	HCC-1L	P5	HCC-1L|GGCCCGTATACCATGC-1	GGCCCGTATACCATGC-1	0.0	0.0004188544323813068
HCC-1L|P5|N15	HCC-1L	P5	HCC-1L|GGTACACCAGATTTAT-1	GGTACACCAGATTTAT-1	0.005026253188575682	0.0029624334104873295
HCC-1L|P5|N15	HCC-1L	P5	HCC-1L|GGTTTAATTGAGCAGG-1	GGTTTAATTGAGCAGG-1	0.0	0.0004188544323813068
HCC-1L|P5|N15	HCC-1L	P5	HCC-1L|TAAATCTTTACACCTC-1	TAAATCTTTACACCTC-1	2.7397680580410096e-08	0.0004493205150397788
HCC-1L|P5|N15	HCC-1L	P5	HCC-1L|TACACCGTCGTTAGTC-1	TACACCGTCGTTAGTC-1	0.0	0.0008681612485807954
HCC-1L|P6|N3	HCC-1L	P6	HCC-1L|AAATACCTATAAGCAT-1	AAATACCTATAAGCAT-1	0.0	0.21530180743495733
HCC-1L|P6|N3	HCC-1L	P6	HCC-1L|AAGCTAGATCGAGTAA-1	AAGCTAGATCGAGTAA-1	0.0	0.21537210788904512
HCC-1L|P6|N3	HCC-1L	P6	HCC-1L|ACTCCCTAGAATAGTA-1	ACTCCCTAGAATAGTA-1	0.0	0.21530180743495733
HCC-1L|P6|N3	HCC-1L	P6	HCC-1L|AGACCCACCGCTGATC-1	AGACCCACCGCTGATC-1	0.0	0.21537210788904512
HCC-1L|P6|N3	HCC-1L	P6	HCC-1L|CCCGCAGCGCGAACTA-1	CCCGCAGCGCGAACTA-1	2.5844652946685414	1.507534454769228
HCC-1L|P6|N3	HCC-1L	P6	HCC-1L|CTCTATTTGGCTGCAG-1	CTCTATTTGGCTGCAG-1	2.583621689219488	1.5071829524987892
HCC-1L|P6|N3	HCC-1L	P6	HCC-1L|CTTGTCAACATTCGAG-1	CTTGTCAACATTCGAG-1	0.0	0.21537210788904512
HCC-1L|P6|N3	HCC-1L	P6	HCC-1L|GTTACCTACAACTTGC-1	GTTACCTACAACTTGC-1	0.0	0.21530180743495733
HCC-1L|P6|N3	HCC-1L	P6	HCC-1L|TCTAGCATGCCCAGAA-1	TCTAGCATGCCCAGAA-1	0.0	0.43067391532400245
HCC-1L|P6|N3	HCC-1L	P6	HCC-1L|TTCTGCCGCGCCTAGA-1	TTCTGCCGCGCCTAGA-1	0.0	0.43067391532400245
HCC-1L|P6|N4	HCC-1L	P6	HCC-1L|AAATAGGGTGCTATTG-1	AAATAGGGTGCTATTG-1	0.0	0.24262073493102765
HCC-1L|P6|N4	HCC-1L	P6	HCC-1L|AAGCTCTTTCATGGTG-1	AAGCTCTTTCATGGTG-1	0.0	8.48228201316069e-09
HCC-1L|P6|N4	HCC-1L	P6	HCC-1L|AAGTGTTTGGAGACGG-1	AAGTGTTTGGAGACGG-1	2.9114488012755193	1.7854697208583312
HCC-1L|P6|N4	HCC-1L	P6	HCC-1L|ACAAATCGCACCGAAT-1	ACAAATCGCACCGAAT-1	0.0	0.5139297692867496
HCC-1L|P6|N4	HCC-1L	P6	HCC-1L|ACCAATATGCAAGTTA-1	ACCAATATGCAAGTTA-1	2.3578606932070055e-08	1.9085509410972733e-06
HCC-1L|P6|N4	HCC-1L	P6	HCC-1L|ACCGCAATAACTGCCT-1	ACCGCAATAACTGCCT-1	0.0	0.5723660541958857
HCC-1L|P6|N4	HCC-1L	P6	HCC-1L|ACGGATGGTGCGGATA-1	ACGGATGGTGCGGATA-1	4.0811409906537245e-08	2.728413452398843e-08
HCC-1L|P6|N4	HCC-1L	P6	HCC-1L|ACTTACGCATCCACGC-1	ACTTACGCATCCACGC-1	0.0	5.113155035222447e-09
HCC-1L|P6|N4	HCC-1L	P6	HCC-1L|ACTTCAGGCTGATCCC-1	ACTTCAGGCTGATCCC-1	3.956943839503907	2.405277102519671
HCC-1L|P6|N4	HCC-1L	P6	HCC-1L|AGCACTACCTCACCAG-1	AGCACTACCTCACCAG-1	0.0	0.24262073418642208
HCC-1L|P6|N4	HCC-1L	P6	HCC-1L|ATACGTACTTAGCCAC-1	ATACGTACTTAGCCAC-1	9.07479245474465e-06	5.673054294489631e-06
HCC-1L|P6|N4	HCC-1L	P6	HCC-1L|CACATCTCACCGACGA-1	CACATCTCACCGACGA-1	0.0	1.7008899611904043e-06
HCC-1L|P6|N4	HCC-1L	P6	HCC-1L|CACCCTAACAAGATCT-1	CACCCTAACAAGATCT-1	3.841609740043549e-08	2.545781944410806e-08
HCC-1L|P6|N4	HCC-1L	P6	HCC-1L|CATGGGTATGCCTTAT-1	CATGGGTATGCCTTAT-1	1.0607232088076517e-08	8.504957494074548e-09
HCC-1L|P6|N4	HCC-1L	P6	HCC-1L|CCTATAATGAGTGCCC-1	CCTATAATGAGTGCCC-1	0.0	4.8320729221541475e-09
HCC-1L|P6|N4	HCC-1L	P6	HCC-1L|CGTCGTCCTTCGCGAA-1	CGTCGTCCTTCGCGAA-1	1.3598525883769981e-05	7.709959428627987e-06
HCC-1L|P6|N4	HCC-1L	P6	HCC-1L|CGTTGAATACCGCGCT-1	CGTTGAATACCGCGCT-1	8.593805753253095e-09	1.1428732279273421e-06
HCC-1L|P6|N4	HCC-1L	P6	HCC-1L|CTTTACCGAATAGTAG-1	CTTTACCGAATAGTAG-1	0.0	0.18418444932809072
HCC-1L|P6|N4	HCC-1L	P6	HCC-1L|GAGCACCTGTGTCCAG-1	GAGCACCTGTGTCCAG-1	1.1952644762879023e-08	9.377273206984283e-09
HCC-1L|P6|N4	HCC-1L	P6	HCC-1L|GCAGATCCATAAGACT-1	GCAGATCCATAAGACT-1	0.0	0.18418444932809072
HCC-1L|P6|N4	HCC-1L	P6	HCC-1L|GCCTCTATACATAGCA-1	GCCTCTATACATAGCA-1	0.0	2.834164792314329e-06
HCC-1L|P6|N4	HCC-1L	P6	HCC-1L|GCTATCATACTCATGG-1	GCTATCATACTCATGG-1	5.792314705623296e-09	7.598756573796439e-07
HCC-1L|P6|N4	HCC-1L	P6	HCC-1L|GTGTCGTATAGCGTTC-1	GTGTCGTATAGCGTTC-1	0.0	7.567153974541895e-07
HCC-1L|P6|N4	HCC-1L	P6	HCC-1L|GTTGAGTCCCGCCGGT-1	GTTGAGTCCCGCCGGT-1	3.1429520118466897e-09	0.24262073501110262
HCC-1L|P6|N4	HCC-1L	P6	HCC-1L|TATCCAATTGGTTATC-1	TATCCAATTGGTTATC-1	0.0	7.626284182800098e-07
HCC-1L|P6|N4	HCC-1L	P6	HCC-1L|TCGCACCAGGAGGCAG-1	TCGCACCAGGAGGCAG-1	0.0	0.32974532049434646
HCC-1L|P6|N4	HCC-1L	P6	HCC-1L|TCTCCCTGGGCAGCGT-1	TCTCCCTGGGCAGCGT-1	8.961545577337766e-09	4.963465680804158e-09
HCC-1L|P6|N4	HCC-1L	P6	HCC-1L|TCTGATGTATTCTGTC-1	TCTGATGTATTCTGTC-1	2.2102133919370885	1.4348520159272031
HCC-1L|P6|N4	HCC-1L	P6	HCC-1L|TGCCTTGGCCAGGCAA-1	TGCCTTGGCCAGGCAA-1	0.0	0.7565505027263763
HCC-1L|P6|N4	HCC-1L	P6	HCC-1L|TTCTGACCGGGCTCAA-1	TTCTGACCGGGCTCAA-1	0.0	0.18418444932809072
HCC-1L|P6|N6	HCC-1L	P6	HCC-1L|AACCAAGACTTCTCTG-1	AACCAAGACTTCTCTG-1	2.5659235156646676	1.4965021732473975
HCC-1L|P6|N6	HCC-1L	P6	HCC-1L|AATATTGGAGTATTGA-1	AATATTGGAGTATTGA-1	0.0	0.2138269596387223
HCC-1L|P6|N6	HCC-1L	P6	HCC-1L|ATTCGACGCCGGGCCT-1	ATTCGACGCCGGGCCT-1	0.0	0.4273673750537861
HCC-1L|P6|N6	HCC-1L	P6	HCC-1L|CCCTGCGCTACGCATA-1	CCCTGCGCTACGCATA-1	0.0	0.21354041541506383
HCC-1L|P6|N6	HCC-1L	P6	HCC-1L|CGGTGAAGACTAAAGT-1	CGGTGAAGACTAAAGT-1	0.0	0.4273673750537861
HCC-1L|P6|N6	HCC-1L	P6	HCC-1L|GAGGCTATCAAAGTCG-1	GAGGCTATCAAAGTCG-1	0.0	0.21354041541506383
HCC-1L|P6|N6	HCC-1L	P6	HCC-1L|GGCCCTCACCCACTTA-1	GGCCCTCACCCACTTA-1	0.0	0.2138269596387223
HCC-1L|P6|N6	HCC-1L	P6	HCC-1L|TACTGGACAGCTCGGC-1	TACTGGACAGCTCGGC-1	2.562484984980766	1.4950694521291052
HCC-1L|P6|N6	HCC-1L	P6	HCC-1L|TCGTATTACCCATTGC-1	TCGTATTACCCATTGC-1	0.0	0.2138269596387223
HCC-1L|P6|N6	HCC-1L	P6	HCC-1L|TTAGTAGGGCGGCGGG-1	TTAGTAGGGCGGCGGG-1	0.0	0.21354041541506383
HCC-1L|P6|N10	HCC-1L	P6	HCC-1L|AATAACACTAGAACAA-1	AATAACACTAGAACAA-1	1.559845464704076	0.9974440424609143
HCC-1L|P6|N10	HCC-1L	P6	HCC-1L|ACAGGTGGAGGTGAGG-1	ACAGGTGGAGGTGAGG-1	0.0	0.129987122058673
HCC-1L|P6|N10	HCC-1L	P6	HCC-1L|AGCGACAGGAACGGTC-1	AGCGACAGGAACGGTC-1	0.0	0.129987122058673
HCC-1L|P6|N10	HCC-1L	P6	HCC-1L|ATTTCCGGGTTCTGCG-1	ATTTCCGGGTTCTGCG-1	0.0	0.13583773601920596
HCC-1L|P6|N10	HCC-1L	P6	HCC-1L|CACCCGGTTTGTGACT-1	CACCCGGTTTGTGACT-1	0.0	0.3475084321675494
HCC-1L|P6|N10	HCC-1L	P6	HCC-1L|CACCGTTAGGGATCAC-1	CACCGTTAGGGATCAC-1	2.6102557213065163	1.5709527187311372
HCC-1L|P6|N10	HCC-1L	P6	HCC-1L|CCACCAACTTTACTGT-1	CCACCAACTTTACTGT-1	0.0	0.129987122058673
HCC-1L|P6|N10	HCC-1L	P6	HCC-1L|CCAGAAAGCAACTCAT-1	CCAGAAAGCAACTCAT-1	0.0	0.3475084321675494
HCC-1L|P6|N10	HCC-1L	P6	HCC-1L|GCTCAATCCGTTTATT-1	GCTCAATCCGTTTATT-1	0.0	0.3533590461280823
HCC-1L|P6|N10	HCC-1L	P6	HCC-1L|GGCAAAGGCGCCAATA-1	GGCAAAGGCGCCAATA-1	0.0	0.13583773601920596
HCC-1L|P6|N10	HCC-1L	P6	HCC-1L|GTGGAGTCGGCGGTTG-1	GTGGAGTCGGCGGTTG-1	0.0	0.3533590461280823
HCC-1L|P6|N10	HCC-1L	P6	HCC-1L|TAAACCCAGGAGGGCA-1	TAAACCCAGGAGGGCA-1	1.6300528322304715	1.032547726224112
HCC-1L|P6|N10	HCC-1L	P6	HCC-1L|TTCGGGCGCTAGTCTT-1	TTCGGGCGCTAGTCTT-1	0.0	0.13583773601920596
HCC-1L|P6|N12	HCC-1L	P6	HCC-1L|AATGCAACCGGGTACC-1	AATGCAACCGGGTACC-1	1.427220659117986	0.9498958302534558
HCC-1L|P6|N12	HCC-1L	P6	HCC-1L|ACACAAAGACGGGTGG-1	ACACAAAGACGGGTGG-1	9.068395268561091e-09	9.25954754003609e-07
HCC-1L|P6|N12	HCC-1L	P6	HCC-1L|ACACCCAGCATGCAGC-1	ACACCCAGCATGCAGC-1	0.0	1.5559177125683865e-06
HCC-1L|P6|N12	HCC-1L	P6	HCC-1L|ACGATCATACATAGAG-1	ACGATCATACATAGAG-1	0.0	0.12423101328613824
HCC-1L|P6|N12	HCC-1L	P6	HCC-1L|AGACCCGCCCTCCTCG-1	AGACCCGCCCTCCTCG-1	0.0	1.149287591960786e-06
HCC-1L|P6|N12	HCC-1L	P6	HCC-1L|AGCGACCAACGATATT-1	AGCGACCAACGATATT-1	7.371364450954627e-06	4.221445146130928e-06
HCC-1L|P6|N12	HCC-1L	P6	HCC-1L|ATCGCACGCCGGGAGA-1	ATCGCACGCCGGGAGA-1	0.0	0.11893566996256937
HCC-1L|P6|N12	HCC-1L	P6	HCC-1L|CACCGCCAGAAGGTTT-1	CACCGCCAGAAGGTTT-1	1.2224891624431635	0.8947871820549372
HCC-1L|P6|N12	HCC-1L	P6	HCC-1L|CATTATGCTTGTTGTG-1	CATTATGCTTGTTGTG-1	1.0527818738202965e-05	7.354834302717769e-06
HCC-1L|P6|N12	HCC-1L	P6	HCC-1L|CCAGGGACGTGGCCTC-1	CCAGGGACGTGGCCTC-1	0.0	2.512590552482611e-06
HCC-1L|P6|N12	HCC-1L	P6	HCC-1L|CCTGCTATTTGAGAAG-1	CCTGCTATTTGAGAAG-1	0.0	2.433235940751967e-06
HCC-1L|P6|N12	HCC-1L	P6	HCC-1L|CGCATTAGCTAATAGG-1	CGCATTAGCTAATAGG-1	0.0	0.10187409687026362
HCC-1L|P6|N12	HCC-1L	P6	HCC-1L|CGCGTTCATGAAATAC-1	CGCGTTCATGAAATAC-1	0.0	8.773182281835804e-07
HCC-1L|P6|N12	HCC-1L	P6	HCC-1L|CTGGAAATGGATGCTT-1	CTGGAAATGGATGCTT-1	0.0	1.1002651032511298e-06
HCC-1L|P6|N12	HCC-1L	P6	HCC-1L|GAGACTGATGGGTAGA-1	GAGACTGATGGGTAGA-1	0.0	1.1002651032511298e-06
HCC-1L|P6|N12	HCC-1L	P6	HCC-1L|GATCCCTTTATACTGC-1	GATCCCTTTATACTGC-1	0.0	0.15281114530539544
HCC-1L|P6|N12	HCC-1L	P6	HCC-1L|GCTCTAAACCCTGACG-1	GCTCTAAACCCTGACG-1	0.0	0.17840258352329766
HCC-1L|P6|N12	HCC-1L	P6	HCC-1L|GCTCTCGGGTACCGAA-1	GCTCTCGGGTACCGAA-1	0.0	0.4570946524912254
HCC-1L|P6|N12	HCC-1L	P6	HCC-1L|GGGCGATATGTGTGAA-1	GGGCGATATGTGTGAA-1	0.0	0.10187409687026362
HCC-1L|P6|N12	HCC-1L	P6	HCC-1L|GGGCGTACATTTATAT-1	GGGCGTACATTTATAT-1	0.0	7.380432846223189e-07
HCC-1L|P6|N12	HCC-1L	P6	HCC-1L|GTACTAAGATTTGGAG-1	GTACTAAGATTTGGAG-1	0.0	1.6352723242990302e-06
HCC-1L|P6|N12	HCC-1L	P6	HCC-1L|GTCATGGACATGACTA-1	GTCATGGACATGACTA-1	1.2423101295170316	0.9755833158002101
HCC-1L|P6|N12	HCC-1L	P6	HCC-1L|GTCCGGCTGAATTGCG-1	GTCCGGCTGAATTGCG-1	0.0	1.1002651032511298e-06
HCC-1L|P6|N12	HCC-1L	P6	HCC-1L|GTTTCCTGGAGGGTGA-1	GTTTCCTGGAGGGTGA-1	0.0	1.5559177125683865e-06
HCC-1L|P6|N12	HCC-1L	P6	HCC-1L|TAGAGTCTAAGCGAAC-1	TAGAGTCTAAGCGAAC-1	0.0	1.1002651032511298e-06
HCC-1L|P6|N12	HCC-1L	P6	HCC-1L|TATGCTCCCTACTTAC-1	TATGCTCCCTACTTAC-1	0.0	0.45874640002607686
HCC-1L|P6|N12	HCC-1L	P6	HCC-1L|TATGGATGTGCTACGC-1	TATGGATGTGCTACGC-1	6.420086652574806e-06	4.701641925383869e-06
HCC-1L|P6|N12	HCC-1L	P6	HCC-1L|TCAAACAACCGCGTCG-1	TCAAACAACCGCGTCG-1	0.0	0.1784025828077921
HCC-1L|P6|N12	HCC-1L	P6	HCC-1L|TCAACCATGTTCGGGC-1	TCAACCATGTTCGGGC-1	1.8671012550820637e-05	1.0212824503593898e-05
HCC-1L|P6|N12	HCC-1L	P6	HCC-1L|TCCCAAAGACGAAGGA-1	TCCCAAAGACGAAGGA-1	2.8354260083335547	1.8069149992745954
HCC-1L|P6|N12	HCC-1L	P6	HCC-1L|TCCGATGGTGCGACAT-1	TCCGATGGTGCGACAT-1	0.0	3.5825235327127526e-06
HCC-1L|P6|N12	HCC-1L	P6	HCC-1L|TGATCGGTTTGACCCT-1	TGATCGGTTTGACCCT-1	1.3203181239013557e-05	6.6015906195067785e-06
HCC-1L|P6|N12	HCC-1L	P6	HCC-1L|TTACAACTACGCATCC-1	TTACAACTACGCATCC-1	0.0	1.5559177125683865e-06
HCC-1L|P6|N12	HCC-1L	P6	HCC-1L|TTATATTTGGCAATCC-1	TTATATTTGGCAATCC-1	0.0	0.15528876618962895
HCC-1L|P6|N13	HCC-1L	P6	HCC-1L|ACAAATGGTAGTGTTT-1	ACAAATGGTAGTGTTT-1	0.0	8.59081143069322e-07
HCC-1L|P6|N13	HCC-1L	P6	HCC-1L|ACACACCAGGACCAGT-1	ACACACCAGGACCAGT-1	0.0	5.610884791987596e-09
HCC-1L|P6|N13	HCC-1L	P6	HCC-1L|ACTTATTTATGTGCCA-1	ACTTATTTATGTGCCA-1	0.0	4.982626172389391e-09
HCC-1L|P6|N13	HCC-1L	P6	HCC-1L|AGGACAGTCGAATCCC-1	AGGACAGTCGAATCCC-1	0.0	8.59081143069322e-07
HCC-1L|P6|N13	HCC-1L	P6	HCC-1L|ATGGGCCTCGGCCTCT-1	ATGGGCCTCGGCCTCT-1	0.0	4.88854159405557e-09
HCC-1L|P6|N13	HCC-1L	P6	HCC-1L|ATGGTCGCGTGGTTTC-1	ATGGTCGCGTGGTTTC-1	0.0	8.612421974299642e-07
HCC-1L|P6|N13	HCC-1L	P6	HCC-1L|CAAGATATTATAACGT-1	CAAGATATTATAACGT-1	5.866249912866684e-08	2.933124956433342e-08
HCC-1L|P6|N13	HCC-1L	P6	HCC-1L|CTGGTTTCGAGCAAGA-1	CTGGTTTCGAGCAAGA-1	0.0	7.143680533031601e-09
HCC-1L|P6|N13	HCC-1L	P6	HCC-1L|GAGTGTGCGGTACCCA-1	GAGTGTGCGGTACCCA-1	0.0	8.646920278613096e-07
HCC-1L|P6|N13	HCC-1L	P6	HCC-1L|GGCGAAATCTAACTTG-1	GGCGAAATCTAACTTG-1	0.0	8.598034862672541e-07
HCC-1L|P6|N13	HCC-1L	P6	HCC-1L|TAGCCATTTCAAAGTC-1	TAGCCATTTCAAAGTC-1	8.668118375184309e-09	4.695083403643973e-09
HCC-1L|P6|N13	HCC-1L	P6	HCC-1L|TGTTATTGTATGTGGC-1	TGTTATTGTATGTGGC-1	1.0308973716831864e-05	5.154486858415932e-06
HCC-1L|P6|N13	HCC-1L	P6	HCC-1L|TTAGAGTTTAGAAGGA-1	TTAGAGTTTAGAAGGA-1	2.5932652327706522e-08	1.2966326163853261e-08
HCC-1L|P6|N13	HCC-1L	P6	HCC-1L|TTCCGGTTACCCACTT-1	TTCCGGTTACCCACTT-1	0.0	8.661307390240197e-07
HCC-1L|P6|N15	HCC-1L	P6	HCC-1L|ACAATTTGAGCAGTGG-1	ACAATTTGAGCAGTGG-1	0.0	5.832914962987845e-09
HCC-1L|P6|N15	HCC-1L	P6	HCC-1L|ACCCAACGCCCGTGGC-1	ACCCAACGCCCGTGGC-1	7.895145359395291e-09	8.263820013240256e-09
HCC-1L|P6|N15	HCC-1L	P6	HCC-1L|CCACAATGTACGTCTT-1	CCACAATGTACGTCTT-1	7.660808565860322e-09	9.038550863562975e-09
HCC-1L|P6|N15	HCC-1L	P6	HCC-1L|CGCGGGAATTAGGCAG-1	CGCGGGAATTAGGCAG-1	0.0	6.017473683092499e-09
HCC-1L|P6|N15	HCC-1L	P6	HCC-1L|CGCTTTCTTGCATTCG-1	CGCTTTCTTGCATTCG-1	0.0	4.570741357857818e-09
HCC-1L|P6|N15	HCC-1L	P6	HCC-1L|GAGCTAAGGGCATATC-1	GAGCTAAGGGCATATC-1	1.046845417154748e-08	1.456541199793875e-08
HCC-1L|P6|N15	HCC-1L	P6	HCC-1L|GGATTTCACTTCTATA-1	GGATTTCACTTCTATA-1	2.8195914982475408e-09	5.268973995142786e-09
HCC-1L|P6|N15	HCC-1L	P6	HCC-1L|GGTCTGAGAATCTGGA-1	GGTCTGAGAATCTGGA-1	8.485358628707629e-09	1.0441484623744414e-08
HCC-1L|P6|N15	HCC-1L	P6	HCC-1L|TATGTCTCATTGTGCC-1	TATGTCTCATTGTGCC-1	2.175979515577203e-09	1.1413892688042369e-08
HCC-1L|P6|N15	HCC-1L	P6	HCC-1L|TGAGTGGTCCGTGACG-1	TGAGTGGTCCGTGACG-1	4.413415943665099e-08	2.465207797754448e-08
HCC-1L|P6|N15	HCC-1L	P6	HCC-1L|TGCATGTGGTAATCTA-1	TGCATGTGGTAATCTA-1	5.80032714278916e-08	3.194631947103336e-08
HCC-1L|P6|N15	HCC-1L	P6	HCC-1L|TGTATAACAGATCCTG-1	TGTATAACAGATCCTG-1	1.4206412769218397e-08	1.3061451122038426e-08
HCC-1L|P6|N24	HCC-1L	P6	HCC-1L|AGGTTTCACACACCTT-1	AGGTTTCACACACCTT-1	0.0	6.563920692395788e-07
HCC-1L|P6|N24	HCC-1L	P6	HCC-1L|CAAGGATCGCATGTTC-1	CAAGGATCGCATGTTC-1	0.0	3.2792219596550137e-07
HCC-1L|P6|N24	HCC-1L	P6	HCC-1L|CAGTCTGTATACTGGG-1	CAGTCTGTATACTGGG-1	0.0	3.284698732740774e-07
HCC-1L|P6|N24	HCC-1L	P6	HCC-1L|CGCATGGTGCGATGCT-1	CGCATGGTGCGATGCT-1	3.935066351586017e-06	2.296003049067086e-06
HCC-1L|P6|N24	HCC-1L	P6	HCC-1L|CGGAGCATGGCGATCC-1	CGGAGCATGGCGATCC-1	0.0	3.2792219596550137e-07
HCC-1L|P6|N24	HCC-1L	P6	HCC-1L|GAATCTGAACATTCTC-1	GAATCTGAACATTCTC-1	0.0	3.284698732740774e-07
HCC-1L|P6|N24	HCC-1L	P6	HCC-1L|GCGCCGTTCCACGATA-1	GCGCCGTTCCACGATA-1	3.941638479288929e-06	2.298741435609966e-06
HCC-1L|P6|N24	HCC-1L	P6	HCC-1L|GCTAGTAGAGCTTGTA-1	GCTAGTAGAGCTTGTA-1	0.0	3.2792219596550137e-07
HCC-1L|P6|N24	HCC-1L	P6	HCC-1L|GCTGAGGCGTGAGTAT-1	GCTGAGGCGTGAGTAT-1	0.0	6.567087933916168e-07
HCC-1L|P6|N24	HCC-1L	P6	HCC-1L|TTATGAATGAAAGGGA-1	TTATGAATGAAAGGGA-1	0.0	3.2878659742611534e-07
HCC-2L|P1|N3	HCC-2L	P1	HCC-2L|AACAATTACTCTACGC-1	AACAATTACTCTACGC-1	0.0	0.5322364671651038
HCC-2L|P1|N3	HCC-2L	P1	HCC-2L|AACTTGCCCGTATGCA-1	AACTTGCCCGTATGCA-1	0.0	0.5067697510391049
HCC-2L|P1|N3	HCC-2L	P1	HCC-2L|AAGAGATGAATCGGTA-1	AAGAGATGAATCGGTA-1	0.0	0.5067697510391049
HCC-2L|P1|N3	HCC-2L	P1	HCC-2L|ACGAAATGGGCGGCAC-1	ACGAAATGGGCGGCAC-1	0.0	0.30774689726902776
HCC-2L|P1|N3	HCC-2L	P1	HCC-2L|AGAGCAGTTATGAGAC-1	AGAGCAGTTATGAGAC-1	0.0	0.5972114766060374
HCC-2L|P1|N3	HCC-2L	P1	HCC-2L|ATTCAGTAGCAGGGTC-1	ATTCAGTAGCAGGGTC-1	0.0	0.5322364671651038
HCC-2L|P1|N3	HCC-2L	P1	HCC-2L|CCAGCTTCCGCCCGCA-1	CCAGCTTCCGCCCGCA-1	0.0	0.5842529302007792
HCC-2L|P1|N3	HCC-2L	P1	HCC-2L|CCATGGCCCTTGTACC-1	CCATGGCCCTTGTACC-1	3.692962767228333	2.1542282808831943
HCC-2L|P1|N3	HCC-2L	P1	HCC-2L|CCGACAAAGGGAGTGC-1	CCGACAAAGGGAGTGC-1	0.0	0.30774689726902776
HCC-2L|P1|N3	HCC-2L	P1	HCC-2L|CCGCACGTGACCTCGG-1	CCGCACGTGACCTCGG-1	3.8219699018712565	2.3129961854946277
HCC-2L|P1|N3	HCC-2L	P1	HCC-2L|CCGCGTAGGTAAGGGC-1	CCGCGTAGGTAAGGGC-1	0.0	0.30774689726902776
HCC-2L|P1|N3	HCC-2L	P1	HCC-2L|CTGCGGGTGAAATGTT-1	CTGCGGGTGAAATGTT-1	0.0	0.6154937945380555
HCC-2L|P1|N3	HCC-2L	P1	HCC-2L|GAAACTCGTGCGATGC-1	GAAACTCGTGCGATGC-1	2.564867704109988	1.6009313438775987
HCC-2L|P1|N3	HCC-2L	P1	HCC-2L|GAAATATCACCATCAG-1	GAAATATCACCATCAG-1	0.0	0.30774689726902776
HCC-2L|P1|N3	HCC-2L	P1	HCC-2L|GACTGCGGCACGTGTA-1	GACTGCGGCACGTGTA-1	3.223098011436653	1.8917006067950612
HCC-2L|P1|N3	HCC-2L	P1	HCC-2L|GATATGGATTACGCGG-1	GATATGGATTACGCGG-1	3.6492159494885335	2.3978697233029944
HCC-2L|P1|N3	HCC-2L	P1	HCC-2L|GCATTCGAAATGAACA-1	GCATTCGAAATGAACA-1	0.0	0.548743102029789
HCC-2L|P1|N3	HCC-2L	P1	HCC-2L|GGGTATGTATGCACTT-1	GGGTATGTATGCACTT-1	2.259267110598003	1.4481310471216062
HCC-2L|P1|N3	HCC-2L	P1	HCC-2L|GGTGCTGATCACAAAG-1	GGTGCTGATCACAAAG-1	0.0	0.2931101474819929
HCC-2L|P1|N3	HCC-2L	P1	HCC-2L|TAACAATATTTGTTGC-1	TAACAATATTTGTTGC-1	3.3618192129208158	2.253602436537507
HCC-2L|P1|N3	HCC-2L	P1	HCC-2L|TACCTGCTGCACTGTG-1	TACCTGCTGCACTGTG-1	0.0	0.5068491228244919
HCC-2L|P1|N3	HCC-2L	P1	HCC-2L|TAGATTCCTGGTTATT-1	TAGATTCCTGGTTATT-1	0.0	0.6154937945380555
HCC-2L|P1|N3	HCC-2L	P1	HCC-2L|TATGAAGACAGGTGCG-1	TATGAAGACAGGTGCG-1	0.0	0.2931101474819929
HCC-2L|P1|N3	HCC-2L	P1	HCC-2L|TCAACTAACGTATAAC-1	TCAACTAACGTATAAC-1	0.0	0.30774689726902776
HCC-2L|P1|N3	HCC-2L	P1	HCC-2L|TCACATCTTATCTGAT-1	TCACATCTTATCTGAT-1	3.5173217697839143	2.0627622140160016
HCC-2L|P1|N3	HCC-2L	P1	HCC-2L|TCCTCTCCAGTTGTCC-1	TCCTCTCCAGTTGTCC-1	0.0	0.30774689726902776
HCC-2L|P1|N3	HCC-2L	P1	HCC-2L|TCGTCACACTGTTAGC-1	TCGTCACACTGTTAGC-1	0.0	0.5972114766060374
HCC-2L|P1|N3	HCC-2L	P1	HCC-2L|TGTGTTCGTATCCAAG-1	TGTGTTCGTATCCAAG-1	3.692962767228333	2.1542282808831943
HCC-2L|P1|N3	HCC-2L	P1	HCC-2L|TTATCGCCTGCGAAGC-1	TTATCGCCTGCGAAGC-1	0.0	0.8528444311538336
HCC-2L|P1|N6	HCC-2L	P1	HCC-2L|AACCGAGCTTGGTCAT-1	AACCGAGCTTGGTCAT-1	1.7770321044545152	1.3004252286167666
HCC-2L|P1|N6	HCC-2L	P1	HCC-2L|ACTCAATAAAGGCACG-1	ACTCAATAAAGGCACG-1	1.7768575947692915	1.0365148060891887
HCC-2L|P1|N6	HCC-2L	P1	HCC-2L|ATAACGGAGTCCAACG-1	ATAACGGAGTCCAACG-1	0.0	0.3311841384653438
HCC-2L|P1|N6	HCC-2L	P1	HCC-2L|CACGCACAGCGCAGCT-1	CACGCACAGCGCAGCT-1	3.1384724508979014	2.0146447537673686
HCC-2L|P1|N6	HCC-2L	P1	HCC-2L|CCTCTAATCTGCCAAG-1	CCTCTAATCTGCCAAG-1	0.0	0.5236550262287395
HCC-2L|P1|N6	HCC-2L	P1	HCC-2L|CCTGAATATTTACATA-1	CCTGAATATTTACATA-1	0.027580071006915157	0.423415415116159
HCC-2L|P1|N6	HCC-2L	P1	HCC-2L|CTCGCACCTATATAGT-1	CTCGCACCTATATAGT-1	0.0	0.29615791839082267
HCC-2L|P1|N6	HCC-2L	P1	HCC-2L|TAAGGCAACATAAGAT-1	TAAGGCAACATAAGAT-1	0.0	0.6692362150121708
HCC-2L|P1|N6	HCC-2L	P1	HCC-2L|TCCCGTCAGTCCCGCA-1	TCCCGTCAGTCCCGCA-1	0.46833468511730736	0.5653514810239975
HCC-2L|P1|N6	HCC-2L	P1	HCC-2L|TGCAGGATCGGCAAAG-1	TGCAGGATCGGCAAAG-1	2.6494731077227502	1.7755874458632763
HCC-2L|P1|N7	HCC-2L	P1	HCC-2L|AACCGCTAAGGGATGC-1	AACCGCTAAGGGATGC-1	3.593082140929813	2.0959647310542406
HCC-2L|P1|N7	HCC-2L	P1	HCC-2L|ACTTATTTATGTGCCA-1	ACTTATTTATGTGCCA-1	3.5930839270720076	2.095965475280155
HCC-2L|P1|N7	HCC-2L	P1	HCC-2L|ATACGTCCACTCCTGT-1	ATACGTCCACTCCTGT-1	0.0	0.2994235117441511
HCC-2L|P1|N7	HCC-2L	P1	HCC-2L|ATGGGCCTCGGCCTCT-1	ATGGGCCTCGGCCTCT-1	0.0	0.5988471723334851
HCC-2L|P1|N7	HCC-2L	P1	HCC-2L|CAAGATATTATAACGT-1	CAAGATATTATAACGT-1	0.0	0.29942366058933395
HCC-2L|P1|N7	HCC-2L	P1	HCC-2L|CGACACGCTCCGACAG-1	CGACACGCTCCGACAG-1	0.0	0.2994235117441511
HCC-2L|P1|N7	HCC-2L	P1	HCC-2L|CTGGTTTCGAGCAAGA-1	CTGGTTTCGAGCAAGA-1	0.0	0.29942366058933395
HCC-2L|P1|N7	HCC-2L	P1	HCC-2L|TCTTACTTATGCCTCT-1	TCTTACTTATGCCTCT-1	0.0	0.2994235117441511
HCC-2L|P1|N7	HCC-2L	P1	HCC-2L|TGGGCCCATACTAATT-1	TGGGCCCATACTAATT-1	0.0	0.29942366058933395
HCC-2L|P1|N7	HCC-2L	P1	HCC-2L|TTAGTTATTCGTGGCA-1	TTAGTTATTCGTGGCA-1	0.0	0.5988471723334851
HCC-2L|P1|N9	HCC-2L	P1	HCC-2L|AACCTTTACGACGTCT-1	AACCTTTACGACGTCT-1	0.0	0.8506962869341308
HCC-2L|P1|N9	HCC-2L	P1	HCC-2L|AATGCACCAAGCAATG-1	AATGCACCAAGCAATG-1	0.0	0.6661566959771595
HCC-2L|P1|N9	HCC-2L	P1	HCC-2L|AGATCGTGCATAAGAT-1	AGATCGTGCATAAGAT-1	0.0	0.4741505977096194
HCC-2L|P1|N9	HCC-2L	P1	HCC-2L|AGTCCCGCCTTTAATT-1	AGTCCCGCCTTTAATT-1	3.446530330749023	2.56291026844937
HCC-2L|P1|N9	HCC-2L	P1	HCC-2L|AGTGTATTGCGCATTG-1	AGTGTATTGCGCATTG-1	3.3139161244377573	2.2255949776130315
HCC-2L|P1|N9	HCC-2L	P1	HCC-2L|ATCGGCAAGCAGTCCA-1	ATCGGCAAGCAGTCCA-1	3.5462067665687185	2.1437428487141257
HCC-2L|P1|N9	HCC-2L	P1	HCC-2L|ATTCAGGACCTATTTC-1	ATTCAGGACCTATTTC-1	2.1436004059467146	1.3673174335207505
HCC-2L|P1|N9	HCC-2L	P1	HCC-2L|CCTCGCGCGATATAGG-1	CCTCGCGCGATATAGG-1	0.0	0.2955172305473932
HCC-2L|P1|N9	HCC-2L	P1	HCC-2L|CGTTTCACTTCGGGCG-1	CGTTTCACTTCGGGCG-1	0.0	0.56927023243573
HCC-2L|P1|N9	HCC-2L	P1	HCC-2L|GAAATTAGCACGGATA-1	GAAATTAGCACGGATA-1	0.0	0.46816577530401987
HCC-2L|P1|N9	HCC-2L	P1	HCC-2L|GCAGGTAGAGTATGGT-1	GCAGGTAGAGTATGGT-1	0.0	0.7553766361997717
HCC-2L|P1|N9	HCC-2L	P1	HCC-2L|GCGGTGAACTGCGCTC-1	GCGGTGAACTGCGCTC-1	0.0	0.48752332881493327
HCC-2L|P1|N9	HCC-2L	P1	HCC-2L|GTCGTATTGGCGTACA-1	GTCGTATTGGCGTACA-1	2.304073179210481	1.4475538201526337
HCC-2L|P1|N9	HCC-2L	P1	HCC-2L|GTTGGATTCAGTGGCT-1	GTTGGATTCAGTGGCT-1	0.0	0.5575857315348804
HCC-2L|P1|N9	HCC-2L	P1	HCC-2L|TAATAAACAAGGAGAT-1	TAATAAACAAGGAGAT-1	3.3847124584797372	1.9795670901356206
HCC-2L|P1|N9	HCC-2L	P1	HCC-2L|TGAGATTAGGCCCTAA-1	TGAGATTAGGCCCTAA-1	3.377112653980808	2.251926864922636
HCC-2L|P1|N10	HCC-2L	P1	HCC-2L|AACGTCGCTGCACTTC-1	AACGTCGCTGCACTTC-1	0.0	1.2137742936196796
HCC-2L|P1|N10	HCC-2L	P1	HCC-2L|AATCGGTATAGCCCTC-1	AATCGGTATAGCCCTC-1	0.0	0.5490074003104094
HCC-2L|P1|N10	HCC-2L	P1	HCC-2L|AGCCCGCACTACAATG-1	AGCCCGCACTACAATG-1	4.6953093526531156	2.3476546763265578
HCC-2L|P1|N10	HCC-2L	P1	HCC-2L|AGTAACTATAGCAGCC-1	AGTAACTATAGCAGCC-1	3.2780181593317814	1.914848300031985
HCC-2L|P1|N10	HCC-2L	P1	HCC-2L|ATTGGTTGTGCATTAC-1	ATTGGTTGTGCATTAC-1	0.0	0.8237023752807359
HCC-2L|P1|N10	HCC-2L	P1	HCC-2L|CTCATAAATGTGTATA-1	CTCATAAATGTGTATA-1	0.0	0.5466592938658256
HCC-2L|P1|N10	HCC-2L	P1	HCC-2L|CTGGCGATTTACATGT-1	CTGGCGATTTACATGT-1	3.296339699643919	2.195973389083553
HCC-2L|P1|N10	HCC-2L	P1	HCC-2L|GCGGATTACTTGTTCT-1	GCGGATTACTTGTTCT-1	0.0	0.6632400982832586
HCC-2L|P1|N10	HCC-2L	P1	HCC-2L|GCTAAGCCCAGTATGC-1	GCTAAGCCCAGTATGC-1	3.263571826745988	1.9064808883433204
HCC-2L|P1|N10	HCC-2L	P1	HCC-2L|GCTTGAGTGACCTCTG-1	GCTTGAGTGACCTCTG-1	0.0	0.39127577938775965
HCC-2L|P1|N10	HCC-2L	P1	HCC-2L|GGCACGCTGCTACAGT-1	GGCACGCTGCTACAGT-1	0.0	0.39127577938775965
HCC-2L|P1|N10	HCC-2L	P1	HCC-2L|GTCTCCCGAGTCCCGT-1	GTCTCCCGAGTCCCGT-1	0.0	0.667114999753854
HCC-2L|P1|N10	HCC-2L	P1	HCC-2L|TCCACCAAGACATAGG-1	TCCACCAAGACATAGG-1	3.3100706443931314	2.2028984771112072
HCC-2L|P1|N10	HCC-2L	P1	HCC-2L|TCTAACCTAGCCTGCG-1	TCTAACCTAGCCTGCG-1	0.0	0.39127577938775965
HCC-2L|P1|N11	HCC-2L	P1	HCC-2L|AAGACCAAATAACTCA-1	AAGACCAAATAACTCA-1	3.527459599748298	2.0576872242567434
HCC-2L|P1|N11	HCC-2L	P1	HCC-2L|AATTCATTGTCATGCA-1	AATTCATTGTCATGCA-1	0.0	0.2939574243825946
HCC-2L|P1|N11	HCC-2L	P1	HCC-2L|ACCGTCCACTGGGCCC-1	ACCGTCCACTGGGCCC-1	0.0	0.2939549666456915
HCC-2L|P1|N11	HCC-2L	P1	HCC-2L|AGAACCCTCAATTGGG-1	AGAACCCTCAATTGGG-1	0.0	0.2939574243825946
HCC-2L|P1|N11	HCC-2L	P1	HCC-2L|CCGAAGCATTGACCAA-1	CCGAAGCATTGACCAA-1	0.0	0.2939549666456915
HCC-2L|P1|N11	HCC-2L	P1	HCC-2L|CTATACTTAAAGCGAG-1	CTATACTTAAAGCGAG-1	0.0	0.2939549666456915
HCC-2L|P1|N11	HCC-2L	P1	HCC-2L|GCCCGAGAGTCTAAAT-1	GCCCGAGAGTCTAAAT-1	0.0	0.2939574243825946
HCC-2L|P1|N11	HCC-2L	P1	HCC-2L|TATGTAGAAACCCGGC-1	TATGTAGAAACCCGGC-1	0.0	0.5879123910282861
HCC-2L|P1|N11	HCC-2L	P1	HCC-2L|TGTTTCTGAAGCGTGC-1	TGTTTCTGAAGCGTGC-1	0.0	0.5879123910282861
HCC-2L|P1|N11	HCC-2L	P1	HCC-2L|TTCTCTTACAGGTGAT-1	TTCTCTTACAGGTGAT-1	3.5274890925911353	2.057699512941259
HCC-2L|P1|N12	HCC-2L	P1	HCC-2L|AAGACCCAACTGAACA-1	AAGACCCAACTGAACA-1	0.0	0.32384031035872646
HCC-2L|P1|N12	HCC-2L	P1	HCC-2L|AGCCCGGTAGCCTGTA-1	AGCCCGGTAGCCTGTA-1	0.0	0.32379221961775534
HCC-2L|P1|N12	HCC-2L	P1	HCC-2L|AGGCAGGGAGCGTACT-1	AGGCAGGGAGCGTACT-1	0.0	0.32379221961775534
HCC-2L|P1|N12	HCC-2L	P1	HCC-2L|AGTATTTGGCACGACC-1	AGTATTTGGCACGACC-1	0.0	0.3813581227121848
HCC-2L|P1|N12	HCC-2L	P1	HCC-2L|CGCCCAGCACGCCTAG-1	CGCCCAGCACGCCTAG-1	0.0	0.6476325299764817
HCC-2L|P1|N12	HCC-2L	P1	HCC-2L|GAAACCTATACAAATG-1	GAAACCTATACAAATG-1	3.8860837243047173	2.266834081770114
HCC-2L|P1|N12	HCC-2L	P1	HCC-2L|GACGGGTTGGCCCGTA-1	GACGGGTTGGCCCGTA-1	0.0	0.6476325299764817
HCC-2L|P1|N12	HCC-2L	P1	HCC-2L|GGGACCCGTATATCTT-1	GGGACCCGTATATCTT-1	2.2879086136074682	1.3346533783819632
HCC-2L|P1|N12	HCC-2L	P1	HCC-2L|GGGCTATGATCGATGG-1	GGGCTATGATCGATGG-1	2.2883888589387493	1.3348534806033303
HCC-2L|P1|N12	HCC-2L	P1	HCC-2L|GGTCGGTCGTCCACAG-1	GGTCGGTCGTCCACAG-1	0.0	0.3813581227121848
HCC-2L|P1|N12	HCC-2L	P1	HCC-2L|TACCTCAGTTGTCTGT-1	TACCTCAGTTGTCTGT-1	3.885506635413064	2.2665936280652583
HCC-2L|P1|N12	HCC-2L	P1	HCC-2L|TAGCTAGTGATGATGG-1	TAGCTAGTGATGATGG-1	0.0	0.32379221961775534
HCC-2L|P1|N12	HCC-2L	P1	HCC-2L|TATCCGCACCGTCGGG-1	TATCCGCACCGTCGGG-1	0.0	0.32384031035872646
HCC-2L|P1|N12	HCC-2L	P1	HCC-2L|TCCACCTCTAGCCTTT-1	TCCACCTCTAGCCTTT-1	0.0	0.32384031035872646
HCC-2L|P1|N13	HCC-2L	P1	HCC-2L|AAGGAGCGGTTGGTGC-1	AAGGAGCGGTTGGTGC-1	0.0	0.4205618304563137
HCC-2L|P1|N13	HCC-2L	P1	HCC-2L|AAGGCTGTGCTCATCG-1	AAGGCTGTGCTCATCG-1	0.0	0.9375021997405598
HCC-2L|P1|N13	HCC-2L	P1	HCC-2L|ACTTGGGACCCGGTGG-1	ACTTGGGACCCGGTGG-1	2.523364539511982	1.471963542780029
HCC-2L|P1|N13	HCC-2L	P1	HCC-2L|AGTTCCTACAGAATTA-1	AGTTCCTACAGAATTA-1	0.0	0.3815125797727477
HCC-2L|P1|N13	HCC-2L	P1	HCC-2L|ATTGAAGATCTTAGTG-1	ATTGAAGATCTTAGTG-1	2.054786417760991	1.2025174126517835
HCC-2L|P1|N13	HCC-2L	P1	HCC-2L|ATTTACAGTTTACTGG-1	ATTTACAGTTTACTGG-1	0.0	0.2998537093542882
HCC-2L|P1|N13	HCC-2L	P1	HCC-2L|CAAACGGTCGCACTTT-1	CAAACGGTCGCACTTT-1	0.0	0.2998537093542882
HCC-2L|P1|N13	HCC-2L	P1	HCC-2L|CAAGCAACGTCGGAGT-1	CAAGCAACGTCGGAGT-1	2.21885673989419	1.5993940208098134
HCC-2L|P1|N13	HCC-2L	P1	HCC-2L|CACGCAGCGAGGCTTT-1	CACGCAGCGAGGCTTT-1	0.0	0.5520967229452339
HCC-2L|P1|N13	HCC-2L	P1	HCC-2L|CCAACGATGCACTGAT-1	CCAACGATGCACTGAT-1	0.0	0.48475843767880405
HCC-2L|P1|N13	HCC-2L	P1	HCC-2L|CCATTCCCTGCCCACA-1	CCATTCCCTGCCCACA-1	0.0	0.375016669832946
HCC-2L|P1|N13	HCC-2L	P1	HCC-2L|CCCTGAAATGAGTTGA-1	CCCTGAAATGAGTTGA-1	3.5982445122514584	2.174138925958675
HCC-2L|P1|N13	HCC-2L	P1	HCC-2L|CTTACACGGTATTCCA-1	CTTACACGGTATTCCA-1	3.329855171539041	2.1146605815244555
HCC-2L|P1|N13	HCC-2L	P1	HCC-2L|CTTTGGCTTTAGTAAA-1	CTTTGGCTTTAGTAAA-1	2.2813432981011617	1.625430086729385
HCC-2L|P1|N13	HCC-2L	P1	HCC-2L|GACCAGAGCCCTGTAG-1	GACCAGAGCCCTGTAG-1	2.1014904452554544	1.4994653550693966
HCC-2L|P1|N13	HCC-2L	P1	HCC-2L|GGCGGAGTAATATTAG-1	GGCGGAGTAATATTAG-1	0.0	0.4526121347328746
HCC-2L|P1|N13	HCC-2L	P1	HCC-2L|TCACAGGTTATTGGGC-1	TCACAGGTTATTGGGC-1	0.0	0.3463564052513705
HCC-2L|P1|N13	HCC-2L	P1	HCC-2L|TCCCAGGCTTAGCTAA-1	TCCCAGGCTTAGCTAA-1	0.0	0.7669180565680737
HCC-2L|P1|N13	HCC-2L	P1	HCC-2L|TCGAAATTTAGGACCA-1	TCGAAATTTAGGACCA-1	0.0	0.4848903877202639
HCC-2L|P1|N13	HCC-2L	P1	HCC-2L|TGATTCGTCTATCACT-1	TGATTCGTCTATCACT-1	0.0	0.4899656508627183
HCC-2L|P1|N13	HCC-2L	P1	HCC-2L|TTAAGCGCCTGACCCA-1	TTAAGCGCCTGACCCA-1	3.2953055038037653	1.9251406828634694
HCC-2L|P1|N13	HCC-2L	P1	HCC-2L|TTGATCTAACTTTGTC-1	TTGATCTAACTTTGTC-1	2.523375276288456	1.4719681955765036
HCC-2L|P1|N14	HCC-2L	P1	HCC-2L|AAGGTATCCTAATATA-1	AAGGTATCCTAATATA-1	0.0	0.33909191013343554
HCC-2L|P1|N14	HCC-2L	P1	HCC-2L|ACGATACATAGAACTA-1	ACGATACATAGAACTA-1	2.5721021418048755	1.9034563442638033
HCC-2L|P1|N14	HCC-2L	P1	HCC-2L|AGCCACTCCCGTGCTT-1	AGCCACTCCCGTGCTT-1	1.7911661526492983	1.2678114767888
HCC-2L|P1|N14	HCC-2L	P1	HCC-2L|ATACGGGTTTCGATTG-1	ATACGGGTTTCGATTG-1	0.0	0.36360569120451447
HCC-2L|P1|N14	HCC-2L	P1	HCC-2L|ATTAATGAACCAGTCG-1	ATTAATGAACCAGTCG-1	1.8946386637649337	1.6745307142914958
HCC-2L|P1|N14	HCC-2L	P1	HCC-2L|CACCTTGCGAAACTCG-1	CACCTTGCGAAACTCG-1	3.5059600426050337	2.1188702297965847
HCC-2L|P1|N14	HCC-2L	P1	HCC-2L|CAGTGAATAAATGACT-1	CAGTGAATAAATGACT-1	2.2755443672186053	1.606197031718906
HCC-2L|P1|N14	HCC-2L	P1	HCC-2L|CATTTAGCGGACCATG-1	CATTTAGCGGACCATG-1	2.1151381347102083	1.539361101507074
HCC-2L|P1|N14	HCC-2L	P1	HCC-2L|CCAGTCTAGACGGCGC-1	CCAGTCTAGACGGCGC-1	0.0	0.46842484810960344
HCC-2L|P1|N14	HCC-2L	P1	HCC-2L|CGCCATCCGATTATGA-1	CGCCATCCGATTATGA-1	0.0	0.3685804816414232
HCC-2L|P1|N14	HCC-2L	P1	HCC-2L|CGGTCAAGTGGGAACC-1	CGGTCAAGTGGGAACC-1	1.793558554382621	1.0461987935652735
HCC-2L|P1|N14	HCC-2L	P1	HCC-2L|CTAAATCCTATTCCGG-1	CTAAATCCTATTCCGG-1	0.0	0.3658902084940678
HCC-2L|P1|N14	HCC-2L	P1	HCC-2L|CTGTCAAATGGCTCGG-1	CTGTCAAATGGCTCGG-1	0.0	0.44142718293786104
HCC-2L|P1|N14	HCC-2L	P1	HCC-2L|GCCCGTAATACCTTCT-1	GCCCGTAATACCTTCT-1	1.7930341964875556	1.0459803111089963
HCC-2L|P1|N14	HCC-2L	P1	HCC-2L|GGAGCACCAAGAACTA-1	GGAGCACCAAGAACTA-1	0.0	0.33909191013343554
HCC-2L|P1|N14	HCC-2L	P1	HCC-2L|GTGTACCTTGGCTACG-1	GTGTACCTTGGCTACG-1	0.0	0.29888272923918136
HCC-2L|P1|N14	HCC-2L	P1	HCC-2L|TACTCTCCGAACAAAT-1	TACTCTCCGAACAAAT-1	0.0	0.4216958382503582
HCC-2L|P1|N14	HCC-2L	P1	HCC-2L|TAGGCATGTTACGCCA-1	TAGGCATGTTACGCCA-1	0.0	0.2921633368837528
HCC-2L|P1|N14	HCC-2L	P1	HCC-2L|TGTTGTCAAGAAGTCT-1	TGTTGTCAAGAAGTCT-1	0.0	0.6310558802060781
HCC-2L|P1|N14	HCC-2L	P1	HCC-2L|TTCTTGGAGTAATGAG-1	TTCTTGGAGTAATGAG-1	2.4882479171994234	1.5656367263253212
HCC-2L|P1|N14	HCC-2L	P1	HCC-2L|TTGTAAGGCCAGTTGG-1	TTGTAAGGCCAGTTGG-1	0.0	0.29888272923918136
HCC-2L|P1|N21	HCC-2L	P1	HCC-2L|AATCTATGCCGGAGCC-1	AATCTATGCCGGAGCC-1	2.1027397644990917	1.3345978510213998
HCC-2L|P1|N21	HCC-2L	P1	HCC-2L|ACGCAATCACTACAGC-1	ACGCAATCACTACAGC-1	0.0	0.6362740456176191
HCC-2L|P1|N21	HCC-2L	P1	HCC-2L|CATTACATAGATTGTG-1	CATTACATAGATTGTG-1	0.0	0.5380443628555082
HCC-2L|P1|N21	HCC-2L	P1	HCC-2L|CTCTAATGCATTGATC-1	CTCTAATGCATTGATC-1	2.1338131576500903	1.350134547596899
HCC-2L|P1|N21	HCC-2L	P1	HCC-2L|GGTTTAATTGAGCAGG-1	GGTTTAATTGAGCAGG-1	3.2283095465654195	1.8831733405910995
HCC-2L|P1|N21	HCC-2L	P1	HCC-2L|GTCTCGACTAAGTTTG-1	GTCTCGACTAAGTTTG-1	3.3987356252622476	2.052413889476889
HCC-2L|P1|N21	HCC-2L	P1	HCC-2L|TATGATCCGGCACGCC-1	TATGATCCGGCACGCC-1	0.0	0.45845628248011155
HCC-2L|P1|N21	HCC-2L	P1	HCC-2L|TGGTTAAGGGCGCTGG-1	TGGTTAAGGGCGCTGG-1	0.0	0.5380443628555082
HCC-2L|P1|N21	HCC-2L	P1	HCC-2L|TGGTTTAAACGTGGGT-1	TGGTTTAAACGTGGGT-1	0.0	0.4610457319093615
HCC-2L|P1|N21	HCC-2L	P1	HCC-2L|TTGATAGTCAATACAT-1	TTGATAGTCAATACAT-1	3.228222807700678	1.8831371993974573
HCC-2L|P1|N23	HCC-2L	P1	HCC-2L|AATTCCAAGCATGTAC-1	AATTCCAAGCATGTAC-1	0.0	0.599123492469892
HCC-2L|P1|N23	HCC-2L	P1	HCC-2L|AGCCAAGCTTTGTGTC-1	AGCCAAGCTTTGTGTC-1	0.0	0.29956343559812415
HCC-2L|P1|N23	HCC-2L	P1	HCC-2L|AGGTGGTGACCTTCGC-1	AGGTGGTGACCTTCGC-1	0.0	0.29956343559812415
HCC-2L|P1|N23	HCC-2L	P1	HCC-2L|ATCTGCTGTTATCGCC-1	ATCTGCTGTTATCGCC-1	0.0	0.29956005687176795
HCC-2L|P1|N23	HCC-2L	P1	HCC-2L|CCCGGGTCGTTCAGGG-1	CCCGGGTCGTTCAGGG-1	3.59476122717749	2.096940670460513
HCC-2L|P1|N23	HCC-2L	P1	HCC-2L|GGGTCAGGAGCTAGAT-1	GGGTCAGGAGCTAGAT-1	0.0	0.599123492469892
HCC-2L|P1|N23	HCC-2L	P1	HCC-2L|GTGCACCAGCTTCAAC-1	GTGCACCAGCTTCAAC-1	0.0	0.29956005687176795
HCC-2L|P1|N23	HCC-2L	P1	HCC-2L|TGGCAAGCACAAGTCG-1	TGGCAAGCACAAGTCG-1	3.5947206824612152	2.096923776828732
HCC-2L|P1|N23	HCC-2L	P1	HCC-2L|TGTGGCGGGCTTCTGG-1	TGTGGCGGGCTTCTGG-1	0.0	0.29956343559812415
HCC-2L|P1|N23	HCC-2L	P1	HCC-2L|TTCTATTAAACGCAGC-1	TTCTATTAAACGCAGC-1	0.0	0.29956005687176795
HCC-2L|P1|N25	HCC-2L	P1	HCC-2L|ACACAAATATTCCTAG-1	ACACAAATATTCCTAG-1	0.0	0.6171402403733914
HCC-2L|P1|N25	HCC-2L	P1	HCC-2L|AGCTCGTTGATGGAAA-1	AGCTCGTTGATGGAAA-1	0.0	0.30854741774394406
HCC-2L|P1|N25	HCC-2L	P1	HCC-2L|GAACATTAGTATGTTA-1	GAACATTAGTATGTTA-1	3.7031138715533687	2.1601043535206284
HCC-2L|P1|N25	HCC-2L	P1	HCC-2L|GGTCATTGTAGTCATA-1	GGTCATTGTAGTCATA-1	0.0	0.30859282262944737
HCC-2L|P1|N25	HCC-2L	P1	HCC-2L|GGTTTGCGAACACGTA-1	GGTTTGCGAACACGTA-1	3.7025690129273285	2.1598773290931117
HCC-2L|P1|N25	HCC-2L	P1	HCC-2L|TCGCTTAATTACGAAG-1	TCGCTTAATTACGAAG-1	0.0	0.30859282262944737
HCC-2L|P1|N25	HCC-2L	P1	HCC-2L|TCTACGGGCTCAGTTG-1	TCTACGGGCTCAGTTG-1	0.0	0.30854741774394406
HCC-2L|P1|N25	HCC-2L	P1	HCC-2L|TGCAGTGAGGCTCGGG-1	TGCAGTGAGGCTCGGG-1	0.0	0.6171402403733914
HCC-2L|P1|N25	HCC-2L	P1	HCC-2L|TGTTCTCTACTCCCTA-1	TGTTCTCTACTCCCTA-1	0.0	0.30859282262944737
HCC-2L|P1|N25	HCC-2L	P1	HCC-2L|TTGGGTTTATTCAGCG-1	TTGGGTTTATTCAGCG-1	0.0	0.30854741774394406
HCC-2L|P1|N31	HCC-2L	P1	HCC-2L|ACTCGCCGTTCGATAA-1	ACTCGCCGTTCGATAA-1	0.0	0.45808243633625406
HCC-2L|P1|N31	HCC-2L	P1	HCC-2L|CATCCCGAGATTCATA-1	CATCCCGAGATTCATA-1	0.0	0.4146881203211406
HCC-2L|P1|N31	HCC-2L	P1	HCC-2L|CGTGTATGGGAGCTGA-1	CGTGTATGGGAGCTGA-1	0.0	0.45808243633625406
HCC-2L|P1|N31	HCC-2L	P1	HCC-2L|CTTAACTTACAGTATA-1	CTTAACTTACAGTATA-1	0.0	0.574056644449643
HCC-2L|P1|N31	HCC-2L	P1	HCC-2L|GGAGTTGATTCTGTGT-1	GGAGTTGATTCTGTGT-1	0.0	0.4171983879062295
HCC-2L|P1|N31	HCC-2L	P1	HCC-2L|GGTAAACTCTGCGCTG-1	GGTAAACTCTGCGCTG-1	2.086263102508792	1.324875902771176
HCC-2L|P1|N31	HCC-2L	P1	HCC-2L|GGTACGTTGCGGCCGG-1	GGTACGTTGCGGCCGG-1	3.38093221820136	2.0406594524625534
HCC-2L|P1|N31	HCC-2L	P1	HCC-2L|GTAGTGAGCAACCTCA-1	GTAGTGAGCAACCTCA-1	3.0939583653327256	1.8632059633382787
HCC-2L|P1|N31	HCC-2L	P1	HCC-2L|TAGGCCTATATAGTCT-1	TAGGCCTATATAGTCT-1	2.116057017833688	1.3397728604336239
HCC-2L|P1|N31	HCC-2L	P1	HCC-2L|TATTGCCGGGCTTGTA-1	TATTGCCGGGCTTGTA-1	0.0	0.4555996100591793
HCC-2L|P1|N31	HCC-2L	P1	HCC-2L|TGTACTTCCGGGCATG-1	TGTACTTCCGGGCATG-1	1.8822990785209621	1.1989794030382082
HCC-2L|P1|N31	HCC-2L	P1	HCC-2L|TTGGCTCAATATGTGT-1	TTGGCTCAATATGTGT-1	0.0	0.4555996100591793
HCC-2L|P1|N31	HCC-2L	P1	HCC-2L|TTGTGATCTGTTCAGT-1	TTGTGATCTGTTCAGT-1	1.9124222895420284	1.2140410085487414
HCC-2L|P1|N37	HCC-2L	P1	HCC-2L|AGCATCGTCGATAATT-1	AGCATCGTCGATAATT-1	0.0	0.32589482240635
HCC-2L|P1|N37	HCC-2L	P1	HCC-2L|ATTAGATTGATAGCGG-1	ATTAGATTGATAGCGG-1	0.0	0.325893610546212
HCC-2L|P1|N37	HCC-2L	P1	HCC-2L|ATTATGCCATAGGGAG-1	ATTATGCCATAGGGAG-1	0.0	0.5615825707509198
HCC-2L|P1|N37	HCC-2L	P1	HCC-2L|CAACGACCCGTTTACA-1	CAACGACCCGTTTACA-1	3.9107233265545442	2.281256485683622
HCC-2L|P1|N37	HCC-2L	P1	HCC-2L|CTTGTACTTGTTGACT-1	CTTGTACTTGTTGACT-1	3.9107378688762	2.281262544984312
HCC-2L|P1|N37	HCC-2L	P1	HCC-2L|GAACACACATCAACCA-1	GAACACACATCAACCA-1	0.0	0.32589482240635
HCC-2L|P1|N37	HCC-2L	P1	HCC-2L|GACAACGCAGCTTACG-1	GACAACGCAGCTTACG-1	2.828252980134837	1.649857985773557
HCC-2L|P1|N37	HCC-2L	P1	HCC-2L|GGAGTGCCGCCCTGGA-1	GGAGTGCCGCCCTGGA-1	0.0	0.4714192440507083
HCC-2L|P1|N37	HCC-2L	P1	HCC-2L|GTGCGGGTCTCCAAAT-1	GTGCGGGTCTCCAAAT-1	0.0	0.4714192440507083
HCC-2L|P1|N37	HCC-2L	P1	HCC-2L|TCTCTAATAGCTGGTA-1	TCTCTAATAGCTGGTA-1	0.0	0.8874761812971318
HCC-2L|P1|N37	HCC-2L	P1	HCC-2L|TGGCTTTGGGTAGACA-1	TGGCTTTGGGTAGACA-1	0.0	0.325893610546212
HCC-2L|P1|N37	HCC-2L	P1	HCC-2L|TTAACCAACCCTCCCT-1	TTAACCAACCCTCCCT-1	2.828777948473663	1.6500767225814013
HCC-2L|P1|N37	HCC-2L	P1	HCC-2L|TTCAACGACCCGACCG-1	TTCAACGACCCGACCG-1	0.0	0.325893610546212
HCC-2L|P1|N37	HCC-2L	P1	HCC-2L|TTCCTCGAGGGTGTCT-1	TTCCTCGAGGGTGTCT-1	0.0	0.6517884329525621
HCC-2L|P1|N38	HCC-2L	P1	HCC-2L|AGCCACAGGTTACCCG-1	AGCCACAGGTTACCCG-1	0.0	0.43266387524362004
HCC-2L|P1|N38	HCC-2L	P1	HCC-2L|AGGCCTGAGAATCTCG-1	AGGCCTGAGAATCTCG-1	0.0	0.43266387524362004
HCC-2L|P1|N38	HCC-2L	P1	HCC-2L|AGTGCTAAACACAGCA-1	AGTGCTAAACACAGCA-1	0.0	0.43266387524362004
HCC-2L|P1|N38	HCC-2L	P1	HCC-2L|ATTCATCGTTGAGGCA-1	ATTCATCGTTGAGGCA-1	0.0	0.43266387524362004
HCC-2L|P1|N38	HCC-2L	P1	HCC-2L|CCTATGTCCACTCCAC-1	CCTATGTCCACTCCAC-1	0.0	0.7063634096007151
HCC-2L|P1|N38	HCC-2L	P1	HCC-2L|CTGCCTTTCTAGTAAA-1	CTGCCTTTCTAGTAAA-1	3.284394412285141	1.9159423030837044
HCC-2L|P1|N38	HCC-2L	P1	HCC-2L|GTATCCTTTGGTAACC-1	GTATCCTTTGGTAACC-1	0.0	0.547444631298229
HCC-2L|P1|N38	HCC-2L	P1	HCC-2L|GTTTGGGTTTCGCCCG-1	GTTTGGGTTTCGCCCG-1	0.0	0.7063634096007151
HCC-2L|P1|N38	HCC-2L	P1	HCC-2L|TCTATGCTATAACGAC-1	TCTATGCTATAACGAC-1	3.2849411632936065	1.9161701160038984
HCC-2L|P1|N38	HCC-2L	P1	HCC-2L|TGCAATCTAACACGGT-1	TGCAATCTAACACGGT-1	5.1919665029234405	2.5959832514617203
HCC-2L|P1|N38	HCC-2L	P1	HCC-2L|TTGTGGTGGTACTAAG-1	TTGTGGTGGTACTAAG-1	0.0	0.547444631298229
HCC-2L|P1|N51	HCC-2L	P1	HCC-2L|CACACGCGCTGTCTTA-1	CACACGCGCTGTCTTA-1	2.5692368538438894	1.5381907165610587
HCC-2L|P1|N51	HCC-2L	P1	HCC-2L|CCCAAACATGCTGCTC-1	CCCAAACATGCTGCTC-1	0.0	0.328589150924729
HCC-2L|P1|N51	HCC-2L	P1	HCC-2L|CGGCAGGGTCGGGTTG-1	CGGCAGGGTCGGGTTG-1	1.6996282175098085	1.1322136873676814
HCC-2L|P1|N51	HCC-2L	P1	HCC-2L|CGTCGGATAGTGTTGA-1	CGTCGGATAGTGTTGA-1	1.539813278433432	1.1671683878239427
HCC-2L|P1|N51	HCC-2L	P1	HCC-2L|GCTTTCAGAGGAGGTG-1	GCTTTCAGAGGAGGTG-1	3.3887949433533247	2.079213099666382
HCC-2L|P1|N51	HCC-2L	P1	HCC-2L|GGTTTCAATCGGTCAG-1	GGTTTCAATCGGTCAG-1	0.0	0.46767536079277144
HCC-2L|P1|N51	HCC-2L	P1	HCC-2L|GTTGGATTGAGAACAC-1	GTTGGATTGAGAACAC-1	0.0	0.35318928102169983
HCC-2L|P1|N51	HCC-2L	P1	HCC-2L|TACCGCGGACTTGCAG-1	TACCGCGGACTTGCAG-1	0.0	0.41071735181556307
HCC-2L|P1|N51	HCC-2L	P1	HCC-2L|TAGACGCCCGTACCGG-1	TAGACGCCCGTACCGG-1	1.6690345184165085	1.0486203303619117
HCC-2L|P1|N51	HCC-2L	P1	HCC-2L|TCTGAATTCCGTACAA-1	TCTGAATTCCGTACAA-1	1.3783460399333964	1.0998903717822612
HCC-2L|P1|N51	HCC-2L	P1	HCC-2L|TCTTCCCATGGGCACA-1	TCTTCCCATGGGCACA-1	0.0	0.4240352634052611
HCC-2L|P1|N51	HCC-2L	P1	HCC-2L|TTACGGATGGTTCGAG-1	TTACGGATGGTTCGAG-1	0.0	0.5388974333997107
HCC-2L|P1|N51	HCC-2L	P1	HCC-2L|TTCTAACCGAAGCTTA-1	TTCTAACCGAAGCTTA-1	1.3738329572528587	0.9010195497800868
HCC-2L|P1|N52	HCC-2L	P1	HCC-2L|CACCAATCATCCGTCT-1	CACCAATCATCCGTCT-1	3.5164300826765573	2.0511901598430096
HCC-2L|P1|N52	HCC-2L	P1	HCC-2L|CCACATGGCTCTTTAT-1	CCACATGGCTCTTTAT-1	0.0	0.29303584022304646
HCC-2L|P1|N52	HCC-2L	P1	HCC-2L|CGGTACGGCAAACCCA-1	CGGTACGGCAAACCCA-1	0.0	0.351570142205677
HCC-2L|P1|N52	HCC-2L	P1	HCC-2L|GATATCAAGCAGGAGC-1	GATATCAAGCAGGAGC-1	0.0	0.5860109587277772
HCC-2L|P1|N52	HCC-2L	P1	HCC-2L|GCAAGCTGGAAACCGC-1	GCAAGCTGGAAACCGC-1	3.51570142205677	2.0508865512514314
HCC-2L|P1|N52	HCC-2L	P1	HCC-2L|GTCCTACTCTACGGGC-1	GTCCTACTCTACGGGC-1	0.0	0.29303584022304646
HCC-2L|P1|N52	HCC-2L	P1	HCC-2L|GTTTGTTAGCCAAGTA-1	GTTTGTTAGCCAAGTA-1	0.0	0.5860109587277772
HCC-2L|P1|N52	HCC-2L	P1	HCC-2L|TGGCTTATGTATAATG-1	TGGCTTATGTATAATG-1	0.0	0.351570142205677
HCC-2L|P1|N52	HCC-2L	P1	HCC-2L|TGTGCCAGAGGCAAAG-1	TGTGCCAGAGGCAAAG-1	0.0	0.5859502370094617
HCC-2L|P1|N52	HCC-2L	P1	HCC-2L|TTGTCACCGCGGTATC-1	TTGTCACCGCGGTATC-1	0.0	0.29303584022304646
HCC-2L|P2|N2	HCC-2L	P2	HCC-2L|AAACCTAAGCAGCCGG-1	AAACCTAAGCAGCCGG-1	1.8938925981789412	1.2600602230263718
HCC-2L|P2|N2	HCC-2L	P2	HCC-2L|AAACGGGCGTACGGGT-1	AAACGGGCGTACGGGT-1	1.8784664049447772	1.4975693331817346
HCC-2L|P2|N2	HCC-2L	P2	HCC-2L|AAATCCGATACACGCC-1	AAATCCGATACACGCC-1	1.8832614475243707	1.8014864111969282
HCC-2L|P2|N2	HCC-2L	P2	HCC-2L|ACAAGGATGCTTTAGG-1	ACAAGGATGCTTTAGG-1	1.9548976347563431	1.2588106939243389
HCC-2L|P2|N2	HCC-2L	P2	HCC-2L|ACGTTCTGTACAAGTC-1	ACGTTCTGTACAAGTC-1	1.8574248396695092	1.3310986266616425
HCC-2L|P2|N2	HCC-2L	P2	HCC-2L|AGCTAAGTACGCAGGC-1	AGCTAAGTACGCAGGC-1	1.8429204697814807	1.7765448942728375
HCC-2L|P2|N2	HCC-2L	P2	HCC-2L|AGGCCTGAGAATCTCG-1	AGGCCTGAGAATCTCG-1	0.9453266196465359	0.9431043294119655
HCC-2L|P2|N2	HCC-2L	P2	HCC-2L|AGTGGCGTCTGAAGGT-1	AGTGGCGTCTGAAGGT-1	0.9484713186662183	0.9498309366499661
HCC-2L|P2|N2	HCC-2L	P2	HCC-2L|ATATAACACGGGCGCA-1	ATATAACACGGGCGCA-1	0.9500382584224978	1.0956413638538325
HCC-2L|P2|N2	HCC-2L	P2	HCC-2L|ATTGCCTTTATGTTTG-1	ATTGCCTTTATGTTTG-1	1.8561294996930056	1.5417383033536
HCC-2L|P2|N2	HCC-2L	P2	HCC-2L|CAGGCAGTCTTACCAG-1	CAGGCAGTCTTACCAG-1	1.8088755804558996	1.6140887786148737
HCC-2L|P2|N2	HCC-2L	P2	HCC-2L|CATAGTCAAATACATA-1	CATAGTCAAATACATA-1	1.9422985613028905	1.5955506593789552
HCC-2L|P2|N2	HCC-2L	P2	HCC-2L|CGAGAGCTTTCACTAC-1	CGAGAGCTTTCACTAC-1	1.9343157510672466	1.5947046613394495
HCC-2L|P2|N2	HCC-2L	P2	HCC-2L|CGATAGTCGTACTGCA-1	CGATAGTCGTACTGCA-1	1.8057363995487823	1.4546638732243808
HCC-2L|P2|N2	HCC-2L	P2	HCC-2L|CGCATGCCGAATGCGT-1	CGCATGCCGAATGCGT-1	0.8888459381636239	0.9308195251657086
HCC-2L|P2|N2	HCC-2L	P2	HCC-2L|CGCCCAGCGTTTCACG-1	CGCCCAGCGTTTCACG-1	1.9255468626111836	1.5920813900275999
HCC-2L|P2|N2	HCC-2L	P2	HCC-2L|CGTAGAGAGTAATTAT-1	CGTAGAGAGTAATTAT-1	0.8999763525159498	0.9341556669792299
HCC-2L|P2|N2	HCC-2L	P2	HCC-2L|CTCAACTAACCCGGAT-1	CTCAACTAACCCGGAT-1	0.9538377203825181	1.08568309437354
HCC-2L|P2|N2	HCC-2L	P2	HCC-2L|CTTCGATTGCGCAAGC-1	CTTCGATTGCGCAAGC-1	2.060525912255683	1.2000546901063307
HCC-2L|P2|N2	HCC-2L	P2	HCC-2L|GGGAAGGGCTTTCTCA-1	GGGAAGGGCTTTCTCA-1	1.824595913462126	1.4666510741550844
HCC-2L|P2|N2	HCC-2L	P2	HCC-2L|GTCTAGTGAGCCGCTT-1	GTCTAGTGAGCCGCTT-1	1.8231299636721028	1.4702043612268225
HCC-2L|P2|N2	HCC-2L	P2	HCC-2L|TACCGAATAATTGTAA-1	TACCGAATAATTGTAA-1	0.8943107876931393	0.9231729333081417
HCC-2L|P2|N2	HCC-2L	P2	HCC-2L|TCGCCGACATATTCGC-1	TCGCCGACATATTCGC-1	1.000873185752322	1.0384099419572554
HCC-2L|P2|N2	HCC-2L	P2	HCC-2L|TTGAACGACGTGCTGA-1	TTGAACGACGTGCTGA-1	1.39374291973697	1.0274395226602415
HCC-2L|P2|N4	HCC-2L	P2	HCC-2L|AAAGAATGTGGACTAA-1	AAAGAATGTGGACTAA-1	1.9701928544165583	1.477348061434193
HCC-2L|P2|N4	HCC-2L	P2	HCC-2L|ACCAAGTCATCGGCAG-1	ACCAAGTCATCGGCAG-1	2.0138932854011573	1.5324376467384249
HCC-2L|P2|N4	HCC-2L	P2	HCC-2L|AGCATTACGAGGCAAG-1	AGCATTACGAGGCAAG-1	1.8263143727669309	1.5399105453830744
HCC-2L|P2|N4	HCC-2L	P2	HCC-2L|AGCTTCTTCTCGAGCA-1	AGCTTCTTCTCGAGCA-1	1.0563819708952364	1.0076165475971344
HCC-2L|P2|N4	HCC-2L	P2	HCC-2L|AGGTGCACGTCCACAT-1	AGGTGCACGTCCACAT-1	1.869669422338557	1.4347843199270172
HCC-2L|P2|N4	HCC-2L	P2	HCC-2L|ATTGGTTGTGCATTAC-1	ATTGGTTGTGCATTAC-1	1.9251827180651744	1.2951788773647959
HCC-2L|P2|N4	HCC-2L	P2	HCC-2L|CAGATAATGGGCGGGT-1	CAGATAATGGGCGGGT-1	0.8602940568681035	0.9913665643847085
HCC-2L|P2|N4	HCC-2L	P2	HCC-2L|CATGGTTTATTAATCA-1	CATGGTTTATTAATCA-1	0.9787624208302872	1.1157681493245888
HCC-2L|P2|N4	HCC-2L	P2	HCC-2L|CGCTTCGGTCTAAGAC-1	CGCTTCGGTCTAAGAC-1	1.899033327699799	1.6275651337913106
HCC-2L|P2|N4	HCC-2L	P2	HCC-2L|GAGAACGGTTCTGACT-1	GAGAACGGTTCTGACT-1	1.928988328531493	1.7275485983773091
HCC-2L|P2|N4	HCC-2L	P2	HCC-2L|GGGAAAGAATGCCAAC-1	GGGAAAGAATGCCAAC-1	1.4265689164007669	0.954964364411776
HCC-2L|P2|N4	HCC-2L	P2	HCC-2L|GTCAACCAGGCCTATA-1	GTCAACCAGGCCTATA-1	1.8980568146344239	1.3255888524939274
HCC-2L|P2|N4	HCC-2L	P2	HCC-2L|TGCGTACGGCTAATTG-1	TGCGTACGGCTAATTG-1	0.9557595971186826	1.0332031090415121
HCC-2L|P2|N4	HCC-2L	P2	HCC-2L|TGGGTGTAATAGATTT-1	TGGGTGTAATAGATTT-1	1.7772476967858408	1.537099069659447
HCC-2L|P2|N4	HCC-2L	P2	HCC-2L|TTAAAGTAAGTCGCCA-1	TTAAAGTAAGTCGCCA-1	0.9827497287111446	1.1362554838083212
HCC-2L|P2|N4	HCC-2L	P2	HCC-2L|TTGCCTTCTCGCCGGG-1	TTGCCTTCTCGCCGGG-1	1.8380041580993947	1.6278758987833064
HCC-2L|P2|N4	HCC-2L	P2	HCC-2L|TTGCGCTTGATCAATA-1	TTGCGCTTGATCAATA-1	1.0238061797232274	0.9124406505613494
HCC-2L|P2|N7	HCC-2L	P2	HCC-2L|AAATTACCTATCGATG-1	AAATTACCTATCGATG-1	1.9652165956846752	1.2680877054018762
HCC-2L|P2|N7	HCC-2L	P2	HCC-2L|AAGATTGGCGGAACGT-1	AAGATTGGCGGAACGT-1	1.8298910996124904	1.3744174843671397
HCC-2L|P2|N7	HCC-2L	P2	HCC-2L|AAGGATGAGGGACCTC-1	AAGGATGAGGGACCTC-1	1.3747967620741322	1.150104139578081
HCC-2L|P2|N7	HCC-2L	P2	HCC-2L|AGAGAACCGTCTAGGA-1	AGAGAACCGTCTAGGA-1	0.8727124654241398	1.0229578947063505
HCC-2L|P2|N7	HCC-2L	P2	HCC-2L|ATAGACAACGGGACCT-1	ATAGACAACGGGACCT-1	1.931107590594989	1.5142674164922947
HCC-2L|P2|N7	HCC-2L	P2	HCC-2L|ATAGAGTTATCAACTT-1	ATAGAGTTATCAACTT-1	0.8855942371910347	0.9989245296784348
HCC-2L|P2|N7	HCC-2L	P2	HCC-2L|CAGCTCGACAAGTTAA-1	CAGCTCGACAAGTTAA-1	1.8925751461410598	1.6477495854772775
HCC-2L|P2|N7	HCC-2L	P2	HCC-2L|CCAGTAGTCTGATCCA-1	CCAGTAGTCTGATCCA-1	1.8833227383681008	1.6456195656363788
HCC-2L|P2|N7	HCC-2L	P2	HCC-2L|CCTTTCAATGAAGAAA-1	CCTTTCAATGAAGAAA-1	1.6267687849745802	1.1984549324861784
HCC-2L|P2|N7	HCC-2L	P2	HCC-2L|CTCAGTCACGACAAAT-1	CTCAGTCACGACAAAT-1	1.007024467265078	0.9870295875457482
HCC-2L|P2|N7	HCC-2L	P2	HCC-2L|GAGGGCGCAGCTCTGC-1	GAGGGCGCAGCTCTGC-1	1.893323885712199	1.6694017124747433
HCC-2L|P2|N7	HCC-2L	P2	HCC-2L|GCCTATAGTGTCAGGG-1	GCCTATAGTGTCAGGG-1	1.8733871404510583	1.3372923095016505
HCC-2L|P2|N7	HCC-2L	P2	HCC-2L|TAAAGCGTTAGGAGAA-1	TAAAGCGTTAGGAGAA-1	0.8195790238038015	0.9951166334672685
HCC-2L|P2|N11	HCC-2L	P2	HCC-2L|AACCTTTACGACGTCT-1	AACCTTTACGACGTCT-1	1.889004521223937	1.5624262472801296
HCC-2L|P2|N11	HCC-2L	P2	HCC-2L|AGTCCCGCCTTTAATT-1	AGTCCCGCCTTTAATT-1	1.7950231028991128	1.6098847796631897
HCC-2L|P2|N11	HCC-2L	P2	HCC-2L|AGTGTATTGCGCATTG-1	AGTGTATTGCGCATTG-1	0.9466045000790453	0.9256857050951961
HCC-2L|P2|N11	HCC-2L	P2	HCC-2L|ATATCTCCCTCGTTAA-1	ATATCTCCCTCGTTAA-1	0.9288470483969097	0.9042521788867006
HCC-2L|P2|N11	HCC-2L	P2	HCC-2L|CACATTCTTTCGATGG-1	CACATTCTTTCGATGG-1	0.9420243208428553	1.2318478155675723
HCC-2L|P2|N11	HCC-2L	P2	HCC-2L|CCAATTACGGGTCGAG-1	CCAATTACGGGTCGAG-1	0.9312575812427616	1.0703149861026893
HCC-2L|P2|N11	HCC-2L	P2	HCC-2L|CCGTTACGTTAGAACA-1	CCGTTACGTTAGAACA-1	1.7178645997340098	1.3147485263966037
HCC-2L|P2|N11	HCC-2L	P2	HCC-2L|CGTTTCACTTCGGGCG-1	CGTTTCACTTCGGGCG-1	1.8881485460100813	1.6382559012875826
HCC-2L|P2|N11	HCC-2L	P2	HCC-2L|CTGCGTTACGATATAA-1	CTGCGTTACGATATAA-1	1.9296239512868267	1.5822129292770875
HCC-2L|P2|N11	HCC-2L	P2	HCC-2L|GATATGCGGTAGCCAA-1	GATATGCGGTAGCCAA-1	1.7325085143506136	1.6292758197032158
HCC-2L|P2|N11	HCC-2L	P2	HCC-2L|GATATTTCCTACATGG-1	GATATTTCCTACATGG-1	0.8542628164729851	1.0635074078750688
HCC-2L|P2|N11	HCC-2L	P2	HCC-2L|GCAGGTAGAGTATGGT-1	GCAGGTAGAGTATGGT-1	0.998503383272587	1.039918821397945
HCC-2L|P2|N11	HCC-2L	P2	HCC-2L|GGAAAGTGCCCATGCC-1	GGAAAGTGCCCATGCC-1	1.8825300175931947	1.5273385853620494
HCC-2L|P2|N11	HCC-2L	P2	HCC-2L|TAATAAACAAGGAGAT-1	TAATAAACAAGGAGAT-1	1.9308626367825723	1.740271923285936
HCC-2L|P2|N11	HCC-2L	P2	HCC-2L|TATGTCAAGACCGACT-1	TATGTCAAGACCGACT-1	1.7402993059252223	1.3963957465258279
HCC-2L|P2|N11	HCC-2L	P2	HCC-2L|TCGCTAAACCGCTATC-1	TCGCTAAACCGCTATC-1	1.7719989787207917	1.5656678952215854
HCC-2L|P2|N11	HCC-2L	P2	HCC-2L|TTCGGCAACCCGCTGA-1	TTCGGCAACCCGCTGA-1	1.8574647014088732	1.240786754437604
HCC-2L|P2|N12	HCC-2L	P2	HCC-2L|AACGCTGTTGCTGAAA-1	AACGCTGTTGCTGAAA-1	0.9317181580883127	1.0120193386291194
HCC-2L|P2|N12	HCC-2L	P2	HCC-2L|ACGCATACGTTTACTA-1	ACGCATACGTTTACTA-1	1.8923534480449595	1.200721855551034
HCC-2L|P2|N12	HCC-2L	P2	HCC-2L|AGTCGTCGACCACCAA-1	AGTCGTCGACCACCAA-1	1.9039387813496715	1.337236230491084
HCC-2L|P2|N12	HCC-2L	P2	HCC-2L|CACAGGGCCATATAGT-1	CACAGGGCCATATAGT-1	1.161250343515869	1.079191992403055
HCC-2L|P2|N12	HCC-2L	P2	HCC-2L|CACGTTTCGTACACAC-1	CACGTTTCGTACACAC-1	1.950258699588506	1.5394390886375189
HCC-2L|P2|N12	HCC-2L	P2	HCC-2L|CATCCTCTCAAAGATC-1	CATCCTCTCAAAGATC-1	1.9517553877935196	1.522990426344693
HCC-2L|P2|N12	HCC-2L	P2	HCC-2L|CATGTAAGAGACATTT-1	CATGTAAGAGACATTT-1	0.026289123915940734	0.9800737654915976
HCC-2L|P2|N12	HCC-2L	P2	HCC-2L|CCATGCCCTAGATTTC-1	CCATGCCCTAGATTTC-1	0.9037053581891559	0.9591083622727139
HCC-2L|P2|N12	HCC-2L	P2	HCC-2L|CTATCGACGAAATACA-1	CTATCGACGAAATACA-1	0.8861861277640448	0.9960027444437869
HCC-2L|P2|N12	HCC-2L	P2	HCC-2L|CTGTGGTCGGGAGATA-1	CTGTGGTCGGGAGATA-1	1.9517586749126112	1.4681926327551091
HCC-2L|P2|N12	HCC-2L	P2	HCC-2L|GACGAGGCTAATAAAC-1	GACGAGGCTAATAAAC-1	1.8923534472308192	1.2351790974393033
HCC-2L|P2|N12	HCC-2L	P2	HCC-2L|GAGCCAGCTACCTGTG-1	GAGCCAGCTACCTGTG-1	1.9363501360869981	1.5133297761743285
HCC-2L|P2|N12	HCC-2L	P2	HCC-2L|GATTAACCGAAAGCCC-1	GATTAACCGAAAGCCC-1	0.8769629903343045	0.998815710931205
HCC-2L|P2|N12	HCC-2L	P2	HCC-2L|GCCACTCAGAGCGCGA-1	GCCACTCAGAGCGCGA-1	1.1219687376495677	0.9535388782932424
HCC-2L|P2|N12	HCC-2L	P2	HCC-2L|GCGCTTAAATAATTGG-1	GCGCTTAAATAATTGG-1	0.8844155924557356	1.0034585989388842
HCC-2L|P2|N12	HCC-2L	P2	HCC-2L|GCTAGAGTAGAGATGT-1	GCTAGAGTAGAGATGT-1	1.1229971737726685	1.040425519964723
HCC-2L|P2|N12	HCC-2L	P2	HCC-2L|GCTATACGTCTCGGAC-1	GCTATACGTCTCGGAC-1	1.3310562791631066	1.092498122201301
HCC-2L|P2|N12	HCC-2L	P2	HCC-2L|GTCCGGACCTGAAATT-1	GTCCGGACCTGAAATT-1	1.9190898543378023	1.3711949785609185
HCC-2L|P2|N12	HCC-2L	P2	HCC-2L|GTCCTACGAATAGTCT-1	GTCCTACGAATAGTCT-1	1.8939376896840896	1.462352999496427
HCC-2L|P2|N12	HCC-2L	P2	HCC-2L|TAAGGGCCTGTCCGAT-1	TAAGGGCCTGTCCGAT-1	0.9478767165940308	0.9871709328776679
HCC-2L|P2|N12	HCC-2L	P2	HCC-2L|TAGAGGTTCTACTTGT-1	TAGAGGTTCTACTTGT-1	1.0019011787248793	0.9412727284856388
HCC-2L|P2|N12	HCC-2L	P2	HCC-2L|TATGATCTTCTCTTTA-1	TATGATCTTCTCTTTA-1	0.8923822809948517	0.9836269632565877
HCC-2L|P2|N12	HCC-2L	P2	HCC-2L|TCGGCTTGTATCGACG-1	TCGGCTTGTATCGACG-1	1.9706535316973788	1.3334446778506102
HCC-2L|P2|N12	HCC-2L	P2	HCC-2L|TGCTAAGTGTCTATTT-1	TGCTAAGTGTCTATTT-1	1.3463993429534797	1.182163712413349
HCC-2L|P2|N12	HCC-2L	P2	HCC-2L|TTCAGCTGGCGTGCCC-1	TTCAGCTGGCGTGCCC-1	0.8790080296300213	0.9219092023093234
HCC-2L|P2|N12	HCC-2L	P2	HCC-2L|TTGTGAACCTAATCCG-1	TTGTGAACCTAATCCG-1	1.9398839085117892	1.5319226115584539
HCC-2L|P2|N19	HCC-2L	P2	HCC-2L|AATGATGCGACTCCTG-1	AATGATGCGACTCCTG-1	1.9070646420888002	1.2934841326775752
HCC-2L|P2|N19	HCC-2L	P2	HCC-2L|AGGGAGACATACTTCG-1	AGGGAGACATACTTCG-1	0.8875834379129721	0.9367108516563478
HCC-2L|P2|N19	HCC-2L	P2	HCC-2L|ATTAGATTCCTCAGCA-1	ATTAGATTCCTCAGCA-1	0.8669309687285833	0.9062363833934215
HCC-2L|P2|N19	HCC-2L	P2	HCC-2L|CCGCTTGCTGACATGG-1	CCGCTTGCTGACATGG-1	0.8917671995722771	0.9098101119310387
HCC-2L|P2|N19	HCC-2L	P2	HCC-2L|CGCAGATCTTCACCCG-1	CGCAGATCTTCACCCG-1	1.8151173909201797	1.063791704603459
HCC-2L|P2|N19	HCC-2L	P2	HCC-2L|CGGCCCAACCTGTAGT-1	CGGCCCAACCTGTAGT-1	1.0445532731208467	0.9638427141962845
HCC-2L|P2|N19	HCC-2L	P2	HCC-2L|CGTTGTAAGATTGATT-1	CGTTGTAAGATTGATT-1	0.8808988725053631	0.9918131497669578
HCC-2L|P2|N19	HCC-2L	P2	HCC-2L|GAAACCATGGTGCGCT-1	GAAACCATGGTGCGCT-1	0.913549202338346	0.9376055391304409
HCC-2L|P2|N19	HCC-2L	P2	HCC-2L|GACTCCCAGAATAAGG-1	GACTCCCAGAATAAGG-1	0.868296504670386	1.0040841615430875
HCC-2L|P2|N19	HCC-2L	P2	HCC-2L|GCCAACCATTTCCGGA-1	GCCAACCATTTCCGGA-1	1.8542991018786272	1.3894599958637799
HCC-2L|P2|N19	HCC-2L	P2	HCC-2L|GCCAATAGGGCATCTC-1	GCCAATAGGGCATCTC-1	0.9761014601028697	1.0403140355922074
HCC-2L|P2|N19	HCC-2L	P2	HCC-2L|GGGTCGTGGCAAGTGT-1	GGGTCGTGGCAAGTGT-1	1.85429910165366	1.2309749206881002
HCC-2L|P2|N19	HCC-2L	P2	HCC-2L|TATGATCCGGCACGCC-1	TATGATCCGGCACGCC-1	1.8151248552612906	1.2966638369146595
HCC-2L|P2|N19	HCC-2L	P2	HCC-2L|TCCCGTCGCGTCATAG-1	TCCCGTCGCGTCATAG-1	1.9202129185151233	1.2115603036181175
HCC-2L|P2|N19	HCC-2L	P2	HCC-2L|TCCCTAGATCAATAGG-1	TCCCTAGATCAATAGG-1	0.9071301612970156	0.9258088702871298
HCC-2L|P2|N19	HCC-2L	P2	HCC-2L|TGGAACCACTGACACA-1	TGGAACCACTGACACA-1	1.9070558424904096	1.198933506494509
HCC-2L|P2|N21	HCC-2L	P2	HCC-2L|ACACATTTCCGTAGAC-1	ACACATTTCCGTAGAC-1	0.9124189443668587	0.962961513078526
HCC-2L|P2|N21	HCC-2L	P2	HCC-2L|ACGTAGGAGAGTCGCT-1	ACGTAGGAGAGTCGCT-1	1.6951106915214407	1.3101408970373156
HCC-2L|P2|N21	HCC-2L	P2	HCC-2L|AGGCTTAAGTTGCACA-1	AGGCTTAAGTTGCACA-1	2.005303811003846	1.6087839515804623
HCC-2L|P2|N21	HCC-2L	P2	HCC-2L|ATATGTCTAGAGCGTG-1	ATATGTCTAGAGCGTG-1	2.0437241331219194	1.598257000372775
HCC-2L|P2|N21	HCC-2L	P2	HCC-2L|CAAACCCTCCGGCGGG-1	CAAACCCTCCGGCGGG-1	2.047224305055225	1.4701960178545765
HCC-2L|P2|N21	HCC-2L	P2	HCC-2L|CCGCTCCAGGGCGATC-1	CCGCTCCAGGGCGATC-1	1.9451108319914263	1.6051115240692655
HCC-2L|P2|N21	HCC-2L	P2	HCC-2L|CGAAGATCAGTTTCAT-1	CGAAGATCAGTTTCAT-1	1.9621900816181899	1.3282488307541944
HCC-2L|P2|N21	HCC-2L	P2	HCC-2L|CGGACCTTTACGTCCC-1	CGGACCTTTACGTCCC-1	0.8811015677342198	1.081990202084838
HCC-2L|P2|N21	HCC-2L	P2	HCC-2L|CTAAAGGATGAGATAC-1	CTAAAGGATGAGATAC-1	1.0748579322609046	1.1272409372749508
HCC-2L|P2|N21	HCC-2L	P2	HCC-2L|GACAGAGGTCTTCAGT-1	GACAGAGGTCTTCAGT-1	1.967069789928175	1.8413020773298463
HCC-2L|P2|N21	HCC-2L	P2	HCC-2L|GAGATGGCTTTAATCA-1	GAGATGGCTTTAATCA-1	1.7653755293885274	1.117054396440339
HCC-2L|P2|N21	HCC-2L	P2	HCC-2L|GAGCTCAACATGAGCG-1	GAGCTCAACATGAGCG-1	2.0310379510863124	1.7534206261501488
HCC-2L|P2|N21	HCC-2L	P2	HCC-2L|GCACACAGCTATTACC-1	GCACACAGCTATTACC-1	1.961850457147564	1.553188096658356
HCC-2L|P2|N21	HCC-2L	P2	HCC-2L|GGCCCAGCTGGTTTGC-1	GGCCCAGCTGGTTTGC-1	1.7997681553838338	1.1947847120538775
HCC-2L|P2|N21	HCC-2L	P2	HCC-2L|GTGCTATCCAGCTGGA-1	GTGCTATCCAGCTGGA-1	1.8556956759111636	1.6486505979867054
HCC-2L|P2|N21	HCC-2L	P2	HCC-2L|TCGATTTACGAAACGA-1	TCGATTTACGAAACGA-1	1.9262800397501556	1.691143754132376
HCC-2L|P2|N21	HCC-2L	P2	HCC-2L|TGGGTGTTAAGTAGAA-1	TGGGTGTTAAGTAGAA-1	1.9285664068773647	1.6002613606815115
HCC-2L|P2|N21	HCC-2L	P2	HCC-2L|TGTCGTGGGTATAGGC-1	TGTCGTGGGTATAGGC-1	1.9072553843134608	1.5227976790391677
HCC-2L|P2|N22	HCC-2L	P2	HCC-2L|ACACGTAGGCCACAAG-1	ACACGTAGGCCACAAG-1	1.9458591062374138	1.4587086617832805
HCC-2L|P2|N22	HCC-2L	P2	HCC-2L|ACACTGGGACAGTCGT-1	ACACTGGGACAGTCGT-1	0.9552177737565799	0.9341368354432147
HCC-2L|P2|N22	HCC-2L	P2	HCC-2L|ACCTCCGCCCTCGCTG-1	ACCTCCGCCCTCGCTG-1	1.779034097834067	1.2233037539822154
HCC-2L|P2|N22	HCC-2L	P2	HCC-2L|AGAGCCGCCGAGATTT-1	AGAGCCGCCGAGATTT-1	1.9185144266823033	1.5992457774999502
HCC-2L|P2|N22	HCC-2L	P2	HCC-2L|AGATACCAATAGAACC-1	AGATACCAATAGAACC-1	0.8453427219514335	1.0066789460220615
HCC-2L|P2|N22	HCC-2L	P2	HCC-2L|AGCGATGCGCCTAATA-1	AGCGATGCGCCTAATA-1	1.3292299893670108	1.0138232328913757
HCC-2L|P2|N22	HCC-2L	P2	HCC-2L|ATATACGCTCGTGACG-1	ATATACGCTCGTGACG-1	1.3198832651005452	1.1711948705096047
HCC-2L|P2|N22	HCC-2L	P2	HCC-2L|ATGCTTAGGAGTTGAT-1	ATGCTTAGGAGTTGAT-1	0.8300449759269666	0.9541256938236826
HCC-2L|P2|N22	HCC-2L	P2	HCC-2L|ATGTACATGCGGTGAG-1	ATGTACATGCGGTGAG-1	1.7747292799604848	1.4941669596822358
HCC-2L|P2|N22	HCC-2L	P2	HCC-2L|CAACCAGTGGCCTACC-1	CAACCAGTGGCCTACC-1	1.0234751064612178	0.9784110621590809
HCC-2L|P2|N22	HCC-2L	P2	HCC-2L|CACAGTCCCGCTTCGC-1	CACAGTCCCGCTTCGC-1	1.9403634033594372	1.5180807842541646
HCC-2L|P2|N22	HCC-2L	P2	HCC-2L|CACGTCAATCAATGGA-1	CACGTCAATCAATGGA-1	1.838111169881784	1.246259098668979
HCC-2L|P2|N22	HCC-2L	P2	HCC-2L|CAGAATAACACACGGA-1	CAGAATAACACACGGA-1	1.7937382258213441	1.3558483758983548
HCC-2L|P2|N22	HCC-2L	P2	HCC-2L|CCCTTTAATGGAGTTC-1	CCCTTTAATGGAGTTC-1	1.9785415624309688	1.549928442175191
HCC-2L|P2|N22	HCC-2L	P2	HCC-2L|CCGACAATAGGCCGCC-1	CCGACAATAGGCCGCC-1	1.9219458354560979	1.5075205674204624
HCC-2L|P2|N22	HCC-2L	P2	HCC-2L|CCTTGACCACTTTATT-1	CCTTGACCACTTTATT-1	1.9325981213546175	1.5678719322286199
HCC-2L|P2|N22	HCC-2L	P2	HCC-2L|CGCGGTACGGTATACA-1	CGCGGTACGGTATACA-1	1.838097657901338	1.1517070612198204
HCC-2L|P2|N22	HCC-2L	P2	HCC-2L|CGGCAATAAGATCGCC-1	CGGCAATAAGATCGCC-1	1.8042203287672751	1.287584446883366
HCC-2L|P2|N22	HCC-2L	P2	HCC-2L|CTGCAAGCACGTTCCG-1	CTGCAAGCACGTTCCG-1	0.9106679645881405	1.0176814044083367
HCC-2L|P2|N22	HCC-2L	P2	HCC-2L|CTGGTAAAGTGTGGGC-1	CTGGTAAAGTGTGGGC-1	1.8575818381607576	1.3329813203318035
HCC-2L|P2|N22	HCC-2L	P2	HCC-2L|GAGGCCTGTTGATACA-1	GAGGCCTGTTGATACA-1	1.3119572275329656	1.1815243995027505
HCC-2L|P2|N22	HCC-2L	P2	HCC-2L|GGAACTTTGGCGATTA-1	GGAACTTTGGCGATTA-1	1.8516129896651816	1.4106902336181149
HCC-2L|P2|N22	HCC-2L	P2	HCC-2L|GGAGGGTCAAGTAAGA-1	GGAGGGTCAAGTAAGA-1	0.9672104844220694	0.9559240258264161
HCC-2L|P2|N22	HCC-2L	P2	HCC-2L|GGGTCTATCGCTTTCC-1	GGGTCTATCGCTTTCC-1	0.8431043299276313	1.1249015665494433
HCC-2L|P2|N22	HCC-2L	P2	HCC-2L|GTAACATCTAAGATAA-1	GTAACATCTAAGATAA-1	1.7899837462858554	1.4402987827157827
HCC-2L|P2|N22	HCC-2L	P2	HCC-2L|GTTCGGAGCACTCAAC-1	GTTCGGAGCACTCAAC-1	1.867201347461098	1.3872076436707492
HCC-2L|P2|N22	HCC-2L	P2	HCC-2L|GTTTCAAACGAGTTGT-1	GTTTCAAACGAGTTGT-1	1.0030292204210602	0.9258249681066422
HCC-2L|P2|N22	HCC-2L	P2	HCC-2L|TACTCTTACTTTACTG-1	TACTCTTACTTTACTG-1	1.902256777088538	1.5930044666284966
HCC-2L|P2|N22	HCC-2L	P2	HCC-2L|TCAAGCGCGGACGGTA-1	TCAAGCGCGGACGGTA-1	1.8534155840396747	1.1751453779413454
HCC-2L|P2|N22	HCC-2L	P2	HCC-2L|TCGCATAAAGGGCGCA-1	TCGCATAAAGGGCGCA-1	1.8996016345819255	1.5634005357646332
HCC-2L|P2|N22	HCC-2L	P2	HCC-2L|TGTAGCCATCCCATTC-1	TGTAGCCATCCCATTC-1	1.8996016344309246	1.3393130031333256
HCC-2L|P2|N22	HCC-2L	P2	HCC-2L|TTGGCTCAATATGTGT-1	TTGGCTCAATATGTGT-1	1.815959965392637	1.2974230385195122
HCC-2L|P2|N26	HCC-2L	P2	HCC-2L|ACATTTGAAACCTAAC-1	ACATTTGAAACCTAAC-1	1.0244097311304476	0.9746982500277548
HCC-2L|P2|N26	HCC-2L	P2	HCC-2L|ACGACTCTAGGGCCGA-1	ACGACTCTAGGGCCGA-1	1.9563203255888806	1.4506037830201841
HCC-2L|P2|N26	HCC-2L	P2	HCC-2L|ACGGTACAGTTCAATG-1	ACGGTACAGTTCAATG-1	1.7965969244761104	1.5042982707811254
HCC-2L|P2|N26	HCC-2L	P2	HCC-2L|AGGATATCCGACTGCA-1	AGGATATCCGACTGCA-1	1.8807967373200252	1.6376082659163143
HCC-2L|P2|N26	HCC-2L	P2	HCC-2L|CGAGACTACTGCTGCT-1	CGAGACTACTGCTGCT-1	0.8933597732121501	1.1426379081784517
HCC-2L|P2|N26	HCC-2L	P2	HCC-2L|CTCGCTAGGTAAGCGA-1	CTCGCTAGGTAAGCGA-1	1.917507746127889	1.4987554938270353
HCC-2L|P2|N26	HCC-2L	P2	HCC-2L|GACACTTCCAATTACC-1	GACACTTCCAATTACC-1	0.8102904527907581	1.0233434797680052
HCC-2L|P2|N26	HCC-2L	P2	HCC-2L|GATAGATAGTACAGTC-1	GATAGATAGTACAGTC-1	1.8215816012514576	1.2391108520841998
HCC-2L|P2|N26	HCC-2L	P2	HCC-2L|GTGGCTGTTTCTGTTC-1	GTGGCTGTTTCTGTTC-1	1.8635222189583576	1.4063621446711352
HCC-2L|P2|N26	HCC-2L	P2	HCC-2L|GTTTCTAGAGGCGCGG-1	GTTTCTAGAGGCGCGG-1	0.9258036215013014	1.0890866984861391
HCC-2L|P2|N26	HCC-2L	P2	HCC-2L|TCGTTTACGCGACCCT-1	TCGTTTACGCGACCCT-1	1.8368045792559786	1.6226719153431515
HCC-2L|P2|N28	HCC-2L	P2	HCC-2L|ACCCAACGCCCGTGGC-1	ACCCAACGCCCGTGGC-1	0.9116707138285121	0.9664595943771331
HCC-2L|P2|N28	HCC-2L	P2	HCC-2L|AGGGTGCTCTCGAGGG-1	AGGGTGCTCTCGAGGG-1	0.8941180443692289	1.0706820399480637
HCC-2L|P2|N28	HCC-2L	P2	HCC-2L|AGGGTTCCCTTTGGTT-1	AGGGTTCCCTTTGGTT-1	0.8657043934142089	0.9380612003564395
HCC-2L|P2|N28	HCC-2L	P2	HCC-2L|AGTGATTCAAGCAGGA-1	AGTGATTCAAGCAGGA-1	1.5504336516894723	1.1055499796835382
HCC-2L|P2|N28	HCC-2L	P2	HCC-2L|CACACGCGCTGTCTTA-1	CACACGCGCTGTCTTA-1	1.8295770543850942	1.5245282812435716
HCC-2L|P2|N28	HCC-2L	P2	HCC-2L|CGCTTTCTTGCATTCG-1	CGCTTTCTTGCATTCG-1	1.9051111964801721	1.5699112175216168
HCC-2L|P2|N28	HCC-2L	P2	HCC-2L|CGGGTGTACCCATTTA-1	CGGGTGTACCCATTTA-1	1.9897220766999173	1.4237729519699025
HCC-2L|P2|N28	HCC-2L	P2	HCC-2L|GAACGTCTCATGGTCG-1	GAACGTCTCATGGTCG-1	1.5848249454050611	1.417616353218502
HCC-2L|P2|N28	HCC-2L	P2	HCC-2L|GGATGTCCTTACCGCA-1	GGATGTCCTTACCGCA-1	1.9653362960573608	1.3074357684690805
HCC-2L|P2|N28	HCC-2L	P2	HCC-2L|GGATTTCACTTCTATA-1	GGATTTCACTTCTATA-1	1.9919129825457085	1.3958449699777937
HCC-2L|P2|N28	HCC-2L	P2	HCC-2L|GGTTTCAATCGGTCAG-1	GGTTTCAATCGGTCAG-1	1.8156629816104874	1.6083198785459172
HCC-2L|P2|N28	HCC-2L	P2	HCC-2L|GTAGCTTCCTCTTGTT-1	GTAGCTTCCTCTTGTT-1	1.790172985198154	1.3408538211208763
HCC-2L|P2|N28	HCC-2L	P2	HCC-2L|GTTGGATTGAGAACAC-1	GTTGGATTGAGAACAC-1	0.040065200570692926	0.9088453352270892
HCC-2L|P2|N28	HCC-2L	P2	HCC-2L|TAGACGCCCGTACCGG-1	TAGACGCCCGTACCGG-1	1.921022105923214	1.4958340589966392
HCC-2L|P2|N28	HCC-2L	P2	HCC-2L|TATGTCTCATTGTGCC-1	TATGTCTCATTGTGCC-1	1.9376202638810405	1.3480525996912507
HCC-2L|P2|N28	HCC-2L	P2	HCC-2L|TGAGTGGTCCGTGACG-1	TGAGTGGTCCGTGACG-1	0.9016314582976492	1.0840667947593583
HCC-2L|P2|N28	HCC-2L	P2	HCC-2L|TTCTAACCGAAGCTTA-1	TTCTAACCGAAGCTTA-1	1.9576472072003097	1.6033594659423873
HCC-2L|P2|N33	HCC-2L	P2	HCC-2L|ACTATTCGTCCGTGGT-1	ACTATTCGTCCGTGGT-1	0.8856033776611762	1.042851194103078
HCC-2L|P2|N33	HCC-2L	P2	HCC-2L|ATTTCATTATTTCGCG-1	ATTTCATTATTTCGCG-1	0.8201272426624754	0.9386086331092822
HCC-2L|P2|N33	HCC-2L	P2	HCC-2L|CATAGTACATTGAGAG-1	CATAGTACATTGAGAG-1	0.8879036259263644	1.1654974542853607
HCC-2L|P2|N33	HCC-2L	P2	HCC-2L|CCATAAACAACCCGAC-1	CCATAAACAACCCGAC-1	1.9575591798884968	1.484567959219895
HCC-2L|P2|N33	HCC-2L	P2	HCC-2L|CCTCTGGCCTAGACGG-1	CCTCTGGCCTAGACGG-1	1.6522797464318448	1.4515020450296947
HCC-2L|P2|N33	HCC-2L	P2	HCC-2L|GATTCCGCGTTTCCGT-1	GATTCCGCGTTTCCGT-1	2.014064620648185	1.4836968412956681
HCC-2L|P2|N33	HCC-2L	P2	HCC-2L|TATTTATACCGAGTAG-1	TATTTATACCGAGTAG-1	1.3778958589400154	1.0839814817688305
HCC-2L|P2|N33	HCC-2L	P2	HCC-2L|TTAAGCCGACAACTTC-1	TTAAGCCGACAACTTC-1	0.906071579264182	1.0003022293834645
HCC-2L|P2|N33	HCC-2L	P2	HCC-2L|TTCAAGCCGAGCTGAG-1	TTCAAGCCGAGCTGAG-1	0.9174748593617169	1.0054582807006875
HCC-2L|P2|N33	HCC-2L	P2	HCC-2L|TTGTATCACACAGAAT-1	TTGTATCACACAGAAT-1	0.9971857849616058	0.9491912381002684
HCC-2L|P2|N34	HCC-2L	P2	HCC-2L|ACTTGACTCCCTCTTT-1	ACTTGACTCCCTCTTT-1	1.9405708496491425	1.4437205829476483
HCC-2L|P2|N34	HCC-2L	P2	HCC-2L|CTAGATTTACGACGGC-1	CTAGATTTACGACGGC-1	1.9075519552684508	1.4191206351622045
HCC-2L|P2|N34	HCC-2L	P2	HCC-2L|CTGTGCAGGGTAGGTC-1	CTGTGCAGGGTAGGTC-1	0.9487870083719498	0.9810203380801079
HCC-2L|P2|N34	HCC-2L	P2	HCC-2L|GATTCGACGGTTCACG-1	GATTCGACGGTTCACG-1	1.8979583616929645	1.5800077924001643
HCC-2L|P2|N34	HCC-2L	P2	HCC-2L|GCTGCACGGTTTCTTA-1	GCTGCACGGTTTCTTA-1	0.8978889058672102	1.2979728931420715
HCC-2L|P2|N34	HCC-2L	P2	HCC-2L|GTGTTACTATGCGTCC-1	GTGTTACTATGCGTCC-1	0.917898787369979	1.0112033193979295
HCC-2L|P2|N34	HCC-2L	P2	HCC-2L|GTTTCTGCAGTCTCCC-1	GTTTCTGCAGTCTCCC-1	1.826304448104126	1.3885921349138923
HCC-2L|P2|N34	HCC-2L	P2	HCC-2L|TCCAGAGCACCGGTTC-1	TCCAGAGCACCGGTTC-1	1.904024845958898	1.3395519673244256
HCC-2L|P2|N34	HCC-2L	P2	HCC-2L|TCCTCGGGCTGGGCTT-1	TCCTCGGGCTGGGCTT-1	0.8843645980481276	0.9099641508881208
HCC-2L|P2|N34	HCC-2L	P2	HCC-2L|TGCGTTTGTTGACACT-1	TGCGTTTGTTGACACT-1	0.9022948885333872	0.9269966091708657
HCC-2L|P2|N38	HCC-2L	P2	HCC-2L|AGCCCGCACTACAATG-1	AGCCCGCACTACAATG-1	0.9012158716925012	0.9247918414742768
HCC-2L|P2|N38	HCC-2L	P2	HCC-2L|AGTTATTCAGACTGTG-1	AGTTATTCAGACTGTG-1	1.74672968176698	1.372549878856516
HCC-2L|P2|N38	HCC-2L	P2	HCC-2L|CCACTTTCCTTCTAGG-1	CCACTTTCCTTCTAGG-1	0.9755443450847157	0.9677208402484361
HCC-2L|P2|N38	HCC-2L	P2	HCC-2L|CGCAGTTCTATCTTTC-1	CGCAGTTCTATCTTTC-1	1.0455744814480363	0.9246708190411927
HCC-2L|P2|N38	HCC-2L	P2	HCC-2L|GCTATAAGGGCCAGGA-1	GCTATAAGGGCCAGGA-1	1.7462532113956164	1.0544704009246546
HCC-2L|P2|N38	HCC-2L	P2	HCC-2L|GGCACGCTGCTACAGT-1	GGCACGCTGCTACAGT-1	1.0336195647158997	0.9440460574754854
HCC-2L|P2|N38	HCC-2L	P2	HCC-2L|GTCTCCCGAGTCCCGT-1	GTCTCCCGAGTCCCGT-1	0.9803945342074462	0.925153943661992
HCC-2L|P2|N38	HCC-2L	P2	HCC-2L|TACAACAGCGCATACA-1	TACAACAGCGCATACA-1	1.9032195298997994	1.4889979731917762
HCC-2L|P2|N38	HCC-2L	P2	HCC-2L|TCTAACCTAGCCTGCG-1	TCTAACCTAGCCTGCG-1	1.8587880000501125	1.323814654831762
HCC-2L|P2|N38	HCC-2L	P2	HCC-2L|TCTACCCGCATCATTT-1	TCTACCCGCATCATTT-1	1.0233695067539352	1.0657968704147562
HCC-2L|P2|N52	HCC-2L	P2	HCC-2L|CAAACCATAAGCGTAT-1	CAAACCATAAGCGTAT-1	0.9088570181521126	1.2749576915698384
HCC-2L|P2|N52	HCC-2L	P2	HCC-2L|CATGTGGGCTCATCAC-1	CATGTGGGCTCATCAC-1	1.9497494884999462	1.4417476732746537
HCC-2L|P2|N52	HCC-2L	P2	HCC-2L|CCCGTGACAGTGCCTT-1	CCCGTGACAGTGCCTT-1	1.9038179318060973	1.5173691237418827
HCC-2L|P2|N52	HCC-2L	P2	HCC-2L|CGCGGGAATTCCTTTC-1	CGCGGGAATTCCTTTC-1	0.899403787044999	0.925132774710601
HCC-2L|P2|N52	HCC-2L	P2	HCC-2L|GATTATCTTGCATTAT-1	GATTATCTTGCATTAT-1	0.8831607755951976	0.9075505591463295
HCC-2L|P2|N52	HCC-2L	P2	HCC-2L|GGCTGGCAATCCCACG-1	GGCTGGCAATCCCACG-1	1.850942495259629	1.393571017741335
HCC-2L|P2|N52	HCC-2L	P2	HCC-2L|GTCTGCCGACTCGACG-1	GTCTGCCGACTCGACG-1	1.9573680653337011	1.372473017545706
HCC-2L|P2|N52	HCC-2L	P2	HCC-2L|TACTCGTTTGAATCAA-1	TACTCGTTTGAATCAA-1	1.9090216319180962	1.361294804896601
HCC-2L|P2|N52	HCC-2L	P2	HCC-2L|TCAGAGGACGCGTTAG-1	TCAGAGGACGCGTTAG-1	0.917787581465795	0.9287486482647458
HCC-2L|P2|N52	HCC-2L	P2	HCC-2L|TCTATCCGATTGCACA-1	TCTATCCGATTGCACA-1	0.9214535839497747	1.0165776278661838
HCC-2L|P2|N52	HCC-2L	P2	HCC-2L|TTGGCCAAATTGTATC-1	TTGGCCAAATTGTATC-1	1.8613454543552643	1.3293869817379862
HCC-2L|P3|N3	HCC-2L	P3	HCC-2L|AAACCTAAGCAGCCGG-1	AAACCTAAGCAGCCGG-1	2.280587714724545	1.5123600736469396
HCC-2L|P3|N3	HCC-2L	P3	HCC-2L|AAACGGGCGTACGGGT-1	AAACGGGCGTACGGGT-1	2.189479229370256	1.744993671592535
HCC-2L|P3|N3	HCC-2L	P3	HCC-2L|AAATCCGATACACGCC-1	AAATCCGATACACGCC-1	2.2125324938030784	2.132216017405363
HCC-2L|P3|N3	HCC-2L	P3	HCC-2L|ACAAGGATGCTTTAGG-1	ACAAGGATGCTTTAGG-1	2.3817353848505958	1.5152885350262582
HCC-2L|P3|N3	HCC-2L	P3	HCC-2L|ACGTTCTGTACAAGTC-1	ACGTTCTGTACAAGTC-1	2.1386618862822426	1.5256914633189271
HCC-2L|P3|N3	HCC-2L	P3	HCC-2L|AGCTAAGTACGCAGGC-1	AGCTAAGTACGCAGGC-1	2.1571448813482554	2.0869490969891533
HCC-2L|P3|N3	HCC-2L	P3	HCC-2L|AGGCCTGAGAATCTCG-1	AGGCCTGAGAATCTCG-1	1.0569630854865426	1.0899883037224392
HCC-2L|P3|N3	HCC-2L	P3	HCC-2L|AGTGGCGTCTGAAGGT-1	AGTGGCGTCTGAAGGT-1	1.0576040460419085	1.0859718416258834
HCC-2L|P3|N3	HCC-2L	P3	HCC-2L|ATATAACACGGGCGCA-1	ATATAACACGGGCGCA-1	1.0515178604241018	1.2429298466283596
HCC-2L|P3|N3	HCC-2L	P3	HCC-2L|ATTGCCTTTATGTTTG-1	ATTGCCTTTATGTTTG-1	2.175012189691096	1.8153241576110775
HCC-2L|P3|N3	HCC-2L	P3	HCC-2L|CAGGCAGTCTTACCAG-1	CAGGCAGTCTTACCAG-1	2.211372014096506	1.9428656964188762
HCC-2L|P3|N3	HCC-2L	P3	HCC-2L|CATAGTCAAATACATA-1	CATAGTCAAATACATA-1	2.267506748997772	1.8506279361996936
HCC-2L|P3|N3	HCC-2L	P3	HCC-2L|CGAGAGCTTTCACTAC-1	CGAGAGCTTTCACTAC-1	2.28457957015673	1.8815941290721139
HCC-2L|P3|N3	HCC-2L	P3	HCC-2L|CGATAGTCGTACTGCA-1	CGATAGTCGTACTGCA-1	2.1873481910633585	1.7476371189169966
HCC-2L|P3|N3	HCC-2L	P3	HCC-2L|CGCATGCCGAATGCGT-1	CGCATGCCGAATGCGT-1	1.065515118175158	1.1012152380190776
HCC-2L|P3|N3	HCC-2L	P3	HCC-2L|CGCCCAGCGTTTCACG-1	CGCCCAGCGTTTCACG-1	2.277928974281924	1.8836358026435507
HCC-2L|P3|N3	HCC-2L	P3	HCC-2L|CGTAGAGAGTAATTAT-1	CGTAGAGAGTAATTAT-1	1.065985033836808	1.1025626720321873
HCC-2L|P3|N3	HCC-2L	P3	HCC-2L|CTCAACTAACCCGGAT-1	CTCAACTAACCCGGAT-1	1.0549752224401996	1.2413753120116824
HCC-2L|P3|N3	HCC-2L	P3	HCC-2L|CTTCGATTGCGCAAGC-1	CTTCGATTGCGCAAGC-1	2.3228656840019726	1.3621993596646387
HCC-2L|P3|N3	HCC-2L	P3	HCC-2L|GGGAAGGGCTTTCTCA-1	GGGAAGGGCTTTCTCA-1	2.162048385592701	1.7180007713099128
HCC-2L|P3|N3	HCC-2L	P3	HCC-2L|GTCTAGTGAGCCGCTT-1	GTCTAGTGAGCCGCTT-1	2.15231648023752	1.7264621476298938
HCC-2L|P3|N3	HCC-2L	P3	HCC-2L|TACCGAATAATTGTAA-1	TACCGAATAATTGTAA-1	1.0785840489179905	1.0906658213725504
HCC-2L|P3|N3	HCC-2L	P3	HCC-2L|TCGCCGACATATTCGC-1	TCGCCGACATATTCGC-1	1.1930236150991127	1.2417229465035362
HCC-2L|P3|N3	HCC-2L	P3	HCC-2L|TTGAACGACGTGCTGA-1	TTGAACGACGTGCTGA-1	1.6857686802409324	1.2324799240409732
HCC-2L|P3|N5	HCC-2L	P3	HCC-2L|AAAGAATGTGGACTAA-1	AAAGAATGTGGACTAA-1	2.2601135869979867	1.6978121737655023
HCC-2L|P3|N5	HCC-2L	P3	HCC-2L|ACCAAGTCATCGGCAG-1	ACCAAGTCATCGGCAG-1	2.3722495349186916	1.7928328849270763
HCC-2L|P3|N5	HCC-2L	P3	HCC-2L|AGCATTACGAGGCAAG-1	AGCATTACGAGGCAAG-1	2.1411807893291925	1.8081620677743055
HCC-2L|P3|N5	HCC-2L	P3	HCC-2L|AGCTTCTTCTCGAGCA-1	AGCTTCTTCTCGAGCA-1	1.1759662446899046	1.1353086072724428
HCC-2L|P3|N5	HCC-2L	P3	HCC-2L|AGGTGCACGTCCACAT-1	AGGTGCACGTCCACAT-1	2.190882535129475	1.6722252626955663
HCC-2L|P3|N5	HCC-2L	P3	HCC-2L|ATTGGTTGTGCATTAC-1	ATTGGTTGTGCATTAC-1	2.159824842253328	1.4597377242940146
HCC-2L|P3|N5	HCC-2L	P3	HCC-2L|CAGATAATGGGCGGGT-1	CAGATAATGGGCGGGT-1	1.0869087179031993	1.2073687694335515
HCC-2L|P3|N5	HCC-2L	P3	HCC-2L|CATGGTTTATTAATCA-1	CATGGTTTATTAATCA-1	1.185707509558919	1.316672197180862
HCC-2L|P3|N5	HCC-2L	P3	HCC-2L|CGCTTCGGTCTAAGAC-1	CGCTTCGGTCTAAGAC-1	2.2911388751135227	1.977053457013166
HCC-2L|P3|N5	HCC-2L	P3	HCC-2L|GAGAACGGTTCTGACT-1	GAGAACGGTTCTGACT-1	2.2696529703465003	2.037330622332261
HCC-2L|P3|N5	HCC-2L	P3	HCC-2L|GGGAAAGAATGCCAAC-1	GGGAAAGAATGCCAAC-1	1.721392978375505	1.1631895600954612
HCC-2L|P3|N5	HCC-2L	P3	HCC-2L|GTCAACCAGGCCTATA-1	GTCAACCAGGCCTATA-1	2.2899557520627334	1.6120751365331718
HCC-2L|P3|N5	HCC-2L	P3	HCC-2L|GTCTATTGCATGCTCG-1	GTCTATTGCATGCTCG-1	1.0962937477012271	1.1154855974498192
HCC-2L|P3|N5	HCC-2L	P3	HCC-2L|TGCGTACGGCTAATTG-1	TGCGTACGGCTAATTG-1	1.050068250098363	1.179246489885272
HCC-2L|P3|N5	HCC-2L	P3	HCC-2L|TGGGTGTAATAGATTT-1	TGGGTGTAATAGATTT-1	2.1212350986173667	1.8091270105737551
HCC-2L|P3|N5	HCC-2L	P3	HCC-2L|TTAAAGTAAGTCGCCA-1	TTAAAGTAAGTCGCCA-1	1.0397199337700964	1.2660185886420519
HCC-2L|P3|N5	HCC-2L	P3	HCC-2L|TTGCCTTCTCGCCGGG-1	TTGCCTTCTCGCCGGG-1	2.139517914846484	1.8852847375095256
HCC-2L|P3|N8	HCC-2L	P3	HCC-2L|AAATTACCTATCGATG-1	AAATTACCTATCGATG-1	2.3838908990748906	1.5469757249992477
HCC-2L|P3|N8	HCC-2L	P3	HCC-2L|AACCTTTACGACGTCT-1	AACCTTTACGACGTCT-1	2.216330922299699	1.8578881019809326
HCC-2L|P3|N8	HCC-2L	P3	HCC-2L|AAGATTGGCGGAACGT-1	AAGATTGGCGGAACGT-1	2.241460218242289	1.7104621479051942
HCC-2L|P3|N8	HCC-2L	P3	HCC-2L|AAGGATGAGGGACCTC-1	AAGGATGAGGGACCTC-1	1.747601397712689	1.4582161945770218
HCC-2L|P3|N8	HCC-2L	P3	HCC-2L|AGAGAACCGTCTAGGA-1	AGAGAACCGTCTAGGA-1	1.0801136725444382	1.2723949871400007
HCC-2L|P3|N8	HCC-2L	P3	HCC-2L|AGATCGTGCATAAGAT-1	AGATCGTGCATAAGAT-1	1.8393048851354055	1.4939493995697193
HCC-2L|P3|N8	HCC-2L	P3	HCC-2L|AGCTAGAAGCAGAAGT-1	AGCTAGAAGCAGAAGT-1	2.369413490911769	1.824706404688965
HCC-2L|P3|N8	HCC-2L	P3	HCC-2L|AGTCCCGCCTTTAATT-1	AGTCCCGCCTTTAATT-1	2.1675692246419294	1.926900409971247
HCC-2L|P3|N8	HCC-2L	P3	HCC-2L|AGTGTATTGCGCATTG-1	AGTGTATTGCGCATTG-1	1.1595845262596793	1.1297014891291774
HCC-2L|P3|N8	HCC-2L	P3	HCC-2L|ATAGACAACGGGACCT-1	ATAGACAACGGGACCT-1	2.281095939652976	1.803295321848903
HCC-2L|P3|N8	HCC-2L	P3	HCC-2L|ATAGAGTTATCAACTT-1	ATAGAGTTATCAACTT-1	1.0830065817899392	1.2195950165810898
HCC-2L|P3|N8	HCC-2L	P3	HCC-2L|CACATTCTTTCGATGG-1	CACATTCTTTCGATGG-1	1.05179206333701	1.4180881680657453
HCC-2L|P3|N8	HCC-2L	P3	HCC-2L|CAGCTCGACAAGTTAA-1	CAGCTCGACAAGTTAA-1	2.2768234241303325	2.002129275173441
HCC-2L|P3|N8	HCC-2L	P3	HCC-2L|CCAATTACGGGTCGAG-1	CCAATTACGGGTCGAG-1	1.028204627575127	1.2347096902587942
HCC-2L|P3|N8	HCC-2L	P3	HCC-2L|CCAGTAGTCTGATCCA-1	CCAGTAGTCTGATCCA-1	2.312812937090087	2.0169297054508992
HCC-2L|P3|N8	HCC-2L	P3	HCC-2L|CCGTTACGTTAGAACA-1	CCGTTACGTTAGAACA-1	2.107504070673936	1.599309682966823
HCC-2L|P3|N8	HCC-2L	P3	HCC-2L|CCTCGCGCGATATAGG-1	CCTCGCGCGATATAGG-1	1.2562790104196642	1.2300363660375941
HCC-2L|P3|N8	HCC-2L	P3	HCC-2L|CCTTTCAATGAAGAAA-1	CCTTTCAATGAAGAAA-1	1.9823983899959492	1.4663125604691059
HCC-2L|P3|N8	HCC-2L	P3	HCC-2L|CGATGGACCCTACGCC-1	CGATGGACCCTACGCC-1	1.0796381233586694	1.1584325967346465
HCC-2L|P3|N8	HCC-2L	P3	HCC-2L|CGTTTCACTTCGGGCG-1	CGTTTCACTTCGGGCG-1	2.133453167895079	1.8825150422080248
HCC-2L|P3|N8	HCC-2L	P3	HCC-2L|CTCAGTCACGACAAAT-1	CTCAGTCACGACAAAT-1	1.2042026999428075	1.2083581292855943
HCC-2L|P3|N8	HCC-2L	P3	HCC-2L|CTGCGTTACGATATAA-1	CTGCGTTACGATATAA-1	2.2650105093247066	1.8733325258866547
HCC-2L|P3|N8	HCC-2L	P3	HCC-2L|GAGGGCGCAGCTCTGC-1	GAGGGCGCAGCTCTGC-1	2.4078323148539256	2.1010629899365396
HCC-2L|P3|N8	HCC-2L	P3	HCC-2L|GATATGCGGTAGCCAA-1	GATATGCGGTAGCCAA-1	2.1106199208378538	1.9470621429053745
HCC-2L|P3|N8	HCC-2L	P3	HCC-2L|GATATTTCCTACATGG-1	GATATTTCCTACATGG-1	1.0959025959361817	1.2832996715265894
HCC-2L|P3|N8	HCC-2L	P3	HCC-2L|GCAGGTAGAGTATGGT-1	GCAGGTAGAGTATGGT-1	1.1663230630918853	1.2272297143750446
HCC-2L|P3|N8	HCC-2L	P3	HCC-2L|GCCTATAGTGTCAGGG-1	GCCTATAGTGTCAGGG-1	2.2158624458378218	1.58497157813545
HCC-2L|P3|N8	HCC-2L	P3	HCC-2L|GCGGTGAACTGCGCTC-1	GCGGTGAACTGCGCTC-1	1.0746610767265763	1.0868806959009674
HCC-2L|P3|N8	HCC-2L	P3	HCC-2L|GGAAAGTGCCCATGCC-1	GGAAAGTGCCCATGCC-1	2.2768927241349277	1.8453361337396301
HCC-2L|P3|N8	HCC-2L	P3	HCC-2L|TAAAGCGTTAGGAGAA-1	TAAAGCGTTAGGAGAA-1	1.1069503403950889	1.2848020166619492
HCC-2L|P3|N8	HCC-2L	P3	HCC-2L|TAATAAACAAGGAGAT-1	TAATAAACAAGGAGAT-1	2.264952599642019	2.043314506773893
HCC-2L|P3|N8	HCC-2L	P3	HCC-2L|TATGTCAAGACCGACT-1	TATGTCAAGACCGACT-1	2.1265756778286113	1.6951548675020214
HCC-2L|P3|N8	HCC-2L	P3	HCC-2L|TCGCTAAACCGCTATC-1	TCGCTAAACCGCTATC-1	2.084107929066619	1.842673921935185
HCC-2L|P3|N8	HCC-2L	P3	HCC-2L|TGAGATTAGGCCCTAA-1	TGAGATTAGGCCCTAA-1	1.176745292615026	1.1451757149159292
HCC-2L|P3|N8	HCC-2L	P3	HCC-2L|TTAGCTAATACGATCT-1	TTAGCTAATACGATCT-1	1.0730384109737705	1.1593504043696243
HCC-2L|P3|N8	HCC-2L	P3	HCC-2L|TTCCAATCAGAGCTAG-1	TTCCAATCAGAGCTAG-1	1.0870439037848703	1.0978282934476105
HCC-2L|P3|N8	HCC-2L	P3	HCC-2L|TTCCGCAGAGAAATAT-1	TTCCGCAGAGAAATAT-1	1.8370819531277887	1.4512134383691317
HCC-2L|P3|N8	HCC-2L	P3	HCC-2L|TTCGCTATCTGACGTG-1	TTCGCTATCTGACGTG-1	1.8313614747791833	1.36303262182029
HCC-2L|P3|N8	HCC-2L	P3	HCC-2L|TTCGGCAACCCGCTGA-1	TTCGGCAACCCGCTGA-1	2.1925412010653216	1.4747188702734582
HCC-2L|P3|N12	HCC-2L	P3	HCC-2L|AACGCTGTTGCTGAAA-1	AACGCTGTTGCTGAAA-1	1.060864040323637	1.1886901152820228
HCC-2L|P3|N12	HCC-2L	P3	HCC-2L|ACGCATACGTTTACTA-1	ACGCATACGTTTACTA-1	2.29759956483484	1.4467253238144657
HCC-2L|P3|N12	HCC-2L	P3	HCC-2L|AGTCGTCGACCACCAA-1	AGTCGTCGACCACCAA-1	2.2424287701972268	1.5887184969493497
HCC-2L|P3|N12	HCC-2L	P3	HCC-2L|CACAGGGCCATATAGT-1	CACAGGGCCATATAGT-1	1.3392603717881788	1.2358069688188449
HCC-2L|P3|N12	HCC-2L	P3	HCC-2L|CACGTTTCGTACACAC-1	CACGTTTCGTACACAC-1	2.2607392183304396	1.7977211489239528
HCC-2L|P3|N12	HCC-2L	P3	HCC-2L|CATCCTCTCAAAGATC-1	CATCCTCTCAAAGATC-1	2.299500046164142	1.7974768375152292
HCC-2L|P3|N12	HCC-2L	P3	HCC-2L|CATGTAAGAGACATTT-1	CATGTAAGAGACATTT-1	0.03656043101660536	1.1637022101829
HCC-2L|P3|N12	HCC-2L	P3	HCC-2L|CCATGCCCTAGATTTC-1	CCATGCCCTAGATTTC-1	1.0644972058104452	1.1210054558972398
HCC-2L|P3|N12	HCC-2L	P3	HCC-2L|CTATCGACGAAATACA-1	CTATCGACGAAATACA-1	1.0785405214556756	1.1966590914610404
HCC-2L|P3|N12	HCC-2L	P3	HCC-2L|CTGTGGTCGGGAGATA-1	CTGTGGTCGGGAGATA-1	2.282214500772703	1.7146343755817162
HCC-2L|P3|N12	HCC-2L	P3	HCC-2L|GACGAGGCTAATAAAC-1	GACGAGGCTAATAAAC-1	2.2975995644371556	1.493886735506182
HCC-2L|P3|N12	HCC-2L	P3	HCC-2L|GAGCCAGCTACCTGTG-1	GAGCCAGCTACCTGTG-1	2.3997162631239273	1.8559244093801985
HCC-2L|P3|N12	HCC-2L	P3	HCC-2L|GATTAACCGAAAGCCC-1	GATTAACCGAAAGCCC-1	1.078230797923123	1.2038482476927914
HCC-2L|P3|N12	HCC-2L	P3	HCC-2L|GCCACTCAGAGCGCGA-1	GCCACTCAGAGCGCGA-1	1.3689115003659496	1.154253544362306
HCC-2L|P3|N12	HCC-2L	P3	HCC-2L|GCGCTTAAATAATTGG-1	GCGCTTAAATAATTGG-1	1.1005341084652154	1.2139369161917548
HCC-2L|P3|N12	HCC-2L	P3	HCC-2L|GCTAGAGTAGAGATGT-1	GCTAGAGTAGAGATGT-1	1.1480750569508071	1.1445936919503716
HCC-2L|P3|N12	HCC-2L	P3	HCC-2L|GCTATACGTCTCGGAC-1	GCTATACGTCTCGGAC-1	1.6516364136630495	1.348237513936183
HCC-2L|P3|N12	HCC-2L	P3	HCC-2L|GTCCGGACCTGAAATT-1	GTCCGGACCTGAAATT-1	2.2451071435555403	1.6081846460396483
HCC-2L|P3|N12	HCC-2L	P3	HCC-2L|GTCCTACGAATAGTCT-1	GTCCTACGAATAGTCT-1	2.2577867641484164	1.7531532416314484
HCC-2L|P3|N12	HCC-2L	P3	HCC-2L|TAAGGGCCTGTCCGAT-1	TAAGGGCCTGTCCGAT-1	1.0519905200377533	1.124983777618804
HCC-2L|P3|N12	HCC-2L	P3	HCC-2L|TAGAGGTTCTACTTGT-1	TAGAGGTTCTACTTGT-1	1.2063614106177625	1.1315193458099806
HCC-2L|P3|N12	HCC-2L	P3	HCC-2L|TATGATCTTCTCTTTA-1	TATGATCTTCTCTTTA-1	1.0739493274069059	1.1867506291957817
HCC-2L|P3|N12	HCC-2L	P3	HCC-2L|TCGGCTTGTATCGACG-1	TCGGCTTGTATCGACG-1	2.3706399978183987	1.5920726729273966
HCC-2L|P3|N12	HCC-2L	P3	HCC-2L|TGCTAAGTGTCTATTT-1	TGCTAAGTGTCTATTT-1	1.6482469295478086	1.444825958408568
HCC-2L|P3|N12	HCC-2L	P3	HCC-2L|TTCAGCTGGCGTGCCC-1	TTCAGCTGGCGTGCCC-1	1.086762900395279	1.1098559726545805
HCC-2L|P3|N12	HCC-2L	P3	HCC-2L|TTGTGAACCTAATCCG-1	TTGTGAACCTAATCCG-1	2.2768441299317916	1.801378447154256
HCC-2L|P3|N18	HCC-2L	P3	HCC-2L|AATCTATGCCGGAGCC-1	AATCTATGCCGGAGCC-1	1.2110117118820307	1.076306673783026
HCC-2L|P3|N18	HCC-2L	P3	HCC-2L|AATGATGCGACTCCTG-1	AATGATGCGACTCCTG-1	2.2728567263148918	1.5347642407108306
HCC-2L|P3|N18	HCC-2L	P3	HCC-2L|AGGGAGACATACTTCG-1	AGGGAGACATACTTCG-1	1.0822031109372803	1.1509456114896217
HCC-2L|P3|N18	HCC-2L	P3	HCC-2L|ATTAGATTCCTCAGCA-1	ATTAGATTCCTCAGCA-1	1.0850855786724103	1.11572417217039
HCC-2L|P3|N18	HCC-2L	P3	HCC-2L|CCGCTTGCTGACATGG-1	CCGCTTGCTGACATGG-1	1.087286580652313	1.1200581449692044
HCC-2L|P3|N18	HCC-2L	P3	HCC-2L|CGCAGATCTTCACCCG-1	CGCAGATCTTCACCCG-1	2.336333952750389	1.3709716364390365
HCC-2L|P3|N18	HCC-2L	P3	HCC-2L|CGGCCCAACCTGTAGT-1	CGGCCCAACCTGTAGT-1	1.2445688406053947	1.167016855450309
HCC-2L|P3|N18	HCC-2L	P3	HCC-2L|CGTTGTAAGATTGATT-1	CGTTGTAAGATTGATT-1	1.0692864027432896	1.2126531681193287
HCC-2L|P3|N18	HCC-2L	P3	HCC-2L|GAAACCATGGTGCGCT-1	GAAACCATGGTGCGCT-1	1.0701657060263234	1.108943582683494
HCC-2L|P3|N18	HCC-2L	P3	HCC-2L|GACTCCCAGAATAAGG-1	GACTCCCAGAATAAGG-1	1.1114365099785388	1.2506554453527072
HCC-2L|P3|N18	HCC-2L	P3	HCC-2L|GCCAACCATTTCCGGA-1	GCCAACCATTTCCGGA-1	2.3114938609711957	1.7314938056509792
HCC-2L|P3|N18	HCC-2L	P3	HCC-2L|GCCAATAGGGCATCTC-1	GCCAATAGGGCATCTC-1	1.0641832743062083	1.1965896463126882
HCC-2L|P3|N18	HCC-2L	P3	HCC-2L|GGGTCGTGGCAAGTGT-1	GGGTCGTGGCAAGTGT-1	2.3114938607110482	1.5334863899218358
HCC-2L|P3|N18	HCC-2L	P3	HCC-2L|TATGATCCGGCACGCC-1	TATGATCCGGCACGCC-1	2.3363390644683175	1.6518824935583583
HCC-2L|P3|N18	HCC-2L	P3	HCC-2L|TCCCGTCGCGTCATAG-1	TCCCGTCGCGTCATAG-1	2.4265125809975534	1.5227162888104022
HCC-2L|P3|N18	HCC-2L	P3	HCC-2L|TCCCTAGATCAATAGG-1	TCCCTAGATCAATAGG-1	1.0794609284930752	1.1223815836757658
HCC-2L|P3|N18	HCC-2L	P3	HCC-2L|TGATCCCAGCATTAGT-1	TGATCCCAGCATTAGT-1	1.2000706936445202	1.0792622482177512
HCC-2L|P3|N18	HCC-2L	P3	HCC-2L|TGGAACCACTGACACA-1	TGGAACCACTGACACA-1	2.2728451596664683	1.422727602525436
HCC-2L|P3|N20	HCC-2L	P3	HCC-2L|ACACGTAGGCCACAAG-1	ACACGTAGGCCACAAG-1	2.284697475253421	1.7164077932274315
HCC-2L|P3|N20	HCC-2L	P3	HCC-2L|ACACTGGGACAGTCGT-1	ACACTGGGACAGTCGT-1	1.0992633701427599	1.0766134555594595
HCC-2L|P3|N20	HCC-2L	P3	HCC-2L|ACCTCCGCCCTCGCTG-1	ACCTCCGCCCTCGCTG-1	2.1529491212116763	1.4695139067828555
HCC-2L|P3|N20	HCC-2L	P3	HCC-2L|AGAGCCGCCGAGATTT-1	AGAGCCGCCGAGATTT-1	2.2736685017628626	1.8893821240217914
HCC-2L|P3|N20	HCC-2L	P3	HCC-2L|AGATACCAATAGAACC-1	AGATACCAATAGAACC-1	1.099030035386382	1.262184802715889
HCC-2L|P3|N20	HCC-2L	P3	HCC-2L|AGCGATGCGCCTAATA-1	AGCGATGCGCCTAATA-1	1.6147710262850792	1.240657331288872
HCC-2L|P3|N20	HCC-2L	P3	HCC-2L|ATATACGCTCGTGACG-1	ATATACGCTCGTGACG-1	1.6018531057574916	1.4306582550138938
HCC-2L|P3|N20	HCC-2L	P3	HCC-2L|ATGCTTAGGAGTTGAT-1	ATGCTTAGGAGTTGAT-1	0.9774810792744657	1.1191999532617065
HCC-2L|P3|N20	HCC-2L	P3	HCC-2L|ATGTACATGCGGTGAG-1	ATGTACATGCGGTGAG-1	2.2167907557072444	1.861741302208478
HCC-2L|P3|N20	HCC-2L	P3	HCC-2L|CAACCAGTGGCCTACC-1	CAACCAGTGGCCTACC-1	1.1427871072761815	1.1113819435753034
HCC-2L|P3|N20	HCC-2L	P3	HCC-2L|CACAGTCCCGCTTCGC-1	CACAGTCCCGCTTCGC-1	2.2721700032115297	1.7818541778487829
HCC-2L|P3|N20	HCC-2L	P3	HCC-2L|CACGTCAATCAATGGA-1	CACGTCAATCAATGGA-1	2.2171314452444766	1.4816151836440603
HCC-2L|P3|N20	HCC-2L	P3	HCC-2L|CAGAATAACACACGGA-1	CAGAATAACACACGGA-1	2.118298511824902	1.599507715383603
HCC-2L|P3|N20	HCC-2L	P3	HCC-2L|CCCTTTAATGGAGTTC-1	CCCTTTAATGGAGTTC-1	2.352246171148669	1.865748083790478
HCC-2L|P3|N20	HCC-2L	P3	HCC-2L|CCGACAATAGGCCGCC-1	CCGACAATAGGCCGCC-1	2.2374781762793146	1.7606497999135837
HCC-2L|P3|N20	HCC-2L	P3	HCC-2L|CCTTGACCACTTTATT-1	CCTTGACCACTTTATT-1	2.298404215731125	1.8639194562373116
HCC-2L|P3|N20	HCC-2L	P3	HCC-2L|CGCGGTACGGTATACA-1	CGCGGTACGGTATACA-1	2.21712397018344	1.3778939717159542
HCC-2L|P3|N20	HCC-2L	P3	HCC-2L|CGGCAATAAGATCGCC-1	CGGCAATAAGATCGCC-1	2.1281273877677283	1.5307686908628866
HCC-2L|P3|N20	HCC-2L	P3	HCC-2L|CTGCAAGCACGTTCCG-1	CTGCAAGCACGTTCCG-1	1.0757590798684418	1.2023470985244606
HCC-2L|P3|N20	HCC-2L	P3	HCC-2L|CTGGTAAAGTGTGGGC-1	CTGGTAAAGTGTGGGC-1	2.172349181526146	1.5495359071030874
HCC-2L|P3|N20	HCC-2L	P3	HCC-2L|GAGGCCTGTTGATACA-1	GAGGCCTGTTGATACA-1	1.6398304631303957	1.4667721582650772
HCC-2L|P3|N20	HCC-2L	P3	HCC-2L|GGAACTTTGGCGATTA-1	GGAACTTTGGCGATTA-1	2.1587589705432726	1.6531985307305779
HCC-2L|P3|N20	HCC-2L	P3	HCC-2L|GGAGGGTCAAGTAAGA-1	GGAGGGTCAAGTAAGA-1	1.0437123269282425	1.0898106973518935
HCC-2L|P3|N20	HCC-2L	P3	HCC-2L|GGGTCTATCGCTTTCC-1	GGGTCTATCGCTTTCC-1	1.1114618193866412	1.4019430766685383
HCC-2L|P3|N20	HCC-2L	P3	HCC-2L|GTAACATCTAAGATAA-1	GTAACATCTAAGATAA-1	2.1140789041439008	1.6981764473087648
HCC-2L|P3|N20	HCC-2L	P3	HCC-2L|GTTCGGAGCACTCAAC-1	GTTCGGAGCACTCAAC-1	2.2954909204417238	1.7000962163715547
HCC-2L|P3|N20	HCC-2L	P3	HCC-2L|GTTTCAAACGAGTTGT-1	GTTTCAAACGAGTTGT-1	1.1918709162574794	1.1019528031972756
HCC-2L|P3|N20	HCC-2L	P3	HCC-2L|TACTCTTACTTTACTG-1	TACTCTTACTTTACTG-1	2.2850367221619394	1.8966217300915673
HCC-2L|P3|N20	HCC-2L	P3	HCC-2L|TCAAGCGCGGACGGTA-1	TCAAGCGCGGACGGTA-1	2.1715200872811593	1.3736040521889898
HCC-2L|P3|N20	HCC-2L	P3	HCC-2L|TCGCATAAAGGGCGCA-1	TCGCATAAAGGGCGCA-1	2.2852734312311127	1.9009320597278774
HCC-2L|P3|N20	HCC-2L	P3	HCC-2L|TGTAGCCATCCCATTC-1	TGTAGCCATCCCATTC-1	2.285273430915657	1.60778205208861
HCC-2L|P3|N20	HCC-2L	P3	HCC-2L|TTGGCTCAATATGTGT-1	TTGGCTCAATATGTGT-1	2.205458583511568	1.583506107746801
HCC-2L|P3|N25	HCC-2L	P3	HCC-2L|ACATTTGAAACCTAAC-1	ACATTTGAAACCTAAC-1	1.227876520383731	1.1651941435638564
HCC-2L|P3|N25	HCC-2L	P3	HCC-2L|ACGACTCTAGGGCCGA-1	ACGACTCTAGGGCCGA-1	2.280924760999408	1.6878185289390926
HCC-2L|P3|N25	HCC-2L	P3	HCC-2L|ACGGTACAGTTCAATG-1	ACGGTACAGTTCAATG-1	2.160918460256607	1.807468323249289
HCC-2L|P3|N25	HCC-2L	P3	HCC-2L|AGGATATCCGACTGCA-1	AGGATATCCGACTGCA-1	2.2091365105392216	1.932273434095725
HCC-2L|P3|N25	HCC-2L	P3	HCC-2L|CGAGACTACTGCTGCT-1	CGAGACTACTGCTGCT-1	1.0847072698868439	1.3720543679219717
HCC-2L|P3|N25	HCC-2L	P3	HCC-2L|CTCGCTAGGTAAGCGA-1	CTCGCTAGGTAAGCGA-1	2.2799645419458434	1.7783053194835028
HCC-2L|P3|N25	HCC-2L	P3	HCC-2L|CTGGTAAAGACTTACA-1	CTGGTAAAGACTTACA-1	1.0583311778005418	1.0832678442006407
HCC-2L|P3|N25	HCC-2L	P3	HCC-2L|GACACTTCCAATTACC-1	GACACTTCCAATTACC-1	1.0226332779678349	1.2458732620566244
HCC-2L|P3|N25	HCC-2L	P3	HCC-2L|GATAGATAGTACAGTC-1	GATAGATAGTACAGTC-1	2.1533340221046435	1.4664958997237556
HCC-2L|P3|N25	HCC-2L	P3	HCC-2L|GTGGCTGTTTCTGTTC-1	GTGGCTGTTTCTGTTC-1	2.146325079467528	1.6244902221844186
HCC-2L|P3|N25	HCC-2L	P3	HCC-2L|GTTTCTAGAGGCGCGG-1	GTTTCTAGAGGCGCGG-1	1.0480164309558504	1.2535536668918636
HCC-2L|P3|N25	HCC-2L	P3	HCC-2L|TCGTTTACGCGACCCT-1	TCGTTTACGCGACCCT-1	2.1640582724142057	1.9057006731481736
HCC-2L|P3|N27	HCC-2L	P3	HCC-2L|ACCCAACGCCCGTGGC-1	ACCCAACGCCCGTGGC-1	1.0790287972577945	1.1495765708177974
HCC-2L|P3|N27	HCC-2L	P3	HCC-2L|AGGGTGCTCTCGAGGG-1	AGGGTGCTCTCGAGGG-1	1.0652689074835462	1.2646237872990391
HCC-2L|P3|N27	HCC-2L	P3	HCC-2L|AGGGTTCCCTTTGGTT-1	AGGGTTCCCTTTGGTT-1	1.0849235791704592	1.149898101737881
HCC-2L|P3|N27	HCC-2L	P3	HCC-2L|AGTGATTCAAGCAGGA-1	AGTGATTCAAGCAGGA-1	1.8591898215296652	1.3106363535296603
HCC-2L|P3|N27	HCC-2L	P3	HCC-2L|CACACGCGCTGTCTTA-1	CACACGCGCTGTCTTA-1	2.0840598959571444	1.7550997998339495
HCC-2L|P3|N27	HCC-2L	P3	HCC-2L|CGCTTTCTTGCATTCG-1	CGCTTTCTTGCATTCG-1	2.1599328086821115	1.8012770681660102
HCC-2L|P3|N27	HCC-2L	P3	HCC-2L|CGGGTGTACCCATTTA-1	CGGGTGTACCCATTTA-1	2.379523227931703	1.685299884812503
HCC-2L|P3|N27	HCC-2L	P3	HCC-2L|GAACGTCTCATGGTCG-1	GAACGTCTCATGGTCG-1	1.8533195397785331	1.6669440482710018
HCC-2L|P3|N27	HCC-2L	P3	HCC-2L|GGATGTCCTTACCGCA-1	GGATGTCCTTACCGCA-1	2.2261610652930597	1.4812956311387409
HCC-2L|P3|N27	HCC-2L	P3	HCC-2L|GGATTTCACTTCTATA-1	GGATTTCACTTCTATA-1	2.239994416559989	1.5743563956658326
HCC-2L|P3|N27	HCC-2L	P3	HCC-2L|GGTTTCAATCGGTCAG-1	GGTTTCAATCGGTCAG-1	2.148510393280842	1.8896247810887568
HCC-2L|P3|N27	HCC-2L	P3	HCC-2L|GTAGCTTCCTCTTGTT-1	GTAGCTTCCTCTTGTT-1	2.153303360202623	1.6040732373786837
HCC-2L|P3|N27	HCC-2L	P3	HCC-2L|TAGACGCCCGTACCGG-1	TAGACGCCCGTACCGG-1	2.2659882437883403	1.7595093069744498
HCC-2L|P3|N27	HCC-2L	P3	HCC-2L|TATGTCTCATTGTGCC-1	TATGTCTCATTGTGCC-1	2.1570430719603846	1.5236855359818433
HCC-2L|P3|N27	HCC-2L	P3	HCC-2L|TGAGTGGTCCGTGACG-1	TGAGTGGTCCGTGACG-1	1.0836013460376863	1.2697979452798918
HCC-2L|P3|N27	HCC-2L	P3	HCC-2L|TTCTAACCGAAGCTTA-1	TTCTAACCGAAGCTTA-1	2.228908676878201	1.8297604081306056
HCC-2L|P3|N31	HCC-2L	P3	HCC-2L|ACGTAGGAGAGTCGCT-1	ACGTAGGAGAGTCGCT-1	2.093271112440086	1.5793850529218618
HCC-2L|P3|N31	HCC-2L	P3	HCC-2L|AGGCTTAAGTTGCACA-1	AGGCTTAAGTTGCACA-1	2.213581058330717	1.7797394287726203
HCC-2L|P3|N31	HCC-2L	P3	HCC-2L|ATATGTCTAGAGCGTG-1	ATATGTCTAGAGCGTG-1	2.3315860200368768	1.8176104766950303
HCC-2L|P3|N31	HCC-2L	P3	HCC-2L|CAAACCCTCCGGCGGG-1	CAAACCCTCCGGCGGG-1	2.280775585292323	1.6615325650861972
HCC-2L|P3|N31	HCC-2L	P3	HCC-2L|CCGCTCCAGGGCGATC-1	CCGCTCCAGGGCGATC-1	2.204392286583348	1.8225894676187915
HCC-2L|P3|N31	HCC-2L	P3	HCC-2L|CGAAGATCAGTTTCAT-1	CGAAGATCAGTTTCAT-1	2.2311865740644614	1.50602526061128
HCC-2L|P3|N31	HCC-2L	P3	HCC-2L|CGGACCTTTACGTCCC-1	CGGACCTTTACGTCCC-1	0.9872453069224695	1.2287563886855748
HCC-2L|P3|N31	HCC-2L	P3	HCC-2L|CTAAAGGATGAGATAC-1	CTAAAGGATGAGATAC-1	1.0215879899980773	1.1692961197907286
HCC-2L|P3|N31	HCC-2L	P3	HCC-2L|GACAGAGGTCTTCAGT-1	GACAGAGGTCTTCAGT-1	2.1474140214980824	2.0328969259537937
HCC-2L|P3|N31	HCC-2L	P3	HCC-2L|GAGATGGCTTTAATCA-1	GAGATGGCTTTAATCA-1	2.063907270096202	1.2909044191996515
HCC-2L|P3|N31	HCC-2L	P3	HCC-2L|GAGCTCAACATGAGCG-1	GAGCTCAACATGAGCG-1	2.3080930591075393	1.983981871203653
HCC-2L|P3|N31	HCC-2L	P3	HCC-2L|GCACACAGCTATTACC-1	GCACACAGCTATTACC-1	2.2092668021104944	1.7497856409727295
HCC-2L|P3|N31	HCC-2L	P3	HCC-2L|GGCCCAGCTGGTTTGC-1	GGCCCAGCTGGTTTGC-1	2.159192858966824	1.4294521478026596
HCC-2L|P3|N31	HCC-2L	P3	HCC-2L|GTGCTATCCAGCTGGA-1	GTGCTATCCAGCTGGA-1	2.230855107975429	1.9038843228542586
HCC-2L|P3|N31	HCC-2L	P3	HCC-2L|TCGATTTACGAAACGA-1	TCGATTTACGAAACGA-1	2.2074951653337953	1.9307110693203131
HCC-2L|P3|N31	HCC-2L	P3	HCC-2L|TGGGTGTTAAGTAGAA-1	TGGGTGTTAAGTAGAA-1	2.1987522772772943	1.8203560138538273
HCC-2L|P3|N31	HCC-2L	P3	HCC-2L|TGTCGTGGGTATAGGC-1	TGTCGTGGGTATAGGC-1	2.2780077069397917	1.7836863436295933
HCC-2L|P3|N33	HCC-2L	P3	HCC-2L|ACTATTCGTCCGTGGT-1	ACTATTCGTCCGTGGT-1	1.0341238660973655	1.226794723359764
HCC-2L|P3|N33	HCC-2L	P3	HCC-2L|ATTTCATTATTTCGCG-1	ATTTCATTATTTCGCG-1	1.0745246319606407	1.175908372317903
HCC-2L|P3|N33	HCC-2L	P3	HCC-2L|CACTCAGCTCTTGAGG-1	CACTCAGCTCTTGAGG-1	1.2458388877271465	1.0883779584957616
HCC-2L|P3|N33	HCC-2L	P3	HCC-2L|CATAGTACATTGAGAG-1	CATAGTACATTGAGAG-1	1.0383747237995735	1.386361647927206
HCC-2L|P3|N33	HCC-2L	P3	HCC-2L|CCATAAACAACCCGAC-1	CCATAAACAACCCGAC-1	2.357338990482179	1.7760078051614419
HCC-2L|P3|N33	HCC-2L	P3	HCC-2L|CCTCTGGCCTAGACGG-1	CCTCTGGCCTAGACGG-1	1.9464619428546555	1.7131647200478486
HCC-2L|P3|N33	HCC-2L	P3	HCC-2L|CGAACGCCCAGTGCCG-1	CGAACGCCCAGTGCCG-1	1.2843626294988275	1.1054701079719205
HCC-2L|P3|N33	HCC-2L	P3	HCC-2L|CTCTGTTTGAGGATTC-1	CTCTGTTTGAGGATTC-1	1.1009462851732683	1.0979611561738523
HCC-2L|P3|N33	HCC-2L	P3	HCC-2L|GATTCCGCGTTTCCGT-1	GATTCCGCGTTTCCGT-1	2.3705761184928487	1.7490852901633787
HCC-2L|P3|N33	HCC-2L	P3	HCC-2L|TATTTATACCGAGTAG-1	TATTTATACCGAGTAG-1	1.6605432048640008	1.303173083135623
HCC-2L|P3|N33	HCC-2L	P3	HCC-2L|TGAAACTTATGCAAGC-1	TGAAACTTATGCAAGC-1	1.189537656568304	1.0738139993188156
HCC-2L|P3|N33	HCC-2L	P3	HCC-2L|TGGGTAAGGTTCCCGC-1	TGGGTAAGGTTCCCGC-1	1.27465612625732	1.0757302515547618
HCC-2L|P3|N33	HCC-2L	P3	HCC-2L|TTAAGCCGACAACTTC-1	TTAAGCCGACAACTTC-1	1.0530204973576973	1.1799023015491121
HCC-2L|P3|N33	HCC-2L	P3	HCC-2L|TTCAAGCCGAGCTGAG-1	TTCAAGCCGAGCTGAG-1	1.0215540569742951	1.1479965293058538
HCC-2L|P3|N33	HCC-2L	P3	HCC-2L|TTGTATCACACAGAAT-1	TTGTATCACACAGAAT-1	1.110633393361433	1.1010444162184494
HCC-2L|P3|N34	HCC-2L	P3	HCC-2L|ACTTGACTCCCTCTTT-1	ACTTGACTCCCTCTTT-1	2.285499050578541	1.6932039038591897
HCC-2L|P3|N34	HCC-2L	P3	HCC-2L|CTAGATTTACGACGGC-1	CTAGATTTACGACGGC-1	2.241094398986561	1.6704753045490137
HCC-2L|P3|N34	HCC-2L	P3	HCC-2L|CTGTGCAGGGTAGGTC-1	CTGTGCAGGGTAGGTC-1	1.0150332079225228	1.0673840337706637
HCC-2L|P3|N34	HCC-2L	P3	HCC-2L|GATTCGACGGTTCACG-1	GATTCGACGGTTCACG-1	2.251270070717857	1.8697038118771074
HCC-2L|P3|N34	HCC-2L	P3	HCC-2L|GCTGCACGGTTTCTTA-1	GCTGCACGGTTTCTTA-1	1.070814635059871	1.5431556628107335
HCC-2L|P3|N34	HCC-2L	P3	HCC-2L|GTGTTACTATGCGTCC-1	GTGTTACTATGCGTCC-1	1.058167026356737	1.1855360139165838
HCC-2L|P3|N34	HCC-2L	P3	HCC-2L|GTTTCTGCAGTCTCCC-1	GTTTCTGCAGTCTCCC-1	2.2414529061682824	1.6904576463690826
HCC-2L|P3|N34	HCC-2L	P3	HCC-2L|TCCAGAGCACCGGTTC-1	TCCAGAGCACCGGTTC-1	2.3017111740080156	1.6120981303274582
HCC-2L|P3|N34	HCC-2L	P3	HCC-2L|TCCTCGGGCTGGGCTT-1	TCCTCGGGCTGGGCTT-1	1.0875591101720945	1.0880093461965132
HCC-2L|P3|N34	HCC-2L	P3	HCC-2L|TGCGTTTGTTGACACT-1	TGCGTTTGTTGACACT-1	1.0800941717017152	1.1015223244893975
HCC-2L|P3|N47	HCC-2L	P3	HCC-2L|ATAGGGATATCCTTGA-1	ATAGGGATATCCTTGA-1	2.1615014648084707	1.717408328859798
HCC-2L|P3|N47	HCC-2L	P3	HCC-2L|CACCTAATCAGTTTAC-1	CACCTAATCAGTTTAC-1	1.068442514601857	1.0669780193921272
HCC-2L|P3|N47	HCC-2L	P3	HCC-2L|CATGATGCACAATTCT-1	CATGATGCACAATTCT-1	2.2928367223752346	1.9731781919976958
HCC-2L|P3|N47	HCC-2L	P3	HCC-2L|CGTACCTGATAGGCCT-1	CGTACCTGATAGGCCT-1	2.1627680202606494	1.629014756664899
HCC-2L|P3|N47	HCC-2L	P3	HCC-2L|CTGAAAGAGATCCGAC-1	CTGAAAGAGATCCGAC-1	1.0946986897928987	1.1044389712075144
HCC-2L|P3|N47	HCC-2L	P3	HCC-2L|GAATGTTGGGTAATCT-1	GAATGTTGGGTAATCT-1	1.0727363946438373	1.0686419006123626
HCC-2L|P3|N47	HCC-2L	P3	HCC-2L|TGCCTGATCAAACGAT-1	TGCCTGATCAAACGAT-1	1.0210651949383167	1.3478909664202292
HCC-2L|P3|N47	HCC-2L	P3	HCC-2L|TGCGGAGTAAAGGTGC-1	TGCGGAGTAAAGGTGC-1	2.151897710253276	1.8076818783171174
HCC-2L|P3|N47	HCC-2L	P3	HCC-2L|TGGAAGGATAAAGATG-1	TGGAAGGATAAAGATG-1	2.3907812158718005	1.6578135933712814
HCC-2L|P3|N47	HCC-2L	P3	HCC-2L|TGTGACTACGCCAGTC-1	TGTGACTACGCCAGTC-1	1.073492219306773	1.073542757173764
HCC-2L|P3|N50	HCC-2L	P3	HCC-2L|CAAACCATAAGCGTAT-1	CAAACCATAAGCGTAT-1	1.066552585782052	1.499630633720694
HCC-2L|P3|N50	HCC-2L	P3	HCC-2L|CATGTGGGCTCATCAC-1	CATGTGGGCTCATCAC-1	2.2665444160041415	1.6798383162088122
HCC-2L|P3|N50	HCC-2L	P3	HCC-2L|CCCGTGACAGTGCCTT-1	CCCGTGACAGTGCCTT-1	2.1683044694563205	1.754102707928645
HCC-2L|P3|N50	HCC-2L	P3	HCC-2L|CGCGGGAATTCCTTTC-1	CGCGGGAATTCCTTTC-1	1.068336592479708	1.0944572921930533
HCC-2L|P3|N50	HCC-2L	P3	HCC-2L|CTTCATCACCAGGGCT-1	CTTCATCACCAGGGCT-1	1.1000667761165317	1.1033937248981176
HCC-2L|P3|N50	HCC-2L	P3	HCC-2L|GATTATCTTGCATTAT-1	GATTATCTTGCATTAT-1	1.066123008461268	1.0875226491604866
HCC-2L|P3|N50	HCC-2L	P3	HCC-2L|GGCTGGCAATCCCACG-1	GGCTGGCAATCCCACG-1	2.1959190650603513	1.6562350108173045
HCC-2L|P3|N50	HCC-2L	P3	HCC-2L|GTCTGCCGACTCGACG-1	GTCTGCCGACTCGACG-1	2.2890172186645485	1.6073246559054803
HCC-2L|P3|N50	HCC-2L	P3	HCC-2L|TACTCGTTTGAATCAA-1	TACTCGTTTGAATCAA-1	2.1952499016968625	1.5765496105066534
HCC-2L|P3|N50	HCC-2L	P3	HCC-2L|TCAGAGGACGCGTTAG-1	TCAGAGGACGCGTTAG-1	1.0876912228637334	1.0998937044738648
HCC-2L|P3|N50	HCC-2L	P3	HCC-2L|TCTATCCGATTGCACA-1	TCTATCCGATTGCACA-1	1.0734884771144326	1.1856066404303245
HCC-2L|P3|N50	HCC-2L	P3	HCC-2L|TTGGCCAAATTGTATC-1	TTGGCCAAATTGTATC-1	2.2141337328907915	1.5698903560505497
HCC-2L|P4|N2	HCC-2L	P4	HCC-2L|AAACCTAAGCAGCCGG-1	AAACCTAAGCAGCCGG-1	2.918407871901848	1.7025498677276123
HCC-2L|P4|N2	HCC-2L	P4	HCC-2L|AATCGTGAGCCGAGCA-1	AATCGTGAGCCGAGCA-1	0.0	0.2433459317766883
HCC-2L|P4|N2	HCC-2L	P4	HCC-2L|AGTCGTATAAAGCAGA-1	AGTCGTATAAAGCAGA-1	0.0	0.24320065599182064
HCC-2L|P4|N2	HCC-2L	P4	HCC-2L|ATTGCCTTTATGTTTG-1	ATTGCCTTTATGTTTG-1	0.0	0.24320065599182064
HCC-2L|P4|N2	HCC-2L	P4	HCC-2L|CAGGCAGTCTTACCAG-1	CAGGCAGTCTTACCAG-1	0.0	0.48654658776850895
HCC-2L|P4|N2	HCC-2L	P4	HCC-2L|GAACAACTGGGATGAA-1	GAACAACTGGGATGAA-1	0.0	0.2433459317766883
HCC-2L|P4|N2	HCC-2L	P4	HCC-2L|GCGAAGAATCTGACGG-1	GCGAAGAATCTGACGG-1	2.92015118132026	1.7032762466519507
HCC-2L|P4|N2	HCC-2L	P4	HCC-2L|GGCGTAGGGAAAGCTG-1	GGCGTAGGGAAAGCTG-1	0.0	0.24320065599182064
HCC-2L|P4|N2	HCC-2L	P4	HCC-2L|TCGCCGACATATTCGC-1	TCGCCGACATATTCGC-1	0.0	0.2433459317766883
HCC-2L|P4|N2	HCC-2L	P4	HCC-2L|TGAATACCGACGCGTA-1	TGAATACCGACGCGTA-1	0.0	0.48654658776850895
HCC-2L|P4|N4	HCC-2L	P4	HCC-2L|AAATGCTCGTTACGTT-1	AAATGCTCGTTACGTT-1	0.0	0.369907808211466
HCC-2L|P4|N4	HCC-2L	P4	HCC-2L|AACTTGCGTTCTCGCG-1	AACTTGCGTTCTCGCG-1	0.0	0.46538339511362475
HCC-2L|P4|N4	HCC-2L	P4	HCC-2L|AATGAGTTCGCATATG-1	AATGAGTTCGCATATG-1	4.412845497881747	2.6718520724929045
HCC-2L|P4|N4	HCC-2L	P4	HCC-2L|AGAATTGTTTGACATA-1	AGAATTGTTTGACATA-1	0.0	0.36990882927654445
HCC-2L|P4|N4	HCC-2L	P4	HCC-2L|AGTCAGCCACCGCCTG-1	AGTCAGCCACCGCCTG-1	0.0	0.370646369310925
HCC-2L|P4|N4	HCC-2L	P4	HCC-2L|CACCTAATAGAGTCGT-1	CACCTAATAGAGTCGT-1	0.025497059394971197	0.3817562285092262
HCC-2L|P4|N4	HCC-2L	P4	HCC-2L|CAGTGGTTGCACATGA-1	CAGTGGTTGCACATGA-1	4.413396639142621	2.574436465459868
HCC-2L|P4|N4	HCC-2L	P4	HCC-2L|CATTTCTAGCAGACTA-1	CATTTCTAGCAGACTA-1	0.0	0.3711324537613216
HCC-2L|P4|N4	HCC-2L	P4	HCC-2L|CCGAAAGTGGTGAGCA-1	CCGAAAGTGGTGAGCA-1	4.428092385740888	2.217809618319209
HCC-2L|P4|N4	HCC-2L	P4	HCC-2L|CGAGGCCAGGCATTGG-1	CGAGGCCAGGCATTGG-1	0.0	0.3677371248234789
HCC-2L|P4|N4	HCC-2L	P4	HCC-2L|CTCCGGCTTGTAGACA-1	CTCCGGCTTGTAGACA-1	1.1717552434817498	0.9536147465643539
HCC-2L|P4|N4	HCC-2L	P4	HCC-2L|CTTGTTTATGTAGCCA-1	CTTGTTTATGTAGCCA-1	0.0	0.370646369310925
HCC-2L|P4|N4	HCC-2L	P4	HCC-2L|GAGGTCCCAAAGATCT-1	GAGGTCCCAAAGATCT-1	0.0	0.3711324537613216
HCC-2L|P4|N4	HCC-2L	P4	HCC-2L|TCATCACTCGAGCTCG-1	TCATCACTCGAGCTCG-1	0.01966404599021188	0.37883972180684655
HCC-2L|P4|N4	HCC-2L	P4	HCC-2L|TCTGCGTCCGGTTTCT-1	TCTGCGTCCGGTTTCT-1	0.0	0.7355201780853641
HCC-2L|P4|N4	HCC-2L	P4	HCC-2L|TGCCTGACATCGGTCA-1	TGCCTGACATCGGTCA-1	0.0	0.8331674694405883
HCC-2L|P4|N4	HCC-2L	P4	HCC-2L|TTGGCCATCTTGCGCT-1	TTGGCCATCTTGCGCT-1	1.2252780941452993e-05	0.3677891796523558
HCC-2L|P4|N7	HCC-2L	P4	HCC-2L|AACCGAGCTTGGTCAT-1	AACCGAGCTTGGTCAT-1	2.438372320831574	1.722646072215841
HCC-2L|P4|N7	HCC-2L	P4	HCC-2L|ACTCAATAAAGGCACG-1	ACTCAATAAAGGCACG-1	2.4382236067545127	1.4223094967798875
HCC-2L|P4|N7	HCC-2L	P4	HCC-2L|ATAACGGAGTCCAACG-1	ATAACGGAGTCCAACG-1	0.0	0.7952242846781435
HCC-2L|P4|N7	HCC-2L	P4	HCC-2L|CACGCACAGCGCAGCT-1	CACGCACAGCGCAGCT-1	3.580986356314457	2.6727407358360686
HCC-2L|P4|N7	HCC-2L	P4	HCC-2L|CCTCTAATCTGCCAAG-1	CCTCTAATCTGCCAAG-1	0.0	0.8927029678671224
HCC-2L|P4|N7	HCC-2L	P4	HCC-2L|CCTGAATATTTACATA-1	CCTGAATATTTACATA-1	0.022308978531680054	0.5127677123613426
HCC-2L|P4|N7	HCC-2L	P4	HCC-2L|CTCGCACCTATATAGT-1	CTCGCACCTATATAGT-1	0.0	0.4063829939655072
HCC-2L|P4|N7	HCC-2L	P4	HCC-2L|TAAGGCAACATAAGAT-1	TAAGGCAACATAAGAT-1	0.0	0.8457582283900542
HCC-2L|P4|N7	HCC-2L	P4	HCC-2L|TCCCGTCAGTCCCGCA-1	TCCCGTCAGTCCCGCA-1	0.7473460021341854	1.1688972857452362
HCC-2L|P4|N7	HCC-2L	P4	HCC-2L|TGCAGGATCGGCAAAG-1	TGCAGGATCGGCAAAG-1	6.361794277425148	3.7219386835186543
HCC-2L|P4|N10	HCC-2L	P4	HCC-2L|AACCTTTACGACGTCT-1	AACCTTTACGACGTCT-1	0.0	0.47221675108118344
HCC-2L|P4|N10	HCC-2L	P4	HCC-2L|AATGCACCAAGCAATG-1	AATGCACCAAGCAATG-1	0.0	0.33511294651147966
HCC-2L|P4|N10	HCC-2L	P4	HCC-2L|AGATCGTGCATAAGAT-1	AGATCGTGCATAAGAT-1	0.0	0.2504041750257995
HCC-2L|P4|N10	HCC-2L	P4	HCC-2L|AGTCCCGCCTTTAATT-1	AGTCCCGCCTTTAATT-1	2.012785255180468	1.4472727411256932
HCC-2L|P4|N10	HCC-2L	P4	HCC-2L|AGTGTATTGCGCATTG-1	AGTGTATTGCGCATTG-1	1.6367456046317757	1.1252503993566627
HCC-2L|P4|N10	HCC-2L	P4	HCC-2L|ATCGGCAAGCAGTCCA-1	ATCGGCAAGCAGTCCA-1	1.8590108706420203	1.1097008092789882
HCC-2L|P4|N10	HCC-2L	P4	HCC-2L|ATTCAGGACCTATTTC-1	ATTCAGGACCTATTTC-1	1.1458392296675732	0.7278371873872883
HCC-2L|P4|N10	HCC-2L	P4	HCC-2L|CGTTTCACTTCGGGCG-1	CGTTTCACTTCGGGCG-1	0.0	0.3330712586387809
HCC-2L|P4|N10	HCC-2L	P4	HCC-2L|GCAGGTAGAGTATGGT-1	GCAGGTAGAGTATGGT-1	0.0	0.3888363431367005
HCC-2L|P4|N10	HCC-2L	P4	HCC-2L|GCGGTGAACTGCGCTC-1	GCGGTGAACTGCGCTC-1	0.0	0.23962634403918184
HCC-2L|P4|N10	HCC-2L	P4	HCC-2L|GTCGTATTGGCGTACA-1	GTCGTATTGGCGTACA-1	1.0165052578281621	0.6631702014675828
HCC-2L|P4|N10	HCC-2L	P4	HCC-2L|GTTGGATTCAGTGGCT-1	GTTGGATTCAGTGGCT-1	0.0	0.2755409594950506
HCC-2L|P4|N10	HCC-2L	P4	HCC-2L|TAATAAACAAGGAGAT-1	TAATAAACAAGGAGAT-1	1.984069848484903	1.159767028840824
HCC-2L|P4|N10	HCC-2L	P4	HCC-2L|TGAGATTAGGCCCTAA-1	TGAGATTAGGCCCTAA-1	1.669745909308831	1.1390005263054357
HCC-2L|P4|N11	HCC-2L	P4	HCC-2L|AACGTCGCTGCACTTC-1	AACGTCGCTGCACTTC-1	0.0	0.8692159756225486
HCC-2L|P4|N11	HCC-2L	P4	HCC-2L|AATCGGTATAGCCCTC-1	AATCGGTATAGCCCTC-1	0.0	0.4489482144529527
HCC-2L|P4|N11	HCC-2L	P4	HCC-2L|AGCCCGCACTACAATG-1	AGCCCGCACTACAATG-1	3.632202472895581	1.8161012364477904
HCC-2L|P4|N11	HCC-2L	P4	HCC-2L|AGTAACTATAGCAGCC-1	AGTAACTATAGCAGCC-1	2.6851740449039103	1.5677707331629154
HCC-2L|P4|N11	HCC-2L	P4	HCC-2L|ATTGGTTGTGCATTAC-1	ATTGGTTGTGCATTAC-1	0.0	0.6205689695875297
HCC-2L|P4|N11	HCC-2L	P4	HCC-2L|CTCATAAATGTGTATA-1	CTCATAAATGTGTATA-1	0.0	0.3413487255036232
HCC-2L|P4|N11	HCC-2L	P4	HCC-2L|CTGGCGATTTACATGT-1	CTGGCGATTTACATGT-1	2.059449061614924	1.4246362118874685
HCC-2L|P4|N11	HCC-2L	P4	HCC-2L|GCGGATTACTTGTTCT-1	GCGGATTACTTGTTCT-1	0.0	0.47241150977701135
HCC-2L|P4|N11	HCC-2L	P4	HCC-2L|GCTAAGCCCAGTATGC-1	GCTAAGCCCAGTATGC-1	2.036735644428555	1.1899885773488545
HCC-2L|P4|N11	HCC-2L	P4	HCC-2L|GCTTGAGTGACCTCTG-1	GCTTGAGTGACCTCTG-1	0.0	0.30268353940796505
HCC-2L|P4|N11	HCC-2L	P4	HCC-2L|GGCACGCTGCTACAGT-1	GGCACGCTGCTACAGT-1	0.0	0.30268353940796505
HCC-2L|P4|N11	HCC-2L	P4	HCC-2L|GTCTCCCGAGTCCCGT-1	GTCTCCCGAGTCCCGT-1	0.0	0.5278672501189253
HCC-2L|P4|N11	HCC-2L	P4	HCC-2L|TCCACCAAGACATAGG-1	TCCACCAAGACATAGG-1	2.7022045285315226	1.746487523142331
HCC-2L|P4|N11	HCC-2L	P4	HCC-2L|TCTAACCTAGCCTGCG-1	TCTAACCTAGCCTGCG-1	0.0	0.30268353940796505
HCC-2L|P4|N13	HCC-2L	P4	HCC-2L|AAGGAGCGGTTGGTGC-1	AAGGAGCGGTTGGTGC-1	0.0	0.4070185589128576
HCC-2L|P4|N13	HCC-2L	P4	HCC-2L|AAGGCTGTGCTCATCG-1	AAGGCTGTGCTCATCG-1	0.0	0.6775589729735874
HCC-2L|P4|N13	HCC-2L	P4	HCC-2L|ACTTGGGACCCGGTGG-1	ACTTGGGACCCGGTGG-1	2.442095115220313	1.4245576977485108
HCC-2L|P4|N13	HCC-2L	P4	HCC-2L|AGTTCCTACAGAATTA-1	AGTTCCTACAGAATTA-1	0.0	0.43174195322921216
HCC-2L|P4|N13	HCC-2L	P4	HCC-2L|ATTGAAGATCTTAGTG-1	ATTGAAGATCTTAGTG-1	2.738808323530233	1.6018549369206727
HCC-2L|P4|N13	HCC-2L	P4	HCC-2L|CACGCAGCGAGGCTTT-1	CACGCAGCGAGGCTTT-1	0.0	0.2415980576796767
HCC-2L|P4|N13	HCC-2L	P4	HCC-2L|CTTACACGGTATTCCA-1	CTTACACGGTATTCCA-1	1.4916274754862882	1.0955602809545195
HCC-2L|P4|N13	HCC-2L	P4	HCC-2L|GACCAGAGCCCTGTAG-1	GACCAGAGCCCTGTAG-1	2.789409301866675	1.7472409675180476
HCC-2L|P4|N13	HCC-2L	P4	HCC-2L|GGCGGAGTAATATTAG-1	GGCGGAGTAATATTAG-1	0.0	0.35675306477941354
HCC-2L|P4|N13	HCC-2L	P4	HCC-2L|TCACAGGTTATTGGGC-1	TCACAGGTTATTGGGC-1	0.0	0.46068480211640894
HCC-2L|P4|N13	HCC-2L	P4	HCC-2L|TCCCAGGCTTAGCTAA-1	TCCCAGGCTTAGCTAA-1	0.0	0.8677028685231228
HCC-2L|P4|N13	HCC-2L	P4	HCC-2L|TCGAAATTTAGGACCA-1	TCGAAATTTAGGACCA-1	0.0	0.3208064007003176
HCC-2L|P4|N13	HCC-2L	P4	HCC-2L|TTAAGCGCCTGACCCA-1	TTAAGCGCCTGACCCA-1	1.4075492166698322	0.8280768979587735
HCC-2L|P4|N13	HCC-2L	P4	HCC-2L|TTGATCTAACTTTGTC-1	TTGATCTAACTTTGTC-1	2.442121681660253	1.4245692596046298
HCC-2L|P4|N14	HCC-2L	P4	HCC-2L|AAGGTATCCTAATATA-1	AAGGTATCCTAATATA-1	0.0	0.3063501789966444
HCC-2L|P4|N14	HCC-2L	P4	HCC-2L|ACGATACATAGAACTA-1	ACGATACATAGAACTA-1	2.702241645643181	2.1404749203377698
HCC-2L|P4|N14	HCC-2L	P4	HCC-2L|AGCCACTCCCGTGCTT-1	AGCCACTCCCGTGCTT-1	2.5956128006334653	1.7500320716235884
HCC-2L|P4|N14	HCC-2L	P4	HCC-2L|ATACGGGTTTCGATTG-1	ATACGGGTTTCGATTG-1	0.0	0.4414878705230539
HCC-2L|P4|N14	HCC-2L	P4	HCC-2L|ATTAATGAACCAGTCG-1	ATTAATGAACCAGTCG-1	2.7244664100390876	2.2452089460656515
HCC-2L|P4|N14	HCC-2L	P4	HCC-2L|CACCTTGCGAAACTCG-1	CACCTTGCGAAACTCG-1	2.397213110455978	1.4410176969500559
HCC-2L|P4|N14	HCC-2L	P4	HCC-2L|CAGTGAATAAATGACT-1	CAGTGAATAAATGACT-1	1.4068910628654585	1.028383510454006
HCC-2L|P4|N14	HCC-2L	P4	HCC-2L|CATTTAGCGGACCATG-1	CATTTAGCGGACCATG-1	1.5020426377993434	1.0680300000097915
HCC-2L|P4|N14	HCC-2L	P4	HCC-2L|CCAGTCTAGACGGCGC-1	CCAGTCTAGACGGCGC-1	0.0	0.3249379790212768
HCC-2L|P4|N14	HCC-2L	P4	HCC-2L|CGCCATCCGATTATGA-1	CGCCATCCGATTATGA-1	0.0	0.5320079210672553
HCC-2L|P4|N14	HCC-2L	P4	HCC-2L|CGGTCAAGTGGGAACC-1	CGGTCAAGTGGGAACC-1	2.2693110850942744	1.323700324006095
HCC-2L|P4|N14	HCC-2L	P4	HCC-2L|CTAAATCCTATTCCGG-1	CTAAATCCTATTCCGG-1	0.0	0.24241114172206682
HCC-2L|P4|N14	HCC-2L	P4	HCC-2L|CTGTCAAATGGCTCGG-1	CTGTCAAATGGCTCGG-1	0.0	0.4160688259241203
HCC-2L|P4|N14	HCC-2L	P4	HCC-2L|GCCCGTAATACCTTCT-1	GCCCGTAATACCTTCT-1	2.268527569764897	1.3233738592855209
HCC-2L|P4|N14	HCC-2L	P4	HCC-2L|GGAGCACCAAGAACTA-1	GGAGCACCAAGAACTA-1	0.0	0.3063501789966444
HCC-2L|P4|N14	HCC-2L	P4	HCC-2L|GTGTACCTTGGCTACG-1	GTGTACCTTGGCTACG-1	9.807742595539703e-06	0.37815812510956204
HCC-2L|P4|N14	HCC-2L	P4	HCC-2L|TACTCTCCGAACAAAT-1	TACTCTCCGAACAAAT-1	0.0	0.43964195084436825
HCC-2L|P4|N14	HCC-2L	P4	HCC-2L|TCTCCAACGTAGGTTA-1	TCTCCAACGTAGGTTA-1	0.0	0.2573461764489237
HCC-2L|P4|N14	HCC-2L	P4	HCC-2L|TGTTGTCAAGAAGTCT-1	TGTTGTCAAGAAGTCT-1	0.0	0.5333097478295752
HCC-2L|P4|N14	HCC-2L	P4	HCC-2L|TTCTTGGAGTAATGAG-1	TTCTTGGAGTAATGAG-1	2.5734617644892372	1.6245110879500162
HCC-2L|P4|N14	HCC-2L	P4	HCC-2L|TTGTAAGGCCAGTTGG-1	TTGTAAGGCCAGTTGG-1	0.0	0.3781532212382643
HCC-2L|P4|N21	HCC-2L	P4	HCC-2L|AATCTATGCCGGAGCC-1	AATCTATGCCGGAGCC-1	1.4771394344325248	0.946825835414443
HCC-2L|P4|N21	HCC-2L	P4	HCC-2L|ACGCAATCACTACAGC-1	ACGCAATCACTACAGC-1	0.0	0.4630014324499829
HCC-2L|P4|N21	HCC-2L	P4	HCC-2L|CATTACATAGATTGTG-1	CATTACATAGATTGTG-1	0.0	0.278135639865966
HCC-2L|P4|N21	HCC-2L	P4	HCC-2L|CTCTAATGCATTGATC-1	CTCTAATGCATTGATC-1	1.5798043365891028	0.998158286492732
HCC-2L|P4|N21	HCC-2L	P4	HCC-2L|GGTTTAATTGAGCAGG-1	GGTTTAATTGAGCAGG-1	1.6688760533040572	0.9735006620759898
HCC-2L|P4|N21	HCC-2L	P4	HCC-2L|GTCTCGACTAAGTTTG-1	GTCTCGACTAAGTTTG-1	2.499073418378167	1.5042820234408858
HCC-2L|P4|N21	HCC-2L	P4	HCC-2L|TATGATCCGGCACGCC-1	TATGATCCGGCACGCC-1	0.0	0.3313510710675576
HCC-2L|P4|N21	HCC-2L	P4	HCC-2L|TGGTTAAGGGCGCTGG-1	TGGTTAAGGGCGCTGG-1	0.0	0.278135639865966
HCC-2L|P4|N21	HCC-2L	P4	HCC-2L|TGGTTTAAACGTGGGT-1	TGGTTTAAACGTGGGT-1	0.0	0.33990647958060577
HCC-2L|P4|N21	HCC-2L	P4	HCC-2L|TTGATAGTCAATACAT-1	TTGATAGTCAATACAT-1	1.6687516250875347	0.9734488169857721
HCC-2L|P4|N26	HCC-2L	P4	HCC-2L|ACACCGAGCGCTCTTT-1	ACACCGAGCGCTCTTT-1	2.2546815481222904	1.6009307561931556
HCC-2L|P4|N26	HCC-2L	P4	HCC-2L|ACCATTAAGGGTGTCA-1	ACCATTAAGGGTGTCA-1	3.4284377985997407	2.187808881431881
HCC-2L|P4|N26	HCC-2L	P4	HCC-2L|AGGACTTATAGGAGAA-1	AGGACTTATAGGAGAA-1	0.0	0.473589971294107
HCC-2L|P4|N26	HCC-2L	P4	HCC-2L|CATCAACACCTACTAA-1	CATCAACACCTACTAA-1	0.0	0.47360005344679346
HCC-2L|P4|N26	HCC-2L	P4	HCC-2L|CCAAGTTTCTACAGAT-1	CCAAGTTTCTACAGAT-1	4.255139085354912e-05	0.2857257929248626
HCC-2L|P4|N26	HCC-2L	P4	HCC-2L|CGTAATAATTACGAGT-1	CGTAATAATTACGAGT-1	3.4284542067532304	2.37570939312193
HCC-2L|P4|N26	HCC-2L	P4	HCC-2L|GAAGCTCTTTGCTTAG-1	GAAGCTCTTTGCTTAG-1	2.254625578830895	1.8866106419139745
HCC-2L|P4|N26	HCC-2L	P4	HCC-2L|GTGTGTCGACGTCGCT-1	GTGTGTCGACGTCGCT-1	0.0	0.3757756502883541
HCC-2L|P4|N26	HCC-2L	P4	HCC-2L|TAGTCGGGATTCTTCG-1	TAGTCGGGATTCTTCG-1	0.0	0.28570314988331175
HCC-2L|P4|N26	HCC-2L	P4	HCC-2L|TCCGCAGCCACCTAGC-1	TCCGCAGCCACCTAGC-1	0.0	0.5714112130619854
HCC-2L|P4|N26	HCC-2L	P4	HCC-2L|TTAATGTGTTTGCAGG-1	TTAATGTGTTTGCAGG-1	0.0	0.28570314988331175
HCC-2L|P4|N28	HCC-2L	P4	HCC-2L|ACCCGTAGTCTAGTTG-1	ACCCGTAGTCTAGTTG-1	0.0	0.5514580614137421
HCC-2L|P4|N28	HCC-2L	P4	HCC-2L|AGGACATCGGCACACT-1	AGGACATCGGCACACT-1	0.0	0.7161509410487131
HCC-2L|P4|N28	HCC-2L	P4	HCC-2L|AGGGTCTGGACGCAGT-1	AGGGTCTGGACGCAGT-1	0.0	0.5514580151918389
HCC-2L|P4|N28	HCC-2L	P4	HCC-2L|ATCCGGACCAGCCTGA-1	ATCCGGACCAGCCTGA-1	1.9763380261895378	1.1858005241230178
HCC-2L|P4|N28	HCC-2L	P4	HCC-2L|CGAATTCCCGGTTCAA-1	CGAATTCCCGGTTCAA-1	0.0	0.3293896710315896
HCC-2L|P4|N28	HCC-2L	P4	HCC-2L|CTTACTGACTCCTCTG-1	CTTACTGACTCCTCTG-1	0.0	0.3952645514101699
HCC-2L|P4|N28	HCC-2L	P4	HCC-2L|GAGTAAATTAAGAACC-1	GAGTAAATTAAGAACC-1	1.9763074879121616	1.152849214669403
HCC-2L|P4|N28	HCC-2L	P4	HCC-2L|GCACCTTCCCGAAGGT-1	GCACCTTCCCGAAGGT-1	0.0	0.5514586503893663
HCC-2L|P4|N28	HCC-2L	P4	HCC-2L|TCAATCCCGCGCCAAA-1	TCAATCCCGCGCCAAA-1	0.0	0.5514580151918389
HCC-2L|P4|N28	HCC-2L	P4	HCC-2L|TCGTAACTCCCAAGAC-1	TCGTAACTCCCAAGAC-1	0.0	0.5514580614137421
HCC-2L|P4|N28	HCC-2L	P4	HCC-2L|TGACTCTAACTGGTAA-1	TGACTCTAACTGGTAA-1	7.622370328701497e-06	0.39526836259533427
HCC-2L|P4|N28	HCC-2L	P4	HCC-2L|TTATTTAGGTTCCTTA-1	TTATTTAGGTTCCTTA-1	0.0	0.24704225327369222
HCC-2L|P4|N28	HCC-2L	P4	HCC-2L|TTGAAACCCTCATTCC-1	TTGAAACCCTCATTCC-1	6.617496182302067	3.3087480911510334
HCC-2L|P4|N30	HCC-2L	P4	HCC-2L|ACGATCATCTTGTAAA-1	ACGATCATCTTGTAAA-1	0.0	0.24609796704210285
HCC-2L|P4|N30	HCC-2L	P4	HCC-2L|ATAGTTCCACCCACTC-1	ATAGTTCCACCCACTC-1	0.0	0.4922037687202385
HCC-2L|P4|N30	HCC-2L	P4	HCC-2L|ATATCAACCTACAGAG-1	ATATCAACCTACAGAG-1	0.0	0.4922037687202385
HCC-2L|P4|N30	HCC-2L	P4	HCC-2L|CCGATCTCAACCTTAT-1	CCGATCTCAACCTTAT-1	0.0	0.24609796704210285
HCC-2L|P4|N30	HCC-2L	P4	HCC-2L|CTAGGTCTGAAGGAAT-1	CTAGGTCTGAAGGAAT-1	0.0	0.24609796704210285
HCC-2L|P4|N30	HCC-2L	P4	HCC-2L|GAAAGAACAGCGTTAT-1	GAAAGAACAGCGTTAT-1	2.953175604505234	1.7226936039307528
HCC-2L|P4|N30	HCC-2L	P4	HCC-2L|GACTCACCCACGTGAG-1	GACTCACCCACGTGAG-1	0.0	0.24610580167813564
HCC-2L|P4|N30	HCC-2L	P4	HCC-2L|GCAGACCCAGCACGTA-1	GCAGACCCAGCACGTA-1	0.0	0.24610580167813564
HCC-2L|P4|N30	HCC-2L	P4	HCC-2L|GGTTCTACTCGTCTGA-1	GGTTCTACTCGTCTGA-1	0.0	0.24610580167813564
HCC-2L|P4|N30	HCC-2L	P4	HCC-2L|TAGACTACCTAGCGTT-1	TAGACTACCTAGCGTT-1	2.9532696201376276	1.7227327771109167
HCC-2L|P4|N33	HCC-2L	P4	HCC-2L|ACTCGCCGTTCGATAA-1	ACTCGCCGTTCGATAA-1	0.0	0.26249400627764324
HCC-2L|P4|N33	HCC-2L	P4	HCC-2L|CATCCCGAGATTCATA-1	CATCCCGAGATTCATA-1	0.0	0.3750541441274237
HCC-2L|P4|N33	HCC-2L	P4	HCC-2L|CGTGTATGGGAGCTGA-1	CGTGTATGGGAGCTGA-1	0.0	0.26249400627764324
HCC-2L|P4|N33	HCC-2L	P4	HCC-2L|CTTAACTTACAGTATA-1	CTTAACTTACAGTATA-1	0.0	0.4775561966025819
HCC-2L|P4|N33	HCC-2L	P4	HCC-2L|GGAGTTGATTCTGTGT-1	GGAGTTGATTCTGTGT-1	0.0	0.3179413994171387
HCC-2L|P4|N33	HCC-2L	P4	HCC-2L|GGTAAACTCTGCGCTG-1	GGTAAACTCTGCGCTG-1	0.9641213292958797	0.6406206600117464
HCC-2L|P4|N33	HCC-2L	P4	HCC-2L|GGTACGTTGCGGCCGG-1	GGTACGTTGCGGCCGG-1	1.9027199443656788	1.135637427204666
HCC-2L|P4|N33	HCC-2L	P4	HCC-2L|GTAGTGAGCAACCTCA-1	GTAGTGAGCAACCTCA-1	2.585272163303766	1.5547529313124844
HCC-2L|P4|N33	HCC-2L	P4	HCC-2L|TAGGCCTATATAGTCT-1	TAGGCCTATATAGTCT-1	1.2472081309660403	0.7821640608468268
HCC-2L|P4|N33	HCC-2L	P4	HCC-2L|TGTACTTCCGGGCATG-1	TGTACTTCCGGGCATG-1	1.9153775662253183	1.1731281300546397
HCC-2L|P4|N33	HCC-2L	P4	HCC-2L|TTGTGATCTGTTCAGT-1	TTGTGATCTGTTCAGT-1	1.2300246297018989	0.83045166179293
HCC-2L|P4|N43	HCC-2L	P4	HCC-2L|AGTGATTCAAGCAGGA-1	AGTGATTCAAGCAGGA-1	0.0	0.24768247109741023
HCC-2L|P4|N43	HCC-2L	P4	HCC-2L|CACACGCGCTGTCTTA-1	CACACGCGCTGTCTTA-1	2.9721896531689227	1.7959493606802426
HCC-2L|P4|N43	HCC-2L	P4	HCC-2L|CCCAAACATGCTGCTC-1	CCCAAACATGCTGCTC-1	0.0	0.4196820076280286
HCC-2L|P4|N43	HCC-2L	P4	HCC-2L|CGGCAGGGTCGGGTTG-1	CGGCAGGGTCGGGTTG-1	0.9768659913776928	0.6611729061385656
HCC-2L|P4|N43	HCC-2L	P4	HCC-2L|CGTCGGATAGTGTTGA-1	CGTCGGATAGTGTTGA-1	0.8700520562636136	0.6720703630123214
HCC-2L|P4|N43	HCC-2L	P4	HCC-2L|GCTTTCAGAGGAGGTG-1	GCTTTCAGAGGAGGTG-1	2.072878925396631	1.254653724432553
HCC-2L|P4|N43	HCC-2L	P4	HCC-2L|GGTTTCAATCGGTCAG-1	GGTTTCAATCGGTCAG-1	0.0	0.5575370051931915
HCC-2L|P4|N43	HCC-2L	P4	HCC-2L|GTTGGATTGAGAACAC-1	GTTGGATTGAGAACAC-1	0.0	0.385537468662573
HCC-2L|P4|N43	HCC-2L	P4	HCC-2L|TACCGCGGACTTGCAG-1	TACCGCGGACTTGCAG-1	0.0	0.24524424847168705
HCC-2L|P4|N43	HCC-2L	P4	HCC-2L|TAGACGCCCGTACCGG-1	TAGACGCCCGTACCGG-1	1.6542599707819536	1.074812456488387
HCC-2L|P4|N43	HCC-2L	P4	HCC-2L|TCTGAATTCCGTACAA-1	TCTGAATTCCGTACAA-1	0.7716530931695439	0.631070795056459
HCC-2L|P4|N43	HCC-2L	P4	HCC-2L|TCTTCCCATGGGCACA-1	TCTTCCCATGGGCACA-1	0.0	0.25414540973119365
HCC-2L|P4|N43	HCC-2L	P4	HCC-2L|TTACGGATGGTTCGAG-1	TTACGGATGGTTCGAG-1	0.0	0.31844983416198896
HCC-2L|P4|N43	HCC-2L	P4	HCC-2L|TTCTAACCGAAGCTTA-1	TTCTAACCGAAGCTTA-1	2.063994438367421	1.2796796902811207
HCC-2L|P4|N45	HCC-2L	P4	HCC-2L|AGTTCACCGGTTGGAC-1	AGTTCACCGGTTGGAC-1	0.0	0.32011997327713204
HCC-2L|P4|N45	HCC-2L	P4	HCC-2L|ATGCACCTTCCTTAAT-1	ATGCACCTTCCTTAAT-1	0.0	0.32011997327713204
HCC-2L|P4|N45	HCC-2L	P4	HCC-2L|ATGTCATTTCCCATTG-1	ATGTCATTTCCCATTG-1	0.0	0.3201214920474576
HCC-2L|P4|N45	HCC-2L	P4	HCC-2L|CGGAAAGCAAATGTGC-1	CGGAAAGCAAATGTGC-1	3.841457904569491	2.24084948753466
HCC-2L|P4|N45	HCC-2L	P4	HCC-2L|GATCTTCATTGTCCTC-1	GATCTTCATTGTCCTC-1	0.0	0.3841446422998974
HCC-2L|P4|N45	HCC-2L	P4	HCC-2L|GCGGTGCGGAGCATCG-1	GCGGTGCGGAGCATCG-1	0.0	0.6402414653245896
HCC-2L|P4|N45	HCC-2L	P4	HCC-2L|GCTGAGCAACGGTTCT-1	GCTGAGCAACGGTTCT-1	3.8414396793255845	2.240841893683032
HCC-2L|P4|N45	HCC-2L	P4	HCC-2L|GGGCGAATTTCTCCAC-1	GGGCGAATTTCTCCAC-1	0.0	0.320123915278169
HCC-2L|P4|N45	HCC-2L	P4	HCC-2L|TCACTCTTCGTCTGTC-1	TCACTCTTCGTCTGTC-1	6.743673389845616e-06	0.6402448371612846
HCC-2L|P4|N45	HCC-2L	P4	HCC-2L|TGAAGTAGCTTACGGA-1	TGAAGTAGCTTACGGA-1	0.0	0.3201214920474576
HCC-2L|P4|N46	HCC-2L	P4	HCC-2L|ATAAGTTACCGCGACG-1	ATAAGTTACCGCGACG-1	0.0	0.255955870320342
HCC-2L|P4|N46	HCC-2L	P4	HCC-2L|ATCCAGAGCAACAACC-1	ATCCAGAGCAACAACC-1	1.6080785716324517	0.9380458334522634
HCC-2L|P4|N46	HCC-2L	P4	HCC-2L|CGAACCCGCATGCGTC-1	CGAACCCGCATGCGTC-1	1.1737194257072015e-06	0.3823029371749767
HCC-2L|P4|N46	HCC-2L	P4	HCC-2L|CGCGCATGTTTGATTG-1	CGCGCATGTTTGATTG-1	0.0	0.2680130952720753
HCC-2L|P4|N46	HCC-2L	P4	HCC-2L|CGTCACGTCCATTGGT-1	CGTCACGTCCATTGGT-1	3.0714673513747655	2.2159112265462984
HCC-2L|P4|N46	HCC-2L	P4	HCC-2L|CTGAATCCGAGACCTC-1	CTGAATCCGAGACCTC-1	0.0	0.38829969637896217
HCC-2L|P4|N46	HCC-2L	P4	HCC-2L|GCGGTTCCCTATCATG-1	GCGGTTCCCTATCATG-1	1.9863746560652709	1.631445623110288
HCC-2L|P4|N46	HCC-2L	P4	HCC-2L|GGGCGTCACCACGTAA-1	GGGCGTCACCACGTAA-1	4.587626949068938	2.847644490062156
HCC-2L|P4|N46	HCC-2L	P4	HCC-2L|GTGACTTCAGTAGTGC-1	GTGACTTCAGTAGTGC-1	0.0	0.42148709165911463
HCC-2L|P4|N46	HCC-2L	P4	HCC-2L|TACCAGAAGTAGGTTC-1	TACCAGAAGTAGGTTC-1	0.0	0.6486529749661331
HCC-2L|P4|N46	HCC-2L	P4	HCC-2L|TAGATATGGACTGGAA-1	TAGATATGGACTGGAA-1	0.0	0.266350631400436
HCC-2L|P4|N46	HCC-2L	P4	HCC-2L|TAGCTAGAAGGCATGA-1	TAGCTAGAAGGCATGA-1	0.0	0.2680130952720753
HCC-2L|P4|N46	HCC-2L	P4	HCC-2L|TCCGGTTCGTCCGGTC-1	TCCGGTTCGTCCGGTC-1	1.6080785716324517	0.9380458334522634
HCC-2L|P4|N46	HCC-2L	P4	HCC-2L|TTGGATATCGTCTACG-1	TTGGATATCGTCTACG-1	1.5881290051727806	1.4323223609566988
HCC-2L|P4|N46	HCC-2L	P4	HCC-2L|TTGGTCACACTCGTAA-1	TTGGTCACACTCGTAA-1	0.0	0.547834162472965
HCC-2L|P5|N1	HCC-2L	P5	HCC-2L|AAACAGGGTCTATATT-1	AAACAGGGTCTATATT-1	0.0	0.02575153645697294
HCC-2L|P5|N1	HCC-2L	P5	HCC-2L|ACAGTAATACAACTTG-1	ACAGTAATACAACTTG-1	0.3090184374836753	0.41770700438281966
HCC-2L|P5|N1	HCC-2L	P5	HCC-2L|ACCATCCGCCAACTAG-1	ACCATCCGCCAACTAG-1	0.2813860005968291	0.4111987353650358
HCC-2L|P5|N1	HCC-2L	P5	HCC-2L|ACTTGTAGTCCCTTCA-1	ACTTGTAGTCCCTTCA-1	0.0	0.05248496963653082
HCC-2L|P5|N1	HCC-2L	P5	HCC-2L|CCCGAAGTTTCGCGAA-1	CCCGAAGTTTCGCGAA-1	0.3484336350415408	0.4391352497169991
HCC-2L|P5|N1	HCC-2L	P5	HCC-2L|CGAACGGCCGGACAAC-1	CGAACGGCCGGACAAC-1	0.0	0.02575153645697294
HCC-2L|P5|N1	HCC-2L	P5	HCC-2L|CTATGTGAGTCACGGC-1	CTATGTGAGTCACGGC-1	0.0	0.021728186827822446
HCC-2L|P5|N1	HCC-2L	P5	HCC-2L|CTTATGCGCTCAGGGC-1	CTTATGCGCTCAGGGC-1	0.0	0.023448833383069093
HCC-2L|P5|N1	HCC-2L	P5	HCC-2L|GCAACACACTAGAACT-1	GCAACACACTAGAACT-1	0.0	0.04747972328479538
HCC-2L|P5|N1	HCC-2L	P5	HCC-2L|GCCAAGAATACTTCTG-1	GCCAAGAATACTTCTG-1	0.0	0.02903613625346173
HCC-2L|P5|N1	HCC-2L	P5	HCC-2L|GGGCCTAAATGGGCTA-1	GGGCCTAAATGGGCTA-1	0.0	0.02903613625346173
HCC-2L|P5|N1	HCC-2L	P5	HCC-2L|GTGGGAAGACTGAATC-1	GTGGGAAGACTGAATC-1	0.26073824193386935	0.39759025623706723
HCC-2L|P5|N1	HCC-2L	P5	HCC-2L|TACATCCCTATCCCTG-1	TACATCCCTATCCCTG-1	0.0	0.28664661902405114
HCC-2L|P5|N1	HCC-2L	P5	HCC-2L|TCAACATCGACCGAGA-1	TCAACATCGACCGAGA-1	0.0	0.021728186827822446
HCC-2L|P5|N1	HCC-2L	P5	HCC-2L|TGCGAATATGGGATTT-1	TGCGAATATGGGATTT-1	2.897635185757915	1.5487822858002838
HCC-2L|P5|N1	HCC-2L	P5	HCC-2L|TTCCCGGCGCCAATAG-1	TTCCCGGCGCCAATAG-1	0.0	0.2962572715235942
HCC-2L|P5|N1	HCC-2L	P5	HCC-2L|TTGTGAGGCATGACGC-1	TTGTGAGGCATGACGC-1	0.0	0.023448833383069093
HCC-2L|P5|N2	HCC-2L	P5	HCC-2L|AAATACCTATAAGCAT-1	AAATACCTATAAGCAT-1	0.0	0.14491592002135179
HCC-2L|P5|N2	HCC-2L	P5	HCC-2L|AATTCTAGAGTTAGGC-1	AATTCTAGAGTTAGGC-1	0.0	0.344798253836613
HCC-2L|P5|N2	HCC-2L	P5	HCC-2L|ACTCCCTAGAATAGTA-1	ACTCCCTAGAATAGTA-1	6.397390431742134e-06	3.198695215871067e-06
HCC-2L|P5|N2	HCC-2L	P5	HCC-2L|AGACCCACCGCTGATC-1	AGACCCACCGCTGATC-1	2.1933599387365033	1.4807431674124927
HCC-2L|P5|N2	HCC-2L	P5	HCC-2L|ATAATAGCTGTTGAAT-1	ATAATAGCTGTTGAAT-1	0.0	0.32827875876860446
HCC-2L|P5|N2	HCC-2L	P5	HCC-2L|CCCGCAGCGCGAACTA-1	CCCGCAGCGCGAACTA-1	0.0	0.4048249339970453
HCC-2L|P5|N2	HCC-2L	P5	HCC-2L|CTCTATTTGGCTGCAG-1	CTCTATTTGGCTGCAG-1	0.0	0.36696085912368837
HCC-2L|P5|N2	HCC-2L	P5	HCC-2L|CTTGTCAACATTCGAG-1	CTTGTCAACATTCGAG-1	0.0	0.18277999489470861
HCC-2L|P5|N2	HCC-2L	P5	HCC-2L|GGTCAGTGGGTCCCAC-1	GGTCAGTGGGTCCCAC-1	0.0	0.1620182589419044
HCC-2L|P5|N2	HCC-2L	P5	HCC-2L|GTATCTTTCATAACCA-1	GTATCTTTCATAACCA-1	0.0	0.31117588673218255
HCC-2L|P5|N2	HCC-2L	P5	HCC-2L|GTTACCTACAACTTGC-1	GTTACCTACAACTTGC-1	1.7389846428657896	1.2577977603619315
HCC-2L|P5|N2	HCC-2L	P5	HCC-2L|GTTTACGTTCCATCTG-1	GTTTACGTTCCATCTG-1	1.9442191073028525	1.5431949874751716
HCC-2L|P5|N2	HCC-2L	P5	HCC-2L|TACCGGCTCACTGCCC-1	TACCGGCTCACTGCCC-1	1.995125997920401	1.526541583909924
HCC-2L|P5|N2	HCC-2L	P5	HCC-2L|TCCGCTTATCCCATTA-1	TCCGCTTATCCCATTA-1	0.0	0.18277999489470861
HCC-2L|P5|N2	HCC-2L	P5	HCC-2L|TCTAGCATGCCCAGAA-1	TCTAGCATGCCCAGAA-1	2.6645392692280394	1.9882437751828153
HCC-2L|P5|N2	HCC-2L	P5	HCC-2L|TGACTATAATCCTTTC-1	TGACTATAATCCTTTC-1	0.0	0.14491538690548247
HCC-2L|P5|N2	HCC-2L	P5	HCC-2L|TTCCGCGTGAGGCGAT-1	TTCCGCGTGAGGCGAT-1	0.0	0.16626049982670008
HCC-2L|P5|N3	HCC-2L	P5	HCC-2L|AAATTACCTATCGATG-1	AAATTACCTATCGATG-1	0.19303256480762224	0.3613499552775086
HCC-2L|P5|N3	HCC-2L	P5	HCC-2L|AAGATTGGCGGAACGT-1	AAGATTGGCGGAACGT-1	0.0	0.029729005408700198
HCC-2L|P5|N3	HCC-2L	P5	HCC-2L|AAGGGACAGATTCTGT-1	AAGGGACAGATTCTGT-1	0.18554056596948051	0.3606436404544629
HCC-2L|P5|N3	HCC-2L	P5	HCC-2L|ATAGACAACGGGACCT-1	ATAGACAACGGGACCT-1	0.18173752605290522	0.3426560734288734
HCC-2L|P5|N3	HCC-2L	P5	HCC-2L|ATAGAGTTATCAACTT-1	ATAGAGTTATCAACTT-1	2.8502402258941277	1.4979318994792048
HCC-2L|P5|N3	HCC-2L	P5	HCC-2L|CAGCTCGACAAGTTAA-1	CAGCTCGACAAGTTAA-1	0.0	0.029412085415652257
HCC-2L|P5|N3	HCC-2L	P5	HCC-2L|CAGTAGCCCACGCGGT-1	CAGTAGCCCACGCGGT-1	0.0	0.015461713830790043
HCC-2L|P5|N3	HCC-2L	P5	HCC-2L|CCAGTAGTCTGATCCA-1	CCAGTAGTCTGATCCA-1	0.17120749893492185	0.3537302759605037
HCC-2L|P5|N3	HCC-2L	P5	HCC-2L|CCTCACCTTAGCATCG-1	CCTCACCTTAGCATCG-1	0.0	0.011851940218396839
HCC-2L|P5|N3	HCC-2L	P5	HCC-2L|CCTTTCAATGAAGAAA-1	CCTTTCAATGAAGAAA-1	0.0	0.016086047067301854
HCC-2L|P5|N3	HCC-2L	P5	HCC-2L|CTACTATCTTTCAGAG-1	CTACTATCTTTCAGAG-1	0.0	0.015144793837742102
HCC-2L|P5|N3	HCC-2L	P5	HCC-2L|GACTCGCGGGAATGAC-1	GACTCGCGGGAATGAC-1	0.0	0.011851940218396839
HCC-2L|P5|N3	HCC-2L	P5	HCC-2L|GAGGGCGCAGCTCTGC-1	GAGGGCGCAGCTCTGC-1	0.0	0.014267291577910153
HCC-2L|P5|N3	HCC-2L	P5	HCC-2L|GATCCTAAATCGGGAC-1	GATCCTAAATCGGGAC-1	0.14222328262076206	0.3247177072021935
HCC-2L|P5|N3	HCC-2L	P5	HCC-2L|GCCTATAGTGTCAGGG-1	GCCTATAGTGTCAGGG-1	0.0	0.015144793837742102
HCC-2L|P5|N3	HCC-2L	P5	HCC-2L|GCGCTGCTTTGCATTT-1	GCGCTGCTTTGCATTT-1	0.0	0.2645167528806496
HCC-2L|P5|N3	HCC-2L	P5	HCC-2L|TAATCGATCCGTACGT-1	TAATCGATCCGTACGT-1	0.0	0.031547760898091894
HCC-2L|P5|N3	HCC-2L	P5	HCC-2L|TTACAGACCTAAATGA-1	TTACAGACCTAAATGA-1	0.0	0.027937987285698695
HCC-2L|P5|N4	HCC-2L	P5	HCC-2L|AACCATGGGATCGCTA-1	AACCATGGGATCGCTA-1	0.0	0.05741330096641945
HCC-2L|P5|N4	HCC-2L	P5	HCC-2L|AACCCAGAGACGGAGA-1	AACCCAGAGACGGAGA-1	0.0	0.16321269595875046
HCC-2L|P5|N4	HCC-2L	P5	HCC-2L|AACGCGAACGGCAACA-1	AACGCGAACGGCAACA-1	0.0	0.2567418650934879
HCC-2L|P5|N4	HCC-2L	P5	HCC-2L|AACTCGATGGCGCAGT-1	AACTCGATGGCGCAGT-1	0.0	0.2554918375401026
HCC-2L|P5|N4	HCC-2L	P5	HCC-2L|AAGAAGGATCAGTTAG-1	AAGAAGGATCAGTTAG-1	0.0	0.03767577197675226
HCC-2L|P5|N4	HCC-2L	P5	HCC-2L|AATCAGACTGCAGGAC-1	AATCAGACTGCAGGAC-1	0.0	0.003097806611212875
HCC-2L|P5|N4	HCC-2L	P5	HCC-2L|AATCCATGCAAGGGTG-1	AATCCATGCAAGGGTG-1	0.03358162550023511	0.2751284961675395
HCC-2L|P5|N4	HCC-2L	P5	HCC-2L|AATGGTTCTCACAAGC-1	AATGGTTCTCACAAGC-1	0.0	0.0022658162640595415
HCC-2L|P5|N4	HCC-2L	P5	HCC-2L|ACTGTGCTAGTAGATC-1	ACTGTGCTAGTAGATC-1	0.24650332456319227	0.4302250058777789
HCC-2L|P5|N4	HCC-2L	P5	HCC-2L|ACTTAGTACGACAAGA-1	ACTTAGTACGACAAGA-1	0.0	0.17405526418448777
HCC-2L|P5|N4	HCC-2L	P5	HCC-2L|AGATACGACTTCATAT-1	AGATACGACTTCATAT-1	1.832023432529617	1.2691224169616786
HCC-2L|P5|N4	HCC-2L	P5	HCC-2L|AGCGGGAAGGGTCCAT-1	AGCGGGAAGGGTCCAT-1	0.0	0.35849893667891014
HCC-2L|P5|N4	HCC-2L	P5	HCC-2L|AGCGTACGAGAGCTAG-1	AGCGTACGAGAGCTAG-1	0.0	0.00458851515203195
HCC-2L|P5|N4	HCC-2L	P5	HCC-2L|AGGACATCGCACGTCG-1	AGGACATCGCACGTCG-1	0.02788275351516815	0.27003556948381513
HCC-2L|P5|N4	HCC-2L	P5	HCC-2L|AGTTGACATCGGCTGG-1	AGTTGACATCGGCTGG-1	0.020884199960038593	0.2687797833974412
HCC-2L|P5|N4	HCC-2L	P5	HCC-2L|ATACTCTCGCCACTCT-1	ATACTCTCGCCACTCT-1	0.021480556324148286	0.27182673400750645
HCC-2L|P5|N4	HCC-2L	P5	HCC-2L|ATTCCTTCCAGGCGGT-1	ATTCCTTCCAGGCGGT-1	0.0	0.0035303963570155732
HCC-2L|P5|N4	HCC-2L	P5	HCC-2L|CAACGGTTCTTGATAC-1	CAACGGTTCTTGATAC-1	0.0	0.2563720225687038
HCC-2L|P5|N4	HCC-2L	P5	HCC-2L|CAGTGTCCGCAGAATG-1	CAGTGTCCGCAGAATG-1	0.0	0.5154786955622003
HCC-2L|P5|N4	HCC-2L	P5	HCC-2L|CATACAAAGCCGAACC-1	CATACAAAGCCGAACC-1	0.0	0.35112312398397877
HCC-2L|P5|N4	HCC-2L	P5	HCC-2L|CATTCAGGTCAGTGCG-1	CATTCAGGTCAGTGCG-1	0.0	0.003097806611212875
HCC-2L|P5|N4	HCC-2L	P5	HCC-2L|CCACAGCTGAAATCAT-1	CCACAGCTGAAATCAT-1	0.0	0.25934610584876244
HCC-2L|P5|N4	HCC-2L	P5	HCC-2L|CCATCCATACCAAGTC-1	CCATCCATACCAAGTC-1	1.9306695979898372	1.162944602508009
HCC-2L|P5|N4	HCC-2L	P5	HCC-2L|CCGTACCCAAGCGCCA-1	CCGTACCCAAGCGCCA-1	0.0	0.024193605130043632
HCC-2L|P5|N4	HCC-2L	P5	HCC-2L|CCTCACCAATCTTGAC-1	CCTCACCAATCTTGAC-1	0.0	0.2565579799871683
HCC-2L|P5|N4	HCC-2L	P5	HCC-2L|CCTCATGCAGCTACGA-1	CCTCATGCAGCTACGA-1	0.0	0.0266281830801065
HCC-2L|P5|N4	HCC-2L	P5	HCC-2L|CCTGCGATAGAACTGT-1	CCTGCGATAGAACTGT-1	0.0	0.2567418650934879
HCC-2L|P5|N4	HCC-2L	P5	HCC-2L|CGCTATACCGCCCACT-1	CGCTATACCGCCCACT-1	2.3713176421570847	1.6527298940927186
HCC-2L|P5|N4	HCC-2L	P5	HCC-2L|CGCTATTCAATGTATG-1	CGCTATTCAATGTATG-1	6.208263786885423e-06	3.5138405889772846e-06
HCC-2L|P5|N4	HCC-2L	P5	HCC-2L|CGGCACTCAAGAAAGT-1	CGGCACTCAAGAAAGT-1	2.7756166899832087	1.7082638554344958
HCC-2L|P5|N4	HCC-2L	P5	HCC-2L|CGGTTCCGGCTTCTTG-1	CGGTTCCGGCTTCTTG-1	0.0	0.2565476370570762
HCC-2L|P5|N4	HCC-2L	P5	HCC-2L|CTACGTGTTGCCACCA-1	CTACGTGTTGCCACCA-1	0.0	0.003097806611212875
HCC-2L|P5|N4	HCC-2L	P5	HCC-2L|CTAGATAAACTCCTCG-1	CTAGATAAACTCCTCG-1	0.0	0.002798468791686259
HCC-2L|P5|N4	HCC-2L	P5	HCC-2L|CTCCTAAGTTATGTCT-1	CTCCTAAGTTATGTCT-1	2.9509005745598285	1.814986767288418
HCC-2L|P5|N4	HCC-2L	P5	HCC-2L|CTGGCTCCTGCGGGAT-1	CTGGCTCCTGCGGGAT-1	0.0	0.002798468791686259
HCC-2L|P5|N4	HCC-2L	P5	HCC-2L|CTTATGTTGACTACCA-1	CTTATGTTGACTACCA-1	0.18270810318304334	0.38197689638777443
HCC-2L|P5|N4	HCC-2L	P5	HCC-2L|CTTCATAGCTCAAGAA-1	CTTCATAGCTCAAGAA-1	0.0	0.002265406555364007
HCC-2L|P5|N4	HCC-2L	P5	HCC-2L|CTTGAGGTTATCCCGA-1	CTTGAGGTTATCCCGA-1	0.0	0.022450096711498644
HCC-2L|P5|N4	HCC-2L	P5	HCC-2L|GAAGAACGGTGCAGGT-1	GAAGAACGGTGCAGGT-1	0.0	0.16088913316581976
HCC-2L|P5|N4	HCC-2L	P5	HCC-2L|GACGCCTGTTGCAGGG-1	GACGCCTGTTGCAGGG-1	0.319538196961278	0.4298710848240017
HCC-2L|P5|N4	HCC-2L	P5	HCC-2L|GAGCTCTCGGACCTAA-1	GAGCTCTCGGACCTAA-1	0.0	0.3061819398483565
HCC-2L|P5|N4	HCC-2L	P5	HCC-2L|GAGGGCATCGCGTATC-1	GAGGGCATCGCGTATC-1	0.0	0.05082178821015013
HCC-2L|P5|N4	HCC-2L	P5	HCC-2L|GATAAGGCAGATGCAA-1	GATAAGGCAGATGCAA-1	0.0	0.25828798705374606
HCC-2L|P5|N4	HCC-2L	P5	HCC-2L|GCGGTAACCCAAATGA-1	GCGGTAACCCAAATGA-1	0.0	0.25983967170470074
HCC-2L|P5|N4	HCC-2L	P5	HCC-2L|GCTAGTTTCATTGAGG-1	GCTAGTTTCATTGAGG-1	3.0276599606269556	1.5222081456690906
HCC-2L|P5|N4	HCC-2L	P5	HCC-2L|GGATTCAGTACGGTGG-1	GGATTCAGTACGGTGG-1	4.916504346414877e-06	2.975607488781224e-06
HCC-2L|P5|N4	HCC-2L	P5	HCC-2L|GGCTGGCTAGCTTAAA-1	GGCTGGCTAGCTTAAA-1	0.0	0.5038379551253597
HCC-2L|P5|N4	HCC-2L	P5	HCC-2L|GGGCGGTCCTATTGTC-1	GGGCGGTCCTATTGTC-1	0.0	0.05209703251807371
HCC-2L|P5|N4	HCC-2L	P5	HCC-2L|GGGTACCCACGGTCCT-1	GGGTACCCACGGTCCT-1	0.0	0.015225675265253612
HCC-2L|P5|N4	HCC-2L	P5	HCC-2L|GGTGAGATGCAGATAA-1	GGTGAGATGCAGATAA-1	0.023850920554695686	0.41922263916665964
HCC-2L|P5|N4	HCC-2L	P5	HCC-2L|GTACGACGGCGCTGCG-1	GTACGACGGCGCTGCG-1	0.26940116053798374	0.38122764636617956
HCC-2L|P5|N4	HCC-2L	P5	HCC-2L|GTAGACGTCGTTACAT-1	GTAGACGTCGTTACAT-1	0.0	0.16088913316581976
HCC-2L|P5|N4	HCC-2L	P5	HCC-2L|GTATATGTTACGGCGG-1	GTATATGTTACGGCGG-1	0.0	0.25983967170470074
HCC-2L|P5|N4	HCC-2L	P5	HCC-2L|GTATTCTTACCGTGCT-1	GTATTCTTACCGTGCT-1	3.0809023811218545	1.5435489971721401
HCC-2L|P5|N4	HCC-2L	P5	HCC-2L|GTCAAAGTTTACATAG-1	GTCAAAGTTTACATAG-1	0.44245628703384116	0.7342055345410267
HCC-2L|P5|N4	HCC-2L	P5	HCC-2L|GTGGACGTGCTGAGAC-1	GTGGACGTGCTGAGAC-1	0.02161943153312135	0.26543827527840436
HCC-2L|P5|N4	HCC-2L	P5	HCC-2L|GTTTGGCCGCTCAGCG-1	GTTTGGCCGCTCAGCG-1	0.29032326156052357	0.4382401387872867
HCC-2L|P5|N4	HCC-2L	P5	HCC-2L|TAAGGAACTTGTGGGA-1	TAAGGAACTTGTGGGA-1	0.0	0.004125182087357459
HCC-2L|P5|N4	HCC-2L	P5	HCC-2L|TAATTAGATGGATATG-1	TAATTAGATGGATATG-1	0.0	0.0266281830801065
HCC-2L|P5|N4	HCC-2L	P5	HCC-2L|TATACACGCAAAGTAT-1	TATACACGCAAAGTAT-1	0.027184878664368084	0.26589743605109706
HCC-2L|P5|N4	HCC-2L	P5	HCC-2L|TCGCTGTGCGTAAATC-1	TCGCTGTGCGTAAATC-1	0.0	0.0018016192944267791
HCC-2L|P5|N4	HCC-2L	P5	HCC-2L|TCTATCATGCAGTTAC-1	TCTATCATGCAGTTAC-1	0.0	0.0018016192944267791
HCC-2L|P5|N4	HCC-2L	P5	HCC-2L|TCTATTACGCTGGCGA-1	TCTATTACGCTGGCGA-1	1.842159845650661	1.271358345715889
HCC-2L|P5|N4	HCC-2L	P5	HCC-2L|TGATTTCCTCCTGACG-1	TGATTTCCTCCTGACG-1	0.0	0.15465619609035938
HCC-2L|P5|N4	HCC-2L	P5	HCC-2L|TGGACCACGGCGTTGA-1	TGGACCACGGCGTTGA-1	0.0	0.2567418650934879
HCC-2L|P5|N4	HCC-2L	P5	HCC-2L|TGTCGGCATGGTGGAA-1	TGTCGGCATGGTGGAA-1	0.0	0.0017900463603456906
HCC-2L|P5|N4	HCC-2L	P5	HCC-2L|TTAAACAGAGTCCCGC-1	TTAAACAGAGTCCCGC-1	3.0785716446849145	1.5456146874911592
HCC-2L|P5|N4	HCC-2L	P5	HCC-2L|TTATCCAATCGAACTC-1	TTATCCAATCGAACTC-1	0.0	0.19824886931453137
HCC-2L|P5|N4	HCC-2L	P5	HCC-2L|TTCAGAGTAACCTGAC-1	TTCAGAGTAACCTGAC-1	0.037173679334554496	0.27532870476076515
HCC-2L|P5|N4	HCC-2L	P5	HCC-2L|TTCCTTTCTGTGTTGC-1	TTCCTTTCTGTGTTGC-1	0.0	0.024190446708168528
HCC-2L|P5|N4	HCC-2L	P5	HCC-2L|TTCTTAGTGAACGGTG-1	TTCTTAGTGAACGGTG-1	0.0	0.0022658162640595415
HCC-2L|P5|N5	HCC-2L	P5	HCC-2L|AACCCGAGCAGAATCG-1	AACCCGAGCAGAATCG-1	0.02386762191917681	0.24780400802334548
HCC-2L|P5|N5	HCC-2L	P5	HCC-2L|ACACTGGGACAGTCGT-1	ACACTGGGACAGTCGT-1	0.013808345850854786	0.24290693122196125
HCC-2L|P5|N5	HCC-2L	P5	HCC-2L|AGAGCCGCCGAGATTT-1	AGAGCCGCCGAGATTT-1	0.0	0.2379917267897986
HCC-2L|P5|N5	HCC-2L	P5	HCC-2L|AGCCCTTGGACATCCC-1	AGCCCTTGGACATCCC-1	0.0	0.0017973873652651405
HCC-2L|P5|N5	HCC-2L	P5	HCC-2L|AGGCACGTGACTGTCC-1	AGGCACGTGACTGTCC-1	0.021568648383181687	0.2468461023833475
HCC-2L|P5|N5	HCC-2L	P5	HCC-2L|ATGCTTAGGAGTTGAT-1	ATGCTTAGGAGTTGAT-1	0.0	0.001988968493264734
HCC-2L|P5|N5	HCC-2L	P5	HCC-2L|CACAGTCCCGCTTCGC-1	CACAGTCCCGCTTCGC-1	0.0	0.0019299485980419121
HCC-2L|P5|N5	HCC-2L	P5	HCC-2L|CCGACAATAGGCCGCC-1	CCGACAATAGGCCGCC-1	0.0	0.001988968493264734
HCC-2L|P5|N5	HCC-2L	P5	HCC-2L|CGGGTTTGTTAGGGCT-1	CGGGTTTGTTAGGGCT-1	0.0	0.003786355858529875
HCC-2L|P5|N5	HCC-2L	P5	HCC-2L|CTAGCCACAGGCGAGC-1	CTAGCCACAGGCGAGC-1	0.0	0.001150695487571232
HCC-2L|P5|N5	HCC-2L	P5	HCC-2L|CTGGTAAAGTGTGGGC-1	CTGGTAAAGTGTGGGC-1	0.0	0.003080644085613144
HCC-2L|P5|N5	HCC-2L	P5	HCC-2L|GACAAGAGATGAGATT-1	GACAAGAGATGAGATT-1	0.0	0.0017973873652651405
HCC-2L|P5|N5	HCC-2L	P5	HCC-2L|GGCCTGCTTCTCCCGA-1	GGCCTGCTTCTCCCGA-1	0.023159383176502946	0.24680319677431464
HCC-2L|P5|N5	HCC-2L	P5	HCC-2L|TACTCTTACTTTACTG-1	TACTCTTACTTTACTG-1	0.0	0.0019299485980419121
HCC-2L|P5|N5	HCC-2L	P5	HCC-2L|TCAAGCGCGGACGGTA-1	TCAAGCGCGGACGGTA-1	2.8088737163819033	1.4113038581350947
HCC-2L|P5|N5	HCC-2L	P5	HCC-2L|TCTTCGCGGTGAGAGG-1	TCTTCGCGGTGAGAGG-1	0.0	0.001150695487571232
HCC-2L|P5|N5	HCC-2L	P5	HCC-2L|TGTGTAGTAGCACGTG-1	TGTGTAGTAGCACGTG-1	0.0	0.2370208925513283
HCC-2L|P5|N6	HCC-2L	P5	HCC-2L|AACCCGCTGTATTCCA-1	AACCCGCTGTATTCCA-1	1.6580152426353783e-06	0.0043168836481035965
HCC-2L|P5|N6	HCC-2L	P5	HCC-2L|ACTGGGATGCCAGTGC-1	ACTGGGATGCCAGTGC-1	0.0	0.005611938727212642
HCC-2L|P5|N6	HCC-2L	P5	HCC-2L|ACTTGTTACCGGATCA-1	ACTTGTTACCGGATCA-1	0.0	0.004316192808419165
HCC-2L|P5|N6	HCC-2L	P5	HCC-2L|ATCAAGATCCCAGGAC-1	ATCAAGATCCCAGGAC-1	0.0	0.24590770485152244
HCC-2L|P5|N6	HCC-2L	P5	HCC-2L|ATGGTATTGGGAACCG-1	ATGGTATTGGGAACCG-1	0.0	0.0035723529212624786
HCC-2L|P5|N6	HCC-2L	P5	HCC-2L|CAATGACCCTTAATTT-1	CAATGACCCTTAATTT-1	2.9080242231631193	1.467512457870517
HCC-2L|P5|N6	HCC-2L	P5	HCC-2L|CGATCCACCATTGTTG-1	CGATCCACCATTGTTG-1	0.0	0.005611938727212642
HCC-2L|P5|N6	HCC-2L	P5	HCC-2L|CTCAGAGCTAATGTCG-1	CTCAGAGCTAATGTCG-1	0.042868235055149743	0.2680855240983171
HCC-2L|P5|N6	HCC-2L	P5	HCC-2L|CTGCGATTTCGAGATT-1	CTGCGATTTCGAGATT-1	0.0	0.0035723529212624786
HCC-2L|P5|N6	HCC-2L	P5	HCC-2L|GACTCTAGAGTTCCAA-1	GACTCTAGAGTTCCAA-1	0.0	0.25226334529795486
HCC-2L|P5|N6	HCC-2L	P5	HCC-2L|GGCATTGAACATCTCA-1	GGCATTGAACATCTCA-1	0.051792655685787344	0.271804170862353
HCC-2L|P5|N6	HCC-2L	P5	HCC-2L|GGGCATGCATGTCGAG-1	GGGCATGCATGTCGAG-1	0.06734326472655171	0.27600698429353576
HCC-2L|P5|N6	HCC-2L	P5	HCC-2L|GGTAGGCCAATATCAC-1	GGTAGGCCAATATCAC-1	0.0	0.005611938727212642
HCC-2L|P5|N6	HCC-2L	P5	HCC-2L|TAACAGGTTCCCTTAG-1	TAACAGGTTCCCTTAG-1	0.0	0.007888545729681644
HCC-2L|P5|N6	HCC-2L	P5	HCC-2L|TCCAGGCAGGACGATC-1	TCCAGGCAGGACGATC-1	0.0	0.24794729065747256
HCC-2L|P5|N7	HCC-2L	P5	HCC-2L|AACCCTGGTGGAACCA-1	AACCCTGGTGGAACCA-1	0.0	0.08605986426853475
HCC-2L|P5|N7	HCC-2L	P5	HCC-2L|ACATCGTTAACCTAGT-1	ACATCGTTAACCTAGT-1	0.32374398440340624	0.4528487952105406
HCC-2L|P5|N7	HCC-2L	P5	HCC-2L|ACGATGGATCCGATGC-1	ACGATGGATCCGATGC-1	0.0	0.019235530310628943
HCC-2L|P5|N7	HCC-2L	P5	HCC-2L|AGGGCAGCGGCGTGGT-1	AGGGCAGCGGCGTGGT-1	0.28865273828564464	0.5841870664061877
HCC-2L|P5|N7	HCC-2L	P5	HCC-2L|ATTGACGTAACTCGGT-1	ATTGACGTAACTCGGT-1	0.2855328218836612	0.5714023951709616
HCC-2L|P5|N7	HCC-2L	P5	HCC-2L|CAAACTATTGAGCTTC-1	CAAACTATTGAGCTTC-1	0.0	0.024455010500045782
HCC-2L|P5|N7	HCC-2L	P5	HCC-2L|CAGAGTGATTTAACGT-1	CAGAGTGATTTAACGT-1	0.0	0.028853295465943413
HCC-2L|P5|N7	HCC-2L	P5	HCC-2L|GATGTCGGTCAACTGC-1	GATGTCGGTCAACTGC-1	2.9096087718198556	1.5733223887683285
HCC-2L|P5|N7	HCC-2L	P5	HCC-2L|GCGATTCTGGAAGCAG-1	GCGATTCTGGAAGCAG-1	0.2934601260005494	0.4161761260188798
HCC-2L|P5|N7	HCC-2L	P5	HCC-2L|GTCAGTTGTGCTCGTT-1	GTCAGTTGTGCTCGTT-1	0.2308263637275473	0.3816749813390667
HCC-2L|P5|N7	HCC-2L	P5	HCC-2L|TAGAATTAAGGGCAAC-1	TAGAATTAAGGGCAAC-1	0.0	0.061720411040395565
HCC-2L|P5|N7	HCC-2L	P5	HCC-2L|TAGATCCGAAGTCGCA-1	TAGATCCGAAGTCGCA-1	0.0	0.28615793846232934
HCC-2L|P5|N7	HCC-2L	P5	HCC-2L|TCCATTGTGACCTCGT-1	TCCATTGTGACCTCGT-1	0.0	0.07654959033613136
HCC-2L|P5|N7	HCC-2L	P5	HCC-2L|TGAAACTTATGCAAGC-1	TGAAACTTATGCAAGC-1	0.0	0.024455010500045782
HCC-2L|P5|N7	HCC-2L	P5	HCC-2L|TGTTTAATACTTCATC-1	TGTTTAATACTTCATC-1	0.0	0.032374398440340624
HCC-2L|P5|N8	HCC-2L	P5	HCC-2L|AACGGCCATCTCCGGT-1	AACGGCCATCTCCGGT-1	0.0	0.017389520137152763
HCC-2L|P5|N8	HCC-2L	P5	HCC-2L|AACGTACTGTGGGTAC-1	AACGTACTGTGGGTAC-1	0.0	0.006257936811221414
HCC-2L|P5|N8	HCC-2L	P5	HCC-2L|ACAGGTGGAGGTGAGG-1	ACAGGTGGAGGTGAGG-1	0.0	0.011240504140820994
HCC-2L|P5|N8	HCC-2L	P5	HCC-2L|AGACGACGATGCCGCT-1	AGACGACGATGCCGCT-1	6.197743301548629e-06	3.0988716507743147e-06
HCC-2L|P5|N8	HCC-2L	P5	HCC-2L|AGCGACAGGAACGGTC-1	AGCGACAGGAACGGTC-1	0.0	0.011242984935316454
HCC-2L|P5|N8	HCC-2L	P5	HCC-2L|AGGCTTCCCGAAGAAG-1	AGGCTTCCCGAAGAAG-1	0.0	0.006257936811221414
HCC-2L|P5|N8	HCC-2L	P5	HCC-2L|AGTGCGTAGCTCGTAA-1	AGTGCGTAGCTCGTAA-1	0.0	0.16636271148417484
HCC-2L|P5|N8	HCC-2L	P5	HCC-2L|ATATTCAGTTAAACCT-1	ATATTCAGTTAAACCT-1	0.0	0.35580275942939577
HCC-2L|P5|N8	HCC-2L	P5	HCC-2L|ATCAAACGAAGGTTTG-1	ATCAAACGAAGGTTTG-1	8.461343993233767e-06	6.08121376185549e-06
HCC-2L|P5|N8	HCC-2L	P5	HCC-2L|ATCACGTGCTAATTAA-1	ATCACGTGCTAATTAA-1	0.0	0.15767279175755458
HCC-2L|P5|N8	HCC-2L	P5	HCC-2L|ATCAGACGGCACGCCG-1	ATCAGACGGCACGCCG-1	0.0	0.16636271148417484
HCC-2L|P5|N8	HCC-2L	P5	HCC-2L|CACGTCGGCAACCTCT-1	CACGTCGGCAACCTCT-1	0.16152149873515115	0.312747156133593
HCC-2L|P5|N8	HCC-2L	P5	HCC-2L|CCAGAAAGCAACTCAT-1	CCAGAAAGCAACTCAT-1	0.0	2.8417089322626645e-06
HCC-2L|P5|N8	HCC-2L	P5	HCC-2L|CCGTGTTAAATTCCAT-1	CCGTGTTAAATTCCAT-1	0.0	0.03084986504839189
HCC-2L|P5|N8	HCC-2L	P5	HCC-2L|CCTACATTCACAGACG-1	CCTACATTCACAGACG-1	0.0	4.111319617506187e-06
HCC-2L|P5|N8	HCC-2L	P5	HCC-2L|CGAGTACTAAAGAGGA-1	CGAGTACTAAAGAGGA-1	0.0	0.15767279175755458
HCC-2L|P5|N8	HCC-2L	P5	HCC-2L|CGGTGCGCGTTGGTCC-1	CGGTGCGCGTTGGTCC-1	2.440273949656805	1.2684850608121936
HCC-2L|P5|N8	HCC-2L	P5	HCC-2L|CTAACTGGTCCGGTTC-1	CTAACTGGTCCGGTTC-1	0.0	0.024703329846555572
HCC-2L|P5|N8	HCC-2L	P5	HCC-2L|CTGCTGAGGCCACGAA-1	CTGCTGAGGCCACGAA-1	2.6401997183112158e-06	0.01346215010645452
HCC-2L|P5|N8	HCC-2L	P5	HCC-2L|GAGTATGCCCGCCTTG-1	GAGTATGCCCGCCTTG-1	0.0	0.006257992406550477
HCC-2L|P5|N8	HCC-2L	P5	HCC-2L|GATCCTCGACACTGGC-1	GATCCTCGACACTGGC-1	1.9566301464552068e-05	1.0488262731712182e-05
HCC-2L|P5|N8	HCC-2L	P5	HCC-2L|GCAAGAATTCCTTGGC-1	GCAAGAATTCCTTGGC-1	0.0	0.15767279175755458
HCC-2L|P5|N8	HCC-2L	P5	HCC-2L|GCCACAATTTAAGGAC-1	GCCACAATTTAAGGAC-1	2.2732805753426515	1.4606757909130552
HCC-2L|P5|N8	HCC-2L	P5	HCC-2L|GCCCGCGCGTAAACGG-1	GCCCGCGCGTAAACGG-1	0.07509524173465697	0.24090378333872892
HCC-2L|P5|N8	HCC-2L	P5	HCC-2L|GCTGTATTACTGGCCC-1	GCTGTATTACTGGCCC-1	0.0	0.34711283970277557
HCC-2L|P5|N8	HCC-2L	P5	HCC-2L|GGTCTCTGAATGGACT-1	GGTCTCTGAATGGACT-1	0.0	2.997273103922567e-06
HCC-2L|P5|N8	HCC-2L	P5	HCC-2L|GGTGAAGTACAGGGAT-1	GGTGAAGTACAGGGAT-1	0.0	0.017389520137152763
HCC-2L|P5|N8	HCC-2L	P5	HCC-2L|GTATTCTGAGAAACGA-1	GTATTCTGAGAAACGA-1	0.20867424164583315	0.3211534081889129
HCC-2L|P5|N8	HCC-2L	P5	HCC-2L|GTGATTCGCCGCTCAA-1	GTGATTCGCCGCTCAA-1	0.0	0.22700361941977457
HCC-2L|P5|N8	HCC-2L	P5	HCC-2L|GTGCGAAATCGAACAC-1	GTGCGAAATCGAACAC-1	0.0	0.16636271148417484
HCC-2L|P5|N8	HCC-2L	P5	HCC-2L|TAAGTAACATCTTGAC-1	TAAGTAACATCTTGAC-1	0.0	0.35580275942939577
HCC-2L|P5|N8	HCC-2L	P5	HCC-2L|TAATAGAACAGAGTTA-1	TAATAGAACAGAGTTA-1	0.13488604968985193	0.2842593122109223
HCC-2L|P5|N8	HCC-2L	P5	HCC-2L|TCAACGCAGGAAATAA-1	TCAACGCAGGAAATAA-1	0.0	2.3356371214821528e-06
HCC-2L|P5|N8	HCC-2L	P5	HCC-2L|TCGCCGAAGTTGCGTC-1	TCGCCGAAGTTGCGTC-1	1.8920735010906549	1.1354767984905485
HCC-2L|P5|N8	HCC-2L	P5	HCC-2L|TCTGTTACCCAGCATA-1	TCTGTTACCCAGCATA-1	2.9769533945522178e-05	1.4884766972761089e-05
HCC-2L|P5|N8	HCC-2L	P5	HCC-2L|TGAGTGCCTCTTAAAT-1	TGAGTGCCTCTTAAAT-1	1.996352537810098	1.1876163168502698
HCC-2L|P5|N8	HCC-2L	P5	HCC-2L|TGCGAGAATATTACCC-1	TGCGAGAATATTACCC-1	0.0	0.22085460342344285
HCC-2L|P5|N8	HCC-2L	P5	HCC-2L|TTGACCGTGTTAATGA-1	TTGACCGTGTTAATGA-1	0.0	5.036448260134936e-06
HCC-2L|P5|N8	HCC-2L	P5	HCC-2L|TTGAGAGTACTGCTAA-1	TTGAGAGTACTGCTAA-1	0.0	0.34711283970277557
HCC-2L|P5|N10	HCC-2L	P5	HCC-2L|AAGGCGCGTAAAGCTT-1	AAGGCGCGTAAAGCTT-1	0.0	0.023416792962294677
HCC-2L|P5|N10	HCC-2L	P5	HCC-2L|ACAACGGTCCCTGCGA-1	ACAACGGTCCCTGCGA-1	0.0	0.1760625890747255
HCC-2L|P5|N10	HCC-2L	P5	HCC-2L|AGTATAATACTAGGCA-1	AGTATAATACTAGGCA-1	0.0	0.18276119579116454
HCC-2L|P5|N10	HCC-2L	P5	HCC-2L|ATTCCTCCGCCAGTGC-1	ATTCCTCCGCCAGTGC-1	0.0	0.023416792962294677
HCC-2L|P5|N10	HCC-2L	P5	HCC-2L|CACTTCGCCACAGGCT-1	CACTTCGCCACAGGCT-1	0.0	0.2112751068896706
HCC-2L|P5|N10	HCC-2L	P5	HCC-2L|CCGGAATGGTTTCAGT-1	CCGGAATGGTTTCAGT-1	2.1931343494939743	1.3203168418503928
HCC-2L|P5|N10	HCC-2L	P5	HCC-2L|CGCAATTACTTTCGGT-1	CGCAATTACTTTCGGT-1	2.684996005240867	2.1036569676654775
HCC-2L|P5|N10	HCC-2L	P5	HCC-2L|CTGTTCATCTCACGGG-1	CTGTTCATCTCACGGG-1	2.183087488344448	1.8358119189665216
HCC-2L|P5|N10	HCC-2L	P5	HCC-2L|GAAAGTGACTAACTGC-1	GAAAGTGACTAACTGC-1	0.0	0.18276119579116454
HCC-2L|P5|N10	HCC-2L	P5	HCC-2L|GCCCAGTTGGTATGCC-1	GCCCAGTTGGTATGCC-1	0.0	0.023416792962294677
HCC-2L|P5|N10	HCC-2L	P5	HCC-2L|GCCTATTCCGATATAG-1	GCCTATTCCGATATAG-1	0.0	0.18276119579116454
HCC-2L|P5|N10	HCC-2L	P5	HCC-2L|GCTTGATGATAATCAG-1	GCTTGATGATAATCAG-1	0.0	0.4257519731414489
HCC-2L|P5|N10	HCC-2L	P5	HCC-2L|GTCACTCTCCAAATCT-1	GTCACTCTCCAAATCT-1	0.0	0.5825734519692957
HCC-2L|P5|N10	HCC-2L	P5	HCC-2L|TAACAAAGGGAGAAGC-1	TAACAAAGGGAGAAGC-1	0.0	0.2183087488344448
HCC-2L|P5|N10	HCC-2L	P5	HCC-2L|TAACTATCGAAGGTCC-1	TAACTATCGAAGGTCC-1	0.0	0.626922085711687
HCC-2L|P5|N10	HCC-2L	P5	HCC-2L|TGTGTCGCGAGTTGCA-1	TGTGTCGCGAGTTGCA-1	0.0	0.24382801577941157
HCC-2L|P5|N10	HCC-2L	P5	HCC-2L|TTCTACTTGCGAGGGC-1	TTCTACTTGCGAGGGC-1	2.112751068896706	1.5431838838068845
HCC-2L|P5|N10	HCC-2L	P5	HCC-2L|TTCTTGTAACCTAATG-1	TTCTTGTAACCTAATG-1	2.6449346738054027	1.751557754330439
HCC-2L|P5|N10	HCC-2L	P5	HCC-2L|TTGGCTCGCATGAGAC-1	TTGGCTCGCATGAGAC-1	0.2810015155475361	0.3609119805908849
HCC-2L|P5|N11	HCC-2L	P5	HCC-2L|ACAAGGATGCTTTAGG-1	ACAAGGATGCTTTAGG-1	0.0	0.0021290973075472545
HCC-2L|P5|N11	HCC-2L	P5	HCC-2L|ACTCAAGTGCAAGGCT-1	ACTCAAGTGCAAGGCT-1	0.009692083878940027	0.26507152554201024
HCC-2L|P5|N11	HCC-2L	P5	HCC-2L|ACTTCCATGCGGGACA-1	ACTTCCATGCGGGACA-1	0.0	0.0008076736565783356
HCC-2L|P5|N11	HCC-2L	P5	HCC-2L|AGTGATAACCTGCGCG-1	AGTGATAACCTGCGCG-1	0.01460420207138145	0.267669961395637
HCC-2L|P5|N11	HCC-2L	P5	HCC-2L|ATACTGCCTTACACCG-1	ATACTGCCTTACACCG-1	0.0	0.0012461790344652079
HCC-2L|P5|N11	HCC-2L	P5	HCC-2L|ATCAGCCTCATGCTGC-1	ATCAGCCTCATGCTGC-1	0.0	0.0011808592861270604
HCC-2L|P5|N11	HCC-2L	P5	HCC-2L|ATTCATCGTTGAGGCA-1	ATTCATCGTTGAGGCA-1	0.0	0.001321423650968919
HCC-2L|P5|N11	HCC-2L	P5	HCC-2L|CGTTAATGTCCCGACG-1	CGTTAATGTCCCGACG-1	3.0943869290742034	1.5527589204987788
HCC-2L|P5|N11	HCC-2L	P5	HCC-2L|GCAGTGTGGCTATAGG-1	GCAGTGTGGCTATAGG-1	0.0	0.0012461790344652079
HCC-2L|P5|N11	HCC-2L	P5	HCC-2L|GCGCTTAAATAATTGG-1	GCGCTTAAATAATTGG-1	0.0	0.0011808592861270604
HCC-2L|P5|N11	HCC-2L	P5	HCC-2L|GCTAACTGAAGTCTGA-1	GCTAACTGAAGTCTGA-1	0.014170311433524726	0.2661677499788944
HCC-2L|P5|N11	HCC-2L	P5	HCC-2L|GGATTGCTGTGACTCC-1	GGATTGCTGTGACTCC-1	0.0	0.0018461561852993423
HCC-2L|P5|N11	HCC-2L	P5	HCC-2L|GGCGCGGAGATCTTTC-1	GGCGCGGAGATCTTTC-1	0.0	0.26008491923769833
HCC-2L|P5|N11	HCC-2L	P5	HCC-2L|TACAGAAACGGTGGGC-1	TACAGAAACGGTGGGC-1	0.012461790344652078	0.2649041462517547
HCC-2L|P5|N11	HCC-2L	P5	HCC-2L|TATGATCTTCTCTTTA-1	TATGATCTTCTCTTTA-1	0.0	0.002397876125408848
HCC-2L|P5|N11	HCC-2L	P5	HCC-2L|TGCAACCCATCTGCGG-1	TGCAACCCATCTGCGG-1	0.0	0.0025384404902507062
HCC-2L|P5|N11	HCC-2L	P5	HCC-2L|TGTACCTACACGAGGG-1	TGTACCTACACGAGGG-1	0.0	0.0012170168392817875
HCC-2L|P5|N11	HCC-2L	P5	HCC-2L|TTGAACGACGTGCTGA-1	TTGAACGACGTGCTGA-1	0.015857083811627027	0.2678188098245239
HCC-2L|P5|N13	HCC-2L	P5	HCC-2L|ACACAAAGACGGGTGG-1	ACACAAAGACGGGTGG-1	0.0	0.1664524662552011
HCC-2L|P5|N13	HCC-2L	P5	HCC-2L|ACACCCAGCATGCAGC-1	ACACCCAGCATGCAGC-1	0.0	0.16497133088357027
HCC-2L|P5|N13	HCC-2L	P5	HCC-2L|AGATGACTCGCCCACG-1	AGATGACTCGCCCACG-1	0.0	0.14893713585309795
HCC-2L|P5|N13	HCC-2L	P5	HCC-2L|AGCATCGTCGATAATT-1	AGCATCGTCGATAATT-1	0.0	0.3523149207200374
HCC-2L|P5|N13	HCC-2L	P5	HCC-2L|AGCGACCAACGATATT-1	AGCGACCAACGATATT-1	0.0	0.1664524662552011
HCC-2L|P5|N13	HCC-2L	P5	HCC-2L|ATTATGCCATAGGGAG-1	ATTATGCCATAGGGAG-1	0.0	0.14893713585309795
HCC-2L|P5|N13	HCC-2L	P5	HCC-2L|CCCGTCAGCGTCTGAC-1	CCCGTCAGCGTCTGAC-1	0.0	0.3683491157505097
HCC-2L|P5|N13	HCC-2L	P5	HCC-2L|CTGTTCACTGCCTGTG-1	CTGTTCACTGCCTGTG-1	0.0	0.14893713585309795
HCC-2L|P5|N13	HCC-2L	P5	HCC-2L|GACTAAGATCATGCAC-1	GACTAAGATCATGCAC-1	2.4405334184032736	1.7006276421935063
HCC-2L|P5|N13	HCC-2L	P5	HCC-2L|GGGCGTACATTTATAT-1	GGGCGTACATTTATAT-1	1.9974295950624132	1.3670639132817164
HCC-2L|P5|N13	HCC-2L	P5	HCC-2L|TAGGGTGTTTCAAGAG-1	TAGGGTGTTTCAAGAG-1	1.7872456302371755	1.0970005999855272
HCC-2L|P5|N13	HCC-2L	P5	HCC-2L|TCAACCATGTTCGGGC-1	TCAACCATGTTCGGGC-1	0.0	0.16497133088357027
HCC-2L|P5|N13	HCC-2L	P5	HCC-2L|TCCGATGGTGCGACAT-1	TCCGATGGTGCGACAT-1	0.0	0.3314237971387714
HCC-2L|P5|N13	HCC-2L	P5	HCC-2L|TGGTTCGTAGCAAAGG-1	TGGTTCGTAGCAAAGG-1	0.0	0.5187673869752385
HCC-2L|P5|N13	HCC-2L	P5	HCC-2L|TTACAACTACGCATCC-1	TTACAACTACGCATCC-1	1.9796559706028432	1.359658236423562
HCC-2L|P5|N17	HCC-2L	P5	HCC-2L|ACGATACATAGAACTA-1	ACGATACATAGAACTA-1	0.30052258644763274	0.4469943504305276
HCC-2L|P5|N17	HCC-2L	P5	HCC-2L|AGCCACTCCCGTGCTT-1	AGCCACTCCCGTGCTT-1	0.0	0.27232109654289544
HCC-2L|P5|N17	HCC-2L	P5	HCC-2L|AGCTGAAGTAAACCAA-1	AGCTGAAGTAAACCAA-1	0.0	0.025223781948446055
HCC-2L|P5|N17	HCC-2L	P5	HCC-2L|ATACGGGTTTCGATTG-1	ATACGGGTTTCGATTG-1	2.9673305720671124	1.5573053541495667
HCC-2L|P5|N17	HCC-2L	P5	HCC-2L|ATCACATTAGAATATC-1	ATCACATTAGAATATC-1	0.0	0.025223781948446055
HCC-2L|P5|N17	HCC-2L	P5	HCC-2L|ATTAATGAACCAGTCG-1	ATTAATGAACCAGTCG-1	0.0	0.050087097741272124
HCC-2L|P5|N17	HCC-2L	P5	HCC-2L|CATGGGTCGGGTGTGG-1	CATGGGTCGGGTGTGG-1	0.0	0.04859651924537447
HCC-2L|P5|N17	HCC-2L	P5	HCC-2L|CTGTCAAATGGCTCGG-1	CTGTCAAATGGCTCGG-1	0.0	0.2706502849691878
HCC-2L|P5|N17	HCC-2L	P5	HCC-2L|GCTCGGAATTTAAAGC-1	GCTCGGAATTTAAAGC-1	0.280472847563141	0.4127377534022759
HCC-2L|P5|N17	HCC-2L	P5	HCC-2L|TACGGGATGCTAGCAG-1	TACGGGATGCTAGCAG-1	0.30268538338135265	0.4219929766598641
HCC-2L|P5|N17	HCC-2L	P5	HCC-2L|TACTCTCCGAACAAAT-1	TACTCTCCGAACAAAT-1	0.0	0.2975448784913415
HCC-2L|P5|N17	HCC-2L	P5	HCC-2L|TAGGCATGTTACGCCA-1	TAGGCATGTTACGCCA-1	0.0	0.023372737296928417
HCC-2L|P5|N17	HCC-2L	P5	HCC-2L|TGGCAACTCGCGCGCC-1	TGGCAACTCGCGCGCC-1	0.0	0.023372737296928417
HCC-2L|P5|N17	HCC-2L	P5	HCC-2L|TTCTTGGAGTAATGAG-1	TTCTTGGAGTAATGAG-1	0.0	0.03756532330595409
HCC-2L|P5|N19	HCC-2L	P5	HCC-2L|ACTAATACGTCAGGCG-1	ACTAATACGTCAGGCG-1	0.0	0.05985731187047963
HCC-2L|P5|N19	HCC-2L	P5	HCC-2L|AGAGTTAGAGACCGAT-1	AGAGTTAGAGACCGAT-1	3.178537966162567	1.7083269633211287
HCC-2L|P5|N19	HCC-2L	P5	HCC-2L|AGCGCTTATGGGCAAG-1	AGCGCTTATGGGCAAG-1	0.0	0.0291946126704271
HCC-2L|P5|N19	HCC-2L	P5	HCC-2L|CACGTCTATGATGTGG-1	CACGTCTATGATGTGG-1	0.0	0.0291946126704271
HCC-2L|P5|N19	HCC-2L	P5	HCC-2L|CGGTTGGGTTCAAGTT-1	CGGTTGGGTTCAAGTT-1	0.0	0.030662699200052528
HCC-2L|P5|N19	HCC-2L	P5	HCC-2L|CTAAGTACAGGGCTAC-1	CTAAGTACAGGGCTAC-1	0.0	0.03302317662044834
HCC-2L|P5|N19	HCC-2L	P5	HCC-2L|CTCGAATGGAACGTAT-1	CTCGAATGGAACGTAT-1	0.3962781194453801	0.49367992276962314
HCC-2L|P5|N19	HCC-2L	P5	HCC-2L|GAACTTAGCGCCCGGT-1	GAACTTAGCGCCCGGT-1	0.0	0.03302317662044834
HCC-2L|P5|N19	HCC-2L	P5	HCC-2L|GGACGGCTTGCGCAAC-1	GGACGGCTTGCGCAAC-1	0.0	0.06368587582050088
HCC-2L|P5|N19	HCC-2L	P5	HCC-2L|GTGTCCGATAAGGCAT-1	GTGTCCGATAAGGCAT-1	0.0	0.02617749174891725
HCC-2L|P5|N19	HCC-2L	P5	HCC-2L|TAAGTAAATGTGCCGC-1	TAAGTAAATGTGCCGC-1	0.314129900987007	0.42194311434038406
HCC-2L|P5|N19	HCC-2L	P5	HCC-2L|TCGGTTAGCCATGTAG-1	TCGGTTAGCCATGTAG-1	0.0	0.02617749174891725
HCC-2L|P5|N19	HCC-2L	P5	HCC-2L|TGACCAGCTTCAAAGT-1	TGACCAGCTTCAAAGT-1	0.3503353520451252	0.4707085390694957
HCC-2L|P5|N19	HCC-2L	P5	HCC-2L|TGCCATGGCTTATAAG-1	TGCCATGGCTTATAAG-1	0.0	0.02617749174891725
HCC-2L|P5|N19	HCC-2L	P5	HCC-2L|TGGCACGAGCTCGAGT-1	TGGCACGAGCTCGAGT-1	0.0	0.32407883221624617
HCC-2L|P5|N19	HCC-2L	P5	HCC-2L|TTAAGACGAACGAACC-1	TTAAGACGAACGAACC-1	0.0	0.32025026826622494
HCC-2L|P5|N19	HCC-2L	P5	HCC-2L|TTCGGACTGATGCCTT-1	TTCGGACTGATGCCTT-1	0.3679523904006303	0.5110721483380711
HCC-2L|P5|N20	HCC-2L	P5	HCC-2L|ACTATATGCTGTGTTC-1	ACTATATGCTGTGTTC-1	0.0	0.026249048418085053
HCC-2L|P5|N20	HCC-2L	P5	HCC-2L|CACGGCGCGCCAAAGG-1	CACGGCGCGCCAAAGG-1	0.0	0.022057540211249744
HCC-2L|P5|N20	HCC-2L	P5	HCC-2L|CGGTATAGGTATTAGC-1	CGGTATAGGTATTAGC-1	0.0	0.027583758315147335
HCC-2L|P5|N20	HCC-2L	P5	HCC-2L|CGTTGAGTAATTGCGT-1	CGTTGAGTAATTGCGT-1	0.0	0.05269992396834513
HCC-2L|P5|N20	HCC-2L	P5	HCC-2L|CTATTGTGTTTGGTCA-1	CTATTGTGTTTGGTCA-1	3.054538755272116	1.628275890233738
HCC-2L|P5|N20	HCC-2L	P5	HCC-2L|CTCAAGACATTAGCGC-1	CTCAAGACATTAGCGC-1	0.26469048253499694	0.4131391859582599
HCC-2L|P5|N20	HCC-2L	P5	HCC-2L|GCTAGCAGGGAGTGGG-1	GCTAGCAGGGAGTGGG-1	0.0	0.022057540211249744
HCC-2L|P5|N20	HCC-2L	P5	HCC-2L|GGCAGCGGTAATCCTA-1	GGCAGCGGTAATCCTA-1	0.0	0.2766024364839261
HCC-2L|P5|N20	HCC-2L	P5	HCC-2L|GGTGCAGAGCCTATCG-1	GGTGCAGAGCCTATCG-1	0.0	0.05136521407128284
HCC-2L|P5|N20	HCC-2L	P5	HCC-2L|TAAATGCCGTCTCATG-1	TAAATGCCGTCTCATG-1	0.0	0.025116165653197794
HCC-2L|P5|N20	HCC-2L	P5	HCC-2L|TGCAATTTGGGCACGG-1	TGCAATTTGGGCACGG-1	0.0	0.0483065886293348
HCC-2L|P5|N20	HCC-2L	P5	HCC-2L|TGCACAGTGAAGTTAT-1	TGCACAGTGAAGTTAT-1	0.331005099781768	0.4451636118167581
HCC-2L|P5|N20	HCC-2L	P5	HCC-2L|TGCGAGCCCTTCCGCG-1	TGCGAGCCCTTCCGCG-1	0.3013939878383735	0.4590746969250955
HCC-2L|P5|N20	HCC-2L	P5	HCC-2L|TGGGATGCACTCATTC-1	TGGGATGCACTCATTC-1	0.0	0.027583758315147335
HCC-2L|P5|N20	HCC-2L	P5	HCC-2L|TTCCATCATGCGGTGA-1	TTCCATCATGCGGTGA-1	0.0	0.28212865458782366
HCC-2L|P5|N20	HCC-2L	P5	HCC-2L|TTGAAAGGTGTAAAGG-1	TTGAAAGGTGTAAAGG-1	0.31498858101702065	0.4592128926456342
HCC-2L|P5|N22	HCC-2L	P5	HCC-2L|ACTCGTAACCCGTCCT-1	ACTCGTAACCCGTCCT-1	0.0	0.4140096993749099
HCC-2L|P5|N22	HCC-2L	P5	HCC-2L|AGCCGTGGCTAAATGT-1	AGCCGTGGCTAAATGT-1	2.3350567408516243	1.3869500080630868
HCC-2L|P5|N22	HCC-2L	P5	HCC-2L|CAGCTGGCGTAACCGT-1	CAGCTGGCGTAACCGT-1	0.0	0.405087444884175
HCC-2L|P5|N22	HCC-2L	P5	HCC-2L|CAGTACCAGTTTACGT-1	CAGTACCAGTTTACGT-1	0.0	0.18566580724690032
HCC-2L|P5|N22	HCC-2L	P5	HCC-2L|CGTTCATGGTGCGCGT-1	CGTTCATGGTGCGCGT-1	2.227989686962804	1.3334164811186766
HCC-2L|P5|N22	HCC-2L	P5	HCC-2L|CTCCCTCCTTTCGATC-1	CTCCCTCCTTTCGATC-1	0.0	0.19458806173763535
HCC-2L|P5|N22	HCC-2L	P5	HCC-2L|GACTACAAAGCGGTGG-1	GACTACAAAGCGGTGG-1	2.633059651647295	1.6967836948081831
HCC-2L|P5|N22	HCC-2L	P5	HCC-2L|GATGTAACGAACCACC-1	GATGTAACGAACCACC-1	0.0	0.19458806173763535
HCC-2L|P5|N22	HCC-2L	P5	HCC-2L|GGTCGTAAGCTCGCAC-1	GGTCGTAAGCTCGCAC-1	0.0	0.405087444884175
HCC-2L|P5|N22	HCC-2L	P5	HCC-2L|GTGGCAAACAGCGGCA-1	GTGGCAAACAGCGGCA-1	0.0	0.4140096993749099
HCC-2L|P5|N22	HCC-2L	P5	HCC-2L|TACTTTCCGCACGCCA-1	TACTTTCCGCACGCCA-1	0.0	0.18566580724690032
HCC-2L|P5|N22	HCC-2L	P5	HCC-2L|TCCTCCTAAGACATTC-1	TCCTCCTAAGACATTC-1	0.0	0.18566580724690032
HCC-2L|P5|N22	HCC-2L	P5	HCC-2L|TTGGAAGAATACAGTC-1	TTGGAAGAATACAGTC-1	0.0	0.19458806173763535
HCC-2L|P5|N23	HCC-2L	P5	HCC-2L|ACTCTAAACCTGGGAT-1	ACTCTAAACCTGGGAT-1	0.0	0.30040881876116754
HCC-2L|P5|N23	HCC-2L	P5	HCC-2L|ATCGTATTCCGAGAAC-1	ATCGTATTCCGAGAAC-1	0.0	0.005899222198909056
HCC-2L|P5|N23	HCC-2L	P5	HCC-2L|ATTGGTAGGATCCGCT-1	ATTGGTAGGATCCGCT-1	0.30471146041585906	0.40531397258290397
HCC-2L|P5|N23	HCC-2L	P5	HCC-2L|CATGGCTCCCTATGTC-1	CATGGCTCCCTATGTC-1	0.31262085863906225	0.48732044451923384
HCC-2L|P5|N23	HCC-2L	P5	HCC-2L|CCAATAGATTTCATCT-1	CCAATAGATTTCATCT-1	2.9724400683138947	1.4980184785547654
HCC-2L|P5|N23	HCC-2L	P5	HCC-2L|CGCAATCGATCATTAG-1	CGCAATCGATCATTAG-1	0.27460124349733434	0.6953205829384598
HCC-2L|P5|N23	HCC-2L	P5	HCC-2L|CTCATTCGTGAACATC-1	CTCATTCGTGAACATC-1	0.0	0.0026373432748150404
HCC-2L|P5|N23	HCC-2L	P5	HCC-2L|GAAGCCGGGTAAGCTC-1	GAAGCCGGGTAAGCTC-1	0.0	0.2790099805948963
HCC-2L|P5|N23	HCC-2L	P5	HCC-2L|GCTGGCAGGTGCCGTG-1	GCTGGCAGGTGCCGTG-1	0.0	0.025392621701321588
HCC-2L|P5|N23	HCC-2L	P5	HCC-2L|GGCCACACGAAAGCCT-1	GGCCACACGAAAGCCT-1	0.0	0.026051738219921853
HCC-2L|P5|N23	HCC-2L	P5	HCC-2L|GGCTTGGCTCTCACCT-1	GGCTTGGCTCTCACCT-1	3.0354989084996933	1.5920772511292012
HCC-2L|P5|N23	HCC-2L	P5	HCC-2L|GGGAATTCTGTCCAGT-1	GGGAATTCTGTCCAGT-1	0.0	0.0026373432748150404
HCC-2L|P5|N23	HCC-2L	P5	HCC-2L|GGGCACGAATTGGCCG-1	GGGCACGAATTGGCCG-1	0.0391425470891282	0.31998009230573166
HCC-2L|P5|N23	HCC-2L	P5	HCC-2L|GTCTTCCTCACCTAAG-1	GTCTTCCTCACCTAAG-1	0.0	0.006523757848188033
HCC-2L|P5|N23	HCC-2L	P5	HCC-2L|GTTCAAATCAGATGTC-1	GTTCAAATCAGATGTC-1	0.0	0.052103476439843706
HCC-2L|P5|N23	HCC-2L	P5	HCC-2L|TCAATACAATTGCTGC-1	TCAATACAATTGCTGC-1	0.0	0.0032618789240940163
HCC-2L|P5|N23	HCC-2L	P5	HCC-2L|TCAGGGCGACTTCCTT-1	TCAGGGCGACTTCCTT-1	0.0	0.278350864076296
HCC-2L|P5|N23	HCC-2L	P5	HCC-2L|TCGCCGGATGGGCAAG-1	TCGCCGGATGGGCAAG-1	0.0	0.025392621701321588
HCC-2L|P5|N23	HCC-2L	P5	HCC-2L|TCGTTGACAGGGTCCC-1	TCGTTGACAGGGTCCC-1	0.03164811929778048	0.2667892775991421
HCC-2L|P5|N23	HCC-2L	P5	HCC-2L|TCTGCAGATTCGAGTC-1	TCTGCAGATTCGAGTC-1	0.0	0.025392621701321588
HCC-2L|P5|N23	HCC-2L	P5	HCC-2L|TGGTTATGCTTGCGGT-1	TGGTTATGCTTGCGGT-1	0.0	0.36148116124128865
HCC-2L|P5|N24	HCC-2L	P5	HCC-2L|AGAGCAGTTATGAGAC-1	AGAGCAGTTATGAGAC-1	0.0	0.27768096670415815
HCC-2L|P5|N24	HCC-2L	P5	HCC-2L|ATTCAGTAGCAGGGTC-1	ATTCAGTAGCAGGGTC-1	0.0	0.14331680076065148
HCC-2L|P5|N24	HCC-2L	P5	HCC-2L|ATTCCCACATAAACAA-1	ATTCCCACATAAACAA-1	0.0	0.14331680076065148
HCC-2L|P5|N24	HCC-2L	P5	HCC-2L|CATAGCCGCCCGGGAT-1	CATAGCCGCCCGGGAT-1	0.0	0.2749747257320329
HCC-2L|P5|N24	HCC-2L	P5	HCC-2L|CCGCGTAGGTAAGGGC-1	CCGCGTAGGTAAGGGC-1	0.0	0.1471994999627285
HCC-2L|P5|N24	HCC-2L	P5	HCC-2L|GAAACTCGTGCGATGC-1	GAAACTCGTGCGATGC-1	0.0	0.33658365769099624
HCC-2L|P5|N24	HCC-2L	P5	HCC-2L|GATATGGATTACGCGG-1	GATATGGATTACGCGG-1	0.0	0.13048146674142963
HCC-2L|P5|N24	HCC-2L	P5	HCC-2L|GGTGCTGATCACAAAG-1	GGTGCTGATCACAAAG-1	1.5798950996565775	1.2570126742607146
HCC-2L|P5|N24	HCC-2L	P5	HCC-2L|GGTTAGTTACGGCGCC-1	GGTTAGTTACGGCGCC-1	1.7198016091278177	1.1848255864656352
HCC-2L|P5|N24	HCC-2L	P5	HCC-2L|TACCTGCTGCACTGTG-1	TACCTGCTGCACTGTG-1	2.3192022831641377	1.7122568340182598
HCC-2L|P5|N24	HCC-2L	P5	HCC-2L|TAGGTCCAAGTAAGGA-1	TAGGTCCAAGTAAGGA-1	0.0	0.3404663568930733
HCC-2L|P5|N24	HCC-2L	P5	HCC-2L|TATGAAGACAGGTGCG-1	TATGAAGACAGGTGCG-1	1.7663939995527418	1.2069453234481453
HCC-2L|P5|N24	HCC-2L	P5	HCC-2L|TCACATCTTATCTGAT-1	TCACATCTTATCTGAT-1	1.5657776008971556	1.2550130823130325
HCC-2L|P5|N24	HCC-2L	P5	HCC-2L|TCCTCTCCAGTTGTCC-1	TCCTCTCCAGTTGTCC-1	0.0	0.1471994999627285
HCC-2L|P5|N24	HCC-2L	P5	HCC-2L|TCGTCACACTGTTAGC-1	TCGTCACACTGTTAGC-1	0.0	0.2621393917128111
HCC-2L|P5|N24	HCC-2L	P5	HCC-2L|TTATGTTTGCGATAGA-1	TTATGTTTGCGATAGA-1	0.0	0.13165792497138146
HCC-2L|P5|N26	HCC-2L	P5	HCC-2L|AGGGAGACATACTTCG-1	AGGGAGACATACTTCG-1	0.2613423639674569	0.4166161001483568
HCC-2L|P5|N26	HCC-2L	P5	HCC-2L|AGTACATCATTTATCA-1	AGTACATCATTTATCA-1	0.24433143525538822	0.4322779297459669
HCC-2L|P5|N26	HCC-2L	P5	HCC-2L|AGTCTAAAGTATACTC-1	AGTCTAAAGTATACTC-1	2.881863602447366	1.5683725745723212
HCC-2L|P5|N26	HCC-2L	P5	HCC-2L|ATCTTGACTTGTCCAA-1	ATCTTGACTTGTCCAA-1	0.0	0.038632496165895876
HCC-2L|P5|N26	HCC-2L	P5	HCC-2L|ATTTACTAAGTCCATT-1	ATTTACTAAGTCCATT-1	0.0	0.041945082981411676
HCC-2L|P5|N26	HCC-2L	P5	HCC-2L|CCGCTTGCTGACATGG-1	CCGCTTGCTGACATGG-1	0.0	0.022116078207216394
HCC-2L|P5|N26	HCC-2L	P5	HCC-2L|CGGCCCAACCTGTAGT-1	CGGCCCAACCTGTAGT-1	0.26539293848659673	0.44701706588478063
HCC-2L|P5|N26	HCC-2L	P5	HCC-2L|GACTCCCAGAATAAGG-1	GACTCCCAGAATAAGG-1	0.0	0.026539293848659672
HCC-2L|P5|N26	HCC-2L	P5	HCC-2L|GCATTCAAGGCAACGC-1	GCATTCAAGGCAACGC-1	0.0	0.02443314352553882
HCC-2L|P5|N26	HCC-2L	P5	HCC-2L|GGGTGCATATGAAAGC-1	GGGTGCATATGAAAGC-1	0.28408247704157785	0.42224661228330435
HCC-2L|P5|N26	HCC-2L	P5	HCC-2L|GTTAGCCGTAAATCAA-1	GTTAGCCGTAAATCAA-1	0.21925851873536226	0.39381905226304215
HCC-2L|P5|N26	HCC-2L	P5	HCC-2L|TAACTATTACGCCAAA-1	TAACTATTACGCCAAA-1	0.0	0.02036095293794902
HCC-2L|P5|N26	HCC-2L	P5	HCC-2L|TCCCGTCGCGTCATAG-1	TCCCGTCGCGTCATAG-1	0.0	0.02177853033062141
HCC-2L|P5|N26	HCC-2L	P5	HCC-2L|TCCCTAGATCAATAGG-1	TCCCTAGATCAATAGG-1	0.0	0.043894608537837804
HCC-2L|P5|N26	HCC-2L	P5	HCC-2L|TCCGAATGGTCCTGAG-1	TCCGAATGGTCCTGAG-1	0.0	0.023673539753464822
HCC-2L|P5|N26	HCC-2L	P5	HCC-2L|TCGGGAACGTGCCTAG-1	TCGGGAACGTGCCTAG-1	0.0	0.018271543227946854
HCC-2L|P5|N26	HCC-2L	P5	HCC-2L|TGATGGCTGTTTCTGA-1	TGATGGCTGTTTCTGA-1	0.0	0.04545207008408623
HCC-2L|P5|N27	HCC-2L	P5	HCC-2L|AGTAGGTAACATACAT-1	AGTAGGTAACATACAT-1	0.0	0.23974090814824675
HCC-2L|P5|N27	HCC-2L	P5	HCC-2L|ATTCTCGTCTCTTTAG-1	ATTCTCGTCTCTTTAG-1	1.0196707948408408e-05	6.88669390230458e-06
HCC-2L|P5|N27	HCC-2L	P5	HCC-2L|ATTGGGAATATCTTGG-1	ATTGGGAATATCTTGG-1	0.0	0.2420793655817736
HCC-2L|P5|N27	HCC-2L	P5	HCC-2L|ATTTAACTCGTATTAC-1	ATTTAACTCGTATTAC-1	0.0	0.23974090814824675
HCC-2L|P5|N27	HCC-2L	P5	HCC-2L|CCGCCGGTCAACACAC-1	CCGCCGGTCAACACAC-1	0.0	0.24207851585611126
HCC-2L|P5|N27	HCC-2L	P5	HCC-2L|CGTCAGTGCGCACAAG-1	CGTCAGTGCGCACAAG-1	2.146007913720452e-05	1.1579765230969627e-05
HCC-2L|P5|N27	HCC-2L	P5	HCC-2L|CTATGTCTATTGAAAC-1	CTATGTCTATTGAAAC-1	0.0	0.0023376077078645233
HCC-2L|P5|N27	HCC-2L	P5	HCC-2L|CTCTGCGAAGCAAGCA-1	CTCTGCGAAGCAAGCA-1	0.0	2.6380655904677436e-06
HCC-2L|P5|N27	HCC-2L	P5	HCC-2L|TAGAGCTACGAAGAAC-1	TAGAGCTACGAAGAAC-1	2.876890897778961	1.440783056597345
HCC-2L|P5|N27	HCC-2L	P5	HCC-2L|TATCCTGCATGGGAAT-1	TATCCTGCATGGGAAT-1	0.0	0.23974090814824675
HCC-2L|P5|N27	HCC-2L	P5	HCC-2L|TCGTATAGTGCAATTA-1	TCGTATAGTGCAATTA-1	0.0	0.0023376077078645233
HCC-2L|P5|N27	HCC-2L	P5	HCC-2L|TGCGGCATAGTTCAAC-1	TGCGGCATAGTTCAAC-1	0.02805129249437428	0.2537665543954339
HCC-2L|P5|N27	HCC-2L	P5	HCC-2L|TGTATCCTTATTCCAT-1	TGTATCCTTATTCCAT-1	0.0	2.6380655904677436e-06
HCC-2L|P5|N27	HCC-2L	P5	HCC-2L|TGTCTACAGTTTCTGT-1	TGTCTACAGTTTCTGT-1	0.0	0.0023384574335268906
HCC-2L|P5|N29	HCC-2L	P5	HCC-2L|ATAACGTTACCTCCAC-1	ATAACGTTACCTCCAC-1	0.0	0.24517229720042355
HCC-2L|P5|N29	HCC-2L	P5	HCC-2L|ATAAGTACCCGATTGT-1	ATAAGTACCCGATTGT-1	0.0	0.0013230260758644596
HCC-2L|P5|N29	HCC-2L	P5	HCC-2L|ATATGTGCACAAACCA-1	ATATGTGCACAAACCA-1	0.0	0.0029432939837484733
HCC-2L|P5|N29	HCC-2L	P5	HCC-2L|ATTGGGAGTTCTGTAA-1	ATTGGGAGTTCTGTAA-1	0.0	0.0013230260758644596
HCC-2L|P5|N29	HCC-2L	P5	HCC-2L|CAACTGAGGGTATGAC-1	CAACTGAGGGTATGAC-1	0.0	0.0013735820441083662
HCC-2L|P5|N29	HCC-2L	P5	HCC-2L|CACACTTGTATTGCGA-1	CACACTTGTATTGCGA-1	2.926191253494709	1.4685385393675274
HCC-2L|P5|N29	HCC-2L	P5	HCC-2L|CGAACATAGTCAGAAA-1	CGAACATAGTCAGAAA-1	0.015876312910373516	0.25335713951938593
HCC-2L|P5|N29	HCC-2L	P5	HCC-2L|CGACACCGCTTAAGGA-1	CGACACCGCTTAAGGA-1	0.016482984529300394	0.2548370678894093
HCC-2L|P5|N29	HCC-2L	P5	HCC-2L|CTCACCGATCCAAACT-1	CTCACCGATCCAAACT-1	0.0	0.0015697119396401074
HCC-2L|P5|N29	HCC-2L	P5	HCC-2L|GCTGGTGACTCGTAGT-1	GCTGGTGACTCGTAGT-1	0.01411911072671921	0.25228240853202705
HCC-2L|P5|N29	HCC-2L	P5	HCC-2L|GGCCCAGTTATCAGCA-1	GGCCCAGTTATCAGCA-1	0.0	0.0011765925605599342
HCC-2L|P5|N29	HCC-2L	P5	HCC-2L|GTAACAACTGACCTTG-1	GTAACAACTGACCTTG-1	0.0	0.0025501746046683003
HCC-2L|P5|N29	HCC-2L	P5	HCC-2L|GTGTCGTATTCACCTT-1	GTGTCGTATTCACCTT-1	0.018836543275681288	0.2559641508823725
HCC-2L|P5|N29	HCC-2L	P5	HCC-2L|GTTGTTACATTGCGCT-1	GTTGTTACATTGCGCT-1	0.0	0.0011765925605599342
HCC-2L|P5|N29	HCC-2L	P5	HCC-2L|TAGCTCAGATCCTAGT-1	TAGCTCAGATCCTAGT-1	0.0	0.002892738015504567
HCC-2L|P5|N29	HCC-2L	P5	HCC-2L|TGCGAGATGGCGGCCA-1	TGCGAGATGGCGGCCA-1	0.0	0.24502586368511903
HCC-2L|P5|N30	HCC-2L	P5	HCC-2L|ATACGAAGGCTTTCCA-1	ATACGAAGGCTTTCCA-1	0.0	0.1622595930836691
HCC-2L|P5|N30	HCC-2L	P5	HCC-2L|ATCGCTTTACGTCTCA-1	ATCGCTTTACGTCTCA-1	0.0	0.1823629726500747
HCC-2L|P5|N30	HCC-2L	P5	HCC-2L|ATGGCGGAATAGTCGC-1	ATGGCGGAATAGTCGC-1	0.0	0.3314224020473649
HCC-2L|P5|N30	HCC-2L	P5	HCC-2L|CCACGTAAATTAGACT-1	CCACGTAAATTAGACT-1	1.7887131527674827	1.076719549033816
HCC-2L|P5|N30	HCC-2L	P5	HCC-2L|CCGTGAGGCATTCATG-1	CCGTGAGGCATTCATG-1	0.0	0.1622595930836691
HCC-2L|P5|N30	HCC-2L	P5	HCC-2L|CTGCCTCATATGCAAC-1	CTGCCTCATATGCAAC-1	0.0	0.14905942939729022
HCC-2L|P5|N30	HCC-2L	P5	HCC-2L|GATCCGAATATAAGTG-1	GATCCGAATATAAGTG-1	0.0	0.3446225657337438
HCC-2L|P5|N30	HCC-2L	P5	HCC-2L|GCCCAGATGCTGGAGA-1	GCCCAGATGCTGGAGA-1	0.0	0.1622595930836691
HCC-2L|P5|N30	HCC-2L	P5	HCC-2L|GGGCGCAGCGTTACTC-1	GGGCGCAGCGTTACTC-1	0.0	0.14905942939729022
HCC-2L|P5|N30	HCC-2L	P5	HCC-2L|GGTTACCCGACACTTT-1	GGTTACCCGACACTTT-1	0.0	0.14905942939729022
HCC-2L|P5|N30	HCC-2L	P5	HCC-2L|TCTGATTGGAAATGGA-1	TCTGATTGGAAATGGA-1	2.1883556718008963	1.4054968583814076
HCC-2L|P5|N30	HCC-2L	P5	HCC-2L|TCTGGCCGTTCAAGTT-1	TCTGGCCGTTCAAGTT-1	1.9471151170040293	1.1559205311520893
HCC-2L|P5|N30	HCC-2L	P5	HCC-2L|TTGGCGATCCGAATAT-1	TTGGCGATCCGAATAT-1	0.0	0.49368199513103406
HCC-2L|P5|N37	HCC-2L	P5	HCC-2L|CCACATACTGCACCCA-1	CCACATACTGCACCCA-1	4.9863898142331966e-06	0.3328243020725737
HCC-2L|P5|N37	HCC-2L	P5	HCC-2L|CTCCCAATGAGTCGCG-1	CTCCCAATGAGTCGCG-1	0.0	0.04082095859511366
HCC-2L|P5|N37	HCC-2L	P5	HCC-2L|CTGACATAGAAATAGA-1	CTGACATAGAAATAGA-1	2.8383665856353018	1.460004666945249
HCC-2L|P5|N37	HCC-2L	P5	HCC-2L|GAGTAAACCGGAAAGT-1	GAGTAAACCGGAAAGT-1	0.4898515031413639	0.4814567159061083
HCC-2L|P5|N37	HCC-2L	P5	HCC-2L|GATCTCGACGCTGTGG-1	GATCTCGACGCTGTGG-1	0.0	0.2773515073980555
HCC-2L|P5|N37	HCC-2L	P5	HCC-2L|GTATTTAATGGCATAA-1	GTATTTAATGGCATAA-1	0.0	0.23653096433542634
HCC-2L|P5|N37	HCC-2L	P5	HCC-2L|TAGTCTTTCCGAATTG-1	TAGTCTTTCCGAATTG-1	0.0	0.04082095859511366
HCC-2L|P5|N37	HCC-2L	P5	HCC-2L|TATACCGAGTGCCACA-1	TATACCGAGTGCCACA-1	0.0	0.2365305488029418
HCC-2L|P5|N37	HCC-2L	P5	HCC-2L|TCCAGCGCTATAAGCG-1	TCCAGCGCTATAAGCG-1	0.0	0.048985648953117814
HCC-2L|P5|N37	HCC-2L	P5	HCC-2L|TCCGAACGTTGCCGCT-1	TCCGAACGTTGCCGCT-1	0.0	0.2365305488029418
HCC-2L|P6|N3	HCC-2L	P6	HCC-2L|AAATCGTGTACCACAA-1	AAATCGTGTACCACAA-1	0.0	6.822075082724662e-08
HCC-2L|P6|N3	HCC-2L	P6	HCC-2L|ACCCGGTTACACTTCC-1	ACCCGGTTACACTTCC-1	0.0	7.703140615560893e-08
HCC-2L|P6|N3	HCC-2L	P6	HCC-2L|AGTGACCTACTTTACG-1	AGTGACCTACTTTACG-1	0.0	9.954640567542654e-08
HCC-2L|P6|N3	HCC-2L	P6	HCC-2L|ATGATGCAATGGTACA-1	ATGATGCAATGGTACA-1	0.0	9.954640567542654e-08
HCC-2L|P6|N3	HCC-2L	P6	HCC-2L|ATTAAACATGCGGACC-1	ATTAAACATGCGGACC-1	0.0	6.822075082724662e-08
HCC-2L|P6|N3	HCC-2L	P6	HCC-2L|CACAATGAGCTGCTAT-1	CACAATGAGCTGCTAT-1	9.243768738673071e-07	6.222478908617381e-07
HCC-2L|P6|N3	HCC-2L	P6	HCC-2L|CATATAGGTACAGTCA-1	CATATAGGTACAGTCA-1	0.0	6.822075082724662e-08
HCC-2L|P6|N3	HCC-2L	P6	HCC-2L|CATCGGACGGGTTAAT-1	CATCGGACGGGTTAAT-1	0.0	6.822075082724662e-08
HCC-2L|P6|N3	HCC-2L	P6	HCC-2L|GAAATTGTCTCTATAA-1	GAAATTGTCTCTATAA-1	0.0	1.6005945392808462e-07
HCC-2L|P6|N3	HCC-2L	P6	HCC-2L|GGCAAATTACTTTACT-1	GGCAAATTACTTTACT-1	0.0	6.051304825265808e-08
HCC-2L|P6|N3	HCC-2L	P6	HCC-2L|GGCGCATGAATTGATG-1	GGCGCATGAATTGATG-1	0.0	6.051304825265808e-08
HCC-2L|P6|N3	HCC-2L	P6	HCC-2L|GGGCCCGTCTTAAACA-1	GGGCCCGTCTTAAACA-1	7.261565790318969e-07	5.396561013469839e-07
HCC-2L|P6|N3	HCC-2L	P6	HCC-2L|GTTACTTTGGGCCTAG-1	GTTACTTTGGGCCTAG-1	1.1945568681051185e-06	7.348228884608262e-07
HCC-2L|P6|N3	HCC-2L	P6	HCC-2L|TAACTCATCCGCGCGG-1	TAACTCATCCGCGCGG-1	0.0	1.7657781183103547e-07
HCC-2L|P6|N3	HCC-2L	P6	HCC-2L|TACAACGCACAACTCA-1	TACAACGCACAACTCA-1	0.0	7.703140615560893e-08
HCC-2L|P6|N3	HCC-2L	P6	HCC-2L|TACGCAGTTCTTTCCT-1	TACGCAGTTCTTTCCT-1	0.0	1.37544454408267e-07
HCC-2L|P6|N3	HCC-2L	P6	HCC-2L|TCAACGAGGAGACAAA-1	TCAACGAGGAGACAAA-1	0.0	6.822075082724662e-08
HCC-2L|P6|N3	HCC-2L	P6	HCC-2L|TGGCAGATTACGATCA-1	TGGCAGATTACGATCA-1	0.0	6.822075082724662e-08
HCC-2L|P6|N3	HCC-2L	P6	HCC-2L|TTGCACAATTCAGAAA-1	TTGCACAATTCAGAAA-1	8.186490099269594e-07	4.093245049634797e-07
HCC-2L|P6|N4	HCC-2L	P6	HCC-2L|AAATGACTGATCAAAC-1	AAATGACTGATCAAAC-1	0.0	1.5318191585333316e-07
HCC-2L|P6|N4	HCC-2L	P6	HCC-2L|AACCCGCTGTATTCCA-1	AACCCGCTGTATTCCA-1	1.8381829902399978e-06	9.190914951199989e-07
HCC-2L|P6|N4	HCC-2L	P6	HCC-2L|ACTTGTTACCGGATCA-1	ACTTGTTACCGGATCA-1	0.0	1.5318191585333316e-07
HCC-2L|P6|N4	HCC-2L	P6	HCC-2L|ATATGGGATAGCAACT-1	ATATGGGATAGCAACT-1	0.0	0.17968816019245193
HCC-2L|P6|N4	HCC-2L	P6	HCC-2L|ATCAAGATCCCAGGAC-1	ATCAAGATCCCAGGAC-1	0.0	0.3591349099605063
HCC-2L|P6|N4	HCC-2L	P6	HCC-2L|ATCCCATTTCCGTGGG-1	ATCCCATTTCCGTGGG-1	0.0	0.17968816019245193
HCC-2L|P6|N4	HCC-2L	P6	HCC-2L|CAATGACCCTTAATTT-1	CAATGACCCTTAATTT-1	2.1533609972166525	1.256368658800778
HCC-2L|P6|N4	HCC-2L	P6	HCC-2L|CGATCCACCATTGTTG-1	CGATCCACCATTGTTG-1	0.0	0.17968816019245193
HCC-2L|P6|N4	HCC-2L	P6	HCC-2L|CTCAGAGCTAATGTCG-1	CTCAGAGCTAATGTCG-1	0.0	0.1794467497680544
HCC-2L|P6|N4	HCC-2L	P6	HCC-2L|CTCGTGGCACTGAAAG-1	CTCGTGGCACTGAAAG-1	0.0	1.5318191585333316e-07
HCC-2L|P6|N4	HCC-2L	P6	HCC-2L|GACTCTAGAGTTCCAA-1	GACTCTAGAGTTCCAA-1	0.0	0.1794467497680544
HCC-2L|P6|N4	HCC-2L	P6	HCC-2L|GGCATTGAACATCTCA-1	GGCATTGAACATCTCA-1	0.0	0.17944690294997023
HCC-2L|P6|N4	HCC-2L	P6	HCC-2L|GGGCATGCATGTCGAG-1	GGGCATGCATGTCGAG-1	0.0	0.3591349099605063
HCC-2L|P6|N4	HCC-2L	P6	HCC-2L|GTTCTTGTAACTCAAT-1	GTTCTTGTAACTCAAT-1	0.0	1.5318191585333316e-07
HCC-2L|P6|N4	HCC-2L	P6	HCC-2L|TAACAGGTTCCCTTAG-1	TAACAGGTTCCCTTAG-1	0.0	1.5318191585333316e-07
HCC-2L|P6|N4	HCC-2L	P6	HCC-2L|TCCAGGCAGGACGATC-1	TCCAGGCAGGACGATC-1	2.156257922309423	1.2575757109227659
HCC-2L|P6|N6	HCC-2L	P6	HCC-2L|AACCCAGAGACGGAGA-1	AACCCAGAGACGGAGA-1	0.0	0.13139097469907254
HCC-2L|P6|N6	HCC-2L	P6	HCC-2L|AATCCATGCAAGGGTG-1	AATCCATGCAAGGGTG-1	0.0	0.4379766436228045
HCC-2L|P6|N6	HCC-2L	P6	HCC-2L|ACTGTGCTAGTAGATC-1	ACTGTGCTAGTAGATC-1	0.0	0.390748663378766
HCC-2L|P6|N6	HCC-2L	P6	HCC-2L|AGATACGACTTCATAT-1	AGATACGACTTCATAT-1	0.0	0.3412434178902905
HCC-2L|P6|N6	HCC-2L	P6	HCC-2L|AGCGGGAAGGGTCCAT-1	AGCGGGAAGGGTCCAT-1	0.0	0.3346031665505766
HCC-2L|P6|N6	HCC-2L	P6	HCC-2L|AGGACATCGCACGTCG-1	AGGACATCGCACGTCG-1	0.0	0.13139097469907254
HCC-2L|P6|N6	HCC-2L	P6	HCC-2L|AGTTGACATCGGCTGG-1	AGTTGACATCGGCTGG-1	0.0	0.21894056511235235
HCC-2L|P6|N6	HCC-2L	P6	HCC-2L|ATACTCTCGCCACTCT-1	ATACTCTCGCCACTCT-1	0.0	0.21894056511235235
HCC-2L|P6|N6	HCC-2L	P6	HCC-2L|CAGTGTCCGCAGAATG-1	CAGTGTCCGCAGAATG-1	1.5766916963888704	0.9981982913856532
HCC-2L|P6|N6	HCC-2L	P6	HCC-2L|CATACAAAGCCGAACC-1	CATACAAAGCCGAACC-1	1.497008680312303	0.9583567833473695
HCC-2L|P6|N6	HCC-2L	P6	HCC-2L|CCACAGCTGAAATCAT-1	CCACAGCTGAAATCAT-1	2.6284329421254253	1.533157036175065
HCC-2L|P6|N6	HCC-2L	P6	HCC-2L|CCATCCATACCAAGTC-1	CCATCCATACCAAGTC-1	0.0	0.3412434178902905
HCC-2L|P6|N6	HCC-2L	P6	HCC-2L|CCGTACCCAAGCGCCA-1	CCGTACCCAAGCGCCA-1	0.0	0.3202199829607769
HCC-2L|P6|N6	HCC-2L	P6	HCC-2L|CGCTATACCGCCCACT-1	CGCTATACCGCCCACT-1	2.5182293182946154	1.5152563572057387
HCC-2L|P6|N6	HCC-2L	P6	HCC-2L|CGGCACTCAAGAAAGT-1	CGGCACTCAAGAAAGT-1	0.0	0.19527940377734773
HCC-2L|P6|N6	HCC-2L	P6	HCC-2L|CGGTTCCGGCTTCTTG-1	CGGTTCCGGCTTCTTG-1	0.0	0.4379766436228045
HCC-2L|P6|N6	HCC-2L	P6	HCC-2L|CTCCTAAGTTATGTCT-1	CTCCTAAGTTATGTCT-1	2.3433528453281727	1.3671456822655046
HCC-2L|P6|N6	HCC-2L	P6	HCC-2L|CTGGCTCCTGCGGGAT-1	CTGGCTCCTGCGGGAT-1	0.0	0.21903607851045212
HCC-2L|P6|N6	HCC-2L	P6	HCC-2L|GACGCCTGTTGCAGGG-1	GACGCCTGTTGCAGGG-1	0.0	0.390748663378766
HCC-2L|P6|N6	HCC-2L	P6	HCC-2L|GACGTGAGACTCCATG-1	GACGTGAGACTCCATG-1	0.0	0.21903607851045212
HCC-2L|P6|N6	HCC-2L	P6	HCC-2L|GAGGGCATCGCGTATC-1	GAGGGCATCGCGTATC-1	0.0	0.19546925960141834
HCC-2L|P6|N6	HCC-2L	P6	HCC-2L|GATAAGGCAGATGCAA-1	GATAAGGCAGATGCAA-1	0.0	0.21894056511235235
HCC-2L|P6|N6	HCC-2L	P6	HCC-2L|GGCTGGCTAGCTTAAA-1	GGCTGGCTAGCTTAAA-1	0.0	0.19527940377734773
HCC-2L|P6|N6	HCC-2L	P6	HCC-2L|GGTCGGTAATTAGACA-1	GGTCGGTAATTAGACA-1	0.0	0.12475072335935859
HCC-2L|P6|N6	HCC-2L	P6	HCC-2L|GGTGAGATGCAGATAA-1	GGTGAGATGCAGATAA-1	0.0	0.13139097469907254
HCC-2L|P6|N6	HCC-2L	P6	HCC-2L|GTATGACGTGGGAAAC-1	GTATGACGTGGGAAAC-1	0.0	0.21903607851045212
HCC-2L|P6|N6	HCC-2L	P6	HCC-2L|GTCAAAGTTTACATAG-1	GTCAAAGTTTACATAG-1	0.0	0.19527940377734773
HCC-2L|P6|N6	HCC-2L	P6	HCC-2L|GTTTGGCCGCTCAGCG-1	GTTTGGCCGCTCAGCG-1	2.34563111521702	1.3680949613858577
HCC-2L|P6|N6	HCC-2L	P6	HCC-2L|TCTATTACGCTGGCGA-1	TCTATTACGCTGGCGA-1	0.0	0.3346031665505766
HCC-2L|P6|N6	HCC-2L	P6	HCC-2L|TTAAACAGAGTCCCGC-1	TTAAACAGAGTCCCGC-1	2.627286781348228	1.5326794691845662
HCC-2L|P6|N6	HCC-2L	P6	HCC-2L|TTATCCAATCGAACTC-1	TTATCCAATCGAACTC-1	0.0	0.3202199829607769
HCC-2L|P6|N7	HCC-2L	P6	HCC-2L|AACCCGAGCAGAATCG-1	AACCCGAGCAGAATCG-1	0.0	0.3315920960559963
HCC-2L|P6|N7	HCC-2L	P6	HCC-2L|ACACGTAGGCCACAAG-1	ACACGTAGGCCACAAG-1	0.0	0.0015699740925270678
HCC-2L|P6|N7	HCC-2L	P6	HCC-2L|ACACTGGGACAGTCGT-1	ACACTGGGACAGTCGT-1	0.0	0.3300221219634693
HCC-2L|P6|N7	HCC-2L	P6	HCC-2L|AGAGCCGCCGAGATTT-1	AGAGCCGCCGAGATTT-1	0.018839689110324815	0.33944196651863173
HCC-2L|P6|N7	HCC-2L	P6	HCC-2L|AGGCACGTGACTGTCC-1	AGGCACGTGACTGTCC-1	0.0	0.3300221219634693
HCC-2L|P6|N7	HCC-2L	P6	HCC-2L|CCGACAATAGGCCGCC-1	CCGACAATAGGCCGCC-1	0.0	0.0015699740925270678
HCC-2L|P6|N7	HCC-2L	P6	HCC-2L|GGCCTGCTTCTCCCGA-1	GGCCTGCTTCTCCCGA-1	0.0	0.3315920960559963
HCC-2L|P6|N7	HCC-2L	P6	HCC-2L|TACTCTTACTTTACTG-1	TACTCTTACTTTACTG-1	0.0	0.0015699740925270678
HCC-2L|P6|N7	HCC-2L	P6	HCC-2L|TCAAGCGCGGACGGTA-1	TCAAGCGCGGACGGTA-1	3.9602654635616314	1.9817027058733427
HCC-2L|P6|N7	HCC-2L	P6	HCC-2L|TGTGTAGTAGCACGTG-1	TGTGTAGTAGCACGTG-1	0.0	0.3300221219634693
HCC-2L|P6|N8	HCC-2L	P6	HCC-2L|AACTCTCAGTGTGCTC-1	AACTCTCAGTGTGCTC-1	0.0	9.981475962888335e-08
HCC-2L|P6|N8	HCC-2L	P6	HCC-2L|AATAACACTAGAACAA-1	AATAACACTAGAACAA-1	0.0	1.362541950023471e-07
HCC-2L|P6|N8	HCC-2L	P6	HCC-2L|CAATATTCTTGACCTA-1	CAATATTCTTGACCTA-1	0.0	9.981475962888335e-08
HCC-2L|P6|N8	HCC-2L	P6	HCC-2L|CACCCGGTTTGTGACT-1	CACCCGGTTTGTGACT-1	1.1977771155466002e-06	6.353279931467639e-07
HCC-2L|P6|N8	HCC-2L	P6	HCC-2L|CACCGTTAGGGATCAC-1	CACCGTTAGGGATCAC-1	4.372732244815651e-07	3.184513718696659e-07
HCC-2L|P6|N8	HCC-2L	P6	HCC-2L|CCACCAACTTTACTGT-1	CCACCAACTTTACTGT-1	0.0	9.981475962888335e-08
HCC-2L|P6|N8	HCC-2L	P6	HCC-2L|CCAGAAAGCAACTCAT-1	CCAGAAAGCAACTCAT-1	0.0	3.643943537346376e-08
HCC-2L|P6|N8	HCC-2L	P6	HCC-2L|GCTCAATCCGTTTATT-1	GCTCAATCCGTTTATT-1	0.0	3.643943537346376e-08
HCC-2L|P6|N8	HCC-2L	P6	HCC-2L|GTGGAGTCGGCGGTTG-1	GTGGAGTCGGCGGTTG-1	0.0	1.362541950023471e-07
HCC-2L|P6|N8	HCC-2L	P6	HCC-2L|TAAACCCAGGAGGGCA-1	TAAACCCAGGAGGGCA-1	0.0	3.643943537346376e-08
HCC-2L|P6|N9	HCC-2L	P6	HCC-2L|AACTTCTGCGTCTATC-1	AACTTCTGCGTCTATC-1	4.4917747402491177e-07	2.2458873701245588e-07
HCC-2L|P6|N9	HCC-2L	P6	HCC-2L|ACACTCCAATGTCACT-1	ACACTCCAATGTCACT-1	0.0	3.743145616874265e-08
HCC-2L|P6|N9	HCC-2L	P6	HCC-2L|AGTCTGGACATCCTTG-1	AGTCTGGACATCCTTG-1	0.0	8.491576358578547e-08
HCC-2L|P6|N9	HCC-2L	P6	HCC-2L|CCCGCGCAATGCACCC-1	CCCGCGCAATGCACCC-1	0.0	4.748430741704281e-08
HCC-2L|P6|N9	HCC-2L	P6	HCC-2L|CGGATAAGCGGACATG-1	CGGATAAGCGGACATG-1	0.0	3.743145616874265e-08
HCC-2L|P6|N9	HCC-2L	P6	HCC-2L|CGTCATACCATATCCA-1	CGTCATACCATATCCA-1	0.0	4.748430741704281e-08
HCC-2L|P6|N9	HCC-2L	P6	HCC-2L|CTGGCGGGAATAAGTA-1	CTGGCGGGAATAAGTA-1	0.0	4.748430741704281e-08
HCC-2L|P6|N9	HCC-2L	P6	HCC-2L|GAAATACTAAACGTTT-1	GAAATACTAAACGTTT-1	0.0	4.748430741704281e-08
HCC-2L|P6|N9	HCC-2L	P6	HCC-2L|GGCGCTCCTCATCAAT-1	GGCGCTCCTCATCAAT-1	0.0	3.743145616874265e-08
HCC-2L|P6|N9	HCC-2L	P6	HCC-2L|GGGTTCAGACGAACAA-1	GGGTTCAGACGAACAA-1	0.0	8.491576358578547e-08
HCC-2L|P6|N9	HCC-2L	P6	HCC-2L|GTCCTACAGGCGGCTC-1	GTCCTACAGGCGGCTC-1	0.0	3.743145616874265e-08
HCC-2L|P6|N9	HCC-2L	P6	HCC-2L|TTGAACGAATCCTTTG-1	TTGAACGAATCCTTTG-1	5.698116890045137e-07	2.8490584450225686e-07
HCC-2L|P6|N10	HCC-2L	P6	HCC-2L|AAGTTCACTCCAAGCT-1	AAGTTCACTCCAAGCT-1	0.0	0.06517278662705386
HCC-2L|P6|N10	HCC-2L	P6	HCC-2L|ACAAGGATGCTTTAGG-1	ACAAGGATGCTTTAGG-1	0.0	0.062398873521440586
HCC-2L|P6|N10	HCC-2L	P6	HCC-2L|ACTCAAGTGCAAGGCT-1	ACTCAAGTGCAAGGCT-1	0.7487864822572871	0.6617582312097154
HCC-2L|P6|N10	HCC-2L	P6	HCC-2L|ACTTCCATGCGGGACA-1	ACTTCCATGCGGGACA-1	0.0	0.062398873521440586
HCC-2L|P6|N10	HCC-2L	P6	HCC-2L|AGTGATAACCTGCGCG-1	AGTGATAACCTGCGCG-1	0.7888882582279824	0.5979492887555721
HCC-2L|P6|N10	HCC-2L	P6	HCC-2L|ATACTGCCTTACACCG-1	ATACTGCCTTACACCG-1	0.0	0.17883914047985394
HCC-2L|P6|N10	HCC-2L	P6	HCC-2L|ATCAGCCTCATGCTGC-1	ATCAGCCTCATGCTGC-1	0.0	0.06517278662705386
HCC-2L|P6|N10	HCC-2L	P6	HCC-2L|CGTTAATGTCCCGACG-1	CGTTAATGTCCCGACG-1	2.4420619156989707	1.498203136623136
HCC-2L|P6|N10	HCC-2L	P6	HCC-2L|GCAGTGTGGCTATAGG-1	GCAGTGTGGCTATAGG-1	0.0	0.10063179652738932
HCC-2L|P6|N10	HCC-2L	P6	HCC-2L|GCTAACTGAAGTCTGA-1	GCTAACTGAAGTCTGA-1	0.0	0.3344186344542999
HCC-2L|P6|N10	HCC-2L	P6	HCC-2L|GGATTGCTGTGACTCC-1	GGATTGCTGTGACTCC-1	0.0	0.14625870396093169
HCC-2L|P6|N10	HCC-2L	P6	HCC-2L|GGCGCGGAGATCTTTC-1	GGCGCGGAGATCTTTC-1	0.7820734395246464	0.6784017098433952
HCC-2L|P6|N10	HCC-2L	P6	HCC-2L|TACAGAAACGGTGGGC-1	TACAGAAACGGTGGGC-1	1.0063179652738932	0.834235802427022
HCC-2L|P6|N10	HCC-2L	P6	HCC-2L|TATGATCTTCTCTTTA-1	TATGATCTTCTCTTTA-1	0.0	0.0657406881856652
HCC-2L|P6|N10	HCC-2L	P6	HCC-2L|TGCAACCCATCTGCGG-1	TGCAACCCATCTGCGG-1	0.0	0.0657406881856652
HCC-2L|P6|N10	HCC-2L	P6	HCC-2L|TGTACCTACACGAGGG-1	TGTACCTACACGAGGG-1	0.0	0.0657406881856652
HCC-2L|P6|N10	HCC-2L	P6	HCC-2L|TTGAACGACGTGCTGA-1	TTGAACGACGTGCTGA-1	0.0	0.33164472134868667
HCC-2L|P6|N17	HCC-2L	P6	HCC-2L|ACGATACATAGAACTA-1	ACGATACATAGAACTA-1	0.0	0.3454003782948164
HCC-2L|P6|N17	HCC-2L	P6	HCC-2L|AGCCACTCCCGTGCTT-1	AGCCACTCCCGTGCTT-1	0.0	0.1824374875596534
HCC-2L|P6|N17	HCC-2L	P6	HCC-2L|ATACGGGTTTCGATTG-1	ATACGGGTTTCGATTG-1	2.1892498507158407	1.3119647313248601
HCC-2L|P6|N17	HCC-2L	P6	HCC-2L|ATCACATTAGAATATC-1	ATCACATTAGAATATC-1	0.0	0.10539616101936032
HCC-2L|P6|N17	HCC-2L	P6	HCC-2L|CATGGGTCGGGTGTGG-1	CATGGGTCGGGTGTGG-1	0.0	0.11194364494757954
HCC-2L|P6|N17	HCC-2L	P6	HCC-2L|CTGTCAAATGGCTCGG-1	CTGTCAAATGGCTCGG-1	0.0	0.2943811325072329
HCC-2L|P6|N17	HCC-2L	P6	HCC-2L|GCTCGGAATTTAAAGC-1	GCTCGGAATTTAAAGC-1	1.3433237393709545	0.8540993572451306
HCC-2L|P6|N17	HCC-2L	P6	HCC-2L|GTCTCGATCTGCTTTC-1	GTCTCGATCTGCTTTC-1	0.0	0.10539616101936032
HCC-2L|P6|N17	HCC-2L	P6	HCC-2L|TACGGGATGCTAGCAG-1	TACGGGATGCTAGCAG-1	0.0	0.39977729352659325
HCC-2L|P6|N17	HCC-2L	P6	HCC-2L|TACTCTCCGAACAAAT-1	TACTCTCCGAACAAAT-1	1.2647539322323238	0.8148144536758153
HCC-2L|P6|N17	HCC-2L	P6	HCC-2L|TAGGCATGTTACGCCA-1	TAGGCATGTTACGCCA-1	0.0	0.11194364494757954
HCC-2L|P6|N17	HCC-2L	P6	HCC-2L|TGGCAACTCGCGCGCC-1	TGGCAACTCGCGCGCC-1	0.0	0.11194364494757954
HCC-2L|P6|N17	HCC-2L	P6	HCC-2L|TTCTTGGAGTAATGAG-1	TTCTTGGAGTAATGAG-1	0.0	0.15809424152904047
HCC-2L|P6|N18	HCC-2L	P6	HCC-2L|ACTAATACGTCAGGCG-1	ACTAATACGTCAGGCG-1	0.0	0.13574187679693844
HCC-2L|P6|N18	HCC-2L	P6	HCC-2L|AGAGTTAGAGACCGAT-1	AGAGTTAGAGACCGAT-1	2.692521242500637	1.621702370318088
HCC-2L|P6|N18	HCC-2L	P6	HCC-2L|AGCGCTTATGGGCAAG-1	AGCGCTTATGGGCAAG-1	0.0	0.13574187679693844
HCC-2L|P6|N18	HCC-2L	P6	HCC-2L|CACGTCTATGATGTGG-1	CACGTCTATGATGTGG-1	0.0	0.13574187679693844
HCC-2L|P6|N18	HCC-2L	P6	HCC-2L|CTCGAATGGAACGTAT-1	CTCGAATGGAACGTAT-1	0.0	0.22437677020838642
HCC-2L|P6|N18	HCC-2L	P6	HCC-2L|GTGTCCGATAAGGCAT-1	GTGTCCGATAAGGCAT-1	0.0	0.139699872270831
HCC-2L|P6|N18	HCC-2L	P6	HCC-2L|TAAGTAAATGTGCCGC-1	TAAGTAAATGTGCCGC-1	1.676398467249972	1.0625760038333725
HCC-2L|P6|N18	HCC-2L	P6	HCC-2L|TCGGTTAGCCATGTAG-1	TCGGTTAGCCATGTAG-1	0.0	0.139699872270831
HCC-2L|P6|N18	HCC-2L	P6	HCC-2L|TGACCAGCTTCAAAGT-1	TGACCAGCTTCAAAGT-1	1.6289025215632613	1.038828030990017
HCC-2L|P6|N18	HCC-2L	P6	HCC-2L|TGCCATGGCTTATAAG-1	TGCCATGGCTTATAAG-1	0.0	0.139699872270831
HCC-2L|P6|N18	HCC-2L	P6	HCC-2L|TGGCACGAGCTCGAGT-1	TGGCACGAGCTCGAGT-1	0.0	0.36407664247921745
HCC-2L|P6|N18	HCC-2L	P6	HCC-2L|TTAAGACGAACGAACC-1	TTAAGACGAACGAACC-1	0.0	0.4998185192761559
HCC-2L|P6|N18	HCC-2L	P6	HCC-2L|TTCGGACTGATGCCTT-1	TTCGGACTGATGCCTT-1	0.0	0.36011864700532487
HCC-2L|P6|N20	HCC-2L	P6	HCC-2L|ACTCGTAACCCGTCCT-1	ACTCGTAACCCGTCCT-1	0.0	0.487518315723298
HCC-2L|P6|N20	HCC-2L	P6	HCC-2L|AGCCGTGGCTAAATGT-1	AGCCGTGGCTAAATGT-1	2.9249720874078693	1.7062566854765768
HCC-2L|P6|N20	HCC-2L	P6	HCC-2L|CAGCTGGCGTAACCGT-1	CAGCTGGCGTAACCGT-1	0.0	0.24377064177264218
HCC-2L|P6|N20	HCC-2L	P6	HCC-2L|CGTTCATGGTGCGCGT-1	CGTTCATGGTGCGCGT-1	0.0	0.24377064177264218
HCC-2L|P6|N20	HCC-2L	P6	HCC-2L|CTCCCTCCTTTCGATC-1	CTCCCTCCTTTCGATC-1	0.0	0.24374767395065577
HCC-2L|P6|N20	HCC-2L	P6	HCC-2L|GACTACAAAGCGGTGG-1	GACTACAAAGCGGTGG-1	2.925247701271706	1.7063715245865088
HCC-2L|P6|N20	HCC-2L	P6	HCC-2L|GATGTAACGAACCACC-1	GATGTAACGAACCACC-1	0.0	0.24374767395065577
HCC-2L|P6|N20	HCC-2L	P6	HCC-2L|GGTCGTAAGCTCGCAC-1	GGTCGTAAGCTCGCAC-1	0.0	0.24377064177264218
HCC-2L|P6|N20	HCC-2L	P6	HCC-2L|GTGGCAAACAGCGGCA-1	GTGGCAAACAGCGGCA-1	0.0	0.487518315723298
HCC-2L|P6|N20	HCC-2L	P6	HCC-2L|TTGGAAGAATACAGTC-1	TTGGAAGAATACAGTC-1	0.0	0.24374767395065577
HCC-2L|P6|N22	HCC-2L	P6	HCC-2L|AGATGACTCGCCCACG-1	AGATGACTCGCCCACG-1	0.0	0.17965777909864586
HCC-2L|P6|N22	HCC-2L	P6	HCC-2L|AGCATCGTCGATAATT-1	AGCATCGTCGATAATT-1	0.0	0.3594103389282348
HCC-2L|P6|N22	HCC-2L	P6	HCC-2L|ATTATGCCATAGGGAG-1	ATTATGCCATAGGGAG-1	0.0	0.17965777909864586
HCC-2L|P6|N22	HCC-2L	P6	HCC-2L|CCCGTCAGCGTCTGAC-1	CCCGTCAGCGTCTGAC-1	0.0	0.17975255982958893
HCC-2L|P6|N22	HCC-2L	P6	HCC-2L|CTGTTCACTGCCTGTG-1	CTGTTCACTGCCTGTG-1	0.0	0.17965777909864586
HCC-2L|P6|N22	HCC-2L	P6	HCC-2L|GACTAAGATCATGCAC-1	GACTAAGATCATGCAC-1	2.157030717955067	1.2581731380761794
HCC-2L|P6|N22	HCC-2L	P6	HCC-2L|GGGCGTACATTTATAT-1	GGGCGTACATTTATAT-1	0.0	0.17975255982958893
HCC-2L|P6|N22	HCC-2L	P6	HCC-2L|TAGGGTGTTTCAAGAG-1	TAGGGTGTTTCAAGAG-1	2.15589334918375	1.2576992344214641
HCC-2L|P6|N22	HCC-2L	P6	HCC-2L|TGGTTCGTAGCAAAGG-1	TGGTTCGTAGCAAAGG-1	0.0	0.3594103389282348
HCC-2L|P6|N22	HCC-2L	P6	HCC-2L|TTACAACTACGCATCC-1	TTACAACTACGCATCC-1	0.0	0.17975255982958893
HCC-2L|P6|N26	HCC-2L	P6	HCC-2L|AGGACATCGGCACACT-1	AGGACATCGGCACACT-1	0.0	5.4994669960905106e-08
HCC-2L|P6|N26	HCC-2L	P6	HCC-2L|AGGGCCCTAATGTTCT-1	AGGGCCCTAATGTTCT-1	0.0	8.920140685394948e-08
HCC-2L|P6|N26	HCC-2L	P6	HCC-2L|AGGTGTTGCCGACCAC-1	AGGTGTTGCCGACCAC-1	1.0704168822473938e-06	5.352084411236969e-07
HCC-2L|P6|N26	HCC-2L	P6	HCC-2L|ATCCGGACCAGCCTGA-1	ATCCGGACCAGCCTGA-1	0.0	6.599360395308612e-08
HCC-2L|P6|N26	HCC-2L	P6	HCC-2L|CTGAGAGTAGAAATAC-1	CTGAGAGTAGAAATAC-1	0.0	8.920140685394948e-08
HCC-2L|P6|N26	HCC-2L	P6	HCC-2L|GAGTAAATTAAGAACC-1	GAGTAAATTAAGAACC-1	0.0	5.4994669960905106e-08
HCC-2L|P6|N26	HCC-2L	P6	HCC-2L|GCACCTTCCCGAAGGT-1	GCACCTTCCCGAAGGT-1	0.0	5.4994669960905106e-08
HCC-2L|P6|N26	HCC-2L	P6	HCC-2L|TAATTCCAATGCTTCA-1	TAATTCCAATGCTTCA-1	0.0	8.920140685394948e-08
HCC-2L|P6|N26	HCC-2L	P6	HCC-2L|TACCTCTTTACCATCC-1	TACCTCTTTACCATCC-1	0.0	1.730352921778255e-07
HCC-2L|P6|N26	HCC-2L	P6	HCC-2L|TAGAAGAAGGGTTACA-1	TAGAAGAAGGGTTACA-1	0.0	1.0704168822473938e-07
HCC-2L|P6|N26	HCC-2L	P6	HCC-2L|TGACTCTAACTGGTAA-1	TGACTCTAACTGGTAA-1	6.599360395308613e-07	3.2996801976543064e-07
HCC-2L|P6|N29	HCC-2L	P6	HCC-2L|AGTGCGTAGCTCGTAA-1	AGTGCGTAGCTCGTAA-1	0.0	0.1821942688488459
HCC-2L|P6|N29	HCC-2L	P6	HCC-2L|ATATTCAGTTAAACCT-1	ATATTCAGTTAAACCT-1	0.0	0.3645785791470318
HCC-2L|P6|N29	HCC-2L	P6	HCC-2L|ATCAGACGGCACGCCG-1	ATCAGACGGCACGCCG-1	0.0	0.1821942688488459
HCC-2L|P6|N29	HCC-2L	P6	HCC-2L|GCCACAATTTAAGGAC-1	GCCACAATTTAAGGAC-1	2.188611723578231	1.2765001306379613
HCC-2L|P6|N29	HCC-2L	P6	HCC-2L|GCTGTATTACTGGCCC-1	GCTGTATTACTGGCCC-1	0.0	0.18238431029818591
HCC-2L|P6|N29	HCC-2L	P6	HCC-2L|GTGCGAAATCGAACAC-1	GTGCGAAATCGAACAC-1	0.0	0.1821942688488459
HCC-2L|P6|N29	HCC-2L	P6	HCC-2L|TAAGTAACATCTTGAC-1	TAAGTAACATCTTGAC-1	0.0	0.3645785791470318
HCC-2L|P6|N29	HCC-2L	P6	HCC-2L|TCGCCGAAGTTGCGTC-1	TCGCCGAAGTTGCGTC-1	0.0	0.18238431029818591
HCC-2L|P6|N29	HCC-2L	P6	HCC-2L|TGAGTGCCTCTTAAAT-1	TGAGTGCCTCTTAAAT-1	2.1863312261861507	1.2755499233912613
HCC-2L|P6|N29	HCC-2L	P6	HCC-2L|TTGAGAGTACTGCTAA-1	TTGAGAGTACTGCTAA-1	0.0	0.18238431029818591
HCC-2L|P6|N32	HCC-2L	P6	HCC-2L|ATCGCTTTACGTCTCA-1	ATCGCTTTACGTCTCA-1	0.0	0.34306721168092763
HCC-2L|P6|N32	HCC-2L	P6	HCC-2L|ATGGCGGAATAGTCGC-1	ATGGCGGAATAGTCGC-1	2.0592877715507205	1.2011037831603946
HCC-2L|P6|N32	HCC-2L	P6	HCC-2L|ATGTTTCGGCCCGGAG-1	ATGTTTCGGCCCGGAG-1	0.0	0.17160731429589338
HCC-2L|P6|N32	HCC-2L	P6	HCC-2L|CCACGTAAATTAGACT-1	CCACGTAAATTAGACT-1	0.0	0.34306721168092763
HCC-2L|P6|N32	HCC-2L	P6	HCC-2L|GATCCGAATATAAGTG-1	GATCCGAATATAAGTG-1	0.0	0.17145989738503428
HCC-2L|P6|N32	HCC-2L	P6	HCC-2L|GGTTACCCGACACTTT-1	GGTTACCCGACACTTT-1	0.0	0.17160731429589338
HCC-2L|P6|N32	HCC-2L	P6	HCC-2L|TACGTGCAAGGTTCCT-1	TACGTGCAAGGTTCCT-1	0.0	0.20592877715507205
HCC-2L|P6|N32	HCC-2L	P6	HCC-2L|TCTGATTGGAAATGGA-1	TCTGATTGGAAATGGA-1	2.0575187686204113	1.200366698606099
HCC-2L|P6|N32	HCC-2L	P6	HCC-2L|TCTGGCCGTTCAAGTT-1	TCTGGCCGTTCAAGTT-1	0.0	0.17145989738503428
HCC-2L|P6|N32	HCC-2L	P6	HCC-2L|TTGGCGATCCGAATAT-1	TTGGCGATCCGAATAT-1	0.0	0.17145989738503428
HCC-2L|P6|N34	HCC-2L	P6	HCC-2L|ATTGGTAGGATCCGCT-1	ATTGGTAGGATCCGCT-1	2.15405022118292	1.2562937892562718
HCC-2L|P6|N34	HCC-2L	P6	HCC-2L|CATGGCTCCCTATGTC-1	CATGGCTCCCTATGTC-1	0.0	0.2151224143977739
HCC-2L|P6|N34	HCC-2L	P6	HCC-2L|CGCAATCGATCATTAG-1	CGCAATCGATCATTAG-1	0.0	0.35853735732962316
HCC-2L|P6|N34	HCC-2L	P6	HCC-2L|GAAGCCGGGTAAGCTC-1	GAAGCCGGGTAAGCTC-1	0.0	0.17926867866481158
HCC-2L|P6|N34	HCC-2L	P6	HCC-2L|GCTGGCAGGTGCCGTG-1	GCTGGCAGGTGCCGTG-1	0.0	0.17950418509857669
HCC-2L|P6|N34	HCC-2L	P6	HCC-2L|GGCTTGGCTCTCACCT-1	GGCTTGGCTCTCACCT-1	2.151224143977739	1.2551162570874461
HCC-2L|P6|N34	HCC-2L	P6	HCC-2L|TCAGGGCGACTTCCTT-1	TCAGGGCGACTTCCTT-1	0.0	0.3587728637633883
HCC-2L|P6|N34	HCC-2L	P6	HCC-2L|TCGCCGGATGGGCAAG-1	TCGCCGGATGGGCAAG-1	0.0	0.17950418509857669
HCC-2L|P6|N34	HCC-2L	P6	HCC-2L|TCTGCAGATTCGAGTC-1	TCTGCAGATTCGAGTC-1	0.0	0.17950418509857669
HCC-2L|P6|N34	HCC-2L	P6	HCC-2L|TGGTTATGCTTGCGGT-1	TGGTTATGCTTGCGGT-1	0.0	0.43052743651606595
HCC-2L|P6|N35	HCC-2L	P6	HCC-2L|CAAACGAGTATCGCAG-1	CAAACGAGTATCGCAG-1	3.464129877722554e-07	1.732064938861277e-07
HCC-2L|P6|N35	HCC-2L	P6	HCC-2L|CACGTCGGCAACCTCT-1	CACGTCGGCAACCTCT-1	0.9752363306231228	0.5686519663517954
HCC-2L|P6|N35	HCC-2L	P6	HCC-2L|CCGTGTTAAATTCCAT-1	CCGTGTTAAATTCCAT-1	0.0	0.08126969421859356
HCC-2L|P6|N35	HCC-2L	P6	HCC-2L|CGGAACGTAAACATAG-1	CGGAACGTAAACATAG-1	0.0	2.8867748981021284e-08
HCC-2L|P6|N35	HCC-2L	P6	HCC-2L|CGGTGCGCGTTGGTCC-1	CGGTGCGCGTTGGTCC-1	0.9724056124828078	0.5674725004599974
HCC-2L|P6|N35	HCC-2L	P6	HCC-2L|CTAACTGGTCCGGTTC-1	CTAACTGGTCCGGTTC-1	0.0	0.08126969421859356
HCC-2L|P6|N35	HCC-2L	P6	HCC-2L|CTGCTGAGGCCACGAA-1	CTGCTGAGGCCACGAA-1	0.0	0.08126969421859356
HCC-2L|P6|N35	HCC-2L	P6	HCC-2L|GAGTATGCCCGCCTTG-1	GAGTATGCCCGCCTTG-1	0.0	5.973826945038699e-08
HCC-2L|P6|N35	HCC-2L	P6	HCC-2L|GCCCGCGCGTAAACGG-1	GCCCGCGCGTAAACGG-1	0.0	0.08103380104023399
HCC-2L|P6|N35	HCC-2L	P6	HCC-2L|GCGGTTCCCTATCATG-1	GCGGTTCCCTATCATG-1	0.0	2.8867748981021284e-08
HCC-2L|P6|N35	HCC-2L	P6	HCC-2L|GGAACCGTGTAAATTG-1	GGAACCGTGTAAATTG-1	0.0	5.973826945038699e-08
HCC-2L|P6|N35	HCC-2L	P6	HCC-2L|GGGCGGCAAATGAATT-1	GGGCGGCAAATGAATT-1	7.168592334046439e-07	3.5842961670232197e-07
HCC-2L|P6|N35	HCC-2L	P6	HCC-2L|GTAATCTGATTCTTCG-1	GTAATCTGATTCTTCG-1	0.0	5.973826945038699e-08
HCC-2L|P6|N35	HCC-2L	P6	HCC-2L|GTATTCTGAGAAACGA-1	GTATTCTGAGAAACGA-1	0.0	0.16230349525882756
HCC-2L|P6|N35	HCC-2L	P6	HCC-2L|GTGATTCGCCGCTCAA-1	GTGATTCGCCGCTCAA-1	0.0	0.08103380104023399
HCC-2L|P6|N35	HCC-2L	P6	HCC-2L|TAATAGAACAGAGTTA-1	TAATAGAACAGAGTTA-1	0.0	0.16230349525882756
HCC-2L|P6|N35	HCC-2L	P6	HCC-2L|TCAGTAGGGACTATAA-1	TCAGTAGGGACTATAA-1	0.0	2.8867748981021284e-08
HCC-2L|P6|N35	HCC-2L	P6	HCC-2L|TGATTCTGTCGCCGGT-1	TGATTCTGTCGCCGGT-1	0.0	5.973826945038699e-08
HCC-2L|P6|N35	HCC-2L	P6	HCC-2L|TGCGACACCCTAGTGC-1	TGCGACACCCTAGTGC-1	0.0	2.8867748981021284e-08
HCC-2L|P6|N35	HCC-2L	P6	HCC-2L|TGCGAGAATATTACCC-1	TGCGAGAATATTACCC-1	0.0	0.08103380104023399
HCC-2L|P6|N35	HCC-2L	P6	HCC-2L|TTCCAATCTGGCTATC-1	TTCCAATCTGGCTATC-1	0.0	8.860601843140828e-08
HCC-2L|P6|N35	HCC-2L	P6	HCC-2L|TTCCACACAGATTTGA-1	TTCCACACAGATTTGA-1	0.0	5.973826945038699e-08
HCC-2L|P6|N35	HCC-2L	P6	HCC-2L|TTGGTCACACTCGTAA-1	TTGGTCACACTCGTAA-1	0.0	2.8867748981021284e-08
HCC-2L|P6|N37	HCC-2L	P6	HCC-2L|CACGGCGCGCCAAAGG-1	CACGGCGCGCCAAAGG-1	0.0	0.16173849766674323
HCC-2L|P6|N37	HCC-2L	P6	HCC-2L|CTATTGTGTTTGGTCA-1	CTATTGTGTTTGGTCA-1	1.9422523020054179	1.1328646486694522
HCC-2L|P6|N37	HCC-2L	P6	HCC-2L|CTCAAGACATTAGCGC-1	CTCAAGACATTAGCGC-1	1.9408619720009186	1.132285344500911
HCC-2L|P6|N37	HCC-2L	P6	HCC-2L|GCTAGCAGGGAGTGGG-1	GCTAGCAGGGAGTGGG-1	0.0	0.16173849766674323
HCC-2L|P6|N37	HCC-2L	P6	HCC-2L|GGCAGCGGTAATCCTA-1	GGCAGCGGTAATCCTA-1	0.0	0.32359285616719474
HCC-2L|P6|N37	HCC-2L	P6	HCC-2L|TGCAATTTGGGCACGG-1	TGCAATTTGGGCACGG-1	0.0	0.16173849766674323
HCC-2L|P6|N37	HCC-2L	P6	HCC-2L|TGCACAGTGAAGTTAT-1	TGCACAGTGAAGTTAT-1	0.0	0.1618543585004515
HCC-2L|P6|N37	HCC-2L	P6	HCC-2L|TGCGAGCCCTTCCGCG-1	TGCGAGCCCTTCCGCG-1	0.0	0.1618543585004515
HCC-2L|P6|N37	HCC-2L	P6	HCC-2L|TTCCATCATGCGGTGA-1	TTCCATCATGCGGTGA-1	0.0	0.1618543585004515
HCC-2L|P6|N37	HCC-2L	P6	HCC-2L|TTGAAAGGTGTAAAGG-1	TTGAAAGGTGTAAAGG-1	0.0	0.32359285616719474
HCC-3L|P1|N5	HCC-3L	P1	HCC-3L|AAACCCGAACGAAATC-1	AAACCCGAACGAAATC-1	0.0	0.5098399296983277
HCC-3L|P1|N5	HCC-3L	P1	HCC-3L|AACTACCCGTTTGTCA-1	AACTACCCGTTTGTCA-1	0.0	0.5261357311464611
HCC-3L|P1|N5	HCC-3L	P1	HCC-3L|AAGGCAGGCTGTCTCC-1	AAGGCAGGCTGTCTCC-1	0.0	0.5611388868873263
HCC-3L|P1|N5	HCC-3L	P1	HCC-3L|AGAACCCAGCGTGACA-1	AGAACCCAGCGTGACA-1	3.2471369548183864	1.8941647525795946
HCC-3L|P1|N5	HCC-3L	P1	HCC-3L|ATCATGGACTACCGAC-1	ATCATGGACTACCGAC-1	3.247155302044816	2.0294697703747064
HCC-3L|P1|N5	HCC-3L	P1	HCC-3L|ATGAGGGCAGCGGCTA-1	ATGAGGGCAGCGGCTA-1	3.3668338444910004	1.9639863220919098
HCC-3L|P1|N5	HCC-3L	P1	HCC-3L|CAATACGAGAGTCTGA-1	CAATACGAGAGTCTGA-1	3.092629406513643	2.0846689007990524
HCC-3L|P1|N5	HCC-3L	P1	HCC-3L|CACACAGCTTGCGCTC-1	CACACAGCTTGCGCTC-1	3.1568182426069904	1.8414766655660404
HCC-3L|P1|N5	HCC-3L	P1	HCC-3L|CATCTAGTGAAGGGAA-1	CATCTAGTGAAGGGAA-1	3.0934175723498583	1.8044279033843993
HCC-3L|P1|N5	HCC-3L	P1	HCC-3L|CCGCACACGAACGTGT-1	CCGCACACGAACGTGT-1	0.0	0.528379543930687
HCC-3L|P1|N5	HCC-3L	P1	HCC-3L|CCGCCGTTGAGGATAA-1	CCGCCGTTGAGGATAA-1	0.0	1.009048150638925
HCC-3L|P1|N5	HCC-3L	P1	HCC-3L|CGCCTTTAGCATGCTC-1	CGCCTTTAGCATGCTC-1	2.96126862522939	1.727406162912546
HCC-3L|P1|N5	HCC-3L	P1	HCC-3L|GAATAGCATTTAGGGT-1	GAATAGCATTTAGGGT-1	2.96126220357421	1.7274034872228876
HCC-3L|P1|N5	HCC-3L	P1	HCC-3L|GACGGTCCTAGGGTGT-1	GACGGTCCTAGGGTGT-1	0.0	0.5411910214052669
HCC-3L|P1|N5	HCC-3L	P1	HCC-3L|GCAAACGTCGCCAGGT-1	GCAAACGTCGCCAGGT-1	0.0	0.5098400371817667
HCC-3L|P1|N5	HCC-3L	P1	HCC-3L|GCACAAACGAGGCGTG-1	GCACAAACGAGGCGTG-1	3.156810531150542	1.8414734524591867
HCC-3L|P1|N5	HCC-3L	P1	HCC-3L|GCCGCACTCCGTTTCA-1	GCCGCACTCCGTTTCA-1	0.0	0.8188580040967967
HCC-3L|P1|N5	HCC-3L	P1	HCC-3L|GCGCTCGATCACCTGT-1	GCGCTCGATCACCTGT-1	0.0	0.6494292256863202
HCC-3L|P1|N5	HCC-3L	P1	HCC-3L|GGTGGAGGTTGATACG-1	GGTGGAGGTTGATACG-1	0.0	0.7860986611401574
HCC-3L|P1|N5	HCC-3L	P1	HCC-3L|GTAAGTCCACACTCTA-1	GTAAGTCCACACTCTA-1	3.3668327981569153	2.221705003328845
HCC-3L|P1|N5	HCC-3L	P1	HCC-3L|GTGCTTACATCAGCGC-1	GTGCTTACATCAGCGC-1	0.0	1.0196799668800944
HCC-3L|P1|N5	HCC-3L	P1	HCC-3L|GTGTACGAACCGTTCC-1	GTGTACGAACCGTTCC-1	0.0	0.5411925503408027
HCC-3L|P1|N5	HCC-3L	P1	HCC-3L|TCCTATCATAGGTAAC-1	TCCTATCATAGGTAAC-1	0.0	0.5045566479936724
HCC-3L|P1|N5	HCC-3L	P1	HCC-3L|TGTGGCTCCCACCAAC-1	TGTGGCTCCCACCAAC-1	0.0	0.7850609024916624
HCC-3L|P1|N6	HCC-3L	P1	HCC-3L|AAACGTGTTCGCCCTA-1	AAACGTGTTCGCCCTA-1	3.2769947005989595	1.9115866038051565
HCC-3L|P1|N6	HCC-3L	P1	HCC-3L|AAATTGGTGAGAAGCA-1	AAATTGGTGAGAAGCA-1	0.0	0.7082416501246696
HCC-3L|P1|N6	HCC-3L	P1	HCC-3L|CAACTCCGTAACTTGC-1	CAACTCCGTAACTTGC-1	0.0	0.819258217833385
HCC-3L|P1|N6	HCC-3L	P1	HCC-3L|GAGGCATTTGCAGCAG-1	GAGGCATTTGCAGCAG-1	3.8054218006477365	2.4043983590291447
HCC-3L|P1|N6	HCC-3L	P1	HCC-3L|GCGGTCCCGGTGAAGG-1	GCGGTCCCGGTGAAGG-1	0.0	0.5436182628304015
HCC-3L|P1|N6	HCC-3L	P1	HCC-3L|GGACGTCCATAGTTGG-1	GGACGTCCATAGTTGG-1	0.0	0.5473824250799405
HCC-3L|P1|N6	HCC-3L	P1	HCC-3L|GGCAAGCCAGGGATAG-1	GGCAAGCCAGGGATAG-1	2.717997353317082	1.9694285800968825
HCC-3L|P1|N6	HCC-3L	P1	HCC-3L|GGGCCTATTTAAGTAT-1	GGGCCTATTTAAGTAT-1	3.277071042068121	1.9116184127506404
HCC-3L|P1|N6	HCC-3L	P1	HCC-3L|GGTCATTGTAGTCATA-1	GGTCATTGTAGTCATA-1	0.0	0.5461657834331599
HCC-3L|P1|N6	HCC-3L	P1	HCC-3L|TCTACGGGCTCAGTTG-1	TCTACGGGCTCAGTTG-1	2.2988772337356798	2.7802934053590445
HCC-3L|P1|N7	HCC-3L	P1	HCC-3L|AAACTTGCAAACGTAT-1	AAACTTGCAAACGTAT-1	2.667853240844557	1.5568107548427896
HCC-3L|P1|N7	HCC-3L	P1	HCC-3L|AACACGAGACGCGGCC-1	AACACGAGACGCGGCC-1	0.0	0.4456048443381988
HCC-3L|P1|N7	HCC-3L	P1	HCC-3L|ACCTGCGTGTCATGTT-1	ACCTGCGTGTCATGTT-1	0.0	0.6147533450863701
HCC-3L|P1|N7	HCC-3L	P1	HCC-3L|AGGCCCTAGAACGCCA-1	AGGCCCTAGAACGCCA-1	4.309562073215943	2.1547810366079716
HCC-3L|P1|N7	HCC-3L	P1	HCC-3L|AGGTCAGGTGAGAGTG-1	AGGTCAGGTGAGAGTG-1	2.674609613046133	1.7295736237029002
HCC-3L|P1|N7	HCC-3L	P1	HCC-3L|CAAATCTCTCACAAGG-1	CAAATCTCTCACAAGG-1	0.0	0.43095620732159434
HCC-3L|P1|N7	HCC-3L	P1	HCC-3L|CAGCTGGCGTAACCGT-1	CAGCTGGCGTAACCGT-1	0.0	0.4796600618869316
HCC-3L|P1|N7	HCC-3L	P1	HCC-3L|CAGTACCAGTTTACGT-1	CAGTACCAGTTTACGT-1	2.08593236354906	1.4810085906174846
HCC-3L|P1|N7	HCC-3L	P1	HCC-3L|CATATGTCAGGCTACG-1	CATATGTCAGGCTACG-1	2.533989123673474	1.3811430658699864
HCC-3L|P1|N7	HCC-3L	P1	HCC-3L|CGATCTGTTGGAGGAC-1	CGATCTGTTGGAGGAC-1	0.0	0.360004668632165
HCC-3L|P1|N7	HCC-3L	P1	HCC-3L|CGTTCATGGTGCGCGT-1	CGTTCATGGTGCGCGT-1	3.2219316189697054	1.9543416137094203
HCC-3L|P1|N7	HCC-3L	P1	HCC-3L|CTCATGGTAATTTGCG-1	CTCATGGTAATTTGCG-1	1.1635133829721087	0.6954303061691085
HCC-3L|P1|N7	HCC-3L	P1	HCC-3L|GCCCGACTTCTTCCCG-1	GCCCGACTTCTTCCCG-1	1.364083376196649	0.9901668969854565
HCC-3L|P1|N7	HCC-3L	P1	HCC-3L|GGTCGTAAGCTCGCAC-1	GGTCGTAAGCTCGCAC-1	0.0	0.44232199854323045
HCC-3L|P1|N7	HCC-3L	P1	HCC-3L|TACTTTCCGCACGCCA-1	TACTTTCCGCACGCCA-1	2.034577287145751	1.682494776536617
HCC-3L|P1|N7	HCC-3L	P1	HCC-3L|TAGAGATCATGCAACT-1	TAGAGATCATGCAACT-1	0.0	0.35913017276799525
HCC-3L|P1|N7	HCC-3L	P1	HCC-3L|TCCTCCTAAGACATTC-1	TCCTCCTAAGACATTC-1	0.0	0.6613261497774404
HCC-3L|P1|N7	HCC-3L	P1	HCC-3L|TCGGAGAGTATCGGGA-1	TCGGAGAGTATCGGGA-1	0.0	0.35952977928196983
HCC-3L|P1|N7	HCC-3L	P1	HCC-3L|TTAACTTCAGGTAGGA-1	TTAACTTCAGGTAGGA-1	0.0	0.3596050621181905
HCC-3L|P1|N7	HCC-3L	P1	HCC-3L|TTGTTTCCATACAACT-1	TTGTTTCCATACAACT-1	0.0	0.35913017276799525
HCC-3L|P1|N9	HCC-3L	P1	HCC-3L|AAAGGGCAGCTTGAAT-1	AAAGGGCAGCTTGAAT-1	1.6907972434775629	1.4385442942476727
HCC-3L|P1|N9	HCC-3L	P1	HCC-3L|ACCCACCTACATGCTC-1	ACCCACCTACATGCTC-1	2.7145310472747535	1.7180803836870853
HCC-3L|P1|N9	HCC-3L	P1	HCC-3L|AGAGCGTACAAGCTCG-1	AGAGCGTACAAGCTCG-1	0.5657691833058651	0.523656592143324
HCC-3L|P1|N9	HCC-3L	P1	HCC-3L|CACACAGGGATAGATT-1	CACACAGGGATAGATT-1	0.0	0.4142581228381818
HCC-3L|P1|N9	HCC-3L	P1	HCC-3L|CCAGAGACAAAGCCGG-1	CCAGAGACAAAGCCGG-1	1.434035438144633	0.8999630649872108
HCC-3L|P1|N9	HCC-3L	P1	HCC-3L|CGAGCACTTCAAGTTT-1	CGAGCACTTCAAGTTT-1	0.0	0.46068709025030324
HCC-3L|P1|N9	HCC-3L	P1	HCC-3L|GATTCCTATACGGCGC-1	GATTCCTATACGGCGC-1	0.0	0.6290713562810355
HCC-3L|P1|N9	HCC-3L	P1	HCC-3L|GCTAAACCTGAGGTGA-1	GCTAAACCTGAGGTGA-1	0.0	0.5223633888535255
HCC-3L|P1|N9	HCC-3L	P1	HCC-3L|TGGGAAATGCCTTTCC-1	TGGGAAATGCCTTTCC-1	1.198466762407135	0.813962480206576
HCC-3L|P1|N9	HCC-3L	P1	HCC-3L|TTAACACCTCGAACAT-1	TTAACACCTCGAACAT-1	2.195344150978732	1.4370901184279972
HCC-3L|P1|N9	HCC-3L	P1	HCC-3L|TTACCCTAACAGTCCT-1	TTACCCTAACAGTCCT-1	2.638981077118941	1.869546575370391
HCC-3L|P1|N12	HCC-3L	P1	HCC-3L|AAATAAGGTAGTGCCC-1	AAATAAGGTAGTGCCC-1	4.4739160605838935	2.240612104831292
HCC-3L|P1|N12	HCC-3L	P1	HCC-3L|ACACCACATAATTAGC-1	ACACCACATAATTAGC-1	0.0	0.37648041292133655
HCC-3L|P1|N12	HCC-3L	P1	HCC-3L|ACCTCCGTTATTCACC-1	ACCTCCGTTATTCACC-1	0.0	0.37175870801292893
HCC-3L|P1|N12	HCC-3L	P1	HCC-3L|ACGTTCGCAATCAATT-1	ACGTTCGCAATCAATT-1	4.461104496155147	2.2305522480775735
HCC-3L|P1|N12	HCC-3L	P1	HCC-3L|AGGGACCGGCTGCGTT-1	AGGGACCGGCTGCGTT-1	0.0	0.3811249438966668
HCC-3L|P1|N12	HCC-3L	P1	HCC-3L|AGGTATAATTGATAGT-1	AGGTATAATTGATAGT-1	4.573499326760001	2.290410319594242
HCC-3L|P1|N12	HCC-3L	P1	HCC-3L|ATAAGTAGGGCGACTC-1	ATAAGTAGGGCGACTC-1	0.0	0.3847856001109078
HCC-3L|P1|N12	HCC-3L	P1	HCC-3L|ATGTAAGGCTGCTCTT-1	ATGTAAGGCTGCTCTT-1	0.0	0.37175870801292893
HCC-3L|P1|N12	HCC-3L	P1	HCC-3L|ATTATAGCTACTTTAC-1	ATTATAGCTACTTTAC-1	0.0	0.37541278255227434
HCC-3L|P1|N12	HCC-3L	P1	HCC-3L|CAAGGTCCTATAGGCT-1	CAAGGTCCTATAGGCT-1	0.0	0.3811249438966668
HCC-3L|P1|N12	HCC-3L	P1	HCC-3L|CATTACATAGATTGTG-1	CATTACATAGATTGTG-1	0.0	0.6615816389140887
HCC-3L|P1|N12	HCC-3L	P1	HCC-3L|CATTGCGGGTCAATTC-1	CATTGCGGGTCAATTC-1	0.0	0.5418511637115523
HCC-3L|P1|N12	HCC-3L	P1	HCC-3L|CCACGGTGCCCGGTAG-1	CCACGGTGCCCGGTAG-1	0.04392787457089229	0.40308888118211295
HCC-3L|P1|N12	HCC-3L	P1	HCC-3L|CCACTATCCGGGTCAC-1	CCACTATCCGGGTCAC-1	0.0	0.37282633838199114
HCC-3L|P1|N12	HCC-3L	P1	HCC-3L|CCGGCACGACCGTTTC-1	CCGGCACGACCGTTTC-1	0.0	0.3811249438966668
HCC-3L|P1|N12	HCC-3L	P1	HCC-3L|CGAGGATCGGGAACGA-1	CGAGGATCGGGAACGA-1	0.0	0.3906170276250858
HCC-3L|P1|N12	HCC-3L	P1	HCC-3L|CGCATCCATCAGCCAG-1	CGCATCCATCAGCCAG-1	4.68740433150103	2.343702165750515
HCC-3L|P1|N12	HCC-3L	P1	HCC-3L|CGTGTGTTAAACCCTG-1	CGTGTGTTAAACCCTG-1	0.04384889447214502	0.39475078561806365
HCC-3L|P1|N12	HCC-3L	P1	HCC-3L|CTGCACCTAGTCCACA-1	CTGCACCTAGTCCACA-1	0.0	0.3906170276250858
HCC-3L|P1|N12	HCC-3L	P1	HCC-3L|GCATTTCCAAGGCTCC-1	GCATTTCCAAGGCTCC-1	0.0	0.37175870801292893
HCC-3L|P1|N12	HCC-3L	P1	HCC-3L|GGTACACCAGATTTAT-1	GGTACACCAGATTTAT-1	0.0	0.5418511637115523
HCC-3L|P1|N12	HCC-3L	P1	HCC-3L|GGTATAGTGACACATA-1	GGTATAGTGACACATA-1	0.0	0.37175870801292893
HCC-3L|P1|N12	HCC-3L	P1	HCC-3L|GGTTTAATTGAGCAGG-1	GGTTTAATTGAGCAGG-1	3.251575335468034	1.8966742201565665
HCC-3L|P1|N12	HCC-3L	P1	HCC-3L|GTGACGAGGGTGACCC-1	GTGACGAGGGTGACCC-1	0.0	0.7482391209342655
HCC-3L|P1|N12	HCC-3L	P1	HCC-3L|TACACCGTCGTTAGTC-1	TACACCGTCGTTAGTC-1	3.250638629070594	1.8962839258242998
HCC-3L|P1|N12	HCC-3L	P1	HCC-3L|TCAAGAAATACTAGCT-1	TCAAGAAATACTAGCT-1	0.0	0.3847856001109078
HCC-3L|P1|N12	HCC-3L	P1	HCC-3L|TCCCGTCGCGTCATAG-1	TCCCGTCGCGTCATAG-1	0.0	0.3906170276250858
HCC-3L|P1|N12	HCC-3L	P1	HCC-3L|TCCCTAGATCAATAGG-1	TCCCTAGATCAATAGG-1	0.0	0.3906170276250858
HCC-3L|P1|N12	HCC-3L	P1	HCC-3L|TCCGAATGGTCCTGAG-1	TCCGAATGGTCCTGAG-1	0.0	0.37282633838199114
HCC-3L|P1|N12	HCC-3L	P1	HCC-3L|TGATGGCTGTTTCTGA-1	TGATGGCTGTTTCTGA-1	0.0	0.37282633838199114
HCC-3L|P1|N12	HCC-3L	P1	HCC-3L|TTGATAGTCAATACAT-1	TTGATAGTCAATACAT-1	0.0	0.6615816389140887
HCC-3L|P1|N14	HCC-3L	P1	HCC-3L|AACCGCTAAGGGATGC-1	AACCGCTAAGGGATGC-1	0.0	0.7703743833922019
HCC-3L|P1|N14	HCC-3L	P1	HCC-3L|AAGGTGATAAACCAGC-1	AAGGTGATAAACCAGC-1	0.0	0.620288720238879
HCC-3L|P1|N14	HCC-3L	P1	HCC-3L|ACACACCAGGACCAGT-1	ACACACCAGGACCAGT-1	3.0746919556956644	2.1679641790039703
HCC-3L|P1|N14	HCC-3L	P1	HCC-3L|ACCCTCCCTTGCTATT-1	ACCCTCCCTTGCTATT-1	1.4523648905955993	0.9859279118659169
HCC-3L|P1|N14	HCC-3L	P1	HCC-3L|ACTGAATGGCGAAAGT-1	ACTGAATGGCGAAAGT-1	3.116945598817407	1.925034831050964
HCC-3L|P1|N14	HCC-3L	P1	HCC-3L|ACTTATTTATGTGCCA-1	ACTTATTTATGTGCCA-1	4.875719913535539	3.3472116755198416
HCC-3L|P1|N14	HCC-3L	P1	HCC-3L|AGATACTCAAGATCGA-1	AGATACTCAAGATCGA-1	1.5548479986183479	1.1531304234183894
HCC-3L|P1|N14	HCC-3L	P1	HCC-3L|ATGGGCCTCGGCCTCT-1	ATGGGCCTCGGCCTCT-1	4.3687726871708845	3.1134744765799405
HCC-3L|P1|N14	HCC-3L	P1	HCC-3L|ATGGTCGCGTGGTTTC-1	ATGGTCGCGTGGTTTC-1	0.0	0.3848574195799877
HCC-3L|P1|N14	HCC-3L	P1	HCC-3L|CAAGATATTATAACGT-1	CAAGATATTATAACGT-1	3.198645726702775	2.9046550939808284
HCC-3L|P1|N14	HCC-3L	P1	HCC-3L|CTGGTTTCGAGCAAGA-1	CTGGTTTCGAGCAAGA-1	3.3448022111512064	2.6141613709676856
HCC-3L|P1|N14	HCC-3L	P1	HCC-3L|GAGTGTGCGGTACCCA-1	GAGTGTGCGGTACCCA-1	0.0	0.52277814019987
HCC-3L|P1|N14	HCC-3L	P1	HCC-3L|GCAAACCCTACATTAT-1	GCAAACCCTACATTAT-1	0.0	0.3807758741177505
HCC-3L|P1|N14	HCC-3L	P1	HCC-3L|GGTTAGCTATATGTCT-1	GGTTAGCTATATGTCT-1	0.0	0.5476299796348233
HCC-3L|P1|N14	HCC-3L	P1	HCC-3L|TCCGCTGTCATCCCGG-1	TCCGCTGTCATCCCGG-1	0.0	0.38931613311964625
HCC-3L|P1|N14	HCC-3L	P1	HCC-3L|TCCTACATCCACGGCC-1	TCCTACATCCACGGCC-1	1.391531490493179	1.353978340405125
HCC-3L|P1|N14	HCC-3L	P1	HCC-3L|TCTTACTTATGCCTCT-1	TCTTACTTATGCCTCT-1	0.0	0.36406439059757373
HCC-3L|P1|N14	HCC-3L	P1	HCC-3L|TGGGCCCATACTAATT-1	TGGGCCCATACTAATT-1	0.0	0.6850435103905621
HCC-3L|P1|N14	HCC-3L	P1	HCC-3L|TTAGAGTTTAGAAGGA-1	TTAGAGTTTAGAAGGA-1	3.226757544466674	2.008073247370369
HCC-3L|P1|N14	HCC-3L	P1	HCC-3L|TTAGTTATTCGTGGCA-1	TTAGTTATTCGTGGCA-1	0.0	0.40630999279462826
HCC-3L|P1|N14	HCC-3L	P1	HCC-3L|TTCAGCCCTGGTCCAC-1	TTCAGCCCTGGTCCAC-1	0.0	0.7656332936977382
HCC-3L|P1|N14	HCC-3L	P1	HCC-3L|TTCCGGTTACCCACTT-1	TTCCGGTTACCCACTT-1	0.0	0.8141837901933879
HCC-3L|P1|N15	HCC-3L	P1	HCC-3L|AACGTGATGAAGGACA-1	AACGTGATGAAGGACA-1	3.2878163387463144	1.9963330866369868
HCC-3L|P1|N15	HCC-3L	P1	HCC-3L|ACTCTCTTATACACGA-1	ACTCTCTTATACACGA-1	0.0	0.4541293849797135
HCC-3L|P1|N15	HCC-3L	P1	HCC-3L|ATAAAGGTCAAGTACG-1	ATAAAGGTCAAGTACG-1	0.0	0.428382344998124
HCC-3L|P1|N15	HCC-3L	P1	HCC-3L|ATCCACGCTAAATGTT-1	ATCCACGCTAAATGTT-1	0.0	0.35698528749843667
HCC-3L|P1|N15	HCC-3L	P1	HCC-3L|ATTCTGAGTATGAACT-1	ATTCTGAGTATGAACT-1	0.0	0.35698528749843667
HCC-3L|P1|N15	HCC-3L	P1	HCC-3L|CAATGGAATCTACATA-1	CAATGGAATCTACATA-1	0.027893615122792193	0.4226960876795317
HCC-3L|P1|N15	HCC-3L	P1	HCC-3L|CACCGATACACCGAGC-1	CACCGATACACCGAGC-1	2.10639520777114	1.5040742820639976
HCC-3L|P1|N15	HCC-3L	P1	HCC-3L|CGCATCATGGCTTCAG-1	CGCATCATGGCTTCAG-1	2.122703799394817	1.510869528573863
HCC-3L|P1|N15	HCC-3L	P1	HCC-3L|CGGAGCTTATAACACC-1	CGGAGCTTATAACACC-1	0.0	0.3524249172638297
HCC-3L|P1|N15	HCC-3L	P1	HCC-3L|CGGCACCGTTAGCGCC-1	CGGCACCGTTAGCGCC-1	0.0	0.4118123553184403
HCC-3L|P1|N15	HCC-3L	P1	HCC-3L|CTGCGGTAGTCACGTG-1	CTGCGGTAGTCACGTG-1	0.0	0.4141368232453397
HCC-3L|P1|N15	HCC-3L	P1	HCC-3L|GAAATACCTGCTGGCT-1	GAAATACCTGCTGGCT-1	0.0	0.36023799429972253
HCC-3L|P1|N15	HCC-3L	P1	HCC-3L|GATCCTCTTGCGCTTA-1	GATCCTCTTGCGCTTA-1	0.03903248161543081	0.3765015283061521
HCC-3L|P1|N15	HCC-3L	P1	HCC-3L|GCCAGGCGTTCGCATG-1	GCCAGGCGTTCGCATG-1	0.0	0.411073748045035
HCC-3L|P1|N15	HCC-3L	P1	HCC-3L|GTCCTTCTAGTGGGTT-1	GTCCTTCTAGTGGGTT-1	0.0	0.44951762887645447
HCC-3L|P1|N15	HCC-3L	P1	HCC-3L|TATGATAAATCTAACG-1	TATGATAAATCTAACG-1	0.0	0.36023799429972253
HCC-3L|P1|N15	HCC-3L	P1	HCC-3L|TCCTCTGGCCCATTAG-1	TCCTCTGGCCCATTAG-1	0.0	0.4087492801181356
HCC-3L|P1|N15	HCC-3L	P1	HCC-3L|TCGGTCCCTGACTCCA-1	TCGGTCCCTGACTCCA-1	4.904991361417627	2.4578832238360175
HCC-3L|P1|N15	HCC-3L	P1	HCC-3L|TGGTTGGAGGATCCTG-1	TGGTTGGAGGATCCTG-1	0.03675690240365611	0.4271277313199637
HCC-3L|P1|N15	HCC-3L	P1	HCC-3L|TTCTACCTTTATGTTG-1	TTCTACCTTTATGTTG-1	4.28382344998124	2.1451644317919056
HCC-3L|P1|N17	HCC-3L	P1	HCC-3L|AACTCAAGTTAATTGC-1	AACTCAAGTTAATTGC-1	0.0	0.5088388344128724
HCC-3L|P1|N17	HCC-3L	P1	HCC-3L|CCAATGTCACAGCAAG-1	CCAATGTCACAGCAAG-1	3.3162971913753796	2.1400366180671324
HCC-3L|P1|N17	HCC-3L	P1	HCC-3L|CGATCCGACCCAGTGC-1	CGATCCGACCCAGTGC-1	0.0	0.7582461216607244
HCC-3L|P1|N17	HCC-3L	P1	HCC-3L|CGCTACGGGACATTTA-1	CGCTACGGGACATTTA-1	3.3159592492652172	2.1887567864860364
HCC-3L|P1|N17	HCC-3L	P1	HCC-3L|CTTCGTAGATAGGTGA-1	CTTCGTAGATAGGTGA-1	3.0530372620887154	1.7809376936165038
HCC-3L|P1|N17	HCC-3L	P1	HCC-3L|GAAGTGATTTATCGTG-1	GAAGTGATTTATCGTG-1	0.0	0.7851687718516405
HCC-3L|P1|N17	HCC-3L	P1	HCC-3L|GATCGCGGGCTCTCCA-1	GATCGCGGGCTCTCCA-1	2.466697019288095	1.4389065945847221
HCC-3L|P1|N17	HCC-3L	P1	HCC-3L|GCGAGGCCCGAGCAGA-1	GCGAGGCCCGAGCAGA-1	0.0	0.8071070992921957
HCC-3L|P1|N17	HCC-3L	P1	HCC-3L|GGGAGGATGCCCGAAA-1	GGGAGGATGCCCGAAA-1	2.466697019288095	1.7152646938660037
HCC-3L|P1|N17	HCC-3L	P1	HCC-3L|GTTCGCCATAAGTGCC-1	GTTCGCCATAAGTGCC-1	0.0	0.4111161698813492
HCC-3L|P1|N17	HCC-3L	P1	HCC-3L|GTTGGATTTGCGTTGG-1	GTTGGATTTGCGTTGG-1	0.0	0.6874742691626308
HCC-3L|P1|N17	HCC-3L	P1	HCC-3L|TGCAGAGTACCGAGCA-1	TGCAGAGTACCGAGCA-1	3.0530287508657525	2.0572640847123704
HCC-3L|P1|N26	HCC-3L	P1	HCC-3L|ACATCGGTCAGCCGCG-1	ACATCGGTCAGCCGCG-1	2.0100981542275176	1.3192999145464548
HCC-3L|P1|N26	HCC-3L	P1	HCC-3L|ACCCATCTTGAGGGTA-1	ACCCATCTTGAGGGTA-1	3.3054778138014744	1.928140613083811
HCC-3L|P1|N26	HCC-3L	P1	HCC-3L|ACGTTAGATTTGCCCG-1	ACGTTAGATTTGCCCG-1	0.0	0.36316909138863235
HCC-3L|P1|N26	HCC-3L	P1	HCC-3L|AGATACCGGTGTTCAC-1	AGATACCGGTGTTCAC-1	0.03763321700135033	0.546357777991488
HCC-3L|P1|N26	HCC-3L	P1	HCC-3L|CGGTGCAGATAGAACG-1	CGGTGCAGATAGAACG-1	2.6237451873387903	1.5718500769260393
HCC-3L|P1|N26	HCC-3L	P1	HCC-3L|CTAAAGAATGCCTACT-1	CTAAAGAATGCCTACT-1	0.0	0.55085819066653
HCC-3L|P1|N26	HCC-3L	P1	HCC-3L|CTAACCGCGCGCCCGT-1	CTAACCGCGCGCCCGT-1	3.3048204741968847	1.9278667215818985
HCC-3L|P1|N26	HCC-3L	P1	HCC-3L|GACGCTTGCTTCTAAA-1	GACGCTTGCTTCTAAA-1	0.0	0.9108911806383831
HCC-3L|P1|N26	HCC-3L	P1	HCC-3L|GCGGCTCTGACGTACC-1	GCGGCTCTGACGTACC-1	0.0	0.6354894744553093
HCC-3L|P1|N26	HCC-3L	P1	HCC-3L|GGGAACGGGAGGTTAG-1	GGGAACGGGAGGTTAG-1	4.320395879662238	2.163334041247898
HCC-3L|P1|N26	HCC-3L	P1	HCC-3L|TCTGGGTAGCGCTCAT-1	TCTGGGTAGCGCTCAT-1	0.0	0.6231465746452765
HCC-3L|P1|N26	HCC-3L	P1	HCC-3L|TGAGCCATACAGTCTC-1	TGAGCCATACAGTCTC-1	0.0	0.3861536117971924
HCC-3L|P1|N26	HCC-3L	P1	HCC-3L|TGGAAGAAGGGAACGT-1	TGGAAGAAGGGAACGT-1	0.0	0.3600329899718531
HCC-3L|P1|N26	HCC-3L	P1	HCC-3L|TTGCATGCTGATCACG-1	TTGCATGCTGATCACG-1	1.1096316448522119	0.9409694342232984
HCC-3L|P1|N32	HCC-3L	P1	HCC-3L|AGAACTGTACTTTGTA-1	AGAACTGTACTTTGTA-1	0.9809312077179615	0.7173707675649444
HCC-3L|P1|N32	HCC-3L	P1	HCC-3L|AGTGGCCCGCAAATGG-1	AGTGGCCCGCAAATGG-1	0.9884957676313217	0.7205226675288445
HCC-3L|P1|N32	HCC-3L	P1	HCC-3L|CCCGTGACAGTGCCTT-1	CCCGTGACAGTGCCTT-1	1.6976655341373583	1.4334217523175763
HCC-3L|P1|N32	HCC-3L	P1	HCC-3L|CCTGATTCGCGAAGAA-1	CCTGATTCGCGAAGAA-1	0.0	0.48714068972437835
HCC-3L|P1|N32	HCC-3L	P1	HCC-3L|GACTTCAACGCATCAA-1	GACTTCAACGCATCAA-1	1.7343661968402422	1.0313020130325614
HCC-3L|P1|N32	HCC-3L	P1	HCC-3L|GAGTCCACCAGGTTTA-1	GAGTCCACCAGGTTTA-1	2.837479651107579	2.1448632773024965
HCC-3L|P1|N32	HCC-3L	P1	HCC-3L|GATTATCTTGCATTAT-1	GATTATCTTGCATTAT-1	1.8392322308835982	1.4868857016262689
HCC-3L|P1|N32	HCC-3L	P1	HCC-3L|GCTTCCCGTAAGCTCC-1	GCTTCCCGTAAGCTCC-1	0.0	0.4156156044605752
HCC-3L|P1|N32	HCC-3L	P1	HCC-3L|TGTACTATCGCTCGTT-1	TGTACTATCGCTCGTT-1	2.2720898489686996	1.5257709146502811
HCC-3L|P1|N32	HCC-3L	P1	HCC-3L|TTAGCGAATAGATAGG-1	TTAGCGAATAGATAGG-1	0.0	0.8515949166793798
HCC-3L|P1|N33	HCC-3L	P1	HCC-3L|AGAATTATGGATTCGA-1	AGAATTATGGATTCGA-1	0.0	0.5262146099766388
HCC-3L|P1|N33	HCC-3L	P1	HCC-3L|ATATGTCTCCCTAGCC-1	ATATGTCTCCCTAGCC-1	2.4988970544758566	1.5324037588561428
HCC-3L|P1|N33	HCC-3L	P1	HCC-3L|CGGCAGGGTCGGGTTG-1	CGGCAGGGTCGGGTTG-1	2.6008585419374075	1.8741556636217318
HCC-3L|P1|N33	HCC-3L	P1	HCC-3L|CGTCGGATAGTGTTGA-1	CGTCGGATAGTGTTGA-1	3.3954627794185748	2.7059599294791186
HCC-3L|P1|N33	HCC-3L	P1	HCC-3L|GCGTGGTACTGGGTTA-1	GCGTGGTACTGGGTTA-1	0.0	0.7692215471429994
HCC-3L|P1|N33	HCC-3L	P1	HCC-3L|GCTTTCAGAGGAGGTG-1	GCTTTCAGAGGAGGTG-1	3.416844041528612	3.0123549685057402
HCC-3L|P1|N33	HCC-3L	P1	HCC-3L|TACCGCGGACTTGCAG-1	TACCGCGGACTTGCAG-1	2.8467026494119407	2.280032948977213
HCC-3L|P1|N33	HCC-3L	P1	HCC-3L|TCTGAATTCCGTACAA-1	TCTGAATTCCGTACAA-1	3.3362987318215627	2.2358416009897137
HCC-3L|P1|N33	HCC-3L	P1	HCC-3L|TCTTCCCATGGGCACA-1	TCTTCCCATGGGCACA-1	3.467872670307725	2.472636771227026
HCC-3L|P1|N33	HCC-3L	P1	HCC-3L|TCTTTAAGACTATGAA-1	TCTTTAAGACTATGAA-1	0.0	0.7284218736088643
HCC-3L|P1|N33	HCC-3L	P1	HCC-3L|TTAAACTCGAATTCAT-1	TTAAACTCGAATTCAT-1	0.0	0.5057276010204278
HCC-3L|P1|N33	HCC-3L	P1	HCC-3L|TTACGGATGGTTCGAG-1	TTACGGATGGTTCGAG-1	0.0	0.7795001096072985
HCC-3L|P1|N38	HCC-3L	P1	HCC-3L|AGCGCTAGAGCGATGT-1	AGCGCTAGAGCGATGT-1	0.03248047779590362	0.4095052233703672
HCC-3L|P1|N38	HCC-3L	P1	HCC-3L|ATGGAACCTTTGCACA-1	ATGGAACCTTTGCACA-1	0.029008336873492618	0.4077691529091617
HCC-3L|P1|N38	HCC-3L	P1	HCC-3L|CCCGATAGCCTCGCCT-1	CCCGATAGCCTCGCCT-1	0.0	0.46353413692789025
HCC-3L|P1|N38	HCC-3L	P1	HCC-3L|CGCCGTCTACCCATCG-1	CGCCGTCTACCCATCG-1	0.0	0.39568234587853984
HCC-3L|P1|N38	HCC-3L	P1	HCC-3L|GATAGGTGTCCCGGGC-1	GATAGGTGTCCCGGGC-1	0.0	0.3959716909554074
HCC-3L|P1|N38	HCC-3L	P1	HCC-3L|GCTAGCACCTGGGCCA-1	GCTAGCACCTGGGCCA-1	4.719179813668985	2.364713974723609
HCC-3L|P1|N38	HCC-3L	P1	HCC-3L|GCTGAACTCTCCAGGG-1	GCTGAACTCTCCAGGG-1	0.0	0.3959716909554074
HCC-3L|P1|N38	HCC-3L	P1	HCC-3L|TCTGGAGCGTAAGAGT-1	TCTGGAGCGTAAGAGT-1	2.7812048215673415	1.6688088722698584
HCC-3L|P1|N38	HCC-3L	P1	HCC-3L|TGCCTAAATTTAATAG-1	TGCCTAAATTTAATAG-1	2.782064614861877	1.8545664443588288
HCC-3L|P1|N38	HCC-3L	P1	HCC-3L|TTGAGTCCCGCTGCTG-1	TTGAGTCCCGCTGCTG-1	0.0	0.39568234587853984
HCC-3L|P1|N38	HCC-3L	P1	HCC-3L|TTGGTTCGCTCAAAGG-1	TTGGTTCGCTCAAAGG-1	0.0	0.4636057863691015
HCC-3L|P1|N41	HCC-3L	P1	HCC-3L|AGTCGACGGTCTCAAG-1	AGTCGACGGTCTCAAG-1	1.4839625165071335	1.1964805949712702
HCC-3L|P1|N41	HCC-3L	P1	HCC-3L|CAAGTGTGGTTGCAAA-1	CAAGTGTGGTTGCAAA-1	0.0	0.3603009364181369
HCC-3L|P1|N41	HCC-3L	P1	HCC-3L|CTTGAGTTAGGGTAAT-1	CTTGAGTTAGGGTAAT-1	1.5216898518202115	1.373087821941311
HCC-3L|P1|N41	HCC-3L	P1	HCC-3L|GAAACAGATGACCACC-1	GAAACAGATGACCACC-1	0.0	0.38713202509497596
HCC-3L|P1|N41	HCC-3L	P1	HCC-3L|GATAACTCGCACTGTG-1	GATAACTCGCACTGTG-1	0.0	0.4607856965826633
HCC-3L|P1|N41	HCC-3L	P1	HCC-3L|GCTGTTGCTACCGAAC-1	GCTGTTGCTACCGAAC-1	2.801921385197431	1.7612288945369539
HCC-3L|P1|N41	HCC-3L	P1	HCC-3L|GTATGTGGGTCTAGTT-1	GTATGTGGGTCTAGTT-1	1.4210989178575333	1.2213450270660038
HCC-3L|P1|N41	HCC-3L	P1	HCC-3L|GTGACCGCACACTACG-1	GTGACCGCACACTACG-1	3.1238944493194998	1.9308431651751563
HCC-3L|P1|N41	HCC-3L	P1	HCC-3L|TATTACCATCCTGCTT-1	TATTACCATCCTGCTT-1	2.8015285714386478	1.6342577344857765
HCC-3L|P1|N41	HCC-3L	P1	HCC-3L|TTAGCTGATTTGCCGT-1	TTAGCTGATTTGCCGT-1	0.0	0.7121865605261518
HCC-3L|P1|N41	HCC-3L	P1	HCC-3L|TTGAATTCACGTGAGG-1	TTGAATTCACGTGAGG-1	0.0	0.4669541630530065
HCC-3L|P1|N50	HCC-3L	P1	HCC-3L|ATTACTTACTGGGCAT-1	ATTACTTACTGGGCAT-1	0.0	0.5161661636616013
HCC-3L|P1|N50	HCC-3L	P1	HCC-3L|ATTAGATTCCTCAGCA-1	ATTAGATTCCTCAGCA-1	0.0	0.4188985185734015
HCC-3L|P1|N50	HCC-3L	P1	HCC-3L|CCGTGGAACGATCCAA-1	CCGTGGAACGATCCAA-1	3.351188148587212	1.9547875027332153
HCC-3L|P1|N50	HCC-3L	P1	HCC-3L|CTAGCCGATGTTATGA-1	CTAGCCGATGTTATGA-1	3.0973404471783037	1.9357519131842658
HCC-3L|P1|N50	HCC-3L	P1	HCC-3L|CTCGTTTCTAATGTTT-1	CTCGTTTCTAATGTTT-1	0.0	0.5372478881696855
HCC-3L|P1|N50	HCC-3L	P1	HCC-3L|TACTGCAATCAATTAC-1	TACTGCAATCAATTAC-1	3.096653516760912	1.8064384623119814
HCC-3L|P1|N50	HCC-3L	P1	HCC-3L|TAGTCTGTGACGTTGC-1	TAGTCTGTGACGTTGC-1	0.0	0.9544315105214528
HCC-3L|P1|N50	HCC-3L	P1	HCC-3L|TGGAATATCCTTGACC-1	TGGAATATCCTTGACC-1	0.0	0.5584591074885438
HCC-3L|P1|N50	HCC-3L	P1	HCC-3L|TTCGTTCAACGAAGTT-1	TTCGTTCAACGAAGTT-1	3.350321141275313	1.9544262496865907
HCC-3L|P1|N50	HCC-3L	P1	HCC-3L|TTCTTTGGTCGCGACG-1	TTCTTTGGTCGCGACG-1	0.0	0.8376886612328156
HCC-3L|P2|N3	HCC-3L	P2	HCC-3L|AAAGGTAAGCTGTACC-1	AAAGGTAAGCTGTACC-1	2.393282178908081	1.9951458866126055
HCC-3L|P2|N3	HCC-3L	P2	HCC-3L|CAATATGTAGATTTAC-1	CAATATGTAGATTTAC-1	1.7901795893395946	1.5661021687640448
HCC-3L|P2|N3	HCC-3L	P2	HCC-3L|CACGACGTAATAGTAA-1	CACGACGTAATAGTAA-1	2.789340907044056	2.2660062010219666
HCC-3L|P2|N3	HCC-3L	P2	HCC-3L|CATGGAAATGGGACCA-1	CATGGAAATGGGACCA-1	1.9180987095098374	1.7245146795838773
HCC-3L|P2|N3	HCC-3L	P2	HCC-3L|CCTACAAGTCCGGAAT-1	CCTACAAGTCCGGAAT-1	2.409105254835669	2.010003057707193
HCC-3L|P2|N3	HCC-3L	P2	HCC-3L|CGGGTTCGGCACGTAT-1	CGGGTTCGGCACGTAT-1	1.8306973296696927	1.6142824181962476
HCC-3L|P2|N3	HCC-3L	P2	HCC-3L|CGGTTTATGAAGGAAC-1	CGGTTTATGAAGGAAC-1	2.790895726382196	2.5198818205646982
HCC-3L|P2|N3	HCC-3L	P2	HCC-3L|CTGGGCTATCCTTTGG-1	CTGGGCTATCCTTTGG-1	1.2487100565524463	1.4482753479719537
HCC-3L|P2|N3	HCC-3L	P2	HCC-3L|GCAAGATGTGTTCGCG-1	GCAAGATGTGTTCGCG-1	1.5478951552093465	1.6371822283551964
HCC-3L|P2|N3	HCC-3L	P2	HCC-3L|GCCTGCTACACTGAGA-1	GCCTGCTACACTGAGA-1	1.4743916856351245	1.3623588624161602
HCC-3L|P2|N3	HCC-3L	P2	HCC-3L|GGTGGACCACGTGTTA-1	GGTGGACCACGTGTTA-1	1.8026230952482691	1.692979787370645
HCC-3L|P2|N3	HCC-3L	P2	HCC-3L|TAAATGCCGTCTCATG-1	TAAATGCCGTCTCATG-1	2.4874196676443803	1.9114210146368134
HCC-3L|P2|N3	HCC-3L	P2	HCC-3L|TGTATTTACCTAATGC-1	TGTATTTACCTAATGC-1	2.406637317138527	1.87778324051046
HCC-3L|P2|N3	HCC-3L	P2	HCC-3L|TTATAGTCCAAGGTGC-1	TTATAGTCCAAGGTGC-1	1.865720189679424	1.5061223117457816
HCC-3L|P2|N4	HCC-3L	P2	HCC-3L|AAAGTGTGATTTATCT-1	AAAGTGTGATTTATCT-1	1.3187862108880068	1.400181339281498
HCC-3L|P2|N4	HCC-3L	P2	HCC-3L|AAAGTTGACTCCCGTA-1	AAAGTTGACTCCCGTA-1	1.5225853628797121	1.3612527152064573
HCC-3L|P2|N4	HCC-3L	P2	HCC-3L|ACCGGGCCTTTGTTGA-1	ACCGGGCCTTTGTTGA-1	2.790895726382196	2.0711450276351373
HCC-3L|P2|N4	HCC-3L	P2	HCC-3L|AGCAACATATCTTATT-1	AGCAACATATCTTATT-1	2.5927520582039962	2.2304965803869057
HCC-3L|P2|N4	HCC-3L	P2	HCC-3L|AGGATATAGGGATTTA-1	AGGATATAGGGATTTA-1	1.3962795258316203	1.4505840996937776
HCC-3L|P2|N4	HCC-3L	P2	HCC-3L|AGTCGACGGTCTCAAG-1	AGTCGACGGTCTCAAG-1	1.5359277609656998	1.3749490633918149
HCC-3L|P2|N4	HCC-3L	P2	HCC-3L|AGTGCTTGCACGAATA-1	AGTGCTTGCACGAATA-1	2.534266835739838	1.934220605197034
HCC-3L|P2|N4	HCC-3L	P2	HCC-3L|ATGCCATTTGCGACCA-1	ATGCCATTTGCGACCA-1	1.3353664394598406	1.4149855014436512
HCC-3L|P2|N4	HCC-3L	P2	HCC-3L|CAAGTGTGGTTGCAAA-1	CAAGTGTGGTTGCAAA-1	1.4999728422941414	1.4900483179121293
HCC-3L|P2|N4	HCC-3L	P2	HCC-3L|CGACAATTTGATCTAA-1	CGACAATTTGATCTAA-1	2.790895726382196	2.0779585444361293
HCC-3L|P2|N4	HCC-3L	P2	HCC-3L|CGCGGCTCAACTTGAA-1	CGCGGCTCAACTTGAA-1	1.3275988295059873	1.3448174135512132
HCC-3L|P2|N4	HCC-3L	P2	HCC-3L|CTCTTCTATTGACTGG-1	CTCTTCTATTGACTGG-1	1.2368438732277753	1.4080111695372044
HCC-3L|P2|N4	HCC-3L	P2	HCC-3L|CTGGCTGATTCATCCT-1	CTGGCTGATTCATCCT-1	1.2331859613582254	1.383883968314522
HCC-3L|P2|N4	HCC-3L	P2	HCC-3L|GAAACAGATGACCACC-1	GAAACAGATGACCACC-1	1.268230797768501	1.650296600320618
HCC-3L|P2|N4	HCC-3L	P2	HCC-3L|GAATAGACGCGACCCA-1	GAATAGACGCGACCCA-1	2.790895726382196	2.3994157435532726
HCC-3L|P2|N4	HCC-3L	P2	HCC-3L|GATAACTCGCACTGTG-1	GATAACTCGCACTGTG-1	1.3798641976189128	1.3877031264831587
HCC-3L|P2|N4	HCC-3L	P2	HCC-3L|GCCTCATCTGGAAATA-1	GCCTCATCTGGAAATA-1	1.4539229557175941	1.4112674565768892
HCC-3L|P2|N4	HCC-3L	P2	HCC-3L|GGATGAAGATCGCTGA-1	GGATGAAGATCGCTGA-1	1.40552856687426	1.7472222061871197
HCC-3L|P2|N4	HCC-3L	P2	HCC-3L|GGGATTTACCGCACCT-1	GGGATTTACCGCACCT-1	2.5406285299916176	2.1571328733028685
HCC-3L|P2|N4	HCC-3L	P2	HCC-3L|GTGACCGCACACTACG-1	GTGACCGCACACTACG-1	1.6247165362492997	1.480813798824812
HCC-3L|P2|N4	HCC-3L	P2	HCC-3L|GTGATCACTAACGCCT-1	GTGATCACTAACGCCT-1	1.320828407444214	1.3424621982373584
HCC-3L|P2|N4	HCC-3L	P2	HCC-3L|TAAGGCTGAATCCCTC-1	TAAGGCTGAATCCCTC-1	1.244057118183411	1.4028964764767609
HCC-3L|P2|N4	HCC-3L	P2	HCC-3L|TCGAAGAACCGAGCAC-1	TCGAAGAACCGAGCAC-1	1.423899828383311	1.3735933472492858
HCC-3L|P2|N4	HCC-3L	P2	HCC-3L|TGAGAGATTTACCACG-1	TGAGAGATTTACCACG-1	2.790895726382196	2.5806387129232453
HCC-3L|P2|N4	HCC-3L	P2	HCC-3L|TGCAGTTTCCTCCCAT-1	TGCAGTTTCCTCCCAT-1	2.495516248699615	2.052584715035169
HCC-3L|P2|N4	HCC-3L	P2	HCC-3L|TGTATGGCGCAGACAG-1	TGTATGGCGCAGACAG-1	1.3824432434341825	1.582771160473575
HCC-3L|P2|N4	HCC-3L	P2	HCC-3L|TTGACAGGAGCTCCCG-1	TTGACAGGAGCTCCCG-1	1.4864572202581396	1.3780982543811762
HCC-3L|P2|N5	HCC-3L	P2	HCC-3L|AAATGATTCGATCAGC-1	AAATGATTCGATCAGC-1	2.237290299062043	2.068475376029467
HCC-3L|P2|N5	HCC-3L	P2	HCC-3L|AATAGCTACCGCGTGC-1	AATAGCTACCGCGTGC-1	2.3905018429362004	1.9231302404196633
HCC-3L|P2|N5	HCC-3L	P2	HCC-3L|ACAGTATACCGTGGGA-1	ACAGTATACCGTGGGA-1	2.7893000863109574	2.204226997352309
HCC-3L|P2|N5	HCC-3L	P2	HCC-3L|ACCAACACCACACACT-1	ACCAACACCACACACT-1	2.660353791516034	2.4791264681141962
HCC-3L|P2|N5	HCC-3L	P2	HCC-3L|AGCGGTTGCCGCTCTG-1	AGCGGTTGCCGCTCTG-1	1.4738238855793002	1.4283758109629503
HCC-3L|P2|N5	HCC-3L	P2	HCC-3L|ATTACGACTCCACAGT-1	ATTACGACTCCACAGT-1	2.790895726382196	2.192711594028424
HCC-3L|P2|N5	HCC-3L	P2	HCC-3L|ATTGACCGGCGATGAC-1	ATTGACCGGCGATGAC-1	1.300094946854288	1.3996540238674915
HCC-3L|P2|N5	HCC-3L	P2	HCC-3L|CAGATCATTTAAAGTC-1	CAGATCATTTAAAGTC-1	1.382209809887805	1.546790507069199
HCC-3L|P2|N5	HCC-3L	P2	HCC-3L|CCAGATGTAAATGGGT-1	CCAGATGTAAATGGGT-1	1.2886003012664369	1.5471792649232143
HCC-3L|P2|N5	HCC-3L	P2	HCC-3L|CCGGAGGTCTTATGGT-1	CCGGAGGTCTTATGGT-1	1.3017481046042467	1.477615815788092
HCC-3L|P2|N5	HCC-3L	P2	HCC-3L|CGGTCCATGAGACTCC-1	CGGTCCATGAGACTCC-1	1.2683901494388314	1.334932015055514
HCC-3L|P2|N5	HCC-3L	P2	HCC-3L|CGTTCTTCGCACACCT-1	CGTTCTTCGCACACCT-1	2.3280915548192866	1.7900243026602194
HCC-3L|P2|N5	HCC-3L	P2	HCC-3L|CTCACACGCAAGCCTA-1	CTCACACGCAAGCCTA-1	1.324061474416729	1.3516008487964122
HCC-3L|P2|N5	HCC-3L	P2	HCC-3L|CTGCTTTATGTCCGCG-1	CTGCTTTATGTCCGCG-1	2.281425438486854	1.9819989024373068
HCC-3L|P2|N5	HCC-3L	P2	HCC-3L|GAGCTGTCGTCTCGGA-1	GAGCTGTCGTCTCGGA-1	2.265655492013766	1.8586424889871862
HCC-3L|P2|N5	HCC-3L	P2	HCC-3L|GATGACGATGATCGCG-1	GATGACGATGATCGCG-1	1.4448064418835627	1.5614176867573923
HCC-3L|P2|N5	HCC-3L	P2	HCC-3L|GCTTGCAGCACAATTG-1	GCTTGCAGCACAATTG-1	1.4910040468239523	1.6579108854844673
HCC-3L|P2|N5	HCC-3L	P2	HCC-3L|GGGATCCCAATACAAA-1	GGGATCCCAATACAAA-1	1.3947181005322582	1.5033068913916066
HCC-3L|P2|N5	HCC-3L	P2	HCC-3L|GTGAAGCCGTATAGTC-1	GTGAAGCCGTATAGTC-1	1.2735162707965713	1.3475058779874878
HCC-3L|P2|N5	HCC-3L	P2	HCC-3L|GTTGGACCGCATCAGG-1	GTTGGACCGCATCAGG-1	1.324779667722315	1.430645666240403
HCC-3L|P2|N5	HCC-3L	P2	HCC-3L|TCCCAAACAGACAACG-1	TCCCAAACAGACAACG-1	2.704168353055039	2.1891020443372726
HCC-3L|P2|N5	HCC-3L	P2	HCC-3L|TGTACTACTCTCACGG-1	TGTACTACTCTCACGG-1	1.4681673225804799	1.4211897342813198
HCC-3L|P2|N5	HCC-3L	P2	HCC-3L|TGTCATTTGTTGGGAA-1	TGTCATTTGTTGGGAA-1	2.2844302409560013	2.185814621838939
HCC-3L|P2|N5	HCC-3L	P2	HCC-3L|TTACTGTCTAGAGCTC-1	TTACTGTCTAGAGCTC-1	2.790864451214243	2.089613273997967
HCC-3L|P2|N7	HCC-3L	P2	HCC-3L|AAATTCCAGGTCCAAA-1	AAATTCCAGGTCCAAA-1	1.3999527447002118	1.4368547705264787
HCC-3L|P2|N7	HCC-3L	P2	HCC-3L|AACCTGTCACGGAATT-1	AACCTGTCACGGAATT-1	1.6012154499422893	1.555216106743576
HCC-3L|P2|N7	HCC-3L	P2	HCC-3L|ACCTCCGTTATTCACC-1	ACCTCCGTTATTCACC-1	1.4804090572095714	1.4597226990346948
HCC-3L|P2|N7	HCC-3L	P2	HCC-3L|ACGTTCGCAATCAATT-1	ACGTTCGCAATCAATT-1	1.4637195893912311	1.478267479328911
HCC-3L|P2|N7	HCC-3L	P2	HCC-3L|ACTGCGGACACACCGT-1	ACTGCGGACACACCGT-1	1.2249350284541731	1.3311477998840475
HCC-3L|P2|N7	HCC-3L	P2	HCC-3L|ACTTTACCCTCATGAA-1	ACTTTACCCTCATGAA-1	2.790895726382196	2.1137448721510115
HCC-3L|P2|N7	HCC-3L	P2	HCC-3L|ATGTAAGGCTGCTCTT-1	ATGTAAGGCTGCTCTT-1	1.6383737162348804	1.439467481669206
HCC-3L|P2|N7	HCC-3L	P2	HCC-3L|ATTATAGCTACTTTAC-1	ATTATAGCTACTTTAC-1	1.457591965612735	1.4557464689428157
HCC-3L|P2|N7	HCC-3L	P2	HCC-3L|CGACTTTGTATAGCCT-1	CGACTTTGTATAGCCT-1	1.4497303660318435	1.5483932331841794
HCC-3L|P2|N7	HCC-3L	P2	HCC-3L|CTGGGATACGCTACCC-1	CTGGGATACGCTACCC-1	2.790895726382196	2.11463719563569
HCC-3L|P2|N7	HCC-3L	P2	HCC-3L|GCATTTCCAAGGCTCC-1	GCATTTCCAAGGCTCC-1	2.79084353205223	2.1401947118333347
HCC-3L|P2|N7	HCC-3L	P2	HCC-3L|GCCATCGATGCTGCAT-1	GCCATCGATGCTGCAT-1	1.5221371122140934	1.5039744332838203
HCC-3L|P2|N7	HCC-3L	P2	HCC-3L|GCGAGAGTTGCGTCCA-1	GCGAGAGTTGCGTCCA-1	1.49972165952217	1.463285695785511
HCC-3L|P2|N7	HCC-3L	P2	HCC-3L|GGTATAGTGACACATA-1	GGTATAGTGACACATA-1	1.4680457898974673	1.573027324600548
HCC-3L|P2|N7	HCC-3L	P2	HCC-3L|GTTAAGTTAGAGTGGG-1	GTTAAGTTAGAGTGGG-1	1.604835077978092	1.5406727229729151
HCC-3L|P2|N7	HCC-3L	P2	HCC-3L|GTTCATCGTTTGGCTG-1	GTTCATCGTTTGGCTG-1	1.5141050261022748	1.4500711221040485
HCC-3L|P2|N7	HCC-3L	P2	HCC-3L|GTTCGGGCGTACCATT-1	GTTCGGGCGTACCATT-1	1.408805680776983	1.5580127507220076
HCC-3L|P2|N7	HCC-3L	P2	HCC-3L|TATTGACATTTCTGCC-1	TATTGACATTTCTGCC-1	1.481574534502475	1.5515918751396303
HCC-3L|P2|N7	HCC-3L	P2	HCC-3L|TCCCACTCTCTTCCGG-1	TCCCACTCTCTTCCGG-1	1.509042379563495	1.3577674042763141
HCC-3L|P2|N7	HCC-3L	P2	HCC-3L|TCTTTAGCAGGCGAAC-1	TCTTTAGCAGGCGAAC-1	2.790895726382196	2.1093257620296995
HCC-3L|P2|N11	HCC-3L	P2	HCC-3L|AACCTTTACGACGTCT-1	AACCTTTACGACGTCT-1	2.047158690923709	1.8096285880502045
HCC-3L|P2|N11	HCC-3L	P2	HCC-3L|AATGCACCAAGCAATG-1	AATGCACCAAGCAATG-1	2.6997833978315064	2.0569024097689677
HCC-3L|P2|N11	HCC-3L	P2	HCC-3L|AGTCCCGCCTTTAATT-1	AGTCCCGCCTTTAATT-1	2.1059147366680087	1.8475532718359924
HCC-3L|P2|N11	HCC-3L	P2	HCC-3L|AGTGTATTGCGCATTG-1	AGTGTATTGCGCATTG-1	2.087625600930592	1.844766836381062
HCC-3L|P2|N11	HCC-3L	P2	HCC-3L|ATCGGCAAGCAGTCCA-1	ATCGGCAAGCAGTCCA-1	1.40822935446505	1.381401129015806
HCC-3L|P2|N11	HCC-3L	P2	HCC-3L|CAGCCTCTCCTCAAGA-1	CAGCCTCTCCTCAAGA-1	2.0981831297533	1.7321530276655386
HCC-3L|P2|N11	HCC-3L	P2	HCC-3L|GAAATTAGCACGGATA-1	GAAATTAGCACGGATA-1	1.4149047873302376	1.436947997118641
HCC-3L|P2|N11	HCC-3L	P2	HCC-3L|GTCGTATTGGCGTACA-1	GTCGTATTGGCGTACA-1	1.3841308434750317	1.3690031792001522
HCC-3L|P2|N11	HCC-3L	P2	HCC-3L|GTTGGATTCAGTGGCT-1	GTTGGATTCAGTGGCT-1	2.095974511674693	1.8300591779710462
HCC-3L|P2|N11	HCC-3L	P2	HCC-3L|TCACTCGTGCAACGGC-1	TCACTCGTGCAACGGC-1	2.0262928779443463	1.5981877021630226
HCC-3L|P2|N11	HCC-3L	P2	HCC-3L|TGAGATTAGGCCCTAA-1	TGAGATTAGGCCCTAA-1	2.790895726382196	2.4338769921823187
HCC-3L|P2|N17	HCC-3L	P2	HCC-3L|AAGGTATCCTAATATA-1	AAGGTATCCTAATATA-1	2.8727209079385507	2.18067479973197
HCC-3L|P2|N17	HCC-3L	P2	HCC-3L|ACGATACATAGAACTA-1	ACGATACATAGAACTA-1	2.86734598142747	2.519806467676907
HCC-3L|P2|N17	HCC-3L	P2	HCC-3L|AGCCACTCCCGTGCTT-1	AGCCACTCCCGTGCTT-1	2.9157727644976594	2.549688009368867
HCC-3L|P2|N17	HCC-3L	P2	HCC-3L|AGCTGAAGTAAACCAA-1	AGCTGAAGTAAACCAA-1	1.6506516735506152	1.8083040406549151
HCC-3L|P2|N17	HCC-3L	P2	HCC-3L|ATACGGGTTTCGATTG-1	ATACGGGTTTCGATTG-1	1.610372465229597	1.8881938536687048
HCC-3L|P2|N17	HCC-3L	P2	HCC-3L|ATATCTCCCTCGTTAA-1	ATATCTCCCTCGTTAA-1	1.7172094963935287	1.599655646523173
HCC-3L|P2|N17	HCC-3L	P2	HCC-3L|ATCACATTAGAATATC-1	ATCACATTAGAATATC-1	2.790895726382196	2.1265573012637713
HCC-3L|P2|N17	HCC-3L	P2	HCC-3L|ATCAGTAGGCAGGGAT-1	ATCAGTAGGCAGGGAT-1	1.5086340896216628	1.5015285465228558
HCC-3L|P2|N17	HCC-3L	P2	HCC-3L|ATGCCGGTTGATGGGA-1	ATGCCGGTTGATGGGA-1	1.4387519860808136	1.3706242901725378
HCC-3L|P2|N17	HCC-3L	P2	HCC-3L|ATTAATGAACCAGTCG-1	ATTAATGAACCAGTCG-1	2.8234231598352397	2.3991419670518987
HCC-3L|P2|N17	HCC-3L	P2	HCC-3L|CACCCACGAGGCAATT-1	CACCCACGAGGCAATT-1	2.7908643233972206	2.2499034154624953
HCC-3L|P2|N17	HCC-3L	P2	HCC-3L|CACCTTGCGAAACTCG-1	CACCTTGCGAAACTCG-1	1.7606693222729874	1.6280650362816576
HCC-3L|P2|N17	HCC-3L	P2	HCC-3L|CAGTGAATAAATGACT-1	CAGTGAATAAATGACT-1	2.899798250881797	2.1085658437495733
HCC-3L|P2|N17	HCC-3L	P2	HCC-3L|CATGGGTCGGGTGTGG-1	CATGGGTCGGGTGTGG-1	1.7878027212743017	1.8935332544444585
HCC-3L|P2|N17	HCC-3L	P2	HCC-3L|CCGTTACGTTAGAACA-1	CCGTTACGTTAGAACA-1	1.722502962408197	1.75675501936538
HCC-3L|P2|N17	HCC-3L	P2	HCC-3L|CCTAACTAAGGCTCTA-1	CCTAACTAAGGCTCTA-1	1.5209376315069922	1.6680620404331221
HCC-3L|P2|N17	HCC-3L	P2	HCC-3L|CGCCATCCGATTATGA-1	CGCCATCCGATTATGA-1	2.9593331832057856	2.2156515645277914
HCC-3L|P2|N17	HCC-3L	P2	HCC-3L|CGGTAGAGGTGCAGGT-1	CGGTAGAGGTGCAGGT-1	1.5162774226500093	1.463757124312814
HCC-3L|P2|N17	HCC-3L	P2	HCC-3L|CTGTCAAATGGCTCGG-1	CTGTCAAATGGCTCGG-1	2.790895726382196	2.1982732537403007
HCC-3L|P2|N17	HCC-3L	P2	HCC-3L|CTTAGCCTTCCACATG-1	CTTAGCCTTCCACATG-1	2.9609784879526857	2.1402233768325964
HCC-3L|P2|N17	HCC-3L	P2	HCC-3L|CTTGTGCTCACCGATT-1	CTTGTGCTCACCGATT-1	2.7908693916707663	2.1017358127325347
HCC-3L|P2|N17	HCC-3L	P2	HCC-3L|GCCAGGAGTAACCGAT-1	GCCAGGAGTAACCGAT-1	1.4811317464488178	1.524954283770056
HCC-3L|P2|N17	HCC-3L	P2	HCC-3L|GCTCGGAATTTAAAGC-1	GCTCGGAATTTAAAGC-1	1.6464128237668303	1.8227670451459819
HCC-3L|P2|N17	HCC-3L	P2	HCC-3L|GGAAAGTGCCCATGCC-1	GGAAAGTGCCCATGCC-1	1.5605386988274157	1.5120323309921813
HCC-3L|P2|N17	HCC-3L	P2	HCC-3L|GGAGCACCAAGAACTA-1	GGAGCACCAAGAACTA-1	2.9250142263633543	2.0621768744817395
HCC-3L|P2|N17	HCC-3L	P2	HCC-3L|GGATTCCGCTATACCC-1	GGATTCCGCTATACCC-1	1.5384891676087413	1.370653532877931
HCC-3L|P2|N17	HCC-3L	P2	HCC-3L|GTCTCGATCTGCTTTC-1	GTCTCGATCTGCTTTC-1	1.3697562730591923	1.4874096697018269
HCC-3L|P2|N17	HCC-3L	P2	HCC-3L|TACGGGATGCTAGCAG-1	TACGGGATGCTAGCAG-1	1.3643610180522905	1.590300388086476
HCC-3L|P2|N17	HCC-3L	P2	HCC-3L|TACTCTCCGAACAAAT-1	TACTCTCCGAACAAAT-1	1.411303138520428	1.6485251668996472
HCC-3L|P2|N17	HCC-3L	P2	HCC-3L|TAGGCATGTTACGCCA-1	TAGGCATGTTACGCCA-1	1.6504283014631926	1.8249865177005937
HCC-3L|P2|N17	HCC-3L	P2	HCC-3L|TATCGATCTATGCATA-1	TATCGATCTATGCATA-1	1.5730851715294933	1.5313122077497305
HCC-3L|P2|N17	HCC-3L	P2	HCC-3L|TATGTCAAGACCGACT-1	TATGTCAAGACCGACT-1	1.328816178192382	1.3669380480992126
HCC-3L|P2|N17	HCC-3L	P2	HCC-3L|TCTTACCGGAACTCGT-1	TCTTACCGGAACTCGT-1	2.790473322548416	2.0136814053315706
HCC-3L|P2|N17	HCC-3L	P2	HCC-3L|TGAGCTTTAATGACGC-1	TGAGCTTTAATGACGC-1	1.6230626713684662	1.5613123416804315
HCC-3L|P2|N17	HCC-3L	P2	HCC-3L|TGCCATTACTAAAGAA-1	TGCCATTACTAAAGAA-1	1.7524255201715118	1.8884006177363604
HCC-3L|P2|N17	HCC-3L	P2	HCC-3L|TGGCAACTCGCGCGCC-1	TGGCAACTCGCGCGCC-1	2.790867366749223	2.2219994023601943
HCC-3L|P2|N17	HCC-3L	P2	HCC-3L|TGTTGTCAAGAAGTCT-1	TGTTGTCAAGAAGTCT-1	0.05024900936016349	1.375057017611663
HCC-3L|P2|N17	HCC-3L	P2	HCC-3L|TTCTTGGAGTAATGAG-1	TTCTTGGAGTAATGAG-1	1.3117517075224538	1.476557364500712
HCC-3L|P2|N19	HCC-3L	P2	HCC-3L|AATCAGGTTTCATTTA-1	AATCAGGTTTCATTTA-1	2.996333498683539	2.3783581633647315
HCC-3L|P2|N19	HCC-3L	P2	HCC-3L|ACTGCCCGCCATTCTC-1	ACTGCCCGCCATTCTC-1	2.8720016651802367	2.4247372085213943
HCC-3L|P2|N19	HCC-3L	P2	HCC-3L|AGAGAAACACCAGAAA-1	AGAGAAACACCAGAAA-1	1.5444907669717987	1.6081600882837663
HCC-3L|P2|N19	HCC-3L	P2	HCC-3L|CATTATCCCATTAACG-1	CATTATCCCATTAACG-1	1.6318542721813845	1.6651867912216205
HCC-3L|P2|N19	HCC-3L	P2	HCC-3L|CCCTCGATAATACACA-1	CCCTCGATAATACACA-1	2.790895726382196	2.127029345031064
HCC-3L|P2|N19	HCC-3L	P2	HCC-3L|CCTGAGAATAAATGCA-1	CCTGAGAATAAATGCA-1	1.6541344478596562	1.5194031553250333
HCC-3L|P2|N19	HCC-3L	P2	HCC-3L|CGCACGTCTGTTTATG-1	CGCACGTCTGTTTATG-1	2.8680505469888953	2.5516789700907214
HCC-3L|P2|N19	HCC-3L	P2	HCC-3L|CTATATCCAGCCTGGC-1	CTATATCCAGCCTGGC-1	2.9425368135509067	2.562625462574081
HCC-3L|P2|N19	HCC-3L	P2	HCC-3L|CTCGAGGCAAGTTTCA-1	CTCGAGGCAAGTTTCA-1	1.5599080378331511	1.4116146982098785
HCC-3L|P2|N19	HCC-3L	P2	HCC-3L|CTTAGTTGAGGAATCG-1	CTTAGTTGAGGAATCG-1	1.4246273425874163	1.4302183350881732
HCC-3L|P2|N19	HCC-3L	P2	HCC-3L|GAGTATACCCTAATCA-1	GAGTATACCCTAATCA-1	1.4923641159144483	1.3643061325782218
HCC-3L|P2|N19	HCC-3L	P2	HCC-3L|GCCAGGAAAGAACACT-1	GCCAGGAAAGAACACT-1	1.9321602245264637	1.5137202167449986
HCC-3L|P2|N19	HCC-3L	P2	HCC-3L|TTGATGCCGCTCGTCG-1	TTGATGCCGCTCGTCG-1	1.7141390175999174	1.5369376445769625
HCC-3L|P2|N22	HCC-3L	P2	HCC-3L|ACAAATCGCACCGAAT-1	ACAAATCGCACCGAAT-1	1.498369999920734	1.418764485694727
HCC-3L|P2|N22	HCC-3L	P2	HCC-3L|ACAAATGGTAGTGTTT-1	ACAAATGGTAGTGTTT-1	1.4499808106475658	1.3506431682363182
HCC-3L|P2|N22	HCC-3L	P2	HCC-3L|ACCCTCCCTTGCTATT-1	ACCCTCCCTTGCTATT-1	1.4874632055397274	1.4401700352875002
HCC-3L|P2|N22	HCC-3L	P2	HCC-3L|ACTGAATGGCGAAAGT-1	ACTGAATGGCGAAAGT-1	2.788509991926038	2.018337162655962
HCC-3L|P2|N22	HCC-3L	P2	HCC-3L|AGGACAGTCGAATCCC-1	AGGACAGTCGAATCCC-1	1.3656682830523803	1.4178937420093995
HCC-3L|P2|N22	HCC-3L	P2	HCC-3L|ATGGTCGCGTGGTTTC-1	ATGGTCGCGTGGTTTC-1	1.4620631299776243	1.4402574144930624
HCC-3L|P2|N22	HCC-3L	P2	HCC-3L|GAGTGTGCGGTACCCA-1	GAGTGTGCGGTACCCA-1	1.500218675092835	1.3321337037508107
HCC-3L|P2|N22	HCC-3L	P2	HCC-3L|GCAAACCCTACATTAT-1	GCAAACCCTACATTAT-1	1.433093103301346	1.3381498473250537
HCC-3L|P2|N22	HCC-3L	P2	HCC-3L|GGCGAAATCTAACTTG-1	GGCGAAATCTAACTTG-1	1.5101547483511957	1.3272573094107507
HCC-3L|P2|N22	HCC-3L	P2	HCC-3L|GTAGTCGCGGGAATCA-1	GTAGTCGCGGGAATCA-1	1.4661056608612593	1.3560736805460163
HCC-3L|P2|N22	HCC-3L	P2	HCC-3L|GTTAAAGTAGGACTGG-1	GTTAAAGTAGGACTGG-1	1.4537272071837146	1.417315047599621
HCC-3L|P2|N22	HCC-3L	P2	HCC-3L|TCCTACATCCACGGCC-1	TCCTACATCCACGGCC-1	1.5171447221058174	1.4663126138934768
HCC-3L|P2|N22	HCC-3L	P2	HCC-3L|TCGCACCAGGAGGCAG-1	TCGCACCAGGAGGCAG-1	1.5075283522732554	1.4035084641939335
HCC-3L|P2|N22	HCC-3L	P2	HCC-3L|TGTTATTGTATGTGGC-1	TGTTATTGTATGTGGC-1	2.788508643935596	2.122361230487982
HCC-3L|P2|N22	HCC-3L	P2	HCC-3L|TTCAGCCCTGGTCCAC-1	TTCAGCCCTGGTCCAC-1	1.3739355629286893	1.3865198025239216
HCC-3L|P2|N22	HCC-3L	P2	HCC-3L|TTCCGGTTACCCACTT-1	TTCCGGTTACCCACTT-1	1.449197255120606	1.4208568091859608
HCC-3L|P2|N26	HCC-3L	P2	HCC-3L|ACATGGCGCCAAAGTA-1	ACATGGCGCCAAAGTA-1	1.453460549106452	1.3267575162933962
HCC-3L|P2|N26	HCC-3L	P2	HCC-3L|ACCCGGATGACGCATC-1	ACCCGGATGACGCATC-1	2.7908633480236142	2.1889860143147697
HCC-3L|P2|N26	HCC-3L	P2	HCC-3L|ACGATCATCTTGTAAA-1	ACGATCATCTTGTAAA-1	1.3985596341313318	1.3869078266184798
HCC-3L|P2|N26	HCC-3L	P2	HCC-3L|AGGGTCGATGCGAACT-1	AGGGTCGATGCGAACT-1	1.7694171246242136	1.8544913451066831
HCC-3L|P2|N26	HCC-3L	P2	HCC-3L|ATAGTTCCACCCACTC-1	ATAGTTCCACCCACTC-1	1.490346210363055	1.5517278010081583
HCC-3L|P2|N26	HCC-3L	P2	HCC-3L|ATTGTACAACTCGGCT-1	ATTGTACAACTCGGCT-1	1.3925851721742926	1.5212211895632133
HCC-3L|P2|N26	HCC-3L	P2	HCC-3L|CACCCAAATCTTATGT-1	CACCCAAATCTTATGT-1	1.514512381611928	1.3542226914325046
HCC-3L|P2|N26	HCC-3L	P2	HCC-3L|CATCTTACACCACCTC-1	CATCTTACACCACCTC-1	1.8114930388091237	1.7345313757032503
HCC-3L|P2|N26	HCC-3L	P2	HCC-3L|CCATCTCACCAGTGAA-1	CCATCTCACCAGTGAA-1	2.790895726382196	2.267788368806696
HCC-3L|P2|N26	HCC-3L	P2	HCC-3L|CCGATCTCAACCTTAT-1	CCGATCTCAACCTTAT-1	1.4090924961442393	1.4471096533449734
HCC-3L|P2|N26	HCC-3L	P2	HCC-3L|CGCACGTGCGCTATCA-1	CGCACGTGCGCTATCA-1	1.9996147265501836	1.5895106654086888
HCC-3L|P2|N26	HCC-3L	P2	HCC-3L|CTAGGTCTGAAGGAAT-1	CTAGGTCTGAAGGAAT-1	2.790895726382196	2.0926992679971255
HCC-3L|P2|N26	HCC-3L	P2	HCC-3L|GAAAGAACAGCGTTAT-1	GAAAGAACAGCGTTAT-1	1.357862957508441	1.488197778991756
HCC-3L|P2|N26	HCC-3L	P2	HCC-3L|GCAGACCCAGCACGTA-1	GCAGACCCAGCACGTA-1	2.790895726382196	1.9918271593495098
HCC-3L|P2|N26	HCC-3L	P2	HCC-3L|GCGTAAATGGCCATAA-1	GCGTAAATGGCCATAA-1	1.5648868479938318	1.4548294446323895
HCC-3L|P2|N26	HCC-3L	P2	HCC-3L|TAGACTACCTAGCGTT-1	TAGACTACCTAGCGTT-1	1.3087319364743264	1.35520412821685
HCC-3L|P2|N26	HCC-3L	P2	HCC-3L|TATAGATGGTCGCAGT-1	TATAGATGGTCGCAGT-1	1.433249039850528	1.4258175795963988
HCC-3L|P2|N26	HCC-3L	P2	HCC-3L|TATTACCATCCTGCTT-1	TATTACCATCCTGCTT-1	2.051059094018279	1.854239533976052
HCC-3L|P2|N26	HCC-3L	P2	HCC-3L|TGACGATGCACTAGAA-1	TGACGATGCACTAGAA-1	2.705541560485511	2.0632706074947995
HCC-3L|P2|N26	HCC-3L	P2	HCC-3L|TTAGCTGATTTGCCGT-1	TTAGCTGATTTGCCGT-1	1.2835532268933783	1.3578541760922276
HCC-3L|P2|N27	HCC-3L	P2	HCC-3L|ACCGATATTTAATCAT-1	ACCGATATTTAATCAT-1	1.5503442080161838	1.4631490813963741
HCC-3L|P2|N27	HCC-3L	P2	HCC-3L|ACTTTGTCGACGCACT-1	ACTTTGTCGACGCACT-1	2.171812008082114	1.8040281459937408
HCC-3L|P2|N27	HCC-3L	P2	HCC-3L|CCAGGCTGGCGTCTGA-1	CCAGGCTGGCGTCTGA-1	2.790895726382196	2.287079415866115
HCC-3L|P2|N27	HCC-3L	P2	HCC-3L|CGGTCAGTCCATATTT-1	CGGTCAGTCCATATTT-1	1.8589716811494246	1.6554399389230374
HCC-3L|P2|N27	HCC-3L	P2	HCC-3L|GAGTATCAAAGTTACA-1	GAGTATCAAAGTTACA-1	2.176858127072942	1.73843495084843
HCC-3L|P2|N27	HCC-3L	P2	HCC-3L|GCAGTGCGGGCGGATG-1	GCAGTGCGGGCGGATG-1	2.070534677432897	1.6297101802305813
HCC-3L|P2|N27	HCC-3L	P2	HCC-3L|GCGTTCTGACTAAGCG-1	GCGTTCTGACTAAGCG-1	1.1459411752645021	1.6779179885268807
HCC-3L|P2|N27	HCC-3L	P2	HCC-3L|GCTCCATGAGTGCAGA-1	GCTCCATGAGTGCAGA-1	2.700178046785456	2.1193565607004956
HCC-3L|P2|N27	HCC-3L	P2	HCC-3L|GGCACTCAGCCGACCC-1	GGCACTCAGCCGACCC-1	2.04552292646126	1.6225017897817378
HCC-3L|P2|N27	HCC-3L	P2	HCC-3L|GTATTTAATGGCATAA-1	GTATTTAATGGCATAA-1	1.5429489029724082	1.4245442206810213
HCC-3L|P2|N27	HCC-3L	P2	HCC-3L|GTCGATAGGTGACTTT-1	GTCGATAGGTGACTTT-1	1.6275251952920513	1.3265039106144232
HCC-3L|P2|N27	HCC-3L	P2	HCC-3L|GTTGCGGACGGTCAGG-1	GTTGCGGACGGTCAGG-1	2.790895726382196	2.1574918261451383
HCC-3L|P2|N27	HCC-3L	P2	HCC-3L|TATTTGATTTGCACAG-1	TATTTGATTTGCACAG-1	1.4882389369538571	1.331182076864125
HCC-3L|P2|N27	HCC-3L	P2	HCC-3L|TCCCAGCACACGACAT-1	TCCCAGCACACGACAT-1	2.0851389591945098	1.8442305824664502
HCC-3L|P2|N27	HCC-3L	P2	HCC-3L|TGAGCTCAACTGTATA-1	TGAGCTCAACTGTATA-1	2.059994952240029	1.6536402183503092
HCC-3L|P2|N27	HCC-3L	P2	HCC-3L|TTATTATCTGGAAGGC-1	TTATTATCTGGAAGGC-1	2.2096176088775343	1.8296438986133925
HCC-3L|P2|N29	HCC-3L	P2	HCC-3L|ACGCTTAGTGTCTCTC-1	ACGCTTAGTGTCTCTC-1	1.720678825728447	1.5169245960931463
HCC-3L|P2|N29	HCC-3L	P2	HCC-3L|ACTGATTTAGTGATTC-1	ACTGATTTAGTGATTC-1	1.5397579150432734	1.5342949164448516
HCC-3L|P2|N29	HCC-3L	P2	HCC-3L|ATCATCTGCCCAGTGT-1	ATCATCTGCCCAGTGT-1	1.70783707863987	1.716802803965555
HCC-3L|P2|N29	HCC-3L	P2	HCC-3L|ATCCACGCTAAATGTT-1	ATCCACGCTAAATGTT-1	1.4656472693088294	1.5435400061816584
HCC-3L|P2|N29	HCC-3L	P2	HCC-3L|CATTGCAAAGCATAAT-1	CATTGCAAAGCATAAT-1	1.302273025774306	1.3609490964871644
HCC-3L|P2|N29	HCC-3L	P2	HCC-3L|CGGAAATTTCACATCC-1	CGGAAATTTCACATCC-1	1.8325807655488255	1.9282200806829604
HCC-3L|P2|N29	HCC-3L	P2	HCC-3L|GTTATTAAATACGACC-1	GTTATTAAATACGACC-1	1.8127369700165754	1.7004285109102675
HCC-3L|P2|N29	HCC-3L	P2	HCC-3L|GTTCAATCTATGTCAA-1	GTTCAATCTATGTCAA-1	1.8353069613577642	1.8003885748279533
HCC-3L|P2|N29	HCC-3L	P2	HCC-3L|TAGAAACCACTAAGTA-1	TAGAAACCACTAAGTA-1	1.4442775437563147	1.328822414541599
HCC-3L|P2|N29	HCC-3L	P2	HCC-3L|TAGTGGAACTCATACA-1	TAGTGGAACTCATACA-1	2.7908696770820605	2.275820821923545
HCC-3L|P2|N29	HCC-3L	P2	HCC-3L|TATGATAAATCTAACG-1	TATGATAAATCTAACG-1	1.4165858491955345	1.3595688533646206
HCC-3L|P2|N29	HCC-3L	P2	HCC-3L|TCCGGCCTGCATCGAT-1	TCCGGCCTGCATCGAT-1	1.6554911992986971	1.547846413760129
HCC-3L|P2|N29	HCC-3L	P2	HCC-3L|TCGTATTTCGTCCGGA-1	TCGTATTTCGTCCGGA-1	2.790895726382196	2.1519553679266163
HCC-3L|P2|N29	HCC-3L	P2	HCC-3L|TGTACGCTATCAGCTT-1	TGTACGCTATCAGCTT-1	1.3112157330046015	1.3365074811512878
HCC-3L|P2|N29	HCC-3L	P2	HCC-3L|TGTGATTCCAGCGCTT-1	TGTGATTCCAGCGCTT-1	1.3701500779779343	1.4868328038493042
HCC-3L|P2|N29	HCC-3L	P2	HCC-3L|TTCTTCGCAATAGAGC-1	TTCTTCGCAATAGAGC-1	2.7747738134396562	1.9693203594827788
HCC-3L|P2|N31	HCC-3L	P2	HCC-3L|AGACCATGGGATACAA-1	AGACCATGGGATACAA-1	1.6092626307018036	1.3869464245109864
HCC-3L|P2|N31	HCC-3L	P2	HCC-3L|ATGCTCAGTGTTGCAT-1	ATGCTCAGTGTTGCAT-1	1.8847689518824091	1.6723219636418758
HCC-3L|P2|N31	HCC-3L	P2	HCC-3L|CACTTCGCCACAGGCT-1	CACTTCGCCACAGGCT-1	1.6811959333041966	1.5836510309460592
HCC-3L|P2|N31	HCC-3L	P2	HCC-3L|CCCGCGCAATGCACCC-1	CCCGCGCAATGCACCC-1	3.025720478994757	2.069538259795464
HCC-3L|P2|N31	HCC-3L	P2	HCC-3L|CCTACGGCTCAGTCGA-1	CCTACGGCTCAGTCGA-1	1.7386701380051375	1.381371048842456
HCC-3L|P2|N31	HCC-3L	P2	HCC-3L|CGAGCACTTCAAGTTT-1	CGAGCACTTCAAGTTT-1	2.916778014697818	2.1062723214406116
HCC-3L|P2|N31	HCC-3L	P2	HCC-3L|CGGTGTACTTGATCCC-1	CGGTGTACTTGATCCC-1	1.8521864224136642	1.3823870057613759
HCC-3L|P2|N31	HCC-3L	P2	HCC-3L|CTAATTTCAACAACAC-1	CTAATTTCAACAACAC-1	1.6559041889492228	1.6745041503155476
HCC-3L|P2|N31	HCC-3L	P2	HCC-3L|CTCAGGACTCACCTGT-1	CTCAGGACTCACCTGT-1	1.7719325904991565	1.35079529632382
HCC-3L|P2|N31	HCC-3L	P2	HCC-3L|CTGGCGGGAATAAGTA-1	CTGGCGGGAATAAGTA-1	3.0310478221600845	2.0400064329576995
HCC-3L|P2|N31	HCC-3L	P2	HCC-3L|CTTGTTTATGTAGCCA-1	CTTGTTTATGTAGCCA-1	1.6138936752370956	1.4420925609623652
HCC-3L|P2|N31	HCC-3L	P2	HCC-3L|GAGGTCCCAAAGATCT-1	GAGGTCCCAAAGATCT-1	2.184006706182434	1.6050360190640867
HCC-3L|P2|N31	HCC-3L	P2	HCC-3L|GATGGCGCACACATTA-1	GATGGCGCACACATTA-1	1.6672250255543055	1.4363037554055458
HCC-3L|P2|N31	HCC-3L	P2	HCC-3L|GATGTTTGTGCGAGAT-1	GATGTTTGTGCGAGAT-1	1.6300046672242805	1.5628187554873896
HCC-3L|P2|N31	HCC-3L	P2	HCC-3L|GCTAAACCTGAGGTGA-1	GCTAAACCTGAGGTGA-1	2.9167781015274925	1.7270082393245694
HCC-3L|P2|N31	HCC-3L	P2	HCC-3L|GCTATCGCGGCGCAAC-1	GCTATCGCGGCGCAAC-1	2.946955142919025	2.2640864785464245
HCC-3L|P2|N31	HCC-3L	P2	HCC-3L|GTATTAAGGCGTCTAA-1	GTATTAAGGCGTCTAA-1	3.0144536572215808	2.236904903897558
HCC-3L|P2|N31	HCC-3L	P2	HCC-3L|TAACTCCATGGAGGCT-1	TAACTCCATGGAGGCT-1	1.862549169249945	1.81938813723773
HCC-3L|P2|N31	HCC-3L	P2	HCC-3L|TACGTGCACTATGCTG-1	TACGTGCACTATGCTG-1	1.84504722628136	1.356215738158871
HCC-3L|P2|N31	HCC-3L	P2	HCC-3L|TAGCAACCTGTCACAA-1	TAGCAACCTGTCACAA-1	1.5620908161579194	1.4537323314576445
HCC-3L|P2|N31	HCC-3L	P2	HCC-3L|TCATCACTCGAGCTCG-1	TCATCACTCGAGCTCG-1	1.7553988999534427	1.3328056341895702
HCC-3L|P2|N31	HCC-3L	P2	HCC-3L|TGATTTCCTCCTGACG-1	TGATTTCCTCCTGACG-1	2.1280132524434814	1.4573788338902065
HCC-3L|P2|N31	HCC-3L	P2	HCC-3L|TGGGAAATGCCTTTCC-1	TGGGAAATGCCTTTCC-1	1.6026739472264782	1.4400358371155937
HCC-3L|P2|N31	HCC-3L	P2	HCC-3L|TTAGCAACATGGATGT-1	TTAGCAACATGGATGT-1	1.9751037789621746	1.9637940278212325
HCC-3L|P2|N36	HCC-3L	P2	HCC-3L|AGTTAAGCGGTCCCGG-1	AGTTAAGCGGTCCCGG-1	2.112996591718652	1.7753096186681754
HCC-3L|P2|N36	HCC-3L	P2	HCC-3L|CAACTATATCGAATGC-1	CAACTATATCGAATGC-1	2.117526636511908	1.900495687929625
HCC-3L|P2|N36	HCC-3L	P2	HCC-3L|CATAGTACATTGAGAG-1	CATAGTACATTGAGAG-1	2.039969515101262	1.6122354426323096
HCC-3L|P2|N36	HCC-3L	P2	HCC-3L|CCAATCGGTAGATCGA-1	CCAATCGGTAGATCGA-1	1.6024982318922854	1.4002766492676488
HCC-3L|P2|N36	HCC-3L	P2	HCC-3L|CCTAAAGGCTGACGCT-1	CCTAAAGGCTGACGCT-1	2.790895726382196	2.145141054078991
HCC-3L|P2|N36	HCC-3L	P2	HCC-3L|CGTGACATTGGGTCGT-1	CGTGACATTGGGTCGT-1	1.4970842604711554	1.3579869381489749
HCC-3L|P2|N36	HCC-3L	P2	HCC-3L|CTAGTATTCGGAATTA-1	CTAGTATTCGGAATTA-1	1.579857270831037	1.5461530531537475
HCC-3L|P2|N36	HCC-3L	P2	HCC-3L|GACCGTCAGGTCGTGA-1	GACCGTCAGGTCGTGA-1	1.3871336021800917	1.4021991032139303
HCC-3L|P2|N36	HCC-3L	P2	HCC-3L|GATTCCGCGTTTCCGT-1	GATTCCGCGTTTCCGT-1	2.070755636765714	1.7545463121223328
HCC-3L|P2|N36	HCC-3L	P2	HCC-3L|GTAGGTGATCCGTGTA-1	GTAGGTGATCCGTGTA-1	2.049954819809477	1.648451360085763
HCC-3L|P2|N36	HCC-3L	P2	HCC-3L|GTCGGATGTAGCGCGC-1	GTCGGATGTAGCGCGC-1	2.1423461072084984	1.8836911125299316
HCC-3L|P2|N36	HCC-3L	P2	HCC-3L|GTGGAACCTACATGCG-1	GTGGAACCTACATGCG-1	1.5097308679479033	1.6005037429937836
HCC-3L|P2|N36	HCC-3L	P2	HCC-3L|TATTTATACCGAGTAG-1	TATTTATACCGAGTAG-1	2.790895726382196	2.4399103054507236
HCC-3L|P2|N37	HCC-3L	P2	HCC-3L|ATAGACAACGGGACCT-1	ATAGACAACGGGACCT-1	2.790895726382196	2.2749997977033245
HCC-3L|P2|N37	HCC-3L	P2	HCC-3L|ATAGAGTTATCAACTT-1	ATAGAGTTATCAACTT-1	1.4162971919893412	1.6226576671650261
HCC-3L|P2|N37	HCC-3L	P2	HCC-3L|CCAGTAGTCTGATCCA-1	CCAGTAGTCTGATCCA-1	1.3221530863576823	1.3471222109943213
HCC-3L|P2|N37	HCC-3L	P2	HCC-3L|CTAACGAAACTTGCTG-1	CTAACGAAACTTGCTG-1	2.6021419718071015	2.2055792972299595
HCC-3L|P2|N37	HCC-3L	P2	HCC-3L|CTACTATCTTTCAGAG-1	CTACTATCTTTCAGAG-1	2.489021734747252	2.37806389605148
HCC-3L|P2|N37	HCC-3L	P2	HCC-3L|CTGGTAACGAGCTCTT-1	CTGGTAACGAGCTCTT-1	2.556382886552426	2.12696671803599
HCC-3L|P2|N37	HCC-3L	P2	HCC-3L|GACTCGCGGGAATGAC-1	GACTCGCGGGAATGAC-1	2.503279532053304	2.1604505359698223
HCC-3L|P2|N37	HCC-3L	P2	HCC-3L|GATCCTAAATCGGGAC-1	GATCCTAAATCGGGAC-1	1.5305936688040827	1.549264797813945
HCC-3L|P2|N37	HCC-3L	P2	HCC-3L|GCCTATAGTGTCAGGG-1	GCCTATAGTGTCAGGG-1	1.4823022694490504	1.4271646895882917
HCC-3L|P2|N37	HCC-3L	P2	HCC-3L|GCGCATCCAGTCAGCA-1	GCGCATCCAGTCAGCA-1	2.790895726382196	2.657467456708174
HCC-3L|P2|N37	HCC-3L	P2	HCC-3L|GCGCTGCTTTGCATTT-1	GCGCTGCTTTGCATTT-1	2.4640883536652307	2.358792808529146
HCC-3L|P2|N37	HCC-3L	P2	HCC-3L|TACTTTACTGAGCCGG-1	TACTTTACTGAGCCGG-1	2.5293206433795996	2.057601392013217
HCC-3L|P2|N37	HCC-3L	P2	HCC-3L|TCACCGCTCGGCACTC-1	TCACCGCTCGGCACTC-1	1.4723122964484745	1.4107579912384065
HCC-3L|P2|N37	HCC-3L	P2	HCC-3L|TCCGGCCTAGCGTACA-1	TCCGGCCTAGCGTACA-1	1.3618308310576417	1.372759434524768
HCC-3L|P2|N40	HCC-3L	P2	HCC-3L|ATGTCATTTCCCATTG-1	ATGTCATTTCCCATTG-1	2.9404932047047194	2.650777960593614
HCC-3L|P2|N40	HCC-3L	P2	HCC-3L|ATTAACACCTGAGATA-1	ATTAACACCTGAGATA-1	1.4445208585437213	1.6152814773938409
HCC-3L|P2|N40	HCC-3L	P2	HCC-3L|CAGTAGATGATGTCCG-1	CAGTAGATGATGTCCG-1	1.789658262958812	1.654052577889665
HCC-3L|P2|N40	HCC-3L	P2	HCC-3L|CATCAACACCTACTAA-1	CATCAACACCTACTAA-1	1.4990631757255082	1.5501963430326162
HCC-3L|P2|N40	HCC-3L	P2	HCC-3L|CCTGACAAACTCGCGC-1	CCTGACAAACTCGCGC-1	2.944263456265558	2.1976936328945658
HCC-3L|P2|N40	HCC-3L	P2	HCC-3L|CGGAAAGCAAATGTGC-1	CGGAAAGCAAATGTGC-1	2.7863508181515675	2.220983706608883
HCC-3L|P2|N40	HCC-3L	P2	HCC-3L|GAAATCTGACCAAGTT-1	GAAATCTGACCAAGTT-1	1.54689024719629	1.8912844059293423
HCC-3L|P2|N40	HCC-3L	P2	HCC-3L|GCACAAGTGGATCATA-1	GCACAAGTGGATCATA-1	2.8606587769809426	2.2353577455537668
HCC-3L|P2|N40	HCC-3L	P2	HCC-3L|GCGATGTCTGTGCTTG-1	GCGATGTCTGTGCTTG-1	1.5090063813547967	1.5513480854605355
HCC-3L|P2|N40	HCC-3L	P2	HCC-3L|GCGGTGCGGAGCATCG-1	GCGGTGCGGAGCATCG-1	1.3052247219481785	1.4834064891008216
HCC-3L|P2|N40	HCC-3L	P2	HCC-3L|GGGCGAATTTCTCCAC-1	GGGCGAATTTCTCCAC-1	2.8011182971771715	2.2138898452306797
HCC-3L|P2|N40	HCC-3L	P2	HCC-3L|TACATCTTGTTTCTTG-1	TACATCTTGTTTCTTG-1	2.7861292241467597	2.2947921653742354
HCC-3L|P2|N40	HCC-3L	P2	HCC-3L|TCTTAACTCGGATGTA-1	TCTTAACTCGGATGTA-1	1.6964303498358153	1.46110551446118
HCC-3L|P2|N40	HCC-3L	P2	HCC-3L|TGAAGTAGCTTACGGA-1	TGAAGTAGCTTACGGA-1	2.797517831186695	2.5841331710007722
HCC-3L|P3|N2	HCC-3L	P3	HCC-3L|AAACGTGTTCGCCCTA-1	AAACGTGTTCGCCCTA-1	1.7942284208512018	1.572411978717224
HCC-3L|P3|N2	HCC-3L	P3	HCC-3L|ATAACGTTACCTCCAC-1	ATAACGTTACCTCCAC-1	1.6235424451259801	1.6034703772193932
HCC-3L|P3|N2	HCC-3L	P3	HCC-3L|ATTGGGAGTTCTGTAA-1	ATTGGGAGTTCTGTAA-1	1.6699780883987039	1.5534890254933207
HCC-3L|P3|N2	HCC-3L	P3	HCC-3L|CAACTCCGTAACTTGC-1	CAACTCCGTAACTTGC-1	1.3584564738241516	1.5569616302946163
HCC-3L|P3|N2	HCC-3L	P3	HCC-3L|CACAAGAAAGATATTA-1	CACAAGAAAGATATTA-1	3.2327005638957824	2.3789837316436686
HCC-3L|P3|N2	HCC-3L	P3	HCC-3L|CACACTTGTATTGCGA-1	CACACTTGTATTGCGA-1	1.6171425105612378	1.6545614802219317
HCC-3L|P3|N2	HCC-3L	P3	HCC-3L|CGAACATAGTCAGAAA-1	CGAACATAGTCAGAAA-1	1.7700871254305062	1.6869215582333386
HCC-3L|P3|N2	HCC-3L	P3	HCC-3L|CGACACCGCTTAAGGA-1	CGACACCGCTTAAGGA-1	1.7994538892858092	1.7245606726527791
HCC-3L|P3|N2	HCC-3L	P3	HCC-3L|GCAGCTATGGACAGGT-1	GCAGCTATGGACAGGT-1	1.867997927285873	1.7763584645795372
HCC-3L|P3|N2	HCC-3L	P3	HCC-3L|GGACGTCCATAGTTGG-1	GGACGTCCATAGTTGG-1	1.3302742037097772	1.5498158305521708
HCC-3L|P3|N2	HCC-3L	P3	HCC-3L|GGCCCAGTTATCAGCA-1	GGCCCAGTTATCAGCA-1	1.7801744986067618	1.5999836220885393
HCC-3L|P3|N2	HCC-3L	P3	HCC-3L|GGGCCTATTTAAGTAT-1	GGGCCTATTTAAGTAT-1	1.658655001068357	1.64809620624597
HCC-3L|P3|N2	HCC-3L	P3	HCC-3L|GTAACAACTGACCTTG-1	GTAACAACTGACCTTG-1	1.7657903026583377	1.6992708176981166
HCC-3L|P3|N2	HCC-3L	P3	HCC-3L|GTCGGAAGGATACCAG-1	GTCGGAAGGATACCAG-1	1.792192099885002	1.626746728893667
HCC-3L|P3|N2	HCC-3L	P3	HCC-3L|GTGTCGTATTCACCTT-1	GTGTCGTATTCACCTT-1	1.8868356735961493	1.7582235007468208
HCC-3L|P3|N2	HCC-3L	P3	HCC-3L|GTTGTTACATTGCGCT-1	GTTGTTACATTGCGCT-1	1.7698987716646057	1.674147147174391
HCC-3L|P3|N2	HCC-3L	P3	HCC-3L|TAAGCCCTTACGACCA-1	TAAGCCCTTACGACCA-1	1.9046594817965976	1.9326425991198029
HCC-3L|P3|N2	HCC-3L	P3	HCC-3L|TCCGAAGTAGTCACCA-1	TCCGAAGTAGTCACCA-1	1.9003523837334664	1.7343415444613548
HCC-3L|P3|N2	HCC-3L	P3	HCC-3L|TGATTATGGCACGCAG-1	TGATTATGGCACGCAG-1	1.5820973736636088	1.7402535917055855
HCC-3L|P3|N3	HCC-3L	P3	HCC-3L|AAAGACATGAAGTTTA-1	AAAGACATGAAGTTTA-1	1.7745732786279789	1.6550106662200539
HCC-3L|P3|N3	HCC-3L	P3	HCC-3L|ACCCTTTAGTTCTCCA-1	ACCCTTTAGTTCTCCA-1	1.9436910008822652	1.7197508303791595
HCC-3L|P3|N3	HCC-3L	P3	HCC-3L|ACGCTTAGTGTCTCTC-1	ACGCTTAGTGTCTCTC-1	2.4287855683197686	2.056977765488641
HCC-3L|P3|N3	HCC-3L	P3	HCC-3L|ACTGATTTAGTGATTC-1	ACTGATTTAGTGATTC-1	1.7467835244885168	1.8465589150212964
HCC-3L|P3|N3	HCC-3L	P3	HCC-3L|AGCGGTTGAGATGTAC-1	AGCGGTTGAGATGTAC-1	1.7854892051214426	1.702006942510007
HCC-3L|P3|N3	HCC-3L	P3	HCC-3L|ATCATCTGCCCAGTGT-1	ATCATCTGCCCAGTGT-1	2.3849019002560725	2.291277262531546
HCC-3L|P3|N3	HCC-3L	P3	HCC-3L|ATCCACGCTAAATGTT-1	ATCCACGCTAAATGTT-1	1.7519973829356275	1.9068968665023494
HCC-3L|P3|N3	HCC-3L	P3	HCC-3L|ATTCAGGATCGCCTCT-1	ATTCAGGATCGCCTCT-1	2.010691144876702	1.825215812581952
HCC-3L|P3|N3	HCC-3L	P3	HCC-3L|CATTGCAAAGCATAAT-1	CATTGCAAAGCATAAT-1	1.9560069759284797	1.9724762003737761
HCC-3L|P3|N3	HCC-3L	P3	HCC-3L|CGGAAATTTCACATCC-1	CGGAAATTTCACATCC-1	2.4078374552881057	2.430067545459541
HCC-3L|P3|N3	HCC-3L	P3	HCC-3L|GCCCATGGGTGCAATG-1	GCCCATGGGTGCAATG-1	1.8345720865249455	1.8006125796871575
HCC-3L|P3|N3	HCC-3L	P3	HCC-3L|GCTGTCTGTGATCGAC-1	GCTGTCTGTGATCGAC-1	1.5768820870261424	1.5628497172189137
HCC-3L|P3|N3	HCC-3L	P3	HCC-3L|GTTATTAAATACGACC-1	GTTATTAAATACGACC-1	2.2931314908179576	2.1441907021720157
HCC-3L|P3|N3	HCC-3L	P3	HCC-3L|GTTCAATCTATGTCAA-1	GTTCAATCTATGTCAA-1	2.3207972113351736	2.2575574973441155
HCC-3L|P3|N3	HCC-3L	P3	HCC-3L|TAGAAACCACTAAGTA-1	TAGAAACCACTAAGTA-1	1.7981939220014798	1.651688727646678
HCC-3L|P3|N3	HCC-3L	P3	HCC-3L|TAGTGGAACTCATACA-1	TAGTGGAACTCATACA-1	3.232721562810985	2.8043185383506337
HCC-3L|P3|N3	HCC-3L	P3	HCC-3L|TATGATAAATCTAACG-1	TATGATAAATCTAACG-1	1.9038621835430596	1.797690332666816
HCC-3L|P3|N3	HCC-3L	P3	HCC-3L|TCCGGCCTGCATCGAT-1	TCCGGCCTGCATCGAT-1	2.420039457324613	2.2174920761325936
HCC-3L|P3|N3	HCC-3L	P3	HCC-3L|TCGTATTTCGTCCGGA-1	TCGTATTTCGTCCGGA-1	3.2327005638957824	2.579047404376146
HCC-3L|P3|N3	HCC-3L	P3	HCC-3L|TGTACGCTATCAGCTT-1	TGTACGCTATCAGCTT-1	1.8750638386409355	1.8550118742024204
HCC-3L|P3|N3	HCC-3L	P3	HCC-3L|TGTGATTCCAGCGCTT-1	TGTGATTCCAGCGCTT-1	1.9823606739841146	2.111400881029633
HCC-3L|P3|N3	HCC-3L	P3	HCC-3L|TTCTTCGCAATAGAGC-1	TTCTTCGCAATAGAGC-1	3.2414372822580195	2.4750189339113735
HCC-3L|P3|N4	HCC-3L	P3	HCC-3L|AAAGCTTGCCTACATA-1	AAAGCTTGCCTACATA-1	1.954797172800436	1.8704853502927556
HCC-3L|P3|N4	HCC-3L	P3	HCC-3L|AGGAGACATCCACAGT-1	AGGAGACATCCACAGT-1	1.86904564278676	1.8322774460308948
HCC-3L|P3|N4	HCC-3L	P3	HCC-3L|AGGATTGCTTACGACA-1	AGGATTGCTTACGACA-1	2.5941052309460866	2.0713942546659894
HCC-3L|P3|N4	HCC-3L	P3	HCC-3L|AGTTTATGTAAAGACA-1	AGTTTATGTAAAGACA-1	1.95761010042559	1.752011497256114
HCC-3L|P3|N4	HCC-3L	P3	HCC-3L|CAACCTGAACCTGCCA-1	CAACCTGAACCTGCCA-1	3.232860637081537	2.7431995035293397
HCC-3L|P3|N4	HCC-3L	P3	HCC-3L|CAATGAGGTTCGACTA-1	CAATGAGGTTCGACTA-1	3.2327005638957824	2.934429309227304
HCC-3L|P3|N4	HCC-3L	P3	HCC-3L|CCACTATCCGGGTCAC-1	CCACTATCCGGGTCAC-1	1.747535593162515	1.770635821801198
HCC-3L|P3|N4	HCC-3L	P3	HCC-3L|CCATTGTTTCCTCCAT-1	CCATTGTTTCCTCCAT-1	1.7487160062882579	1.564126980634209
HCC-3L|P3|N4	HCC-3L	P3	HCC-3L|CGAGGATCGGGAACGA-1	CGAGGATCGGGAACGA-1	2.65579822296428	2.220595637267329
HCC-3L|P3|N4	HCC-3L	P3	HCC-3L|CGCGGTAAGTCTAGCT-1	CGCGGTAAGTCTAGCT-1	2.6548694151556314	2.2157156245226437
HCC-3L|P3|N4	HCC-3L	P3	HCC-3L|CTCATCACTTAGTGAT-1	CTCATCACTTAGTGAT-1	1.8542177938257338	1.5734121504640106
HCC-3L|P3|N4	HCC-3L	P3	HCC-3L|CTGCACCTAGTCCACA-1	CTGCACCTAGTCCACA-1	2.6575930794995632	2.3495557837286647
HCC-3L|P3|N4	HCC-3L	P3	HCC-3L|GAACGATAAGTTAAAG-1	GAACGATAAGTTAAAG-1	1.8744556821258207	1.6867178900632207
HCC-3L|P3|N4	HCC-3L	P3	HCC-3L|TAATAGCTAAATGATG-1	TAATAGCTAAATGATG-1	3.2327005638957824	2.7933691972825234
HCC-3L|P3|N4	HCC-3L	P3	HCC-3L|TCCCGTCGCGTCATAG-1	TCCCGTCGCGTCATAG-1	1.7533339301617463	1.5688578874929173
HCC-3L|P3|N4	HCC-3L	P3	HCC-3L|TCTGACGGGCTAACCC-1	TCTGACGGGCTAACCC-1	2.6075120153105003	2.2042778135219767
HCC-3L|P3|N4	HCC-3L	P3	HCC-3L|TGATGGCTGTTTCTGA-1	TGATGGCTGTTTCTGA-1	1.7296163449258255	1.6106588040488243
HCC-3L|P3|N4	HCC-3L	P3	HCC-3L|TTCTATGCCTTTCGCA-1	TTCTATGCCTTTCGCA-1	2.647070363476894	2.217941781856372
HCC-3L|P3|N5	HCC-3L	P3	HCC-3L|AAAGGTAAGCTGTACC-1	AAAGGTAAGCTGTACC-1	2.767605908373795	2.268424555979605
HCC-3L|P3|N5	HCC-3L	P3	HCC-3L|CAATATGTAGATTTAC-1	CAATATGTAGATTTAC-1	2.382191760055137	2.043142180684418
HCC-3L|P3|N5	HCC-3L	P3	HCC-3L|CACGACGTAATAGTAA-1	CACGACGTAATAGTAA-1	3.234471027305662	2.74643088887664
HCC-3L|P3|N5	HCC-3L	P3	HCC-3L|CATGGAAATGGGACCA-1	CATGGAAATGGGACCA-1	2.3972794683379783	2.177501407502886
HCC-3L|P3|N5	HCC-3L	P3	HCC-3L|CCTACAAGTCCGGAAT-1	CCTACAAGTCCGGAAT-1	2.797953476929915	2.3641219425277944
HCC-3L|P3|N5	HCC-3L	P3	HCC-3L|CGGGTTCGGCACGTAT-1	CGGGTTCGGCACGTAT-1	2.415881338447456	2.0847519300538724
HCC-3L|P3|N5	HCC-3L	P3	HCC-3L|CGGTTTATGAAGGAAC-1	CGGTTTATGAAGGAAC-1	3.2327005638957824	2.862009229418991
HCC-3L|P3|N5	HCC-3L	P3	HCC-3L|CTGGGCTATCCTTTGG-1	CTGGGCTATCCTTTGG-1	1.631137095942281	1.85158107501258
HCC-3L|P3|N5	HCC-3L	P3	HCC-3L|GACTCGGTCGGCGGAT-1	GACTCGGTCGGCGGAT-1	1.729597770491955	1.6560521244282165
HCC-3L|P3|N5	HCC-3L	P3	HCC-3L|GCAAGATGTGTTCGCG-1	GCAAGATGTGTTCGCG-1	1.4672313515639672	1.6850697545947262
HCC-3L|P3|N5	HCC-3L	P3	HCC-3L|GCCTGCTACACTGAGA-1	GCCTGCTACACTGAGA-1	1.7151546536508133	1.669189926092741
HCC-3L|P3|N5	HCC-3L	P3	HCC-3L|GGTGGACCACGTGTTA-1	GGTGGACCACGTGTTA-1	2.347386297921974	2.149715087729162
HCC-3L|P3|N5	HCC-3L	P3	HCC-3L|TAAATGCCGTCTCATG-1	TAAATGCCGTCTCATG-1	2.7241002235463387	2.1516020938383957
HCC-3L|P3|N5	HCC-3L	P3	HCC-3L|TGTATTTACCTAATGC-1	TGTATTTACCTAATGC-1	2.6996985142969807	2.143961362474813
HCC-3L|P3|N5	HCC-3L	P3	HCC-3L|TTATAGTCCAAGGTGC-1	TTATAGTCCAAGGTGC-1	2.376468541980881	1.9311084278052613
HCC-3L|P3|N6	HCC-3L	P3	HCC-3L|AAAGTGTGATTTATCT-1	AAAGTGTGATTTATCT-1	1.7709840025332726	1.9235097977363442
HCC-3L|P3|N6	HCC-3L	P3	HCC-3L|AAAGTTGACTCCCGTA-1	AAAGTTGACTCCCGTA-1	1.875010297381462	1.6805131842916565
HCC-3L|P3|N6	HCC-3L	P3	HCC-3L|AAGGTGATAAACCAGC-1	AAGGTGATAAACCAGC-1	1.815037185240073	1.6960793964472864
HCC-3L|P3|N6	HCC-3L	P3	HCC-3L|ACAAATGGTAGTGTTT-1	ACAAATGGTAGTGTTT-1	1.9699810345396225	1.7508132014829298
HCC-3L|P3|N6	HCC-3L	P3	HCC-3L|ACCCTCCCTTGCTATT-1	ACCCTCCCTTGCTATT-1	1.772387210100148	1.6474128169102102
HCC-3L|P3|N6	HCC-3L	P3	HCC-3L|ACCGGGCCTTTGTTGA-1	ACCGGGCCTTTGTTGA-1	3.2327005638957824	2.497637909168029
HCC-3L|P3|N6	HCC-3L	P3	HCC-3L|ACTGAATGGCGAAAGT-1	ACTGAATGGCGAAAGT-1	3.230906874612794	2.339586690369257
HCC-3L|P3|N6	HCC-3L	P3	HCC-3L|AGCAACATATCTTATT-1	AGCAACATATCTTATT-1	3.154267196390516	2.6970997832000574
HCC-3L|P3|N6	HCC-3L	P3	HCC-3L|AGGACAGTCGAATCCC-1	AGGACAGTCGAATCCC-1	2.0256653248795917	1.9007448857529918
HCC-3L|P3|N6	HCC-3L	P3	HCC-3L|AGGATATAGGGATTTA-1	AGGATATAGGGATTTA-1	1.7517654918718313	1.8896988419762062
HCC-3L|P3|N6	HCC-3L	P3	HCC-3L|AGTGCTTGCACGAATA-1	AGTGCTTGCACGAATA-1	3.1288244524739737	2.4035829220845963
HCC-3L|P3|N6	HCC-3L	P3	HCC-3L|ATGCCATTTGCGACCA-1	ATGCCATTTGCGACCA-1	1.97911911444554	2.009741139174178
HCC-3L|P3|N6	HCC-3L	P3	HCC-3L|ATGGTCGCGTGGTTTC-1	ATGGTCGCGTGGTTTC-1	2.039704851756224	1.9355453472171193
HCC-3L|P3|N6	HCC-3L	P3	HCC-3L|ATTTGTCTTGGGAGCT-1	ATTTGTCTTGGGAGCT-1	3.2327005638957824	2.576405879595244
HCC-3L|P3|N6	HCC-3L	P3	HCC-3L|CAAGTGTGGTTGCAAA-1	CAAGTGTGGTTGCAAA-1	1.7260051203829485	1.7514946090604864
HCC-3L|P3|N6	HCC-3L	P3	HCC-3L|CCTCGGACCGGGATAG-1	CCTCGGACCGGGATAG-1	2.2907232742314427	1.9635356916178686
HCC-3L|P3|N6	HCC-3L	P3	HCC-3L|CGACAATTTGATCTAA-1	CGACAATTTGATCTAA-1	3.2327005638957824	2.5577752787662886
HCC-3L|P3|N6	HCC-3L	P3	HCC-3L|CGACACGCTCCGACAG-1	CGACACGCTCCGACAG-1	1.763061729546175	1.6384615522337285
HCC-3L|P3|N6	HCC-3L	P3	HCC-3L|CGCACATGTCCACTAC-1	CGCACATGTCCACTAC-1	1.7763753336779033	1.5547228751400994
HCC-3L|P3|N6	HCC-3L	P3	HCC-3L|CGCGGCTCAACTTGAA-1	CGCGGCTCAACTTGAA-1	1.8267749753832188	1.7906779146028375
HCC-3L|P3|N6	HCC-3L	P3	HCC-3L|CTCTTCTATTGACTGG-1	CTCTTCTATTGACTGG-1	1.643947554768213	1.7907810836455786
HCC-3L|P3|N6	HCC-3L	P3	HCC-3L|CTGGCTGATTCATCCT-1	CTGGCTGATTCATCCT-1	1.8407315643316753	1.9426867142739082
HCC-3L|P3|N6	HCC-3L	P3	HCC-3L|GAAACAGATGACCACC-1	GAAACAGATGACCACC-1	1.5796861166949487	1.9806452662482585
HCC-3L|P3|N6	HCC-3L	P3	HCC-3L|GAATAGACGCGACCCA-1	GAATAGACGCGACCCA-1	3.2327005638957824	2.9067398272047273
HCC-3L|P3|N6	HCC-3L	P3	HCC-3L|GAGTGTGCGGTACCCA-1	GAGTGTGCGGTACCCA-1	2.019465714238245	1.7988674337400226
HCC-3L|P3|N6	HCC-3L	P3	HCC-3L|GATAACTCGCACTGTG-1	GATAACTCGCACTGTG-1	1.7228033111684165	1.7043565594551442
HCC-3L|P3|N6	HCC-3L	P3	HCC-3L|GCCTCATCTGGAAATA-1	GCCTCATCTGGAAATA-1	1.6855968978917086	1.6909047202513705
HCC-3L|P3|N6	HCC-3L	P3	HCC-3L|GCTTAATGTAACTAAC-1	GCTTAATGTAACTAAC-1	1.735993021287531	1.5640063967132427
HCC-3L|P3|N6	HCC-3L	P3	HCC-3L|GGATGAAGATCGCTGA-1	GGATGAAGATCGCTGA-1	1.982904957296425	2.256533285677376
HCC-3L|P3|N6	HCC-3L	P3	HCC-3L|GGCGAAATCTAACTTG-1	GGCGAAATCTAACTTG-1	2.035646666649683	1.7957831538663576
HCC-3L|P3|N6	HCC-3L	P3	HCC-3L|GGGATTTACCGCACCT-1	GGGATTTACCGCACCT-1	3.134988546159056	2.6978710993506803
HCC-3L|P3|N6	HCC-3L	P3	HCC-3L|GTAAGTAACAGTCTGG-1	GTAAGTAACAGTCTGG-1	2.26465941491797	1.8402057714940998
HCC-3L|P3|N6	HCC-3L	P3	HCC-3L|GTGACCGCACACTACG-1	GTGACCGCACACTACG-1	1.6133223414616118	1.6181419279977736
HCC-3L|P3|N6	HCC-3L	P3	HCC-3L|GTGATCACTAACGCCT-1	GTGATCACTAACGCCT-1	1.734175641140685	1.743990179864288
HCC-3L|P3|N6	HCC-3L	P3	HCC-3L|GTGCCCGTTCGGATTC-1	GTGCCCGTTCGGATTC-1	2.319856529688863	1.8826901664171274
HCC-3L|P3|N6	HCC-3L	P3	HCC-3L|GTGCGTGTATATGAGC-1	GTGCGTGTATATGAGC-1	2.319076388678334	1.9598425889894755
HCC-3L|P3|N6	HCC-3L	P3	HCC-3L|TAAGGCTGAATCCCTC-1	TAAGGCTGAATCCCTC-1	1.882500102199463	1.9540987429528958
HCC-3L|P3|N6	HCC-3L	P3	HCC-3L|TAGCCATTTCAAAGTC-1	TAGCCATTTCAAAGTC-1	1.8116217609582639	1.705470235757967
HCC-3L|P3|N6	HCC-3L	P3	HCC-3L|TAGGTGCTCGCCTAGC-1	TAGGTGCTCGCCTAGC-1	2.3043253706542886	1.9849700276930093
HCC-3L|P3|N6	HCC-3L	P3	HCC-3L|TCCTACATCCACGGCC-1	TCCTACATCCACGGCC-1	1.8734220079790023	1.8454202024764794
HCC-3L|P3|N6	HCC-3L	P3	HCC-3L|TCGAAGAACCGAGCAC-1	TCGAAGAACCGAGCAC-1	1.7740951408535692	1.7647857418553499
HCC-3L|P3|N6	HCC-3L	P3	HCC-3L|TCTAGTGATATCGTGG-1	TCTAGTGATATCGTGG-1	1.77486221577097	1.6643279368268722
HCC-3L|P3|N6	HCC-3L	P3	HCC-3L|TCTTACTTATGCCTCT-1	TCTTACTTATGCCTCT-1	1.7870207537601097	1.7742695109333202
HCC-3L|P3|N6	HCC-3L	P3	HCC-3L|TGAGAGATTTACCACG-1	TGAGAGATTTACCACG-1	3.2327005638957824	3.0646201360520475
HCC-3L|P3|N6	HCC-3L	P3	HCC-3L|TGCAGTTTCCTCCCAT-1	TGCAGTTTCCTCCCAT-1	3.1487713736355993	2.531821604250701
HCC-3L|P3|N6	HCC-3L	P3	HCC-3L|TGCTCCACAGTTCTTA-1	TGCTCCACAGTTCTTA-1	1.780029325514142	1.7896866331106147
HCC-3L|P3|N6	HCC-3L	P3	HCC-3L|TGTATGGCGCAGACAG-1	TGTATGGCGCAGACAG-1	2.000694164894713	2.1681342813895963
HCC-3L|P3|N6	HCC-3L	P3	HCC-3L|TGTTATTGTATGTGGC-1	TGTTATTGTATGTGGC-1	3.2353544607240856	2.6187664364027405
HCC-3L|P3|N6	HCC-3L	P3	HCC-3L|TTAGAGTTTAGAAGGA-1	TTAGAGTTTAGAAGGA-1	1.7793150776384983	1.819923608539053
HCC-3L|P3|N6	HCC-3L	P3	HCC-3L|TTCAGCCCTGGTCCAC-1	TTCAGCCCTGGTCCAC-1	1.796224395154791	1.778521633044205
HCC-3L|P3|N6	HCC-3L	P3	HCC-3L|TTCCGGTTACCCACTT-1	TTCCGGTTACCCACTT-1	1.9226068804250045	1.8817396368067183
HCC-3L|P3|N6	HCC-3L	P3	HCC-3L|TTGACAGGAGCTCCCG-1	TTGACAGGAGCTCCCG-1	1.7889675958078881	1.7193178665934665
HCC-3L|P3|N7	HCC-3L	P3	HCC-3L|AAATGATTCGATCAGC-1	AAATGATTCGATCAGC-1	3.133938382082786	2.8315588721220046
HCC-3L|P3|N7	HCC-3L	P3	HCC-3L|AACCTTTACGACGTCT-1	AACCTTTACGACGTCT-1	2.823205713689684	2.4613294455063706
HCC-3L|P3|N7	HCC-3L	P3	HCC-3L|AAGGTATCCTAATATA-1	AAGGTATCCTAATATA-1	3.0556593733953297	2.240764635669222
HCC-3L|P3|N7	HCC-3L	P3	HCC-3L|AATAGCTACCGCGTGC-1	AATAGCTACCGCGTGC-1	3.12337467093539	2.5486864296987175
HCC-3L|P3|N7	HCC-3L	P3	HCC-3L|AATGATGATACGCTAT-1	AATGATGATACGCTAT-1	1.9811476062433302	1.6303773764257548
HCC-3L|P3|N7	HCC-3L	P3	HCC-3L|AATGCACCAAGCAATG-1	AATGCACCAAGCAATG-1	3.282075768731099	2.7154428060524394
HCC-3L|P3|N7	HCC-3L	P3	HCC-3L|ACAGTATACCGTGGGA-1	ACAGTATACCGTGGGA-1	3.234551988018767	2.705372399708684
HCC-3L|P3|N7	HCC-3L	P3	HCC-3L|ACCAACACCACACACT-1	ACCAACACCACACACT-1	3.283483723385921	3.219575567134994
HCC-3L|P3|N7	HCC-3L	P3	HCC-3L|ACGATACATAGAACTA-1	ACGATACATAGAACTA-1	2.9194830870433184	2.6718696310193444
HCC-3L|P3|N7	HCC-3L	P3	HCC-3L|AGCCACTCCCGTGCTT-1	AGCCACTCCCGTGCTT-1	2.8726626418481183	2.62579958867217
HCC-3L|P3|N7	HCC-3L	P3	HCC-3L|AGCGGTTGCCGCTCTG-1	AGCGGTTGCCGCTCTG-1	1.9586264227788084	1.9144271440134162
HCC-3L|P3|N7	HCC-3L	P3	HCC-3L|AGCTAGAAGCAGAAGT-1	AGCTAGAAGCAGAAGT-1	1.7594333721357982	1.540923957807726
HCC-3L|P3|N7	HCC-3L	P3	HCC-3L|AGCTGAAGTAAACCAA-1	AGCTGAAGTAAACCAA-1	2.241405284983282	2.3592067751087007
HCC-3L|P3|N7	HCC-3L	P3	HCC-3L|AGGACGCTCGATGTTG-1	AGGACGCTCGATGTTG-1	2.1484840900372815	1.8920465943481686
HCC-3L|P3|N7	HCC-3L	P3	HCC-3L|AGTCCCGCCTTTAATT-1	AGTCCCGCCTTTAATT-1	2.8197665470541553	2.464315819028748
HCC-3L|P3|N7	HCC-3L	P3	HCC-3L|AGTGTATTGCGCATTG-1	AGTGTATTGCGCATTG-1	2.8194677369592163	2.5005397046621
HCC-3L|P3|N7	HCC-3L	P3	HCC-3L|ATACGGGTTTCGATTG-1	ATACGGGTTTCGATTG-1	2.063250040972927	2.292239536458947
HCC-3L|P3|N7	HCC-3L	P3	HCC-3L|ATATCTCCCTCGTTAA-1	ATATCTCCCTCGTTAA-1	2.1882115555402657	2.035433200587153
HCC-3L|P3|N7	HCC-3L	P3	HCC-3L|ATCACATTAGAATATC-1	ATCACATTAGAATATC-1	3.2327005638957824	2.625879037977166
HCC-3L|P3|N7	HCC-3L	P3	HCC-3L|ATCAGTAGGCAGGGAT-1	ATCAGTAGGCAGGGAT-1	1.9580706627569782	1.8916409049555853
HCC-3L|P3|N7	HCC-3L	P3	HCC-3L|ATCGCTGCGTGCAGCA-1	ATCGCTGCGTGCAGCA-1	2.0275290234235643	1.6657924245562254
HCC-3L|P3|N7	HCC-3L	P3	HCC-3L|ATCGGCAAGCAGTCCA-1	ATCGGCAAGCAGTCCA-1	2.126393461354764	2.0090368955024562
HCC-3L|P3|N7	HCC-3L	P3	HCC-3L|ATGCCGGTTGATGGGA-1	ATGCCGGTTGATGGGA-1	1.9790175322242132	1.819216443008839
HCC-3L|P3|N7	HCC-3L	P3	HCC-3L|ATTAATGAACCAGTCG-1	ATTAATGAACCAGTCG-1	3.1613886914472293	2.5359380002212237
HCC-3L|P3|N7	HCC-3L	P3	HCC-3L|ATTACGACTCCACAGT-1	ATTACGACTCCACAGT-1	3.2327005638957824	2.701147088076391
HCC-3L|P3|N7	HCC-3L	P3	HCC-3L|ATTACTTACTGGGCAT-1	ATTACTTACTGGGCAT-1	1.8542713186124729	1.9437100042102373
HCC-3L|P3|N7	HCC-3L	P3	HCC-3L|ATTCAGGACCTATTTC-1	ATTCAGGACCTATTTC-1	2.143038607658168	1.878735024666427
HCC-3L|P3|N7	HCC-3L	P3	HCC-3L|ATTGACCGGCGATGAC-1	ATTGACCGGCGATGAC-1	1.99353069768866	2.0326443685354083
HCC-3L|P3|N7	HCC-3L	P3	HCC-3L|CACCCACGAGGCAATT-1	CACCCACGAGGCAATT-1	3.2327240370755472	2.720233987268257
HCC-3L|P3|N7	HCC-3L	P3	HCC-3L|CACCTTGCGAAACTCG-1	CACCTTGCGAAACTCG-1	2.01891617389734	1.8483866006386136
HCC-3L|P3|N7	HCC-3L	P3	HCC-3L|CAGATCATTTAAAGTC-1	CAGATCATTTAAAGTC-1	1.965945190022819	2.12839720879365
HCC-3L|P3|N7	HCC-3L	P3	HCC-3L|CAGCCTCTCCTCAAGA-1	CAGCCTCTCCTCAAGA-1	2.7575048197756704	2.3039982338546703
HCC-3L|P3|N7	HCC-3L	P3	HCC-3L|CAGTGAATAAATGACT-1	CAGTGAATAAATGACT-1	2.830861507860399	2.0924498800452818
HCC-3L|P3|N7	HCC-3L	P3	HCC-3L|CATGGGTCGGGTGTGG-1	CATGGGTCGGGTGTGG-1	2.242575626335977	2.3784866645069354
HCC-3L|P3|N7	HCC-3L	P3	HCC-3L|CCAATTACGGGTCGAG-1	CCAATTACGGGTCGAG-1	1.7580327846118065	1.573033014790143
HCC-3L|P3|N7	HCC-3L	P3	HCC-3L|CCAGATGTAAATGGGT-1	CCAGATGTAAATGGGT-1	1.9658998095021338	2.1600653590863397
HCC-3L|P3|N7	HCC-3L	P3	HCC-3L|CCGGAGGTCTTATGGT-1	CCGGAGGTCTTATGGT-1	1.9440034078392896	2.0366932945135385
HCC-3L|P3|N7	HCC-3L	P3	HCC-3L|CCGTTACGTTAGAACA-1	CCGTTACGTTAGAACA-1	2.1562589251530038	2.1884609553368253
HCC-3L|P3|N7	HCC-3L	P3	HCC-3L|CCTAACTAAGGCTCTA-1	CCTAACTAAGGCTCTA-1	2.098089629956298	2.223900671764214
HCC-3L|P3|N7	HCC-3L	P3	HCC-3L|CCTCGCGCGATATAGG-1	CCTCGCGCGATATAGG-1	1.7484536278304357	1.8198164417381248
HCC-3L|P3|N7	HCC-3L	P3	HCC-3L|CGATGGACCCTACGCC-1	CGATGGACCCTACGCC-1	1.9005474458070089	1.702706296374815
HCC-3L|P3|N7	HCC-3L	P3	HCC-3L|CGCCATCCGATTATGA-1	CGCCATCCGATTATGA-1	2.8732580808295682	2.1960664950380493
HCC-3L|P3|N7	HCC-3L	P3	HCC-3L|CGGTAGAGGTGCAGGT-1	CGGTAGAGGTGCAGGT-1	2.039347668331937	1.9215832955776535
HCC-3L|P3|N7	HCC-3L	P3	HCC-3L|CGGTCCATGAGACTCC-1	CGGTCCATGAGACTCC-1	1.834321512794624	1.8465343379109465
HCC-3L|P3|N7	HCC-3L	P3	HCC-3L|CGTTCTTCGCACACCT-1	CGTTCTTCGCACACCT-1	3.1640249653772132	2.423565118380051
HCC-3L|P3|N7	HCC-3L	P3	HCC-3L|CTAGCCGATGTTATGA-1	CTAGCCGATGTTATGA-1	1.9292251645471228	2.053511299391932
HCC-3L|P3|N7	HCC-3L	P3	HCC-3L|CTCACACGCAAGCCTA-1	CTCACACGCAAGCCTA-1	1.982173155770646	1.9213476129051783
HCC-3L|P3|N7	HCC-3L	P3	HCC-3L|CTCCTTTACGCAAGTC-1	CTCCTTTACGCAAGTC-1	1.989773340573863	1.7680391306378231
HCC-3L|P3|N7	HCC-3L	P3	HCC-3L|CTCGTTTCTAATGTTT-1	CTCGTTTCTAATGTTT-1	1.9359786458647947	1.9893298901723093
HCC-3L|P3|N7	HCC-3L	P3	HCC-3L|CTGAATTTATTGCCAG-1	CTGAATTTATTGCCAG-1	1.7930405776778044	1.8142463517250582
HCC-3L|P3|N7	HCC-3L	P3	HCC-3L|CTGCTTTATGTCCGCG-1	CTGCTTTATGTCCGCG-1	3.1985810653649835	2.743181986536084
HCC-3L|P3|N7	HCC-3L	P3	HCC-3L|CTGTCAAATGGCTCGG-1	CTGTCAAATGGCTCGG-1	3.2327005638957824	2.5620189211069593
HCC-3L|P3|N7	HCC-3L	P3	HCC-3L|CTTAGCCTTCCACATG-1	CTTAGCCTTCCACATG-1	2.765471268378805	2.192063563924919
HCC-3L|P3|N7	HCC-3L	P3	HCC-3L|CTTGTGCTCACCGATT-1	CTTGTGCTCACCGATT-1	3.2327217113761115	2.5868507607347055
HCC-3L|P3|N7	HCC-3L	P3	HCC-3L|GAAATTAGCACGGATA-1	GAAATTAGCACGGATA-1	2.175206801128631	2.1285624272229358
HCC-3L|P3|N7	HCC-3L	P3	HCC-3L|GAGCTGTCGTCTCGGA-1	GAGCTGTCGTCTCGGA-1	3.188531082178338	2.575189980350139
HCC-3L|P3|N7	HCC-3L	P3	HCC-3L|GAGGGCCATAATATTA-1	GAGGGCCATAATATTA-1	1.8478190063452087	1.6663621579849845
HCC-3L|P3|N7	HCC-3L	P3	HCC-3L|GATGACGATGATCGCG-1	GATGACGATGATCGCG-1	1.9697038797482935	2.121082976880575
HCC-3L|P3|N7	HCC-3L	P3	HCC-3L|GCCAGGAGTAACCGAT-1	GCCAGGAGTAACCGAT-1	2.043147959968127	1.9867810296721518
HCC-3L|P3|N7	HCC-3L	P3	HCC-3L|GCCTATGCTGGGCCTT-1	GCCTATGCTGGGCCTT-1	2.019904389167358	1.777997627929295
HCC-3L|P3|N7	HCC-3L	P3	HCC-3L|GCGGTGAACTGCGCTC-1	GCGGTGAACTGCGCTC-1	1.7847065661211619	1.8905395605392874
HCC-3L|P3|N7	HCC-3L	P3	HCC-3L|GCTCGGAATTTAAAGC-1	GCTCGGAATTTAAAGC-1	2.1838937712809185	2.336391984363805
HCC-3L|P3|N7	HCC-3L	P3	HCC-3L|GCTTGCAGCACAATTG-1	GCTTGCAGCACAATTG-1	2.0590136699566677	2.210976670435588
HCC-3L|P3|N7	HCC-3L	P3	HCC-3L|GGAAAGTGCCCATGCC-1	GGAAAGTGCCCATGCC-1	1.9302594623278808	1.9205833792462919
HCC-3L|P3|N7	HCC-3L	P3	HCC-3L|GGAGCACCAAGAACTA-1	GGAGCACCAAGAACTA-1	2.804432573837176	2.0047080801979185
HCC-3L|P3|N7	HCC-3L	P3	HCC-3L|GGATTCCGCTATACCC-1	GGATTCCGCTATACCC-1	1.972968564545252	1.7579333987189514
HCC-3L|P3|N7	HCC-3L	P3	HCC-3L|GGCTAAAGGGCGGGTC-1	GGCTAAAGGGCGGGTC-1	2.112545411763347	1.8660667380090068
HCC-3L|P3|N7	HCC-3L	P3	HCC-3L|GGGATCCCAATACAAA-1	GGGATCCCAATACAAA-1	2.0400682631095433	2.0483670162689167
HCC-3L|P3|N7	HCC-3L	P3	HCC-3L|GTCGTATTGGCGTACA-1	GTCGTATTGGCGTACA-1	2.187190688300485	2.040078993979227
HCC-3L|P3|N7	HCC-3L	P3	HCC-3L|GTCTCGATCTGCTTTC-1	GTCTCGATCTGCTTTC-1	2.002319562996887	2.0359567678077672
HCC-3L|P3|N7	HCC-3L	P3	HCC-3L|GTGAAGATTTCAAGTG-1	GTGAAGATTTCAAGTG-1	1.80171559389621	1.6562836515351274
HCC-3L|P3|N7	HCC-3L	P3	HCC-3L|GTGAAGCCGTATAGTC-1	GTGAAGCCGTATAGTC-1	1.7776249981680072	1.8950050136566128
HCC-3L|P3|N7	HCC-3L	P3	HCC-3L|GTTGGACCGCATCAGG-1	GTTGGACCGCATCAGG-1	1.9734095302343548	2.0475397631805916
HCC-3L|P3|N7	HCC-3L	P3	HCC-3L|GTTGGATTCAGTGGCT-1	GTTGGATTCAGTGGCT-1	2.807706086235974	2.4611159874789226
HCC-3L|P3|N7	HCC-3L	P3	HCC-3L|TAAAGCTGCAATAGGG-1	TAAAGCTGCAATAGGG-1	1.8229016198750017	1.9109681762246336
HCC-3L|P3|N7	HCC-3L	P3	HCC-3L|TAATAAACAAGGAGAT-1	TAATAAACAAGGAGAT-1	1.7442612020318788	1.6782893823112792
HCC-3L|P3|N7	HCC-3L	P3	HCC-3L|TACGGGATGCTAGCAG-1	TACGGGATGCTAGCAG-1	1.9763300614930912	2.1470091435446674
HCC-3L|P3|N7	HCC-3L	P3	HCC-3L|TACTCTCCGAACAAAT-1	TACTCTCCGAACAAAT-1	1.942304066108573	2.132364004522501
HCC-3L|P3|N7	HCC-3L	P3	HCC-3L|TACTGCAATCAATTAC-1	TACTGCAATCAATTAC-1	3.2298478571328535	2.548788658779036
HCC-3L|P3|N7	HCC-3L	P3	HCC-3L|TAGGCATGTTACGCCA-1	TAGGCATGTTACGCCA-1	2.1857622931210106	2.283407486838737
HCC-3L|P3|N7	HCC-3L	P3	HCC-3L|TAGTCTGTGACGTTGC-1	TAGTCTGTGACGTTGC-1	1.8777215147135726	1.8389295683735836
HCC-3L|P3|N7	HCC-3L	P3	HCC-3L|TATCGATCTATGCATA-1	TATCGATCTATGCATA-1	1.9742753111540834	1.925432838119201
HCC-3L|P3|N7	HCC-3L	P3	HCC-3L|TATGTCAAGACCGACT-1	TATGTCAAGACCGACT-1	2.0600751376906903	1.9522647156248993
HCC-3L|P3|N7	HCC-3L	P3	HCC-3L|TCACTCGTGCAACGGC-1	TCACTCGTGCAACGGC-1	2.8303584029205497	2.1904064489588104
HCC-3L|P3|N7	HCC-3L	P3	HCC-3L|TCCCAAACAGACAACG-1	TCCCAAACAGACAACG-1	3.279699492481775	2.832169057527191
HCC-3L|P3|N7	HCC-3L	P3	HCC-3L|TCTTACCGGAACTCGT-1	TCTTACCGGAACTCGT-1	3.232965570082444	2.4698440119946734
HCC-3L|P3|N7	HCC-3L	P3	HCC-3L|TGAGATTAGGCCCTAA-1	TGAGATTAGGCCCTAA-1	3.2327005638957824	3.0211843908341622
HCC-3L|P3|N7	HCC-3L	P3	HCC-3L|TGAGCTTTAATGACGC-1	TGAGCTTTAATGACGC-1	2.198701770380103	2.0643489411288867
HCC-3L|P3|N7	HCC-3L	P3	HCC-3L|TGCCATTACTAAAGAA-1	TGCCATTACTAAAGAA-1	2.219310462373164	2.3497972693989233
HCC-3L|P3|N7	HCC-3L	P3	HCC-3L|TGGCAACTCGCGCGCC-1	TGGCAACTCGCGCGCC-1	3.232722598861361	2.6800186433491913
HCC-3L|P3|N7	HCC-3L	P3	HCC-3L|TGTACTACTCTCACGG-1	TGTACTACTCTCACGG-1	1.9470494507956984	1.8446921911968555
HCC-3L|P3|N7	HCC-3L	P3	HCC-3L|TGTCATTTGTTGGGAA-1	TGTCATTTGTTGGGAA-1	3.125554299365693	2.948545722042817
HCC-3L|P3|N7	HCC-3L	P3	HCC-3L|TTACTGTCTAGAGCTC-1	TTACTGTCTAGAGCTC-1	3.232725163821206	2.6142116310417816
HCC-3L|P3|N7	HCC-3L	P3	HCC-3L|TTAGTTCAAGTGTTCG-1	TTAGTTCAAGTGTTCG-1	2.065091499966919	1.7885062003250463
HCC-3L|P3|N7	HCC-3L	P3	HCC-3L|TTCCAATCAGAGCTAG-1	TTCCAATCAGAGCTAG-1	1.8782928823907865	1.58033032135042
HCC-3L|P3|N7	HCC-3L	P3	HCC-3L|TTCCGCAGAGAAATAT-1	TTCCGCAGAGAAATAT-1	1.807464524917137	1.6533047410152384
HCC-3L|P3|N7	HCC-3L	P3	HCC-3L|TTCTTGGAGTAATGAG-1	TTCTTGGAGTAATGAG-1	1.740460341216568	1.8258707364500497
HCC-3L|P3|N8	HCC-3L	P3	HCC-3L|AAATTCCAGGTCCAAA-1	AAATTCCAGGTCCAAA-1	1.7287751159039075	1.7516087038710264
HCC-3L|P3|N8	HCC-3L	P3	HCC-3L|AACCTGTCACGGAATT-1	AACCTGTCACGGAATT-1	1.9659644414550124	1.9354315398813489
HCC-3L|P3|N8	HCC-3L	P3	HCC-3L|ACATGGCGCCAAAGTA-1	ACATGGCGCCAAAGTA-1	1.7769664443533366	1.639584590534347
HCC-3L|P3|N8	HCC-3L	P3	HCC-3L|ACCCGGATGACGCATC-1	ACCCGGATGACGCATC-1	3.232724724811624	2.6087971637418956
HCC-3L|P3|N8	HCC-3L	P3	HCC-3L|ACCTCCGTTATTCACC-1	ACCTCCGTTATTCACC-1	1.8091121542970647	1.7888224533923092
HCC-3L|P3|N8	HCC-3L	P3	HCC-3L|ACGATCATCTTGTAAA-1	ACGATCATCTTGTAAA-1	1.9262801085878205	1.8566965182059356
HCC-3L|P3|N8	HCC-3L	P3	HCC-3L|ACGTTCGCAATCAATT-1	ACGTTCGCAATCAATT-1	1.7924268193908506	1.7863274763945063
HCC-3L|P3|N8	HCC-3L	P3	HCC-3L|ACTCCCGAATTCGTTT-1	ACTCCCGAATTCGTTT-1	1.7153229966594803	1.610472195221962
HCC-3L|P3|N8	HCC-3L	P3	HCC-3L|ACTGCGGACACACCGT-1	ACTGCGGACACACCGT-1	1.6050188210010798	1.7278202958975575
HCC-3L|P3|N8	HCC-3L	P3	HCC-3L|ACTTTACCCTCATGAA-1	ACTTTACCCTCATGAA-1	3.2327005638957824	2.5064622091839217
HCC-3L|P3|N8	HCC-3L	P3	HCC-3L|AGGGTCGATGCGAACT-1	AGGGTCGATGCGAACT-1	2.384923613396104	2.4341321106467397
HCC-3L|P3|N8	HCC-3L	P3	HCC-3L|ATAGTTCCACCCACTC-1	ATAGTTCCACCCACTC-1	1.974207666299036	1.9848028128326027
HCC-3L|P3|N8	HCC-3L	P3	HCC-3L|ATATCAACCTACAGAG-1	ATATCAACCTACAGAG-1	1.7554665385010004	1.6150367279882913
HCC-3L|P3|N8	HCC-3L	P3	HCC-3L|ATGTAAGGCTGCTCTT-1	ATGTAAGGCTGCTCTT-1	1.8579685267024661	1.6708856173516873
HCC-3L|P3|N8	HCC-3L	P3	HCC-3L|ATTATAGCTACTTTAC-1	ATTATAGCTACTTTAC-1	1.686588070703657	1.72076215928412
HCC-3L|P3|N8	HCC-3L	P3	HCC-3L|ATTGTACAACTCGGCT-1	ATTGTACAACTCGGCT-1	1.9316165261519844	1.9794081532064882
HCC-3L|P3|N8	HCC-3L	P3	HCC-3L|CAAGGTCCTATAGGCT-1	CAAGGTCCTATAGGCT-1	1.8285102104741133	1.661293489053453
HCC-3L|P3|N8	HCC-3L	P3	HCC-3L|CAATGTGCCAACCCTT-1	CAATGTGCCAACCCTT-1	1.9544490915803145	1.6088351814126884
HCC-3L|P3|N8	HCC-3L	P3	HCC-3L|CACCCAAATCTTATGT-1	CACCCAAATCTTATGT-1	1.8880211099895714	1.6970614799864236
HCC-3L|P3|N8	HCC-3L	P3	HCC-3L|CATCTTACACCACCTC-1	CATCTTACACCACCTC-1	2.4470869414163605	2.284278502801458
HCC-3L|P3|N8	HCC-3L	P3	HCC-3L|CCATCTCACCAGTGAA-1	CCATCTCACCAGTGAA-1	3.2327005638957824	2.6826478603277892
HCC-3L|P3|N8	HCC-3L	P3	HCC-3L|CCGATCTCAACCTTAT-1	CCGATCTCAACCTTAT-1	1.8410055779012966	1.8843517549808344
HCC-3L|P3|N8	HCC-3L	P3	HCC-3L|CGACTTTGTATAGCCT-1	CGACTTTGTATAGCCT-1	1.8351262687731655	1.9340774047930935
HCC-3L|P3|N8	HCC-3L	P3	HCC-3L|CGAGTTTATCGGACTG-1	CGAGTTTATCGGACTG-1	1.8500527572326602	1.6833804168828836
HCC-3L|P3|N8	HCC-3L	P3	HCC-3L|CGCACGTGCGCTATCA-1	CGCACGTGCGCTATCA-1	2.3565227282848578	1.879091404339484
HCC-3L|P3|N8	HCC-3L	P3	HCC-3L|CTAGATGTGAGTGTAA-1	CTAGATGTGAGTGTAA-1	1.7894323018153777	1.6357454215890863
HCC-3L|P3|N8	HCC-3L	P3	HCC-3L|CTAGGTCTGAAGGAAT-1	CTAGGTCTGAAGGAAT-1	3.2327005638957824	2.536233784499567
HCC-3L|P3|N8	HCC-3L	P3	HCC-3L|CTGGGATACGCTACCC-1	CTGGGATACGCTACCC-1	3.2327005638957824	2.5355030696852645
HCC-3L|P3|N8	HCC-3L	P3	HCC-3L|GAAAGAACAGCGTTAT-1	GAAAGAACAGCGTTAT-1	1.7807903224288248	1.9368229015568086
HCC-3L|P3|N8	HCC-3L	P3	HCC-3L|GATATTGAGATTGGCG-1	GATATTGAGATTGGCG-1	1.7405678392665578	1.584275843406547
HCC-3L|P3|N8	HCC-3L	P3	HCC-3L|GCAGACCCAGCACGTA-1	GCAGACCCAGCACGTA-1	3.2327005638957824	2.4002044138516805
HCC-3L|P3|N8	HCC-3L	P3	HCC-3L|GCATTTCCAAGGCTCC-1	GCATTTCCAAGGCTCC-1	3.232736210359866	2.524335947979394
HCC-3L|P3|N8	HCC-3L	P3	HCC-3L|GCCATCGATGCTGCAT-1	GCCATCGATGCTGCAT-1	1.7724701339558702	1.782506628603759
HCC-3L|P3|N8	HCC-3L	P3	HCC-3L|GCGAGAGTTGCGTCCA-1	GCGAGAGTTGCGTCCA-1	1.6868120705084824	1.746087729221248
HCC-3L|P3|N8	HCC-3L	P3	HCC-3L|GCGTAAATGGCCATAA-1	GCGTAAATGGCCATAA-1	1.644444901980724	1.71069782829706
HCC-3L|P3|N8	HCC-3L	P3	HCC-3L|GGTATAGTGACACATA-1	GGTATAGTGACACATA-1	1.8830856395187026	1.9374738800321465
HCC-3L|P3|N8	HCC-3L	P3	HCC-3L|GGTTCTACTCGTCTGA-1	GGTTCTACTCGTCTGA-1	1.8797502813810787	1.5463109076661579
HCC-3L|P3|N8	HCC-3L	P3	HCC-3L|GTCTTGAGGAGCAGTG-1	GTCTTGAGGAGCAGTG-1	1.964603090292835	1.7333436306803567
HCC-3L|P3|N8	HCC-3L	P3	HCC-3L|GTGGTTACTTCTTTCG-1	GTGGTTACTTCTTTCG-1	1.769916843155069	1.619715691405917
HCC-3L|P3|N8	HCC-3L	P3	HCC-3L|GTTAAGTTAGAGTGGG-1	GTTAAGTTAGAGTGGG-1	1.8925538893936664	1.8478296840279549
HCC-3L|P3|N8	HCC-3L	P3	HCC-3L|GTTCATCGTTTGGCTG-1	GTTCATCGTTTGGCTG-1	1.8721126879884573	1.8009856247950793
HCC-3L|P3|N8	HCC-3L	P3	HCC-3L|GTTCGGGCGTACCATT-1	GTTCGGGCGTACCATT-1	1.9169688706330863	1.9572448323836222
HCC-3L|P3|N8	HCC-3L	P3	HCC-3L|TACGCTATAGAAACCT-1	TACGCTATAGAAACCT-1	1.7402852493642023	1.648494767623184
HCC-3L|P3|N8	HCC-3L	P3	HCC-3L|TAGACTACCTAGCGTT-1	TAGACTACCTAGCGTT-1	1.827472428923817	1.8115511543778078
HCC-3L|P3|N8	HCC-3L	P3	HCC-3L|TAGGGAGCTTGGGATG-1	TAGGGAGCTTGGGATG-1	1.769641882414015	1.8045181930579828
HCC-3L|P3|N8	HCC-3L	P3	HCC-3L|TATAGATGGTCGCAGT-1	TATAGATGGTCGCAGT-1	1.8901586236525298	1.793360724952194
HCC-3L|P3|N8	HCC-3L	P3	HCC-3L|TATATCCCTGGGAGGA-1	TATATCCCTGGGAGGA-1	1.8323680762959615	1.7398536831885092
HCC-3L|P3|N8	HCC-3L	P3	HCC-3L|TATTACCATCCTGCTT-1	TATTACCATCCTGCTT-1	2.339290853599495	2.2002620175557235
HCC-3L|P3|N8	HCC-3L	P3	HCC-3L|TATTGACATTTCTGCC-1	TATTGACATTTCTGCC-1	1.874608682550312	1.9408419044292642
HCC-3L|P3|N8	HCC-3L	P3	HCC-3L|TCCCACTCTCTTCCGG-1	TCCCACTCTCTTCCGG-1	1.7202096578877912	1.6097065572512665
HCC-3L|P3|N8	HCC-3L	P3	HCC-3L|TCTGATCGGGTGCTAG-1	TCTGATCGGGTGCTAG-1	1.888212917810746	1.7508754676309035
HCC-3L|P3|N8	HCC-3L	P3	HCC-3L|TCTTTAGCAGGCGAAC-1	TCTTTAGCAGGCGAAC-1	3.2327005638957824	2.511845309443219
HCC-3L|P3|N8	HCC-3L	P3	HCC-3L|TGACATCGAGCGGACC-1	TGACATCGAGCGGACC-1	1.7314667477478523	1.6054728064158041
HCC-3L|P3|N8	HCC-3L	P3	HCC-3L|TGACGATGCACTAGAA-1	TGACGATGCACTAGAA-1	3.2789553297626406	2.6453954308729664
HCC-3L|P3|N8	HCC-3L	P3	HCC-3L|TTAGCTGATTTGCCGT-1	TTAGCTGATTTGCCGT-1	1.8969222072215444	1.8330024999116543
HCC-3L|P3|N8	HCC-3L	P3	HCC-3L|TTGAGCGCCACGTGAT-1	TTGAGCGCCACGTGAT-1	1.6472441191255702	1.7780941304335214
HCC-3L|P3|N8	HCC-3L	P3	HCC-3L|TTGGTATGGCTTGTGT-1	TTGGTATGGCTTGTGT-1	1.6846699034566084	1.582541827800472
HCC-3L|P3|N21	HCC-3L	P3	HCC-3L|ACCGATATTTAATCAT-1	ACCGATATTTAATCAT-1	1.897969907237672	1.7965373017089865
HCC-3L|P3|N21	HCC-3L	P3	HCC-3L|ACGACCCATGAGTTGC-1	ACGACCCATGAGTTGC-1	1.7552455250031846	1.5506910888655037
HCC-3L|P3|N21	HCC-3L	P3	HCC-3L|ACTTTGTCGACGCACT-1	ACTTTGTCGACGCACT-1	2.755332263680937	2.2956531628182653
HCC-3L|P3|N21	HCC-3L	P3	HCC-3L|CCACATACTGCACCCA-1	CCACATACTGCACCCA-1	1.7943514504669598	1.5966072204449375
HCC-3L|P3|N21	HCC-3L	P3	HCC-3L|CCAGGCTGGCGTCTGA-1	CCAGGCTGGCGTCTGA-1	3.2327005638957824	2.7904193210030837
HCC-3L|P3|N21	HCC-3L	P3	HCC-3L|CGGTCAGTCCATATTT-1	CGGTCAGTCCATATTT-1	2.7962998409930084	2.367731691215167
HCC-3L|P3|N21	HCC-3L	P3	HCC-3L|GAGTATCAAAGTTACA-1	GAGTATCAAAGTTACA-1	2.8067790687935323	2.217459246353719
HCC-3L|P3|N21	HCC-3L	P3	HCC-3L|GCAGTGCGGGCGGATG-1	GCAGTGCGGGCGGATG-1	2.7882609732509054	2.2032022136119687
HCC-3L|P3|N21	HCC-3L	P3	HCC-3L|GCGTTCTGACTAAGCG-1	GCGTTCTGACTAAGCG-1	1.6523707595963706	2.3039224992141167
HCC-3L|P3|N21	HCC-3L	P3	HCC-3L|GCTCCATGAGTGCAGA-1	GCTCCATGAGTGCAGA-1	3.281861902251675	2.723890089176631
HCC-3L|P3|N21	HCC-3L	P3	HCC-3L|GGCACTCAGCCGACCC-1	GGCACTCAGCCGACCC-1	2.7913788179483614	2.172729097147094
HCC-3L|P3|N21	HCC-3L	P3	HCC-3L|GTATTTAATGGCATAA-1	GTATTTAATGGCATAA-1	1.781243391090438	1.6185429886034275
HCC-3L|P3|N21	HCC-3L	P3	HCC-3L|GTTGCGGACGGTCAGG-1	GTTGCGGACGGTCAGG-1	3.2327005638957824	2.5397184957531187
HCC-3L|P3|N21	HCC-3L	P3	HCC-3L|TATTTGATTTGCACAG-1	TATTTGATTTGCACAG-1	1.9076745508627415	1.6866689323753707
HCC-3L|P3|N21	HCC-3L	P3	HCC-3L|TCCCAGCACACGACAT-1	TCCCAGCACACGACAT-1	2.892463315997899	2.465673027378849
HCC-3L|P3|N21	HCC-3L	P3	HCC-3L|TCGAGGGCAACAGACG-1	TCGAGGGCAACAGACG-1	1.7788455715666427	1.5538486632517456
HCC-3L|P3|N21	HCC-3L	P3	HCC-3L|TGAGCTCAACTGTATA-1	TGAGCTCAACTGTATA-1	2.798326196798622	2.219847448533074
HCC-3L|P3|N21	HCC-3L	P3	HCC-3L|TTATTATCTGGAAGGC-1	TTATTATCTGGAAGGC-1	2.7750864322688593	2.3108853281696558
HCC-3L|P3|N24	HCC-3L	P3	HCC-3L|ACGCTAGTGATACACT-1	ACGCTAGTGATACACT-1	1.6409941258091207	1.6339989384440594
HCC-3L|P3|N24	HCC-3L	P3	HCC-3L|ATAGACAACGGGACCT-1	ATAGACAACGGGACCT-1	3.2327005638957824	2.733543783326277
HCC-3L|P3|N24	HCC-3L	P3	HCC-3L|ATAGAGTTATCAACTT-1	ATAGAGTTATCAACTT-1	1.8473031019957231	2.0033850915805553
HCC-3L|P3|N24	HCC-3L	P3	HCC-3L|ATCTGCACCTCTGCGA-1	ATCTGCACCTCTGCGA-1	1.7283264512632583	1.5638569876985153
HCC-3L|P3|N24	HCC-3L	P3	HCC-3L|CAGCTCGACAAGTTAA-1	CAGCTCGACAAGTTAA-1	1.889119196835207	1.6500884634532753
HCC-3L|P3|N24	HCC-3L	P3	HCC-3L|CCAGTAGTCTGATCCA-1	CCAGTAGTCTGATCCA-1	1.5525052645680837	1.6007383241781652
HCC-3L|P3|N24	HCC-3L	P3	HCC-3L|CTAACGAAACTTGCTG-1	CTAACGAAACTTGCTG-1	2.984250723618776	2.581563744013108
HCC-3L|P3|N24	HCC-3L	P3	HCC-3L|CTACTATCTTTCAGAG-1	CTACTATCTTTCAGAG-1	3.1181597918987665	2.9060014666923486
HCC-3L|P3|N24	HCC-3L	P3	HCC-3L|CTGGTAACGAGCTCTT-1	CTGGTAACGAGCTCTT-1	3.0500192026664545	2.574449255364076
HCC-3L|P3|N24	HCC-3L	P3	HCC-3L|GACTCGCGGGAATGAC-1	GACTCGCGGGAATGAC-1	3.0366275426514266	2.6023930334371745
HCC-3L|P3|N24	HCC-3L	P3	HCC-3L|GATCCTAAATCGGGAC-1	GATCCTAAATCGGGAC-1	1.6679460040655847	1.8034926897494272
HCC-3L|P3|N24	HCC-3L	P3	HCC-3L|GCCTATAGTGTCAGGG-1	GCCTATAGTGTCAGGG-1	1.8697597344946353	1.787591873542815
HCC-3L|P3|N24	HCC-3L	P3	HCC-3L|GCGCATCCAGTCAGCA-1	GCGCATCCAGTCAGCA-1	3.2327005638957824	3.146054859754544
HCC-3L|P3|N24	HCC-3L	P3	HCC-3L|GCGCTGCTTTGCATTT-1	GCGCTGCTTTGCATTT-1	3.1294749267482125	2.9093572607410287
HCC-3L|P3|N24	HCC-3L	P3	HCC-3L|TACTTTACTGAGCCGG-1	TACTTTACTGAGCCGG-1	3.037922746096194	2.467617803616144
HCC-3L|P3|N24	HCC-3L	P3	HCC-3L|TCACCGCTCGGCACTC-1	TCACCGCTCGGCACTC-1	1.7141723362623937	1.706005203037439
HCC-3L|P3|N24	HCC-3L	P3	HCC-3L|TCCGGCCTAGCGTACA-1	TCCGGCCTAGCGTACA-1	1.7591493792351673	1.76076843900821
HCC-3L|P3|N24	HCC-3L	P3	HCC-3L|TTAAACTCGAATTCAT-1	TTAAACTCGAATTCAT-1	1.7279575257810058	1.5720265235970063
HCC-3L|P3|N31	HCC-3L	P3	HCC-3L|AGTTAAGCGGTCCCGG-1	AGTTAAGCGGTCCCGG-1	2.6483106426127305	2.216283319211769
HCC-3L|P3|N31	HCC-3L	P3	HCC-3L|CAACTATATCGAATGC-1	CAACTATATCGAATGC-1	2.621228814929337	2.3687310116579083
HCC-3L|P3|N31	HCC-3L	P3	HCC-3L|CATAGTACATTGAGAG-1	CATAGTACATTGAGAG-1	2.6357905442752183	2.072302903327196
HCC-3L|P3|N31	HCC-3L	P3	HCC-3L|CCAATCGGTAGATCGA-1	CCAATCGGTAGATCGA-1	1.8797754190677656	1.7028574404235195
HCC-3L|P3|N31	HCC-3L	P3	HCC-3L|CCTAAAGGCTGACGCT-1	CCTAAAGGCTGACGCT-1	3.2327005638957824	2.586900559226826
HCC-3L|P3|N31	HCC-3L	P3	HCC-3L|CGTGACATTGGGTCGT-1	CGTGACATTGGGTCGT-1	1.9404605370836403	1.7311184782587405
HCC-3L|P3|N31	HCC-3L	P3	HCC-3L|CTAGTATTCGGAATTA-1	CTAGTATTCGGAATTA-1	2.0056808915796784	1.9849639823457088
HCC-3L|P3|N31	HCC-3L	P3	HCC-3L|GAATATTCGGAGTCCC-1	GAATATTCGGAGTCCC-1	1.9137784899853714	1.721350543887321
HCC-3L|P3|N31	HCC-3L	P3	HCC-3L|GACCGTCAGGTCGTGA-1	GACCGTCAGGTCGTGA-1	1.9524421571648547	1.8801815683228944
HCC-3L|P3|N31	HCC-3L	P3	HCC-3L|GATTCCGCGTTTCCGT-1	GATTCCGCGTTTCCGT-1	2.694027502362324	2.201656974742617
HCC-3L|P3|N31	HCC-3L	P3	HCC-3L|GTAGGTGATCCGTGTA-1	GTAGGTGATCCGTGTA-1	2.6843832391109084	2.0922181027708477
HCC-3L|P3|N31	HCC-3L	P3	HCC-3L|GTCGGATGTAGCGCGC-1	GTCGGATGTAGCGCGC-1	2.678321911425001	2.344000087066945
HCC-3L|P3|N31	HCC-3L	P3	HCC-3L|GTGGAACCTACATGCG-1	GTGGAACCTACATGCG-1	1.9544658324659092	2.0242388615904985
HCC-3L|P3|N31	HCC-3L	P3	HCC-3L|TATTTATACCGAGTAG-1	TATTTATACCGAGTAG-1	3.2327005638957824	2.9465221698408515
HCC-3L|P3|N33	HCC-3L	P3	HCC-3L|ATGTCATTTCCCATTG-1	ATGTCATTTCCCATTG-1	2.8362005642512678	2.631336014731234
HCC-3L|P3|N33	HCC-3L	P3	HCC-3L|CAGTAGATGATGTCCG-1	CAGTAGATGATGTCCG-1	1.748309747212471	1.5973361943611848
HCC-3L|P3|N33	HCC-3L	P3	HCC-3L|CCTGACAAACTCGCGC-1	CCTGACAAACTCGCGC-1	2.8185808093367677	2.0753403670303037
HCC-3L|P3|N33	HCC-3L	P3	HCC-3L|CGGAAAGCAAATGTGC-1	CGGAAAGCAAATGTGC-1	2.769252528792427	2.255993584099126
HCC-3L|P3|N33	HCC-3L	P3	HCC-3L|GAAATCTGACCAAGTT-1	GAAATCTGACCAAGTT-1	1.1052883302363496	1.6236774529226567
HCC-3L|P3|N33	HCC-3L	P3	HCC-3L|GCACAAGTGGATCATA-1	GCACAAGTGGATCATA-1	2.976292358805234	2.328073911080025
HCC-3L|P3|N33	HCC-3L	P3	HCC-3L|GCGGTGCGGAGCATCG-1	GCGGTGCGGAGCATCG-1	1.446374400248341	1.5480495474392928
HCC-3L|P3|N33	HCC-3L	P3	HCC-3L|GGGCGAATTTCTCCAC-1	GGGCGAATTTCTCCAC-1	2.9467310058731657	2.317401222227577
HCC-3L|P3|N33	HCC-3L	P3	HCC-3L|TACATCTTGTTTCTTG-1	TACATCTTGTTTCTTG-1	3.230952102260646	2.506866311979241
HCC-3L|P3|N33	HCC-3L	P3	HCC-3L|TGAAGTAGCTTACGGA-1	TGAAGTAGCTTACGGA-1	3.18838062039267	2.8264944144531583
HCC-3L|P4|N2	HCC-3L	P4	HCC-3L|AAACAATCTACTAGCA-1	AAACAATCTACTAGCA-1	3.301304760038349	2.078156661363578
HCC-3L|P4|N2	HCC-3L	P4	HCC-3L|AACTAGCGTATCGCAC-1	AACTAGCGTATCGCAC-1	2.16752072977113	1.0862719359286557
HCC-3L|P4|N2	HCC-3L	P4	HCC-3L|AGGGACAGCACGGCGG-1	AGGGACAGCACGGCGG-1	0.00016110446092363912	0.35258202302270203
HCC-3L|P4|N2	HCC-3L	P4	HCC-3L|ATAAACCATTGGACGG-1	ATAAACCATTGGACGG-1	2.0451694814875703	1.430736497071111
HCC-3L|P4|N2	HCC-3L	P4	HCC-3L|CGAAGACTGCCCGGGA-1	CGAAGACTGCCCGGGA-1	0.0	0.4789791973532471
HCC-3L|P4|N2	HCC-3L	P4	HCC-3L|CGCTACCGCCCTATGA-1	CGCTACCGCCCTATGA-1	0.00022735536328876644	0.40681952401653526
HCC-3L|P4|N2	HCC-3L	P4	HCC-3L|CTAAACGGGTGTAATC-1	CTAAACGGGTGTAATC-1	1.5054166167932668	1.0278986174651523
HCC-3L|P4|N2	HCC-3L	P4	HCC-3L|GAAGCAAGGCAATGTT-1	GAAGCAAGGCAATGTT-1	0.0	0.45088614792168896
HCC-3L|P4|N2	HCC-3L	P4	HCC-3L|GCACTCCCACAGTCCC-1	GCACTCCCACAGTCCC-1	0.0001169410142894528	0.6386768290502446
HCC-3L|P4|N2	HCC-3L	P4	HCC-3L|GCGCGATGGGTCAAGT-1	GCGCGATGGGTCAAGT-1	1.5789159004547715	1.5543166159654773
HCC-3L|P4|N2	HCC-3L	P4	HCC-3L|GGCCACAAGCGATGGC-1	GGCCACAAGCGATGGC-1	0.0001873511609558137	0.5710980058121538
HCC-3L|P4|N2	HCC-3L	P4	HCC-3L|GTGCGCTTACAAATGA-1	GTGCGCTTACAAATGA-1	3.8317166378116876	2.394809251437906
HCC-3L|P4|N2	HCC-3L	P4	HCC-3L|TACAATGAAACCAGCA-1	TACAATGAAACCAGCA-1	3.8314905192422075	2.3666503722883063
HCC-3L|P4|N2	HCC-3L	P4	HCC-3L|TAGTGAGAAGTGGTTG-1	TAGTGAGAAGTGGTTG-1	0.00013467087298498756	0.40065596517378327
HCC-3L|P4|N2	HCC-3L	P4	HCC-3L|TCACTCAGCGCATTAG-1	TCACTCAGCGCATTAG-1	0.0	0.9579008946317369
HCC-3L|P4|N2	HCC-3L	P4	HCC-3L|TCGGGCACTTCTGGAT-1	TCGGGCACTTCTGGAT-1	0.0001118727256827144	0.6228004531981486
HCC-3L|P4|N2	HCC-3L	P4	HCC-3L|TCTGTGGCTACATTTC-1	TCTGTGGCTACATTTC-1	0.01714008708722583	0.36043292599678517
HCC-3L|P4|N3	HCC-3L	P4	HCC-3L|AAACTTGCAAACGTAT-1	AAACTTGCAAACGTAT-1	0.8713299224197067	0.5082288453383196
HCC-3L|P4|N3	HCC-3L	P4	HCC-3L|AAGTGCGTTAGAATCT-1	AAGTGCGTTAGAATCT-1	0.0	0.4117469655786213
HCC-3L|P4|N3	HCC-3L	P4	HCC-3L|ACTCGTAACCCGTCCT-1	ACTCGTAACCCGTCCT-1	0.0	0.4364983345855502
HCC-3L|P4|N3	HCC-3L	P4	HCC-3L|AGGTCAGGTGAGAGTG-1	AGGTCAGGTGAGAGTG-1	0.870766609541595	0.5620420378737994
HCC-3L|P4|N3	HCC-3L	P4	HCC-3L|CAGCTGGCGTAACCGT-1	CAGCTGGCGTAACCGT-1	0.0	0.3402129053523146
HCC-3L|P4|N3	HCC-3L	P4	HCC-3L|CAGTACCAGTTTACGT-1	CAGTACCAGTTTACGT-1	0.9039461021204055	0.6201848260634005
HCC-3L|P4|N3	HCC-3L	P4	HCC-3L|CATATGTCAGGCTACG-1	CATATGTCAGGCTACG-1	2.7192252068896012	1.5699127089307532
HCC-3L|P4|N3	HCC-3L	P4	HCC-3L|CGTTCATGGTGCGCGT-1	CGTTCATGGTGCGCGT-1	1.3633296573381737	0.8110415767471468
HCC-3L|P4|N3	HCC-3L	P4	HCC-3L|CTCATGGTAATTTGCG-1	CTCATGGTAATTTGCG-1	2.4222087788064544	1.4210013582928886
HCC-3L|P4|N3	HCC-3L	P4	HCC-3L|CTGGCATCCGAATGAG-1	CTGGCATCCGAATGAG-1	0.0	0.43690220606008606
HCC-3L|P4|N3	HCC-3L	P4	HCC-3L|GCCCGACTTCTTCCCG-1	GCCCGACTTCTTCCCG-1	2.518754808137001	1.6878302362098383
HCC-3L|P4|N3	HCC-3L	P4	HCC-3L|TACTTTCCGCACGCCA-1	TACTTTCCGCACGCCA-1	0.6485748748163148	0.5862501864285192
HCC-3L|P4|N3	HCC-3L	P4	HCC-3L|TTGGAAGAATACAGTC-1	TTGGAAGAATACAGTC-1	0.0	0.4117469655786213
HCC-3L|P4|N4	HCC-3L	P4	HCC-3L|AAAGACCCAAGTCGCG-1	AAAGACCCAAGTCGCG-1	5.770776485559108	3.5105822231176185
HCC-3L|P4|N4	HCC-3L	P4	HCC-3L|AAAGTCACTGATGTAA-1	AAAGTCACTGATGTAA-1	4.54323276284467	2.6502141763586846
HCC-3L|P4|N4	HCC-3L	P4	HCC-3L|AACCCAGAGACGGAGA-1	AACCCAGAGACGGAGA-1	0.0	0.4265793010025792
HCC-3L|P4|N4	HCC-3L	P4	HCC-3L|AATCCAAGGGCCTGAG-1	AATCCAAGGGCCTGAG-1	0.5864052427464084	0.6179568506137578
HCC-3L|P4|N4	HCC-3L	P4	HCC-3L|ACAGCATAGAGCCAGT-1	ACAGCATAGAGCCAGT-1	1.1627607957108954	0.768866729966401
HCC-3L|P4|N4	HCC-3L	P4	HCC-3L|ACCGAAAGGGCCCTGC-1	ACCGAAAGGGCCCTGC-1	0.0	0.3786027302370558
HCC-3L|P4|N4	HCC-3L	P4	HCC-3L|ACTCAGACCTGCTTCT-1	ACTCAGACCTGCTTCT-1	0.0	0.40204267193476323
HCC-3L|P4|N4	HCC-3L	P4	HCC-3L|AGGACATCGCACGTCG-1	AGGACATCGCACGTCG-1	0.024813155635863098	0.7191952222626115
HCC-3L|P4|N4	HCC-3L	P4	HCC-3L|AGGTAACCTCCTATTC-1	AGGTAACCTCCTATTC-1	0.0004927625184608202	0.4406285783428919
HCC-3L|P4|N4	HCC-3L	P4	HCC-3L|AGTTTCGCAGGTCGGA-1	AGTTTCGCAGGTCGGA-1	1.6512361675537968	1.0078159818917574
HCC-3L|P4|N4	HCC-3L	P4	HCC-3L|ATATTCCCACAGGTCA-1	ATATTCCCACAGGTCA-1	0.0074306274241440545	0.3869770324934736
HCC-3L|P4|N4	HCC-3L	P4	HCC-3L|ATTCTCGTCTCTTTAG-1	ATTCTCGTCTCTTTAG-1	4.5431735392361965	3.1052120481119596
HCC-3L|P4|N4	HCC-3L	P4	HCC-3L|ATTGGGAATATCTTGG-1	ATTGGGAATATCTTGG-1	0.0	0.3785977949363497
HCC-3L|P4|N4	HCC-3L	P4	HCC-3L|CAACGGTTCTTGATAC-1	CAACGGTTCTTGATAC-1	0.0	0.41959369360356
HCC-3L|P4|N4	HCC-3L	P4	HCC-3L|CACCATCGGAGGAGAC-1	CACCATCGGAGGAGAC-1	1.8022032537977704	1.2046170908999212
HCC-3L|P4|N4	HCC-3L	P4	HCC-3L|CACCCACACGTCACCC-1	CACCCACACGTCACCC-1	0.8504103599773699	0.8196270499703052
HCC-3L|P4|N4	HCC-3L	P4	HCC-3L|CAGCTCGTGCTTGTGT-1	CAGCTCGTGCTTGTGT-1	1.5907434897834134	1.24427614341476
HCC-3L|P4|N4	HCC-3L	P4	HCC-3L|CATCGCCCGCGGCCAA-1	CATCGCCCGCGGCCAA-1	1.6927513406774284	1.2867133124701315
HCC-3L|P4|N4	HCC-3L	P4	HCC-3L|CATGCTGGCTCCAATT-1	CATGCTGGCTCCAATT-1	0.008573425915126803	0.2926925503555393
HCC-3L|P4|N4	HCC-3L	P4	HCC-3L|CCAAGGAACAGAGAGG-1	CCAAGGAACAGAGAGG-1	0.0	0.4128915455776833
HCC-3L|P4|N4	HCC-3L	P4	HCC-3L|CCCGCCATGCTCCCGT-1	CCCGCCATGCTCCCGT-1	1.6438989337773466	1.02401903981043
HCC-3L|P4|N4	HCC-3L	P4	HCC-3L|CCCTCATTCTGGAATT-1	CCCTCATTCTGGAATT-1	0.00028053926696783733	0.40062690750497915
HCC-3L|P4|N4	HCC-3L	P4	HCC-3L|CCGTGCCCATGACGGC-1	CCGTGCCCATGACGGC-1	2.1440918643872484	1.722015809034525
HCC-3L|P4|N4	HCC-3L	P4	HCC-3L|CCTCACCAATCTTGAC-1	CCTCACCAATCTTGAC-1	2.5513014539740433	1.4884422611122716
HCC-3L|P4|N4	HCC-3L	P4	HCC-3L|CGAGCGTTGATCAGCC-1	CGAGCGTTGATCAGCC-1	1.7529588864993946	1.3118612164610703
HCC-3L|P4|N4	HCC-3L	P4	HCC-3L|CGCTTCCACTGAAATC-1	CGCTTCCACTGAAATC-1	0.7773526060319028	0.7338255999146095
HCC-3L|P4|N4	HCC-3L	P4	HCC-3L|CGTCAGTGCGCACAAG-1	CGTCAGTGCGCACAAG-1	5.460270579081668	3.768305764786325
HCC-3L|P4|N4	HCC-3L	P4	HCC-3L|CTATGTCTATTGAAAC-1	CTATGTCTATTGAAAC-1	7.3785456717833835	3.691462101356941
HCC-3L|P4|N4	HCC-3L	P4	HCC-3L|CTCTGCGAAGCAAGCA-1	CTCTGCGAAGCAAGCA-1	0.0	1.012294665225426
HCC-3L|P4|N4	HCC-3L	P4	HCC-3L|CTGCACCTGGAACCGC-1	CTGCACCTGGAACCGC-1	0.0	0.7280488840309651
HCC-3L|P4|N4	HCC-3L	P4	HCC-3L|CTTAACTTCGAAGTAC-1	CTTAACTTCGAAGTAC-1	0.37559809766541147	0.475586941035663
HCC-3L|P4|N4	HCC-3L	P4	HCC-3L|CTTACACTGGGAAATA-1	CTTACACTGGGAAATA-1	4.368293304185791	2.6209759825114745
HCC-3L|P4|N4	HCC-3L	P4	HCC-3L|GACCCGTCGCCGGCTA-1	GACCCGTCGCCGGCTA-1	0.6167971453155643	0.5385733912177516
HCC-3L|P4|N4	HCC-3L	P4	HCC-3L|GAGCCACGGTAGTAGG-1	GAGCCACGGTAGTAGG-1	2.042053371211765	1.9039328054187834
HCC-3L|P4|N4	HCC-3L	P4	HCC-3L|GAGTACGGGTATACAA-1	GAGTACGGGTATACAA-1	0.0	0.6032813751486855
HCC-3L|P4|N4	HCC-3L	P4	HCC-3L|GATAAATCGGTGGATG-1	GATAAATCGGTGGATG-1	0.00017183757584361283	0.8866943962574477
HCC-3L|P4|N4	HCC-3L	P4	HCC-3L|GCACTAGTCGCGCTAT-1	GCACTAGTCGCGCTAT-1	3.693308215793596	2.328170200748131
HCC-3L|P4|N4	HCC-3L	P4	HCC-3L|GCATCCCTAACTTTGA-1	GCATCCCTAACTTTGA-1	3.9554292944805725	2.4730365686135523
HCC-3L|P4|N4	HCC-3L	P4	HCC-3L|GCCTTCAGCCCTACCG-1	GCCTTCAGCCCTACCG-1	0.0	0.43683130003862825
HCC-3L|P4|N4	HCC-3L	P4	HCC-3L|GCGGTCCCTAGACGCA-1	GCGGTCCCTAGACGCA-1	0.0	0.851625336946359
HCC-3L|P4|N4	HCC-3L	P4	HCC-3L|GCTAGTTTCATTGAGG-1	GCTAGTTTCATTGAGG-1	0.0002482054300243544	0.49711418387001094
HCC-3L|P4|N4	HCC-3L	P4	HCC-3L|GGATACTCATGAATTG-1	GGATACTCATGAATTG-1	4.824047962957578	2.5822060597515724
HCC-3L|P4|N4	HCC-3L	P4	HCC-3L|GGTAACTATGTATCTG-1	GGTAACTATGTATCTG-1	2.494080357639481	1.7009191613129542
HCC-3L|P4|N4	HCC-3L	P4	HCC-3L|GGTGCGGATAAGTGGC-1	GGTGCGGATAAGTGGC-1	0.0	0.7280722623032124
HCC-3L|P4|N4	HCC-3L	P4	HCC-3L|GGTTTGAGTGCTGGAA-1	GGTTTGAGTGCTGGAA-1	0.00012516359721473802	0.5157768133544561
HCC-3L|P4|N4	HCC-3L	P4	HCC-3L|GTACTGAGGTCGTAAC-1	GTACTGAGGTCGTAAC-1	3.813763338822645e-06	1.2606767248422879
HCC-3L|P4|N4	HCC-3L	P4	HCC-3L|GTACTTGGGCACTTCT-1	GTACTTGGGCACTTCT-1	2.552678988960491	1.4889525084547865
HCC-3L|P4|N4	HCC-3L	P4	HCC-3L|GTCGTCAATTATAAGG-1	GTCGTCAATTATAAGG-1	0.0	0.353933215160881
HCC-3L|P4|N4	HCC-3L	P4	HCC-3L|GTGGACGTGCTGAGAC-1	GTGGACGTGCTGAGAC-1	3.387195149137596	2.257392903714971
HCC-3L|P4|N4	HCC-3L	P4	HCC-3L|GTTGTCGTGTTAGTTG-1	GTTGTCGTGTTAGTTG-1	4.368293304185791	2.548171094108378
HCC-3L|P4|N4	HCC-3L	P4	HCC-3L|TAAAGAGCCCGAAACC-1	TAAAGAGCCCGAAACC-1	0.0	1.0530734694576491
HCC-3L|P4|N4	HCC-3L	P4	HCC-3L|TAACCGCCCGCAGTGC-1	TAACCGCCCGCAGTGC-1	0.0	0.6510691547309061
HCC-3L|P4|N4	HCC-3L	P4	HCC-3L|TAAGGAACTTGTGGGA-1	TAAGGAACTTGTGGGA-1	5.093000319659013	3.1604676128986626
HCC-3L|P4|N4	HCC-3L	P4	HCC-3L|TAATATTGAAATTCGC-1	TAATATTGAAATTCGC-1	0.0	0.4368293304185791
HCC-3L|P4|N4	HCC-3L	P4	HCC-3L|TCGCTGTGCGTAAATC-1	TCGCTGTGCGTAAATC-1	0.0	1.3092391665263028
HCC-3L|P4|N4	HCC-3L	P4	HCC-3L|TCGGGTGAAACTGCTA-1	TCGGGTGAAACTGCTA-1	0.0	0.7139652263096649
HCC-3L|P4|N4	HCC-3L	P4	HCC-3L|TCGTATAGTGCAATTA-1	TCGTATAGTGCAATTA-1	0.0	0.6170680714471981
HCC-3L|P4|N4	HCC-3L	P4	HCC-3L|TCGTTCGTTATTATGT-1	TCGTTCGTTATTATGT-1	1.5285083920293146e-05	0.314768752194728
HCC-3L|P4|N4	HCC-3L	P4	HCC-3L|TCTATCATGCAGTTAC-1	TCTATCATGCAGTTAC-1	1.6474822690291797	1.3077783585934937
HCC-3L|P4|N4	HCC-3L	P4	HCC-3L|TCTGTCATACAAGAGC-1	TCTGTCATACAAGAGC-1	0.0	0.4020407128142665
HCC-3L|P4|N4	HCC-3L	P4	HCC-3L|TCTTACAGAGGTACCG-1	TCTTACAGAGGTACCG-1	0.0	0.5051104320108489
HCC-3L|P4|N4	HCC-3L	P4	HCC-3L|TGATTTCCTCCTGACG-1	TGATTTCCTCCTGACG-1	0.0	0.4254653626335327
HCC-3L|P4|N4	HCC-3L	P4	HCC-3L|TGCGGCATAGTTCAAC-1	TGCGGCATAGTTCAAC-1	0.0	0.6148788059819487
HCC-3L|P4|N4	HCC-3L	P4	HCC-3L|TGGAAGACGAACACCA-1	TGGAAGACGAACACCA-1	0.0	0.5539541573008023
HCC-3L|P4|N4	HCC-3L	P4	HCC-3L|TGGGCACAAACAGAAC-1	TGGGCACAAACAGAAC-1	4.898923812398769e-05	0.5722450362517548
HCC-3L|P4|N4	HCC-3L	P4	HCC-3L|TGTATCCTTATTCCAT-1	TGTATCCTTATTCCAT-1	0.0	1.6931211138934703
HCC-3L|P4|N4	HCC-3L	P4	HCC-3L|TGTCCCGACATAGCAC-1	TGTCCCGACATAGCAC-1	0.026271185582993357	0.7255303507013652
HCC-3L|P4|N4	HCC-3L	P4	HCC-3L|TGTCTACAGTTTCTGT-1	TGTCTACAGTTTCTGT-1	0.0	1.3720793311553543
HCC-3L|P4|N4	HCC-3L	P4	HCC-3L|TTAACGTCGCAAGACC-1	TTAACGTCGCAAGACC-1	0.0	0.9934815362190044
HCC-3L|P4|N4	HCC-3L	P4	HCC-3L|TTCTTAGTGAACGGTG-1	TTCTTAGTGAACGGTG-1	0.0	0.42535862719874773
HCC-3L|P4|N4	HCC-3L	P4	HCC-3L|TTGACGATTCAGCACG-1	TTGACGATTCAGCACG-1	0.0	0.3786027302370558
HCC-3L|P4|N4	HCC-3L	P4	HCC-3L|TTGGAGTCTCCCTTCT-1	TTGGAGTCTCCCTTCT-1	8.257882350975053e-05	0.40210377151650406
HCC-3L|P4|N4	HCC-3L	P4	HCC-3L|TTGGATCGACTTCTGG-1	TTGGATCGACTTCTGG-1	1.5993319643700323	1.0987665744627073
HCC-3L|P4|N5	HCC-3L	P4	HCC-3L|AAAGGGCAGCTTGAAT-1	AAAGGGCAGCTTGAAT-1	1.1639597273510445	1.0426668222439357
HCC-3L|P4|N5	HCC-3L	P4	HCC-3L|AAATGCTCGTTACGTT-1	AAATGCTCGTTACGTT-1	0.08604630562782989	0.5416997396665261
HCC-3L|P4|N5	HCC-3L	P4	HCC-3L|ACAACGGTCCCTGCGA-1	ACAACGGTCCCTGCGA-1	0.00024730907589372823	0.664157304559287
HCC-3L|P4|N5	HCC-3L	P4	HCC-3L|ACCCACCTACATGCTC-1	ACCCACCTACATGCTC-1	0.6499201068534954	0.5288093220192643
HCC-3L|P4|N5	HCC-3L	P4	HCC-3L|AGAATTGTTTGACATA-1	AGAATTGTTTGACATA-1	0.055394585121280926	0.5289861687838073
HCC-3L|P4|N5	HCC-3L	P4	HCC-3L|AGACCATGGGATACAA-1	AGACCATGGGATACAA-1	4.030200766558776	2.5199431629682945
HCC-3L|P4|N5	HCC-3L	P4	HCC-3L|AGAGCGTACAAGCTCG-1	AGAGCGTACAAGCTCG-1	1.4764288867146356	1.0118551033320549
HCC-3L|P4|N5	HCC-3L	P4	HCC-3L|AGCCTTAAAGCGGAAG-1	AGCCTTAAAGCGGAAG-1	0.0	0.3329581867708777
HCC-3L|P4|N5	HCC-3L	P4	HCC-3L|AGTGTGGTCTATTGTG-1	AGTGTGGTCTATTGTG-1	0.00016556606996993194	0.3488584320771162
HCC-3L|P4|N5	HCC-3L	P4	HCC-3L|ATAATAGTGTAGGGAC-1	ATAATAGTGTAGGGAC-1	9.284106302598921e-05	0.37501636717209896
HCC-3L|P4|N5	HCC-3L	P4	HCC-3L|ATGCTCAGTGTTGCAT-1	ATGCTCAGTGTTGCAT-1	3.9381622356200343	2.304951790779573
HCC-3L|P4|N5	HCC-3L	P4	HCC-3L|CACCTAATAGAGTCGT-1	CACCTAATAGAGTCGT-1	5.928618634690231	3.2826560032860232
HCC-3L|P4|N5	HCC-3L	P4	HCC-3L|CACTTCGCCACAGGCT-1	CACTTCGCCACAGGCT-1	0.0	0.32820079539132735
HCC-3L|P4|N5	HCC-3L	P4	HCC-3L|CAGTAATCCCTCCCAG-1	CAGTAATCCCTCCCAG-1	0.0001790900679870672	0.7008204923177033
HCC-3L|P4|N5	HCC-3L	P4	HCC-3L|CATTTCTAGCAGACTA-1	CATTTCTAGCAGACTA-1	0.0	0.5012478460980904
HCC-3L|P4|N5	HCC-3L	P4	HCC-3L|CCAGAGACAAAGCCGG-1	CCAGAGACAAAGCCGG-1	1.6461948810657074	1.0050740972411507
HCC-3L|P4|N5	HCC-3L	P4	HCC-3L|CCCGCGCAATGCACCC-1	CCCGCGCAATGCACCC-1	0.0	0.7225569509581621
HCC-3L|P4|N5	HCC-3L	P4	HCC-3L|CCGAAAGTGGTGAGCA-1	CCGAAAGTGGTGAGCA-1	0.00020934971247148709	1.1756221873465558
HCC-3L|P4|N5	HCC-3L	P4	HCC-3L|CGAGCACTTCAAGTTT-1	CGAGCACTTCAAGTTT-1	0.0	0.38051226688952705
HCC-3L|P4|N5	HCC-3L	P4	HCC-3L|CGCCCTTGAAGGCTGA-1	CGCCCTTGAAGGCTGA-1	0.0	0.31915956346377256
HCC-3L|P4|N5	HCC-3L	P4	HCC-3L|CGGATAAGCGGACATG-1	CGGATAAGCGGACATG-1	0.0001464373963202026	0.666088488331253
HCC-3L|P4|N5	HCC-3L	P4	HCC-3L|CGGGAGTATACCGCCG-1	CGGGAGTATACCGCCG-1	0.0	0.3329839537672426
HCC-3L|P4|N5	HCC-3L	P4	HCC-3L|CGTCATACCATATCCA-1	CGTCATACCATATCCA-1	0.00011122985667298119	0.333127681835297
HCC-3L|P4|N5	HCC-3L	P4	HCC-3L|CTAATTTCAACAACAC-1	CTAATTTCAACAACAC-1	0.0	1.016008662552254
HCC-3L|P4|N5	HCC-3L	P4	HCC-3L|CTGGCGGGAATAAGTA-1	CTGGCGGGAATAAGTA-1	0.0	0.3487673672000229
HCC-3L|P4|N5	HCC-3L	P4	HCC-3L|CTTGTTTATGTAGCCA-1	CTTGTTTATGTAGCCA-1	4.466223187875888	2.7639009182269634
HCC-3L|P4|N5	HCC-3L	P4	HCC-3L|GAATGCCGAAATGACC-1	GAATGCCGAAATGACC-1	0.00024233134130433834	0.6660933107582309
HCC-3L|P4|N5	HCC-3L	P4	HCC-3L|GACACGAGTTAGAGGA-1	GACACGAGTTAGAGGA-1	4.485034982147663	3.4712406366238744
HCC-3L|P4|N5	HCC-3L	P4	HCC-3L|GAGGTCCCAAAGATCT-1	GAGGTCCCAAAGATCT-1	3.678093273259526	3.300578484402929
HCC-3L|P4|N5	HCC-3L	P4	HCC-3L|GATCGGCGATAAGTCG-1	GATCGGCGATAAGTCG-1	0.0	0.33296850014242757
HCC-3L|P4|N5	HCC-3L	P4	HCC-3L|GATGGCGCACACATTA-1	GATGGCGCACACATTA-1	0.0	0.593696638513359
HCC-3L|P4|N5	HCC-3L	P4	HCC-3L|GATGTTTGTGCGAGAT-1	GATGTTTGTGCGAGAT-1	0.0	0.328193880629956
HCC-3L|P4|N5	HCC-3L	P4	HCC-3L|GATTCCTATACGGCGC-1	GATTCCTATACGGCGC-1	0.0	0.34298725852811335
HCC-3L|P4|N5	HCC-3L	P4	HCC-3L|GCTAAACCTGAGGTGA-1	GCTAAACCTGAGGTGA-1	0.0	0.4260366019495729
HCC-3L|P4|N5	HCC-3L	P4	HCC-3L|GCTATCGCGGCGCAAC-1	GCTATCGCGGCGCAAC-1	4.1847265961089954	2.8181084227766537
HCC-3L|P4|N5	HCC-3L	P4	HCC-3L|GGGTTCAGACGAACAA-1	GGGTTCAGACGAACAA-1	0.00023830832712817696	0.3331937574829307
HCC-3L|P4|N5	HCC-3L	P4	HCC-3L|GTATCAGCTTGGGTTC-1	GTATCAGCTTGGGTTC-1	3.420123080319305	1.9952297724133745
HCC-3L|P4|N5	HCC-3L	P4	HCC-3L|GTATTAAGGCGTCTAA-1	GTATTAAGGCGTCTAA-1	4.2235618583802506	3.055765926657342
HCC-3L|P4|N5	HCC-3L	P4	HCC-3L|TAAATGAATCCGTTTC-1	TAAATGAATCCGTTTC-1	4.0798077271664536e-05	0.6355653970255509
HCC-3L|P4|N5	HCC-3L	P4	HCC-3L|TAACAAAGGGAGAAGC-1	TAACAAAGGGAGAAGC-1	3.4207355352777107	1.995553952914603
HCC-3L|P4|N5	HCC-3L	P4	HCC-3L|TAACTCCATGGAGGCT-1	TAACTCCATGGAGGCT-1	2.657879301281956	2.7333490924462556
HCC-3L|P4|N5	HCC-3L	P4	HCC-3L|TACGTGCACTATGCTG-1	TACGTGCACTATGCTG-1	0.0	0.570116622490286
HCC-3L|P4|N5	HCC-3L	P4	HCC-3L|TAGCAACCTGTCACAA-1	TAGCAACCTGTCACAA-1	0.0	0.5125300180804784
HCC-3L|P4|N5	HCC-3L	P4	HCC-3L|TAGTGTCAGAAACGGC-1	TAGTGTCAGAAACGGC-1	0.0	0.3330759326614958
HCC-3L|P4|N5	HCC-3L	P4	HCC-3L|TATACTCATGCGGCAA-1	TATACTCATGCGGCAA-1	3.996421480191761	2.3312050044888544
HCC-3L|P4|N5	HCC-3L	P4	HCC-3L|TCATCACTCGAGCTCG-1	TCATCACTCGAGCTCG-1	0.03319712615125776	0.3888155052888225
HCC-3L|P4|N5	HCC-3L	P4	HCC-3L|TCCGTAACCACAATCC-1	TCCGTAACCACAATCC-1	3.9951928657942624	2.330663953641247
HCC-3L|P4|N5	HCC-3L	P4	HCC-3L|TGGGAAATGCCTTTCC-1	TGGGAAATGCCTTTCC-1	2.119663013493676	1.615717354971982
HCC-3L|P4|N5	HCC-3L	P4	HCC-3L|TTAACACCTCGAACAT-1	TTAACACCTCGAACAT-1	2.183719880499563	1.3358934399206157
HCC-3L|P4|N5	HCC-3L	P4	HCC-3L|TTACATCGTGGCCTGG-1	TTACATCGTGGCCTGG-1	0.0011671499806049528	0.5706925904921308
HCC-3L|P4|N5	HCC-3L	P4	HCC-3L|TTACCCTAACAGTCCT-1	TTACCCTAACAGTCCT-1	1.2822071149843022	0.9742368670508263
HCC-3L|P4|N5	HCC-3L	P4	HCC-3L|TTAGCAACATGGATGT-1	TTAGCAACATGGATGT-1	0.0	0.90163361627352
HCC-3L|P4|N5	HCC-3L	P4	HCC-3L|TTCGGCTAGAGATGGT-1	TTCGGCTAGAGATGGT-1	0.0004167175697841246	1.1791688864522967
HCC-3L|P4|N8	HCC-3L	P4	HCC-3L|AAATTAATAAGCGCGA-1	AAATTAATAAGCGCGA-1	0.0	0.3711612038941982
HCC-3L|P4|N8	HCC-3L	P4	HCC-3L|ATGAAGTGGACCCAGC-1	ATGAAGTGGACCCAGC-1	4.3410607595437325	3.49115169347185
HCC-3L|P4|N8	HCC-3L	P4	HCC-3L|CCTGTGAAACCGTAAC-1	CCTGTGAAACCGTAAC-1	2.222167467326709	1.1143739967470447
HCC-3L|P4|N8	HCC-3L	P4	HCC-3L|CGAAGACGGTGAGTGC-1	CGAAGACGGTGAGTGC-1	0.03948315700428196	0.5096588017095233
HCC-3L|P4|N8	HCC-3L	P4	HCC-3L|CTGCCCACGAAGCGTT-1	CTGCCCACGAAGCGTT-1	0.015289670775822285	0.3123825103085394
HCC-3L|P4|N8	HCC-3L	P4	HCC-3L|GAGAATCTCACGATCA-1	GAGAATCTCACGATCA-1	0.0	0.5445438037899444
HCC-3L|P4|N8	HCC-3L	P4	HCC-3L|GGACAAGTTGCAGTGA-1	GGACAAGTTGCAGTGA-1	0.0	0.3060150699019497
HCC-3L|P4|N8	HCC-3L	P4	HCC-3L|GGGCACGAATTGGCCG-1	GGGCACGAATTGGCCG-1	0.0	0.6643080068274207
HCC-3L|P4|N8	HCC-3L	P4	HCC-3L|GGGCCCTTATCTATAC-1	GGGCCCTTATCTATAC-1	3.656839211161878	1.8329840078959476
HCC-3L|P4|N8	HCC-3L	P4	HCC-3L|GGTATGAAAGAACTGA-1	GGTATGAAAGAACTGA-1	0.0	0.3703612445544515
HCC-3L|P4|N8	HCC-3L	P4	HCC-3L|GTCTTCCTCACCTAAG-1	GTCTTCCTCACCTAAG-1	0.03181277786314368	1.3365277026315556
HCC-3L|P4|N8	HCC-3L	P4	HCC-3L|TAGCGTCGAATATTGA-1	TAGCGTCGAATATTGA-1	0.0	0.4932074862910724
HCC-3L|P4|N8	HCC-3L	P4	HCC-3L|TCAATACAATTGCTGC-1	TCAATACAATTGCTGC-1	5.282485254799935	3.370054883634447
HCC-3L|P4|N8	HCC-3L	P4	HCC-3L|TCTGGCGCAAGCCGGG-1	TCTGGCGCAAGCCGGG-1	0.0	0.3047366009301565
HCC-3L|P4|N12	HCC-3L	P4	HCC-3L|AACTCGATGGCGCAGT-1	AACTCGATGGCGCAGT-1	0.0	0.7192600332638598
HCC-3L|P4|N12	HCC-3L	P4	HCC-3L|ACTGTGCTAGTAGATC-1	ACTGTGCTAGTAGATC-1	0.0	0.5543696745922818
HCC-3L|P4|N12	HCC-3L	P4	HCC-3L|AGTTGACATCGGCTGG-1	AGTTGACATCGGCTGG-1	0.0001173530112649371	0.48683855656699415
HCC-3L|P4|N12	HCC-3L	P4	HCC-3L|CCTCATGCAGCTACGA-1	CCTCATGCAGCTACGA-1	7.087813967337387e-05	0.8063679532170244
HCC-3L|P4|N12	HCC-3L	P4	HCC-3L|CGGCACTCAAGAAAGT-1	CGGCACTCAAGAAAGT-1	2.789713745787385	1.9492265474859742
HCC-3L|P4|N12	HCC-3L	P4	HCC-3L|CGGTTCCGGCTTCTTG-1	CGGTTCCGGCTTCTTG-1	0.0	0.4867757432714324
HCC-3L|P4|N12	HCC-3L	P4	HCC-3L|CTCCTAAGTTATGTCT-1	CTCCTAAGTTATGTCT-1	3.845178824513466	2.7085466982934268
HCC-3L|P4|N12	HCC-3L	P4	HCC-3L|CTTATGTTGACTACCA-1	CTTATGTTGACTACCA-1	0.0	0.4664248269859275
HCC-3L|P4|N12	HCC-3L	P4	HCC-3L|GACGCCTGTTGCAGGG-1	GACGCCTGTTGCAGGG-1	3.834516416059025	2.2377204553730654
HCC-3L|P4|N12	HCC-3L	P4	HCC-3L|GAGGGCATCGCGTATC-1	GAGGGCATCGCGTATC-1	6.155287978659683e-05	0.319598888716632
HCC-3L|P4|N12	HCC-3L	P4	HCC-3L|GATAAGGCAGATGCAA-1	GATAAGGCAGATGCAA-1	5.841208025974555	2.9206196989165223
HCC-3L|P4|N12	HCC-3L	P4	HCC-3L|GGCTGGCTAGCTTAAA-1	GGCTGGCTAGCTTAAA-1	0.0	1.3592239908728423
HCC-3L|P4|N12	HCC-3L	P4	HCC-3L|GTCAAAGTTTACATAG-1	GTCAAAGTTTACATAG-1	2.8072572705939147	1.956536349488695
HCC-3L|P4|N12	HCC-3L	P4	HCC-3L|GTTTGGCCGCTCAGCG-1	GTTTGGCCGCTCAGCG-1	0.0	0.6399797327876898
HCC-3L|P4|N12	HCC-3L	P4	HCC-3L|TAATTAGATGGATATG-1	TAATTAGATGGATATG-1	0.00023571258971088953	0.3196892887719032
HCC-3L|P4|N12	HCC-3L	P4	HCC-3L|TTAAACAGAGTCCCGC-1	TTAAACAGAGTCCCGC-1	0.0	0.4867828866128745
HCC-3L|P4|N17	HCC-3L	P4	HCC-3L|AATGTGCTAATCTGAG-1	AATGTGCTAATCTGAG-1	0.021399347039765038	0.3000979170364977
HCC-3L|P4|N17	HCC-3L	P4	HCC-3L|ACTGCCCGCCATTCTC-1	ACTGCCCGCCATTCTC-1	0.009088535946155392	0.4528798563078959
HCC-3L|P4|N17	HCC-3L	P4	HCC-3L|AGCCCTCCCTGGTGGC-1	AGCCCTCCCTGGTGGC-1	1.9209151180712514	1.409575063479648
HCC-3L|P4|N17	HCC-3L	P4	HCC-3L|AGTGACTGTGACACAA-1	AGTGACTGTGACACAA-1	0.0	0.32017705779223316
HCC-3L|P4|N17	HCC-3L	P4	HCC-3L|CATTATCCCATTAACG-1	CATTATCCCATTAACG-1	3.459094547647703	1.893304555124589
HCC-3L|P4|N17	HCC-3L	P4	HCC-3L|CCATGTTCATCTATAT-1	CCATGTTCATCTATAT-1	1.7394298863670482e-05	0.32094313293717797
HCC-3L|P4|N17	HCC-3L	P4	HCC-3L|CCTCTACAAGGATTGG-1	CCTCTACAAGGATTGG-1	1.9212095754355467	1.1206824970819496
HCC-3L|P4|N17	HCC-3L	P4	HCC-3L|CGCACGTCTGTTTATG-1	CGCACGTCTGTTTATG-1	0.0	0.2913601684202483
HCC-3L|P4|N17	HCC-3L	P4	HCC-3L|CGGTTGAGTATCCTTC-1	CGGTTGAGTATCCTTC-1	0.0	0.4501174177298933
HCC-3L|P4|N17	HCC-3L	P4	HCC-3L|CTTAGTTGAGGAATCG-1	CTTAGTTGAGGAATCG-1	0.013684374551678672	0.2968833451664617
HCC-3L|P4|N18	HCC-3L	P4	HCC-3L|ACATACAATCAAGCGG-1	ACATACAATCAAGCGG-1	1.3558928462205601e-05	0.5176110510834313
HCC-3L|P4|N18	HCC-3L	P4	HCC-3L|ACTCCGGCCGACCACT-1	ACTCCGGCCGACCACT-1	5.281413559712818	2.6407189274124585
HCC-3L|P4|N18	HCC-3L	P4	HCC-3L|AGAACTGTACTTTGTA-1	AGAACTGTACTTTGTA-1	1.897206528680991	1.3180992434572378
HCC-3L|P4|N18	HCC-3L	P4	HCC-3L|AGTGGCCCGCAAATGG-1	AGTGGCCCGCAAATGG-1	1.6942423258041532	1.233528637601159
HCC-3L|P4|N18	HCC-3L	P4	HCC-3L|ATCTACCATCTGCTCC-1	ATCTACCATCTGCTCC-1	0.0	0.5350247912264136
HCC-3L|P4|N18	HCC-3L	P4	HCC-3L|CATAGAGGAGATACTA-1	CATAGAGGAGATACTA-1	1.1388550377792876	0.6643364735718797
HCC-3L|P4|N18	HCC-3L	P4	HCC-3L|CCAGTTCGGTAACTCA-1	CCAGTTCGGTAACTCA-1	0.0	0.5094130100290548
HCC-3L|P4|N18	HCC-3L	P4	HCC-3L|CCCGTGACAGTGCCTT-1	CCCGTGACAGTGCCTT-1	0.2990879721666739	0.38246688515096106
HCC-3L|P4|N18	HCC-3L	P4	HCC-3L|CCTGATTCGCGAAGAA-1	CCTGATTCGCGAAGAA-1	3.958707497570778e-05	0.7283120836471899
HCC-3L|P4|N18	HCC-3L	P4	HCC-3L|CGTGCACACCACTGTA-1	CGTGCACACCACTGTA-1	3.0523935280047825	1.7812678045575225
HCC-3L|P4|N18	HCC-3L	P4	HCC-3L|CTTCAGTTGGACAACG-1	CTTCAGTTGGACAACG-1	3.0529924379596616	1.780875691981403
HCC-3L|P4|N18	HCC-3L	P4	HCC-3L|CTTCGATTGCGCAAGC-1	CTTCGATTGCGCAAGC-1	1.1388785589619725	0.6643438659625935
HCC-3L|P4|N18	HCC-3L	P4	HCC-3L|GACTTCAACGCATCAA-1	GACTTCAACGCATCAA-1	2.7396671433390196	1.6691256104969345
HCC-3L|P4|N18	HCC-3L	P4	HCC-3L|GAGTCCACCAGGTTTA-1	GAGTCCACCAGGTTTA-1	1.0392893449276839	1.3070107112318516
HCC-3L|P4|N18	HCC-3L	P4	HCC-3L|GATAGATAGTACAGTC-1	GATAGATAGTACAGTC-1	0.0	0.2992874045404287
HCC-3L|P4|N18	HCC-3L	P4	HCC-3L|GATTATCTTGCATTAT-1	GATTATCTTGCATTAT-1	0.823839902043137	0.9547880626968686
HCC-3L|P4|N18	HCC-3L	P4	HCC-3L|GCTTCCCGTAAGCTCC-1	GCTTCCCGTAAGCTCC-1	0.0	0.8177474611846209
HCC-3L|P4|N18	HCC-3L	P4	HCC-3L|GTGCCTGAGACCAAAC-1	GTGCCTGAGACCAAAC-1	0.0	0.6299289297045065
HCC-3L|P4|N18	HCC-3L	P4	HCC-3L|GTGGCTGTTTCTGTTC-1	GTGGCTGTTTCTGTTC-1	0.0	0.4401299441987842
HCC-3L|P4|N18	HCC-3L	P4	HCC-3L|TACACCTCTTCGAATC-1	TACACCTCTTCGAATC-1	0.00014577067259219988	0.6945688196165217
HCC-3L|P4|N18	HCC-3L	P4	HCC-3L|TAGCAGATACTTAGGG-1	TAGCAGATACTTAGGG-1	1.602436897766535e-05	0.6239285147468174
HCC-3L|P4|N18	HCC-3L	P4	HCC-3L|TCGCCTCCTTCGGCTC-1	TCGCCTCCTTCGGCTC-1	0.0	0.48272626606188623
HCC-3L|P4|N18	HCC-3L	P4	HCC-3L|TCTCAAATCAATCGGG-1	TCTCAAATCAATCGGG-1	0.0	0.6951269177312005
HCC-3L|P4|N18	HCC-3L	P4	HCC-3L|TGATCTATCACACTCT-1	TGATCTATCACACTCT-1	0.00014412364510717692	0.5088677085730547
HCC-3L|P4|N18	HCC-3L	P4	HCC-3L|TGCAACTACTGGTTGA-1	TGCAACTACTGGTTGA-1	0.0	0.4401177966427348
HCC-3L|P4|N18	HCC-3L	P4	HCC-3L|TGTACTATCGCTCGTT-1	TGTACTATCGCTCGTT-1	5.1760004359342675	2.7432654173816555
HCC-3L|P4|N18	HCC-3L	P4	HCC-3L|TTAGCGAATAGATAGG-1	TTAGCGAATAGATAGG-1	0.0	1.0358838899650689
HCC-3L|P4|N31	HCC-3L	P4	HCC-3L|AGCGGACACTTCGTAG-1	AGCGGACACTTCGTAG-1	4.098827179955576	2.773249293098418
HCC-3L|P4|N31	HCC-3L	P4	HCC-3L|AGGAAGCTGTCCGCCG-1	AGGAAGCTGTCCGCCG-1	0.0	0.7238338791409401
HCC-3L|P4|N31	HCC-3L	P4	HCC-3L|ATACGTTATGCACGGA-1	ATACGTTATGCACGGA-1	8.498880256174677e-06	0.6830484138949078
HCC-3L|P4|N31	HCC-3L	P4	HCC-3L|CACAGGGCCGTTGTCA-1	CACAGGGCCGTTGTCA-1	0.0	0.3415700474026331
HCC-3L|P4|N31	HCC-3L	P4	HCC-3L|CCAGCTCGAACGCATT-1	CCAGCTCGAACGCATT-1	0.0	0.3414748252921678
HCC-3L|P4|N31	HCC-3L	P4	HCC-3L|CTCGCCGAATGTAGGG-1	CTCGCCGAATGTAGGG-1	0.0	0.3823597620887937
HCC-3L|P4|N31	HCC-3L	P4	HCC-3L|GAAGCCTGCACATTCC-1	GAAGCCTGCACATTCC-1	0.0	0.7239286937517583
HCC-3L|P4|N31	HCC-3L	P4	HCC-3L|GAGTAGATACTAGTTG-1	GAGTAGATACTAGTTG-1	4.097689404625758	2.7727741043046588
HCC-3L|P4|N31	HCC-3L	P4	HCC-3L|GGCTTTCAATAAGGGT-1	GGCTTTCAATAAGGGT-1	0.0	0.3823597620887937
HCC-3L|P4|N31	HCC-3L	P4	HCC-3L|TCAATACGCCGTCATG-1	TCAATACGCCGTCATG-1	1.3388876021439416e-05	0.3415763343409967
HCC-3L|P4|N31	HCC-3L	P4	HCC-3L|TCCAGGGTATATACGA-1	TCCAGGGTATATACGA-1	4.588317145065524	2.977201621247873
HCC-3L|P4|N31	HCC-3L	P4	HCC-3L|TGCTTCCCAAGCAGTA-1	TGCTTCCCAAGCAGTA-1	0.0	0.3414741170521465
HCC-3L|P4|N35	HCC-3L	P4	HCC-3L|AGGCCTATCATACCAA-1	AGGCCTATCATACCAA-1	2.3117294479650092e-05	0.8111517859500842
HCC-3L|P4|N35	HCC-3L	P4	HCC-3L|ATATGGGATAGCAACT-1	ATATGGGATAGCAACT-1	0.0006385800069649703	1.3331571849384023
HCC-3L|P4|N35	HCC-3L	P4	HCC-3L|ATCAAGATCCCAGGAC-1	ATCAAGATCCCAGGAC-1	3.9697976321614354	2.6444176897879594
HCC-3L|P4|N35	HCC-3L	P4	HCC-3L|ATCCCATTTCCGTGGG-1	ATCCCATTTCCGTGGG-1	0.0	0.6615377569008334
HCC-3L|P4|N35	HCC-3L	P4	HCC-3L|ATTGTCTGTTTCATGT-1	ATTGTCTGTTTCATGT-1	6.489121818422755	3.9654014247136278
HCC-3L|P4|N35	HCC-3L	P4	HCC-3L|CAAGTAAGTGATAGAC-1	CAAGTAAGTGATAGAC-1	0.0	0.6118948701428443
HCC-3L|P4|N35	HCC-3L	P4	HCC-3L|CAATGACCCTTAATTT-1	CAATGACCCTTAATTT-1	3.946209613845301	2.6345965707226604
HCC-3L|P4|N35	HCC-3L	P4	HCC-3L|CGTAACTTCGACACTT-1	CGTAACTTCGACACTT-1	1.4929029163587886	0.8778467097221322
HCC-3L|P4|N35	HCC-3L	P4	HCC-3L|CTCAGAGCTAATGTCG-1	CTCAGAGCTAATGTCG-1	0.0	0.6596744924003181
HCC-3L|P4|N35	HCC-3L	P4	HCC-3L|CTGCGATTTCGAGATT-1	CTGCGATTTCGAGATT-1	0.0	0.33081646934678627
HCC-3L|P4|N35	HCC-3L	P4	HCC-3L|GACTCTAGAGTTCCAA-1	GACTCTAGAGTTCCAA-1	0.0	0.3288580230535318
HCC-3L|P4|N35	HCC-3L	P4	HCC-3L|GCCGGTCGTATCTCTC-1	GCCGGTCGTATCTCTC-1	2.871240260284842	2.217668677214207
HCC-3L|P4|N35	HCC-3L	P4	HCC-3L|GGCATTGAACATCTCA-1	GGCATTGAACATCTCA-1	8.666279708079407e-05	0.3288941325523155
HCC-3L|P4|N35	HCC-3L	P4	HCC-3L|GGGCATGCATGTCGAG-1	GGGCATGCATGTCGAG-1	0.0	0.7914226484486901
HCC-3L|P4|N35	HCC-3L	P4	HCC-3L|GGTGTAGGTAAGTAAA-1	GGTGTAGGTAAGTAAA-1	7.675165941930517e-05	0.44719561944445163
HCC-3L|P4|N35	HCC-3L	P4	HCC-3L|TCCAGGCAGGACGATC-1	TCCAGGCAGGACGATC-1	3.9680168706416006	2.7756730179221702
HCC-3L|P4|N35	HCC-3L	P4	HCC-3L|TGAGGTGTGTGGCGGA-1	TGAGGTGTGTGGCGGA-1	2.8948221664317164	2.5411225677523173
HCC-3L|P4|N35	HCC-3L	P4	HCC-3L|TGATCACCACACTGAC-1	TGATCACCACACTGAC-1	1.5766760149975725	1.1539937439958867
HCC-3L|P4|N35	HCC-3L	P4	HCC-3L|TGCAAAGTTCGTCTGT-1	TGCAAAGTTCGTCTGT-1	0.0	0.33081646934678627
HCC-3L|P4|N43	HCC-3L	P4	HCC-3L|ATGAGGGCAGCGGCTA-1	ATGAGGGCAGCGGCTA-1	0.9808475303778168	0.5721617605256274
HCC-3L|P4|N43	HCC-3L	P4	HCC-3L|CAATACGAGAGTCTGA-1	CAATACGAGAGTCTGA-1	1.2049185553597297	0.7847005371530691
HCC-3L|P4|N43	HCC-3L	P4	HCC-3L|CACACAGCTTGCGCTC-1	CACACAGCTTGCGCTC-1	1.5089786621533376	0.880236662180942
HCC-3L|P4|N43	HCC-3L	P4	HCC-3L|CATCTAGTGAAGGGAA-1	CATCTAGTGAAGGGAA-1	1.206039169637823	0.7034294644322223
HCC-3L|P4|N43	HCC-3L	P4	HCC-3L|CCGCCGTTGAGGATAA-1	CCGCCGTTGAGGATAA-1	0.0	0.2958095217469828
HCC-3L|P4|N43	HCC-3L	P4	HCC-3L|CGCCTTTAGCATGCTC-1	CGCCTTTAGCATGCTC-1	0.5693783723816752	0.3321373664895514
HCC-3L|P4|N43	HCC-3L	P4	HCC-3L|GAATAGCATTTAGGGT-1	GAATAGCATTTAGGGT-1	0.5693781635845657	0.3321372794907558
HCC-3L|P4|N43	HCC-3L	P4	HCC-3L|GCACAAACGAGGCGTG-1	GCACAAACGAGGCGTG-1	1.5089679732512775	0.8802322084717502
HCC-3L|P4|N43	HCC-3L	P4	HCC-3L|GTAAGTCCACACTCTA-1	GTAAGTCCACACTCTA-1	0.9808559440406284	0.6725751458317764
HCC-3L|P4|N43	HCC-3L	P4	HCC-3L|GTGCTTACATCAGCGC-1	GTGCTTACATCAGCGC-1	0.0	0.34639193094757137
HCC-3L|P4|N44	HCC-3L	P4	HCC-3L|ATGTCATTTCCCATTG-1	ATGTCATTTCCCATTG-1	2.011148807578086	1.628947838677934
HCC-3L|P4|N44	HCC-3L	P4	HCC-3L|ATTAACACCTGAGATA-1	ATTAACACCTGAGATA-1	0.012435591372471041	0.49001860433570665
HCC-3L|P4|N44	HCC-3L	P4	HCC-3L|CAGTAGATGATGTCCG-1	CAGTAGATGATGTCCG-1	0.0	0.29644662718685055
HCC-3L|P4|N44	HCC-3L	P4	HCC-3L|CCCTCAAGCTCTTAGT-1	CCCTCAAGCTCTTAGT-1	0.0	0.29934468378938917
HCC-3L|P4|N44	HCC-3L	P4	HCC-3L|CCTGACAAACTCGCGC-1	CCTGACAAACTCGCGC-1	1.8735418146262057	1.2486191397961879
HCC-3L|P4|N44	HCC-3L	P4	HCC-3L|CGGAAAGCAAATGTGC-1	CGGAAAGCAAATGTGC-1	0.019483511174394043	0.6430426832015489
HCC-3L|P4|N44	HCC-3L	P4	HCC-3L|GAAATCTGACCAAGTT-1	GAAATCTGACCAAGTT-1	0.0	0.5717993737871058
HCC-3L|P4|N44	HCC-3L	P4	HCC-3L|GCACAAGTGGATCATA-1	GCACAAGTGGATCATA-1	0.0	0.3224051251683021
HCC-3L|P4|N44	HCC-3L	P4	HCC-3L|GCGATGTCTGTGCTTG-1	GCGATGTCTGTGCTTG-1	2.9644662718685058	1.4843057344963313
HCC-3L|P4|N44	HCC-3L	P4	HCC-3L|GCGGTGCGGAGCATCG-1	GCGGTGCGGAGCATCG-1	1.718594390846464	1.1846450398714559
HCC-3L|P4|N44	HCC-3L	P4	HCC-3L|GGGCGAATTTCTCCAC-1	GGGCGAATTTCTCCAC-1	0.0	0.3241345951095808
HCC-3L|P4|N44	HCC-3L	P4	HCC-3L|TACATCTTGTTTCTTG-1	TACATCTTGTTTCTTG-1	0.0	0.4900008591331426
HCC-3L|P4|N44	HCC-3L	P4	HCC-3L|TGAAGTAGCTTACGGA-1	TGAAGTAGCTTACGGA-1	3.8688615020196253	2.1036501109058525
HCC-3L|P4|N44	HCC-3L	P4	HCC-3L|TTCATAGGGTGTCCAT-1	TTCATAGGGTGTCCAT-1	0.0	0.3224051251683021
HCC-3L|P5|N2	HCC-3L	P5	HCC-3L|AAACAGGGTCTATATT-1	AAACAGGGTCTATATT-1	0.040200234531587525	0.5132709270270491
HCC-3L|P5|N2	HCC-3L	P5	HCC-3L|AAACTTGCAAACGTAT-1	AAACTTGCAAACGTAT-1	2.760511438682902	2.09741292220786
HCC-3L|P5|N2	HCC-3L	P5	HCC-3L|AAATGGCCCGTGCCCT-1	AAATGGCCCGTGCCCT-1	1.9540657591706458	1.3584521231451188
HCC-3L|P5|N2	HCC-3L	P5	HCC-3L|AACACGAGACGCGGCC-1	AACACGAGACGCGGCC-1	2.411849128516253	1.894372140773851
HCC-3L|P5|N2	HCC-3L	P5	HCC-3L|ACAGTAATACAACTTG-1	ACAGTAATACAACTTG-1	0.040237293079782306	0.44477660686456394
HCC-3L|P5|N2	HCC-3L	P5	HCC-3L|ACCTGCGTGTCATGTT-1	ACCTGCGTGTCATGTT-1	1.839074598693243	1.8566431034913564
HCC-3L|P5|N2	HCC-3L	P5	HCC-3L|ACTCCCATTCCTAAAG-1	ACTCCCATTCCTAAAG-1	2.0431251606043626	1.9775402989330777
HCC-3L|P5|N2	HCC-3L	P5	HCC-3L|AGGATCACGCGATCTG-1	AGGATCACGCGATCTG-1	2.5903728310308556	2.041254705071319
HCC-3L|P5|N2	HCC-3L	P5	HCC-3L|AGGGCGAGCAGCTGAT-1	AGGGCGAGCAGCTGAT-1	0.0	0.5927764627513697
HCC-3L|P5|N2	HCC-3L	P5	HCC-3L|AGGTCAGGTGAGAGTG-1	AGGTCAGGTGAGAGTG-1	1.7716624659950568	1.6191374991296827
HCC-3L|P5|N2	HCC-3L	P5	HCC-3L|ATCAGCTCGTCCACTA-1	ATCAGCTCGTCCACTA-1	0.0	0.3795198262171869
HCC-3L|P5|N2	HCC-3L	P5	HCC-3L|ATGTGAAAGCCTAATG-1	ATGTGAAAGCCTAATG-1	1.7882400276934536	1.2427459800560026
HCC-3L|P5|N2	HCC-3L	P5	HCC-3L|CAGTACCAGTTTACGT-1	CAGTACCAGTTTACGT-1	1.9866580916866932	1.5422926917438353
HCC-3L|P5|N2	HCC-3L	P5	HCC-3L|CCGAACACTGGGCCTC-1	CCGAACACTGGGCCTC-1	0.0	0.6078937812612165
HCC-3L|P5|N2	HCC-3L	P5	HCC-3L|CCGGCGTGAGACTCTG-1	CCGGCGTGAGACTCTG-1	0.0	0.5138438049259494
HCC-3L|P5|N2	HCC-3L	P5	HCC-3L|CGAACGGCCGGACAAC-1	CGAACGGCCGGACAAC-1	2.968956758897826	2.051196676683904
HCC-3L|P5|N2	HCC-3L	P5	HCC-3L|CGACCCTTAACGCCGG-1	CGACCCTTAACGCCGG-1	2.9088419608462903	1.4596104652230555
HCC-3L|P5|N2	HCC-3L	P5	HCC-3L|CTATGTGAGTCACGGC-1	CTATGTGAGTCACGGC-1	2.583300241192356	2.011418568011127
HCC-3L|P5|N2	HCC-3L	P5	HCC-3L|GAGTAAGGCCACGGGA-1	GAGTAAGGCCACGGGA-1	1.3704311166276447e-05	0.7098533026055944
HCC-3L|P5|N2	HCC-3L	P5	HCC-3L|GCAACACACTAGAACT-1	GCAACACACTAGAACT-1	2.0866703432621407	1.8328972837601816
HCC-3L|P5|N2	HCC-3L	P5	HCC-3L|GCCAAGAATACTTCTG-1	GCCAAGAATACTTCTG-1	3.2048092050709194	1.6075681088696965
HCC-3L|P5|N2	HCC-3L	P5	HCC-3L|GTGGGAAGACTGAATC-1	GTGGGAAGACTGAATC-1	5.1293081763576444e-05	0.5551246318560078
HCC-3L|P5|N2	HCC-3L	P5	HCC-3L|TACTTTCCGCACGCCA-1	TACTTTCCGCACGCCA-1	0.0	0.6367100264149463
HCC-3L|P5|N2	HCC-3L	P5	HCC-3L|TCAACATCGACCGAGA-1	TCAACATCGACCGAGA-1	1.9509136952593409	1.1907402552246085
HCC-3L|P5|N2	HCC-3L	P5	HCC-3L|TCGGAGAGTATCGGGA-1	TCGGAGAGTATCGGGA-1	0.0	0.5117538451689158
HCC-3L|P5|N2	HCC-3L	P5	HCC-3L|TGACGAATATTTCCCT-1	TGACGAATATTTCCCT-1	1.9409569858172822	1.2116634057602664
HCC-3L|P5|N6	HCC-3L	P5	HCC-3L|AACAATACATTGTCGA-1	AACAATACATTGTCGA-1	1.8216508894924672	1.2408431008583887
HCC-3L|P5|N6	HCC-3L	P5	HCC-3L|AACAGCTGTGTGGCAA-1	AACAGCTGTGTGGCAA-1	2.461124222395536	1.821627098137598
HCC-3L|P5|N6	HCC-3L	P5	HCC-3L|CGTGTCTCGTTACGAC-1	CGTGTCTCGTTACGAC-1	0.0	0.4701472289004309
HCC-3L|P5|N6	HCC-3L	P5	HCC-3L|CTAAATCCGGTGTACA-1	CTAAATCCGGTGTACA-1	2.068062250241112	1.348579717858897
HCC-3L|P5|N6	HCC-3L	P5	HCC-3L|GAAGAAACGATATTGT-1	GAAGAAACGATATTGT-1	1.9310819504130639	1.4623634939633197
HCC-3L|P5|N6	HCC-3L	P5	HCC-3L|GAATAGTGCTCGATTA-1	GAATAGTGCTCGATTA-1	1.8519626103574924	1.2501240668232112
HCC-3L|P5|N6	HCC-3L	P5	HCC-3L|GCGACCCAACCATCTG-1	GCGACCCAACCATCTG-1	1.6609278841836623	1.0355597151175706
HCC-3L|P5|N6	HCC-3L	P5	HCC-3L|GGACCTCTAGGCCGCC-1	GGACCTCTAGGCCGCC-1	1.6386558198674297	1.185345091001098
HCC-3L|P5|N6	HCC-3L	P5	HCC-3L|TCGAATATCCCGCAGG-1	TCGAATATCCCGCAGG-1	0.0	0.4800589938705524
HCC-3L|P5|N6	HCC-3L	P5	HCC-3L|TGCGACGGCCGAACGT-1	TGCGACGGCCGAACGT-1	2.5053913338524496e-05	0.5037567094224384
HCC-3L|P5|N6	HCC-3L	P5	HCC-3L|TTGTTTCATTAGTCTA-1	TTGTTTCATTAGTCTA-1	1.8620891349004651	1.2970639236702293
HCC-3L|P5|N12	HCC-3L	P5	HCC-3L|AAGAAAGTTTGATGGG-1	AAGAAAGTTTGATGGG-1	0.0	0.5094615794676878
HCC-3L|P5|N12	HCC-3L	P5	HCC-3L|ACCCGTAGCAGAGAAT-1	ACCCGTAGCAGAGAAT-1	2.83743724290014	1.7636848563311736
HCC-3L|P5|N12	HCC-3L	P5	HCC-3L|ACGGGTTGTGACCTGT-1	ACGGGTTGTGACCTGT-1	0.0	0.6469466415680066
HCC-3L|P5|N12	HCC-3L	P5	HCC-3L|ACTTTATACACCACTT-1	ACTTTATACACCACTT-1	0.0	0.5814193384561153
HCC-3L|P5|N12	HCC-3L	P5	HCC-3L|AGCTTGATCAGGGTAG-1	AGCTTGATCAGGGTAG-1	0.0	0.44362179756808773
HCC-3L|P5|N12	HCC-3L	P5	HCC-3L|CGCCAGTAGTACCTTG-1	CGCCAGTAGTACCTTG-1	2.5408140857925052	1.719676955544962
HCC-3L|P5|N12	HCC-3L	P5	HCC-3L|CTATAAGTAGGGTTTG-1	CTATAAGTAGGGTTTG-1	1.598780732780738	1.0358434699653807
HCC-3L|P5|N12	HCC-3L	P5	HCC-3L|GACCGGTGATACTCTC-1	GACCGGTGATACTCTC-1	2.629686704977792	1.956552476718682
HCC-3L|P5|N12	HCC-3L	P5	HCC-3L|GCTACTCGGACGCAGA-1	GCTACTCGGACGCAGA-1	2.5538017088843725	1.7077759203397112
HCC-3L|P5|N12	HCC-3L	P5	HCC-3L|GTTTCTTGTTAGAGCT-1	GTTTCTTGTTAGAGCT-1	2.5798712849539145	1.5529043129747364
HCC-3L|P5|N12	HCC-3L	P5	HCC-3L|TAGCCATGATTGCCTA-1	TAGCCATGATTGCCTA-1	0.0	0.6610044197980849
HCC-3L|P5|N12	HCC-3L	P5	HCC-3L|TCTGTTTAGATTGTTC-1	TCTGTTTAGATTGTTC-1	0.0	0.8639147356436941
HCC-3L|P5|N12	HCC-3L	P5	HCC-3L|TTAGCATCCCTCACGT-1	TTAGCATCCCTCACGT-1	0.0	0.42997854749231906
HCC-3L|P5|N13	HCC-3L	P5	HCC-3L|AAGACCAAATAACTCA-1	AAGACCAAATAACTCA-1	2.294566773446217	1.5710156875785406
HCC-3L|P5|N13	HCC-3L	P5	HCC-3L|ACCGTCCACTGGGCCC-1	ACCGTCCACTGGGCCC-1	0.0	0.5972417660274467
HCC-3L|P5|N13	HCC-3L	P5	HCC-3L|CCATAGAGGCTGCCAG-1	CCATAGAGGCTGCCAG-1	1.8870172188047982	1.4658685463651433
HCC-3L|P5|N13	HCC-3L	P5	HCC-3L|CCGAAGCATTGACCAA-1	CCGAAGCATTGACCAA-1	2.4383284080946406	2.107333706537308
HCC-3L|P5|N13	HCC-3L	P5	HCC-3L|CCGCGCAAGATACCCA-1	CCGCGCAAGATACCCA-1	2.225875216712597	1.333475875203844
HCC-3L|P5|N13	HCC-3L	P5	HCC-3L|CTATACTTAAAGCGAG-1	CTATACTTAAAGCGAG-1	2.646459202170546	2.0795823277203684
HCC-3L|P5|N13	HCC-3L	P5	HCC-3L|GGGCACTATTGACCAT-1	GGGCACTATTGACCAT-1	2.117462321367691	1.6397148964396775
HCC-3L|P5|N13	HCC-3L	P5	HCC-3L|TACTGAGGGAAGAAAG-1	TACTGAGGGAAGAAAG-1	1.712528514090598	1.2167097259535855
HCC-3L|P5|N13	HCC-3L	P5	HCC-3L|TATGTAGAAACCCGGC-1	TATGTAGAAACCCGGC-1	0.0	0.5371186413026213
HCC-3L|P5|N13	HCC-3L	P5	HCC-3L|TCAGCTTGAGCTTTCG-1	TCAGCTTGAGCTTTCG-1	0.0	0.5824830616875696
HCC-3L|P5|N16	HCC-3L	P5	HCC-3L|AAGCGTCCCTCATCGA-1	AAGCGTCCCTCATCGA-1	1.8617421491571804	1.440053280256111
HCC-3L|P5|N16	HCC-3L	P5	HCC-3L|ATTTCCGGGTTCTGCG-1	ATTTCCGGGTTCTGCG-1	0.0	0.8163205736257103
HCC-3L|P5|N16	HCC-3L	P5	HCC-3L|CACTCCTATGTAAGAT-1	CACTCCTATGTAAGAT-1	2.552344961614603	1.8894803117199461
HCC-3L|P5|N16	HCC-3L	P5	HCC-3L|GGCAAAGGCGCCAATA-1	GGCAAAGGCGCCAATA-1	0.2689020622393283	0.39194046114666636
HCC-3L|P5|N16	HCC-3L	P5	HCC-3L|GTGGAGTCGGCGGTTG-1	GTGGAGTCGGCGGTTG-1	0.18600621285872937	0.512168396062943
HCC-3L|P5|N16	HCC-3L	P5	HCC-3L|TAAACCCAGGAGGGCA-1	TAAACCCAGGAGGGCA-1	3.089873160324027	1.7445214626934276
HCC-3L|P5|N16	HCC-3L	P5	HCC-3L|TACGCCGAGGGTACCC-1	TACGCCGAGGGTACCC-1	1.944616384051653	1.3401487845901419
HCC-3L|P5|N16	HCC-3L	P5	HCC-3L|TCGAGCCAGGCAGGCC-1	TCGAGCCAGGCAGGCC-1	1.613225122463992	1.1744531537963112
HCC-3L|P5|N16	HCC-3L	P5	HCC-3L|TCGTCAAGTACGCGCA-1	TCGTCAAGTACGCGCA-1	0.0	0.508806699946459
HCC-3L|P5|N16	HCC-3L	P5	HCC-3L|TTCGGGCGCTAGTCTT-1	TTCGGGCGCTAGTCTT-1	1.9401103152789125	1.4557405188725694
HCC-3L|P5|N20	HCC-3L	P5	HCC-3L|AAGTGCGTTAGAATCT-1	AAGTGCGTTAGAATCT-1	1.8812497239083283	1.2955720206690802
HCC-3L|P5|N20	HCC-3L	P5	HCC-3L|AATGACAGCAATGTCT-1	AATGACAGCAATGTCT-1	1.6497390153359155	1.2789245410917849
HCC-3L|P5|N20	HCC-3L	P5	HCC-3L|ACCTAAGTACCTTTCA-1	ACCTAAGTACCTTTCA-1	1.8543319051946392	1.750670008303086
HCC-3L|P5|N20	HCC-3L	P5	HCC-3L|AGAAGTGATTCGTGAT-1	AGAAGTGATTCGTGAT-1	0.0	0.5017319027579815
HCC-3L|P5|N20	HCC-3L	P5	HCC-3L|AGTCGTGGGCATTACG-1	AGTCGTGGGCATTACG-1	0.11584427351115732	0.5862168686491399
HCC-3L|P5|N20	HCC-3L	P5	HCC-3L|GATCCTCGACACTGGC-1	GATCCTCGACACTGGC-1	0.0	0.6134308662978071
HCC-3L|P5|N20	HCC-3L	P5	HCC-3L|GTAGAGGGAGACAAGT-1	GTAGAGGGAGACAAGT-1	2.5479721831446556	1.4660963925257944
HCC-3L|P5|N20	HCC-3L	P5	HCC-3L|TACCTTAAGATTTCCC-1	TACCTTAAGATTTCCC-1	2.489794093851534	2.087710277125828
HCC-3L|P5|N20	HCC-3L	P5	HCC-3L|TATTCCTCCGCCCACT-1	TATTCCTCCGCCCACT-1	0.0	0.38405126081086133
HCC-3L|P5|N20	HCC-3L	P5	HCC-3L|TCAACGCAGGAAATAA-1	TCAACGCAGGAAATAA-1	2.958866307234391	1.9789219048157027
HCC-3L|P5|N20	HCC-3L	P5	HCC-3L|TTGTGGTAGGAGGGAT-1	TTGTGGTAGGAGGGAT-1	1.7695718107274583	1.4132211791244425
HCC-3L|P5|N21	HCC-3L	P5	HCC-3L|AAGTTTATGGGCCCAA-1	AAGTTTATGGGCCCAA-1	2.4749475811410337	1.6141517352579822
HCC-3L|P5|N21	HCC-3L	P5	HCC-3L|ACGTAGGAGAGTCGCT-1	ACGTAGGAGAGTCGCT-1	0.0	0.4301935256458942
HCC-3L|P5|N21	HCC-3L	P5	HCC-3L|AGCGGGTCTGACACTC-1	AGCGGGTCTGACACTC-1	2.050775709812551	1.224742476515225
HCC-3L|P5|N21	HCC-3L	P5	HCC-3L|AGGCTTAAGTTGCACA-1	AGGCTTAAGTTGCACA-1	0.0	0.38178046457937775
HCC-3L|P5|N21	HCC-3L	P5	HCC-3L|ATCTAGCTTGTGAGGG-1	ATCTAGCTTGTGAGGG-1	0.0	0.370252597426662
HCC-3L|P5|N21	HCC-3L	P5	HCC-3L|ATGTAGCGCGCGTAGG-1	ATGTAGCGCGCGTAGG-1	0.0	0.38052944499274516
HCC-3L|P5|N21	HCC-3L	P5	HCC-3L|CAAACCCTCCGGCGGG-1	CAAACCCTCCGGCGGG-1	0.0	0.4567282318799095
HCC-3L|P5|N21	HCC-3L	P5	HCC-3L|CCGCTCCAGGGCGATC-1	CCGCTCCAGGGCGATC-1	0.3184164748081845	0.6613014057221744
HCC-3L|P5|N21	HCC-3L	P5	HCC-3L|CCTATGGTCAAAGCTG-1	CCTATGGTCAAAGCTG-1	2.4287295774776747	1.6199650421095395
HCC-3L|P5|N21	HCC-3L	P5	HCC-3L|CGAAGATCAGTTTCAT-1	CGAAGATCAGTTTCAT-1	0.0	0.5029781371868708
HCC-3L|P5|N21	HCC-3L	P5	HCC-3L|CGGACCTTTACGTCCC-1	CGGACCTTTACGTCCC-1	3.070916548978822	1.582788197615538
HCC-3L|P5|N21	HCC-3L	P5	HCC-3L|CGGTTGGGCAGGGTCC-1	CGGTTGGGCAGGGTCC-1	0.0	0.38122220770140514
HCC-3L|P5|N21	HCC-3L	P5	HCC-3L|CTTAGATGTTTCATCC-1	CTTAGATGTTTCATCC-1	2.6426666335047893	1.7025555244537998
HCC-3L|P5|N21	HCC-3L	P5	HCC-3L|GAACTGTGGAGAGACA-1	GAACTGTGGAGAGACA-1	0.0	0.4017487530654223
HCC-3L|P5|N21	HCC-3L	P5	HCC-3L|GACAGAGGTCTTCAGT-1	GACAGAGGTCTTCAGT-1	0.0	0.42267226626548743
HCC-3L|P5|N21	HCC-3L	P5	HCC-3L|GAGCTCAACATGAGCG-1	GAGCTCAACATGAGCG-1	3.062273884911497	1.542499354796332
HCC-3L|P5|N21	HCC-3L	P5	HCC-3L|GAGGTACGCGTGTCCC-1	GAGGTACGCGTGTCCC-1	2.3922554593073935	1.5694198369278822
HCC-3L|P5|N21	HCC-3L	P5	HCC-3L|GCACACAGCTATTACC-1	GCACACAGCTATTACC-1	0.0	0.5697915382909036
HCC-3L|P5|N21	HCC-3L	P5	HCC-3L|GCACTGCCTACCTTTA-1	GCACTGCCTACCTTTA-1	0.0	0.370252597426662
HCC-3L|P5|N21	HCC-3L	P5	HCC-3L|GCGAATGGACTAGCGA-1	GCGAATGGACTAGCGA-1	0.0	0.41443181797564793
HCC-3L|P5|N21	HCC-3L	P5	HCC-3L|GCGACGGTAGTCTCCT-1	GCGACGGTAGTCTCCT-1	0.0	0.6832195359446253
HCC-3L|P5|N21	HCC-3L	P5	HCC-3L|GCGGGCAGACGGGTGA-1	GCGGGCAGACGGGTGA-1	0.33079712782616316	0.4199188736326668
HCC-3L|P5|N21	HCC-3L	P5	HCC-3L|GGAAAGGGAATTGAGC-1	GGAAAGGGAATTGAGC-1	2.244151310213876	1.5573026899746976
HCC-3L|P5|N21	HCC-3L	P5	HCC-3L|GGAGCGAGGCCTACTT-1	GGAGCGAGGCCTACTT-1	0.0	0.6079943848271752
HCC-3L|P5|N21	HCC-3L	P5	HCC-3L|GTATCAAGGTACTTCC-1	GTATCAAGGTACTTCC-1	0.24954260270533954	0.5676936229520613
HCC-3L|P5|N21	HCC-3L	P5	HCC-3L|GTCCGGGTTCACATTA-1	GTCCGGGTTCACATTA-1	2.0914057587719084	1.2519485111477069
HCC-3L|P5|N21	HCC-3L	P5	HCC-3L|GTGCTATCCAGCTGGA-1	GTGCTATCCAGCTGGA-1	0.3271344134888775	0.4180875164640239
HCC-3L|P5|N21	HCC-3L	P5	HCC-3L|TAAATTGTGGGTAAAG-1	TAAATTGTGGGTAAAG-1	2.330515182202986	1.5724924197447152
HCC-3L|P5|N21	HCC-3L	P5	HCC-3L|TCCTTGTCCTTTAATT-1	TCCTTGTCCTTTAATT-1	0.0	0.5829235764492181
HCC-3L|P5|N21	HCC-3L	P5	HCC-3L|TCGATTTACGAAACGA-1	TCGATTTACGAAACGA-1	3.054243716635022	1.5819494867604311
HCC-3L|P5|N21	HCC-3L	P5	HCC-3L|TGCCGTGGGACCCAAT-1	TGCCGTGGGACCCAAT-1	2.8178525227511657	1.4711403795837534
HCC-3L|P5|N21	HCC-3L	P5	HCC-3L|TGGGTGTTAAGTAGAA-1	TGGGTGTTAAGTAGAA-1	0.13634894808699902	0.598381619833716
HCC-3L|P5|N25	HCC-3L	P5	HCC-3L|AATCTGCGTTGGGACG-1	AATCTGCGTTGGGACG-1	0.022991700999330532	0.3834555476854054
HCC-3L|P5|N25	HCC-3L	P5	HCC-3L|ACCGATGGTAGCATCG-1	ACCGATGGTAGCATCG-1	0.01738125365746414	0.39343074435865283
HCC-3L|P5|N25	HCC-3L	P5	HCC-3L|ACTTATACTTACCCGG-1	ACTTATACTTACCCGG-1	0.013563075023592315	0.5279018677651303
HCC-3L|P5|N25	HCC-3L	P5	HCC-3L|AGGGTGCTCTCGAGGG-1	AGGGTGCTCTCGAGGG-1	1.5496479579977844	1.2591761377786093
HCC-3L|P5|N25	HCC-3L	P5	HCC-3L|CACACGCGCTGTCTTA-1	CACACGCGCTGTCTTA-1	1.588446284503136	1.2717120549732244
HCC-3L|P5|N25	HCC-3L	P5	HCC-3L|CCCAAACATGCTGCTC-1	CCCAAACATGCTGCTC-1	1.6327820944859655	1.2930606337129515
HCC-3L|P5|N25	HCC-3L	P5	HCC-3L|CGGCAGGGTCGGGTTG-1	CGGCAGGGTCGGGTTG-1	2.844132339382026	1.4310962348643073
HCC-3L|P5|N25	HCC-3L	P5	HCC-3L|GAAGTCTCCCTAGCGA-1	GAAGTCTCCCTAGCGA-1	2.882000518088142	1.4506369092487832
HCC-3L|P5|N25	HCC-3L	P5	HCC-3L|GCTTATGAAGCAGGAA-1	GCTTATGAAGCAGGAA-1	1.6229985433319687	1.2995724128331076
HCC-3L|P5|N25	HCC-3L	P5	HCC-3L|GGATGTCCTTACCGCA-1	GGATGTCCTTACCGCA-1	1.7019423146914017	1.3269862439969784
HCC-3L|P5|N25	HCC-3L	P5	HCC-3L|GGTTTCAATCGGTCAG-1	GGTTTCAATCGGTCAG-1	1.5801344946226215	1.2643368339398802
HCC-3L|P5|N25	HCC-3L	P5	HCC-3L|GTAGCTTCCTCTTGTT-1	GTAGCTTCCTCTTGTT-1	3.0023899478508436	1.5077371976218348
HCC-3L|P5|N25	HCC-3L	P5	HCC-3L|GTTGGATTGAGAACAC-1	GTTGGATTGAGAACAC-1	0.008360153746767065	0.38834123400261095
HCC-3L|P5|N25	HCC-3L	P5	HCC-3L|TAGACGCCCGTACCGG-1	TAGACGCCCGTACCGG-1	0.0	0.5168602151435582
HCC-3L|P5|N25	HCC-3L	P5	HCC-3L|TTACGGATGGTTCGAG-1	TTACGGATGGTTCGAG-1	0.021558886238060102	0.5119566006857076
HCC-3L|P5|N25	HCC-3L	P5	HCC-3L|TTCTAACCGAAGCTTA-1	TTCTAACCGAAGCTTA-1	2.5085902098045216	2.0606244123716673
HCC-3L|P5|N27	HCC-3L	P5	HCC-3L|AATTGTGGTTGCCAAA-1	AATTGTGGTTGCCAAA-1	3.076493816086622	1.6348375107594402
HCC-3L|P5|N27	HCC-3L	P5	HCC-3L|AGGAACGAACGACTTC-1	AGGAACGAACGACTTC-1	0.21789301719355122	0.4064362882245196
HCC-3L|P5|N27	HCC-3L	P5	HCC-3L|ATGTACATGCGGTGAG-1	ATGTACATGCGGTGAG-1	0.20966356918594264	0.3610133417920047
HCC-3L|P5|N27	HCC-3L	P5	HCC-3L|CGTATCTAGAACTAAG-1	CGTATCTAGAACTAAG-1	0.19843208462276057	0.39887087074444727
HCC-3L|P5|N27	HCC-3L	P5	HCC-3L|GAGAGGCCTATGTGTA-1	GAGAGGCCTATGTGTA-1	0.24937859133093332	0.39759978739124857
HCC-3L|P5|N27	HCC-3L	P5	HCC-3L|GTCCACGTCGCATTCG-1	GTCCACGTCGCATTCG-1	0.22339800566705695	0.40612447680636143
HCC-3L|P5|N27	HCC-3L	P5	HCC-3L|GTTCGGAGCACTCAAC-1	GTTCGGAGCACTCAAC-1	2.8679283418371835	1.5074560600227158
HCC-3L|P5|N27	HCC-3L	P5	HCC-3L|TAATTCCAATGCTTCA-1	TAATTCCAATGCTTCA-1	0.26998553377924844	0.42606101004820207
HCC-3L|P5|N27	HCC-3L	P5	HCC-3L|TCCCTCTTCTCAAGGG-1	TCCCTCTTCTCAAGGG-1	0.22726990111850692	0.3725222169118373
HCC-3L|P5|N27	HCC-3L	P5	HCC-3L|TTACGTATCTATGACA-1	TTACGTATCTATGACA-1	0.23871885439382295	0.3959091145821404
HCC-3L|P5|N28	HCC-3L	P5	HCC-3L|ACAACAGCATGAGCTA-1	ACAACAGCATGAGCTA-1	1.9017791254816954	1.134360785442712
HCC-3L|P5|N28	HCC-3L	P5	HCC-3L|ACACGAGACTCCTTCT-1	ACACGAGACTCCTTCT-1	0.0	0.49427737573810687
HCC-3L|P5|N28	HCC-3L	P5	HCC-3L|CCGGGCGGTCTCGTCA-1	CCGGGCGGTCTCGTCA-1	2.0006125615505157	1.4136561666695555
HCC-3L|P5|N28	HCC-3L	P5	HCC-3L|CCGTAAGTTGGTCCCA-1	CCGTAAGTTGGTCCCA-1	2.795094049548102	2.083742328772521
HCC-3L|P5|N28	HCC-3L	P5	HCC-3L|CTCTCACAATCGATGA-1	CTCTCACAATCGATGA-1	2.201654672422372	1.4116334892474285
HCC-3L|P5|N28	HCC-3L	P5	HCC-3L|GGAGGGCTTGGTTGGC-1	GGAGGGCTTGGTTGGC-1	0.0	0.5851485776046836
HCC-3L|P5|N28	HCC-3L	P5	HCC-3L|GGCGGTAGGATCATTG-1	GGCGGTAGGATCATTG-1	1.8278947109532147	1.0974185781784715
HCC-3L|P5|N28	HCC-3L	P5	HCC-3L|GGGAGTTAATGAGGCG-1	GGGAGTTAATGAGGCG-1	2.16510458118347	1.6357403569407927
HCC-3L|P5|N28	HCC-3L	P5	HCC-3L|TCGGACGCCCAGCCCA-1	TCGGACGCCCAGCCCA-1	2.2260763201575857	1.3459626642078013
HCC-3L|P5|N28	HCC-3L	P5	HCC-3L|TCGGAGTACATGAGTA-1	TCGGAGTACATGAGTA-1	0.0	0.5056246890179734
HCC-3L|P5|N28	HCC-3L	P5	HCC-3L|TTACTCCGGCCGGGAA-1	TTACTCCGGCCGGGAA-1	0.0	0.5719767128996469
HCC-3L|P5|N28	HCC-3L	P5	HCC-3L|TTGAATATGGACTTTC-1	TTGAATATGGACTTTC-1	1.8425501850900756	1.3346249784393356
HCC-3L|P5|N29	HCC-3L	P5	HCC-3L|ACAGCATAGAGCCAGT-1	ACAGCATAGAGCCAGT-1	1.4959242952024816	1.3645238641980617
HCC-3L|P5|N29	HCC-3L	P5	HCC-3L|ACCGAAAGGGCCCTGC-1	ACCGAAAGGGCCCTGC-1	0.0	0.4296128017780975
HCC-3L|P5|N29	HCC-3L	P5	HCC-3L|ACGTTCCGCGCTCCGT-1	ACGTTCCGCGCTCCGT-1	2.2966812075233856	1.3865633049128414
HCC-3L|P5|N29	HCC-3L	P5	HCC-3L|ATACCAGGCTAATAGA-1	ATACCAGGCTAATAGA-1	2.858672413813784	1.8364613065408637
HCC-3L|P5|N29	HCC-3L	P5	HCC-3L|ATATTCCCACAGGTCA-1	ATATTCCCACAGGTCA-1	2.168764670692174	1.5582037838061003
HCC-3L|P5|N29	HCC-3L	P5	HCC-3L|CACCATCGGAGGAGAC-1	CACCATCGGAGGAGAC-1	0.0	0.4412097602248688
HCC-3L|P5|N29	HCC-3L	P5	HCC-3L|CATGCTGGCTCCAATT-1	CATGCTGGCTCCAATT-1	1.5487771459322754	0.9551189621904855
HCC-3L|P5|N29	HCC-3L	P5	HCC-3L|CGGCTTTGTATGATAA-1	CGGCTTTGTATGATAA-1	0.0	0.4296128017780975
HCC-3L|P5|N29	HCC-3L	P5	HCC-3L|CTTGACCCGAAAGATA-1	CTTGACCCGAAAGATA-1	0.0	0.5786180580917116
HCC-3L|P5|N29	HCC-3L	P5	HCC-3L|GATATCTCATGCAATA-1	GATATCTCATGCAATA-1	0.0	0.39847736711912546
HCC-3L|P5|N29	HCC-3L	P5	HCC-3L|TCGGGTGAAACTGCTA-1	TCGGGTGAAACTGCTA-1	2.5888199880842744	1.7459752688605805
HCC-3L|P5|N29	HCC-3L	P5	HCC-3L|TGTCCCGACATAGCAC-1	TGTCCCGACATAGCAC-1	1.0641865888050555	1.0532190405674386
HCC-3L|P5|N29	HCC-3L	P5	HCC-3L|TTAACGTCGCAAGACC-1	TTAACGTCGCAAGACC-1	0.0	0.45395770015817155
HCC-3L|P5|N29	HCC-3L	P5	HCC-3L|TTGGATCGACTTCTGG-1	TTGGATCGACTTCTGG-1	1.5769693515803442	1.0938759191558627
HCC-3L|P5|N38	HCC-3L	P5	HCC-3L|ACTCGATGTATTTCAT-1	ACTCGATGTATTTCAT-1	2.76309632145893	2.4801701075323237
HCC-3L|P5|N38	HCC-3L	P5	HCC-3L|ATAGCCTCAGTACCCA-1	ATAGCCTCAGTACCCA-1	0.008630547639169782	0.3733843184428619
HCC-3L|P5|N38	HCC-3L	P5	HCC-3L|ATAGCTGCTCTTGTTA-1	ATAGCTGCTCTTGTTA-1	0.0	0.597893775204538
HCC-3L|P5|N38	HCC-3L	P5	HCC-3L|ATCTGATAGTGTCTTA-1	ATCTGATAGTGTCTTA-1	0.0	0.4115944121015033
HCC-3L|P5|N38	HCC-3L	P5	HCC-3L|ATGTCATTTCCCATTG-1	ATGTCATTTCCCATTG-1	0.0	0.4565214811007761
HCC-3L|P5|N38	HCC-3L	P5	HCC-3L|ATGTTCCTGCCCACCT-1	ATGTTCCTGCCCACCT-1	1.976233521030474	1.374244226739587
HCC-3L|P5|N38	HCC-3L	P5	HCC-3L|CGGAAAGCAAATGTGC-1	CGGAAAGCAAATGTGC-1	2.429444854292939	1.585346384363697
HCC-3L|P5|N38	HCC-3L	P5	HCC-3L|CGTCAGCTATTTACTC-1	CGTCAGCTATTTACTC-1	2.4729203856541577	2.062891982969131
HCC-3L|P5|N38	HCC-3L	P5	HCC-3L|GATCTTCATTGTCCTC-1	GATCTTCATTGTCCTC-1	1.704913244082479	1.442430482551536
HCC-3L|P5|N38	HCC-3L	P5	HCC-3L|GCTCAACCTCTTAGAG-1	GCTCAACCTCTTAGAG-1	2.7255207508618318	2.3072801981689697
HCC-3L|P5|N38	HCC-3L	P5	HCC-3L|GCTGAGCAACGGTTCT-1	GCTGAGCAACGGTTCT-1	0.0	0.5408027304542772
HCC-3L|P5|N38	HCC-3L	P5	HCC-3L|GGGCGAATTTCTCCAC-1	GGGCGAATTTCTCCAC-1	1.9080088438303666	1.7481195804792182
HCC-3L|P5|N38	HCC-3L	P5	HCC-3L|TAAACGTCGTCAATGA-1	TAAACGTCGTCAATGA-1	1.963518976371214	1.799458256286422
HCC-3L|P5|N38	HCC-3L	P5	HCC-3L|TACATCTTGTTTCTTG-1	TACATCTTGTTTCTTG-1	2.716768343055756	1.3764702747679534
HCC-3L|P5|N38	HCC-3L	P5	HCC-3L|TCACTCTTCGTCTGTC-1	TCACTCTTCGTCTGTC-1	2.213978800882719	2.0679047349852384
HCC-3L|P5|N38	HCC-3L	P5	HCC-3L|TGAAGAGCGGTCCTAG-1	TGAAGAGCGGTCCTAG-1	2.1026112037819074	1.5872789827989706
HCC-3L|P5|N38	HCC-3L	P5	HCC-3L|TGAAGTAGCTTACGGA-1	TGAAGTAGCTTACGGA-1	0.18420397570045352	0.6807713394665834
HCC-3L|P5|N38	HCC-3L	P5	HCC-3L|TGCACTATGTGAGTGC-1	TGCACTATGTGAGTGC-1	2.465045433012653	1.6030455092325815
HCC-3L|P5|N44	HCC-3L	P5	HCC-3L|AGCGACTTTGAAGACA-1	AGCGACTTTGAAGACA-1	1.506000930620992	1.2725903931461868
HCC-3L|P5|N44	HCC-3L	P5	HCC-3L|CAAGTCGTTGAAATCT-1	CAAGTCGTTGAAATCT-1	1.6746910854010375	1.2172457160156143
HCC-3L|P5|N44	HCC-3L	P5	HCC-3L|CCGTTTCCTTTCCGTG-1	CCGTTTCCTTTCCGTG-1	2.2197538121351315	1.930398023369908
HCC-3L|P5|N44	HCC-3L	P5	HCC-3L|GATTAGAAACAAGCGT-1	GATTAGAAACAAGCGT-1	2.3895475134096706	1.7360877308991303
HCC-3L|P5|N44	HCC-3L	P5	HCC-3L|GCTGCGAAGAATTATT-1	GCTGCGAAGAATTATT-1	0.0	0.394049648421307
HCC-3L|P5|N44	HCC-3L	P5	HCC-3L|GGAAAGTCTTGATTGT-1	GGAAAGTCTTGATTGT-1	0.0	0.3605427603300054
HCC-3L|P5|N44	HCC-3L	P5	HCC-3L|GGAACTCGTGAATACG-1	GGAACTCGTGAATACG-1	0.0	0.43037081764642326
HCC-3L|P5|N44	HCC-3L	P5	HCC-3L|GGTTACCGCTCCCTAC-1	GGTTACCGCTCCCTAC-1	1.9369656105503938	1.4780913266223465
HCC-3L|P5|N44	HCC-3L	P5	HCC-3L|TGGATGGCATCTTGGA-1	TGGATGGCATCTTGGA-1	0.0	0.6750557285196451
HCC-3L|P5|N44	HCC-3L	P5	HCC-3L|TTCCAGTGGGTTTCGT-1	TTCCAGTGGGTTTCGT-1	2.3390482676460134	1.6931901680684933
HCC-3L|P6|N1	HCC-3L	P6	HCC-3L|AAACAGGGTCTATATT-1	AAACAGGGTCTATATT-1	1.1917886023943436	1.0850204291561794
HCC-3L|P6|N1	HCC-3L	P6	HCC-3L|AAATGGCCCGTGCCCT-1	AAATGGCCCGTGCCCT-1	1.4435745559846411	1.1038259319664354
HCC-3L|P6|N1	HCC-3L	P6	HCC-3L|ACTCCCATTCCTAAAG-1	ACTCCCATTCCTAAAG-1	1.7604437105370587	1.276842383207129
HCC-3L|P6|N1	HCC-3L	P6	HCC-3L|AGGATCACGCGATCTG-1	AGGATCACGCGATCTG-1	2.9605380105995662	2.0325067076560446
HCC-3L|P6|N1	HCC-3L	P6	HCC-3L|AGTGGTGTTACCCGTG-1	AGTGGTGTTACCCGTG-1	2.6729464517982024	1.5589583617548664
HCC-3L|P6|N1	HCC-3L	P6	HCC-3L|ATCAGCTCGTCCACTA-1	ATCAGCTCGTCCACTA-1	1.6239258370898122	1.1804778923380805
HCC-3L|P6|N1	HCC-3L	P6	HCC-3L|CAGTACCAGTTTACGT-1	CAGTACCAGTTTACGT-1	0.0	0.5137130230934389
HCC-3L|P6|N1	HCC-3L	P6	HCC-3L|CCGGCGTGAGACTCTG-1	CCGGCGTGAGACTCTG-1	0.0	0.8837634912755158
HCC-3L|P6|N1	HCC-3L	P6	HCC-3L|CGAACGGCCGGACAAC-1	CGAACGGCCGGACAAC-1	1.798908324663627	1.392185022626061
HCC-3L|P6|N1	HCC-3L	P6	HCC-3L|CGACCCTTAACGCCGG-1	CGACCCTTAACGCCGG-1	4.070605210844463	2.1361239155329175
HCC-3L|P6|N1	HCC-3L	P6	HCC-3L|GAGTAAGGCCACGGGA-1	GAGTAAGGCCACGGGA-1	0.0	0.9719860920438083
HCC-3L|P6|N1	HCC-3L	P6	HCC-3L|GCAACACACTAGAACT-1	GCAACACACTAGAACT-1	0.0	0.2966126696000571
HCC-3L|P6|N1	HCC-3L	P6	HCC-3L|GCCAAGAATACTTCTG-1	GCCAAGAATACTTCTG-1	2.6698216302691806	1.5576563527844405
HCC-3L|P6|N1	HCC-3L	P6	HCC-3L|TCGGCGTACTGCACAA-1	TCGGCGTACTGCACAA-1	0.018067118933887294	0.48357781346146667
HCC-3L|P6|N1	HCC-3L	P6	HCC-3L|TGGCCAATTTGGTACT-1	TGGCCAATTTGGTACT-1	0.0	0.34072269414819584
HCC-3L|P6|N1	HCC-3L	P6	HCC-3L|TTATCTGACATTAGGA-1	TTATCTGACATTAGGA-1	0.0	0.4452306735056153
HCC-3L|P6|N1	HCC-3L	P6	HCC-3L|TTCCCGGCGCCAATAG-1	TTCCCGGCGCCAATAG-1	0.0	0.32180085272196035
HCC-3L|P6|N1	HCC-3L	P6	HCC-3L|TTGAATCGTTGTATAA-1	TTGAATCGTTGTATAA-1	0.0	0.5619626385535555
HCC-3L|P6|N3	HCC-3L	P6	HCC-3L|AAAGAATGACCTTAGA-1	AAAGAATGACCTTAGA-1	0.0	0.3719531696136621
HCC-3L|P6|N3	HCC-3L	P6	HCC-3L|AAGACCAAATAACTCA-1	AAGACCAAATAACTCA-1	0.0	0.43909677729840807
HCC-3L|P6|N3	HCC-3L	P6	HCC-3L|ACCGTCCACTGGGCCC-1	ACCGTCCACTGGGCCC-1	0.0	0.49594911046393436
HCC-3L|P6|N3	HCC-3L	P6	HCC-3L|ATCATTGTACCGCATT-1	ATCATTGTACCGCATT-1	0.0	0.3719531696136621
HCC-3L|P6|N3	HCC-3L	P6	HCC-3L|CCATAGAGGCTGCCAG-1	CCATAGAGGCTGCCAG-1	2.290575212097248	1.336404052625539
HCC-3L|P6|N3	HCC-3L	P6	HCC-3L|CCGAAGCATTGACCAA-1	CCGAAGCATTGACCAA-1	2.2933973589229817	1.5855602778577544
HCC-3L|P6|N3	HCC-3L	P6	HCC-3L|CCGCGCAAGATACCCA-1	CCGCGCAAGATACCCA-1	2.9756253569092967	1.7357930091761413
HCC-3L|P6|N3	HCC-3L	P6	HCC-3L|CTATACTTAAAGCGAG-1	CTATACTTAAAGCGAG-1	2.9757639686579154	1.9269672106483142
HCC-3L|P6|N3	HCC-3L	P6	HCC-3L|GGGCACTATTGACCAT-1	GGGCACTATTGACCAT-1	0.0	0.6299780449731788
HCC-3L|P6|N3	HCC-3L	P6	HCC-3L|TACTGAGGGAAGAAAG-1	TACTGAGGGAAGAAAG-1	0.0	0.38199771425168577
HCC-3L|P6|N3	HCC-3L	P6	HCC-3L|TCAGCTTGAGCTTTCG-1	TCAGCTTGAGCTTTCG-1	0.0	0.49594911046393436
HCC-3L|P6|N6	HCC-3L	P6	HCC-3L|AAATTTACCGAAATCC-1	AAATTTACCGAAATCC-1	0.0	0.38912057276633216
HCC-3L|P6|N6	HCC-3L	P6	HCC-3L|AGTACGTGGCCTGTCT-1	AGTACGTGGCCTGTCT-1	1.4971060470951747	1.0348363754739502
HCC-3L|P6|N6	HCC-3L	P6	HCC-3L|ATAAAGGTCAAGTACG-1	ATAAAGGTCAAGTACG-1	0.0	0.279386322388709
HCC-3L|P6|N6	HCC-3L	P6	HCC-3L|ATCATCTGCCCAGTGT-1	ATCATCTGCCCAGTGT-1	0.9756561648147146	0.6276507424551419
HCC-3L|P6|N6	HCC-3L	P6	HCC-3L|ATTCTGAGTATGAACT-1	ATTCTGAGTATGAACT-1	1.8195416880808715	1.1349569285414727
HCC-3L|P6|N6	HCC-3L	P6	HCC-3L|GAAATACCTGCTGGCT-1	GAAATACCTGCTGGCT-1	1.2051269669172688	0.7541919574653737
HCC-3L|P6|N6	HCC-3L	P6	HCC-3L|GACTAACACAGCACCT-1	GACTAACACAGCACCT-1	1.1092467715963852	0.6892782637178162
HCC-3L|P6|N6	HCC-3L	P6	HCC-3L|GCGCTAAGTATGCATG-1	GCGCTAAGTATGCATG-1	0.0	0.26535280853881293
HCC-3L|P6|N6	HCC-3L	P6	HCC-3L|GGATTAAGCTAAGGTC-1	GGATTAAGCTAAGGTC-1	0.0	0.5114694364273998
HCC-3L|P6|N6	HCC-3L	P6	HCC-3L|GTTATTAAATACGACC-1	GTTATTAAATACGACC-1	1.6778719205734145	1.0826831728643238
HCC-3L|P6|N6	HCC-3L	P6	HCC-3L|GTTCAATCTATGTCAA-1	GTTCAATCTATGTCAA-1	0.9743215358062182	0.6549479599604505
HCC-3L|P6|N6	HCC-3L	P6	HCC-3L|TAGGAACAGCCTCCAG-1	TAGGAACAGCCTCCAG-1	0.0	0.41458096689700574
HCC-3L|P6|N6	HCC-3L	P6	HCC-3L|TAGTGGAACTCATACA-1	TAGTGGAACTCATACA-1	0.0	0.30232080176619563
HCC-3L|P6|N6	HCC-3L	P6	HCC-3L|TCAGGGTGCACGAAAC-1	TCAGGGTGCACGAAAC-1	1.6158585350354828	1.025125335742038
HCC-3L|P6|N6	HCC-3L	P6	HCC-3L|TTGAGGCATTTAACTC-1	TTGAGGCATTTAACTC-1	0.0	0.3406381633289835
HCC-3L|P6|N7	HCC-3L	P6	HCC-3L|AACAATACATTGTCGA-1	AACAATACATTGTCGA-1	0.0	0.35709854184183865
HCC-3L|P6|N7	HCC-3L	P6	HCC-3L|AACAGCTGTGTGGCAA-1	AACAGCTGTGTGGCAA-1	4.498581716206983	2.2492908581034916
HCC-3L|P6|N7	HCC-3L	P6	HCC-3L|CGTGTCTCGTTACGAC-1	CGTGTCTCGTTACGAC-1	0.0	0.35709854184183865
HCC-3L|P6|N7	HCC-3L	P6	HCC-3L|CTAAATCCGGTGTACA-1	CTAAATCCGGTGTACA-1	1.3137547471943987	0.9044963531728382
HCC-3L|P6|N7	HCC-3L	P6	HCC-3L|GAAGAAACGATATTGT-1	GAAGAAACGATATTGT-1	0.0	0.37488191887727873
HCC-3L|P6|N7	HCC-3L	P6	HCC-3L|GAATAGTGCTCGATTA-1	GAATAGTGCTCGATTA-1	2.9714277549076655	1.5951934397200327
HCC-3L|P6|N7	HCC-3L	P6	HCC-3L|GCGACCCAACCATCTG-1	GCGACCCAACCATCTG-1	0.0	0.37488180968391527
HCC-3L|P6|N7	HCC-3L	P6	HCC-3L|GGACCTCTAGGCCGCC-1	GGACCTCTAGGCCGCC-1	0.0	0.37488180968391527
HCC-3L|P6|N7	HCC-3L	P6	HCC-3L|TCGAATATCCCGCAGG-1	TCGAATATCCCGCAGG-1	0.0	0.37488180968391527
HCC-3L|P6|N7	HCC-3L	P6	HCC-3L|TGCGACGGCCGAACGT-1	TGCGACGGCCGAACGT-1	0.0	0.37488180968391527
HCC-3L|P6|N7	HCC-3L	P6	HCC-3L|TTGTTTCATTAGTCTA-1	TTGTTTCATTAGTCTA-1	0.0	0.37488191887727873
HCC-3L|P6|N9	HCC-3L	P6	HCC-3L|AACACGCGGCCGCGAA-1	AACACGCGGCCGCGAA-1	2.8360232564327412	1.6545251846180895
HCC-3L|P6|N9	HCC-3L	P6	HCC-3L|AGCGTCTGAACCCGCA-1	AGCGTCTGAACCCGCA-1	0.0	0.47284882777111403
HCC-3L|P6|N9	HCC-3L	P6	HCC-3L|CCAAAGTCCCGCTAAC-1	CCAAAGTCCCGCTAAC-1	2.0819363634992323	1.2145875804443365
HCC-3L|P6|N9	HCC-3L	P6	HCC-3L|CCCTTCTCGTACGCGA-1	CCCTTCTCGTACGCGA-1	0.0	0.5090426808233305
HCC-3L|P6|N9	HCC-3L	P6	HCC-3L|CTTGTCGTACGTGTCA-1	CTTGTCGTACGTGTCA-1	0.0	0.3355479838650612
HCC-3L|P6|N9	HCC-3L	P6	HCC-3L|GATGATTTGAAACTGG-1	GATGATTTGAAACTGG-1	0.0	0.5830417557019679
HCC-3L|P6|N9	HCC-3L	P6	HCC-3L|GATGCCACACTACAGC-1	GATGCCACACTACAGC-1	1.6090644815150499	1.1446811187039816
HCC-3L|P6|N9	HCC-3L	P6	HCC-3L|GCGTCCAGCTCGTGGC-1	GCGTCCAGCTCGTGGC-1	2.083432784336644	1.2152110891265913
HCC-3L|P6|N9	HCC-3L	P6	HCC-3L|GGGAACCACCTGTTTC-1	GGGAACCACCTGTTTC-1	1.9431430220440902	1.1983374296530163
HCC-3L|P6|N9	HCC-3L	P6	HCC-3L|GTGCGCAGCTTGCTCC-1	GTGCGCAGCTTGCTCC-1	0.0	0.47284882777111403
HCC-3L|P6|N9	HCC-3L	P6	HCC-3L|GTTCGTTGCGGACCAG-1	GTTCGTTGCGGACCAG-1	2.721191023571653	1.8046214497307191
HCC-3L|P6|N9	HCC-3L	P6	HCC-3L|TAAGATTTAGCGGGAG-1	TAAGATTTAGCGGGAG-1	0.0	0.5836276520547086
HCC-3L|P6|N9	HCC-3L	P6	HCC-3L|TATGATTCTGCTTGGT-1	TATGATTCTGCTTGGT-1	2.838162676820627	1.6554166097797087
HCC-3L|P6|N9	HCC-3L	P6	HCC-3L|TCACTATCGTGCAATC-1	TCACTATCGTGCAATC-1	0.0	0.4101329550964392
HCC-3L|P6|N9	HCC-3L	P6	HCC-3L|TGAGGTTGATCCCAAG-1	TGAGGTTGATCCCAAG-1	0.0	0.5227832105942328
HCC-3L|P6|N11	HCC-3L	P6	HCC-3L|AACCGCTAAGGGATGC-1	AACCGCTAAGGGATGC-1	0.0	0.3425594938907836
HCC-3L|P6|N11	HCC-3L	P6	HCC-3L|AAGGTGATAAACCAGC-1	AAGGTGATAAACCAGC-1	0.0	0.3425594938907836
HCC-3L|P6|N11	HCC-3L	P6	HCC-3L|ACAAATGGTAGTGTTT-1	ACAAATGGTAGTGTTT-1	0.0	0.30115721172488247
HCC-3L|P6|N11	HCC-3L	P6	HCC-3L|ACACACCAGGACCAGT-1	ACACACCAGGACCAGT-1	0.0	0.3425594938907836
HCC-3L|P6|N11	HCC-3L	P6	HCC-3L|ACTTATTTATGTGCCA-1	ACTTATTTATGTGCCA-1	0.0	0.3425594938907836
HCC-3L|P6|N11	HCC-3L	P6	HCC-3L|ATGGGCCTCGGCCTCT-1	ATGGGCCTCGGCCTCT-1	4.110713926689403	2.0553569633447015
HCC-3L|P6|N11	HCC-3L	P6	HCC-3L|ATGGTCGCGTGGTTTC-1	ATGGTCGCGTGGTTTC-1	1.8074616832258537	1.0542662464023216
HCC-3L|P6|N11	HCC-3L	P6	HCC-3L|CAAGATATTATAACGT-1	CAAGATATTATAACGT-1	0.0	0.3425594938907836
HCC-3L|P6|N11	HCC-3L	P6	HCC-3L|TCTTACTTATGCCTCT-1	TCTTACTTATGCCTCT-1	0.0	0.3425594938907836
HCC-3L|P6|N11	HCC-3L	P6	HCC-3L|TGTTATTGTATGTGGC-1	TGTTATTGTATGTGGC-1	1.8064248574727364	1.053834235671856
HCC-3L|P6|N11	HCC-3L	P6	HCC-3L|TTCCGGTTACCCACTT-1	TTCCGGTTACCCACTT-1	0.0	0.30115721172488247
HCC-3L|P6|N13	HCC-3L	P6	HCC-3L|AACGCATGATCTGGGT-1	AACGCATGATCTGGGT-1	0.0	0.40918930189460917
HCC-3L|P6|N13	HCC-3L	P6	HCC-3L|AATCTATGCCGGAGCC-1	AATCTATGCCGGAGCC-1	4.172338116715947	2.423240650256582
HCC-3L|P6|N13	HCC-3L	P6	HCC-3L|ACGAGTACGGATGCCC-1	ACGAGTACGGATGCCC-1	0.0	0.27230554457716266
HCC-3L|P6|N13	HCC-3L	P6	HCC-3L|ACGCAATCACTACAGC-1	ACGCAATCACTACAGC-1	0.0	0.8396408803897573
HCC-3L|P6|N13	HCC-3L	P6	HCC-3L|ATCGCTGCGTGCAGCA-1	ATCGCTGCGTGCAGCA-1	0.0	0.32342768984054365
HCC-3L|P6|N13	HCC-3L	P6	HCC-3L|CAGATCATTTAAAGTC-1	CAGATCATTTAAAGTC-1	0.0	0.2672261011460779
HCC-3L|P6|N13	HCC-3L	P6	HCC-3L|CCCAGAGGAGGGCGTA-1	CCCAGAGGAGGGCGTA-1	3.7883159027278404	2.153464443343001
HCC-3L|P6|N13	HCC-3L	P6	HCC-3L|CGTTGTAAGATTGATT-1	CGTTGTAAGATTGATT-1	2.022220169874617	1.5273581724060281
HCC-3L|P6|N13	HCC-3L	P6	HCC-3L|CTAATTCTCAGATATT-1	CTAATTCTCAGATATT-1	1.6323071855240014	0.9796895277021958
HCC-3L|P6|N13	HCC-3L	P6	HCC-3L|CTCCTTTACGCAAGTC-1	CTCCTTTACGCAAGTC-1	0.0	0.32342768984054365
HCC-3L|P6|N13	HCC-3L	P6	HCC-3L|CTCGTTTCTAATGTTT-1	CTCGTTTCTAATGTTT-1	0.020535410268522774	0.3259606970282481
HCC-3L|P6|N13	HCC-3L	P6	HCC-3L|CTCTAATGCATTGATC-1	CTCTAATGCATTGATC-1	3.881132278086524	1.940566139043262
HCC-3L|P6|N13	HCC-3L	P6	HCC-3L|CTGAATTTATTGCCAG-1	CTGAATTTATTGCCAG-1	0.0	0.48150317387244507
HCC-3L|P6|N13	HCC-3L	P6	HCC-3L|GAAACCATGGTGCGCT-1	GAAACCATGGTGCGCT-1	2.0226389329086896	1.5275326570035586
HCC-3L|P6|N13	HCC-3L	P6	HCC-3L|GACTCCCAGAATAAGG-1	GACTCCCAGAATAAGG-1	0.0	0.5162480874687198
HCC-3L|P6|N13	HCC-3L	P6	HCC-3L|GAGCTGTCGTCTCGGA-1	GAGCTGTCGTCTCGGA-1	0.0	0.3607224111467004
HCC-3L|P6|N13	HCC-3L	P6	HCC-3L|GCATTCAAGGCAACGC-1	GCATTCAAGGCAACGC-1	0.0	0.30483319019255334
HCC-3L|P6|N13	HCC-3L	P6	HCC-3L|GCCAACCATTTCCGGA-1	GCCAACCATTTCCGGA-1	0.0	0.36545273553986185
HCC-3L|P6|N13	HCC-3L	P6	HCC-3L|GGAAACCTTGTTGAAT-1	GGAAACCTTGTTGAAT-1	1.1219557200074695	1.0407697496871362
HCC-3L|P6|N13	HCC-3L	P6	HCC-3L|GTCTCGACTAAGTTTG-1	GTCTCGACTAAGTTTG-1	0.0	0.6711225329002058
HCC-3L|P6|N13	HCC-3L	P6	HCC-3L|GTGAAGATTTCAAGTG-1	GTGAAGATTTCAAGTG-1	0.0	0.3174042760830303
HCC-3L|P6|N13	HCC-3L	P6	HCC-3L|GTGAAGCCGTATAGTC-1	GTGAAGCCGTATAGTC-1	1.9691867734729775	1.496909891987761
HCC-3L|P6|N13	HCC-3L	P6	HCC-3L|TATGATCCGGCACGCC-1	TATGATCCGGCACGCC-1	0.0	0.34769484305966225
HCC-3L|P6|N13	HCC-3L	P6	HCC-3L|TCGCTCGGCACCAGCG-1	TCGCTCGGCACCAGCG-1	0.0	0.32342768984054365
HCC-3L|P6|N13	HCC-3L	P6	HCC-3L|TGATCCCAGCATTAGT-1	TGATCCCAGCATTAGT-1	0.0	0.6093771364757715
HCC-3L|P6|N13	HCC-3L	P6	HCC-3L|TGGTTTAAACGTGGGT-1	TGGTTTAAACGTGGGT-1	0.0	0.32342768984054365
HCC-3L|P6|N13	HCC-3L	P6	HCC-3L|TGTCATTTGTTGGGAA-1	TGTCATTTGTTGGGAA-1	1.2375264402799573	0.7828621179293934
HCC-3L|P6|N13	HCC-3L	P6	HCC-3L|TTCTGCTAGACTCCAA-1	TTCTGCTAGACTCCAA-1	1.6353593494019507	0.9537052734946422
HCC-3L|P6|N16	HCC-3L	P6	HCC-3L|AACTCTCAATAGAGCG-1	AACTCTCAATAGAGCG-1	0.0	0.35692211109563005
HCC-3L|P6|N16	HCC-3L	P6	HCC-3L|ACCGATGGTAGCATCG-1	ACCGATGGTAGCATCG-1	0.9981330947935598	0.9007092266832208
HCC-3L|P6|N16	HCC-3L	P6	HCC-3L|ACTTATACTTACCCGG-1	ACTTATACTTACCCGG-1	0.9326471396351866	0.8734234120338987
HCC-3L|P6|N16	HCC-3L	P6	HCC-3L|AGGGTGCTCTCGAGGG-1	AGGGTGCTCTCGAGGG-1	1.5870825861877629	1.1547450429302828
HCC-3L|P6|N16	HCC-3L	P6	HCC-3L|AGTCGACGGTCTCAAG-1	AGTCGACGGTCTCAAG-1	0.0	0.31239739648215625
HCC-3L|P6|N16	HCC-3L	P6	HCC-3L|CACACGCGCTGTCTTA-1	CACACGCGCTGTCTTA-1	0.0	0.39079874606256015
HCC-3L|P6|N16	HCC-3L	P6	HCC-3L|CGAGTTTATCGGACTG-1	CGAGTTTATCGGACTG-1	0.0	0.3435089216345935
HCC-3L|P6|N16	HCC-3L	P6	HCC-3L|CTGGCGCACAGGTCTG-1	CTGGCGCACAGGTCTG-1	0.0	0.31218624992710536
HCC-3L|P6|N16	HCC-3L	P6	HCC-3L|GAACGTCTCATGGTCG-1	GAACGTCTCATGGTCG-1	0.0	0.34168738291045236
HCC-3L|P6|N16	HCC-3L	P6	HCC-3L|GAAGTCTCCCTAGCGA-1	GAAGTCTCCCTAGCGA-1	2.1892153596358668	1.333402583119137
HCC-3L|P6|N16	HCC-3L	P6	HCC-3L|GCTTATGAAGCAGGAA-1	GCTTATGAAGCAGGAA-1	0.0	0.4389243448060001
HCC-3L|P6|N16	HCC-3L	P6	HCC-3L|GGATGTCCTTACCGCA-1	GGATGTCCTTACCGCA-1	1.697849652166238	1.361796339957043
HCC-3L|P6|N16	HCC-3L	P6	HCC-3L|GGTTTCAATCGGTCAG-1	GGTTTCAATCGGTCAG-1	0.0	0.3519731610048617
HCC-3L|P6|N16	HCC-3L	P6	HCC-3L|GTAGCTTCCTCTTGTT-1	GTAGCTTCCTCTTGTT-1	2.0472589880452836	1.1947119612626538
HCC-3L|P6|N16	HCC-3L	P6	HCC-3L|GTATGTGGGTCTAGTT-1	GTATGTGGGTCTAGTT-1	0.9347586051856958	0.6498139158958368
HCC-3L|P6|N16	HCC-3L	P6	HCC-3L|GTTGGATTGAGAACAC-1	GTTGGATTGAGAACAC-1	2.0529896068801445	1.1970997191105126
HCC-3L|P6|N16	HCC-3L	P6	HCC-3L|TAGACGCCCGTACCGG-1	TAGACGCCCGTACCGG-1	0.0	0.34168738291045236
HCC-3L|P6|N16	HCC-3L	P6	HCC-3L|TTCTAACCGAAGCTTA-1	TTCTAACCGAAGCTTA-1	2.6365953458705773	1.5920420261314554
HCC-3L|P6|N17	HCC-3L	P6	HCC-3L|AAGAAAGTTTGATGGG-1	AAGAAAGTTTGATGGG-1	0.0	0.9688453328962726
HCC-3L|P6|N17	HCC-3L	P6	HCC-3L|ACCCGTAGCAGAGAAT-1	ACCCGTAGCAGAGAAT-1	0.0	0.31467050686016945
HCC-3L|P6|N17	HCC-3L	P6	HCC-3L|ACGGGTTGTGACCTGT-1	ACGGGTTGTGACCTGT-1	2.521707265445156	1.8030502353002344
HCC-3L|P6|N17	HCC-3L	P6	HCC-3L|ACTTTATACACCACTT-1	ACTTTATACACCACTT-1	0.0	0.5418647374963305
HCC-3L|P6|N17	HCC-3L	P6	HCC-3L|ATACCCTCCCGGCCAA-1	ATACCCTCCCGGCCAA-1	0.0	0.4543884612723219
HCC-3L|P6|N17	HCC-3L	P6	HCC-3L|CAACGAGCTTATTATG-1	CAACGAGCTTATTATG-1	0.0	0.34079134595424143
HCC-3L|P6|N17	HCC-3L	P6	HCC-3L|CGCCAGTAGTACCTTG-1	CGCCAGTAGTACCTTG-1	3.7760460823220336	2.380723645047741
HCC-3L|P6|N17	HCC-3L	P6	HCC-3L|CTCCCTTGTATCAAGG-1	CTCCCTTGTATCAAGG-1	2.7263307676339315	1.6778358906771351
HCC-3L|P6|N17	HCC-3L	P6	HCC-3L|GACCGGTGATACTCTC-1	GACCGGTGATACTCTC-1	3.3202827519251144	2.373614344019047
HCC-3L|P6|N17	HCC-3L	P6	HCC-3L|GCTACTCGGACGCAGA-1	GCTACTCGGACGCAGA-1	3.1860764790067617	2.394541247811073
HCC-3L|P6|N17	HCC-3L	P6	HCC-3L|GTTTCTTGTTAGAGCT-1	GTTTCTTGTTAGAGCT-1	0.0	0.5841990017370271
HCC-3L|P6|N17	HCC-3L	P6	HCC-3L|TAGCCATGATTGCCTA-1	TAGCCATGATTGCCTA-1	0.0	0.7903191522311627
HCC-3L|P6|N17	HCC-3L	P6	HCC-3L|TCTGTTTAGATTGTTC-1	TCTGTTTAGATTGTTC-1	0.0	1.0843932051553127
HCC-3L|P6|N21	HCC-3L	P6	HCC-3L|AAGTGCAAAGGTAGAC-1	AAGTGCAAAGGTAGAC-1	0.0	0.35072777710809433
HCC-3L|P6|N21	HCC-3L	P6	HCC-3L|CTCATTCGTGAACATC-1	CTCATTCGTGAACATC-1	0.020999276144908048	0.3582734170767538
HCC-3L|P6|N21	HCC-3L	P6	HCC-3L|CTTAGCCCGGATAGTG-1	CTTAGCCCGGATAGTG-1	3.482093689461516	1.7435652528927008
HCC-3L|P6|N21	HCC-3L	P6	HCC-3L|GATGCGAATGGTATTA-1	GATGCGAATGGTATTA-1	0.0	0.2922731475900786
HCC-3L|P6|N21	HCC-3L	P6	HCC-3L|GGACTAAGTCAGGAGT-1	GGACTAAGTCAGGAGT-1	0.0	0.4169867113767342
HCC-3L|P6|N21	HCC-3L	P6	HCC-3L|GGGAATTCTGTCCAGT-1	GGGAATTCTGTCCAGT-1	4.148867837622434	2.0820033832402287
HCC-3L|P6|N21	HCC-3L	P6	HCC-3L|TCGTTGACAGGGTCCC-1	TCGTTGACAGGGTCCC-1	0.02441751042916346	0.42919546659131597
HCC-3L|P6|N21	HCC-3L	P6	HCC-3L|TCTAACTGTATGTAAA-1	TCTAACTGTATGTAAA-1	0.025184081619427277	0.3027665149315067
HCC-3L|P6|N21	HCC-3L	P6	HCC-3L|TGTTCATAAATGTGCT-1	TGTTCATAAATGTGCT-1	0.0	0.29017447412179304
HCC-3L|P6|N21	HCC-3L	P6	HCC-3L|TTCAGTTTGTGGCAGC-1	TTCAGTTTGTGGCAGC-1	0.0	0.4352617111826895
HCC-3L|P6|N23	HCC-3L	P6	HCC-3L|AAGTTTATGGGCCCAA-1	AAGTTTATGGGCCCAA-1	2.5635483336811853	1.4952544803266066
HCC-3L|P6|N23	HCC-3L	P6	HCC-3L|ACACATTTCCGTAGAC-1	ACACATTTCCGTAGAC-1	0.0	0.2811889063496971
HCC-3L|P6|N23	HCC-3L	P6	HCC-3L|AGCCATATAGTATGTG-1	AGCCATATAGTATGTG-1	0.0	0.3025508444139214
HCC-3L|P6|N23	HCC-3L	P6	HCC-3L|AGCGGGTCTGACACTC-1	AGCGGGTCTGACACTC-1	0.0	0.4402925041787175
HCC-3L|P6|N23	HCC-3L	P6	HCC-3L|ATCTAGCTTGTGAGGG-1	ATCTAGCTTGTGAGGG-1	2.642424139417208	1.541302562269221
HCC-3L|P6|N23	HCC-3L	P6	HCC-3L|ATGTAGCGCGCGTAGG-1	ATGTAGCGCGCGTAGG-1	0.0	0.4271093412927795
HCC-3L|P6|N23	HCC-3L	P6	HCC-3L|CCGCTCCAGGGCGATC-1	CCGCTCCAGGGCGATC-1	0.0	0.4403424757374352
HCC-3L|P6|N23	HCC-3L	P6	HCC-3L|CCTATGGTCAAAGCTG-1	CCTATGGTCAAAGCTG-1	0.0	0.43371952036738226
HCC-3L|P6|N23	HCC-3L	P6	HCC-3L|CTCTACATCCTGCGTG-1	CTCTACATCCTGCGTG-1	0.009169916103714728	0.44492743378929256
HCC-3L|P6|N23	HCC-3L	P6	HCC-3L|GAACTGTGGAGAGACA-1	GAACTGTGGAGAGACA-1	0.0	0.4402925041787175
HCC-3L|P6|N23	HCC-3L	P6	HCC-3L|GAGCTCAACATGAGCG-1	GAGCTCAACATGAGCG-1	1.6906513885103622	0.9848628252203718
HCC-3L|P6|N23	HCC-3L	P6	HCC-3L|GAGGTACGCGTGTCCC-1	GAGGTACGCGTGTCCC-1	2.641085910727402	1.5407449669818016
HCC-3L|P6|N23	HCC-3L	P6	HCC-3L|GCACACAGCTATTACC-1	GCACACAGCTATTACC-1	0.0	0.2804247466743876
HCC-3L|P6|N23	HCC-3L	P6	HCC-3L|GGAGCGAGGCCTACTT-1	GGAGCGAGGCCTACTT-1	0.0	0.43371952036738226
HCC-3L|P6|N23	HCC-3L	P6	HCC-3L|GTCCGGGTTCACATTA-1	GTCCGGGTTCACATTA-1	2.5617637618321685	1.4945109087228496
HCC-3L|P6|N23	HCC-3L	P6	HCC-3L|TCCTTGTCCTTTAATT-1	TCCTTGTCCTTTAATT-1	0.0	0.4271093412927795
HCC-3L|P6|N23	HCC-3L	P6	HCC-3L|TGCCGTGGGACCCAAT-1	TGCCGTGGGACCCAAT-1	3.6096641372669325	1.946114699240334
HCC-3L|P6|N23	HCC-3L	P6	HCC-3L|TGGGTGTTAAGTAGAA-1	TGGGTGTTAAGTAGAA-1	1.674445571582289	1.2796799059478954
HCC-3L|P6|N23	HCC-3L	P6	HCC-3L|TGTTCCGGCCTGAGCT-1	TGTTCCGGCCTGAGCT-1	0.011776079596409321	0.30669338457044903
HCC-3L|P6|N23	HCC-3L	P6	HCC-3L|TTGCAAGAAGACTCCT-1	TTGCAAGAAGACTCCT-1	0.0	0.3017866847386118
HCC-3L|P6|N27	HCC-3L	P6	HCC-3L|ACAAGGCCTACCAGCC-1	ACAAGGCCTACCAGCC-1	0.0	0.2905183518910804
HCC-3L|P6|N27	HCC-3L	P6	HCC-3L|AGTAGCTAGACGCCGA-1	AGTAGCTAGACGCCGA-1	0.0	0.3869893836952316
HCC-3L|P6|N27	HCC-3L	P6	HCC-3L|ATAGGAATCTAAGCTT-1	ATAGGAATCTAAGCTT-1	1.0722785113499065	0.8266576075660337
HCC-3L|P6|N27	HCC-3L	P6	HCC-3L|CAATATGTAGATTTAC-1	CAATATGTAGATTTAC-1	1.0588024924956208	0.9927740482524343
HCC-3L|P6|N27	HCC-3L	P6	HCC-3L|CACGACGTAATAGTAA-1	CACGACGTAATAGTAA-1	2.0607773825082365	1.290389542007849
HCC-3L|P6|N27	HCC-3L	P6	HCC-3L|CATGGAAATGGGACCA-1	CATGGAAATGGGACCA-1	0.0	0.349321532196147
HCC-3L|P6|N27	HCC-3L	P6	HCC-3L|CGGGTTCGGCACGTAT-1	CGGGTTCGGCACGTAT-1	2.0612077165491485	1.2023353068169274
HCC-3L|P6|N27	HCC-3L	P6	HCC-3L|CTGGGCTATCCTTTGG-1	CTGGGCTATCCTTTGG-1	0.0	0.3434987582547821
HCC-3L|P6|N27	HCC-3L	P6	HCC-3L|CTTCCTGCATATTTAC-1	CTTCCTGCATATTTAC-1	2.427417730197344	1.4866469789854266
HCC-3L|P6|N27	HCC-3L	P6	HCC-3L|GCTCCGGACGTTGATA-1	GCTCCGGACGTTGATA-1	1.1441763627955286	0.774372992247543
HCC-3L|P6|N27	HCC-3L	P6	HCC-3L|GGTGGACCACGTGTTA-1	GGTGGACCACGTGTTA-1	0.0	0.3434987582547821
HCC-3L|P6|N27	HCC-3L	P6	HCC-3L|TGACCCAGCATTCCCG-1	TGACCCAGCATTCCCG-1	0.0	0.2976328410827394
HCC-3L|P6|N28	HCC-3L	P6	HCC-3L|ACAGTATACCGTGGGA-1	ACAGTATACCGTGGGA-1	1.9678470453903465	1.148010618003896
HCC-3L|P6|N28	HCC-3L	P6	HCC-3L|ACCAAACACCCAGCGA-1	ACCAAACACCCAGCGA-1	0.0	0.5552143607012932
HCC-3L|P6|N28	HCC-3L	P6	HCC-3L|AGATACCAGCACTTCA-1	AGATACCAGCACTTCA-1	0.021228178736863883	0.3148284712467722
HCC-3L|P6|N28	HCC-3L	P6	HCC-3L|ATACCGTCATCCATAA-1	ATACCGTCATCCATAA-1	0.0	0.5552143607012932
HCC-3L|P6|N28	HCC-3L	P6	HCC-3L|CATCAAACTGGCGCCC-1	CATCAAACTGGCGCCC-1	0.0	0.3059833967730789
HCC-3L|P6|N28	HCC-3L	P6	HCC-3L|CCGGAGGTCTTATGGT-1	CCGGAGGTCTTATGGT-1	0.0	0.3280743490912517
HCC-3L|P6|N28	HCC-3L	P6	HCC-3L|CGGTCCATGAGACTCC-1	CGGTCCATGAGACTCC-1	0.0	0.3280743490912517
HCC-3L|P6|N28	HCC-3L	P6	HCC-3L|GAATGAAGGTCTTCAG-1	GAATGAAGGTCTTCAG-1	0.0	0.3059833967730789
HCC-3L|P6|N28	HCC-3L	P6	HCC-3L|GCTTGCAGCACAATTG-1	GCTTGCAGCACAATTG-1	1.9690451437046743	1.148509825634866
HCC-3L|P6|N28	HCC-3L	P6	HCC-3L|TGAATATGCTATAAAC-1	TGAATATGCTATAAAC-1	3.0119997458754346	1.8102142548160576
HCC-3L|P6|N28	HCC-3L	P6	HCC-3L|TGGCTTGTACAAGCTT-1	TGGCTTGTACAAGCTT-1	3.650572582540083	2.078055284987733
HCC-3L|P6|N33	HCC-3L	P6	HCC-3L|ACCGGTCAGGTACACC-1	ACCGGTCAGGTACACC-1	0.6164049699919407	0.9395029977207138
HCC-3L|P6|N33	HCC-3L	P6	HCC-3L|ACGAGGTTTACAACGT-1	ACGAGGTTTACAACGT-1	0.6909268153228666	0.5538384580116227
HCC-3L|P6|N33	HCC-3L	P6	HCC-3L|AGGCGGTTTGTCCCGC-1	AGGCGGTTTGTCCCGC-1	0.0	0.47289674816564026
HCC-3L|P6|N33	HCC-3L	P6	HCC-3L|CGATGTTGTTATCTAC-1	CGATGTTGTTATCTAC-1	0.0	0.2673480800020038
HCC-3L|P6|N33	HCC-3L	P6	HCC-3L|GATGCCTTCTGCGGCA-1	GATGCCTTCTGCGGCA-1	1.9034939378711653	1.583117857808222
HCC-3L|P6|N33	HCC-3L	P6	HCC-3L|GTCTCCTGCCAGTATG-1	GTCTCCTGCCAGTATG-1	0.6137562068300138	0.5168696790702657
HCC-3L|P6|N33	HCC-3L	P6	HCC-3L|GTGGAGCGTTTACCGA-1	GTGGAGCGTTTACCGA-1	5.058356007995743	2.7889201351807222
HCC-3L|P6|N33	HCC-3L	P6	HCC-3L|TATTATGTTTGCCTGC-1	TATTATGTTTGCCTGC-1	0.0	0.4712802228605708
HCC-3L|P6|N33	HCC-3L	P6	HCC-3L|TCCCTGGCGTATTAAC-1	TCCCTGGCGTATTAAC-1	0.0	0.5058356007995742
HCC-3L|P6|N33	HCC-3L	P6	HCC-3L|TCGACAACTGAACCCG-1	TCGACAACTGAACCCG-1	0.5970066663311074	0.9362347299313682
HCC-3L|P6|N39	HCC-3L	P6	HCC-3L|ACTCGATGTATTTCAT-1	ACTCGATGTATTTCAT-1	1.4980423479261342	1.1033567966052689
HCC-3L|P6|N39	HCC-3L	P6	HCC-3L|ATGTCATTTCCCATTG-1	ATGTCATTTCCCATTG-1	0.0	0.3247793192199537
HCC-3L|P6|N39	HCC-3L	P6	HCC-3L|CAGTAGATGATGTCCG-1	CAGTAGATGATGTCCG-1	0.0	0.3277906516538622
HCC-3L|P6|N39	HCC-3L	P6	HCC-3L|CCGACAAACACATGAG-1	CCGACAAACACATGAG-1	0.9945330640526978	0.5796772471962579
HCC-3L|P6|N39	HCC-3L	P6	HCC-3L|CGGAAAGCAAATGTGC-1	CGGAAAGCAAATGTGC-1	0.6194453141008226	0.5354225543510079
HCC-3L|P6|N39	HCC-3L	P6	HCC-3L|CGTCAGCTATTTACTC-1	CGTCAGCTATTTACTC-1	0.0	0.3358833028386919
HCC-3L|P6|N39	HCC-3L	P6	HCC-3L|GAAATCTGACCAAGTT-1	GAAATCTGACCAAGTT-1	0.010900496540411718	0.27770074993672333
HCC-3L|P6|N39	HCC-3L	P6	HCC-3L|GATCTTCATTGTCCTC-1	GATCTTCATTGTCCTC-1	0.0	0.3505367596277745
HCC-3L|P6|N39	HCC-3L	P6	HCC-3L|GCTCAACCTCTTAGAG-1	GCTCAACCTCTTAGAG-1	1.5436287040992611	1.122351111677405
HCC-3L|P6|N39	HCC-3L	P6	HCC-3L|GCTGAGCAACGGTTCT-1	GCTGAGCAACGGTTCT-1	0.0	0.2773203401423318
HCC-3L|P6|N39	HCC-3L	P6	HCC-3L|GGGCGAATTTCTCCAC-1	GGGCGAATTTCTCCAC-1	0.0	0.4059560654839369
HCC-3L|P6|N39	HCC-3L	P6	HCC-3L|TACATCTTGTTTCTTG-1	TACATCTTGTTTCTTG-1	3.26700601999821	1.634411384710806
HCC-3L|P6|N39	HCC-3L	P6	HCC-3L|TCACTCTTCGTCTGTC-1	TCACTCTTCGTCTGTC-1	2.7083987676071595	1.659292414314098
HCC-3L|P6|N39	HCC-3L	P6	HCC-3L|TCTTAACTCGGATGTA-1	TCTTAACTCGGATGTA-1	0.0	0.2722505016665175
HCC-3L|P6|N39	HCC-3L	P6	HCC-3L|TGAAGTAGCTTACGGA-1	TGAAGTAGCTTACGGA-1	0.0	0.3238709445082527
HCC-3L|P6|N39	HCC-3L	P6	HCC-3L|TGCACTATGTGAGTGC-1	TGCACTATGTGAGTGC-1	0.9889285820389075	0.5773420463571786
HCC-3L|P6|N39	HCC-3L	P6	HCC-3L|TTCATAGGGTGTCCAT-1	TTCATAGGGTGTCCAT-1	0.0	0.2722505016665175
HCC-3L|P6|N45	HCC-3L	P6	HCC-3L|AGTGATATGAGTAGTT-1	AGTGATATGAGTAGTT-1	2.4889280551652493	1.5009895316538475
HCC-3L|P6|N45	HCC-3L	P6	HCC-3L|ATAAGTTACCGCGACG-1	ATAAGTTACCGCGACG-1	0.0	0.5666822303644526
HCC-3L|P6|N45	HCC-3L	P6	HCC-3L|ATGATGCAATGGTACA-1	ATGATGCAATGGTACA-1	0.0	0.32888755693082056
HCC-3L|P6|N45	HCC-3L	P6	HCC-3L|CAAATGTCCTTCCGTG-1	CAAATGTCCTTCCGTG-1	0.0	0.4316336119602797
HCC-3L|P6|N45	HCC-3L	P6	HCC-3L|CTGAATCCGAGACCTC-1	CTGAATCCGAGACCTC-1	0.0	0.31015672629322993
HCC-3L|P6|N45	HCC-3L	P6	HCC-3L|CTTGCCCAGGCTCTAC-1	CTTGCCCAGGCTCTAC-1	0.0	0.31015672629322993
HCC-3L|P6|N45	HCC-3L	P6	HCC-3L|GAAACCGAATTACCTT-1	GAAACCGAATTACCTT-1	1.4577226280045976	1.0713206036702425
HCC-3L|P6|N45	HCC-3L	P6	HCC-3L|GAATTCACCCGGGTGT-1	GAATTCACCCGGGTGT-1	0.0	0.31015672629322993
HCC-3L|P6|N45	HCC-3L	P6	HCC-3L|GGGTGACACCTTAACT-1	GGGTGACACCTTAACT-1	0.0	0.31015672629322993
HCC-3L|P6|N45	HCC-3L	P6	HCC-3L|GTGACTTCAGTAGTGC-1	GTGACTTCAGTAGTGC-1	1.6205834208500762	1.1391792673558587
HCC-3L|P6|N45	HCC-3L	P6	HCC-3L|TACGACGCTTGCTGCG-1	TACGACGCTTGCTGCG-1	3.721880715518759	1.8609403577593795
HCC-3L|P6|N45	HCC-3L	P6	HCC-3L|TCAGTAGGGACTATAA-1	TCAGTAGGGACTATAA-1	0.0	0.34245928966794376
HCC-4L|P1|N1	HCC-4L	P1	HCC-4L|AAACCCGAACGAAATC-1	AAACCCGAACGAAATC-1	2.387798101529341	1.399301544960778
HCC-4L|P1|N1	HCC-4L	P1	HCC-4L|AACAGGTAGTATGGAT-1	AACAGGTAGTATGGAT-1	2.4130124664440387	1.6022138952015121
HCC-4L|P1|N1	HCC-4L	P1	HCC-4L|AACTACCCGTTTGTCA-1	AACTACCCGTTTGTCA-1	0.0	0.5998054810531258
HCC-4L|P1|N1	HCC-4L	P1	HCC-4L|AAGCCGAAGCGGTTTA-1	AAGCCGAAGCGGTTTA-1	2.085579299823062	1.2275428751940525
HCC-4L|P1|N1	HCC-4L	P1	HCC-4L|AAGTGCCTTGACTGTA-1	AAGTGCCTTGACTGTA-1	2.2790679012573785	1.3294079468343813
HCC-4L|P1|N1	HCC-4L	P1	HCC-4L|AATATCGAATCAATGC-1	AATATCGAATCAATGC-1	2.2170387033902568	1.4871365136015229
HCC-4L|P1|N1	HCC-4L	P1	HCC-4L|AATCGCGCAGAGGACT-1	AATCGCGCAGAGGACT-1	0.0	0.6076157070047362
HCC-4L|P1|N1	HCC-4L	P1	HCC-4L|ACACCTTACTACTTGC-1	ACACCTTACTACTTGC-1	0.0	0.6111371420705386
HCC-4L|P1|N1	HCC-4L	P1	HCC-4L|ACATGGCGCCAAAGTA-1	ACATGGCGCCAAAGTA-1	0.0	0.5029550012507885
HCC-4L|P1|N1	HCC-4L	P1	HCC-4L|ACCACCAATGTAACAA-1	ACCACCAATGTAACAA-1	2.279093970760375	1.5977291856580533
HCC-4L|P1|N1	HCC-4L	P1	HCC-4L|ACCGCGGTGGAAGTCG-1	ACCGCGGTGGAAGTCG-1	2.2784879544683054	1.3291663023389342
HCC-4L|P1|N1	HCC-4L	P1	HCC-4L|ACCTACAGTATGTGGT-1	ACCTACAGTATGTGGT-1	2.4614573593663582	1.6367443751398545
HCC-4L|P1|N1	HCC-4L	P1	HCC-4L|AGTCGGTTGCGTGAGA-1	AGTCGGTTGCGTGAGA-1	2.4525203096446373	1.4313816014361818
HCC-4L|P1|N1	HCC-4L	P1	HCC-4L|ATCTCGTGAGCGAAAC-1	ATCTCGTGAGCGAAAC-1	2.2692887942978386	1.323748614755139
HCC-4L|P1|N1	HCC-4L	P1	HCC-4L|ATTACATGTCAGTCTT-1	ATTACATGTCAGTCTT-1	0.0	0.5633703871889159
HCC-4L|P1|N1	HCC-4L	P1	HCC-4L|ATTCGTGCTATCTCTT-1	ATTCGTGCTATCTCTT-1	0.0	0.5757866959506295
HCC-4L|P1|N1	HCC-4L	P1	HCC-4L|CAAACTCGCGACGCCG-1	CAAACTCGCGACGCCG-1	2.3649059203579625	1.5883359451540826
HCC-4L|P1|N1	HCC-4L	P1	HCC-4L|CACATTTCTTGTCAGA-1	CACATTTCTTGTCAGA-1	0.0	0.5947275191114691
HCC-4L|P1|N1	HCC-4L	P1	HCC-4L|CATGACTTCGCTGAAT-1	CATGACTTCGCTGAAT-1	3.437947845650695	1.908898420388712
HCC-4L|P1|N1	HCC-4L	P1	HCC-4L|CCGAGAAGTCGCATAA-1	CCGAGAAGTCGCATAA-1	2.4418873027202825	1.6234216389194123
HCC-4L|P1|N1	HCC-4L	P1	HCC-4L|CGGCCCAGGTATATCC-1	CGGCCCAGGTATATCC-1	0.0	0.596289825568216
HCC-4L|P1|N1	HCC-4L	P1	HCC-4L|CGTTAAACTAGTTAGG-1	CGTTAAACTAGTTAGG-1	0.0	0.9863641463868232
HCC-4L|P1|N1	HCC-4L	P1	HCC-4L|CTGAGAAAGTTCGGCG-1	CTGAGAAAGTTCGGCG-1	2.2692506112746353	1.3237327051621375
HCC-4L|P1|N1	HCC-4L	P1	HCC-4L|CTTCGGCCAATTGTTT-1	CTTCGGCCAATTGTTT-1	2.457826643053671	1.6184618304918548
HCC-4L|P1|N1	HCC-4L	P1	HCC-4L|GAACGCGGGTCACACG-1	GAACGCGGGTCACACG-1	0.0	0.5811041500254847
HCC-4L|P1|N1	HCC-4L	P1	HCC-4L|GACCGCGTCTGACGTG-1	GACCGCGTCTGACGTG-1	2.457543404189974	1.6346749612197962
HCC-4L|P1|N1	HCC-4L	P1	HCC-4L|GAGGATAAACAGTGCT-1	GAGGATAAACAGTGCT-1	0.0	0.6247266131949724
HCC-4L|P1|N1	HCC-4L	P1	HCC-4L|GCAACGGCTAGTTATG-1	GCAACGGCTAGTTATG-1	2.4102630888550083	1.406770547413793
HCC-4L|P1|N1	HCC-4L	P1	HCC-4L|GCACAAACGAGGCGTG-1	GCACAAACGAGGCGTG-1	2.464829930353289	1.634888748864113
HCC-4L|P1|N1	HCC-4L	P1	HCC-4L|GCCGTGGAAGAAATGT-1	GCCGTGGAAGAAATGT-1	2.5827416893286728	1.5065948228440358
HCC-4L|P1|N1	HCC-4L	P1	HCC-4L|GCTAGACCGTCTACTG-1	GCTAGACCGTCTACTG-1	2.5979220510929077	1.5154203729930178
HCC-4L|P1|N1	HCC-4L	P1	HCC-4L|GCTCCCAGTCGGTCCA-1	GCTCCCAGTCGGTCCA-1	2.429533757888389	1.588845801832914
HCC-4L|P1|N1	HCC-4L	P1	HCC-4L|GCTCCGCTCGCTTCAG-1	GCTCCGCTCGCTTCAG-1	2.4196680358354676	1.615810721936181
HCC-4L|P1|N1	HCC-4L	P1	HCC-4L|GGGTTTAGGATAGGAT-1	GGGTTTAGGATAGGAT-1	0.0	0.5640216891700326
HCC-4L|P1|N1	HCC-4L	P1	HCC-4L|GTCCATTACTGCTACG-1	GTCCATTACTGCTACG-1	0.0	0.5781045482947483
HCC-4L|P1|N1	HCC-4L	P1	HCC-4L|GTCTTGAGGAGCAGTG-1	GTCTTGAGGAGCAGTG-1	2.582687738156392	1.5065723431889186
HCC-4L|P1|N1	HCC-4L	P1	HCC-4L|GTCTTGTAGCTATTCA-1	GTCTTGTAGCTATTCA-1	0.0	0.6003231271828254
HCC-4L|P1|N1	HCC-4L	P1	HCC-4L|GTTAACTATGTTGTCA-1	GTTAACTATGTTGTCA-1	0.0	0.8073477832966499
HCC-4L|P1|N1	HCC-4L	P1	HCC-4L|GTTCGGATCGGGAACA-1	GTTCGGATCGGGAACA-1	2.4287085169809344	1.6138908983443299
HCC-4L|P1|N1	HCC-4L	P1	HCC-4L|TAATTAGGACATCCGT-1	TAATTAGGACATCCGT-1	2.0602385576836975	1.4225049228959123
HCC-4L|P1|N1	HCC-4L	P1	HCC-4L|TATGGTTAGTGGGAGA-1	TATGGTTAGTGGGAGA-1	0.0	0.9093730030718955
HCC-4L|P1|N1	HCC-4L	P1	HCC-4L|TCTCGACGTATCGCCG-1	TCTCGACGTATCGCCG-1	0.0	0.8049517712467397
HCC-4L|P1|N1	HCC-4L	P1	HCC-4L|TGAGTTAAAGACATTC-1	TGAGTTAAAGACATTC-1	2.2909485395639386	1.3465586419856392
HCC-4L|P1|N1	HCC-4L	P1	HCC-4L|TGTTTGAGATCGTCAG-1	TGTTTGAGATCGTCAG-1	0.0	0.5792959893347094
HCC-4L|P1|N1	HCC-4L	P1	HCC-4L|TTACATGCCACAACTA-1	TTACATGCCACAACTA-1	2.5975121693587666	1.5152495889371256
HCC-4L|P1|N9	HCC-4L	P1	HCC-4L|AACCCGAGCAGAATCG-1	AACCCGAGCAGAATCG-1	0.0	0.5163214657247572
HCC-4L|P1|N9	HCC-4L	P1	HCC-4L|ACACTGGGACAGTCGT-1	ACACTGGGACAGTCGT-1	0.0	0.9231695834385644
HCC-4L|P1|N9	HCC-4L	P1	HCC-4L|ACCTCCGCCCTCGCTG-1	ACCTCCGCCCTCGCTG-1	2.662984690415756	2.199093925756779
HCC-4L|P1|N9	HCC-4L	P1	HCC-4L|AGAGCCGCCGAGATTT-1	AGAGCCGCCGAGATTT-1	3.9581342997338558	2.3572033292775365
HCC-4L|P1|N9	HCC-4L	P1	HCC-4L|ATAAACGTTGCACCAC-1	ATAAACGTTGCACCAC-1	0.0	0.5064195380055945
HCC-4L|P1|N9	HCC-4L	P1	HCC-4L|CAACCAGTGGCCTACC-1	CAACCAGTGGCCTACC-1	0.0	0.9506188404227044
HCC-4L|P1|N9	HCC-4L	P1	HCC-4L|CACAGTCCCGCTTCGC-1	CACAGTCCCGCTTCGC-1	0.0	0.5134671531569329
HCC-4L|P1|N9	HCC-4L	P1	HCC-4L|CACGTCAATCAATGGA-1	CACGTCAATCAATGGA-1	3.451906218591046	2.061184739123639
HCC-4L|P1|N9	HCC-4L	P1	HCC-4L|CCACTGTTTGGATTAA-1	CCACTGTTTGGATTAA-1	3.6023589857915783	1.8011794928957892
HCC-4L|P1|N9	HCC-4L	P1	HCC-4L|CCGACAATAGGCCGCC-1	CCGACAATAGGCCGCC-1	0.0	0.5371784639135276
HCC-4L|P1|N9	HCC-4L	P1	HCC-4L|CCTTGACCACTTTATT-1	CCTTGACCACTTTATT-1	0.0	0.8401782137728177
HCC-4L|P1|N9	HCC-4L	P1	HCC-4L|CGGCAATAAGATCGCC-1	CGGCAATAAGATCGCC-1	2.56060842510182	1.7269332063534901
HCC-4L|P1|N9	HCC-4L	P1	HCC-4L|CTAGCCACAGGCGAGC-1	CTAGCCACAGGCGAGC-1	2.678705874416347	1.5626405693311674
HCC-4L|P1|N9	HCC-4L	P1	HCC-4L|CTATCGCGTAGAGAAC-1	CTATCGCGTAGAGAAC-1	2.679451585475924	1.5629512822726577
HCC-4L|P1|N9	HCC-4L	P1	HCC-4L|CTGGTAAAGTGTGGGC-1	CTGGTAAAGTGTGGGC-1	3.9658322616669164	2.165897262184815
HCC-4L|P1|N9	HCC-4L	P1	HCC-4L|GGAGGGTCAAGTAAGA-1	GGAGGGTCAAGTAAGA-1	3.9896876048144905	2.282502653956499
HCC-4L|P1|N9	HCC-4L	P1	HCC-4L|GGCCTGCTTCTCCCGA-1	GGCCTGCTTCTCCCGA-1	2.1957735762162787	1.9446942756384729
HCC-4L|P1|N9	HCC-4L	P1	HCC-4L|GTAACATCTAAGATAA-1	GTAACATCTAAGATAA-1	2.3838699794806812	1.3981579455966369
HCC-4L|P1|N9	HCC-4L	P1	HCC-4L|TACGCTCGGTATTGGA-1	TACGCTCGGTATTGGA-1	0.0	0.6629599888734505
HCC-4L|P1|N9	HCC-4L	P1	HCC-4L|TACGGCATGGACGCTA-1	TACGGCATGGACGCTA-1	0.0	0.6215469279641326
HCC-4L|P1|N9	HCC-4L	P1	HCC-4L|TACTCTTACTTTACTG-1	TACTCTTACTTTACTG-1	0.0	0.5215037636414941
HCC-4L|P1|N9	HCC-4L	P1	HCC-4L|TCAACTGCAGAGTCAG-1	TCAACTGCAGAGTCAG-1	2.474675470275556	1.6579089576291477
HCC-4L|P1|N9	HCC-4L	P1	HCC-4L|TCAAGCGCGGACGGTA-1	TCAAGCGCGGACGGTA-1	2.237723288963231	1.6316873008107935
HCC-4L|P1|N9	HCC-4L	P1	HCC-4L|TCTACCCAATAGAGAG-1	TCTACCCAATAGAGAG-1	0.0	0.6514193330571292
HCC-4L|P1|N9	HCC-4L	P1	HCC-4L|TCTTCGCGGTGAGAGG-1	TCTTCGCGGTGAGAGG-1	0.0	0.553711511340272
HCC-4L|P1|N9	HCC-4L	P1	HCC-4L|TGCCTAATTGAAGATT-1	TGCCTAATTGAAGATT-1	2.6793718359942384	1.7863149117996993
HCC-4L|P1|N9	HCC-4L	P1	HCC-4L|TGGCAATGGGACGGCG-1	TGGCAATGGGACGGCG-1	2.696563235215204	2.0068620302335867
HCC-4L|P1|N9	HCC-4L	P1	HCC-4L|TGTGTAGTAGCACGTG-1	TGTGTAGTAGCACGTG-1	0.0	0.6329900624046252
HCC-4L|P1|N10	HCC-4L	P1	HCC-4L|AACCGTTGTGTTTGCT-1	AACCGTTGTGTTTGCT-1	0.0	0.5447610381935665
HCC-4L|P1|N10	HCC-4L	P1	HCC-4L|AATTTGGTTCCAAAGA-1	AATTTGGTTCCAAAGA-1	2.392863724790771	1.7666698467728266
HCC-4L|P1|N10	HCC-4L	P1	HCC-4L|ACACACTTTCTACACG-1	ACACACTTTCTACACG-1	2.5003393745623415	1.4584699150640315
HCC-4L|P1|N10	HCC-4L	P1	HCC-4L|ACCCTTCATCTGCGAA-1	ACCCTTCATCTGCGAA-1	2.4996027333943296	1.7946237916547323
HCC-4L|P1|N10	HCC-4L	P1	HCC-4L|ACGATGGATCCGATGC-1	ACGATGGATCCGATGC-1	0.0	0.5277526035563538
HCC-4L|P1|N10	HCC-4L	P1	HCC-4L|ACGTACAGATTTCTCT-1	ACGTACAGATTTCTCT-1	1.4234189138505846	0.9111147673245232
HCC-4L|P1|N10	HCC-4L	P1	HCC-4L|CAAATTGTCAGCAAGC-1	CAAATTGTCAGCAAGC-1	0.0	0.5447610381935665
HCC-4L|P1|N10	HCC-4L	P1	HCC-4L|CATCATCTACCCGGAC-1	CATCATCTACCCGGAC-1	1.3819071737502389	0.8903588972743504
HCC-4L|P1|N10	HCC-4L	P1	HCC-4L|CTCATGGCTCACAATC-1	CTCATGGCTCACAATC-1	0.0	0.4999942107956671
HCC-4L|P1|N10	HCC-4L	P1	HCC-4L|GAGGTACATCCATCTT-1	GAGGTACATCCATCTT-1	0.0	0.6510250519557899
HCC-4L|P1|N10	HCC-4L	P1	HCC-4L|GTCAGTTGTGCTCGTT-1	GTCAGTTGTGCTCGTT-1	2.475571721225653	1.444081889587856
HCC-4L|P1|N10	HCC-4L	P1	HCC-4L|TACCAGCTAGGTTTAA-1	TACCAGCTAGGTTTAA-1	0.0	0.6544843636308187
HCC-4L|P1|N10	HCC-4L	P1	HCC-4L|TAGATCCGAAGTCGCA-1	TAGATCCGAAGTCGCA-1	2.4755523477003534	1.4440738172856478
HCC-4L|P1|N10	HCC-4L	P1	HCC-4L|TGCGGTGAAATTTCAT-1	TGCGGTGAAATTTCAT-1	4.0375297249284685	2.426470400646326
HCC-4L|P1|N11	HCC-4L	P1	HCC-4L|AACGATATGTCAACTG-1	AACGATATGTCAACTG-1	0.0	0.6366467069220745
HCC-4L|P1|N11	HCC-4L	P1	HCC-4L|AAGGTATCCTAATATA-1	AAGGTATCCTAATATA-1	0.0	0.6274933903804186
HCC-4L|P1|N11	HCC-4L	P1	HCC-4L|AGCCACTCCCGTGCTT-1	AGCCACTCCCGTGCTT-1	1.5457818639046834	1.1037551436966875
HCC-4L|P1|N11	HCC-4L	P1	HCC-4L|AGTACGGGCACCTGGC-1	AGTACGGGCACCTGGC-1	0.0	0.5419447149791464
HCC-4L|P1|N11	HCC-4L	P1	HCC-4L|ATAACGGAGTCCAACG-1	ATAACGGAGTCCAACG-1	3.5969123759358337	1.7984561879679168
HCC-4L|P1|N11	HCC-4L	P1	HCC-4L|CACCTTGCGAAACTCG-1	CACCTTGCGAAACTCG-1	2.546620502382909	1.8150673792730618
HCC-4L|P1|N11	HCC-4L	P1	HCC-4L|CAGTGAATAAATGACT-1	CAGTGAATAAATGACT-1	2.5307149960471396	1.864569555653326
HCC-4L|P1|N11	HCC-4L	P1	HCC-4L|CATTTAGCGGACCATG-1	CATTTAGCGGACCATG-1	0.0	0.5985452059755855
HCC-4L|P1|N11	HCC-4L	P1	HCC-4L|CGCCATCCGATTATGA-1	CGCCATCCGATTATGA-1	0.0	0.6772789322442443
HCC-4L|P1|N11	HCC-4L	P1	HCC-4L|CGGTCAAGTGGGAACC-1	CGGTCAAGTGGGAACC-1	2.4604884726206966	1.4425561768179163
HCC-4L|P1|N11	HCC-4L	P1	HCC-4L|CTAAATCCTATTCCGG-1	CTAAATCCTATTCCGG-1	2.105206973276976	1.4472577890256875
HCC-4L|P1|N11	HCC-4L	P1	HCC-4L|CTGTCAAATGGCTCGG-1	CTGTCAAATGGCTCGG-1	1.4316533250349601	1.2684199610328784
HCC-4L|P1|N11	HCC-4L	P1	HCC-4L|GACAACGACCATTGAA-1	GACAACGACCATTGAA-1	0.0	0.6366467069220745
HCC-4L|P1|N11	HCC-4L	P1	HCC-4L|GGAGCACCAAGAACTA-1	GGAGCACCAAGAACTA-1	0.0	0.9874408633862403
HCC-4L|P1|N11	HCC-4L	P1	HCC-4L|TAATAGTGACGACCAG-1	TAATAGTGACGACCAG-1	2.2051366325992556	1.4903141712469439
HCC-4L|P1|N11	HCC-4L	P1	HCC-4L|TGTTGTCAAGAAGTCT-1	TGTTGTCAAGAAGTCT-1	2.5387172158971882	1.9405894985627352
HCC-4L|P1|N11	HCC-4L	P1	HCC-4L|TTGACCATGTTCTCCG-1	TTGACCATGTTCTCCG-1	4.04284810712906	2.02142405356453
HCC-4L|P1|N11	HCC-4L	P1	HCC-4L|TTGTAAGGCCAGTTGG-1	TTGTAAGGCCAGTTGG-1	2.5477432860908165	1.6626737351470708
HCC-4L|P1|N13	HCC-4L	P1	HCC-4L|AACTCTCAATAGAGCG-1	AACTCTCAATAGAGCG-1	2.5538418589238856	1.5287121381651478
HCC-4L|P1|N13	HCC-4L	P1	HCC-4L|ACCGATGGTAGCATCG-1	ACCGATGGTAGCATCG-1	0.0	0.6933347791235267
HCC-4L|P1|N13	HCC-4L	P1	HCC-4L|AGTGAGACTTCCAGTA-1	AGTGAGACTTCCAGTA-1	3.959337311145419	2.3830508114817857
HCC-4L|P1|N13	HCC-4L	P1	HCC-4L|CACACGCGCTGTCTTA-1	CACACGCGCTGTCTTA-1	0.0	0.547407681295968
HCC-4L|P1|N13	HCC-4L	P1	HCC-4L|CATAACGGACAGTCGT-1	CATAACGGACAGTCGT-1	0.0	0.5178913799364846
HCC-4L|P1|N13	HCC-4L	P1	HCC-4L|CCCAAACATGCTGCTC-1	CCCAAACATGCTGCTC-1	2.520939597835028	1.590414574846299
HCC-4L|P1|N13	HCC-4L	P1	HCC-4L|CCGGGCTGCTCCATAC-1	CCGGGCTGCTCCATAC-1	2.319646273073887	1.4897679124657284
HCC-4L|P1|N13	HCC-4L	P1	HCC-4L|CCTAGGCGTAGCGATC-1	CCTAGGCGTAGCGATC-1	0.0	0.5232486320182755
HCC-4L|P1|N13	HCC-4L	P1	HCC-4L|CGAGTTTATCGGACTG-1	CGAGTTTATCGGACTG-1	2.135225170093579	1.2455363639006851
HCC-4L|P1|N13	HCC-4L	P1	HCC-4L|GAAGTCTCCCTAGCGA-1	GAAGTCTCCCTAGCGA-1	2.1350853462467465	1.2454781039645049
HCC-4L|P1|N13	HCC-4L	P1	HCC-4L|GCGTGGTACTGGGTTA-1	GCGTGGTACTGGGTTA-1	1.5256295302203515	0.9756349200204996
HCC-4L|P1|N13	HCC-4L	P1	HCC-4L|GCTTATGAAGCAGGAA-1	GCTTATGAAGCAGGAA-1	0.0	0.6646784902665464
HCC-4L|P1|N13	HCC-4L	P1	HCC-4L|GGATGTCCTTACCGCA-1	GGATGTCCTTACCGCA-1	1.495864974218109	0.9607526420193783
HCC-4L|P1|N13	HCC-4L	P1	HCC-4L|GGTTTCAATCGGTCAG-1	GGTTTCAATCGGTCAG-1	1.466364115870736	0.9483144297558556
HCC-4L|P1|N13	HCC-4L	P1	HCC-4L|GTAGCTTCCTCTTGTT-1	GTAGCTTCCTCTTGTT-1	1.594548352868595	1.0124065482547853
HCC-4L|P1|N13	HCC-4L	P1	HCC-4L|TAGACGCCCGTACCGG-1	TAGACGCCCGTACCGG-1	2.581588461845852	1.5458702699845368
HCC-4L|P1|N13	HCC-4L	P1	HCC-4L|TGCATATGTCTGTCAC-1	TGCATATGTCTGTCAC-1	0.0	0.5232486320182755
HCC-4L|P1|N13	HCC-4L	P1	HCC-4L|TGTAGGAGAAATTTCC-1	TGTAGGAGAAATTTCC-1	0.0	0.5400230757483705
HCC-4L|P1|N14	HCC-4L	P1	HCC-4L|AAGCACCCTGCGTATC-1	AAGCACCCTGCGTATC-1	2.4532937504171217	1.7603051273479682
HCC-4L|P1|N14	HCC-4L	P1	HCC-4L|AGATATAATACGACTA-1	AGATATAATACGACTA-1	2.34246974511434	1.3665700770785736
HCC-4L|P1|N14	HCC-4L	P1	HCC-4L|AGCAAAGGCCGCTAGT-1	AGCAAAGGCCGCTAGT-1	0.0	0.7922785162319851
HCC-4L|P1|N14	HCC-4L	P1	HCC-4L|AGTTTGCACCTGCCTC-1	AGTTTGCACCTGCCTC-1	0.0	0.5338195635187808
HCC-4L|P1|N14	HCC-4L	P1	HCC-4L|ATACGTTATGCACGGA-1	ATACGTTATGCACGGA-1	1.2674695357935941	0.7775869034942111
HCC-4L|P1|N14	HCC-4L	P1	HCC-4L|ATATAAATGTAGCTGC-1	ATATAAATGTAGCTGC-1	3.436571236144108	1.7201679626917976
HCC-4L|P1|N14	HCC-4L	P1	HCC-4L|ATCCACATCGACAGAA-1	ATCCACATCGACAGAA-1	3.935632763899073	2.3548966316736912
HCC-4L|P1|N14	HCC-4L	P1	HCC-4L|ATCTGGGCTGTTCTTG-1	ATCTGGGCTGTTCTTG-1	0.0	0.6265397268863785
HCC-4L|P1|N14	HCC-4L	P1	HCC-4L|CATAAGAAGCTTGGCT-1	CATAAGAAGCTTGGCT-1	3.9525410118082474	2.180711651772217
HCC-4L|P1|N14	HCC-4L	P1	HCC-4L|CCAGCTCGAACGCATT-1	CCAGCTCGAACGCATT-1	1.7262256271689687	1.2562832716764396
HCC-4L|P1|N14	HCC-4L	P1	HCC-4L|CGATTCGCCTGGCTGC-1	CGATTCGCCTGGCTGC-1	0.0	0.5727544859434901
HCC-4L|P1|N14	HCC-4L	P1	HCC-4L|CGTTGTCGGCAATTGA-1	CGTTGTCGGCAATTGA-1	0.673952419420877	0.5915080574935869
HCC-4L|P1|N14	HCC-4L	P1	HCC-4L|CTCACATTTACTAAAT-1	CTCACATTTACTAAAT-1	2.9157862921344835	1.6892784412246578
HCC-4L|P1|N14	HCC-4L	P1	HCC-4L|GAATGCGAATCGGTTC-1	GAATGCGAATCGGTTC-1	0.0	0.5489971077183448
HCC-4L|P1|N14	HCC-4L	P1	HCC-4L|GAGTATGCGCGTGCAT-1	GAGTATGCGCGTGCAT-1	2.344022454256842	1.6951864362128721
HCC-4L|P1|N14	HCC-4L	P1	HCC-4L|GCCTCTATACATAGCA-1	GCCTCTATACATAGCA-1	0.0	0.5297570046381451
HCC-4L|P1|N14	HCC-4L	P1	HCC-4L|GTAGACACGCCTGACT-1	GTAGACACGCCTGACT-1	1.3281565462288116	1.227780884313115
HCC-4L|P1|N14	HCC-4L	P1	HCC-4L|GTTAACATCACTTAAA-1	GTTAACATCACTTAAA-1	0.0	0.5297570046381451
HCC-4L|P1|N14	HCC-4L	P1	HCC-4L|GTTAAGGGTGCGATGT-1	GTTAAGGGTGCGATGT-1	2.300940542433014	1.6702521588805168
HCC-4L|P1|N14	HCC-4L	P1	HCC-4L|TAAGGCCCGTCACCCT-1	TAAGGCCCGTCACCCT-1	0.0	0.9580318377269511
HCC-4L|P1|N14	HCC-4L	P1	HCC-4L|TAGACGAAACGCCAAT-1	TAGACGAAACGCCAAT-1	0.0	0.7185104136058547
HCC-4L|P1|N14	HCC-4L	P1	HCC-4L|TCAAATTTGAGACTCA-1	TCAAATTTGAGACTCA-1	2.301749888069044	1.3426199892372732
HCC-4L|P1|N14	HCC-4L	P1	HCC-4L|TCCGCCTGTCTACAAG-1	TCCGCCTGTCTACAAG-1	2.920512819513634	1.460256409756817
HCC-4L|P1|N14	HCC-4L	P1	HCC-4L|TCGCTACTGGCTTTGA-1	TCGCTACTGGCTTTGA-1	0.0	0.5358319504064653
HCC-4L|P1|N14	HCC-4L	P1	HCC-4L|TCGGGAGACAGCGTAC-1	TCGGGAGACAGCGTAC-1	0.0	0.725632054191201
HCC-4L|P1|N14	HCC-4L	P1	HCC-4L|TGCTCGGTGGGTCACC-1	TGCTCGGTGGGTCACC-1	1.944185858137382	0.9737860525877332
HCC-4L|P1|N14	HCC-4L	P1	HCC-4L|TGCTTCCCAAGCAGTA-1	TGCTTCCCAAGCAGTA-1	1.4484669956601808	1.2217475366244457
HCC-4L|P1|N14	HCC-4L	P1	HCC-4L|TTATAGGTAATTGTCT-1	TTATAGGTAATTGTCT-1	0.0	0.7239942766830607
HCC-4L|P1|N14	HCC-4L	P1	HCC-4L|TTGTGCAGCCACGTCA-1	TTGTGCAGCCACGTCA-1	2.4513580138646405	1.4301201528004137
HCC-4L|P1|N19	HCC-4L	P1	HCC-4L|ACAAAGCATGACCTAG-1	ACAAAGCATGACCTAG-1	1.5701342732063186	1.2183403097099128
HCC-4L|P1|N19	HCC-4L	P1	HCC-4L|ACAGGCACGGATCCTT-1	ACAGGCACGGATCCTT-1	2.2770471629469293	1.6383895594899174
HCC-4L|P1|N19	HCC-4L	P1	HCC-4L|ACGTTCTGTACAAGTC-1	ACGTTCTGTACAAGTC-1	0.0	0.5140899176481546
HCC-4L|P1|N19	HCC-4L	P1	HCC-4L|ACTCTGACCTAATAGA-1	ACTCTGACCTAATAGA-1	0.0	0.6896199082620301
HCC-4L|P1|N19	HCC-4L	P1	HCC-4L|AGTGATAACCTGCGCG-1	AGTGATAACCTGCGCG-1	1.5574750809652667	1.2017181103324481
HCC-4L|P1|N19	HCC-4L	P1	HCC-4L|ATAGCAACTAGGGAAG-1	ATAGCAACTAGGGAAG-1	0.0	0.5641176958739466
HCC-4L|P1|N19	HCC-4L	P1	HCC-4L|ATATAACACGGGCGCA-1	ATATAACACGGGCGCA-1	3.954162295062648	1.9771615547086427
HCC-4L|P1|N19	HCC-4L	P1	HCC-4L|CAAGGCCAGTGGTGCA-1	CAAGGCCAGTGGTGCA-1	3.782058077593766	1.891029038796883
HCC-4L|P1|N19	HCC-4L	P1	HCC-4L|CATAGTCAAATACATA-1	CATAGTCAAATACATA-1	0.0	0.5140899176481546
HCC-4L|P1|N19	HCC-4L	P1	HCC-4L|CCCAAGTCATTACACT-1	CCCAAGTCATTACACT-1	2.2768643053171873	1.3282664900814898
HCC-4L|P1|N19	HCC-4L	P1	HCC-4L|CCGCTCTTCCGAACTA-1	CCGCTCTTCCGAACTA-1	2.603451129241	1.6496010183528054
HCC-4L|P1|N19	HCC-4L	P1	HCC-4L|CCTCCTGTTGTGTCGT-1	CCTCCTGTTGTGTCGT-1	2.595826948040041	1.5547835362747031
HCC-4L|P1|N19	HCC-4L	P1	HCC-4L|CGGCGCCATCAATCCC-1	CGGCGCCATCAATCCC-1	2.3421158189501545	1.4139526386558297
HCC-4L|P1|N19	HCC-4L	P1	HCC-4L|CGTTAATGTCCCGACG-1	CGTTAATGTCCCGACG-1	2.6293573461206536	1.575166471901786
HCC-4L|P1|N19	HCC-4L	P1	HCC-4L|CTGCCTTTCTAGTAAA-1	CTGCCTTTCTAGTAAA-1	2.21496317902464	1.2920579825719205
HCC-4L|P1|N19	HCC-4L	P1	HCC-4L|CTTTGCATCGCTCTTG-1	CTTTGCATCGCTCTTG-1	0.9898413404789237	0.9033612298682328
HCC-4L|P1|N19	HCC-4L	P1	HCC-4L|GACACTTCCAATTACC-1	GACACTTCCAATTACC-1	3.7215274308802444	2.0505176456856997
HCC-4L|P1|N19	HCC-4L	P1	HCC-4L|GCATGCTAATAACGAT-1	GCATGCTAATAACGAT-1	0.0009648861278252766	0.5197346597622322
HCC-4L|P1|N19	HCC-4L	P1	HCC-4L|GCCACTCAGAGCGCGA-1	GCCACTCAGAGCGCGA-1	1.0468644227452237	0.8010953079917017
HCC-4L|P1|N19	HCC-4L	P1	HCC-4L|GCTAACTGAAGTCTGA-1	GCTAACTGAAGTCTGA-1	1.5683785051322414	1.1330919548232807
HCC-4L|P1|N19	HCC-4L	P1	HCC-4L|GTCATGCGCGAGGGCT-1	GTCATGCGCGAGGGCT-1	0.0	0.5648297145023887
HCC-4L|P1|N19	HCC-4L	P1	HCC-4L|TAGGCTAAAGTGGCAC-1	TAGGCTAAAGTGGCAC-1	0.0	0.5322024374312594
HCC-4L|P1|N19	HCC-4L	P1	HCC-4L|TCACAAACCGAGGTAC-1	TCACAAACCGAGGTAC-1	1.5123064738498726	1.0549589276348499
HCC-4L|P1|N19	HCC-4L	P1	HCC-4L|TCGTTTACGCGACCCT-1	TCGTTTACGCGACCCT-1	0.0	0.4998812161522645
HCC-4L|P1|N19	HCC-4L	P1	HCC-4L|TCTATGCTATAACGAC-1	TCTATGCTATAACGAC-1	2.2149167167152073	1.2920386232763237
HCC-4L|P1|N19	HCC-4L	P1	HCC-4L|TGGCTACACTCTACCT-1	TGGCTACACTCTACCT-1	2.604371171581346	1.5191398465607564
HCC-4L|P1|N19	HCC-4L	P1	HCC-4L|TGTACCTACACGAGGG-1	TGTACCTACACGAGGG-1	0.8780309869448827	0.7639814017987264
HCC-4L|P1|N19	HCC-4L	P1	HCC-4L|TGTCCACGGCTCAACT-1	TGTCCACGGCTCAACT-1	0.0	0.5322024374312594
HCC-4L|P1|N19	HCC-4L	P1	HCC-4L|TTAGTAAACCTGCTCT-1	TTAGTAAACCTGCTCT-1	0.0	0.5269247167428794
HCC-4L|P1|N19	HCC-4L	P1	HCC-4L|TTGTGGTGGTACTAAG-1	TTGTGGTGGTACTAAG-1	0.0	0.7163200930821838
HCC-4L|P1|N39	HCC-4L	P1	HCC-4L|AGGACATCGGCACACT-1	AGGACATCGGCACACT-1	2.4593148194706584	1.4346514061994906
HCC-4L|P1|N39	HCC-4L	P1	HCC-4L|ATCCGGACCAGCCTGA-1	ATCCGGACCAGCCTGA-1	0.0	0.8117130595751592
HCC-4L|P1|N39	HCC-4L	P1	HCC-4L|CAGAGCGATGGATGCT-1	CAGAGCGATGGATGCT-1	3.385287372147461	1.6950369177678763
HCC-4L|P1|N39	HCC-4L	P1	HCC-4L|CAGCCTCGATAGCGGT-1	CAGCCTCGATAGCGGT-1	4.070870452533542	2.03749465559506
HCC-4L|P1|N39	HCC-4L	P1	HCC-4L|CGAATTCCCGGTTCAA-1	CGAATTCCCGGTTCAA-1	0.0	0.9513792128976831
HCC-4L|P1|N39	HCC-4L	P1	HCC-4L|CTGAGAGTAGAAATAC-1	CTGAGAGTAGAAATAC-1	0.0	0.8461302807081299
HCC-4L|P1|N39	HCC-4L	P1	HCC-4L|CTTACTGACTCCTCTG-1	CTTACTGACTCCTCTG-1	4.093276607649737	2.2955029776148375
HCC-4L|P1|N39	HCC-4L	P1	HCC-4L|GACAAGACGCCCGTGC-1	GACAAGACGCCCGTGC-1	0.0	0.6944374107931507
HCC-4L|P1|N39	HCC-4L	P1	HCC-4L|GAGAAACTGGATCCCA-1	GAGAAACTGGATCCCA-1	1.5723534799458774	1.2150224710657778
HCC-4L|P1|N39	HCC-4L	P1	HCC-4L|GAGTAAATTAAGAACC-1	GAGTAAATTAAGAACC-1	2.459927957569936	1.7784064960724804
HCC-4L|P1|N39	HCC-4L	P1	HCC-4L|TAAGTCGGTGAGCTAG-1	TAAGTCGGTGAGCTAG-1	0.02871878032975218	0.8425670516121373
HCC-4L|P1|N39	HCC-4L	P1	HCC-4L|TACCCTCGGTAACCCT-1	TACCCTCGGTAACCCT-1	0.0	1.072114327732098
HCC-4L|P1|N39	HCC-4L	P1	HCC-4L|TAGAAGAAGGGTTACA-1	TAGAAGAAGGGTTACA-1	2.6734586411920302	1.735148339306295
HCC-4L|P1|N39	HCC-4L	P1	HCC-4L|TGACTCTAACTGGTAA-1	TGACTCTAACTGGTAA-1	0.0	0.5409663547488727
HCC-4L|P1|N39	HCC-4L	P1	HCC-4L|TTAACTGATCGTTTGG-1	TTAACTGATCGTTTGG-1	0.0	0.6869992313299149
HCC-4L|P1|N39	HCC-4L	P1	HCC-4L|TTATTTAGGTTCCTTA-1	TTATTTAGGTTCCTTA-1	1.614998669736361	1.2320805469819711
HCC-4L|P2|N1	HCC-4L	P2	HCC-4L|AAACCCGAACGAAATC-1	AAACCCGAACGAAATC-1	2.6375267582503232	2.0559130556152785
HCC-4L|P2|N1	HCC-4L	P2	HCC-4L|AACAGGTAGTATGGAT-1	AACAGGTAGTATGGAT-1	2.4742575675944645	1.789771467916247
HCC-4L|P2|N1	HCC-4L	P2	HCC-4L|AACTACCCGTTTGTCA-1	AACTACCCGTTTGTCA-1	1.3519507817988177	1.3551709748637952
HCC-4L|P2|N1	HCC-4L	P2	HCC-4L|AAGCCGAAGCGGTTTA-1	AAGCCGAAGCGGTTTA-1	1.7053013905228418	1.3919981394682635
HCC-4L|P2|N1	HCC-4L	P2	HCC-4L|AATATCGAATCAATGC-1	AATATCGAATCAATGC-1	2.788085885534342	2.041327738439605
HCC-4L|P2|N1	HCC-4L	P2	HCC-4L|AATCGCGCAGAGGACT-1	AATCGCGCAGAGGACT-1	1.771579580567162	1.7173375480415507
HCC-4L|P2|N1	HCC-4L	P2	HCC-4L|AGACCGCTCCGCGGTT-1	AGACCGCTCCGCGGTT-1	1.211477810896179	1.4898886156457025
HCC-4L|P2|N1	HCC-4L	P2	HCC-4L|AGGTTACACCATGCCG-1	AGGTTACACCATGCCG-1	2.7553600635778555	2.263357510264568
HCC-4L|P2|N1	HCC-4L	P2	HCC-4L|ATTACATGTCAGTCTT-1	ATTACATGTCAGTCTT-1	1.660031318003783	1.5051103068229525
HCC-4L|P2|N1	HCC-4L	P2	HCC-4L|CCAAATAACAAGATTC-1	CCAAATAACAAGATTC-1	2.5016838060416258	1.9853929065949207
HCC-4L|P2|N1	HCC-4L	P2	HCC-4L|CCCGAGTTTCTCCGTA-1	CCCGAGTTTCTCCGTA-1	1.7928134100763866	1.5167166136211465
HCC-4L|P2|N1	HCC-4L	P2	HCC-4L|CCGAGAAGTCGCATAA-1	CCGAGAAGTCGCATAA-1	2.677985898173346	2.0247768955230603
HCC-4L|P2|N1	HCC-4L	P2	HCC-4L|CGAGATTTCGCTCGGG-1	CGAGATTTCGCTCGGG-1	1.819098953144768	1.6620338478201053
HCC-4L|P2|N1	HCC-4L	P2	HCC-4L|CGATAATACTCAGGTT-1	CGATAATACTCAGGTT-1	1.77549055546014	1.4294232995042
HCC-4L|P2|N1	HCC-4L	P2	HCC-4L|CGGCTCTAAAGCTGCA-1	CGGCTCTAAAGCTGCA-1	1.2995302730253053	1.4372393777487549
HCC-4L|P2|N1	HCC-4L	P2	HCC-4L|CTTCGGCCAATTGTTT-1	CTTCGGCCAATTGTTT-1	2.529502428710347	2.0419405410878086
HCC-4L|P2|N1	HCC-4L	P2	HCC-4L|GAACGCGGGTCACACG-1	GAACGCGGGTCACACG-1	1.4339079066601115	1.3271465514071754
HCC-4L|P2|N1	HCC-4L	P2	HCC-4L|GACCGCGTCTGACGTG-1	GACCGCGTCTGACGTG-1	2.663209969621338	2.1656941784200834
HCC-4L|P2|N1	HCC-4L	P2	HCC-4L|GCAACGGCTAGTTATG-1	GCAACGGCTAGTTATG-1	1.819314259600831	1.605851708108594
HCC-4L|P2|N1	HCC-4L	P2	HCC-4L|GCACAAACGAGGCGTG-1	GCACAAACGAGGCGTG-1	1.4658013736212565	1.5940765995643447
HCC-4L|P2|N1	HCC-4L	P2	HCC-4L|GGACACAAGTTTACAC-1	GGACACAAGTTTACAC-1	1.4732768430956469	1.3146782145925031
HCC-4L|P2|N1	HCC-4L	P2	HCC-4L|TCTCGACGTATCGCCG-1	TCTCGACGTATCGCCG-1	1.3646062117384257	1.5042893453817006
HCC-4L|P2|N1	HCC-4L	P2	HCC-4L|TCTTTAGAGTCTAACA-1	TCTTTAGAGTCTAACA-1	1.26182354636569	1.5634609193709876
HCC-4L|P2|N1	HCC-4L	P2	HCC-4L|TGAATGTCAGCCGGCC-1	TGAATGTCAGCCGGCC-1	1.4817420026256436	1.3629918365942744
HCC-4L|P2|N1	HCC-4L	P2	HCC-4L|TGTTTGAGATCGTCAG-1	TGTTTGAGATCGTCAG-1	1.166620899214513	1.323403343391337
HCC-4L|P2|N1	HCC-4L	P2	HCC-4L|TTCCGGTATCTGTGTC-1	TTCCGGTATCTGTGTC-1	1.4563075043481502	1.4043727271211885
HCC-4L|P2|N1	HCC-4L	P2	HCC-4L|TTGAGCAGCCCACGGT-1	TTGAGCAGCCCACGGT-1	1.7479612394974258	1.7228253491577317
HCC-4L|P2|N1	HCC-4L	P2	HCC-4L|TTGCCAAGCAGAACCC-1	TTGCCAAGCAGAACCC-1	1.694685153437356	1.7172061058332813
HCC-4L|P2|N2	HCC-4L	P2	HCC-4L|AAACGCTGGGCACGAC-1	AAACGCTGGGCACGAC-1	1.4400064939018948	1.4232679751888009
HCC-4L|P2|N2	HCC-4L	P2	HCC-4L|ATCGCCGTGGTTCATG-1	ATCGCCGTGGTTCATG-1	1.4760094351264348	1.721229569821353
HCC-4L|P2|N2	HCC-4L	P2	HCC-4L|CAACGATCGATCCAAT-1	CAACGATCGATCCAAT-1	2.6440987864078305	2.561808947382716
HCC-4L|P2|N2	HCC-4L	P2	HCC-4L|CAGAGCGATGGATGCT-1	CAGAGCGATGGATGCT-1	1.4532625331290832	1.3453971053762692
HCC-4L|P2|N2	HCC-4L	P2	HCC-4L|CATAGTGGGCACGCCT-1	CATAGTGGGCACGCCT-1	2.7969064003086292	2.221503727813201
HCC-4L|P2|N2	HCC-4L	P2	HCC-4L|CTGCTCTCAACACACC-1	CTGCTCTCAACACACC-1	2.509458722079864	2.118115350164917
HCC-4L|P2|N2	HCC-4L	P2	HCC-4L|GCATGACACAAAGGAA-1	GCATGACACAAAGGAA-1	2.4666487839063813	2.3214775780490307
HCC-4L|P2|N2	HCC-4L	P2	HCC-4L|TCAAATTATGTTCGAC-1	TCAAATTATGTTCGAC-1	2.4624498190865585	1.7635212508215496
HCC-4L|P2|N2	HCC-4L	P2	HCC-4L|TGTTAACAAAGTGACT-1	TGTTAACAAAGTGACT-1	1.5856205688072014	1.499766246974335
HCC-4L|P2|N2	HCC-4L	P2	HCC-4L|TGTTCTCATACTATAG-1	TGTTCTCATACTATAG-1	1.4550585170356403	1.844789538203971
HCC-4L|P2|N4	HCC-4L	P2	HCC-4L|AAACTCGGTTCGCAAT-1	AAACTCGGTTCGCAAT-1	1.457647450682317	1.4484853896172813
HCC-4L|P2|N4	HCC-4L	P2	HCC-4L|AAGTTTATGGGCCCAA-1	AAGTTTATGGGCCCAA-1	2.791612282675931	2.129191185312224
HCC-4L|P2|N4	HCC-4L	P2	HCC-4L|AGATATAATACGACTA-1	AGATATAATACGACTA-1	2.1886838396267967	1.9817190927186115
HCC-4L|P2|N4	HCC-4L	P2	HCC-4L|AGCAGAAGGAGAAAGA-1	AGCAGAAGGAGAAAGA-1	1.353264034475178	1.506531087753495
HCC-4L|P2|N4	HCC-4L	P2	HCC-4L|ATCCACATCGACAGAA-1	ATCCACATCGACAGAA-1	2.194820605011326	1.7095262388779995
HCC-4L|P2|N4	HCC-4L	P2	HCC-4L|ATGTAGCGCGCGTAGG-1	ATGTAGCGCGCGTAGG-1	1.3466323388015227	1.5117474514163582
HCC-4L|P2|N4	HCC-4L	P2	HCC-4L|CCTATGGTCAAAGCTG-1	CCTATGGTCAAAGCTG-1	1.4933088503989138	1.5069378151708381
HCC-4L|P2|N4	HCC-4L	P2	HCC-4L|CTCACTGTGATACTTA-1	CTCACTGTGATACTTA-1	1.2596243937539637	1.535186392128107
HCC-4L|P2|N4	HCC-4L	P2	HCC-4L|GAAGCCACTGATTATG-1	GAAGCCACTGATTATG-1	2.777947545090889	2.155936144943201
HCC-4L|P2|N4	HCC-4L	P2	HCC-4L|GAATGCGAATCGGTTC-1	GAATGCGAATCGGTTC-1	2.1491724686443976	1.7427776252994378
HCC-4L|P2|N4	HCC-4L	P2	HCC-4L|GACATCCGTCGAACTG-1	GACATCCGTCGAACTG-1	1.4571928306575221	1.4526190939875983
HCC-4L|P2|N4	HCC-4L	P2	HCC-4L|GAGTATGCGCGTGCAT-1	GAGTATGCGCGTGCAT-1	2.7971170014270568	2.308619071454355
HCC-4L|P2|N4	HCC-4L	P2	HCC-4L|GCACTGCCTACCTTTA-1	GCACTGCCTACCTTTA-1	1.3993329222882336	1.3661594876423608
HCC-4L|P2|N4	HCC-4L	P2	HCC-4L|GGAGCGAGGCCTACTT-1	GGAGCGAGGCCTACTT-1	1.4730405189010316	1.5326122969857519
HCC-4L|P2|N4	HCC-4L	P2	HCC-4L|GGCGCTTCATTCCCTG-1	GGCGCTTCATTCCCTG-1	1.4817274658949366	1.4292178710123573
HCC-4L|P2|N4	HCC-4L	P2	HCC-4L|GGGAAGACGGTCTGTC-1	GGGAAGACGGTCTGTC-1	2.8012107213984088	2.1505938856339686
HCC-4L|P2|N4	HCC-4L	P2	HCC-4L|GTAGTCTACGATATTG-1	GTAGTCTACGATATTG-1	2.7231130384402187	1.9320898781343447
HCC-4L|P2|N4	HCC-4L	P2	HCC-4L|GTCCGGGTTCACATTA-1	GTCCGGGTTCACATTA-1	1.602005859883947	1.494459883907114
HCC-4L|P2|N4	HCC-4L	P2	HCC-4L|GTGACAGCTTCCCACT-1	GTGACAGCTTCCCACT-1	1.9935615517680554	1.8428095886656268
HCC-4L|P2|N4	HCC-4L	P2	HCC-4L|TAGACGAAACGCCAAT-1	TAGACGAAACGCCAAT-1	2.183360070984739	2.0558536218696344
HCC-4L|P2|N4	HCC-4L	P2	HCC-4L|TCCTTGTCCTTTAATT-1	TCCTTGTCCTTTAATT-1	1.4039054938107516	1.5092553591871134
HCC-4L|P2|N4	HCC-4L	P2	HCC-4L|TCTTGCTCCCGATACT-1	TCTTGCTCCCGATACT-1	1.3462257126967316	1.3740910802535051
HCC-4L|P2|N4	HCC-4L	P2	HCC-4L|TGCTCTTGAGAGTTTG-1	TGCTCTTGAGAGTTTG-1	2.1898855179730967	2.1552242356467017
HCC-4L|P2|N5	HCC-4L	P2	HCC-4L|AAAGCTTGCCTACATA-1	AAAGCTTGCCTACATA-1	1.3403081798173138	1.424509039248976
HCC-4L|P2|N5	HCC-4L	P2	HCC-4L|AGGAGAGTCTGGCTAC-1	AGGAGAGTCTGGCTAC-1	1.7734294222827038	1.7950882017702656
HCC-4L|P2|N5	HCC-4L	P2	HCC-4L|ATCTTTCGTATAACCA-1	ATCTTTCGTATAACCA-1	1.5182391090119962	1.4152969217887614
HCC-4L|P2|N5	HCC-4L	P2	HCC-4L|CAACCTGAACCTGCCA-1	CAACCTGAACCTGCCA-1	1.7980467758589738	1.4817099239995937
HCC-4L|P2|N5	HCC-4L	P2	HCC-4L|CATTACATAGATTGTG-1	CATTACATAGATTGTG-1	1.4867585044099312	1.372536096445876
HCC-4L|P2|N5	HCC-4L	P2	HCC-4L|CCGCTTGCTGACATGG-1	CCGCTTGCTGACATGG-1	2.790895726382196	2.1990314541857727
HCC-4L|P2|N5	HCC-4L	P2	HCC-4L|CGGCCCAACCTGTAGT-1	CGGCCCAACCTGTAGT-1	1.5609464918721476	1.3933038678594447
HCC-4L|P2|N5	HCC-4L	P2	HCC-4L|GAACGATAAGTTAAAG-1	GAACGATAAGTTAAAG-1	1.907433292794839	1.4596545374468173
HCC-4L|P2|N5	HCC-4L	P2	HCC-4L|GAAGGCTACCATTGTT-1	GAAGGCTACCATTGTT-1	1.241013641662965	1.3987684287584339
HCC-4L|P2|N5	HCC-4L	P2	HCC-4L|GACTCCCAGAATAAGG-1	GACTCCCAGAATAAGG-1	1.6155324863404907	1.4137429153904022
HCC-4L|P2|N5	HCC-4L	P2	HCC-4L|GGTACACCAGATTTAT-1	GGTACACCAGATTTAT-1	2.790895726382196	2.1249409955133314
HCC-4L|P2|N5	HCC-4L	P2	HCC-4L|GGTTTAATTGAGCAGG-1	GGTTTAATTGAGCAGG-1	1.607371122619157	1.6408486483560536
HCC-4L|P2|N5	HCC-4L	P2	HCC-4L|TAATAGCTAAATGATG-1	TAATAGCTAAATGATG-1	2.74393261231476	2.232115581812095
HCC-4L|P2|N5	HCC-4L	P2	HCC-4L|TACACCGTCGTTAGTC-1	TACACCGTCGTTAGTC-1	1.4832319527353253	1.4798178668492379
HCC-4L|P2|N5	HCC-4L	P2	HCC-4L|TATGATCCGGCACGCC-1	TATGATCCGGCACGCC-1	1.5574689276425164	1.4629320817350966
HCC-4L|P2|N5	HCC-4L	P2	HCC-4L|TATGGCTAGGCTAATT-1	TATGGCTAGGCTAATT-1	1.7867736120407842	1.5709824539623534
HCC-4L|P2|N5	HCC-4L	P2	HCC-4L|TCTGCACCATTAGTAA-1	TCTGCACCATTAGTAA-1	1.345836015883848	1.442958744452234
HCC-4L|P2|N5	HCC-4L	P2	HCC-4L|TGCTCTGCCGGTTCAC-1	TGCTCTGCCGGTTCAC-1	1.4913926409877818	1.35766254251145
HCC-4L|P2|N5	HCC-4L	P2	HCC-4L|TGGTTAAGGGCGCTGG-1	TGGTTAAGGGCGCTGG-1	1.7560671217506918	1.6838208401255812
HCC-4L|P2|N5	HCC-4L	P2	HCC-4L|TGTATACGGATGATGA-1	TGTATACGGATGATGA-1	1.7158000250619623	1.5986291256534506
HCC-4L|P2|N5	HCC-4L	P2	HCC-4L|TTGATAGTCAATACAT-1	TTGATAGTCAATACAT-1	1.6176869005498737	1.5779081497424645
HCC-4L|P2|N10	HCC-4L	P2	HCC-4L|AACTGGGTCCCGACGT-1	AACTGGGTCCCGACGT-1	2.7745445873040264	2.2506029621215466
HCC-4L|P2|N10	HCC-4L	P2	HCC-4L|ATCACTTCATCCTCGC-1	ATCACTTCATCCTCGC-1	2.790895726382196	2.280877078034046
HCC-4L|P2|N10	HCC-4L	P2	HCC-4L|ATTAATACTACGCGGG-1	ATTAATACTACGCGGG-1	1.5505512286076044	1.4029157546659172
HCC-4L|P2|N10	HCC-4L	P2	HCC-4L|CATGATGCACAATTCT-1	CATGATGCACAATTCT-1	1.5225260670635576	1.381664548277581
HCC-4L|P2|N10	HCC-4L	P2	HCC-4L|CATTACGTCGGCCCGT-1	CATTACGTCGGCCCGT-1	1.466472868965988	1.4968664999198062
HCC-4L|P2|N10	HCC-4L	P2	HCC-4L|CGTACCTGATAGGCCT-1	CGTACCTGATAGGCCT-1	1.6141085160804185	1.401947139062099
HCC-4L|P2|N10	HCC-4L	P2	HCC-4L|TAATACACAGTAGTAT-1	TAATACACAGTAGTAT-1	1.5541832597221854	1.462749600412051
HCC-4L|P2|N10	HCC-4L	P2	HCC-4L|TCTTGGTAACACCAAA-1	TCTTGGTAACACCAAA-1	1.6226898232501628	1.5453588832545282
HCC-4L|P2|N10	HCC-4L	P2	HCC-4L|TGCATGGATCGGATCT-1	TGCATGGATCGGATCT-1	1.3849959875042597	1.438227640911503
HCC-4L|P2|N10	HCC-4L	P2	HCC-4L|TGGAAGGATAAAGATG-1	TGGAAGGATAAAGATG-1	1.540730355809608	1.693221939808103
HCC-4L|P2|N13	HCC-4L	P2	HCC-4L|AAGAGGCCCTTTGGAA-1	AAGAGGCCCTTTGGAA-1	2.5953150720293636	2.314477154150482
HCC-4L|P2|N13	HCC-4L	P2	HCC-4L|ACACGTAGGCCACAAG-1	ACACGTAGGCCACAAG-1	2.035666608174973	1.8320404515888193
HCC-4L|P2|N13	HCC-4L	P2	HCC-4L|ACACTGGGACAGTCGT-1	ACACTGGGACAGTCGT-1	1.5289046669113857	1.5309004973283444
HCC-4L|P2|N13	HCC-4L	P2	HCC-4L|ACCTCCGCCCTCGCTG-1	ACCTCCGCCCTCGCTG-1	1.8532602053068175	1.7634688625359893
HCC-4L|P2|N13	HCC-4L	P2	HCC-4L|AGCTCCATATATGTTC-1	AGCTCCATATATGTTC-1	1.5739053969347176	1.7943571052775136
HCC-4L|P2|N13	HCC-4L	P2	HCC-4L|ATAAACGTTGCACCAC-1	ATAAACGTTGCACCAC-1	1.8998313150165762	1.7659945008711393
HCC-4L|P2|N13	HCC-4L	P2	HCC-4L|ATCTCCCACGGAATAT-1	ATCTCCCACGGAATAT-1	2.0307609004576177	1.7530362241181563
HCC-4L|P2|N13	HCC-4L	P2	HCC-4L|ATGCTTAGGAGTTGAT-1	ATGCTTAGGAGTTGAT-1	1.4233279052244001	1.3978724290216458
HCC-4L|P2|N13	HCC-4L	P2	HCC-4L|CAACCAGTGGCCTACC-1	CAACCAGTGGCCTACC-1	2.686003336911691	2.160830058872903
HCC-4L|P2|N13	HCC-4L	P2	HCC-4L|CACTACGGGAGCTGCC-1	CACTACGGGAGCTGCC-1	2.014198863224698	1.7738020554539713
HCC-4L|P2|N13	HCC-4L	P2	HCC-4L|CAGAATAACACACGGA-1	CAGAATAACACACGGA-1	1.4267841156416872	1.3826645017913557
HCC-4L|P2|N13	HCC-4L	P2	HCC-4L|CCGACAATAGGCCGCC-1	CCGACAATAGGCCGCC-1	1.4484398931402134	1.493854902578786
HCC-4L|P2|N13	HCC-4L	P2	HCC-4L|CCTTGACCACTTTATT-1	CCTTGACCACTTTATT-1	1.513128886312405	1.59913756781998
HCC-4L|P2|N13	HCC-4L	P2	HCC-4L|CGAGAGGGTAGCCGCG-1	CGAGAGGGTAGCCGCG-1	1.847806586791173	1.5341760570923575
HCC-4L|P2|N13	HCC-4L	P2	HCC-4L|CTGGTAAAGTGTGGGC-1	CTGGTAAAGTGTGGGC-1	2.777776488995791	2.1216294625132606
HCC-4L|P2|N13	HCC-4L	P2	HCC-4L|GACCAAACGTTGACTG-1	GACCAAACGTTGACTG-1	2.0352542026970073	1.984196143297707
HCC-4L|P2|N13	HCC-4L	P2	HCC-4L|GGAACTTTGGCGATTA-1	GGAACTTTGGCGATTA-1	2.0613105931161133	1.7145271759945162
HCC-4L|P2|N13	HCC-4L	P2	HCC-4L|GGCCTGCTTCTCCCGA-1	GGCCTGCTTCTCCCGA-1	1.5592859637844223	1.4011269794206622
HCC-4L|P2|N13	HCC-4L	P2	HCC-4L|GTAACATCTAAGATAA-1	GTAACATCTAAGATAA-1	2.784911327685054	2.164983641530982
HCC-4L|P2|N13	HCC-4L	P2	HCC-4L|TACGCTCGGTATTGGA-1	TACGCTCGGTATTGGA-1	1.660391013280298	1.5235575994385893
HCC-4L|P2|N13	HCC-4L	P2	HCC-4L|TACTCTTACTTTACTG-1	TACTCTTACTTTACTG-1	2.0246442499591892	1.708789606262572
HCC-4L|P2|N13	HCC-4L	P2	HCC-4L|TCAACTGCAGAGTCAG-1	TCAACTGCAGAGTCAG-1	1.8847495350080357	1.9776083735900452
HCC-4L|P2|N13	HCC-4L	P2	HCC-4L|TCTACCCAATAGAGAG-1	TCTACCCAATAGAGAG-1	2.797766141776756	2.1776507085168513
HCC-4L|P2|N13	HCC-4L	P2	HCC-4L|TCTTCGCGGTGAGAGG-1	TCTTCGCGGTGAGAGG-1	1.345205052261228	1.5727687183465968
HCC-4L|P2|N13	HCC-4L	P2	HCC-4L|TGCCTAATTGAAGATT-1	TGCCTAATTGAAGATT-1	1.8382044134914928	1.7283817678588211
HCC-4L|P2|N13	HCC-4L	P2	HCC-4L|TTCGGGTTGCCACGGG-1	TTCGGGTTGCCACGGG-1	1.3167728786471795	1.3259187911710648
HCC-4L|P2|N15	HCC-4L	P2	HCC-4L|AAGGATGAGGGACCTC-1	AAGGATGAGGGACCTC-1	2.16520935422358	1.8049019272475229
HCC-4L|P2|N15	HCC-4L	P2	HCC-4L|ACCCAACGCCCGTGGC-1	ACCCAACGCCCGTGGC-1	1.7090058047813486	1.821810396435119
HCC-4L|P2|N15	HCC-4L	P2	HCC-4L|AGAGAACCGTCTAGGA-1	AGAGAACCGTCTAGGA-1	2.318208006699326	1.8455069991894484
HCC-4L|P2|N15	HCC-4L	P2	HCC-4L|AGGCAGATGCGTAAAC-1	AGGCAGATGCGTAAAC-1	2.8090427782836045	2.158338300034627
HCC-4L|P2|N15	HCC-4L	P2	HCC-4L|CAATGGATCTCTACCA-1	CAATGGATCTCTACCA-1	2.591189768081733	2.001352348760897
HCC-4L|P2|N15	HCC-4L	P2	HCC-4L|CATTTAGCGGACCATG-1	CATTTAGCGGACCATG-1	2.19678990390413	1.6199418266343995
HCC-4L|P2|N15	HCC-4L	P2	HCC-4L|CCACAATGTACGTCTT-1	CCACAATGTACGTCTT-1	2.692262288321707	2.292072236570482
HCC-4L|P2|N15	HCC-4L	P2	HCC-4L|CCAGATAGTTGAGTGA-1	CCAGATAGTTGAGTGA-1	1.8253546738847364	1.5847801214067312
HCC-4L|P2|N15	HCC-4L	P2	HCC-4L|CGCTTTCTTGCATTCG-1	CGCTTTCTTGCATTCG-1	2.8009223367724876	2.2032401517448035
HCC-4L|P2|N15	HCC-4L	P2	HCC-4L|CGGGTGTACCCATTTA-1	CGGGTGTACCCATTTA-1	1.6301076513373023	1.4752313448481704
HCC-4L|P2|N15	HCC-4L	P2	HCC-4L|CTAAATCCTATTCCGG-1	CTAAATCCTATTCCGG-1	2.297032071232901	1.5896964883508122
HCC-4L|P2|N15	HCC-4L	P2	HCC-4L|GAACGTCTCATGGTCG-1	GAACGTCTCATGGTCG-1	1.6002332994971775	1.594723062514508
HCC-4L|P2|N15	HCC-4L	P2	HCC-4L|GAGCTAAGGGCATATC-1	GAGCTAAGGGCATATC-1	1.7732610137127598	1.6628351563371213
HCC-4L|P2|N15	HCC-4L	P2	HCC-4L|GGATTTCACTTCTATA-1	GGATTTCACTTCTATA-1	1.5082770363366302	1.3575497589027008
HCC-4L|P2|N15	HCC-4L	P2	HCC-4L|GGTCGGCCAGGAGCTT-1	GGTCGGCCAGGAGCTT-1	1.4720301284901505	1.432256023342302
HCC-4L|P2|N15	HCC-4L	P2	HCC-4L|TGAGTGGTCCGTGACG-1	TGAGTGGTCCGTGACG-1	1.713693879860109	1.8171879868776584
HCC-4L|P2|N15	HCC-4L	P2	HCC-4L|TGTGGCAAAGCGTATG-1	TGTGGCAAAGCGTATG-1	1.7387879685948542	1.5463868791965643
HCC-4L|P2|N17	HCC-4L	P2	HCC-4L|AATAGCTACCGCGTGC-1	AATAGCTACCGCGTGC-1	2.4657860748607523	2.0728410763844773
HCC-4L|P2|N17	HCC-4L	P2	HCC-4L|ACAGTATACCGTGGGA-1	ACAGTATACCGTGGGA-1	1.580219690803662	1.3870539705303353
HCC-4L|P2|N17	HCC-4L	P2	HCC-4L|ACCCTGGTAACGCCCT-1	ACCCTGGTAACGCCCT-1	1.4506021041006323	1.3649053482307176
HCC-4L|P2|N17	HCC-4L	P2	HCC-4L|AGCGGTTGCCGCTCTG-1	AGCGGTTGCCGCTCTG-1	1.4739528852373434	1.4807943223162767
HCC-4L|P2|N17	HCC-4L	P2	HCC-4L|ATTGACCGGCGATGAC-1	ATTGACCGGCGATGAC-1	2.2977078450635697	2.1218783551627585
HCC-4L|P2|N17	HCC-4L	P2	HCC-4L|CCGAGCTGTGCTTGTC-1	CCGAGCTGTGCTTGTC-1	2.4075354264660462	1.9296941916927635
HCC-4L|P2|N17	HCC-4L	P2	HCC-4L|CGGTCCATGAGACTCC-1	CGGTCCATGAGACTCC-1	1.4726193117945154	1.6027388355532586
HCC-4L|P2|N17	HCC-4L	P2	HCC-4L|CGTTTACAAGGCAGCT-1	CGTTTACAAGGCAGCT-1	1.5962672470669257	1.524369646026724
HCC-4L|P2|N17	HCC-4L	P2	HCC-4L|CTGCTTTATGTCCGCG-1	CTGCTTTATGTCCGCG-1	2.3711193384552005	1.9271810841171182
HCC-4L|P2|N17	HCC-4L	P2	HCC-4L|GATGACGATGATCGCG-1	GATGACGATGATCGCG-1	2.6459056086565	2.510977990344683
HCC-4L|P2|N17	HCC-4L	P2	HCC-4L|GCCTATGCTGGGCCTT-1	GCCTATGCTGGGCCTT-1	2.3314668438884922	1.9198052123393419
HCC-4L|P2|N17	HCC-4L	P2	HCC-4L|GCTTGCAGCACAATTG-1	GCTTGCAGCACAATTG-1	1.4055139447562914	1.6209655162973533
HCC-4L|P2|N17	HCC-4L	P2	HCC-4L|GTTCGTCTGGGTCCCT-1	GTTCGTCTGGGTCCCT-1	1.5318491863439552	1.366682450608542
HCC-4L|P2|N17	HCC-4L	P2	HCC-4L|GTTGGACCGCATCAGG-1	GTTGGACCGCATCAGG-1	2.790895726382196	2.2792309595448543
HCC-4L|P2|N17	HCC-4L	P2	HCC-4L|TTACTGTCTAGAGCTC-1	TTACTGTCTAGAGCTC-1	2.3826867034631425	2.2701302562302708
HCC-4L|P2|N21	HCC-4L	P2	HCC-4L|ACATGGCGCCAAAGTA-1	ACATGGCGCCAAAGTA-1	1.8513497024312653	1.7682669946866743
HCC-4L|P2|N21	HCC-4L	P2	HCC-4L|ACCACCAATGTAACAA-1	ACCACCAATGTAACAA-1	1.9364236072854166	1.7262572818976465
HCC-4L|P2|N21	HCC-4L	P2	HCC-4L|ACCCGGATGACGCATC-1	ACCCGGATGACGCATC-1	1.9537493778759654	1.8287285835089948
HCC-4L|P2|N21	HCC-4L	P2	HCC-4L|ATAGTTCCACCCACTC-1	ATAGTTCCACCCACTC-1	1.919993283653625	1.484080287017576
HCC-4L|P2|N21	HCC-4L	P2	HCC-4L|CATCTTACACCACCTC-1	CATCTTACACCACCTC-1	1.4446916119284305	1.339323241162016
HCC-4L|P2|N21	HCC-4L	P2	HCC-4L|CATGACTTCGCTGAAT-1	CATGACTTCGCTGAAT-1	2.0157361461208305	1.7778570091373278
HCC-4L|P2|N21	HCC-4L	P2	HCC-4L|CGCACGTGCGCTATCA-1	CGCACGTGCGCTATCA-1	1.8507297929754303	1.581251682621989
HCC-4L|P2|N21	HCC-4L	P2	HCC-4L|CGCTAGAGACCGCTGC-1	CGCTAGAGACCGCTGC-1	2.7911370366773123	2.145018529563184
HCC-4L|P2|N21	HCC-4L	P2	HCC-4L|GCGCAAGAGCGCGCTG-1	GCGCAAGAGCGCGCTG-1	1.2312752720120261	1.4493368905703774
HCC-4L|P2|N21	HCC-4L	P2	HCC-4L|GCTAGACCGTCTACTG-1	GCTAGACCGTCTACTG-1	1.2734564565604554	1.4653912016776176
HCC-4L|P2|N21	HCC-4L	P2	HCC-4L|GTCCATTACTGCTACG-1	GTCCATTACTGCTACG-1	1.976675619458557	1.677441994931012
HCC-4L|P2|N21	HCC-4L	P2	HCC-4L|TATAGATGGTCGCAGT-1	TATAGATGGTCGCAGT-1	2.0057258245159097	1.7596553593760893
HCC-4L|P2|N21	HCC-4L	P2	HCC-4L|TATGGTTAGTGGGAGA-1	TATGGTTAGTGGGAGA-1	2.794557122126139	2.3084187599848676
HCC-4L|P2|N21	HCC-4L	P2	HCC-4L|TTACATGCCACAACTA-1	TTACATGCCACAACTA-1	1.8800408552050483	1.8032920356023578
HCC-4L|P2|N21	HCC-4L	P2	HCC-4L|TTGACGCTCCATGAGC-1	TTGACGCTCCATGAGC-1	1.2957799154305847	1.342183065641513
HCC-4L|P2|N35	HCC-4L	P2	HCC-4L|AGTAGGAAGGAAGTTG-1	AGTAGGAAGGAAGTTG-1	1.8024868332700918	1.6073305769375474
HCC-4L|P2|N35	HCC-4L	P2	HCC-4L|ATGCCAATCGCTCTGC-1	ATGCCAATCGCTCTGC-1	2.3797805147702342	1.8997965657641007
HCC-4L|P2|N35	HCC-4L	P2	HCC-4L|ATTCCTAAGACGTGGA-1	ATTCCTAAGACGTGGA-1	2.396512887641001	1.8414849948980874
HCC-4L|P2|N35	HCC-4L	P2	HCC-4L|CACCGCGTCCACTCTA-1	CACCGCGTCCACTCTA-1	2.441209633462925	2.0861074365728243
HCC-4L|P2|N35	HCC-4L	P2	HCC-4L|CGCGAGAGGGACTTGT-1	CGCGAGAGGGACTTGT-1	2.470981474413644	1.8834225686219213
HCC-4L|P2|N35	HCC-4L	P2	HCC-4L|CGGTGGGCTCCAGCCT-1	CGGTGGGCTCCAGCCT-1	1.2545535752312562	1.425182577626105
HCC-4L|P2|N35	HCC-4L	P2	HCC-4L|GCTAGCAGGGAGTGGG-1	GCTAGCAGGGAGTGGG-1	1.1898139342823884	1.3600875877956193
HCC-4L|P2|N35	HCC-4L	P2	HCC-4L|GGATCATCCCGTACGC-1	GGATCATCCCGTACGC-1	1.9121048298794898	1.512709302494636
HCC-4L|P2|N35	HCC-4L	P2	HCC-4L|TAATTGGAATCGGGAA-1	TAATTGGAATCGGGAA-1	2.469411539618061	1.89735524177925
HCC-4L|P2|N35	HCC-4L	P2	HCC-4L|TATATTACAAATGTCG-1	TATATTACAAATGTCG-1	2.451386018035803	1.9907383648442314
HCC-4L|P2|N35	HCC-4L	P2	HCC-4L|TATCACTTCGAGTAAC-1	TATCACTTCGAGTAAC-1	1.9225696690446936	1.6069680521952656
HCC-4L|P2|N35	HCC-4L	P2	HCC-4L|TCGTAAGCTCCGAGGA-1	TCGTAAGCTCCGAGGA-1	2.706071936950351	2.570476140803648
HCC-4L|P2|N35	HCC-4L	P2	HCC-4L|TGACACTTCTCTTTGC-1	TGACACTTCTCTTTGC-1	1.8203611899251493	1.688831343016638
HCC-4L|P2|N35	HCC-4L	P2	HCC-4L|TGATCTACGCTGATCT-1	TGATCTACGCTGATCT-1	2.790274322191411	2.220294663731795
HCC-4L|P3|N1	HCC-4L	P3	HCC-4L|AAACCCGAACGAAATC-1	AAACCCGAACGAAATC-1	3.26334956206915	2.578820442258982
HCC-4L|P3|N1	HCC-4L	P3	HCC-4L|AACTACCCGTTTGTCA-1	AACTACCCGTTTGTCA-1	1.6273760889040247	1.60997727304109
HCC-4L|P3|N1	HCC-4L	P3	HCC-4L|AATCGCGCAGAGGACT-1	AATCGCGCAGAGGACT-1	2.1736047530555194	2.0695676804818652
HCC-4L|P3|N1	HCC-4L	P3	HCC-4L|AGGTTACACCATGCCG-1	AGGTTACACCATGCCG-1	3.2395061033542767	2.7001312014490675
HCC-4L|P3|N1	HCC-4L	P3	HCC-4L|CAAACTCGCGACGCCG-1	CAAACTCGCGACGCCG-1	1.6002846855276436	1.5860367444802366
HCC-4L|P3|N1	HCC-4L	P3	HCC-4L|CCGAGAAGTCGCATAA-1	CCGAGAAGTCGCATAA-1	3.2550112838535723	2.458605419724485
HCC-4L|P3|N1	HCC-4L	P3	HCC-4L|CGAGATTTCGCTCGGG-1	CGAGATTTCGCTCGGG-1	2.1019308089345294	1.9569755141966034
HCC-4L|P3|N1	HCC-4L	P3	HCC-4L|CGATAATACTCAGGTT-1	CGATAATACTCAGGTT-1	2.1608738968348393	1.7404224984948329
HCC-4L|P3|N1	HCC-4L	P3	HCC-4L|CGCCTTTAGCATGCTC-1	CGCCTTTAGCATGCTC-1	1.7507624505173471	1.5940285519591166
HCC-4L|P3|N1	HCC-4L	P3	HCC-4L|CGGCTCTAAAGCTGCA-1	CGGCTCTAAAGCTGCA-1	1.5377293586306233	1.6572989473734943
HCC-4L|P3|N1	HCC-4L	P3	HCC-4L|GCAACGGCTAGTTATG-1	GCAACGGCTAGTTATG-1	2.166211097906255	1.9486107196268216
HCC-4L|P3|N1	HCC-4L	P3	HCC-4L|GCACAAACGAGGCGTG-1	GCACAAACGAGGCGTG-1	1.7745606053386	1.9515562269169107
HCC-4L|P3|N1	HCC-4L	P3	HCC-4L|GGACACAAGTTTACAC-1	GGACACAAGTTTACAC-1	1.6798770956532791	1.5135331526333924
HCC-4L|P3|N1	HCC-4L	P3	HCC-4L|GTGCTTACATCAGCGC-1	GTGCTTACATCAGCGC-1	1.725138138786719	1.6304704141692454
HCC-4L|P3|N1	HCC-4L	P3	HCC-4L|TCTCGACGTATCGCCG-1	TCTCGACGTATCGCCG-1	1.7533694995182134	1.8918358772814194
HCC-4L|P3|N1	HCC-4L	P3	HCC-4L|TTCCGGTATCTGTGTC-1	TTCCGGTATCTGTGTC-1	1.52188319243847	1.588058881592243
HCC-4L|P3|N1	HCC-4L	P3	HCC-4L|TTGAGCAGCCCACGGT-1	TTGAGCAGCCCACGGT-1	2.204876720963644	2.1598883074510695
HCC-4L|P3|N1	HCC-4L	P3	HCC-4L|TTGCCAAGCAGAACCC-1	TTGCCAAGCAGAACCC-1	2.1570405195683615	2.1417602479276776
HCC-4L|P3|N2	HCC-4L	P3	HCC-4L|AAACGCTGGGCACGAC-1	AAACGCTGGGCACGAC-1	1.6403622735222867	1.6303448017783526
HCC-4L|P3|N2	HCC-4L	P3	HCC-4L|ATCGCCGTGGTTCATG-1	ATCGCCGTGGTTCATG-1	1.628722913717511	1.982550733024552
HCC-4L|P3|N2	HCC-4L	P3	HCC-4L|CAACGATCGATCCAAT-1	CAACGATCGATCCAAT-1	3.1213794955619187	3.029296417656445
HCC-4L|P3|N2	HCC-4L	P3	HCC-4L|CATAGTGGGCACGCCT-1	CATAGTGGGCACGCCT-1	3.221784116719638	2.539382828280404
HCC-4L|P3|N2	HCC-4L	P3	HCC-4L|CTGCTCTCAACACACC-1	CTGCTCTCAACACACC-1	2.926972007294693	2.4953693259428045
HCC-4L|P3|N2	HCC-4L	P3	HCC-4L|GCATGACACAAAGGAA-1	GCATGACACAAAGGAA-1	2.941817821621827	2.7246709272732113
HCC-4L|P3|N2	HCC-4L	P3	HCC-4L|TACTCATTGACGCATC-1	TACTCATTGACGCATC-1	1.6047159924589884	1.5037229534597283
HCC-4L|P3|N2	HCC-4L	P3	HCC-4L|TCAAATTATGTTCGAC-1	TCAAATTATGTTCGAC-1	2.942850190336392	2.1116344146381962
HCC-4L|P3|N2	HCC-4L	P3	HCC-4L|TGTTAACAAAGTGACT-1	TGTTAACAAAGTGACT-1	1.7188939930358584	1.673347374233455
HCC-4L|P3|N2	HCC-4L	P3	HCC-4L|TGTTCTCATACTATAG-1	TGTTCTCATACTATAG-1	1.6387616313292175	2.1200415176419005
HCC-4L|P3|N4	HCC-4L	P3	HCC-4L|AAACTCGGTTCGCAAT-1	AAACTCGGTTCGCAAT-1	1.746020561928107	1.7272653715226023
HCC-4L|P3|N4	HCC-4L	P3	HCC-4L|AAGTTTATGGGCCCAA-1	AAGTTTATGGGCCCAA-1	3.231399170903078	2.4628367379364593
HCC-4L|P3|N4	HCC-4L	P3	HCC-4L|AGATATAATACGACTA-1	AGATATAATACGACTA-1	2.5022630931095913	2.2669097742751196
HCC-4L|P3|N4	HCC-4L	P3	HCC-4L|AGCAGAAGGAGAAAGA-1	AGCAGAAGGAGAAAGA-1	1.768043830135648	1.7997419917754829
HCC-4L|P3|N4	HCC-4L	P3	HCC-4L|ATCCACATCGACAGAA-1	ATCCACATCGACAGAA-1	2.442311689774427	1.9431599166522937
HCC-4L|P3|N4	HCC-4L	P3	HCC-4L|ATGTAGCGCGCGTAGG-1	ATGTAGCGCGCGTAGG-1	1.3955036797587699	1.6422971138289324
HCC-4L|P3|N4	HCC-4L	P3	HCC-4L|CCGCTCCAGGGCGATC-1	CCGCTCCAGGGCGATC-1	1.5520942480436528	1.4980989752748937
HCC-4L|P3|N4	HCC-4L	P3	HCC-4L|CCTATGGTCAAAGCTG-1	CCTATGGTCAAAGCTG-1	1.716441289583237	1.8220351381737894
HCC-4L|P3|N4	HCC-4L	P3	HCC-4L|CTCACTGTGATACTTA-1	CTCACTGTGATACTTA-1	1.4346173273580114	1.7501179824848467
HCC-4L|P3|N4	HCC-4L	P3	HCC-4L|GAAGCCACTGATTATG-1	GAAGCCACTGATTATG-1	3.2263878784648212	2.539803547397996
HCC-4L|P3|N4	HCC-4L	P3	HCC-4L|GAATGCGAATCGGTTC-1	GAATGCGAATCGGTTC-1	2.455451876623129	1.9780975888442893
HCC-4L|P3|N4	HCC-4L	P3	HCC-4L|GACATCCGTCGAACTG-1	GACATCCGTCGAACTG-1	1.7698598202506306	1.7196931963360433
HCC-4L|P3|N4	HCC-4L	P3	HCC-4L|GAGTATGCGCGTGCAT-1	GAGTATGCGCGTGCAT-1	3.2053736529167804	2.6329232519828927
HCC-4L|P3|N4	HCC-4L	P3	HCC-4L|GCACTGCCTACCTTTA-1	GCACTGCCTACCTTTA-1	1.6844552699271598	1.6933829178840591
HCC-4L|P3|N4	HCC-4L	P3	HCC-4L|GGAGCGAGGCCTACTT-1	GGAGCGAGGCCTACTT-1	1.7696254943241654	1.8696472016416603
HCC-4L|P3|N4	HCC-4L	P3	HCC-4L|GGCGCTTCATTCCCTG-1	GGCGCTTCATTCCCTG-1	1.771640159864603	1.6617183426382858
HCC-4L|P3|N4	HCC-4L	P3	HCC-4L|GGGAAGACGGTCTGTC-1	GGGAAGACGGTCTGTC-1	3.1844129260379392	2.4634265935477044
HCC-4L|P3|N4	HCC-4L	P3	HCC-4L|GTAGTCTACGATATTG-1	GTAGTCTACGATATTG-1	3.2444334972502618	2.2998066126252
HCC-4L|P3|N4	HCC-4L	P3	HCC-4L|GTCCGGGTTCACATTA-1	GTCCGGGTTCACATTA-1	1.739357563094697	1.672238943763348
HCC-4L|P3|N4	HCC-4L	P3	HCC-4L|GTGACAGCTTCCCACT-1	GTGACAGCTTCCCACT-1	2.254039262697651	2.0875907854209697
HCC-4L|P3|N4	HCC-4L	P3	HCC-4L|TAGACGAAACGCCAAT-1	TAGACGAAACGCCAAT-1	2.4466705596238145	2.312151814279964
HCC-4L|P3|N4	HCC-4L	P3	HCC-4L|TCCACATCGTATATTG-1	TCCACATCGTATATTG-1	1.5798733299712162	1.5369136888697625
HCC-4L|P3|N4	HCC-4L	P3	HCC-4L|TCCTTGTCCTTTAATT-1	TCCTTGTCCTTTAATT-1	1.77307764319357	1.8381139786359393
HCC-4L|P3|N4	HCC-4L	P3	HCC-4L|TCTTGCTCCCGATACT-1	TCTTGCTCCCGATACT-1	1.6752880131825467	1.607798592001846
HCC-4L|P3|N4	HCC-4L	P3	HCC-4L|TGCTCTTGAGAGTTTG-1	TGCTCTTGAGAGTTTG-1	2.4756478025629307	2.481772247239849
HCC-4L|P3|N4	HCC-4L	P3	HCC-4L|TTGCAAGAAGACTCCT-1	TTGCAAGAAGACTCCT-1	1.5988804752746772	1.5844552950183957
HCC-4L|P3|N5	HCC-4L	P3	HCC-4L|AAAGCTTGCCTACATA-1	AAAGCTTGCCTACATA-1	1.3875635072648087	1.5656135780230156
HCC-4L|P3|N5	HCC-4L	P3	HCC-4L|AGGAGAGTCTGGCTAC-1	AGGAGAGTCTGGCTAC-1	2.2044187454651603	2.16422613071451
HCC-4L|P3|N5	HCC-4L	P3	HCC-4L|ATCTTTCGTATAACCA-1	ATCTTTCGTATAACCA-1	1.7222607583034657	1.614567138688066
HCC-4L|P3|N5	HCC-4L	P3	HCC-4L|CAACCTGAACCTGCCA-1	CAACCTGAACCTGCCA-1	2.110659224942148	1.7437699705718939
HCC-4L|P3|N5	HCC-4L	P3	HCC-4L|CATTACATAGATTGTG-1	CATTACATAGATTGTG-1	1.717115067048523	1.5894814812015698
HCC-4L|P3|N5	HCC-4L	P3	HCC-4L|CCGCTTGCTGACATGG-1	CCGCTTGCTGACATGG-1	3.2327005638957824	2.5721689418025084
HCC-4L|P3|N5	HCC-4L	P3	HCC-4L|CGGCCCAACCTGTAGT-1	CGGCCCAACCTGTAGT-1	1.9143545271834859	1.6939990053857623
HCC-4L|P3|N5	HCC-4L	P3	HCC-4L|GAACGATAAGTTAAAG-1	GAACGATAAGTTAAAG-1	2.072561717331108	1.627512807419813
HCC-4L|P3|N5	HCC-4L	P3	HCC-4L|GAAGGCTACCATTGTT-1	GAAGGCTACCATTGTT-1	1.4308451839017322	1.6171350889149398
HCC-4L|P3|N5	HCC-4L	P3	HCC-4L|GACTCCCAGAATAAGG-1	GACTCCCAGAATAAGG-1	1.871205320987965	1.6658844540867976
HCC-4L|P3|N5	HCC-4L	P3	HCC-4L|GGTACACCAGATTTAT-1	GGTACACCAGATTTAT-1	3.2327005638957824	2.444057386529944
HCC-4L|P3|N5	HCC-4L	P3	HCC-4L|GGTTTAATTGAGCAGG-1	GGTTTAATTGAGCAGG-1	1.7482613912885048	1.8438122781773711
HCC-4L|P3|N5	HCC-4L	P3	HCC-4L|TAATAGCTAAATGATG-1	TAATAGCTAAATGATG-1	3.206150469465994	2.613767603316787
HCC-4L|P3|N5	HCC-4L	P3	HCC-4L|TACACCGTCGTTAGTC-1	TACACCGTCGTTAGTC-1	1.6742207177133506	1.7106049345763914
HCC-4L|P3|N5	HCC-4L	P3	HCC-4L|TATGATCCGGCACGCC-1	TATGATCCGGCACGCC-1	1.9192975672755654	1.7708828609656853
HCC-4L|P3|N5	HCC-4L	P3	HCC-4L|TATGGCTAGGCTAATT-1	TATGGCTAGGCTAATT-1	2.174124888914417	1.8582694119336378
HCC-4L|P3|N5	HCC-4L	P3	HCC-4L|TCCCTAGATCAATAGG-1	TCCCTAGATCAATAGG-1	1.9576525381306806	1.602641105886428
HCC-4L|P3|N5	HCC-4L	P3	HCC-4L|TCTGCACCATTAGTAA-1	TCTGCACCATTAGTAA-1	1.575585942580267	1.7881108496447258
HCC-4L|P3|N5	HCC-4L	P3	HCC-4L|TGGTTAAGGGCGCTGG-1	TGGTTAAGGGCGCTGG-1	1.9108783255362913	1.9112116973200286
HCC-4L|P3|N5	HCC-4L	P3	HCC-4L|TGTATACGGATGATGA-1	TGTATACGGATGATGA-1	2.1789803390878326	1.9943419252045596
HCC-4L|P3|N5	HCC-4L	P3	HCC-4L|TTGATAGTCAATACAT-1	TTGATAGTCAATACAT-1	1.8964356391414177	1.8411860297940401
HCC-4L|P3|N13	HCC-4L	P3	HCC-4L|AACTGGGTCCCGACGT-1	AACTGGGTCCCGACGT-1	3.233614758208608	2.6389119588407652
HCC-4L|P3|N13	HCC-4L	P3	HCC-4L|ATCACTTCATCCTCGC-1	ATCACTTCATCCTCGC-1	3.2327005638957824	2.648276906630918
HCC-4L|P3|N13	HCC-4L	P3	HCC-4L|ATTAATACTACGCGGG-1	ATTAATACTACGCGGG-1	1.8213015349625818	1.6365075469635975
HCC-4L|P3|N13	HCC-4L	P3	HCC-4L|CATGATGCACAATTCT-1	CATGATGCACAATTCT-1	1.794342292113408	1.6159540366421514
HCC-4L|P3|N13	HCC-4L	P3	HCC-4L|CATTACGTCGGCCCGT-1	CATTACGTCGGCCCGT-1	1.7910765361204268	1.8059303091166568
HCC-4L|P3|N13	HCC-4L	P3	HCC-4L|CGTACCTGATAGGCCT-1	CGTACCTGATAGGCCT-1	1.7990784195079257	1.5843516467123764
HCC-4L|P3|N13	HCC-4L	P3	HCC-4L|TAATACACAGTAGTAT-1	TAATACACAGTAGTAT-1	1.766305894190663	1.673914040221337
HCC-4L|P3|N13	HCC-4L	P3	HCC-4L|TCTTGGTAACACCAAA-1	TCTTGGTAACACCAAA-1	1.8203706260987278	1.7637387651244403
HCC-4L|P3|N13	HCC-4L	P3	HCC-4L|TGCATGGATCGGATCT-1	TGCATGGATCGGATCT-1	1.7403894712268633	1.8016183423362966
HCC-4L|P3|N13	HCC-4L	P3	HCC-4L|TGGAAGGATAAAGATG-1	TGGAAGGATAAAGATG-1	1.9144118653050695	2.0499143323516336
HCC-4L|P3|N15	HCC-4L	P3	HCC-4L|AAGAGGCCCTTTGGAA-1	AAGAGGCCCTTTGGAA-1	3.283528196641777	2.922576093794983
HCC-4L|P3|N15	HCC-4L	P3	HCC-4L|ACACGTAGGCCACAAG-1	ACACGTAGGCCACAAG-1	2.551735229698208	2.2806261888060178
HCC-4L|P3|N15	HCC-4L	P3	HCC-4L|ACACTGGGACAGTCGT-1	ACACTGGGACAGTCGT-1	1.7824054648380812	1.8062953174858531
HCC-4L|P3|N15	HCC-4L	P3	HCC-4L|ACCTCCGCCCTCGCTG-1	ACCTCCGCCCTCGCTG-1	2.1485239980724287	2.071387823584563
HCC-4L|P3|N15	HCC-4L	P3	HCC-4L|AGCTCCATATATGTTC-1	AGCTCCATATATGTTC-1	1.7336329329291793	2.0627119798796825
HCC-4L|P3|N15	HCC-4L	P3	HCC-4L|ATAAACGTTGCACCAC-1	ATAAACGTTGCACCAC-1	2.0748138541101158	1.9725697724291948
HCC-4L|P3|N15	HCC-4L	P3	HCC-4L|ATCTCCCACGGAATAT-1	ATCTCCCACGGAATAT-1	2.5518425987621867	2.1848612489706074
HCC-4L|P3|N15	HCC-4L	P3	HCC-4L|ATGCTTAGGAGTTGAT-1	ATGCTTAGGAGTTGAT-1	1.7310588466659809	1.7092763478078785
HCC-4L|P3|N15	HCC-4L	P3	HCC-4L|CAACCAGTGGCCTACC-1	CAACCAGTGGCCTACC-1	3.2563408372461153	2.6238210411370155
HCC-4L|P3|N15	HCC-4L	P3	HCC-4L|CACACACGCTAACGAG-1	CACACACGCTAACGAG-1	1.6269254039319871	1.5283386610021235
HCC-4L|P3|N15	HCC-4L	P3	HCC-4L|CACGTCAATCAATGGA-1	CACGTCAATCAATGGA-1	1.6105873332825762	1.5044515248615409
HCC-4L|P3|N15	HCC-4L	P3	HCC-4L|CACTACGGGAGCTGCC-1	CACTACGGGAGCTGCC-1	2.54923371018748	2.2118552033732573
HCC-4L|P3|N15	HCC-4L	P3	HCC-4L|CAGAATAACACACGGA-1	CAGAATAACACACGGA-1	1.8095396247563877	1.7067560459343127
HCC-4L|P3|N15	HCC-4L	P3	HCC-4L|CCGACAATAGGCCGCC-1	CCGACAATAGGCCGCC-1	1.7782810153775186	1.7994065534954031
HCC-4L|P3|N15	HCC-4L	P3	HCC-4L|CCTTGACCACTTTATT-1	CCTTGACCACTTTATT-1	1.7746115240876443	1.8887569397274593
HCC-4L|P3|N15	HCC-4L	P3	HCC-4L|CGAGAGGGTAGCCGCG-1	CGAGAGGGTAGCCGCG-1	2.179790225636682	1.820063532682258
HCC-4L|P3|N15	HCC-4L	P3	HCC-4L|CTGGTAAAGTGTGGGC-1	CTGGTAAAGTGTGGGC-1	3.230147558974422	2.5023735952998227
HCC-4L|P3|N15	HCC-4L	P3	HCC-4L|GACCAAACGTTGACTG-1	GACCAAACGTTGACTG-1	2.568453104088151	2.426123000197136
HCC-4L|P3|N15	HCC-4L	P3	HCC-4L|GGAACTTTGGCGATTA-1	GGAACTTTGGCGATTA-1	2.581507427887141	2.133634267591115
HCC-4L|P3|N15	HCC-4L	P3	HCC-4L|GGCCTGCTTCTCCCGA-1	GGCCTGCTTCTCCCGA-1	1.8034741671658514	1.6458185526459181
HCC-4L|P3|N15	HCC-4L	P3	HCC-4L|GTAACATCTAAGATAA-1	GTAACATCTAAGATAA-1	3.2280020527258553	2.5287164304294256
HCC-4L|P3|N15	HCC-4L	P3	HCC-4L|TACGCTCGGTATTGGA-1	TACGCTCGGTATTGGA-1	1.8623952463695916	1.7622615830372723
HCC-4L|P3|N15	HCC-4L	P3	HCC-4L|TACTCTTACTTTACTG-1	TACTCTTACTTTACTG-1	2.5669718750659682	2.149656135519458
HCC-4L|P3|N15	HCC-4L	P3	HCC-4L|TCAACTGCAGAGTCAG-1	TCAACTGCAGAGTCAG-1	2.1494609049812636	2.2562407950864447
HCC-4L|P3|N15	HCC-4L	P3	HCC-4L|TCTACCCAATAGAGAG-1	TCTACCCAATAGAGAG-1	3.2185397492245347	2.5043173360847355
HCC-4L|P3|N15	HCC-4L	P3	HCC-4L|TCTTCGCGGTGAGAGG-1	TCTTCGCGGTGAGAGG-1	1.895420483067361	1.9937847172806564
HCC-4L|P3|N15	HCC-4L	P3	HCC-4L|TGCCTAATTGAAGATT-1	TGCCTAATTGAAGATT-1	2.1459265558725797	2.033851144292542
HCC-4L|P3|N15	HCC-4L	P3	HCC-4L|TTCGGGTTGCCACGGG-1	TTCGGGTTGCCACGGG-1	1.6261920469358797	1.6207811388310707
HCC-4L|P3|N16	HCC-4L	P3	HCC-4L|AAGCTAGATCGAGTAA-1	AAGCTAGATCGAGTAA-1	2.892968742105204	2.182263251195506
HCC-4L|P3|N16	HCC-4L	P3	HCC-4L|ACAAGGAAATCCGCCC-1	ACAAGGAAATCCGCCC-1	1.7599600642132225	1.5817981693235819
HCC-4L|P3|N16	HCC-4L	P3	HCC-4L|ATAAGGTGGAGAACAT-1	ATAAGGTGGAGAACAT-1	2.8670348291487504	2.2171167109345764
HCC-4L|P3|N16	HCC-4L	P3	HCC-4L|CACTCGAGCTGAACAA-1	CACTCGAGCTGAACAA-1	3.231770784714627	2.353798005766548
HCC-4L|P3|N16	HCC-4L	P3	HCC-4L|CAGGCGCCATGCTAGG-1	CAGGCGCCATGCTAGG-1	1.7232088157338603	1.829858534903755
HCC-4L|P3|N16	HCC-4L	P3	HCC-4L|GTAGCCAAACATGGGA-1	GTAGCCAAACATGGGA-1	3.1126229872965787	2.9764557577075363
HCC-4L|P3|N16	HCC-4L	P3	HCC-4L|TACCGTGCCTCGGACC-1	TACCGTGCCTCGGACC-1	2.8262751167334756	2.166790606467096
HCC-4L|P3|N16	HCC-4L	P3	HCC-4L|TCAGACGCTATAGAAG-1	TCAGACGCTATAGAAG-1	1.7831986618755273	1.5712611014990463
HCC-4L|P3|N16	HCC-4L	P3	HCC-4L|TGCCAGTACGTGGAGA-1	TGCCAGTACGTGGAGA-1	2.8241413788360528	2.289257030679137
HCC-4L|P3|N16	HCC-4L	P3	HCC-4L|TTCTGCCGCGCCTAGA-1	TTCTGCCGCGCCTAGA-1	2.7910225737689895	2.013495948332161
HCC-4L|P3|N17	HCC-4L	P3	HCC-4L|AAGGATGAGGGACCTC-1	AAGGATGAGGGACCTC-1	2.44436339069189	2.0650503342428372
HCC-4L|P3|N17	HCC-4L	P3	HCC-4L|ACCCAACGCCCGTGGC-1	ACCCAACGCCCGTGGC-1	2.221310268538866	2.2508752143480732
HCC-4L|P3|N17	HCC-4L	P3	HCC-4L|AGAGAACCGTCTAGGA-1	AGAGAACCGTCTAGGA-1	2.3824869870325505	1.9866097345992315
HCC-4L|P3|N17	HCC-4L	P3	HCC-4L|AGGCAGATGCGTAAAC-1	AGGCAGATGCGTAAAC-1	3.1997423073160536	2.4090877993777786
HCC-4L|P3|N17	HCC-4L	P3	HCC-4L|CAATGGATCTCTACCA-1	CAATGGATCTCTACCA-1	3.2866017694317744	2.4915089650392748
HCC-4L|P3|N17	HCC-4L	P3	HCC-4L|CATTTAGCGGACCATG-1	CATTTAGCGGACCATG-1	2.4296263801302005	1.7976191841411042
HCC-4L|P3|N17	HCC-4L	P3	HCC-4L|CCACAATGTACGTCTT-1	CCACAATGTACGTCTT-1	3.255403730893431	2.8093702942478176
HCC-4L|P3|N17	HCC-4L	P3	HCC-4L|CCAGATAGTTGAGTGA-1	CCAGATAGTTGAGTGA-1	2.161678619158643	1.9170520065046683
HCC-4L|P3|N17	HCC-4L	P3	HCC-4L|CGCTTTCTTGCATTCG-1	CGCTTTCTTGCATTCG-1	3.2144904656570388	2.540892555672494
HCC-4L|P3|N17	HCC-4L	P3	HCC-4L|CGGGTGTACCCATTTA-1	CGGGTGTACCCATTTA-1	1.6999097232797298	1.6090639340058484
HCC-4L|P3|N17	HCC-4L	P3	HCC-4L|CTAAATCCTATTCCGG-1	CTAAATCCTATTCCGG-1	2.3770110663326274	1.6769641537253526
HCC-4L|P3|N17	HCC-4L	P3	HCC-4L|GAACGTCTCATGGTCG-1	GAACGTCTCATGGTCG-1	1.7319231240942015	1.7670149958130188
HCC-4L|P3|N17	HCC-4L	P3	HCC-4L|GAGCTAAGGGCATATC-1	GAGCTAAGGGCATATC-1	2.1575077365435678	2.024632718952051
HCC-4L|P3|N17	HCC-4L	P3	HCC-4L|GGATTTCACTTCTATA-1	GGATTTCACTTCTATA-1	1.7008527332939083	1.557908254378485
HCC-4L|P3|N17	HCC-4L	P3	HCC-4L|GGTCGGCCAGGAGCTT-1	GGTCGGCCAGGAGCTT-1	1.7294567359583264	1.6625369698897043
HCC-4L|P3|N17	HCC-4L	P3	HCC-4L|TGAGTGGTCCGTGACG-1	TGAGTGGTCCGTGACG-1	2.120315288962667	2.200981538268275
HCC-4L|P3|N17	HCC-4L	P3	HCC-4L|TGTGGCAAAGCGTATG-1	TGTGGCAAAGCGTATG-1	2.2326074629777053	1.9587745315356389
HCC-4L|P3|N19	HCC-4L	P3	HCC-4L|AATAGCTACCGCGTGC-1	AATAGCTACCGCGTGC-1	2.7958058662553387	2.4049461588131598
HCC-4L|P3|N19	HCC-4L	P3	HCC-4L|ACCCTGGTAACGCCCT-1	ACCCTGGTAACGCCCT-1	1.7879866717587025	1.6713289520760952
HCC-4L|P3|N19	HCC-4L	P3	HCC-4L|AGCGGTTGCCGCTCTG-1	AGCGGTTGCCGCTCTG-1	1.5060698350983823	1.6337661234331933
HCC-4L|P3|N19	HCC-4L	P3	HCC-4L|ATTGACCGGCGATGAC-1	ATTGACCGGCGATGAC-1	2.833088346094415	2.5751800983803177
HCC-4L|P3|N19	HCC-4L	P3	HCC-4L|CCGAGCTGTGCTTGTC-1	CCGAGCTGTGCTTGTC-1	2.8105160671028533	2.272050318239616
HCC-4L|P3|N19	HCC-4L	P3	HCC-4L|CGGTCCATGAGACTCC-1	CGGTCCATGAGACTCC-1	1.7178898339636932	1.7870948357385656
HCC-4L|P3|N19	HCC-4L	P3	HCC-4L|CGTTTACAAGGCAGCT-1	CGTTTACAAGGCAGCT-1	1.7229334254901179	1.6953556924197728
HCC-4L|P3|N19	HCC-4L	P3	HCC-4L|CTGCTTTATGTCCGCG-1	CTGCTTTATGTCCGCG-1	2.8293896293734333	2.298478678957039
HCC-4L|P3|N19	HCC-4L	P3	HCC-4L|GATGACGATGATCGCG-1	GATGACGATGATCGCG-1	3.10705332087244	2.957042224923174
HCC-4L|P3|N19	HCC-4L	P3	HCC-4L|GCCTATGCTGGGCCTT-1	GCCTATGCTGGGCCTT-1	2.7871544819722294	2.259665459860112
HCC-4L|P3|N19	HCC-4L	P3	HCC-4L|GCTTGCAGCACAATTG-1	GCTTGCAGCACAATTG-1	1.7281742619673761	1.8880872709608911
HCC-4L|P3|N19	HCC-4L	P3	HCC-4L|GTTGGACCGCATCAGG-1	GTTGGACCGCATCAGG-1	3.2327005638957824	2.6643756921411814
HCC-4L|P3|N19	HCC-4L	P3	HCC-4L|TTACTGTCTAGAGCTC-1	TTACTGTCTAGAGCTC-1	2.7862323830451747	2.659302925680973
HCC-4L|P3|N23	HCC-4L	P3	HCC-4L|ACATGGCGCCAAAGTA-1	ACATGGCGCCAAAGTA-1	2.156731444202132	2.006194379766341
HCC-4L|P3|N23	HCC-4L	P3	HCC-4L|ACCACCAATGTAACAA-1	ACCACCAATGTAACAA-1	2.111453384026048	1.8713879456707248
HCC-4L|P3|N23	HCC-4L	P3	HCC-4L|ACCCGGATGACGCATC-1	ACCCGGATGACGCATC-1	2.164153876981594	2.0692313917266425
HCC-4L|P3|N23	HCC-4L	P3	HCC-4L|ATAGTTCCACCCACTC-1	ATAGTTCCACCCACTC-1	2.134355768688777	1.6648494042809876
HCC-4L|P3|N23	HCC-4L	P3	HCC-4L|CATCTTACACCACCTC-1	CATCTTACACCACCTC-1	1.5727754426988065	1.5345496870872943
HCC-4L|P3|N23	HCC-4L	P3	HCC-4L|CATGACTTCGCTGAAT-1	CATGACTTCGCTGAAT-1	2.0822181312319494	1.9035275961110063
HCC-4L|P3|N23	HCC-4L	P3	HCC-4L|CGCACGTGCGCTATCA-1	CGCACGTGCGCTATCA-1	2.202919754598791	1.8738100257010717
HCC-4L|P3|N23	HCC-4L	P3	HCC-4L|CGCTAGAGACCGCTGC-1	CGCTAGAGACCGCTGC-1	3.2320304567619487	2.4534726871883716
HCC-4L|P3|N23	HCC-4L	P3	HCC-4L|GCGCAAGAGCGCGCTG-1	GCGCAAGAGCGCGCTG-1	1.4219435436294805	1.664827780724535
HCC-4L|P3|N23	HCC-4L	P3	HCC-4L|GCTAGACCGTCTACTG-1	GCTAGACCGTCTACTG-1	1.444167539139135	1.6483512329820589
HCC-4L|P3|N23	HCC-4L	P3	HCC-4L|GTCCATTACTGCTACG-1	GTCCATTACTGCTACG-1	2.0756131955876063	1.804203486448289
HCC-4L|P3|N23	HCC-4L	P3	HCC-4L|TATAGATGGTCGCAGT-1	TATAGATGGTCGCAGT-1	2.0899576218589293	1.9138905857159045
HCC-4L|P3|N23	HCC-4L	P3	HCC-4L|TATGGTTAGTGGGAGA-1	TATGGTTAGTGGGAGA-1	3.226050821501018	2.615877197544461
HCC-4L|P3|N23	HCC-4L	P3	HCC-4L|TTACATGCCACAACTA-1	TTACATGCCACAACTA-1	2.1640377473405548	2.049781273579396
HCC-4L|P3|N28	HCC-4L	P3	HCC-4L|ACTCTTCAGCTCCCGC-1	ACTCTTCAGCTCCCGC-1	1.8480866899107102	2.073418516702632
HCC-4L|P3|N28	HCC-4L	P3	HCC-4L|ACTTCGCTAGCGAGTG-1	ACTTCGCTAGCGAGTG-1	2.8238780636175367	2.8950085369421474
HCC-4L|P3|N28	HCC-4L	P3	HCC-4L|AGGTATGCGGACATTA-1	AGGTATGCGGACATTA-1	3.2653472270437507	2.316837682419541
HCC-4L|P3|N28	HCC-4L	P3	HCC-4L|ATCGCTTTACGTCTCA-1	ATCGCTTTACGTCTCA-1	3.26466803266832	2.489268358950775
HCC-4L|P3|N28	HCC-4L	P3	HCC-4L|ATGGCGGAATAGTCGC-1	ATGGCGGAATAGTCGC-1	1.7152131147856313	1.6962900140597705
HCC-4L|P3|N28	HCC-4L	P3	HCC-4L|ATGTTTCGGCCCGGAG-1	ATGTTTCGGCCCGGAG-1	1.6436631663762307	1.6155187786752672
HCC-4L|P3|N28	HCC-4L	P3	HCC-4L|CAAGACTCAGAAGCGC-1	CAAGACTCAGAAGCGC-1	2.8459522391453693	2.4727991898812034
HCC-4L|P3|N28	HCC-4L	P3	HCC-4L|CAGGACAGCTGCCCTT-1	CAGGACAGCTGCCCTT-1	1.6198527340578788	1.9514895703147346
HCC-4L|P3|N28	HCC-4L	P3	HCC-4L|CCAGCGGGATCACCAG-1	CCAGCGGGATCACCAG-1	2.880784761733419	2.467446554494666
HCC-4L|P3|N28	HCC-4L	P3	HCC-4L|CCCGATAGCCTCGCCT-1	CCCGATAGCCTCGCCT-1	1.6812822159392284	1.6913881407070352
HCC-4L|P3|N28	HCC-4L	P3	HCC-4L|CTGAGCGAGACTTATT-1	CTGAGCGAGACTTATT-1	3.164088449524335	3.01357950424014
HCC-4L|P3|N28	HCC-4L	P3	HCC-4L|GATAGGTGTCCCGGGC-1	GATAGGTGTCCCGGGC-1	1.6858305522816748	1.5002061972266305
HCC-4L|P3|N28	HCC-4L	P3	HCC-4L|GATCCGAATATAAGTG-1	GATCCGAATATAAGTG-1	1.6994884160618482	1.6934776517987
HCC-4L|P3|N28	HCC-4L	P3	HCC-4L|GCAATTAGTCGCACCG-1	GCAATTAGTCGCACCG-1	2.856271560666383	2.32131579202519
HCC-4L|P3|N28	HCC-4L	P3	HCC-4L|GCGTCTAACCTCCTAA-1	GCGTCTAACCTCCTAA-1	2.8883763421305693	2.5086711184535737
HCC-4L|P3|N28	HCC-4L	P3	HCC-4L|GTGACCTAAAGAATAA-1	GTGACCTAAAGAATAA-1	2.883160386442389	2.3294539528042555
HCC-4L|P3|N28	HCC-4L	P3	HCC-4L|GTGGAGCATGTCGGCC-1	GTGGAGCATGTCGGCC-1	3.228460318745491	2.327371756802388
HCC-4L|P3|N28	HCC-4L	P3	HCC-4L|TACGTGCAAGGTTCCT-1	TACGTGCAAGGTTCCT-1	1.7366244971357412	1.7058934566198132
HCC-4L|P3|N28	HCC-4L	P3	HCC-4L|TCTGATTGGAAATGGA-1	TCTGATTGGAAATGGA-1	1.663946659447568	1.5368319308379772
HCC-4L|P3|N35	HCC-4L	P3	HCC-4L|AGTAGGAAGGAAGTTG-1	AGTAGGAAGGAAGTTG-1	2.2108033588695233	1.939956535953673
HCC-4L|P3|N35	HCC-4L	P3	HCC-4L|ATGCCAATCGCTCTGC-1	ATGCCAATCGCTCTGC-1	2.8366839384750784	2.267838591218719
HCC-4L|P3|N35	HCC-4L	P3	HCC-4L|ATTCCTAAGACGTGGA-1	ATTCCTAAGACGTGGA-1	2.8532835126008087	2.1807481900461836
HCC-4L|P3|N35	HCC-4L	P3	HCC-4L|CACCGCGTCCACTCTA-1	CACCGCGTCCACTCTA-1	2.7645899248933317	2.4084924804474435
HCC-4L|P3|N35	HCC-4L	P3	HCC-4L|CACGGCGCGCCAAAGG-1	CACGGCGCGCCAAAGG-1	1.2489936528895076	1.5031839023095217
HCC-4L|P3|N35	HCC-4L	P3	HCC-4L|CGCGAGAGGGACTTGT-1	CGCGAGAGGGACTTGT-1	2.8372987797623654	2.174347610640447
HCC-4L|P3|N35	HCC-4L	P3	HCC-4L|CGGTGGGCTCCAGCCT-1	CGGTGGGCTCCAGCCT-1	1.4342171581689978	1.6540834046165525
HCC-4L|P3|N35	HCC-4L	P3	HCC-4L|GCTAGCAGGGAGTGGG-1	GCTAGCAGGGAGTGGG-1	1.4396268155558074	1.6275243068901561
HCC-4L|P3|N35	HCC-4L	P3	HCC-4L|GGATCATCCCGTACGC-1	GGATCATCCCGTACGC-1	2.1623872046491255	1.7336235509082678
HCC-4L|P3|N35	HCC-4L	P3	HCC-4L|TAATTGGAATCGGGAA-1	TAATTGGAATCGGGAA-1	2.783801123428608	2.14563095790808
HCC-4L|P3|N35	HCC-4L	P3	HCC-4L|TATATTACAAATGTCG-1	TATATTACAAATGTCG-1	2.8101943420365263	2.2863512932067445
HCC-4L|P3|N35	HCC-4L	P3	HCC-4L|TATCACTTCGAGTAAC-1	TATCACTTCGAGTAAC-1	2.109480544838142	1.8363978007647677
HCC-4L|P3|N35	HCC-4L	P3	HCC-4L|TCGTAAGCTCCGAGGA-1	TCGTAAGCTCCGAGGA-1	3.115968499076098	2.965138551304442
HCC-4L|P3|N35	HCC-4L	P3	HCC-4L|TGACACTTCTCTTTGC-1	TGACACTTCTCTTTGC-1	2.1678868585851347	2.0013351130532815
HCC-4L|P3|N35	HCC-4L	P3	HCC-4L|TGATCTACGCTGATCT-1	TGATCTACGCTGATCT-1	3.232066463585896	2.576400060181842
HCC-4L|P4|N1	HCC-4L	P4	HCC-4L|AAACCCGAACGAAATC-1	AAACCCGAACGAAATC-1	1.7114357872309807	1.0035270335781599
HCC-4L|P4|N1	HCC-4L	P4	HCC-4L|AAGTGCCTTGACTGTA-1	AAGTGCCTTGACTGTA-1	3.3920108588059907	1.9786017565568716
HCC-4L|P4|N1	HCC-4L	P4	HCC-4L|ACATGGCGCCAAAGTA-1	ACATGGCGCCAAAGTA-1	0.0	0.5755324453883276
HCC-4L|P4|N1	HCC-4L	P4	HCC-4L|ACCACCAATGTAACAA-1	ACCACCAATGTAACAA-1	2.337756965025525	1.7724325088623485
HCC-4L|P4|N1	HCC-4L	P4	HCC-4L|ACCGCGGTGGAAGTCG-1	ACCGCGGTGGAAGTCG-1	3.3911559258465154	1.9782455344904235
HCC-4L|P4|N1	HCC-4L	P4	HCC-4L|ACCTACAGTATGTGGT-1	ACCTACAGTATGTGGT-1	1.8262916123247084	1.1755392680114718
HCC-4L|P4|N1	HCC-4L	P4	HCC-4L|AGTCGGTTGCGTGAGA-1	AGTCGGTTGCGTGAGA-1	1.8226975086896038	1.0635397220385276
HCC-4L|P4|N1	HCC-4L	P4	HCC-4L|ATCGCCAGTCAACATT-1	ATCGCCAGTCAACATT-1	0.0	0.5652638987210422
HCC-4L|P4|N1	HCC-4L	P4	HCC-4L|CAAACTCGCGACGCCG-1	CAAACTCGCGACGCCG-1	1.4279032724830165	1.043965017494373
HCC-4L|P4|N1	HCC-4L	P4	HCC-4L|CACATTTCTTGTCAGA-1	CACATTTCTTGTCAGA-1	0.0	0.6934501272415377
HCC-4L|P4|N1	HCC-4L	P4	HCC-4L|CATGACTTCGCTGAAT-1	CATGACTTCGCTGAAT-1	5.196711072535736	2.793168616686662
HCC-4L|P4|N1	HCC-4L	P4	HCC-4L|CCGAGAAGTCGCATAA-1	CCGAGAAGTCGCATAA-1	1.4956361264979436	1.014619142585226
HCC-4L|P4|N1	HCC-4L	P4	HCC-4L|CGGCCCAGGTATATCC-1	CGGCCCAGGTATATCC-1	0.0	0.7077845173427669
HCC-4L|P4|N1	HCC-4L	P4	HCC-4L|GCAACGGCTAGTTATG-1	GCAACGGCTAGTTATG-1	1.321198887172907	0.7711014463781041
HCC-4L|P4|N1	HCC-4L	P4	HCC-4L|GCACAAACGAGGCGTG-1	GCACAAACGAGGCGTG-1	1.7737096795520346	1.154110832586761
HCC-4L|P4|N1	HCC-4L	P4	HCC-4L|GCTAGACCGTCTACTG-1	GCTAGACCGTCTACTG-1	1.7102474234606972	0.9975969010740315
HCC-4L|P4|N1	HCC-4L	P4	HCC-4L|GCTCCCAGTCGGTCCA-1	GCTCCCAGTCGGTCCA-1	2.4657211525155027	1.608732383940729
HCC-4L|P4|N1	HCC-4L	P4	HCC-4L|GCTCCGCTCGCTTCAG-1	GCTCCGCTCGCTTCAG-1	1.3260240334998061	0.9253028917080377
HCC-4L|P4|N1	HCC-4L	P4	HCC-4L|GGGTTTAGGATAGGAT-1	GGGTTTAGGATAGGAT-1	0.0	0.6585678601684429
HCC-4L|P4|N1	HCC-4L	P4	HCC-4L|GTTAACTATGTTGTCA-1	GTTAACTATGTTGTCA-1	0.0	0.6314557101437209
HCC-4L|P4|N1	HCC-4L	P4	HCC-4L|GTTCGGATCGGGAACA-1	GTTCGGATCGGGAACA-1	2.4645244485364346	1.5567309263514273
HCC-4L|P4|N1	HCC-4L	P4	HCC-4L|TAATTAGGACATCCGT-1	TAATTAGGACATCCGT-1	2.045937243659297	1.4232584649580675
HCC-4L|P4|N1	HCC-4L	P4	HCC-4L|TATGGTTAGTGGGAGA-1	TATGGTTAGTGGGAGA-1	0.0	0.9128661444288461
HCC-4L|P4|N1	HCC-4L	P4	HCC-4L|TCTCGACGTATCGCCG-1	TCTCGACGTATCGCCG-1	0.0	0.5340570721469979
HCC-4L|P4|N1	HCC-4L	P4	HCC-4L|TCTTAGAGCTCCAATT-1	TCTTAGAGCTCCAATT-1	0.0	0.6278723364634384
HCC-4L|P4|N1	HCC-4L	P4	HCC-4L|TTACATGCCACAACTA-1	TTACATGCCACAACTA-1	1.7096782721241952	0.9973597546838224
HCC-4L|P4|N4	HCC-4L	P4	HCC-4L|AAACTCGGTTCGCAAT-1	AAACTCGGTTCGCAAT-1	0.0	0.573390184434891
HCC-4L|P4|N4	HCC-4L	P4	HCC-4L|AAGCACCCTGCGTATC-1	AAGCACCCTGCGTATC-1	1.2067658942703232	0.9444709909710142
HCC-4L|P4|N4	HCC-4L	P4	HCC-4L|AAGCGCAGGGCTTTGA-1	AAGCGCAGGGCTTTGA-1	0.0	1.146780368869782
HCC-4L|P4|N4	HCC-4L	P4	HCC-4L|AGATATAATACGACTA-1	AGATATAATACGACTA-1	2.010613377180596	1.1729834340334657
HCC-4L|P4|N4	HCC-4L	P4	HCC-4L|AGCAGAAGGAGAAAGA-1	AGCAGAAGGAGAAAGA-1	0.0	0.652802948377693
HCC-4L|P4|N4	HCC-4L	P4	HCC-4L|ATAATTAGCTAAGTAG-1	ATAATTAGCTAAGTAG-1	0.0	0.6630328800017105
HCC-4L|P4|N4	HCC-4L	P4	HCC-4L|ATACGTTATGCACGGA-1	ATACGTTATGCACGGA-1	1.0404580848969767	0.756668162476744
HCC-4L|P4|N4	HCC-4L	P4	HCC-4L|ATATAAATGTAGCTGC-1	ATATAAATGTAGCTGC-1	3.3604717156154247	1.6817490625086353
HCC-4L|P4|N4	HCC-4L	P4	HCC-4L|ATCCACATCGACAGAA-1	ATCCACATCGACAGAA-1	3.8736067801044767	2.239126358522137
HCC-4L|P4|N4	HCC-4L	P4	HCC-4L|ATCTGGGCTGTTCTTG-1	ATCTGGGCTGTTCTTG-1	0.0	0.612419626287987
HCC-4L|P4|N4	HCC-4L	P4	HCC-4L|CATAAGAAGCTTGGCT-1	CATAAGAAGCTTGGCT-1	2.887705162330449	1.5444164056877514
HCC-4L|P4|N4	HCC-4L	P4	HCC-4L|CCAGCTCGAACGCATT-1	CCAGCTCGAACGCATT-1	2.837269440339068	2.29475973482485
HCC-4L|P4|N4	HCC-4L	P4	HCC-4L|CGATTCGCCTGGCTGC-1	CGATTCGCCTGGCTGC-1	0.0	0.6343795587966068
HCC-4L|P4|N4	HCC-4L	P4	HCC-4L|CGTTGTCGGCAATTGA-1	CGTTGTCGGCAATTGA-1	4.0786670347844804	2.5886866662328156
HCC-4L|P4|N4	HCC-4L	P4	HCC-4L|CTCACATTTACTAAAT-1	CTCACATTTACTAAAT-1	4.116368355287168	2.507715432325445
HCC-4L|P4|N4	HCC-4L	P4	HCC-4L|GAATGCGAATCGGTTC-1	GAATGCGAATCGGTTC-1	0.0	0.8236214705294181
HCC-4L|P4|N4	HCC-4L	P4	HCC-4L|GACATCCGTCGAACTG-1	GACATCCGTCGAACTG-1	0.0	0.7409412991999407
HCC-4L|P4|N4	HCC-4L	P4	HCC-4L|GAGTATGCGCGTGCAT-1	GAGTATGCGCGTGCAT-1	2.012120945318014	1.4964121524327632
HCC-4L|P4|N4	HCC-4L	P4	HCC-4L|GCCTCTATACATAGCA-1	GCCTCTATACATAGCA-1	0.0	0.6737767715703548
HCC-4L|P4|N4	HCC-4L	P4	HCC-4L|GGCGCTTCATTCCCTG-1	GGCGCTTCATTCCCTG-1	0.0	0.573390184434891
HCC-4L|P4|N4	HCC-4L	P4	HCC-4L|GTAGACACGCCTGACT-1	GTAGACACGCCTGACT-1	3.7549683457478356	2.9334601346110185
HCC-4L|P4|N4	HCC-4L	P4	HCC-4L|GTTAACATCACTTAAA-1	GTTAACATCACTTAAA-1	0.0	0.6737767715703548
HCC-4L|P4|N4	HCC-4L	P4	HCC-4L|GTTAAGGGTGCGATGT-1	GTTAAGGGTGCGATGT-1	1.6157546763207695	1.2654206101564165
HCC-4L|P4|N4	HCC-4L	P4	HCC-4L|TAAGGCCCGTCACCCT-1	TAAGGCCCGTCACCCT-1	0.0	0.9681542297525357
HCC-4L|P4|N4	HCC-4L	P4	HCC-4L|TAGACGAAACGCCAAT-1	TAGACGAAACGCCAAT-1	0.0	0.6580284252169238
HCC-4L|P4|N4	HCC-4L	P4	HCC-4L|TCAAATTTGAGACTCA-1	TCAAATTTGAGACTCA-1	1.6169124838479052	0.9431024649506834
HCC-4L|P4|N4	HCC-4L	P4	HCC-4L|TCCGCCTGTCTACAAG-1	TCCGCCTGTCTACAAG-1	4.724849543228832	2.362424771614416
HCC-4L|P4|N4	HCC-4L	P4	HCC-4L|TCGCTACTGGCTTTGA-1	TCGCTACTGGCTTTGA-1	0.0	1.111411948799911
HCC-4L|P4|N4	HCC-4L	P4	HCC-4L|TGCTCGGTGGGTCACC-1	TGCTCGGTGGGTCACC-1	6.880682213218692	3.440341106609346
HCC-4L|P4|N4	HCC-4L	P4	HCC-4L|TGCTTCCCAAGCAGTA-1	TGCTTCCCAAGCAGTA-1	1.6394067104344963	1.7120872003317542
HCC-4L|P4|N4	HCC-4L	P4	HCC-4L|TTATAGGTAATTGTCT-1	TTATAGGTAATTGTCT-1	0.0	0.557892735010419
HCC-4L|P4|N4	HCC-4L	P4	HCC-4L|TTGTGCAGCCACGTCA-1	TTGTGCAGCCACGTCA-1	1.2053513636997815	0.7032395063724177
HCC-4L|P4|N10	HCC-4L	P4	HCC-4L|AACGATATGTCAACTG-1	AACGATATGTCAACTG-1	0.0	0.6693471213026433
HCC-4L|P4|N10	HCC-4L	P4	HCC-4L|AAGGTATCCTAATATA-1	AAGGTATCCTAATATA-1	0.0	0.5845775613526666
HCC-4L|P4|N10	HCC-4L	P4	HCC-4L|ACAATTTGAGCAGTGG-1	ACAATTTGAGCAGTGG-1	0.0	0.5593700100089016
HCC-4L|P4|N10	HCC-4L	P4	HCC-4L|AGCCACTCCCGTGCTT-1	AGCCACTCCCGTGCTT-1	1.2870272638870193	0.9738344034225379
HCC-4L|P4|N10	HCC-4L	P4	HCC-4L|AGTACGGGCACCTGGC-1	AGTACGGGCACCTGGC-1	0.0	0.568031627297759
HCC-4L|P4|N10	HCC-4L	P4	HCC-4L|ATAACGGAGTCCAACG-1	ATAACGGAGTCCAACG-1	4.14320090420579	2.071600452102895
HCC-4L|P4|N10	HCC-4L	P4	HCC-4L|CACCTTGCGAAACTCG-1	CACCTTGCGAAACTCG-1	1.7105068488265767	1.3267990532949328
HCC-4L|P4|N10	HCC-4L	P4	HCC-4L|CAGTGAATAAATGACT-1	CAGTGAATAAATGACT-1	1.6946982888313944	1.486304927462379
HCC-4L|P4|N10	HCC-4L	P4	HCC-4L|CATTTAGCGGACCATG-1	CATTTAGCGGACCATG-1	0.0	0.5807791845115123
HCC-4L|P4|N10	HCC-4L	P4	HCC-4L|CGAGTTCTGTCCCACC-1	CGAGTTCTGTCCCACC-1	0.0	0.6023955397040095
HCC-4L|P4|N10	HCC-4L	P4	HCC-4L|CGCCATCCGATTATGA-1	CGCCATCCGATTATGA-1	0.0	0.6307341072138649
HCC-4L|P4|N10	HCC-4L	P4	HCC-4L|CGGTCAAGTGGGAACC-1	CGGTCAAGTGGGAACC-1	2.927414976147177	1.7176940480851621
HCC-4L|P4|N10	HCC-4L	P4	HCC-4L|CTAAATCCTATTCCGG-1	CTAAATCCTATTCCGG-1	3.5641450764801768	2.2286808456400324
HCC-4L|P4|N10	HCC-4L	P4	HCC-4L|CTGTCAAATGGCTCGG-1	CTGTCAAATGGCTCGG-1	1.57103178649491	1.2347118585780403
HCC-4L|P4|N10	HCC-4L	P4	HCC-4L|GACAACGACCATTGAA-1	GACAACGACCATTGAA-1	0.0	0.6693471213026433
HCC-4L|P4|N10	HCC-4L	P4	HCC-4L|GGAGCACCAAGAACTA-1	GGAGCACCAAGAACTA-1	0.0	1.241558205130464
HCC-4L|P4|N10	HCC-4L	P4	HCC-4L|TAATAGTGACGACCAG-1	TAATAGTGACGACCAG-1	3.664601399967937	2.3832993497022237
HCC-4L|P4|N10	HCC-4L	P4	HCC-4L|TGTTGTCAAGAAGTCT-1	TGTTGTCAAGAAGTCT-1	2.3928174712534287	1.7183474179633726
HCC-4L|P4|N10	HCC-4L	P4	HCC-4L|TTGACCATGTTCTCCG-1	TTGACCATGTTCTCCG-1	3.8889645514259312	1.9444822757129656
HCC-4L|P4|N10	HCC-4L	P4	HCC-4L|TTGTAAGGCCAGTTGG-1	TTGTAAGGCCAGTTGG-1	3.047838720138883	2.0732540580790344
HCC-4L|P4|N12	HCC-4L	P4	HCC-4L|AACTCTCAATAGAGCG-1	AACTCTCAATAGAGCG-1	1.427837158425202	0.8476395429278074
HCC-4L|P4|N12	HCC-4L	P4	HCC-4L|ACCGATGGTAGCATCG-1	ACCGATGGTAGCATCG-1	0.0	0.7005715738565672
HCC-4L|P4|N12	HCC-4L	P4	HCC-4L|AGTGAGACTTCCAGTA-1	AGTGAGACTTCCAGTA-1	4.022723353032743	2.426108221341822
HCC-4L|P4|N12	HCC-4L	P4	HCC-4L|CCCAAACATGCTGCTC-1	CCCAAACATGCTGCTC-1	1.965900858492205	1.3181773753321644
HCC-4L|P4|N12	HCC-4L	P4	HCC-4L|CCGGGCTGCTCCATAC-1	CCGGGCTGCTCCATAC-1	3.011057679413201	1.8407557857926624
HCC-4L|P4|N12	HCC-4L	P4	HCC-4L|CCTAGGCGTAGCGATC-1	CCTAGGCGTAGCGATC-1	0.0	0.5861484193704953
HCC-4L|P4|N12	HCC-4L	P4	HCC-4L|CGAGTTTATCGGACTG-1	CGAGTTTATCGGACTG-1	3.0758426598822846	1.794225512515271
HCC-4L|P4|N12	HCC-4L	P4	HCC-4L|GAAGTCTCCCTAGCGA-1	GAAGTCTCCCTAGCGA-1	3.075650190889544	1.794145317101629
HCC-4L|P4|N12	HCC-4L	P4	HCC-4L|GCTGTTGCTACCGAAC-1	GCTGTTGCTACCGAAC-1	3.779441866045722	1.8905792232020446
HCC-4L|P4|N12	HCC-4L	P4	HCC-4L|GCTTATGAAGCAGGAA-1	GCTTATGAAGCAGGAA-1	0.0	0.5680127573838937
HCC-4L|P4|N12	HCC-4L	P4	HCC-4L|GGATGTCCTTACCGCA-1	GGATGTCCTTACCGCA-1	0.8275288770817757	0.5327508684096547
HCC-4L|P4|N12	HCC-4L	P4	HCC-4L|TGCATATGTCTGTCAC-1	TGCATATGTCTGTCAC-1	0.0	0.5861484193704953
HCC-4L|P4|N12	HCC-4L	P4	HCC-4L|TTAGCTGATTTGCCGT-1	TTAGCTGATTTGCCGT-1	0.0	0.572132000673184
HCC-4L|P4|N18	HCC-4L	P4	HCC-4L|ACAAAGCATGACCTAG-1	ACAAAGCATGACCTAG-1	1.0388469868117438	0.8665844895448676
HCC-4L|P4|N18	HCC-4L	P4	HCC-4L|AGTGATAACCTGCGCG-1	AGTGATAACCTGCGCG-1	1.2785295782119757	1.0083278850334876
HCC-4L|P4|N18	HCC-4L	P4	HCC-4L|CAAGGCCAGTGGTGCA-1	CAAGGCCAGTGGTGCA-1	3.8954489640809924	1.9477244820404962
HCC-4L|P4|N18	HCC-4L	P4	HCC-4L|CCGCTCTTCCGAACTA-1	CCGCTCTTCCGAACTA-1	2.5990701671635357	1.6028048225352478
HCC-4L|P4|N18	HCC-4L	P4	HCC-4L|CCTCCTGTTGTGTCGT-1	CCTCCTGTTGTGTCGT-1	1.5668617865044128	0.9317626463970752
HCC-4L|P4|N18	HCC-4L	P4	HCC-4L|CGGCGCCATCAATCCC-1	CGGCGCCATCAATCCC-1	2.5602669364429724	1.5559863295395973
HCC-4L|P4|N18	HCC-4L	P4	HCC-4L|CGTTAATGTCCCGACG-1	CGTTAATGTCCCGACG-1	1.917875616769437	1.1447223256310248
HCC-4L|P4|N18	HCC-4L	P4	HCC-4L|CTTTGCATCGCTCTTG-1	CTTTGCATCGCTCTTG-1	1.1379207828943751	0.8951035276701669
HCC-4L|P4|N18	HCC-4L	P4	HCC-4L|GCCACTCAGAGCGCGA-1	GCCACTCAGAGCGCGA-1	0.6123166473060968	0.6143406335978274
HCC-4L|P4|N18	HCC-4L	P4	HCC-4L|GCTAACTGAAGTCTGA-1	GCTAACTGAAGTCTGA-1	0.9508846287436995	0.7418094139536342
HCC-4L|P4|N18	HCC-4L	P4	HCC-4L|TAGGCTAAAGTGGCAC-1	TAGGCTAAAGTGGCAC-1	0.0	0.5413199037259172
HCC-4L|P4|N18	HCC-4L	P4	HCC-4L|TCACAAACCGAGGTAC-1	TCACAAACCGAGGTAC-1	0.7411340509266814	0.5959655729132397
HCC-4L|P4|N18	HCC-4L	P4	HCC-4L|TGGCTACACTCTACCT-1	TGGCTACACTCTACCT-1	2.6003898806300145	1.5167841209119686
HCC-4L|P4|N18	HCC-4L	P4	HCC-4L|TGTACCTACACGAGGG-1	TGTACCTACACGAGGG-1	1.5599969056168608	1.0998981623630093
HCC-4L|P4|N18	HCC-4L	P4	HCC-4L|TGTCCACGGCTCAACT-1	TGTCCACGGCTCAACT-1	0.0	0.5413199037259172
HCC-4L|P4|N23	HCC-4L	P4	HCC-4L|ACACTGGGACAGTCGT-1	ACACTGGGACAGTCGT-1	0.0	0.8534520403239644
HCC-4L|P4|N23	HCC-4L	P4	HCC-4L|AGAGCCGCCGAGATTT-1	AGAGCCGCCGAGATTT-1	3.534564213875629	2.188115927086039
HCC-4L|P4|N23	HCC-4L	P4	HCC-4L|CAACCAGTGGCCTACC-1	CAACCAGTGGCCTACC-1	0.0	0.7761308197928066
HCC-4L|P4|N23	HCC-4L	P4	HCC-4L|CACGTCAATCAATGGA-1	CACGTCAATCAATGGA-1	3.2672571830410004	1.8782384736460327
HCC-4L|P4|N23	HCC-4L	P4	HCC-4L|CTAGCCACAGGCGAGC-1	CTAGCCACAGGCGAGC-1	2.1341423920904377	1.2450064074638363
HCC-4L|P4|N23	HCC-4L	P4	HCC-4L|CTATCGCGTAGAGAAC-1	CTATCGCGTAGAGAAC-1	2.13522253702341	1.2454564678525748
HCC-4L|P4|N23	HCC-4L	P4	HCC-4L|CTGGTAAAGTGTGGGC-1	CTGGTAAAGTGTGGGC-1	3.1407736219887767	1.7753859824762204
HCC-4L|P4|N23	HCC-4L	P4	HCC-4L|GGAGGGTCAAGTAAGA-1	GGAGGGTCAAGTAAGA-1	2.9055390324839023	1.7250409481620346
HCC-4L|P4|N23	HCC-4L	P4	HCC-4L|GGCCTGCTTCTCCCGA-1	GGCCTGCTTCTCCCGA-1	2.459990057781984	1.9951497162152236
HCC-4L|P4|N23	HCC-4L	P4	HCC-4L|TCAAGCGCGGACGGTA-1	TCAAGCGCGGACGGTA-1	2.5065184120263733	1.7528053953179876
HCC-4L|P4|N23	HCC-4L	P4	HCC-4L|TGTGTAGTAGCACGTG-1	TGTGTAGTAGCACGTG-1	0.0	0.5646569450950184
HCC-4L|P4|N30	HCC-4L	P4	HCC-4L|ACGCATTCGTGAGTAC-1	ACGCATTCGTGAGTAC-1	0.00010156323777052219	0.5789790342447129
HCC-4L|P4|N30	HCC-4L	P4	HCC-4L|ACGCGGGCCAAGGACA-1	ACGCGGGCCAAGGACA-1	1.7097797976111766	1.2942825444891075
HCC-4L|P4|N30	HCC-4L	P4	HCC-4L|AGGGCTGCAGTTACAG-1	AGGGCTGCAGTTACAG-1	7.0344045037740335	3.5448801783993042
HCC-4L|P4|N30	HCC-4L	P4	HCC-4L|AGGGTTTAGTTCGGGA-1	AGGGTTTAGTTCGGGA-1	5.236250487444165	3.2920352280325016
HCC-4L|P4|N30	HCC-4L	P4	HCC-4L|ATCAATCTGGGCTGCA-1	ATCAATCTGGGCTGCA-1	2.739873413480375	2.1209250787170473
HCC-4L|P4|N30	HCC-4L	P4	HCC-4L|ATGGAGCAGGCCGTGA-1	ATGGAGCAGGCCGTGA-1	0.10311030806088652	0.7550053606464061
HCC-4L|P4|N30	HCC-4L	P4	HCC-4L|CTAGCATAGTATAATG-1	CTAGCATAGTATAATG-1	0.13827399583406164	0.8836747740231297
HCC-4L|P4|N30	HCC-4L	P4	HCC-4L|CTCTGGACGCCTGGTG-1	CTCTGGACGCCTGGTG-1	0.0	0.7394850851835949
HCC-4L|P4|N30	HCC-4L	P4	HCC-4L|GCGAGTTCTGCAAAGA-1	GCGAGTTCTGCAAAGA-1	0.035394961227925376	0.8921701833069352
HCC-4L|P4|N30	HCC-4L	P4	HCC-4L|GGGAGAACTCACAGTA-1	GGGAGAACTCACAGTA-1	3.6371650373957083	2.4832737556955977
HCC-4L|P4|N30	HCC-4L	P4	HCC-4L|TAGGTTCGAGTTCGTC-1	TAGGTTCGAGTTCGTC-1	0.0	0.6063303503073133
HCC-4L|P4|N30	HCC-4L	P4	HCC-4L|TATTCGTGCCAGAATA-1	TATTCGTGCCAGAATA-1	0.0	1.4078314299476447
HCC-4L|P4|N30	HCC-4L	P4	HCC-4L|TCTTCGATACCAATAA-1	TCTTCGATACCAATAA-1	0.00017094304838161307	0.5315053424305312
HCC-4L|P4|N39	HCC-4L	P4	HCC-4L|AGCGTGGTATTCTACT-1	AGCGTGGTATTCTACT-1	0.0	0.565400647763263
HCC-4L|P4|N39	HCC-4L	P4	HCC-4L|CAAGAGGGCGGAGTAC-1	CAAGAGGGCGGAGTAC-1	2.042885643255524	1.5973174721257108
HCC-4L|P4|N39	HCC-4L	P4	HCC-4L|CATGGTAAGTAGCGTT-1	CATGGTAAGTAGCGTT-1	6.784807773159156	3.573136060890266
HCC-4L|P4|N39	HCC-4L	P4	HCC-4L|CGTTGAGCGACCGTCG-1	CGTTGAGCGACCGTCG-1	0.00021241565649847457	0.5759856004135878
HCC-4L|P4|N39	HCC-4L	P4	HCC-4L|CTAAGGGAATGATTGG-1	CTAAGGGAATGATTGG-1	0.0	0.5654230911553609
HCC-4L|P4|N39	HCC-4L	P4	HCC-4L|GAGATCTTCCATGACA-1	GAGATCTTCCATGACA-1	1.3248804700489578	0.8933593410796147
HCC-4L|P4|N39	HCC-4L	P4	HCC-4L|GCGGAGAGGGAGAACG-1	GCGGAGAGGGAGAACG-1	1.847050294238916	1.135842288685002
HCC-4L|P4|N39	HCC-4L	P4	HCC-4L|GTACGCTTCATTGCAC-1	GTACGCTTCATTGCAC-1	0.0	0.7356411180345567
HCC-4L|P4|N39	HCC-4L	P4	HCC-4L|GTCGTTATTCGCTTAT-1	GTCGTTATTCGCTTAT-1	0.0	0.5340504440359629
HCC-4L|P4|N39	HCC-4L	P4	HCC-4L|GTGGTGGCCAAGTGAA-1	GTGGTGGCCAAGTGAA-1	0.798290945606482	0.6634730364938971
HCC-4L|P4|N39	HCC-4L	P4	HCC-4L|TGCCCGTACCGTTAAA-1	TGCCCGTACCGTTAAA-1	0.1256880328162313	0.9089095415847936
HCC-4L|P4|N41	HCC-4L	P4	HCC-4L|AGGACATCGGCACACT-1	AGGACATCGGCACACT-1	2.8277907821883423	1.6495685528606772
HCC-4L|P4|N41	HCC-4L	P4	HCC-4L|ATCCGGACCAGCCTGA-1	ATCCGGACCAGCCTGA-1	0.0	0.622366352659996
HCC-4L|P4|N41	HCC-4L	P4	HCC-4L|CAGAGCGATGGATGCT-1	CAGAGCGATGGATGCT-1	3.4046144307614656	1.704066886730032
HCC-4L|P4|N41	HCC-4L	P4	HCC-4L|CAGCCTCGATAGCGGT-1	CAGCCTCGATAGCGGT-1	3.0501613210637792	1.5260494673181826
HCC-4L|P4|N41	HCC-4L	P4	HCC-4L|CGAATTCCCGGTTCAA-1	CGAATTCCCGGTTCAA-1	0.0	0.6079985998575043
HCC-4L|P4|N41	HCC-4L	P4	HCC-4L|CTGAGAGTAGAAATAC-1	CTGAGAGTAGAAATAC-1	0.0	0.6353156155221052
HCC-4L|P4|N41	HCC-4L	P4	HCC-4L|CTTACTGACTCCTCTG-1	CTTACTGACTCCTCTG-1	2.2756710548683796	1.422754927173156
HCC-4L|P4|N41	HCC-4L	P4	HCC-4L|GACAAGACGCCCGTGC-1	GACAAGACGCCCGTGC-1	0.0	0.756799934194956
HCC-4L|P4|N41	HCC-4L	P4	HCC-4L|GAGAAACTGGATCCCA-1	GAGAAACTGGATCCCA-1	0.9923266915768524	0.8354691923838455
HCC-4L|P4|N41	HCC-4L	P4	HCC-4L|GAGTAAATTAAGAACC-1	GAGTAAATTAAGAACC-1	2.828077941198073	1.8410871283697292
HCC-4L|P4|N41	HCC-4L	P4	HCC-4L|TAAGTCGGTGAGCTAG-1	TAAGTCGGTGAGCTAG-1	0.021116056191589794	0.719588313664788
HCC-4L|P4|N41	HCC-4L	P4	HCC-4L|TACCCTCGGTAACCCT-1	TACCCTCGGTAACCCT-1	0.0	0.8482646164885486
HCC-4L|P4|N41	HCC-4L	P4	HCC-4L|TAGAAGAAGGGTTACA-1	TAGAAGAAGGGTTACA-1	2.020737921677548	1.3059498653204613
HCC-4L|P4|N41	HCC-4L	P4	HCC-4L|TGACTCTAACTGGTAA-1	TGACTCTAACTGGTAA-1	0.0	0.5540162845802723
HCC-4L|P4|N41	HCC-4L	P4	HCC-4L|TTATTTAGGTTCCTTA-1	TTATTTAGGTTCCTTA-1	1.3723205442766462	0.9874667334637631
HCC-4L|P5|N3	HCC-4L	P5	HCC-4L|AAACCCGAACGAAATC-1	AAACCCGAACGAAATC-1	0.1834681241301485	0.374835002854205
HCC-4L|P5|N3	HCC-4L	P5	HCC-4L|AACTACCCGTTTGTCA-1	AACTACCCGTTTGTCA-1	0.0	0.2855411021693046
HCC-4L|P5|N3	HCC-4L	P5	HCC-4L|ATCTCGTGAGCGAAAC-1	ATCTCGTGAGCGAAAC-1	0.0	0.017678682012380095
HCC-4L|P5|N3	HCC-4L	P5	HCC-4L|CAAACTCGCGACGCCG-1	CAAACTCGCGACGCCG-1	0.0	0.033431414090268584
HCC-4L|P5|N3	HCC-4L	P5	HCC-4L|CACACAGCTTGCGCTC-1	CACACAGCTTGCGCTC-1	0.21214418414856115	0.3716554495326209
HCC-4L|P5|N3	HCC-4L	P5	HCC-4L|CCGAGAAGTCGCATAA-1	CCGAGAAGTCGCATAA-1	0.19096596911373687	0.3649491572851054
HCC-4L|P5|N3	HCC-4L	P5	HCC-4L|CGCCTTTAGCATGCTC-1	CGCCTTTAGCATGCTC-1	0.0	0.028923778405072893
HCC-4L|P5|N3	HCC-4L	P5	HCC-4L|CGGCTCTAAAGCTGCA-1	CGGCTCTAAAGCTGCA-1	0.0	0.01591383075947807
HCC-4L|P5|N3	HCC-4L	P5	HCC-4L|GAACGCGGGTCACACG-1	GAACGCGGGTCACACG-1	0.0	0.017678682012380095
HCC-4L|P5|N3	HCC-4L	P5	HCC-4L|GAATAGCATTTAGGGT-1	GAATAGCATTTAGGGT-1	0.0	0.013634768060893851
HCC-4L|P5|N3	HCC-4L	P5	HCC-4L|GCAAACGTCGCCAGGT-1	GCAAACGTCGCCAGGT-1	0.0	0.03131345007327394
HCC-4L|P5|N3	HCC-4L	P5	HCC-4L|GCACAAACGAGGCGTG-1	GCACAAACGAGGCGTG-1	3.0233830727693576	1.5917254108924004
HCC-4L|P5|N3	HCC-4L	P5	HCC-4L|GGACACAAGTTTACAC-1	GGACACAAGTTTACAC-1	0.0	0.01591383075947807
HCC-4L|P5|N3	HCC-4L	P5	HCC-4L|GTCTTGTAGCTATTCA-1	GTCTTGTAGCTATTCA-1	0.0	0.017517583330790506
HCC-4L|P5|N3	HCC-4L	P5	HCC-4L|GTGCTTACATCAGCGC-1	GTGCTTACATCAGCGC-1	0.1636172167307262	0.3667248901193687
HCC-4L|P5|N3	HCC-4L	P5	HCC-4L|TCTCGACGTATCGCCG-1	TCTCGACGTATCGCCG-1	0.21021099996948608	0.38825693048584664
HCC-4L|P5|N3	HCC-4L	P5	HCC-4L|TTGAGCAGCCCACGGT-1	TTGAGCAGCCCACGGT-1	0.0	0.015289010344179043
HCC-4L|P5|N3	HCC-4L	P5	HCC-4L|TTGCCAAGCAGAACCC-1	TTGCCAAGCAGAACCC-1	0.0	0.03280659367496955
HCC-4L|P5|N4	HCC-4L	P5	HCC-4L|AAACGCCCGAGATCGG-1	AAACGCCCGAGATCGG-1	0.0	1.2672487241680732e-06
HCC-4L|P5|N4	HCC-4L	P5	HCC-4L|AAACTAACGTGGCGAC-1	AAACTAACGTGGCGAC-1	7.14246228731016e-05	4.5739986001845564e-05
HCC-4L|P5|N4	HCC-4L	P5	HCC-4L|AATAGCAAGCCTCCTG-1	AATAGCAAGCCTCCTG-1	0.0	1.566572395133089e-05
HCC-4L|P5|N4	HCC-4L	P5	HCC-4L|ACGCATAAATGACATG-1	ACGCATAAATGACATG-1	0.0	8.36996677751868e-06
HCC-4L|P5|N4	HCC-4L	P5	HCC-4L|AGATTCAAGCGGGTCG-1	AGATTCAAGCGGGTCG-1	0.0	2.8039783964415135e-06
HCC-4L|P5|N4	HCC-4L	P5	HCC-4L|CATCTACCCGAGAACG-1	CATCTACCCGAGAACG-1	0.0	7.102718053350606e-06
HCC-4L|P5|N4	HCC-4L	P5	HCC-4L|CCTCGTTACGCCTGTT-1	CCTCGTTACGCCTGTT-1	0.0	8.36996677751868e-06
HCC-4L|P5|N4	HCC-4L	P5	HCC-4L|CGGGTTCGGCACGTAT-1	CGGGTTCGGCACGTAT-1	0.0	6.6851163768631756e-06
HCC-4L|P5|N4	HCC-4L	P5	HCC-4L|CTAGACATATATGTAG-1	CTAGACATATATGTAG-1	8.022139652235811e-05	4.606275016727085e-05
HCC-4L|P5|N4	HCC-4L	P5	HCC-4L|CTGGGCTATCCTTTGG-1	CTGGGCTATCCTTTGG-1	0.0	7.102718053350606e-06
HCC-4L|P5|N4	HCC-4L	P5	HCC-4L|GAACGGTGTAAAGCAG-1	GAACGGTGTAAAGCAG-1	1.5206984690016878e-05	7.603492345008439e-06
HCC-4L|P5|N4	HCC-4L	P5	HCC-4L|GACTCGGTCGGCGGAT-1	GACTCGGTCGGCGGAT-1	0.0	6.6851163768631756e-06
HCC-4L|P5|N4	HCC-4L	P5	HCC-4L|GCCTGCTACACTGAGA-1	GCCTGCTACACTGAGA-1	0.0	6.6851163768631756e-06
HCC-4L|P5|N4	HCC-4L	P5	HCC-4L|GGTTCGATGCTGAGTT-1	GGTTCGATGCTGAGTT-1	0.0	1.869318930961009e-06
HCC-4L|P5|N4	HCC-4L	P5	HCC-4L|GTAACATCAGCTCATC-1	GTAACATCAGCTCATC-1	7.224842481515231e-06	3.6124212407576154e-06
HCC-4L|P5|N4	HCC-4L	P5	HCC-4L|GTATTAGGGTTCGCGT-1	GTATTAGGGTTCGCGT-1	0.0	1.9739886336305584e-05
HCC-4L|P5|N4	HCC-4L	P5	HCC-4L|TACGATCCAAGCCACT-1	TACGATCCAAGCCACT-1	0.0	1.5206984690016877e-06
HCC-4L|P5|N4	HCC-4L	P5	HCC-4L|TCATTCGTATAATTTG-1	TCATTCGTATAATTTG-1	8.523261664020728e-05	4.261630832010364e-05
HCC-4L|P5|N4	HCC-4L	P5	HCC-4L|TCGCCCAACTGACTCC-1	TCGCCCAACTGACTCC-1	0.0	1.8955752424432463e-05
HCC-4L|P5|N4	HCC-4L	P5	HCC-4L|TTCGTGGGCTGGAAGC-1	TTCGTGGGCTGGAAGC-1	0.0	7.224842481515231e-07
HCC-4L|P5|N5	HCC-4L	P5	HCC-4L|AAACTCGGTTCGCAAT-1	AAACTCGGTTCGCAAT-1	0.0	0.0002652250879568914
HCC-4L|P5|N5	HCC-4L	P5	HCC-4L|AAGCGCAGGGCTTTGA-1	AAGCGCAGGGCTTTGA-1	0.0011761543028046331	0.0011012573650829246
HCC-4L|P5|N5	HCC-4L	P5	HCC-4L|AAGTTTATGGGCCCAA-1	AAGTTTATGGGCCCAA-1	0.0	0.0002652250879568914
HCC-4L|P5|N5	HCC-4L	P5	HCC-4L|ATGTAGCGCGCGTAGG-1	ATGTAGCGCGCGTAGG-1	0.0	0.0004255235584888281
HCC-4L|P5|N5	HCC-4L	P5	HCC-4L|CCTATGGTCAAAGCTG-1	CCTATGGTCAAAGCTG-1	0.0	8.634981116587362e-06
HCC-4L|P5|N5	HCC-4L	P5	HCC-4L|GAGGTACGCGTGTCCC-1	GAGGTACGCGTGTCCC-1	0.0	8.634981116587362e-06
HCC-4L|P5|N5	HCC-4L	P5	HCC-4L|GCACTGCCTACCTTTA-1	GCACTGCCTACCTTTA-1	0.0	8.634981116587362e-06
HCC-4L|P5|N5	HCC-4L	P5	HCC-4L|GGAGCGAGGCCTACTT-1	GGAGCGAGGCCTACTT-1	0.00010361977339904835	0.0003083999935398282
HCC-4L|P5|N5	HCC-4L	P5	HCC-4L|GGCGCTTCATTCCCTG-1	GGCGCTTCATTCCCTG-1	0.003079081282083648	0.0016461884807254642
HCC-4L|P5|N5	HCC-4L	P5	HCC-4L|TGCTCGGTGGGTCACC-1	TGCTCGGTGGGTCACC-1	0.0	0.0004255235584888281
HCC-4L|P5|N6	HCC-4L	P5	HCC-4L|AAAGCTTGCCTACATA-1	AAAGCTTGCCTACATA-1	0.0	5.707770792160398e-05
HCC-4L|P5|N6	HCC-4L	P5	HCC-4L|AACTTTCTCGATCATG-1	AACTTTCTCGATCATG-1	0.0	0.0002483965709767941
HCC-4L|P5|N6	HCC-4L	P5	HCC-4L|AGGAGACATCCACAGT-1	AGGAGACATCCACAGT-1	0.0	0.00042058119866305606
HCC-4L|P5|N6	HCC-4L	P5	HCC-4L|AGTCCCTCGCAGAAAG-1	AGTCCCTCGCAGAAAG-1	0.004362041888897425	0.002486495223347111
HCC-4L|P5|N6	HCC-4L	P5	HCC-4L|AGTTTATGTAAAGACA-1	AGTTTATGTAAAGACA-1	0.0	5.707770792160398e-05
HCC-4L|P5|N6	HCC-4L	P5	HCC-4L|CAACCTGAACCTGCCA-1	CAACCTGAACCTGCCA-1	0.0006849324950592478	0.000705969738271076
HCC-4L|P5|N6	HCC-4L	P5	HCC-4L|CACGGACGTGGATGGC-1	CACGGACGTGGATGGC-1	0.0	0.0006119000617182461
HCC-4L|P5|N6	HCC-4L	P5	HCC-4L|CCTACTGCGGCGGCCA-1	CCTACTGCGGCGGCCA-1	0.0	0.00029807588517215294
HCC-4L|P5|N6	HCC-4L	P5	HCC-4L|CGTATTGTTTCCTAAT-1	CGTATTGTTTCCTAAT-1	0.0029807588517215293	0.0018538829166022167
HCC-4L|P5|N6	HCC-4L	P5	HCC-4L|CTTAGGTCCCAATCGT-1	CTTAGGTCCCAATCGT-1	0.0	0.0004967931419535882
HCC-4L|P5|N6	HCC-4L	P5	HCC-4L|TAATAGCTAAATGATG-1	TAATAGCTAAATGATG-1	0.0	5.707770792160398e-05
HCC-4L|P5|N6	HCC-4L	P5	HCC-4L|TGTATACGGATGATGA-1	TGTATACGGATGATGA-1	0.0	0.00042058119866305606
HCC-4L|P5|N6	HCC-4L	P5	HCC-4L|TTGTGGTATAGGTATG-1	TTGTGGTATAGGTATG-1	0.0	0.0007342800740618954
HCC-4L|P5|N7	HCC-4L	P5	HCC-4L|AAAGGCTACGGACCAT-1	AAAGGCTACGGACCAT-1	0.0	2.9446465838219754e-06
HCC-4L|P5|N7	HCC-4L	P5	HCC-4L|AAAGGCTCTCGCGCCG-1	AAAGGCTCTCGCGCCG-1	0.0	1.062865699266342e-05
HCC-4L|P5|N7	HCC-4L	P5	HCC-4L|AAGACCCAACTGAACA-1	AAGACCCAACTGAACA-1	0.0	4.6002104040654575e-06
HCC-4L|P5|N7	HCC-4L	P5	HCC-4L|AAGTGAGTCGGGTTTA-1	AAGTGAGTCGGGTTTA-1	0.0	4.201301819595624e-06
HCC-4L|P5|N7	HCC-4L	P5	HCC-4L|ACCCGTGTCATCAGTA-1	ACCCGTGTCATCAGTA-1	0.0	1.0644589927721053e-05
HCC-4L|P5|N7	HCC-4L	P5	HCC-4L|ACCCTATGCCATATCG-1	ACCCTATGCCATATCG-1	0.0	1.4126089822092788e-06
HCC-4L|P5|N7	HCC-4L	P5	HCC-4L|ACGCAAACTAATAGAT-1	ACGCAAACTAATAGAT-1	0.0	3.4198498535810195e-06
HCC-4L|P5|N7	HCC-4L	P5	HCC-4L|ACGTTCGTTCAGGAAA-1	ACGTTCGTTCAGGAAA-1	0.0	7.475846836273266e-06
HCC-4L|P5|N7	HCC-4L	P5	HCC-4L|ACTACGCGTTAGAATT-1	ACTACGCGTTAGAATT-1	9.915069767170659e-06	8.731489473719899e-06
HCC-4L|P5|N7	HCC-4L	P5	HCC-4L|ACTATTTCCGGGCCCA-1	ACTATTTCCGGGCCCA-1	0.0	4.506357548757717e-06
HCC-4L|P5|N7	HCC-4L	P5	HCC-4L|AGCCCGGTAGCCTGTA-1	AGCCCGGTAGCCTGTA-1	9.377423592175252e-06	7.395672543323901e-06
HCC-4L|P5|N7	HCC-4L	P5	HCC-4L|AGCGCATAATGAATCG-1	AGCGCATAATGAATCG-1	0.0	1.787156732325159e-05
HCC-4L|P5|N7	HCC-4L	P5	HCC-4L|AGGCAGGGAGCGTACT-1	AGGCAGGGAGCGTACT-1	0.0	1.634137072144902e-05
HCC-4L|P5|N7	HCC-4L	P5	HCC-4L|AGGGACTCTACGCGAC-1	AGGGACTCTACGCGAC-1	3.086845908984345e-05	2.7217123650579522e-05
HCC-4L|P5|N7	HCC-4L	P5	HCC-4L|AGTATACACAGCGACA-1	AGTATACACAGCGACA-1	0.0	3.4198498535810195e-06
HCC-4L|P5|N7	HCC-4L	P5	HCC-4L|AGTATTTGGCACGACC-1	AGTATTTGGCACGACC-1	0.0	2.5505464706248306e-05
HCC-4L|P5|N7	HCC-4L	P5	HCC-4L|CAACTGCTCATCCGAT-1	CAACTGCTCATCCGAT-1	9.951696075751128e-06	5.802103851806452e-06
HCC-4L|P5|N7	HCC-4L	P5	HCC-4L|CATACACGGTTCCCAC-1	CATACACGGTTCCCAC-1	3.533575900586371e-05	1.8494135316862742e-05
HCC-4L|P5|N7	HCC-4L	P5	HCC-4L|CCCGTAGCTGGGAAGA-1	CCCGTAGCTGGGAAGA-1	0.0	1.6707111465701272e-06
HCC-4L|P5|N7	HCC-4L	P5	HCC-4L|CCGGAGCGTACTTTCT-1	CCGGAGCGTACTTTCT-1	0.0	9.951696075751127e-07
HCC-4L|P5|N7	HCC-4L	P5	HCC-4L|CCGGTTTGTAATTGTG-1	CCGGTTTGTAATTGTG-1	0.0	1.4126089822092788e-06
HCC-4L|P5|N7	HCC-4L	P5	HCC-4L|CCTTCAGTTAAAGTGA-1	CCTTCAGTTAAAGTGA-1	0.0	3.4884127132508795e-06
HCC-4L|P5|N7	HCC-4L	P5	HCC-4L|CCTTTAAGGGAGCACT-1	CCTTTAAGGGAGCACT-1	7.890797393628098e-05	5.7021549591724623e-05
HCC-4L|P5|N7	HCC-4L	P5	HCC-4L|CGCCCAGCACGCCTAG-1	CGCCCAGCACGCCTAG-1	0.0	6.575664494690082e-06
HCC-4L|P5|N7	HCC-4L	P5	HCC-4L|CGCTGTGTGGATGTTG-1	CGCTGTGTGGATGTTG-1	3.3935817541394066e-05	2.3036041401134824e-05
HCC-4L|P5|N7	HCC-4L	P5	HCC-4L|CGGAAAGAATCAAACG-1	CGGAAAGAATCAAACG-1	5.10537452129587e-05	4.338377867440703e-05
HCC-4L|P5|N7	HCC-4L	P5	HCC-4L|CGGTCCGTCGCAAGCC-1	CGGTCCGTCGCAAGCC-1	0.0	3.4198498535810195e-06
HCC-4L|P5|N7	HCC-4L	P5	HCC-4L|CTACAAGAAATAACCC-1	CTACAAGAAATAACCC-1	3.09722597233018e-06	4.381492557655066e-06
HCC-4L|P5|N7	HCC-4L	P5	HCC-4L|CTACTCAAGGTATAGT-1	CTACTCAAGGTATAGT-1	0.0	2.827984795116172e-06
HCC-4L|P5|N7	HCC-4L	P5	HCC-4L|CTCCTCCAGCTCACAC-1	CTCCTCCAGCTCACAC-1	0.0	4.201301819595624e-06
HCC-4L|P5|N7	HCC-4L	P5	HCC-4L|CTTCCGCTCCGTGAAG-1	CTTCCGCTCCGTGAAG-1	5.939351497734022e-06	2.000936830851925e-05
HCC-4L|P5|N7	HCC-4L	P5	HCC-4L|CTTGGCCAAGCTGGGA-1	CTTGGCCAAGCTGGGA-1	0.0	3.770902397752864e-06
HCC-4L|P5|N7	HCC-4L	P5	HCC-4L|GAAAGCAGTGCACTTT-1	GAAAGCAGTGCACTTT-1	9.667542482211761e-05	6.445197462710222e-05
HCC-4L|P5|N7	HCC-4L	P5	HCC-4L|GACGCCGTAAAGGCTA-1	GACGCCGTAAAGGCTA-1	0.0	2.5723715908202872e-06
HCC-4L|P5|N7	HCC-4L	P5	HCC-4L|GACGGGTTGGCCCGTA-1	GACGGGTTGGCCCGTA-1	0.0	7.814519660146043e-07
HCC-4L|P5|N7	HCC-4L	P5	HCC-4L|GAGTCAGACCAGAATC-1	GAGTCAGACCAGAATC-1	0.0	4.693511523832312e-06
HCC-4L|P5|N7	HCC-4L	P5	HCC-4L|GATCTGCTATCTAAGG-1	GATCTGCTATCTAAGG-1	0.0	2.9446465838219754e-06
HCC-4L|P5|N7	HCC-4L	P5	HCC-4L|GCGGGCGAGCCTTACC-1	GCGGGCGAGCCTTACC-1	0.0	6.7939262527794535e-06
HCC-4L|P5|N7	HCC-4L	P5	HCC-4L|GCTGCTAAGTAGTCGA-1	GCTGCTAAGTAGTCGA-1	0.0	8.056285401843133e-06
HCC-4L|P5|N7	HCC-4L	P5	HCC-4L|GGCCGTTTGGGTTTCA-1	GGCCGTTTGGGTTTCA-1	5.577434449388513e-05	3.7797833049608534e-05
HCC-4L|P5|N7	HCC-4L	P5	HCC-4L|GGGACCCGTATATCTT-1	GGGACCCGTATATCTT-1	0.0001177833830569015	7.978910392425831e-05
HCC-4L|P5|N7	HCC-4L	P5	HCC-4L|GGGCTATGATCGATGG-1	GGGCTATGATCGATGG-1	0.0001093742194817972	7.949817638464412e-05
HCC-4L|P5|N7	HCC-4L	P5	HCC-4L|GGTCGGTCGTCCACAG-1	GGTCGGTCGTCCACAG-1	4.4719304445775966e-05	5.241305538525412e-05
HCC-4L|P5|N7	HCC-4L	P5	HCC-4L|GTCGCCGTTGTGTGTT-1	GTCGCCGTTGTGTGTT-1	0.0	2.8328795714899757e-06
HCC-4L|P5|N7	HCC-4L	P5	HCC-4L|GTGGTATAGTCTGCCG-1	GTGGTATAGTCTGCCG-1	1.6951307786511346e-05	1.0154026646897218e-05
HCC-4L|P5|N7	HCC-4L	P5	HCC-4L|TAAAGCGGTATTTCCA-1	TAAAGCGGTATTTCCA-1	4.103819824297223e-05	2.0519099121486116e-05
HCC-4L|P5|N7	HCC-4L	P5	HCC-4L|TAAGGCATAACATCAA-1	TAAGGCATAACATCAA-1	5.038278678825372e-05	4.563100090485777e-05
HCC-4L|P5|N7	HCC-4L	P5	HCC-4L|TACCGTAGGTTAACTA-1	TACCGTAGGTTAACTA-1	0.0	2.4833457303652233e-06
HCC-4L|P5|N7	HCC-4L	P5	HCC-4L|TACCTCAGTTGTCTGT-1	TACCTCAGTTGTCTGT-1	0.0	3.4884127132508795e-06
HCC-4L|P5|N7	HCC-4L	P5	HCC-4L|TACTATGGTTCCTCAG-1	TACTATGGTTCCTCAG-1	0.0	1.2731453629208055e-05
HCC-4L|P5|N7	HCC-4L	P5	HCC-4L|TACTCTTTCGTCTTCA-1	TACTCTTTCGTCTTCA-1	5.134091154928424e-05	3.737706329532188e-05
HCC-4L|P5|N7	HCC-4L	P5	HCC-4L|TAGCTAGTGATGATGG-1	TAGCTAGTGATGATGG-1	3.24835289668353e-05	1.982748316120836e-05
HCC-4L|P5|N7	HCC-4L	P5	HCC-4L|TATCCGCACCGTCGGG-1	TATCCGCACCGTCGGG-1	0.0	8.29308006312594e-07
HCC-4L|P5|N7	HCC-4L	P5	HCC-4L|TATTAACCTGACCGCG-1	TATTAACCTGACCGCG-1	0.0	4.278409295773687e-06
HCC-4L|P5|N7	HCC-4L	P5	HCC-4L|TCAACATAGCGCCCTA-1	TCAACATAGCGCCCTA-1	0.0	1.317452672132765e-05
HCC-4L|P5|N7	HCC-4L	P5	HCC-4L|TCCACCTCTAGCCTTT-1	TCCACCTCTAGCCTTT-1	0.0	2.9446465838219754e-06
HCC-4L|P5|N7	HCC-4L	P5	HCC-4L|TGATTCCCGGTTACCT-1	TGATTCCCGGTTACCT-1	0.0	3.4198498535810195e-06
HCC-4L|P5|N7	HCC-4L	P5	HCC-4L|TGCCAATGGGTACTCT-1	TGCCAATGGGTACTCT-1	0.0	2.5723715908202872e-06
HCC-4L|P5|N7	HCC-4L	P5	HCC-4L|TTACCCTAGGGATTGG-1	TTACCCTAGGGATTGG-1	0.0	9.91506976717066e-07
HCC-4L|P5|N7	HCC-4L	P5	HCC-4L|TTCGCGCGCCATACGA-1	TTCGCGCGCCATACGA-1	3.365120054131328e-05	3.271331112257025e-05
HCC-4L|P5|N7	HCC-4L	P5	HCC-4L|TTCTAGAAAGTCTTAT-1	TTCTAGAAAGTCTTAT-1	0.0	1.0159089500169476e-05
HCC-4L|P5|N7	HCC-4L	P5	HCC-4L|TTGTTTCACATCCAGG-1	TTGTTTCACATCCAGG-1	1.7043247071368362e-05	1.302031947737048e-05
HCC-4L|P5|N9	HCC-4L	P5	HCC-4L|AAATTAACGGGTAGCT-1	AAATTAACGGGTAGCT-1	0.0	2.6458727716024992e-05
HCC-4L|P5|N9	HCC-4L	P5	HCC-4L|AAGACTGCAAGCTACT-1	AAGACTGCAAGCTACT-1	0.0	1.1329386909725877e-06
HCC-4L|P5|N9	HCC-4L	P5	HCC-4L|AAGCTCGTGCCAAGTC-1	AAGCTCGTGCCAAGTC-1	0.0	1.960938235214078e-06
HCC-4L|P5|N9	HCC-4L	P5	HCC-4L|ACGCATTCGTGAGTAC-1	ACGCATTCGTGAGTAC-1	3.141600864727971e-05	5.140010538543292e-05
HCC-4L|P5|N9	HCC-4L	P5	HCC-4L|ACGCGGGCCAAGGACA-1	ACGCGGGCCAAGGACA-1	0.0	3.374522168633527e-05
HCC-4L|P5|N9	HCC-4L	P5	HCC-4L|ACGTAGATTGCTGATG-1	ACGTAGATTGCTGATG-1	0.0	1.1953082283337605e-05
HCC-4L|P5|N9	HCC-4L	P5	HCC-4L|ACTCTTGTATAGTAAC-1	ACTCTTGTATAGTAAC-1	0.0	1.960938235214078e-06
HCC-4L|P5|N9	HCC-4L	P5	HCC-4L|AGGGTTTAGTTCGGGA-1	AGGGTTTAGTTCGGGA-1	0.0	2.6180007206066423e-06
HCC-4L|P5|N9	HCC-4L	P5	HCC-4L|ATATCTTAGGGCCTTC-1	ATATCTTAGGGCCTTC-1	0.0001797224581339832	0.0001081551447950417
HCC-4L|P5|N9	HCC-4L	P5	HCC-4L|ATCAATCTGGGCTGCA-1	ATCAATCTGGGCTGCA-1	0.0	5.694938884122311e-06
HCC-4L|P5|N9	HCC-4L	P5	HCC-4L|ATGCGACAGTCCCATT-1	ATGCGACAGTCCCATT-1	2.3531258822568936e-05	1.1765629411284468e-05
HCC-4L|P5|N9	HCC-4L	P5	HCC-4L|ATGGAGCAGGCCGTGA-1	ATGGAGCAGGCCGTGA-1	0.0	3.3825082137508026e-06
HCC-4L|P5|N9	HCC-4L	P5	HCC-4L|CAATTTCGTATAAGGG-1	CAATTTCGTATAAGGG-1	0.0	3.414322186435812e-06
HCC-4L|P5|N9	HCC-4L	P5	HCC-4L|CACAGCACCCACGGCA-1	CACAGCACCCACGGCA-1	0.0	1.1718978980772164e-05
HCC-4L|P5|N9	HCC-4L	P5	HCC-4L|CACATGATTCAGCAAC-1	CACATGATTCAGCAAC-1	0.0	7.281162390377937e-06
HCC-4L|P5|N9	HCC-4L	P5	HCC-4L|CAGCTCACTGAGACAT-1	CAGCTCACTGAGACAT-1	0.00011189114787421974	8.643290309305203e-05
HCC-4L|P5|N9	HCC-4L	P5	HCC-4L|CCAGCCTGGACCAATA-1	CCAGCCTGGACCAATA-1	2.022981784583697e-05	1.818884843595542e-05
HCC-4L|P5|N9	HCC-4L	P5	HCC-4L|CCTGTCGCCCGTAAAT-1	CCTGTCGCCCGTAAAT-1	1.391340401852115e-05	2.4928947822658896e-05
HCC-4L|P5|N9	HCC-4L	P5	HCC-4L|CGGAGCATGGCGATCC-1	CGGAGCATGGCGATCC-1	0.0	5.59534423655819e-06
HCC-4L|P5|N9	HCC-4L	P5	HCC-4L|CGGCCACGCACAAAGT-1	CGGCCACGCACAAAGT-1	1.1809391263319771e-05	3.7082584797199904e-05
HCC-4L|P5|N9	HCC-4L	P5	HCC-4L|CGGGCAGCTAAACCGC-1	CGGGCAGCTAAACCGC-1	1.3834022558418965e-06	2.1931908243150533e-06
HCC-4L|P5|N9	HCC-4L	P5	HCC-4L|CTACGCACGGAGTACC-1	CTACGCACGGAGTACC-1	0.0	1.0347841384213738e-06
HCC-4L|P5|N9	HCC-4L	P5	HCC-4L|CTAGCATAGTATAATG-1	CTAGCATAGTATAATG-1	0.0	6.258143399215293e-06
HCC-4L|P5|N9	HCC-4L	P5	HCC-4L|CTAGTCACGTCTTAAG-1	CTAGTCACGTCTTAAG-1	0.0	1.1329386909725877e-06
HCC-4L|P5|N9	HCC-4L	P5	HCC-4L|CTATCGGGTCTCAACA-1	CTATCGGGTCTCAACA-1	0.0	8.21908163442937e-06
HCC-4L|P5|N9	HCC-4L	P5	HCC-4L|CTCTGGACGCCTGGTG-1	CTCTGGACGCCTGGTG-1	0.0	1.2835490004984701e-05
HCC-4L|P5|N9	HCC-4L	P5	HCC-4L|CTTCATTGTCAGTGGA-1	CTTCATTGTCAGTGGA-1	0.0	1.736186776923285e-05
HCC-4L|P5|N9	HCC-4L	P5	HCC-4L|GAAGCGTGAGGAATTT-1	GAAGCGTGAGGAATTT-1	0.00019380419345476035	0.00012480534722061372
HCC-4L|P5|N9	HCC-4L	P5	HCC-4L|GAATTATAGTGAAAGG-1	GAATTATAGTGAAAGG-1	7.509772079058351e-05	3.7548860395291756e-05
HCC-4L|P5|N9	HCC-4L	P5	HCC-4L|GCAGATTAGGGATATC-1	GCAGATTAGGGATATC-1	0.0	1.3502121196462087e-06
HCC-4L|P5|N9	HCC-4L	P5	HCC-4L|GCATAGAGCACTCAGG-1	GCATAGAGCACTCAGG-1	2.2891414172333517e-06	1.1952389084280688e-06
HCC-4L|P5|N9	HCC-4L	P5	HCC-4L|GCGAAGCCATACCCGT-1	GCGAAGCCATACCCGT-1	0.0	1.0217489284378058e-05
HCC-4L|P5|N9	HCC-4L	P5	HCC-4L|GCGAGTTCTGCAAAGA-1	GCGAGTTCTGCAAAGA-1	0.0	1.9363586215250432e-05
HCC-4L|P5|N9	HCC-4L	P5	HCC-4L|GCGCTAATTGAATAGA-1	GCGCTAATTGAATAGA-1	0.0	8.21908163442937e-06
HCC-4L|P5|N9	HCC-4L	P5	HCC-4L|GCTAGTAGAGCTTGTA-1	GCTAGTAGAGCTTGTA-1	0.0	5.59534423655819e-06
HCC-4L|P5|N9	HCC-4L	P5	HCC-4L|GGGACTGCATAGATAG-1	GGGACTGCATAGATAG-1	0.0001226098714125367	7.474868844612075e-05
HCC-4L|P5|N9	HCC-4L	P5	HCC-4L|GGGAGAACTCACAGTA-1	GGGAGAACTCACAGTA-1	0.0	5.694938884122311e-06
HCC-4L|P5|N9	HCC-4L	P5	HCC-4L|GGGCTGCCTAGGGCGA-1	GGGCTGCCTAGGGCGA-1	0.0	6.258143399215293e-06
HCC-4L|P5|N9	HCC-4L	P5	HCC-4L|GGTAGTGCTCGCACCA-1	GGTAGTGCTCGCACCA-1	0.0	1.960938235214078e-06
HCC-4L|P5|N9	HCC-4L	P5	HCC-4L|GTCATTAGAGCGAACG-1	GTCATTAGAGCGAACG-1	1.3595264291671052e-05	1.4078794536213464e-05
HCC-4L|P5|N9	HCC-4L	P5	HCC-4L|TAGCGTTGGGTCTTAC-1	TAGCGTTGGGTCTTAC-1	0.0	6.728282927530777e-06
HCC-4L|P5|N9	HCC-4L	P5	HCC-4L|TAGGTTCGAGTTCGTC-1	TAGGTTCGAGTTCGTC-1	0.0	6.258143399215293e-06
HCC-4L|P5|N9	HCC-4L	P5	HCC-4L|TATGGGTACGTATCGT-1	TATGGGTACGTATCGT-1	1.8017876356729257e-05	2.866597330691449e-05
HCC-4L|P5|N9	HCC-4L	P5	HCC-4L|TATGGTCTGAGTAACA-1	TATGGTCTGAGTAACA-1	6.08018397736715e-07	1.4788869222477844e-06
HCC-4L|P5|N9	HCC-4L	P5	HCC-4L|TCAAACTTAGATTGTT-1	TCAAACTTAGATTGTT-1	0.0	5.694938884122311e-06
HCC-4L|P5|N9	HCC-4L	P5	HCC-4L|TCCAGGCGAGTACGGT-1	TCCAGGCGAGTACGGT-1	0.0	1.616773217714263e-06
HCC-4L|P5|N9	HCC-4L	P5	HCC-4L|TCTTCGATACCAATAA-1	TCTTCGATACCAATAA-1	6.833926660946774e-05	3.416963330473387e-05
HCC-4L|P5|N9	HCC-4L	P5	HCC-4L|TCTTGATGCGTAGCGA-1	TCTTGATGCGTAGCGA-1	0.0	5.694938884122311e-06
HCC-4L|P5|N9	HCC-4L	P5	HCC-4L|TGCGCAAAGCATTTGG-1	TGCGCAAAGCATTTGG-1	0.0	5.694938884122311e-06
HCC-4L|P5|N9	HCC-4L	P5	HCC-4L|TGCTGTTGAAGAACTC-1	TGCTGTTGAAGAACTC-1	6.714413083869828e-05	3.6390822264141476e-05
HCC-4L|P5|N9	HCC-4L	P5	HCC-4L|TTCGGGACTAATCGCG-1	TTCGGGACTAATCGCG-1	0.0	1.960938235214078e-06
HCC-4L|P5|N9	HCC-4L	P5	HCC-4L|TTGCTGATCATGTTCG-1	TTGCTGATCATGTTCG-1	0.0	1.0941035540565908e-05
HCC-4L|P5|N10	HCC-4L	P5	HCC-4L|AACGATAGAAGGGCCG-1	AACGATAGAAGGGCCG-1	2.292976130035654e-05	1.151517351127285e-05
HCC-4L|P5|N10	HCC-4L	P5	HCC-4L|AGGCCCATTGTACAGG-1	AGGCCCATTGTACAGG-1	0.0	1.9108134416963783e-06
HCC-4L|P5|N10	HCC-4L	P5	HCC-4L|ATGATCGGGAATAGAC-1	ATGATCGGGAATAGAC-1	0.0	3.3741915155467878e-06
HCC-4L|P5|N10	HCC-4L	P5	HCC-4L|ATGTGCATCCGACGCA-1	ATGTGCATCCGACGCA-1	0.0	2.771557542757985e-06
HCC-4L|P5|N10	HCC-4L	P5	HCC-4L|ATTTAACTCGTATTAC-1	ATTTAACTCGTATTAC-1	0.0	1.9108134416963783e-06
HCC-4L|P5|N10	HCC-4L	P5	HCC-4L|CACAGCTAGGGAGTGA-1	CACAGCTAGGGAGTGA-1	0.0	8.523012250256283e-07
HCC-4L|P5|N10	HCC-4L	P5	HCC-4L|CATGGCAGGAAGATCG-1	CATGGCAGGAAGATCG-1	0.0	1.0075959752159602e-06
HCC-4L|P5|N10	HCC-4L	P5	HCC-4L|CCGGGACCCGCAGAGA-1	CCGGGACCCGCAGAGA-1	6.035143331349669e-07	3.6256558210196906e-06
HCC-4L|P5|N10	HCC-4L	P5	HCC-4L|CGGGATCAATGTAAGA-1	CGGGATCAATGTAAGA-1	0.0	2.771557542757985e-06
HCC-4L|P5|N10	HCC-4L	P5	HCC-4L|CTCCGGCCTAATATGC-1	CTCCGGCCTAATATGC-1	0.0	7.102510208546902e-07
HCC-4L|P5|N10	HCC-4L	P5	HCC-4L|CTGTTCACTGCCTGTG-1	CTGTTCACTGCCTGTG-1	0.0	2.771557542757985e-06
HCC-4L|P5|N10	HCC-4L	P5	HCC-4L|GATGCTACAAGCGCCT-1	GATGCTACAAGCGCCT-1	0.0	1.4633780738504097e-06
HCC-4L|P5|N10	HCC-4L	P5	HCC-4L|GGAGTGCCGCCCTGGA-1	GGAGTGCCGCCCTGGA-1	4.417160010256557e-06	2.2085800051282786e-06
HCC-4L|P5|N10	HCC-4L	P5	HCC-4L|GTACGAGATTGCGACA-1	GTACGAGATTGCGACA-1	0.0	4.17817027633521e-06
HCC-4L|P5|N10	HCC-4L	P5	HCC-4L|GTATAGGACTCAGTAG-1	GTATAGGACTCAGTAG-1	8.523012250256283e-06	4.2615061251281415e-06
HCC-4L|P5|N10	HCC-4L	P5	HCC-4L|GTGCGGGTCTCCAAAT-1	GTGCGGGTCTCCAAAT-1	0.0	7.102510208546902e-07
HCC-4L|P5|N10	HCC-4L	P5	HCC-4L|GTTCCAGTCTGACCAT-1	GTTCCAGTCTGACCAT-1	1.6957022553069947e-05	8.528804137629553e-06
HCC-4L|P5|N10	HCC-4L	P5	HCC-4L|GTTCTTCCCTCGATGT-1	GTTCTTCCCTCGATGT-1	0.0	1.961106302790959e-06
HCC-4L|P5|N10	HCC-4L	P5	HCC-4L|TATCCATATCATGCGA-1	TATCCATATCATGCGA-1	0.0	1.7811818802772088e-06
HCC-4L|P5|N10	HCC-4L	P5	HCC-4L|TATCCTGCATGGGAAT-1	TATCCTGCATGGGAAT-1	0.0	1.9108134416963783e-06
HCC-4L|P5|N10	HCC-4L	P5	HCC-4L|TATTTAGTCTAGATCG-1	TATTTAGTCTAGATCG-1	0.0	1.0075959752159602e-06
HCC-4L|P5|N10	HCC-4L	P5	HCC-4L|TGAGAATGCTTTACCG-1	TGAGAATGCTTTACCG-1	0.0	2.7887778554931685e-06
HCC-4L|P5|N10	HCC-4L	P5	HCC-4L|TGTTTCGGTACTTCTC-1	TGTTTCGGTACTTCTC-1	1.2091151702591522e-05	6.045575851295761e-06
HCC-4L|P5|N10	HCC-4L	P5	HCC-4L|TTAACCAACCCTCCCT-1	TTAACCAACCCTCCCT-1	0.0	1.3756926427373399e-06
HCC-4L|P5|N10	HCC-4L	P5	HCC-4L|TTATCTGTATCATAAC-1	TTATCTGTATCATAAC-1	0.0	3.325869051309582e-06
HCC-4L|P5|N10	HCC-4L	P5	HCC-4L|TTGCTGAAGGAACCAC-1	TTGCTGAAGGAACCAC-1	0.0	1.7178469960706505e-06
HCC-4L|P5|N10	HCC-4L	P5	HCC-4L|TTGGATTGGGTACCAC-1	TTGGATTGGGTACCAC-1	0.0	2.420681187971789e-06
HCC-4L|P5|N10	HCC-4L	P5	HCC-4L|TTGTCGTTCAGTTACC-1	TTGTCGTTCAGTTACC-1	3.325869051309582e-05	1.662934525654791e-05
HCC-4L|P5|N11	HCC-4L	P5	HCC-4L|AACGCGACCTTGGGCG-1	AACGCGACCTTGGGCG-1	0.0	3.476457355818607e-06
HCC-4L|P5|N11	HCC-4L	P5	HCC-4L|AGCCCGCAACAAGCAG-1	AGCCCGCAACAAGCAG-1	2.494780340056249e-05	1.4962215383425826e-05
HCC-4L|P5|N11	HCC-4L	P5	HCC-4L|AGGGTTCAGACGGTCC-1	AGGGTTCAGACGGTCC-1	0.0	0.000709571219529089
HCC-4L|P5|N11	HCC-4L	P5	HCC-4L|CAAGTAAGTGATAGAC-1	CAAGTAAGTGATAGAC-1	1.3090079328474187e-05	1.064141853369391e-05
HCC-4L|P5|N11	HCC-4L	P5	HCC-4L|CACTCTCAAGCATCGA-1	CACTCTCAAGCATCGA-1	0.0033984282265718912	0.0021255829806007104
HCC-4L|P5|N11	HCC-4L	P5	HCC-4L|CAGTTCGAGGACCCGA-1	CAGTTCGAGGACCCGA-1	0.0	0.0002838222737279625
HCC-4L|P5|N11	HCC-4L	P5	HCC-4L|CATACTTCTTTCTCCG-1	CATACTTCTTTCTCCG-1	1.6769684869260792e-05	1.2174587509021661e-05
HCC-4L|P5|N11	HCC-4L	P5	HCC-4L|CGTAACTTCGACACTT-1	CGTAACTTCGACACTT-1	0.0	2.017395252743275e-06
HCC-4L|P5|N11	HCC-4L	P5	HCC-4L|CGTTCAAGGAAACGGA-1	CGTTCAAGGAAACGGA-1	0.0018025169384382764	0.0011844608214334625
HCC-4L|P5|N11	HCC-4L	P5	HCC-4L|GAGCGGAATGCGGTGT-1	GAGCGGAATGCGGTGT-1	0.0	0.0005593614746592327
HCC-4L|P5|N11	HCC-4L	P5	HCC-4L|GAGGAATATCTCTTTG-1	GAGGAATATCTCTTTG-1	0.0	0.00015020974486985636
HCC-4L|P5|N11	HCC-4L	P5	HCC-4L|GATAGTGCGAGTAAGT-1	GATAGTGCGAGTAAGT-1	0.0	0.00027615912244490843
HCC-4L|P5|N11	HCC-4L	P5	HCC-4L|GCAAGTGTAAAGCATG-1	GCAAGTGTAAAGCATG-1	0.0	0.00027615912244490843
HCC-4L|P5|N11	HCC-4L	P5	HCC-4L|GCCGGTCGTATCTCTC-1	GCCGGTCGTATCTCTC-1	0.0	1.0908399440395156e-06
HCC-4L|P5|N11	HCC-4L	P5	HCC-4L|GCTCCATGCAAAGCAA-1	GCTCCATGCAAAGCAA-1	0.0	3.1698235607530564e-06
HCC-4L|P5|N11	HCC-4L	P5	HCC-4L|GGACTCGACAGCGCAT-1	GGACTCGACAGCGCAT-1	0.003313909469338901	0.0019401570868837748
HCC-4L|P5|N11	HCC-4L	P5	HCC-4L|GGGCACGTAGTACTGT-1	GGGCACGTAGTACTGT-1	0.0	0.0004334120970841806
HCC-4L|P5|N11	HCC-4L	P5	HCC-4L|GGTGCATAAATGATTA-1	GGTGCATAAATGATTA-1	0.0	0.00027615912244490843
HCC-4L|P5|N11	HCC-4L	P5	HCC-4L|GTCCAGGCACGTGTGC-1	GTCCAGGCACGTGTGC-1	0.0	0.00015020974486985636
HCC-4L|P5|N11	HCC-4L	P5	HCC-4L|GTGGGAACAAACCGGG-1	GTGGGAACAAACCGGG-1	0.0	0.00015020974486985636
HCC-4L|P5|N11	HCC-4L	P5	HCC-4L|TCGTACCGACGTCAAG-1	TCGTACCGACGTCAAG-1	0.0	2.0789836167135408e-06
HCC-4L|P5|N11	HCC-4L	P5	HCC-4L|TGAGGTGTGTGGCGGA-1	TGAGGTGTGTGGCGGA-1	0.0	1.7107614576777244e-06
HCC-4L|P5|N11	HCC-4L	P5	HCC-4L|TGATCACCACACTGAC-1	TGATCACCACACTGAC-1	7.439058163658504e-06	6.2078427649738336e-06
HCC-4L|P5|N11	HCC-4L	P5	HCC-4L|TTCACTTCCTAGAACG-1	TTCACTTCCTAGAACG-1	0.0	1.397473739105066e-06
HCC-4L|P5|N11	HCC-4L	P5	HCC-4L|TTCTATTAAACGCAGC-1	TTCTATTAAACGCAGC-1	0.0	2.0789836167135408e-06
HCC-4L|P5|N12	HCC-4L	P5	HCC-4L|AAGAGGCCCTTTGGAA-1	AAGAGGCCCTTTGGAA-1	0.0	0.0182276124742309
HCC-4L|P5|N12	HCC-4L	P5	HCC-4L|ATATACGCTCGTGACG-1	ATATACGCTCGTGACG-1	0.0	0.02085222275991218
HCC-4L|P5|N12	HCC-4L	P5	HCC-4L|ATCTCCCACGGAATAT-1	ATCTCCCACGGAATAT-1	0.0	0.03907983523414307
HCC-4L|P5|N12	HCC-4L	P5	HCC-4L|CAACCAGTGGCCTACC-1	CAACCAGTGGCCTACC-1	0.0	0.022791803267775617
HCC-4L|P5|N12	HCC-4L	P5	HCC-4L|CACAGTCCCGCTTCGC-1	CACAGTCCCGCTTCGC-1	0.19019855384311993	0.38631691111049965
HCC-4L|P5|N12	HCC-4L	P5	HCC-4L|CTGCAAGCACGTTCCG-1	CTGCAAGCACGTTCCG-1	3.0023786213631984	1.595840739340635
HCC-4L|P5|N12	HCC-4L	P5	HCC-4L|CTGGTAAAGTGTGGGC-1	CTGGTAAAGTGTGGGC-1	0.0	0.038641682754702276
HCC-4L|P5|N12	HCC-4L	P5	HCC-4L|GGAACTTTGGCGATTA-1	GGAACTTTGGCGATTA-1	0.21873134969077077	0.3962659955391574
HCC-4L|P5|N12	HCC-4L	P5	HCC-4L|GGAGGGTCAAGTAAGA-1	GGAGGGTCAAGTAAGA-1	0.0	0.039721713937966106
HCC-4L|P5|N12	HCC-4L	P5	HCC-4L|GGCCTGCTTCTCCCGA-1	GGCCTGCTTCTCCCGA-1	0.0	0.01584987948692666
HCC-4L|P5|N12	HCC-4L	P5	HCC-4L|GGGTCTATCGCTTTCC-1	GGGTCTATCGCTTTCC-1	0.0	0.01692991067019049
HCC-4L|P5|N12	HCC-4L	P5	HCC-4L|GTTTCAAACGAGTTGT-1	GTTTCAAACGAGTTGT-1	0.25022667311894614	0.3935391674806371
HCC-4L|P5|N12	HCC-4L	P5	HCC-4L|TACGCTCGGTATTGGA-1	TACGCTCGGTATTGGA-1	0.2735016392133074	0.41972882821070406
HCC-4L|P5|N12	HCC-4L	P5	HCC-4L|TACTCTTACTTTACTG-1	TACTCTTACTTTACTG-1	0.0	0.03407749196115756
HCC-4L|P5|N12	HCC-4L	P5	HCC-4L|TCGCATAAAGGGCGCA-1	TCGCATAAAGGGCGCA-1	0.0	0.01692991067019049
HCC-4L|P5|N12	HCC-4L	P5	HCC-4L|TGTAGCCATCCCATTC-1	TGTAGCCATCCCATTC-1	0.20315892804228589	0.37456948573585175
HCC-4L|P5|N12	HCC-4L	P5	HCC-4L|TTACACGATCTGCGAC-1	TTACACGATCTGCGAC-1	0.0	0.28798035187703586
HCC-4L|P5|N12	HCC-4L	P5	HCC-4L|TTCCATCGACAGCGTG-1	TTCCATCGACAGCGTG-1	0.0	0.02085222275991218
HCC-4L|P5|N14	HCC-4L	P5	HCC-4L|ACAAGGGCAGGCTCTG-1	ACAAGGGCAGGCTCTG-1	0.0	5.715538774188284e-06
HCC-4L|P5|N14	HCC-4L	P5	HCC-4L|ACGCCGCTAGACGACC-1	ACGCCGCTAGACGACC-1	0.0	6.889669156896004e-07
HCC-4L|P5|N14	HCC-4L	P5	HCC-4L|ACTTGACTCCCTCTTT-1	ACTTGACTCCCTCTTT-1	0.0	5.50359022957187e-06
HCC-4L|P5|N14	HCC-4L	P5	HCC-4L|CATGGTAAGTAGCGTT-1	CATGGTAAGTAGCGTT-1	0.0	5.715538774188284e-06
HCC-4L|P5|N14	HCC-4L	P5	HCC-4L|CGCCTCCCTCCTCTAT-1	CGCCTCCCTCCTCTAT-1	8.267602988275204e-06	9.849340268325886e-06
HCC-4L|P5|N14	HCC-4L	P5	HCC-4L|CGTGCAGACTGGGACA-1	CGTGCAGACTGGGACA-1	0.0	9.885420322094871e-06
HCC-4L|P5|N14	HCC-4L	P5	HCC-4L|CGTTGAGCGACCGTCG-1	CGTTGAGCGACCGTCG-1	6.858646529025942e-05	3.498219956081931e-05
HCC-4L|P5|N14	HCC-4L	P5	HCC-4L|CTAAGGGAATGATTGG-1	CTAAGGGAATGATTGG-1	0.0	6.404505689877885e-06
HCC-4L|P5|N14	HCC-4L	P5	HCC-4L|CTAGATTTACGACGGC-1	CTAGATTTACGACGGC-1	0.0	5.50359022957187e-06
HCC-4L|P5|N14	HCC-4L	P5	HCC-4L|GATCCGGGAATTAACA-1	GATCCGGGAATTAACA-1	0.0	5.070797008212602e-06
HCC-4L|P5|N14	HCC-4L	P5	HCC-4L|GATGCTGTATTTCATC-1	GATGCTGTATTTCATC-1	0.0	6.404505689877885e-06
HCC-4L|P5|N14	HCC-4L	P5	HCC-4L|GATTCGACGGTTCACG-1	GATTCGACGGTTCACG-1	0.0	9.885420322094871e-06
HCC-4L|P5|N14	HCC-4L	P5	HCC-4L|GCTGCACGGTTTCTTA-1	GCTGCACGGTTTCTTA-1	5.777547976658724e-05	3.395853689150622e-05
HCC-4L|P5|N14	HCC-4L	P5	HCC-4L|GTGTTACTATGCGTCC-1	GTGTTACTATGCGTCC-1	0.0	4.81462331388227e-06
HCC-4L|P5|N14	HCC-4L	P5	HCC-4L|GTTTCTGCAGTCTCCC-1	GTTTCTGCAGTCTCCC-1	6.084956409855122e-05	3.523940536315788e-05
HCC-4L|P5|N14	HCC-4L	P5	HCC-4L|TCCAGAGCACCGGTTC-1	TCCAGAGCACCGGTTC-1	0.0	5.070797008212602e-06
HCC-4L|P5|N14	HCC-4L	P5	HCC-4L|TCTTCGAATAGACGTT-1	TCTTCGAATAGACGTT-1	0.0	5.070797008212602e-06
HCC-4L|P5|N14	HCC-4L	P5	HCC-4L|TGCCCGTACCGTTAAA-1	TGCCCGTACCGTTAAA-1	0.0	5.715538774188284e-06
HCC-4L|P5|N19	HCC-4L	P5	HCC-4L|ACGAAATGGGCGGCAC-1	ACGAAATGGGCGGCAC-1	2.4554577476093717	1.656169654864411
HCC-4L|P5|N19	HCC-4L	P5	HCC-4L|CCATGGCCCTTGTACC-1	CCATGGCCCTTGTACC-1	2.809481362422195	2.0098163479705695
HCC-4L|P5|N19	HCC-4L	P5	HCC-4L|CCGACAAAGGGAGTGC-1	CCGACAAAGGGAGTGC-1	0.0	0.4402603004693322
HCC-4L|P5|N19	HCC-4L	P5	HCC-4L|CCGCGGGTACGAAGAA-1	CCGCGGGTACGAAGAA-1	0.0	0.20462147896744765
HCC-4L|P5|N19	HCC-4L	P5	HCC-4L|CCGCGTAGGTAAGGGC-1	CCGCGTAGGTAAGGGC-1	0.0	0.19431733419120875
HCC-4L|P5|N19	HCC-4L	P5	HCC-4L|CTACTCTAGGCCCGGC-1	CTACTCTAGGCCCGGC-1	0.0	0.39893881315865637
HCC-4L|P5|N19	HCC-4L	P5	HCC-4L|CTGCGGGTGAAATGTT-1	CTGCGGGTGAAATGTT-1	2.331808010294505	1.6046489309832164
HCC-4L|P5|N19	HCC-4L	P5	HCC-4L|CTTTGGCGCTTTATAC-1	CTTTGGCGCTTTATAC-1	0.0	0.20613685360081593
HCC-4L|P5|N19	HCC-4L	P5	HCC-4L|GAAATATCACCATCAG-1	GAAATATCACCATCAG-1	0.0	0.43874492583596386
HCC-4L|P5|N19	HCC-4L	P5	HCC-4L|GTGAGCGTGCTGCACT-1	GTGAGCGTGCTGCACT-1	0.0	0.20462147896744765
HCC-4L|P5|N19	HCC-4L	P5	HCC-4L|TAGATTCCTGGTTATT-1	TAGATTCCTGGTTATT-1	2.4736422432097913	1.470944568473412
HCC-4L|P5|N19	HCC-4L	P5	HCC-4L|TATCTACAGAGGTAAT-1	TATCTACAGAGGTAAT-1	0.0	0.19431733419120875
HCC-4L|P5|N19	HCC-4L	P5	HCC-4L|TCAACTAACGTATAAC-1	TCAACTAACGTATAAC-1	0.0	0.20613685360081593
HCC-4L|P5|N19	HCC-4L	P5	HCC-4L|TCCGAACTTGGCTTAC-1	TCCGAACTTGGCTTAC-1	0.0	0.20613685360081593
HCC-4L|P5|N19	HCC-4L	P5	HCC-4L|TGTGTTCGTATCCAAG-1	TGTGTTCGTATCCAAG-1	0.0	0.6345776346605408
HCC-4L|P5|N21	HCC-4L	P5	HCC-4L|ACTCCCGAATTCGTTT-1	ACTCCCGAATTCGTTT-1	0.0	0.07970799427075326
HCC-4L|P5|N21	HCC-4L	P5	HCC-4L|AGAATTATGGATTCGA-1	AGAATTATGGATTCGA-1	0.0	0.07761834272354354
HCC-4L|P5|N21	HCC-4L	P5	HCC-4L|AGATGATGGAGTCTGG-1	AGATGATGGAGTCTGG-1	0.005661057216684083	0.0028305286083420414
HCC-4L|P5|N21	HCC-4L	P5	HCC-4L|ATTGATGAGTCCTAAC-1	ATTGATGAGTCCTAAC-1	0.9314201126825224	0.7162942486802581
HCC-4L|P5|N21	HCC-4L	P5	HCC-4L|ATTGTACAACTCGGCT-1	ATTGTACAACTCGGCT-1	0.0	0.07525482591021083
HCC-4L|P5|N21	HCC-4L	P5	HCC-4L|CACCCAAATCTTATGT-1	CACCCAAATCTTATGT-1	0.0	0.0004717547680570069
HCC-4L|P5|N21	HCC-4L	P5	HCC-4L|CCACGGTGCCCGGTAG-1	CCACGGTGCCCGGTAG-1	0.0	0.0004717547680570069
HCC-4L|P5|N21	HCC-4L	P5	HCC-4L|CTAGATGTGAGTGTAA-1	CTAGATGTGAGTGTAA-1	0.9564959312490391	0.8040869838737272
HCC-4L|P5|N21	HCC-4L	P5	HCC-4L|CTTAGTAGGCCTACAG-1	CTTAGTAGGCCTACAG-1	0.0	0.3302921866097502
HCC-4L|P5|N21	HCC-4L	P5	HCC-4L|GATATTGAGATTGGCG-1	GATATTGAGATTGGCG-1	0.0	0.40345736097275126
HCC-4L|P5|N21	HCC-4L	P5	HCC-4L|GCGAGAGTTGCGTCCA-1	GCGAGAGTTGCGTCCA-1	0.0	0.0004717547680570069
HCC-4L|P5|N21	HCC-4L	P5	HCC-4L|GCGTAAATGGCCATAA-1	GCGTAAATGGCCATAA-1	0.9030579109225301	0.7818211420710153
HCC-4L|P5|N21	HCC-4L	P5	HCC-4L|GTTCATCGTTTGGCTG-1	GTTCATCGTTTGGCTG-1	0.0	0.08017974903881027
HCC-4L|P5|N21	HCC-4L	P5	HCC-4L|TAACCTACCGTCCGAG-1	TAACCTACCGTCCGAG-1	3.007010308067963	1.736086316938489
HCC-4L|P5|N21	HCC-4L	P5	HCC-4L|TACCGCGGACTTGCAG-1	TACCGCGGACTTGCAG-1	0.0	0.07761834272354354
HCC-4L|P5|N21	HCC-4L	P5	HCC-4L|TACGCTATAGAAACCT-1	TACGCTATAGAAACCT-1	0.0	0.1554345749490211
HCC-4L|P5|N21	HCC-4L	P5	HCC-4L|TAGGTCGCCGGAACTG-1	TAGGTCGCCGGAACTG-1	0.0	0.32820253506254043
HCC-4L|P5|N21	HCC-4L	P5	HCC-4L|TCAAGAAATACTAGCT-1	TCAAGAAATACTAGCT-1	0.0	0.0004717547680570069
HCC-4L|P5|N21	HCC-4L	P5	HCC-4L|TCTTTAAGACTATGAA-1	TCTTTAAGACTATGAA-1	0.0	0.07761834272354354
HCC-4L|P5|N21	HCC-4L	P5	HCC-4L|TGACATCGAGCGGACC-1	TGACATCGAGCGGACC-1	0.0	0.07525482591021083
HCC-4L|P5|N22	HCC-4L	P5	HCC-4L|AGCTCTTCCCAGTGCA-1	AGCTCTTCCCAGTGCA-1	0.0	0.010623605781184492
HCC-4L|P5|N22	HCC-4L	P5	HCC-4L|ATATCTCCCTCGTTAA-1	ATATCTCCCTCGTTAA-1	0.0	0.02770019824801041
HCC-4L|P5|N22	HCC-4L	P5	HCC-4L|CACATTCTTTCGATGG-1	CACATTCTTTCGATGG-1	0.0	0.017932328043246116
HCC-4L|P5|N22	HCC-4L	P5	HCC-4L|CACCCACGAGGCAATT-1	CACCCACGAGGCAATT-1	0.0	0.017076592466825916
HCC-4L|P5|N22	HCC-4L	P5	HCC-4L|CCAATTACGGGTCGAG-1	CCAATTACGGGTCGAG-1	0.0	0.01598924040888343
HCC-4L|P5|N22	HCC-4L	P5	HCC-4L|CCGTTACGTTAGAACA-1	CCGTTACGTTAGAACA-1	0.20491910960191098	0.36671116880107407
HCC-4L|P5|N22	HCC-4L	P5	HCC-4L|CCTAACTAAGGCTCTA-1	CCTAACTAAGGCTCTA-1	0.0	0.017531668599523455
HCC-4L|P5|N22	HCC-4L	P5	HCC-4L|CGGTAGAGGTGCAGGT-1	CGGTAGAGGTGCAGGT-1	0.0	0.00885115045270165
HCC-4L|P5|N22	HCC-4L	P5	HCC-4L|CGTTTCACTTCGGGCG-1	CGTTTCACTTCGGGCG-1	0.0	0.007308722262061627
HCC-4L|P5|N22	HCC-4L	P5	HCC-4L|GATATGCGGTAGCCAA-1	GATATGCGGTAGCCAA-1	0.08770466714473953	0.30710865121949404
HCC-4L|P5|N22	HCC-4L	P5	HCC-4L|GCCAGGAGTAACCGAT-1	GCCAGGAGTAACCGAT-1	0.11610977399779374	0.32793482363754245
HCC-4L|P5|N22	HCC-4L	P5	HCC-4L|GCCATATTGCACACAG-1	GCCATATTGCACACAG-1	0.0	0.018526964952517797
HCC-4L|P5|N22	HCC-4L	P5	HCC-4L|GCGGTGAACTGCGCTC-1	GCGGTGAACTGCGCTC-1	0.0	0.008680518146821801
HCC-4L|P5|N22	HCC-4L	P5	HCC-4L|GGAAAGTGCCCATGCC-1	GGAAAGTGCCCATGCC-1	2.927426324629416	1.5259295659241197
HCC-4L|P5|N22	HCC-4L	P5	HCC-4L|TATCGATCTATGCATA-1	TATCGATCTATGCATA-1	0.0	0.009675814499816145
HCC-4L|P5|N22	HCC-4L	P5	HCC-4L|TATGTCAAGACCGACT-1	TATGTCAAGACCGACT-1	0.10416621776186162	0.31219517531481206
HCC-4L|P5|N22	HCC-4L	P5	HCC-4L|TCGCTAAACCGCTATC-1	TCGCTAAACCGCTATC-1	0.1274832693742139	0.33207914313511244
HCC-4L|P5|N22	HCC-4L	P5	HCC-4L|TCTTACCGGAACTCGT-1	TCTTACCGGAACTCGT-1	0.10621380543241982	0.31541542908196585
HCC-4L|P5|N22	HCC-4L	P5	HCC-4L|TGCCATTACTAAAGAA-1	TGCCATTACTAAAGAA-1	0.0	0.02675240696664206
HCC-4L|P5|N23	HCC-4L	P5	HCC-4L|AGTTAAGCGGTCCCGG-1	AGTTAAGCGGTCCCGG-1	0.2422601354444757	0.3773110290983952
HCC-4L|P5|N23	HCC-4L	P5	HCC-4L|ATTTCATTATTTCGCG-1	ATTTCATTATTTCGCG-1	0.0	0.29307782760989354
HCC-4L|P5|N23	HCC-4L	P5	HCC-4L|CAACTATATCGAATGC-1	CAACTATATCGAATGC-1	3.0741715365138886	1.5941709791110534
HCC-4L|P5|N23	HCC-4L	P5	HCC-4L|CATAGTACATTGAGAG-1	CATAGTACATTGAGAG-1	0.24676808136921663	0.3795650020607657
HCC-4L|P5|N23	HCC-4L	P5	HCC-4L|CCATAAACAACCCGAC-1	CCATAAACAACCCGAC-1	0.0	0.020564006780768054
HCC-4L|P5|N23	HCC-4L	P5	HCC-4L|CCTAAAGGCTGACGCT-1	CCTAAAGGCTGACGCT-1	0.0	0.01633285945296809
HCC-4L|P5|N23	HCC-4L	P5	HCC-4L|CCTCTGGCCTAGACGG-1	CCTCTGGCCTAGACGG-1	0.0	0.020564006780768054
HCC-4L|P5|N23	HCC-4L	P5	HCC-4L|CTAGTATTCGGAATTA-1	CTAGTATTCGGAATTA-1	0.19599431343561705	0.3541781180939659
HCC-4L|P5|N23	HCC-4L	P5	HCC-4L|CTGGCGACATAAGTCC-1	CTGGCGACATAAGTCC-1	0.0	0.020188344620372976
HCC-4L|P5|N23	HCC-4L	P5	HCC-4L|GACCGTCAGGTCGTGA-1	GACCGTCAGGTCGTGA-1	0.0	0.01633285945296809
HCC-4L|P5|N23	HCC-4L	P5	HCC-4L|GATTCCGCGTTTCCGT-1	GATTCCGCGTTTCCGT-1	0.0	0.020564006780768054
HCC-4L|P5|N23	HCC-4L	P5	HCC-4L|GTAGGTGATCCGTGTA-1	GTAGGTGATCCGTGTA-1	0.0	0.020188344620372976
HCC-4L|P5|N23	HCC-4L	P5	HCC-4L|GTGGAACCTACATGCG-1	GTGGAACCTACATGCG-1	0.0	0.29270216544949845
HCC-4L|P5|N23	HCC-4L	P5	HCC-4L|TATTTATACCGAGTAG-1	TATTTATACCGAGTAG-1	0.0	0.2969333127772984
HCC-4L|P5|N23	HCC-4L	P5	HCC-4L|TGGGTAAGGTTCCCGC-1	TGGGTAAGGTTCCCGC-1	0.0	0.01633285945296809
HCC-4L|P5|N23	HCC-4L	P5	HCC-4L|TTGGCCTAGAATTTCG-1	TTGGCCTAGAATTTCG-1	0.0	0.020188344620372976
HCC-4L|P5|N26	HCC-4L	P5	HCC-4L|CCTCACCTTAGCATCG-1	CCTCACCTTAGCATCG-1	0.0	0.00023965616627675464
HCC-4L|P5|N26	HCC-4L	P5	HCC-4L|CTAACGAAACTTGCTG-1	CTAACGAAACTTGCTG-1	0.0	0.00013467222746245695
HCC-4L|P5|N26	HCC-4L	P5	HCC-4L|CTACTATCTTTCAGAG-1	CTACTATCTTTCAGAG-1	0.0	0.00013467222746245695
HCC-4L|P5|N26	HCC-4L	P5	HCC-4L|CTGGTAACGAGCTCTT-1	CTGGTAACGAGCTCTT-1	0.0	0.0003743283937392116
HCC-4L|P5|N26	HCC-4L	P5	HCC-4L|GACTCGCGGGAATGAC-1	GACTCGCGGGAATGAC-1	0.0028758739953210558	0.001572609225122985
HCC-4L|P5|N26	HCC-4L	P5	HCC-4L|GATCCTAAATCGGGAC-1	GATCCTAAATCGGGAC-1	0.0	0.00023965616627675464
HCC-4L|P5|N26	HCC-4L	P5	HCC-4L|GCGCATCCAGTCAGCA-1	GCGCATCCAGTCAGCA-1	0.0016160667295494833	0.0010476895310514963
HCC-4L|P5|N26	HCC-4L	P5	HCC-4L|GCGCTGCTTTGCATTT-1	GCGCTGCTTTGCATTT-1	0.0	0.0003743283937392116
HCC-4L|P5|N26	HCC-4L	P5	HCC-4L|TACTTTACTGAGCCGG-1	TACTTTACTGAGCCGG-1	0.0	0.00013467222746245695
HCC-4L|P5|N26	HCC-4L	P5	HCC-4L|TCCGGCCTAGCGTACA-1	TCCGGCCTAGCGTACA-1	0.0	0.00023965616627675464
HCC-4L|P6|N5	HCC-4L	P6	HCC-4L|ACTATCGCCGGCTAAA-1	ACTATCGCCGGCTAAA-1	0.0	5.8148485373907155e-08
HCC-4L|P6|N5	HCC-4L	P6	HCC-4L|AGGACTTATAGGAGAA-1	AGGACTTATAGGAGAA-1	0.0	8.990647456069392e-09
HCC-4L|P6|N5	HCC-4L	P6	HCC-4L|CACGTCGGGTTCTAGA-1	CACGTCGGGTTCTAGA-1	0.0	1.2949710112013104e-07
HCC-4L|P6|N5	HCC-4L	P6	HCC-4L|CAGTAGATGATGTCCG-1	CAGTAGATGATGTCCG-1	0.0	5.681149440274707e-08
HCC-4L|P6|N5	HCC-4L	P6	HCC-4L|GAAGCTCTTTGCTTAG-1	GAAGCTCTTTGCTTAG-1	0.0	8.990647456069392e-09
HCC-4L|P6|N5	HCC-4L	P6	HCC-4L|GGAGTACACATGAGCT-1	GGAGTACACATGAGCT-1	1.078877694728327e-07	9.341030842526959e-08
HCC-4L|P6|N5	HCC-4L	P6	HCC-4L|GTGTGTCGACGTCGCT-1	GTGTGTCGACGTCGCT-1	0.0	4.6864977057900776e-08
HCC-4L|P6|N5	HCC-4L	P6	HCC-4L|TACATCTTGTTTCTTG-1	TACATCTTGTTTCTTG-1	0.0	3.787432960183138e-08
HCC-4L|P6|N5	HCC-4L	P6	HCC-4L|TCGCACTAACGTTTGT-1	TCGCACTAACGTTTGT-1	4.735970842662389e-07	2.5477983704525824e-07
HCC-4L|P6|N5	HCC-4L	P6	HCC-4L|TCTTAACTCGGATGTA-1	TCTTAACTCGGATGTA-1	4.5449195522197656e-07	2.2724597761098828e-07
HCC-4L|P6|N5	HCC-4L	P6	HCC-4L|TTCATAGGGTGTCCAT-1	TTCATAGGGTGTCCAT-1	0.0	3.787432960183138e-08
HCC-4L|P6|N7	HCC-4L	P6	HCC-4L|AGCCCGCAACAAGCAG-1	AGCCCGCAACAAGCAG-1	0.0	1.245627547345497e-07
HCC-4L|P6|N7	HCC-4L	P6	HCC-4L|ATTGTCTGTTTCATGT-1	ATTGTCTGTTTCATGT-1	0.0	1.6260937589910632e-08
HCC-4L|P6|N7	HCC-4L	P6	HCC-4L|CAAGTAAGTGATAGAC-1	CAAGTAAGTGATAGAC-1	1.4947530568145965e-06	7.636374659972089e-07
HCC-4L|P6|N7	HCC-4L	P6	HCC-4L|CATACTTCTTTCTCCG-1	CATACTTCTTTCTCCG-1	0.0	1.245627547345497e-07
HCC-4L|P6|N7	HCC-4L	P6	HCC-4L|CCTGTTCAACCTCGGG-1	CCTGTTCAACCTCGGG-1	0.0	1.6260937589910632e-08
HCC-4L|P6|N7	HCC-4L	P6	HCC-4L|GCCGGTCGTATCTCTC-1	GCCGGTCGTATCTCTC-1	0.0	1.4082369232446035e-07
HCC-4L|P6|N7	HCC-4L	P6	HCC-4L|GCTCCATGCAAAGCAA-1	GCTCCATGCAAAGCAA-1	0.0	1.245627547345497e-07
HCC-4L|P6|N7	HCC-4L	P6	HCC-4L|GGTGTAGGTAAGTAAA-1	GGTGTAGGTAAGTAAA-1	0.0	1.6260937589910632e-08
HCC-4L|P6|N7	HCC-4L	P6	HCC-4L|TGAGGTGTGTGGCGGA-1	TGAGGTGTGTGGCGGA-1	1.9513125107892757e-07	2.221283802740135e-07
HCC-4L|P6|N7	HCC-4L	P6	HCC-4L|TGATCACCACACTGAC-1	TGATCACCACACTGAC-1	0.0	1.4082369232446035e-07
HCC-4L|P6|N9	HCC-4L	P6	HCC-4L|AGTAGAAGGCGCCTCA-1	AGTAGAAGGCGCCTCA-1	0.0	2.474184436395631e-07
HCC-4L|P6|N9	HCC-4L	P6	HCC-4L|ATCAAGATCCCAGGAC-1	ATCAAGATCCCAGGAC-1	0.0	1.1630905260898835e-08
HCC-4L|P6|N9	HCC-4L	P6	HCC-4L|ATCCCATTTCCGTGGG-1	ATCCCATTTCCGTGGG-1	0.0	1.1630905260898835e-08
HCC-4L|P6|N9	HCC-4L	P6	HCC-4L|CTGCGATTTCGAGATT-1	CTGCGATTTCGAGATT-1	0.0	2.5904934890046193e-07
HCC-4L|P6|N9	HCC-4L	P6	HCC-4L|GATGCTACCTTCGATG-1	GATGCTACCTTCGATG-1	0.0	1.1630905260898835e-08
HCC-4L|P6|N9	HCC-4L	P6	HCC-4L|GTCTCCGCCTCAATAC-1	GTCTCCGCCTCAATAC-1	2.9690213236747573e-06	1.4961415670982775e-06
HCC-4L|P6|N9	HCC-4L	P6	HCC-4L|GTTCAGTCGCCAAATG-1	GTTCAGTCGCCAAATG-1	0.0	2.5904934890046193e-07
HCC-4L|P6|N9	HCC-4L	P6	HCC-4L|GTTGTAGATTTATGAG-1	GTTGTAGATTTATGAG-1	0.0	2.474184436395631e-07
HCC-4L|P6|N9	HCC-4L	P6	HCC-4L|TAGGTTCTGCTGAGAA-1	TAGGTTCTGCTGAGAA-1	0.0	2.474184436395631e-07
HCC-4L|P6|N9	HCC-4L	P6	HCC-4L|TGCAAAGTTCGTCTGT-1	TGCAAAGTTCGTCTGT-1	1.3957086313078602e-07	3.172038752049561e-07
HCC-4L|P6|N11	HCC-4L	P6	HCC-4L|CGCTATTCTTAGGCTC-1	CGCTATTCTTAGGCTC-1	0.0	1.27658754335114e-07
HCC-4L|P6|N11	HCC-4L	P6	HCC-4L|CGGCCACGCACAAAGT-1	CGGCCACGCACAAAGT-1	0.0	4.163985894991382e-08
HCC-4L|P6|N11	HCC-4L	P6	HCC-4L|CTACGCACGGAGTACC-1	CTACGCACGGAGTACC-1	0.0	4.163985894991382e-08
HCC-4L|P6|N11	HCC-4L	P6	HCC-4L|CTTCATTGTCAGTGGA-1	CTTCATTGTCAGTGGA-1	0.0	1.6929861328502782e-07
HCC-4L|P6|N11	HCC-4L	P6	HCC-4L|GATGCGTCCTGCATTC-1	GATGCGTCCTGCATTC-1	0.0	1.6929861328502782e-07
HCC-4L|P6|N11	HCC-4L	P6	HCC-4L|GCAGATTAGGGATATC-1	GCAGATTAGGGATATC-1	0.0	1.27658754335114e-07
HCC-4L|P6|N11	HCC-4L	P6	HCC-4L|GCATAGAGCACTCAGG-1	GCATAGAGCACTCAGG-1	1.531905052021368e-06	8.075923849605977e-07
HCC-4L|P6|N11	HCC-4L	P6	HCC-4L|TATGGGACCGAGCAGG-1	TATGGGACCGAGCAGG-1	0.0	4.163985894991382e-08
HCC-4L|P6|N11	HCC-4L	P6	HCC-4L|TATGGTCTGAGTAACA-1	TATGGTCTGAGTAACA-1	4.996783073989659e-07	3.77497908034597e-07
HCC-4L|P6|N11	HCC-4L	P6	HCC-4L|TGTACGAACAAATCCG-1	TGTACGAACAAATCCG-1	0.0	1.27658754335114e-07
cHC-1L|P1|N5	cHC-1L	P1	cHC-1L|AAAGTAGCATTGCTCA-1	AAAGTAGCATTGCTCA-1	0.0	0.7628681972402745
cHC-1L|P1|N5	cHC-1L	P1	cHC-1L|ACCTAAGTACCTTTCA-1	ACCTAAGTACCTTTCA-1	0.0	1.097518741177432
cHC-1L|P1|N5	cHC-1L	P1	cHC-1L|AGACGACGATGCCGCT-1	AGACGACGATGCCGCT-1	3.5104414097245535	2.047643357893756
cHC-1L|P1|N5	cHC-1L	P1	cHC-1L|AGTCGTGGGCATTACG-1	AGTCGTGGGCATTACG-1	3.4599377661895723	2.6956519171424045
cHC-1L|P1|N5	cHC-1L	P1	cHC-1L|AGTTTGGCCAGACCTA-1	AGTTTGGCCAGACCTA-1	2.032188045607652	1.4666440135646126
cHC-1L|P1|N5	cHC-1L	P1	cHC-1L|ATCAAACGAAGGTTTG-1	ATCAAACGAAGGTTTG-1	2.429633351043186	1.6361861963786197
cHC-1L|P1|N5	cHC-1L	P1	cHC-1L|ATGACGCGTTCTATCC-1	ATGACGCGTTCTATCC-1	3.067071318444576	2.2436253787909934
cHC-1L|P1|N5	cHC-1L	P1	cHC-1L|ATTTGCGCGAGTAGCT-1	ATTTGCGCGAGTAGCT-1	0.0	0.8405487137122399
cHC-1L|P1|N5	cHC-1L	P1	cHC-1L|CATAGTCCACAAGAAC-1	CATAGTCCACAAGAAC-1	1.5547663608495645	1.3449920271785387
cHC-1L|P1|N5	cHC-1L	P1	cHC-1L|CTGGGCCTGCTATATC-1	CTGGGCCTGCTATATC-1	1.6764823112181915	1.1869156684169422
cHC-1L|P1|N5	cHC-1L	P1	cHC-1L|CTTCTATGTTGAAGTA-1	CTTCTATGTTGAAGTA-1	1.725546400537204	1.03363762868743
cHC-1L|P1|N5	cHC-1L	P1	cHC-1L|GAGAGGTGCATTCTGG-1	GAGAGGTGCATTCTGG-1	1.2683259988773612	0.7750427363144441
cHC-1L|P1|N5	cHC-1L	P1	cHC-1L|GATCCTCGACACTGGC-1	GATCCTCGACACTGGC-1	3.423656417014536	2.1498513618802937
cHC-1L|P1|N5	cHC-1L	P1	cHC-1L|GTAGAGGGAGACAAGT-1	GTAGAGGGAGACAAGT-1	2.826644489433122	2.2425443698539516
cHC-1L|P1|N5	cHC-1L	P1	cHC-1L|GTGGACCAACCCGATT-1	GTGGACCAACCCGATT-1	0.0	0.6896245177090213
cHC-1L|P1|N5	cHC-1L	P1	cHC-1L|TAAGTCGCCGAGTATC-1	TAAGTCGCCGAGTATC-1	3.50907183637775	2.047072702332588
cHC-1L|P1|N5	cHC-1L	P1	cHC-1L|TATTCCTCCGCCCACT-1	TATTCCTCCGCCCACT-1	1.6327778332697835	1.1882073663557948
cHC-1L|P1|N5	cHC-1L	P1	cHC-1L|TCACGATGTCCGTGGA-1	TCACGATGTCCGTGGA-1	2.234494379201769	1.6611646133203968
cHC-1L|P1|N5	cHC-1L	P1	cHC-1L|TCTAGCAATCTCCGCC-1	TCTAGCAATCTCCGCC-1	2.050373141025935	1.6115157139986458
cHC-1L|P1|N5	cHC-1L	P1	cHC-1L|TTCTTGGACGATCTGC-1	TTCTTGGACGATCTGC-1	0.0	0.7836797681335209
cHC-1L|P1|N5	cHC-1L	P1	cHC-1L|TTGACATGAACGTGGA-1	TTGACATGAACGTGGA-1	1.3610017939672303	0.9497716196559282
cHC-1L|P1|N5	cHC-1L	P1	cHC-1L|TTGTAAGGACCTAAGT-1	TTGTAAGGACCTAAGT-1	1.7234489148337204	1.331501753040456
cHC-1L|P1|N5	cHC-1L	P1	cHC-1L|TTGTGGTAGGAGGGAT-1	TTGTGGTAGGAGGGAT-1	3.4599862214919535	2.018321257928441
cHC-1L|P1|N12	cHC-1L	P1	cHC-1L|AACATTGTGACTCGAG-1	AACATTGTGACTCGAG-1	2.7741064114242344	1.9859868490340957
cHC-1L|P1|N12	cHC-1L	P1	cHC-1L|AGCCCGGTAGCCTGTA-1	AGCCCGGTAGCCTGTA-1	1.821050491209361	1.2469247745710974
cHC-1L|P1|N12	cHC-1L	P1	cHC-1L|CACTGACGATTGTGGA-1	CACTGACGATTGTGGA-1	2.128912195587055	1.4897202303081882
cHC-1L|P1|N12	cHC-1L	P1	cHC-1L|CCTATATTTGTCCTGG-1	CCTATATTTGTCCTGG-1	2.314553123105135	1.5781980038687629
cHC-1L|P1|N12	cHC-1L	P1	cHC-1L|CGCCCAGCACGCCTAG-1	CGCCCAGCACGCCTAG-1	1.5198804522830751	0.902854008252175
cHC-1L|P1|N12	cHC-1L	P1	cHC-1L|CGGTCCGTCGCAAGCC-1	CGGTCCGTCGCAAGCC-1	2.729228345524993	1.982757732202585
cHC-1L|P1|N12	cHC-1L	P1	cHC-1L|CTCCTCCAGCTCACAC-1	CTCCTCCAGCTCACAC-1	0.0	0.7655550768424034
cHC-1L|P1|N12	cHC-1L	P1	cHC-1L|GACGGGTTGGCCCGTA-1	GACGGGTTGGCCCGTA-1	2.321828962269352	1.6484618977715215
cHC-1L|P1|N12	cHC-1L	P1	cHC-1L|TACCTCAGTTGTCTGT-1	TACCTCAGTTGTCTGT-1	1.7149653853276494	1.3293793514773071
cHC-1L|P1|N12	cHC-1L	P1	cHC-1L|TCCAATAAAGGCTACC-1	TCCAATAAAGGCTACC-1	0.0	0.6514906566711969
cHC-1L|P1|N12	cHC-1L	P1	cHC-1L|TGATTCCCGGTTACCT-1	TGATTCCCGGTTACCT-1	2.3290631787516936	1.8005521687538704
cHC-1L|P1|N14	cHC-1L	P1	cHC-1L|AACCCATCCCATGATC-1	AACCCATCCCATGATC-1	0.0	0.8353359988110801
cHC-1L|P1|N14	cHC-1L	P1	cHC-1L|AGATTCACAACCGATA-1	AGATTCACAACCGATA-1	2.2465790198904476	2.2817557805132864
cHC-1L|P1|N14	cHC-1L	P1	cHC-1L|CCGCCGGAACTTCTCG-1	CCGCCGGAACTTCTCG-1	4.226316927178413	3.0312782256989137
cHC-1L|P1|N14	cHC-1L	P1	cHC-1L|CTGGGTTGAGTTAAAG-1	CTGGGTTGAGTTAAAG-1	2.2946094266313604	1.6867127089047518
cHC-1L|P1|N14	cHC-1L	P1	cHC-1L|GCAGGAACTTAGATCT-1	GCAGGAACTTAGATCT-1	4.138881251646721	2.526804514260919
cHC-1L|P1|N14	cHC-1L	P1	cHC-1L|GCCATTAGCCTCAAAC-1	GCCATTAGCCTCAAAC-1	3.234461057434421	2.524865453610305
cHC-1L|P1|N14	cHC-1L	P1	cHC-1L|GCCCTAGCCGTCGCGA-1	GCCCTAGCCGTCGCGA-1	0.0	0.9152283225278275
cHC-1L|P1|N14	cHC-1L	P1	cHC-1L|GGGTATTCTAGCAAAC-1	GGGTATTCTAGCAAAC-1	3.4235145301784677	2.5319493564987963
cHC-1L|P1|N14	cHC-1L	P1	cHC-1L|GTCAAAGAAGTGGTGT-1	GTCAAAGAAGTGGTGT-1	0.0	0.6338382209882859
cHC-1L|P1|N14	cHC-1L	P1	cHC-1L|GTTAGGCTACCCGTTT-1	GTTAGGCTACCCGTTT-1	3.241787641360256	3.060039886207501
cHC-1L|P1|N14	cHC-1L	P1	cHC-1L|TATCTTGCAATACAAC-1	TATCTTGCAATACAAC-1	3.366056398120072	2.321654597719855
cHC-1L|P1|N14	cHC-1L	P1	cHC-1L|TATTATGTTTGCCTGC-1	TATTATGTTTGCCTGC-1	4.24000225373936	2.4033184069212443
cHC-1L|P1|N14	cHC-1L	P1	cHC-1L|TCGACAACTGAACCCG-1	TCGACAACTGAACCCG-1	0.0	0.6366508011965113
cHC-1L|P1|N21	cHC-1L	P1	cHC-1L|AAGGAGCGGTTGGTGC-1	AAGGAGCGGTTGGTGC-1	2.4066973850997826	1.825379213732424
cHC-1L|P1|N21	cHC-1L	P1	cHC-1L|AAGGCTGTGCTCATCG-1	AAGGCTGTGCTCATCG-1	2.249870895616983	1.7743861026139354
cHC-1L|P1|N21	cHC-1L	P1	cHC-1L|AGACTAGCCTTCCAGA-1	AGACTAGCCTTCCAGA-1	5.341616630287436	3.581183152503083
cHC-1L|P1|N21	cHC-1L	P1	cHC-1L|ATGCACTACCGCATTG-1	ATGCACTACCGCATTG-1	0.0	0.8385294890397429
cHC-1L|P1|N21	cHC-1L	P1	cHC-1L|CCTGGCTAGACCCGCC-1	CCTGGCTAGACCCGCC-1	0.0	0.8160287486070797
cHC-1L|P1|N21	cHC-1L	P1	cHC-1L|CGCAATTAGGGTAATA-1	CGCAATTAGGGTAATA-1	2.5979876142865224	2.060550478419141
cHC-1L|P1|N21	cHC-1L	P1	cHC-1L|GATCGACACTATCTGA-1	GATCGACACTATCTGA-1	2.122749623902956	1.7070676465670798
cHC-1L|P1|N21	cHC-1L	P1	cHC-1L|TCAGGTTCTTTGAGAA-1	TCAGGTTCTTTGAGAA-1	3.3972939439753165	1.6998052713066198
cHC-1L|P1|N21	cHC-1L	P1	cHC-1L|TCCCAGGCTTAGCTAA-1	TCCCAGGCTTAGCTAA-1	3.9963444326422106	2.1856614576225204
cHC-1L|P1|N21	cHC-1L	P1	cHC-1L|TCGAAATTTAGGACCA-1	TCGAAATTTAGGACCA-1	3.797063425023119	2.7476546408608047
cHC-1L|P1|N21	cHC-1L	P1	cHC-1L|TTAAGCGCCTGACCCA-1	TTAAGCGCCTGACCCA-1	0.0	0.7870190220512848
cHC-1L|P1|N21	cHC-1L	P1	cHC-1L|TTGATCTAACTTTGTC-1	TTGATCTAACTTTGTC-1	0.0	1.482632730722461
cHC-1L|P1|N22	cHC-1L	P1	cHC-1L|AAGGCAGGCTGTCTCC-1	AAGGCAGGCTGTCTCC-1	2.0230007652288666	1.3338453403591488
cHC-1L|P1|N22	cHC-1L	P1	cHC-1L|AGTCGGTTGCGTGAGA-1	AGTCGGTTGCGTGAGA-1	3.8761840643353622	2.325710436541221
cHC-1L|P1|N22	cHC-1L	P1	cHC-1L|CCTGGAAACGTTCTGC-1	CCTGGAAACGTTCTGC-1	0.0	1.1245125865194385
cHC-1L|P1|N22	cHC-1L	P1	cHC-1L|CGAGATTTCGCTCGGG-1	CGAGATTTCGCTCGGG-1	0.0	0.8744083904460037
cHC-1L|P1|N22	cHC-1L	P1	cHC-1L|GAGGATAAACAGTGCT-1	GAGGATAAACAGTGCT-1	0.0	0.9569354671130164
cHC-1L|P1|N22	cHC-1L	P1	cHC-1L|GCCGTGGAAGAAATGT-1	GCCGTGGAAGAAATGT-1	5.693170606794802	2.8506363303447095
cHC-1L|P1|N22	cHC-1L	P1	cHC-1L|GGAGGCCGAAGTCGTC-1	GGAGGCCGAAGTCGTC-1	0.0	0.912308967455842
cHC-1L|P1|N22	cHC-1L	P1	cHC-1L|TAAAGACAACCCTTTA-1	TAAAGACAACCCTTTA-1	2.0310874252281472	1.2841645107346698
cHC-1L|P1|N22	cHC-1L	P1	cHC-1L|TCCCAAAGCCCTAAAT-1	TCCCAAAGCCCTAAAT-1	0.0	0.6436881693352458
cHC-1L|P1|N22	cHC-1L	P1	cHC-1L|TTCCAGACGAGATTTA-1	TTCCAGACGAGATTTA-1	3.876184043735396	2.2611073605623115
cHC-1L|P1|N22	cHC-1L	P1	cHC-1L|TTCGCTAGGAAGTTGT-1	TTCGCTAGGAAGTTGT-1	3.223449577447155	1.949565471261662
cHC-1L|P1|N22	cHC-1L	P1	cHC-1L|TTCTTGCTAGCATCTC-1	TTCTTGCTAGCATCTC-1	0.0	0.6460306756725632
cHC-1L|P1|N26	cHC-1L	P1	cHC-1L|ACAAAGAAGGTAGGCC-1	ACAAAGAAGGTAGGCC-1	0.0	0.6595563409955011
cHC-1L|P1|N26	cHC-1L	P1	cHC-1L|AGTGGTGTTACCCGTG-1	AGTGGTGTTACCCGTG-1	2.592242950769211	2.1632027037065162
cHC-1L|P1|N26	cHC-1L	P1	cHC-1L|CAGTCGGCCTAGATAT-1	CAGTCGGCCTAGATAT-1	5.2644977237445	2.6361215183714144
cHC-1L|P1|N26	cHC-1L	P1	cHC-1L|CCCTGGCTGTTCCTTC-1	CCCTGGCTGTTCCTTC-1	2.6501783682015123	1.5642012029941181
cHC-1L|P1|N26	cHC-1L	P1	cHC-1L|TATAGCGCACGTTATC-1	TATAGCGCACGTTATC-1	2.8693442267203424	2.255718013438943
cHC-1L|P1|N26	cHC-1L	P1	cHC-1L|TCGCCGCACCGCGTGA-1	TCGCCGCACCGCGTGA-1	0.0	0.6950244440784611
cHC-1L|P1|N26	cHC-1L	P1	cHC-1L|TGATTCAGGTCCCGCG-1	TGATTCAGGTCCCGCG-1	1.789358747954861	1.5936033913655638
cHC-1L|P1|N26	cHC-1L	P1	cHC-1L|TGGCCAATTTGGTACT-1	TGGCCAATTTGGTACT-1	1.8340421228425257	1.1608128140186
cHC-1L|P1|N26	cHC-1L	P1	cHC-1L|TTATCTGACATTAGGA-1	TTATCTGACATTAGGA-1	2.8207707340196784	1.8655176318006352
cHC-1L|P1|N26	cHC-1L	P1	cHC-1L|TTGAATCGTTGTATAA-1	TTGAATCGTTGTATAA-1	2.925501031168048	1.980720834047907
cHC-1L|P1|N27	cHC-1L	P1	cHC-1L|ACCAAGAACGCGTGTC-1	ACCAAGAACGCGTGTC-1	0.0	0.7699020859244925
cHC-1L|P1|N27	cHC-1L	P1	cHC-1L|ATTAGATTGATAGCGG-1	ATTAGATTGATAGCGG-1	3.5368461931543513	2.0634260533501987
cHC-1L|P1|N27	cHC-1L	P1	cHC-1L|CTCGGTCCGTAGCCTG-1	CTCGGTCCGTAGCCTG-1	3.540035481276279	2.5111791206510254
cHC-1L|P1|N27	cHC-1L	P1	cHC-1L|CTGCACCTGGAACCGC-1	CTGCACCTGGAACCGC-1	0.0	0.6486839655197243
cHC-1L|P1|N27	cHC-1L	P1	cHC-1L|CTTACACTGGGAAATA-1	CTTACACTGGGAAATA-1	2.273750036257241	1.4222949775919862
cHC-1L|P1|N27	cHC-1L	P1	cHC-1L|GATGCTACAAGCGCCT-1	GATGCTACAAGCGCCT-1	0.0	1.0268471134864123
cHC-1L|P1|N27	cHC-1L	P1	cHC-1L|GCCTTCAGCCCTACCG-1	GCCTTCAGCCCTACCG-1	3.4250395135603897	2.0757837628365534
cHC-1L|P1|N27	cHC-1L	P1	cHC-1L|GGAGTGCCGCCCTGGA-1	GGAGTGCCGCCCTGGA-1	2.0440092458355372	1.759523984227165
cHC-1L|P1|N27	cHC-1L	P1	cHC-1L|GTTCCAGTCTGACCAT-1	GTTCCAGTCTGACCAT-1	0.0	0.7360389246906873
cHC-1L|P1|N27	cHC-1L	P1	cHC-1L|GTTCTTCCCTCGATGT-1	GTTCTTCCCTCGATGT-1	2.085418036419061	1.3281289776728962
cHC-1L|P1|N27	cHC-1L	P1	cHC-1L|TATCCATATCATGCGA-1	TATCCATATCATGCGA-1	5.35709036700028	3.4334969715334553
cHC-1L|P1|N27	cHC-1L	P1	cHC-1L|TGAGAATGCTTTACCG-1	TGAGAATGCTTTACCG-1	3.475376729287968	2.552530515327259
cHC-1L|P1|N27	cHC-1L	P1	cHC-1L|TGGCTTTGGGTAGACA-1	TGGCTTTGGGTAGACA-1	0.0	1.2064984406055372
cHC-1L|P1|N27	cHC-1L	P1	cHC-1L|TGTTTCGGTACTTCTC-1	TGTTTCGGTACTTCTC-1	2.365646048336818	1.473850797794454
cHC-1L|P1|N27	cHC-1L	P1	cHC-1L|TTAACCAACCCTCCCT-1	TTAACCAACCCTCCCT-1	0.01136014702666578	0.6637662004346724
cHC-1L|P1|N33	cHC-1L	P1	cHC-1L|ACGGCACTTGCTTGGG-1	ACGGCACTTGCTTGGG-1	2.754072066773147	1.8204765493180666
cHC-1L|P1|N33	cHC-1L	P1	cHC-1L|ATCCAGAGCAACAACC-1	ATCCAGAGCAACAACC-1	2.379659336461876	1.388276696843897
cHC-1L|P1|N33	cHC-1L	P1	cHC-1L|CAGAGACGGTCACCCA-1	CAGAGACGGTCACCCA-1	2.2955909244163295	1.7487208202600946
cHC-1L|P1|N33	cHC-1L	P1	cHC-1L|CCCTTTGACAGGTCTT-1	CCCTTTGACAGGTCTT-1	2.5749319365378645	1.7648991452393676
cHC-1L|P1|N33	cHC-1L	P1	cHC-1L|CCTCTGTACTATTCTA-1	CCTCTGTACTATTCTA-1	2.753670215898746	1.606341113513802
cHC-1L|P1|N33	cHC-1L	P1	cHC-1L|CGCGCATGTTTGATTG-1	CGCGCATGTTTGATTG-1	0.0	0.725083869231502
cHC-1L|P1|N33	cHC-1L	P1	cHC-1L|CTGGATTTACACTTGA-1	CTGGATTTACACTTGA-1	1.3650508144227735	0.8971030685895421
cHC-1L|P1|N33	cHC-1L	P1	cHC-1L|GAAGTCAGTTGCACTA-1	GAAGTCAGTTGCACTA-1	0.0	0.6347732472057207
cHC-1L|P1|N33	cHC-1L	P1	cHC-1L|TAGCTCGCCTGATAAC-1	TAGCTCGCCTGATAAC-1	2.068556384806122	1.6541230954225083
cHC-1L|P1|N33	cHC-1L	P1	cHC-1L|TCCGGTTCGTCCGGTC-1	TCCGGTTCGTCCGGTC-1	2.3813643433555107	1.3889871163829117
cHC-1L|P1|N33	cHC-1L	P1	cHC-1L|TTGTGTTTCCCGAAAG-1	TTGTGTTTCCCGAAAG-1	2.567615975279172	1.8769929356392192
cHC-1L|P1|N36	cHC-1L	P1	cHC-1L|ACGTAGGAGAGTCGCT-1	ACGTAGGAGAGTCGCT-1	2.347445440242243	1.8864278451397465
cHC-1L|P1|N36	cHC-1L	P1	cHC-1L|CAAACCCTCCGGCGGG-1	CAAACCCTCCGGCGGG-1	2.937460010503245	2.0713350036279943
cHC-1L|P1|N36	cHC-1L	P1	cHC-1L|CCGCTCCAGGGCGATC-1	CCGCTCCAGGGCGATC-1	1.75980569448985	1.486325425075544
cHC-1L|P1|N36	cHC-1L	P1	cHC-1L|CGGACCTTTACGTCCC-1	CGGACCTTTACGTCCC-1	0.0	0.8166429609177639
cHC-1L|P1|N36	cHC-1L	P1	cHC-1L|CTGCGACCTCGCCGAA-1	CTGCGACCTCGCCGAA-1	0.0	0.7541653544850117
cHC-1L|P1|N36	cHC-1L	P1	cHC-1L|GCACACAGCTATTACC-1	GCACACAGCTATTACC-1	2.7354155339976436	1.515990645854658
cHC-1L|P1|N36	cHC-1L	P1	cHC-1L|GGATTAATCATGGACC-1	GGATTAATCATGGACC-1	1.664871938523001	1.2506091378677264
cHC-1L|P1|N36	cHC-1L	P1	cHC-1L|GGCCCAGCTGGTTTGC-1	GGCCCAGCTGGTTTGC-1	3.3526057884607576	2.1991956508991075
cHC-1L|P1|N36	cHC-1L	P1	cHC-1L|GTCCGGGTTCACATTA-1	GTCCGGGTTCACATTA-1	0.0	0.7559267296341048
cHC-1L|P1|N36	cHC-1L	P1	cHC-1L|TACACAGCCGTGGTGC-1	TACACAGCCGTGGTGC-1	1.6654722348139541	0.9731078499322425
cHC-1L|P1|N36	cHC-1L	P1	cHC-1L|TACGGAAGCCAAACCA-1	TACGGAAGCCAAACCA-1	2.2623957012594973	1.606202119688332
cHC-1L|P1|N36	cHC-1L	P1	cHC-1L|TCCTTGTCCTTTAATT-1	TCCTTGTCCTTTAATT-1	1.5238196036042715	1.1400472395257477
cHC-1L|P1|N36	cHC-1L	P1	cHC-1L|TTGCAAGAAGACTCCT-1	TTGCAAGAAGACTCCT-1	1.600189242180098	1.3188894306578978
cHC-1L|P1|N49	cHC-1L	P1	cHC-1L|AGGGAAACGAGGTACT-1	AGGGAAACGAGGTACT-1	3.475792311870193	2.027137173579132
cHC-1L|P1|N49	cHC-1L	P1	cHC-1L|ATTACAACTACCGGCC-1	ATTACAACTACCGGCC-1	0.0	0.6431162544354055
cHC-1L|P1|N49	cHC-1L	P1	cHC-1L|CAAACTACGATAGAGA-1	CAAACTACGATAGAGA-1	0.0	1.1303421750738412
cHC-1L|P1|N49	cHC-1L	P1	cHC-1L|CAATCCCTATACCAGC-1	CAATCCCTATACCAGC-1	0.0	0.9004486531628565
cHC-1L|P1|N49	cHC-1L	P1	cHC-1L|CAGCCGGGCCCTCTAT-1	CAGCCGGGCCCTCTAT-1	3.8586957388692094	2.549741703757038
cHC-1L|P1|N49	cHC-1L	P1	cHC-1L|GGAAGCTCGCTTACAG-1	GGAAGCTCGCTTACAG-1	3.586026697513545	2.4133158384485403
cHC-1L|P1|N49	cHC-1L	P1	cHC-1L|GGTAAATGTGCGTTAC-1	GGTAAATGTGCGTTAC-1	3.5849341374320027	2.09130262684213
cHC-1L|P1|N49	cHC-1L	P1	cHC-1L|TAGTTAAGATAGGATA-1	TAGTTAAGATAGGATA-1	0.0	0.8963701043681935
cHC-1L|P1|N49	cHC-1L	P1	cHC-1L|TCCTGCCAACTGGAGA-1	TCCTGCCAACTGGAGA-1	3.4708922117284287	2.0250954651867303
cHC-1L|P1|N49	cHC-1L	P1	cHC-1L|TTCGTAATCCCAGCGG-1	TTCGTAATCCCAGCGG-1	3.8586993143556567	2.250907635416929
cHC-1L|P2|N3	cHC-1L	P2	cHC-1L|AAACTTGCAAACGTAT-1	AAACTTGCAAACGTAT-1	1.718572000040035	1.3596920377176454
cHC-1L|P2|N3	cHC-1L	P2	cHC-1L|ACAGTAATACAACTTG-1	ACAGTAATACAACTTG-1	1.4527720668361968	1.168926582837334
cHC-1L|P2|N3	cHC-1L	P2	cHC-1L|ACCATCCGCCAACTAG-1	ACCATCCGCCAACTAG-1	1.8835618620126677	1.4060191340481079
cHC-1L|P2|N3	cHC-1L	P2	cHC-1L|ACCTGCGTGTCATGTT-1	ACCTGCGTGTCATGTT-1	1.704488293579186	1.1952633959058496
cHC-1L|P2|N3	cHC-1L	P2	cHC-1L|CCCGAAGTTTCGCGAA-1	CCCGAAGTTTCGCGAA-1	1.528592983561632	1.4224968971991783
cHC-1L|P2|N3	cHC-1L	P2	cHC-1L|CCGAACACTGGGCCTC-1	CCGAACACTGGGCCTC-1	1.6624371407075091	1.3109041288976537
cHC-1L|P2|N3	cHC-1L	P2	cHC-1L|CTATGTGAGTCACGGC-1	CTATGTGAGTCACGGC-1	1.9815360057109421	1.7090379476066393
cHC-1L|P2|N3	cHC-1L	P2	cHC-1L|GGGCCTAAATGGGCTA-1	GGGCCTAAATGGGCTA-1	1.8739918810864717	1.2117488816891315
cHC-1L|P2|N3	cHC-1L	P2	cHC-1L|GTGGGAAGACTGAATC-1	GTGGGAAGACTGAATC-1	1.705831999243018	1.5435808349281412
cHC-1L|P2|N3	cHC-1L	P2	cHC-1L|TACATCCCTATCCCTG-1	TACATCCCTATCCCTG-1	1.2572200627493229	1.2473527101432396
cHC-1L|P2|N3	cHC-1L	P2	cHC-1L|TCAACATCGACCGAGA-1	TCAACATCGACCGAGA-1	1.6881159898745903	1.394643428971528
cHC-1L|P2|N3	cHC-1L	P2	cHC-1L|TGCGAATATGGGATTT-1	TGCGAATATGGGATTT-1	1.768539984938855	1.6662171411432756
cHC-1L|P2|N3	cHC-1L	P2	cHC-1L|TTCCCGGCGCCAATAG-1	TTCCCGGCGCCAATAG-1	1.5553868096833412	1.224854919057586
cHC-1L|P2|N6	cHC-1L	P2	cHC-1L|AAAGTGTGATTTATCT-1	AAAGTGTGATTTATCT-1	1.8464448221848089	1.3638410545176434
cHC-1L|P2|N6	cHC-1L	P2	cHC-1L|AACCGCTAAGGGATGC-1	AACCGCTAAGGGATGC-1	2.4132428222814504	1.4217011935231476
cHC-1L|P2|N6	cHC-1L	P2	cHC-1L|ACCAGTGCGGGAGACG-1	ACCAGTGCGGGAGACG-1	2.0829109133710912	1.220755227149735
cHC-1L|P2|N6	cHC-1L	P2	cHC-1L|ACCGGGCCTTTGTTGA-1	ACCGGGCCTTTGTTGA-1	0.688547218702321	1.090783741880149
cHC-1L|P2|N6	cHC-1L	P2	cHC-1L|ATGCCATTTGCGACCA-1	ATGCCATTTGCGACCA-1	1.8410740524954459	1.2666329016553943
cHC-1L|P2|N6	cHC-1L	P2	cHC-1L|CTCTTCTATTGACTGG-1	CTCTTCTATTGACTGG-1	2.376537463221598	1.5347151509617492
cHC-1L|P2|N6	cHC-1L	P2	cHC-1L|CTGGCTGATTCATCCT-1	CTGGCTGATTCATCCT-1	1.9486890846175473	1.4728379263571636
cHC-1L|P2|N6	cHC-1L	P2	cHC-1L|GAATAGACGCGACCCA-1	GAATAGACGCGACCCA-1	1.7592412038933025	1.218568389843519
cHC-1L|P2|N6	cHC-1L	P2	cHC-1L|GACAAACATATGCAGG-1	GACAAACATATGCAGG-1	1.9462358160629931	1.5245255414125898
cHC-1L|P2|N6	cHC-1L	P2	cHC-1L|GTGATCACTAACGCCT-1	GTGATCACTAACGCCT-1	1.9635724669725183	1.281693021945006
cHC-1L|P2|N6	cHC-1L	P2	cHC-1L|TAAGGCTGAATCCCTC-1	TAAGGCTGAATCCCTC-1	1.8788070819361455	1.5122404375771126
cHC-1L|P2|N6	cHC-1L	P2	cHC-1L|TCGAAGAACCGAGCAC-1	TCGAAGAACCGAGCAC-1	1.980156945910504	1.7523124910917554
cHC-1L|P2|N6	cHC-1L	P2	cHC-1L|TCTAGTGATATCGTGG-1	TCTAGTGATATCGTGG-1	2.2566495100781028	1.9486150643730142
cHC-1L|P2|N6	cHC-1L	P2	cHC-1L|TCTGAACTCGTACCCG-1	TCTGAACTCGTACCCG-1	2.1512523959789593	1.4128423651893667
cHC-1L|P2|N6	cHC-1L	P2	cHC-1L|TCTTACTTATGCCTCT-1	TCTTACTTATGCCTCT-1	1.3206782074414194	1.120329908786854
cHC-1L|P2|N6	cHC-1L	P2	cHC-1L|TCTTAGAGTGAACTCT-1	TCTTAGAGTGAACTCT-1	2.089594783480362	1.4760077319515028
cHC-1L|P2|N6	cHC-1L	P2	cHC-1L|TGTATGGCGCAGACAG-1	TGTATGGCGCAGACAG-1	2.018012098695547	1.4629074699949152
cHC-1L|P2|N10	cHC-1L	P2	cHC-1L|AACATTGAAGTTGATC-1	AACATTGAAGTTGATC-1	2.1577999490714763	1.6106058859387637
cHC-1L|P2|N10	cHC-1L	P2	cHC-1L|ACTGCCCGCCATTCTC-1	ACTGCCCGCCATTCTC-1	1.6636249117532744	1.1633310988133867
cHC-1L|P2|N10	cHC-1L	P2	cHC-1L|AGCACACGTTTAGACT-1	AGCACACGTTTAGACT-1	1.540946124817631	1.3601775031202372
cHC-1L|P2|N10	cHC-1L	P2	cHC-1L|AGCGAGACGTGAAGGC-1	AGCGAGACGTGAAGGC-1	1.2221664194956485	1.091337355553905
cHC-1L|P2|N10	cHC-1L	P2	cHC-1L|ATTGCCTATTAGACCG-1	ATTGCCTATTAGACCG-1	1.1456313749959062	1.1876119971511923
cHC-1L|P2|N10	cHC-1L	P2	cHC-1L|CCATGTTCATCTATAT-1	CCATGTTCATCTATAT-1	1.8618732608593507	1.5973849251446985
cHC-1L|P2|N10	cHC-1L	P2	cHC-1L|CCCTCGATAATACACA-1	CCCTCGATAATACACA-1	1.5759250866673196	1.4445128058669114
cHC-1L|P2|N10	cHC-1L	P2	cHC-1L|CCTCTACAAGGATTGG-1	CCTCTACAAGGATTGG-1	1.5000930700298425	1.180333599083987
cHC-1L|P2|N10	cHC-1L	P2	cHC-1L|CTGTTGTTCAGTCGTA-1	CTGTTGTTCAGTCGTA-1	1.6987971179706562	1.2592336983811965
cHC-1L|P2|N10	cHC-1L	P2	cHC-1L|GAGTATACCCTAATCA-1	GAGTATACCCTAATCA-1	2.0425035640410947	1.2970638827704348
cHC-1L|P2|N10	cHC-1L	P2	cHC-1L|GTTCGACAATTGTATA-1	GTTCGACAATTGTATA-1	1.5294274878631455	1.2680283343147754
cHC-1L|P2|N11	cHC-1L	P2	cHC-1L|AACGCGACCTTGGGCG-1	AACGCGACCTTGGGCG-1	1.5130361753207358	1.2692468449534733
cHC-1L|P2|N11	cHC-1L	P2	cHC-1L|AAGTGCTTCTCTATTG-1	AAGTGCTTCTCTATTG-1	1.3268915333206954	1.09389715360281
cHC-1L|P2|N11	cHC-1L	P2	cHC-1L|AGGGTTCAGACGGTCC-1	AGGGTTCAGACGGTCC-1	1.2543982213615315	1.1410854342304089
cHC-1L|P2|N11	cHC-1L	P2	cHC-1L|CACTCTCAAGCATCGA-1	CACTCTCAAGCATCGA-1	1.2402876421533706	1.0905267991167582
cHC-1L|P2|N11	cHC-1L	P2	cHC-1L|CGGCCAGAGCGACCAT-1	CGGCCAGAGCGACCAT-1	1.3578545633154595	1.1890331472388025
cHC-1L|P2|N11	cHC-1L	P2	cHC-1L|CGTAACTTCGACACTT-1	CGTAACTTCGACACTT-1	1.279207007432536	1.2270982491978675
cHC-1L|P2|N11	cHC-1L	P2	cHC-1L|CTAGGGATAGGGACAA-1	CTAGGGATAGGGACAA-1	1.7947783061994451	1.1064660590056545
cHC-1L|P2|N11	cHC-1L	P2	cHC-1L|CTGTAGTGAGGATCGA-1	CTGTAGTGAGGATCGA-1	1.8170040756750276	1.2964531529021304
cHC-1L|P2|N11	cHC-1L	P2	cHC-1L|GAGCGGAATGCGGTGT-1	GAGCGGAATGCGGTGT-1	1.6211741898620073	1.4575729264843873
cHC-1L|P2|N11	cHC-1L	P2	cHC-1L|GGACTCGACAGCGCAT-1	GGACTCGACAGCGCAT-1	1.305208081397919	1.1106557078200014
cHC-1L|P2|N11	cHC-1L	P2	cHC-1L|GGTGCATAAATGATTA-1	GGTGCATAAATGATTA-1	1.275776954133918	1.2219739758917796
cHC-1L|P2|N11	cHC-1L	P2	cHC-1L|GTAACTGCCCAAGGAG-1	GTAACTGCCCAAGGAG-1	1.9032742728701728	1.2578046849227584
cHC-1L|P2|N11	cHC-1L	P2	cHC-1L|GTCCAGGCACGTGTGC-1	GTCCAGGCACGTGTGC-1	1.723844161848823	1.2831987828073086
cHC-1L|P2|N11	cHC-1L	P2	cHC-1L|GTGAGATAACCTTATA-1	GTGAGATAACCTTATA-1	1.6771557019474725	1.1457345099154237
cHC-1L|P2|N11	cHC-1L	P2	cHC-1L|TAGATTCAAAGTGCGG-1	TAGATTCAAAGTGCGG-1	1.6679238439039554	1.2463462797047926
cHC-1L|P2|N11	cHC-1L	P2	cHC-1L|TGCATGTGACCCATAG-1	TGCATGTGACCCATAG-1	1.5736599973959566	1.261520482134631
cHC-1L|P2|N11	cHC-1L	P2	cHC-1L|TTCACTTCCTAGAACG-1	TTCACTTCCTAGAACG-1	1.228575659211487	1.1668806687636042
cHC-1L|P2|N12	cHC-1L	P2	cHC-1L|AACGTTATCAGCACCT-1	AACGTTATCAGCACCT-1	2.429499793404003	1.6851433536187903
cHC-1L|P2|N12	cHC-1L	P2	cHC-1L|ACGTTATTGGTCACTC-1	ACGTTATTGGTCACTC-1	2.0229572361978065	1.9917403121083401
cHC-1L|P2|N12	cHC-1L	P2	cHC-1L|ACTCGATGTATTTCAT-1	ACTCGATGTATTTCAT-1	1.9044457307485192	1.6371843055260322
cHC-1L|P2|N12	cHC-1L	P2	cHC-1L|AGACAGCTCAGAATCC-1	AGACAGCTCAGAATCC-1	1.1926426098100227	1.1747181472178663
cHC-1L|P2|N12	cHC-1L	P2	cHC-1L|ATAGCCTCAGTACCCA-1	ATAGCCTCAGTACCCA-1	1.9035510026939406	1.8274446331350649
cHC-1L|P2|N12	cHC-1L	P2	cHC-1L|CGGATAAGCGGACATG-1	CGGATAAGCGGACATG-1	1.6968632739699867	1.3211173105406224
cHC-1L|P2|N12	cHC-1L	P2	cHC-1L|CGGGAGTATACCGCCG-1	CGGGAGTATACCGCCG-1	1.8670889931537955	1.8674121864679805
cHC-1L|P2|N12	cHC-1L	P2	cHC-1L|CTGGTCATTCCAATCC-1	CTGGTCATTCCAATCC-1	2.239776963013466	1.8535354917260403
cHC-1L|P2|N12	cHC-1L	P2	cHC-1L|GAATGCCGAAATGACC-1	GAATGCCGAAATGACC-1	1.8821603324089273	1.3712012403580953
cHC-1L|P2|N12	cHC-1L	P2	cHC-1L|GATCGGCGATAAGTCG-1	GATCGGCGATAAGTCG-1	1.9250168811355755	1.6646085878674333
cHC-1L|P2|N12	cHC-1L	P2	cHC-1L|GATCTTCATTGTCCTC-1	GATCTTCATTGTCCTC-1	1.7081993699330063	1.2574215378762212
cHC-1L|P2|N12	cHC-1L	P2	cHC-1L|GATGCCAGCAGAAGGC-1	GATGCCAGCAGAAGGC-1	2.301290255910515	1.5994178271613846
cHC-1L|P2|N12	cHC-1L	P2	cHC-1L|GCAGATCCTCGCAAAT-1	GCAGATCCTCGCAAAT-1	2.073042547282327	1.631767594613228
cHC-1L|P2|N12	cHC-1L	P2	cHC-1L|GCCTTGTATATGCAGT-1	GCCTTGTATATGCAGT-1	1.6067708881047789	1.2679689312375655
cHC-1L|P2|N12	cHC-1L	P2	cHC-1L|GCTCAACCTCTTAGAG-1	GCTCAACCTCTTAGAG-1	1.8479975041204424	1.3171146213777039
cHC-1L|P2|N12	cHC-1L	P2	cHC-1L|GGGCGAATTTCTCCAC-1	GGGCGAATTTCTCCAC-1	1.7873093326915408	1.1886730137624038
cHC-1L|P2|N12	cHC-1L	P2	cHC-1L|GTCCTACAGGCGGCTC-1	GTCCTACAGGCGGCTC-1	1.6465362218560784	1.4419150642176182
cHC-1L|P2|N12	cHC-1L	P2	cHC-1L|TAAACGTCGTCAATGA-1	TAAACGTCGTCAATGA-1	1.877383443726646	1.743590850447439
cHC-1L|P2|N12	cHC-1L	P2	cHC-1L|TCAGGGCGCAAACTCG-1	TCAGGGCGCAAACTCG-1	2.193733532023643	1.6864955831786475
cHC-1L|P2|N12	cHC-1L	P2	cHC-1L|TCCGTAACCACAATCC-1	TCCGTAACCACAATCC-1	2.011487662839606	1.6421132457639367
cHC-1L|P2|N12	cHC-1L	P2	cHC-1L|TGAAGAGCGGTCCTAG-1	TGAAGAGCGGTCCTAG-1	2.197902775360441	1.9140928400733308
cHC-1L|P2|N12	cHC-1L	P2	cHC-1L|TGCACTATGTGAGTGC-1	TGCACTATGTGAGTGC-1	1.4872927984180295	1.2347546674137835
cHC-1L|P2|N12	cHC-1L	P2	cHC-1L|TGCGATGCTAATGGCT-1	TGCGATGCTAATGGCT-1	1.2064724006451637	1.209347131307386
cHC-1L|P2|N12	cHC-1L	P2	cHC-1L|TTAACTCACGCGTGGA-1	TTAACTCACGCGTGGA-1	1.8750671292439334	1.4762907335089346
cHC-1L|P2|N12	cHC-1L	P2	cHC-1L|TTCTGTTTCCTGTCGC-1	TTCTGTTTCCTGTCGC-1	1.9921972320428443	1.6540178544637438
cHC-1L|P2|N19	cHC-1L	P2	cHC-1L|AATTACTCGTACGCTC-1	AATTACTCGTACGCTC-1	1.6343658383949329	1.7246242959443365
cHC-1L|P2|N19	cHC-1L	P2	cHC-1L|ACACATTGACGCAACA-1	ACACATTGACGCAACA-1	1.2591630058960086	1.328110979562577
cHC-1L|P2|N19	cHC-1L	P2	cHC-1L|ACCACTGTTCAAGAAG-1	ACCACTGTTCAAGAAG-1	1.5228415448921797	1.6361748349156002
cHC-1L|P2|N19	cHC-1L	P2	cHC-1L|ACCATTAAGGGTGTCA-1	ACCATTAAGGGTGTCA-1	1.1733256755801442	1.1231510298469483
cHC-1L|P2|N19	cHC-1L	P2	cHC-1L|AGATGCTATAACGAGC-1	AGATGCTATAACGAGC-1	1.9585341308276611	1.8070300474490872
cHC-1L|P2|N19	cHC-1L	P2	cHC-1L|AGTGTGCTAAGATCGC-1	AGTGTGCTAAGATCGC-1	1.2996563727623724	1.2214729355318565
cHC-1L|P2|N19	cHC-1L	P2	cHC-1L|ATTCAAAGTACCTGTT-1	ATTCAAAGTACCTGTT-1	1.041113433372072	1.0963934975194582
cHC-1L|P2|N19	cHC-1L	P2	cHC-1L|CAACCGCACCTAGACA-1	CAACCGCACCTAGACA-1	1.7710160539654651	1.5589252731473806
cHC-1L|P2|N19	cHC-1L	P2	cHC-1L|CACTTCGTCTTATCTC-1	CACTTCGTCTTATCTC-1	1.8793984269250315	1.7344653039722004
cHC-1L|P2|N19	cHC-1L	P2	cHC-1L|CATCAACACCTACTAA-1	CATCAACACCTACTAA-1	1.6916841194845595	1.2418757693023448
cHC-1L|P2|N19	cHC-1L	P2	cHC-1L|CATCCGCAGGCCCGAA-1	CATCCGCAGGCCCGAA-1	1.7245038492431946	1.3043800524280775
cHC-1L|P2|N19	cHC-1L	P2	cHC-1L|CATTGTGTGCTAGATC-1	CATTGTGTGCTAGATC-1	1.5623292339049875	1.220433711914579
cHC-1L|P2|N19	cHC-1L	P2	cHC-1L|CCAAAGCAGTTGGTTG-1	CCAAAGCAGTTGGTTG-1	1.9933561030576394	1.6995233179217974
cHC-1L|P2|N19	cHC-1L	P2	cHC-1L|CCAAGTTTCTACAGAT-1	CCAAGTTTCTACAGAT-1	0.969589176841336	1.1531891021613023
cHC-1L|P2|N19	cHC-1L	P2	cHC-1L|CCCTGATGTAACTCGT-1	CCCTGATGTAACTCGT-1	1.5133005184689374	1.1871695517405698
cHC-1L|P2|N19	cHC-1L	P2	cHC-1L|CCGGTGCGAGTGATAG-1	CCGGTGCGAGTGATAG-1	1.8259775245953396	1.2712641862445808
cHC-1L|P2|N19	cHC-1L	P2	cHC-1L|CGTAATAATTACGAGT-1	CGTAATAATTACGAGT-1	1.952720006835703	1.5844726252078858
cHC-1L|P2|N19	cHC-1L	P2	cHC-1L|CGTCAATCTTTAACAT-1	CGTCAATCTTTAACAT-1	1.6400555574133762	1.5239079611749053
cHC-1L|P2|N19	cHC-1L	P2	cHC-1L|GAGGAGATCCTCATGC-1	GAGGAGATCCTCATGC-1	1.4718779130885205	1.462615911783022
cHC-1L|P2|N19	cHC-1L	P2	cHC-1L|GATATCAGTATGTATC-1	GATATCAGTATGTATC-1	1.8492582085071074	1.6012980662202163
cHC-1L|P2|N19	cHC-1L	P2	cHC-1L|GCCAGGCTTAGTGGTA-1	GCCAGGCTTAGTGGTA-1	1.2165931893857367	1.264281555129711
cHC-1L|P2|N19	cHC-1L	P2	cHC-1L|GCGAGAAACGGGAGTT-1	GCGAGAAACGGGAGTT-1	1.6011864627613837	1.3389655172204764
cHC-1L|P2|N19	cHC-1L	P2	cHC-1L|GGTCCTTCATACGACT-1	GGTCCTTCATACGACT-1	1.736804865931027	1.413554090568195
cHC-1L|P2|N19	cHC-1L	P2	cHC-1L|GTATAATCTCCCGGAT-1	GTATAATCTCCCGGAT-1	1.558282179973606	1.5123913678534349
cHC-1L|P2|N19	cHC-1L	P2	cHC-1L|GTGCCTAGCTATGCTT-1	GTGCCTAGCTATGCTT-1	1.3089663965154748	1.2089141851921221
cHC-1L|P2|N19	cHC-1L	P2	cHC-1L|TAGCCAGAGGGTCCGG-1	TAGCCAGAGGGTCCGG-1	1.5914344581593844	1.0860469342605379
cHC-1L|P2|N19	cHC-1L	P2	cHC-1L|TAGTCCGTATGCATAA-1	TAGTCCGTATGCATAA-1	1.5775908417641062	1.3435740187282406
cHC-1L|P2|N19	cHC-1L	P2	cHC-1L|TAGTGCTTGAATCCTT-1	TAGTGCTTGAATCCTT-1	1.991288560795848	1.4647169130733309
cHC-1L|P2|N19	cHC-1L	P2	cHC-1L|TCCGCAGCCACCTAGC-1	TCCGCAGCCACCTAGC-1	1.1859792629985633	1.359432674411393
cHC-1L|P2|N19	cHC-1L	P2	cHC-1L|TGGACGTAGGCGAATC-1	TGGACGTAGGCGAATC-1	1.9252509762644796	1.6729034231695763
cHC-1L|P2|N19	cHC-1L	P2	cHC-1L|TTAATGTGTTTGCAGG-1	TTAATGTGTTTGCAGG-1	1.8929988766686061	1.601993882467088
cHC-1L|P2|N25	cHC-1L	P2	cHC-1L|ACCAACGCTTATTTAT-1	ACCAACGCTTATTTAT-1	1.7764608371358532	1.3039907466512806
cHC-1L|P2|N25	cHC-1L	P2	cHC-1L|ACCCGTGTCATCAGTA-1	ACCCGTGTCATCAGTA-1	2.2055183931364235	1.3352501028792878
cHC-1L|P2|N25	cHC-1L	P2	cHC-1L|AGGGACTCTACGCGAC-1	AGGGACTCTACGCGAC-1	1.857202795661777	1.2571608798097647
cHC-1L|P2|N25	cHC-1L	P2	cHC-1L|CAGACACCGATCGCTG-1	CAGACACCGATCGCTG-1	1.7771304521221336	1.2312158381892688
cHC-1L|P2|N25	cHC-1L	P2	cHC-1L|CTGTAGCCATCTCACT-1	CTGTAGCCATCTCACT-1	2.2152959493954776	1.5359645904754438
cHC-1L|P2|N25	cHC-1L	P2	cHC-1L|CTTCCGCTCCGTGAAG-1	CTTCCGCTCCGTGAAG-1	1.905698617867526	1.5004394565245047
cHC-1L|P2|N25	cHC-1L	P2	cHC-1L|GAAAGCAGTGCACTTT-1	GAAAGCAGTGCACTTT-1	1.9100552525909822	1.3114206782346962
cHC-1L|P2|N25	cHC-1L	P2	cHC-1L|GAGTCAGACCAGAATC-1	GAGTCAGACCAGAATC-1	2.041195146600637	1.7507574223138946
cHC-1L|P2|N25	cHC-1L	P2	cHC-1L|GCGGGCGAGCCTTACC-1	GCGGGCGAGCCTTACC-1	1.9603009677761019	1.5760009210591683
cHC-1L|P2|N25	cHC-1L	P2	cHC-1L|GGGACCCGTATATCTT-1	GGGACCCGTATATCTT-1	2.204969112104954	1.4620486907047823
cHC-1L|P2|N25	cHC-1L	P2	cHC-1L|GGGTTAACATTTGAGT-1	GGGTTAACATTTGAGT-1	1.697710486558818	1.497183170073762
cHC-1L|P2|N25	cHC-1L	P2	cHC-1L|TCACAGGAGAATAAGA-1	TCACAGGAGAATAAGA-1	1.6895767942428934	1.6969968984004513
cHC-1L|P2|N25	cHC-1L	P2	cHC-1L|TGGCGACTGCTCCAAA-1	TGGCGACTGCTCCAAA-1	2.0451472780121143	1.6662904393123907
cHC-1L|P2|N37	cHC-1L	P2	cHC-1L|AGATACCGGTGTTCAC-1	AGATACCGGTGTTCAC-1	2.056570807302697	1.580245638623802
cHC-1L|P2|N37	cHC-1L	P2	cHC-1L|AGTTAAACACTTGCGA-1	AGTTAAACACTTGCGA-1	1.8363794025569768	1.0977889892357233
cHC-1L|P2|N37	cHC-1L	P2	cHC-1L|CGAAACGCAATTCATG-1	CGAAACGCAATTCATG-1	2.1328507647106805	1.5077838132516588
cHC-1L|P2|N37	cHC-1L	P2	cHC-1L|CTAAAGAATGCCTACT-1	CTAAAGAATGCCTACT-1	1.8986424063864562	1.313984168937934
cHC-1L|P2|N37	cHC-1L	P2	cHC-1L|GACGCTTGCTTCTAAA-1	GACGCTTGCTTCTAAA-1	2.0466756273574784	1.5909490452296158
cHC-1L|P2|N37	cHC-1L	P2	cHC-1L|GAGAGGGCGCGAGGTT-1	GAGAGGGCGCGAGGTT-1	1.8355194084321456	1.4887834288275936
cHC-1L|P2|N37	cHC-1L	P2	cHC-1L|GATCTTTGCAGGGTAT-1	GATCTTTGCAGGGTAT-1	1.8666075724548634	1.4641320485012563
cHC-1L|P2|N37	cHC-1L	P2	cHC-1L|GCCGCTTGTGAGAAAC-1	GCCGCTTGTGAGAAAC-1	1.9314505672705156	1.3251629485861174
cHC-1L|P2|N37	cHC-1L	P2	cHC-1L|GCGGCTCTGACGTACC-1	GCGGCTCTGACGTACC-1	1.9415542631759068	1.6777421545547808
cHC-1L|P2|N37	cHC-1L	P2	cHC-1L|GCGTCTCTGCATTGGG-1	GCGTCTCTGCATTGGG-1	2.452438807369046	1.6884297055244661
cHC-1L|P2|N37	cHC-1L	P2	cHC-1L|GGGAACGGGAGGTTAG-1	GGGAACGGGAGGTTAG-1	2.1411677484185767	1.912943283408217
cHC-1L|P2|N37	cHC-1L	P2	cHC-1L|GGGTACTTCATGAACT-1	GGGTACTTCATGAACT-1	2.115764702149452	1.7251485296282287
cHC-1L|P2|N37	cHC-1L	P2	cHC-1L|GTCTATCTGAGTTTCT-1	GTCTATCTGAGTTTCT-1	1.9289992987135438	1.4895974155822063
cHC-1L|P2|N37	cHC-1L	P2	cHC-1L|GTGCCATCACACGGTG-1	GTGCCATCACACGGTG-1	1.8730911509739883	1.3928902221748931
cHC-1L|P2|N37	cHC-1L	P2	cHC-1L|TCCAACTTTAAATTCT-1	TCCAACTTTAAATTCT-1	1.6545363363163978	1.404816498322808
cHC-1L|P2|N37	cHC-1L	P2	cHC-1L|TCTGGGTAGCGCTCAT-1	TCTGGGTAGCGCTCAT-1	1.8920194521197733	1.7059718575508847
cHC-1L|P2|N37	cHC-1L	P2	cHC-1L|TGGAAGAAGGGAACGT-1	TGGAAGAAGGGAACGT-1	2.0440439584689987	1.5604986038842217
cHC-1L|P2|N37	cHC-1L	P2	cHC-1L|TTGCATGCTGATCACG-1	TTGCATGCTGATCACG-1	2.3028891493927275	1.7312615347154812
cHC-1L|P2|N49	cHC-1L	P2	cHC-1L|ATAGACGAAGAGAAAG-1	ATAGACGAAGAGAAAG-1	2.2336702174910785	1.3708390236344359
cHC-1L|P2|N49	cHC-1L	P2	cHC-1L|CAAGCAACGTCGGAGT-1	CAAGCAACGTCGGAGT-1	1.731418777539305	1.3721923530134061
cHC-1L|P2|N49	cHC-1L	P2	cHC-1L|CACGCAGCGAGGCTTT-1	CACGCAGCGAGGCTTT-1	1.5057110583708637	1.364153197943751
cHC-1L|P2|N49	cHC-1L	P2	cHC-1L|CCATTAGCGATAATCC-1	CCATTAGCGATAATCC-1	1.8495387470188247	1.5851665209664034
cHC-1L|P2|N49	cHC-1L	P2	cHC-1L|CCATTCCCTGCCCACA-1	CCATTCCCTGCCCACA-1	1.8419976060431684	1.5299921281451976
cHC-1L|P2|N49	cHC-1L	P2	cHC-1L|CCTCTCTCCCATCTAG-1	CCTCTCTCCCATCTAG-1	1.56452152560673	1.1759326699047417
cHC-1L|P2|N49	cHC-1L	P2	cHC-1L|CGAAGTTGCTCTGTGT-1	CGAAGTTGCTCTGTGT-1	1.5506895491704031	1.0981509705929802
cHC-1L|P2|N49	cHC-1L	P2	cHC-1L|CGCTCTCCGTAGATTA-1	CGCTCTCCGTAGATTA-1	1.8473166815365727	1.48104603292137
cHC-1L|P2|N49	cHC-1L	P2	cHC-1L|CTTACACGGTATTCCA-1	CTTACACGGTATTCCA-1	1.8576048767618645	1.4859538708168962
cHC-1L|P2|N49	cHC-1L	P2	cHC-1L|CTTTGGCTTTAGTAAA-1	CTTTGGCTTTAGTAAA-1	2.0692584509446124	1.8093174363096538
cHC-1L|P2|N49	cHC-1L	P2	cHC-1L|GACCAGAGCCCTGTAG-1	GACCAGAGCCCTGTAG-1	1.7000545538330025	1.2543894065103043
cHC-1L|P2|N49	cHC-1L	P2	cHC-1L|GGCGGAGTAATATTAG-1	GGCGGAGTAATATTAG-1	1.6888207508307183	1.388430496303085
cHC-1L|P2|N49	cHC-1L	P2	cHC-1L|GGCTATTAAGTTGTAT-1	GGCTATTAAGTTGTAT-1	1.659900940911893	1.3710882890508969
cHC-1L|P2|N49	cHC-1L	P2	cHC-1L|TGATTCGTCTATCACT-1	TGATTCGTCTATCACT-1	1.8942114903537828	1.447394583667005
cHC-1L|P2|N58	cHC-1L	P2	cHC-1L|ATTCAGTAGCAGGGTC-1	ATTCAGTAGCAGGGTC-1	1.6047281892028737	1.1039709192396203
cHC-1L|P2|N58	cHC-1L	P2	cHC-1L|ATTCCCACATAAACAA-1	ATTCCCACATAAACAA-1	1.7012160206623845	1.1786286351641198
cHC-1L|P2|N58	cHC-1L	P2	cHC-1L|CCCGGTGGAAGAACCT-1	CCCGGTGGAAGAACCT-1	2.047844010219854	1.2412537816817513
cHC-1L|P2|N58	cHC-1L	P2	cHC-1L|GATATGGATTACGCGG-1	GATATGGATTACGCGG-1	2.027006024655845	1.3839632778930653
cHC-1L|P2|N58	cHC-1L	P2	cHC-1L|GGTGCTGATCACAAAG-1	GGTGCTGATCACAAAG-1	1.647026048803371	1.2876905500985867
cHC-1L|P2|N58	cHC-1L	P2	cHC-1L|GGTTAGTTACGGCGCC-1	GGTTAGTTACGGCGCC-1	1.8552925268207658	1.3670739271846115
cHC-1L|P2|N58	cHC-1L	P2	cHC-1L|TCACATCTTATCTGAT-1	TCACATCTTATCTGAT-1	1.9158014917964294	1.3347380009816572
cHC-1L|P2|N58	cHC-1L	P2	cHC-1L|TGGAATTAGACGCTTT-1	TGGAATTAGACGCTTT-1	2.112435939264118	1.445908416023287
cHC-1L|P2|N58	cHC-1L	P2	cHC-1L|TTATCGCCTGCGAAGC-1	TTATCGCCTGCGAAGC-1	1.8867111596847301	1.3442333200982102
cHC-1L|P2|N58	cHC-1L	P2	cHC-1L|TTATGTTTGCGATAGA-1	TTATGTTTGCGATAGA-1	1.292873862507642	1.166236855008091
cHC-1L|P2|N78	cHC-1L	P2	cHC-1L|CTCGTCTGTGCCTTCG-1	CTCGTCTGTGCCTTCG-1	1.8238422639824845	1.2753467352836594
cHC-1L|P2|N78	cHC-1L	P2	cHC-1L|GACCACACTTCCCTTT-1	GACCACACTTCCCTTT-1	1.789593917218492	1.367871155487466
cHC-1L|P2|N78	cHC-1L	P2	cHC-1L|GATGAGGAACCTTCGG-1	GATGAGGAACCTTCGG-1	2.1890950596518794	1.7300988664606973
cHC-1L|P2|N78	cHC-1L	P2	cHC-1L|GATTGGGAAAGGTTGT-1	GATTGGGAAAGGTTGT-1	2.4629842032563904	1.6803167777043941
cHC-1L|P2|N78	cHC-1L	P2	cHC-1L|GCCTACGTTCTGTGCA-1	GCCTACGTTCTGTGCA-1	2.2414410342504176	1.873278952652937
cHC-1L|P2|N78	cHC-1L	P2	cHC-1L|GGGAGCGACCGTAGTG-1	GGGAGCGACCGTAGTG-1	2.106434009602361	1.4390776437873176
cHC-1L|P2|N78	cHC-1L	P2	cHC-1L|TACGTGGGCCCAGGGC-1	TACGTGGGCCCAGGGC-1	2.0129999820720745	1.7066680821572258
cHC-1L|P2|N78	cHC-1L	P2	cHC-1L|TCAAATTGTTGTGCCG-1	TCAAATTGTTGTGCCG-1	1.808168756295891	1.351860308825476
cHC-1L|P2|N78	cHC-1L	P2	cHC-1L|TCCTAAAGATTCAGAC-1	TCCTAAAGATTCAGAC-1	2.175356775955865	1.7011801175856678
cHC-1L|P2|N78	cHC-1L	P2	cHC-1L|TCGCTGCCAATGCTGT-1	TCGCTGCCAATGCTGT-1	2.094048417811071	1.7645266505520958
cHC-1L|P2|N78	cHC-1L	P2	cHC-1L|TGGGTGCACAAGCCAT-1	TGGGTGCACAAGCCAT-1	2.124496517357663	1.4407915323435438
cHC-1L|P3|N3	cHC-1L	P3	cHC-1L|AAACTTGCAAACGTAT-1	AAACTTGCAAACGTAT-1	1.861402031985723	1.4658417826627854
cHC-1L|P3|N3	cHC-1L	P3	cHC-1L|ACAGTAATACAACTTG-1	ACAGTAATACAACTTG-1	1.953469582916847	1.5102055323953674
cHC-1L|P3|N3	cHC-1L	P3	cHC-1L|ACCATCCGCCAACTAG-1	ACCATCCGCCAACTAG-1	2.4537212661582584	1.8592279035957886
cHC-1L|P3|N3	cHC-1L	P3	cHC-1L|ACCTGCGTGTCATGTT-1	ACCTGCGTGTCATGTT-1	1.783578858330483	1.2912357330294582
cHC-1L|P3|N3	cHC-1L	P3	cHC-1L|CCCGAAGTTTCGCGAA-1	CCCGAAGTTTCGCGAA-1	1.8573238681271684	1.764895440602689
cHC-1L|P3|N3	cHC-1L	P3	cHC-1L|CCGAACACTGGGCCTC-1	CCGAACACTGGGCCTC-1	1.877363441551905	1.4884803460700968
cHC-1L|P3|N3	cHC-1L	P3	cHC-1L|CTATGTGAGTCACGGC-1	CTATGTGAGTCACGGC-1	2.2061338478108983	1.9060250111917858
cHC-1L|P3|N3	cHC-1L	P3	cHC-1L|GGGCCTAAATGGGCTA-1	GGGCCTAAATGGGCTA-1	2.4390450818297533	1.5833075410164315
cHC-1L|P3|N3	cHC-1L	P3	cHC-1L|GTGGGAAGACTGAATC-1	GTGGGAAGACTGAATC-1	2.0154931979934094	1.8841271488020914
cHC-1L|P3|N3	cHC-1L	P3	cHC-1L|TACATCCCTATCCCTG-1	TACATCCCTATCCCTG-1	2.0037180457180512	1.7762574736975973
cHC-1L|P3|N3	cHC-1L	P3	cHC-1L|TCAACATCGACCGAGA-1	TCAACATCGACCGAGA-1	1.9076283483482188	1.6290733438347706
cHC-1L|P3|N3	cHC-1L	P3	cHC-1L|TGCGAATATGGGATTT-1	TGCGAATATGGGATTT-1	2.2555856036443247	2.1356263243650746
cHC-1L|P3|N3	cHC-1L	P3	cHC-1L|TTCCCGGCGCCAATAG-1	TTCCCGGCGCCAATAG-1	1.810276309601213	1.4742726027917938
cHC-1L|P3|N10	cHC-1L	P3	cHC-1L|AACATTGAAGTTGATC-1	AACATTGAAGTTGATC-1	2.284715294316538	1.8269466314315264
cHC-1L|P3|N10	cHC-1L	P3	cHC-1L|ACTGCCCGCCATTCTC-1	ACTGCCCGCCATTCTC-1	1.8171001167052465	1.3182052153336226
cHC-1L|P3|N10	cHC-1L	P3	cHC-1L|AGCACACGTTTAGACT-1	AGCACACGTTTAGACT-1	1.9017871096560877	1.7000806079195514
cHC-1L|P3|N10	cHC-1L	P3	cHC-1L|AGCGAGACGTGAAGGC-1	AGCGAGACGTGAAGGC-1	1.3612823526194784	1.338439224859715
cHC-1L|P3|N10	cHC-1L	P3	cHC-1L|ATTGCCTATTAGACCG-1	ATTGCCTATTAGACCG-1	1.4258543570717317	1.4527265115155186
cHC-1L|P3|N10	cHC-1L	P3	cHC-1L|CCATGTTCATCTATAT-1	CCATGTTCATCTATAT-1	2.258757472129528	1.9402552063630847
cHC-1L|P3|N10	cHC-1L	P3	cHC-1L|CCCTCGATAATACACA-1	CCCTCGATAATACACA-1	1.9312961887415643	1.7335521938865992
cHC-1L|P3|N10	cHC-1L	P3	cHC-1L|CCTCTACAAGGATTGG-1	CCTCTACAAGGATTGG-1	1.9735285027011449	1.4866020876831127
cHC-1L|P3|N10	cHC-1L	P3	cHC-1L|CTGTTGTTCAGTCGTA-1	CTGTTGTTCAGTCGTA-1	2.521925508307763	1.7942419528908324
cHC-1L|P3|N10	cHC-1L	P3	cHC-1L|GAGTATACCCTAATCA-1	GAGTATACCCTAATCA-1	2.338952513683121	1.5317836120137054
cHC-1L|P3|N10	cHC-1L	P3	cHC-1L|GTTCGACAATTGTATA-1	GTTCGACAATTGTATA-1	1.9263729512073298	1.576593174567605
cHC-1L|P3|N10	cHC-1L	P3	cHC-1L|TACGCTGCTGTGTTAA-1	TACGCTGCTGTGTTAA-1	1.4057194404580529	1.3149057791804357
cHC-1L|P3|N11	cHC-1L	P3	cHC-1L|AACGCGACCTTGGGCG-1	AACGCGACCTTGGGCG-1	2.2724579534958473	1.9444150287177893
cHC-1L|P3|N11	cHC-1L	P3	cHC-1L|AAGTGCTTCTCTATTG-1	AAGTGCTTCTCTATTG-1	1.8155884301698013	1.5284982793322164
cHC-1L|P3|N11	cHC-1L	P3	cHC-1L|ACCTACTATAAATCTA-1	ACCTACTATAAATCTA-1	1.972841271622709	1.3316225437008522
cHC-1L|P3|N11	cHC-1L	P3	cHC-1L|AGGGTTCAGACGGTCC-1	AGGGTTCAGACGGTCC-1	2.70431519759471	2.0338024384834537
cHC-1L|P3|N11	cHC-1L	P3	cHC-1L|CACTCTCAAGCATCGA-1	CACTCTCAAGCATCGA-1	1.7770406302146302	1.6572653403966702
cHC-1L|P3|N11	cHC-1L	P3	cHC-1L|CAGTTCGAGGACCCGA-1	CAGTTCGAGGACCCGA-1	1.7116439741977085	1.3844014697392637
cHC-1L|P3|N11	cHC-1L	P3	cHC-1L|CATACTTCTTTCTCCG-1	CATACTTCTTTCTCCG-1	1.8207629966322811	1.4576555334642436
cHC-1L|P3|N11	cHC-1L	P3	cHC-1L|CGCTTAGTATTGATAC-1	CGCTTAGTATTGATAC-1	1.864700194231524	1.5015441472300461
cHC-1L|P3|N11	cHC-1L	P3	cHC-1L|CGGCCAGAGCGACCAT-1	CGGCCAGAGCGACCAT-1	1.8372046083014906	1.6408223713610048
cHC-1L|P3|N11	cHC-1L	P3	cHC-1L|CGTAACTTCGACACTT-1	CGTAACTTCGACACTT-1	1.8762110299860255	1.7429596066715096
cHC-1L|P3|N11	cHC-1L	P3	cHC-1L|CTAGGGATAGGGACAA-1	CTAGGGATAGGGACAA-1	2.4906505464005932	1.5200116357538955
cHC-1L|P3|N11	cHC-1L	P3	cHC-1L|CTGTAGTGAGGATCGA-1	CTGTAGTGAGGATCGA-1	2.159508411609766	1.6264850256098993
cHC-1L|P3|N11	cHC-1L	P3	cHC-1L|GAGCGGAATGCGGTGT-1	GAGCGGAATGCGGTGT-1	2.1805886454716377	1.9833739502429875
cHC-1L|P3|N11	cHC-1L	P3	cHC-1L|GCGCGGTCTAGTAACT-1	GCGCGGTCTAGTAACT-1	1.9931356821209434	1.3314170909925924
cHC-1L|P3|N11	cHC-1L	P3	cHC-1L|GGACTCGACAGCGCAT-1	GGACTCGACAGCGCAT-1	1.7864865408535924	1.6042950749998033
cHC-1L|P3|N11	cHC-1L	P3	cHC-1L|GGTGCATAAATGATTA-1	GGTGCATAAATGATTA-1	1.7283687465325754	1.6218576100171946
cHC-1L|P3|N11	cHC-1L	P3	cHC-1L|GTAACTGCCCAAGGAG-1	GTAACTGCCCAAGGAG-1	2.2623785062197865	1.5053144137478442
cHC-1L|P3|N11	cHC-1L	P3	cHC-1L|GTCCAGGCACGTGTGC-1	GTCCAGGCACGTGTGC-1	1.8598533236190142	1.6296999806384638
cHC-1L|P3|N11	cHC-1L	P3	cHC-1L|GTGAGATAACCTTATA-1	GTGAGATAACCTTATA-1	1.9965741249923614	1.4310016287208003
cHC-1L|P3|N11	cHC-1L	P3	cHC-1L|GTGCACCAGCTTCAAC-1	GTGCACCAGCTTCAAC-1	2.043552846333852	1.659101382318934
cHC-1L|P3|N11	cHC-1L	P3	cHC-1L|TAGATTCAAAGTGCGG-1	TAGATTCAAAGTGCGG-1	2.5367157803537452	1.8418913460259694
cHC-1L|P3|N11	cHC-1L	P3	cHC-1L|TCGTACCGACGTCAAG-1	TCGTACCGACGTCAAG-1	1.9728580259129371	1.328961396488009
cHC-1L|P3|N11	cHC-1L	P3	cHC-1L|TGCATGTGACCCATAG-1	TGCATGTGACCCATAG-1	2.0756000718521093	1.703273204326456
cHC-1L|P3|N11	cHC-1L	P3	cHC-1L|TTCACTTCCTAGAACG-1	TTCACTTCCTAGAACG-1	1.9539083101942185	1.786602338207317
cHC-1L|P3|N11	cHC-1L	P3	cHC-1L|TTCTATTAAACGCAGC-1	TTCTATTAAACGCAGC-1	1.8808534051230776	1.563952143372402
cHC-1L|P3|N15	cHC-1L	P3	cHC-1L|AATGACGTAGGATGTC-1	AATGACGTAGGATGTC-1	1.9836586950157837	1.8367826985834355
cHC-1L|P3|N15	cHC-1L	P3	cHC-1L|ACAAGGGCAGGCTCTG-1	ACAAGGGCAGGCTCTG-1	2.1713202667039835	1.8060673785644348
cHC-1L|P3|N15	cHC-1L	P3	cHC-1L|ACATCGTATGCAATGG-1	ACATCGTATGCAATGG-1	1.842961608518491	1.4204544978351004
cHC-1L|P3|N15	cHC-1L	P3	cHC-1L|CGCCTCCCTCCTCTAT-1	CGCCTCCCTCCTCTAT-1	2.1711451620075684	1.5808623017191599
cHC-1L|P3|N15	cHC-1L	P3	cHC-1L|CGTTGAGCGACCGTCG-1	CGTTGAGCGACCGTCG-1	2.424517642686072	1.7601433338357175
cHC-1L|P3|N15	cHC-1L	P3	cHC-1L|CTGGGTAGGCAGTTAA-1	CTGGGTAGGCAGTTAA-1	1.8920796811112996	1.3084314225787834
cHC-1L|P3|N15	cHC-1L	P3	cHC-1L|GACTGCACCAGCCCAG-1	GACTGCACCAGCCCAG-1	1.916252758929282	1.6832317743150336
cHC-1L|P3|N15	cHC-1L	P3	cHC-1L|GAGATCTTCCATGACA-1	GAGATCTTCCATGACA-1	2.004608701110262	1.7152417963010627
cHC-1L|P3|N15	cHC-1L	P3	cHC-1L|GATGCTGTATTTCATC-1	GATGCTGTATTTCATC-1	2.232079451612153	1.6799549817558788
cHC-1L|P3|N15	cHC-1L	P3	cHC-1L|GCGGAGAGGGAGAACG-1	GCGGAGAGGGAGAACG-1	2.075373568254402	1.9080682458729912
cHC-1L|P3|N15	cHC-1L	P3	cHC-1L|GTGGTGGCCAAGTGAA-1	GTGGTGGCCAAGTGAA-1	2.324850770865429	2.126545062511362
cHC-1L|P3|N15	cHC-1L	P3	cHC-1L|TCACAGGGAATCGCAA-1	TCACAGGGAATCGCAA-1	2.458078790566389	1.6948259092660396
cHC-1L|P3|N15	cHC-1L	P3	cHC-1L|TCCCGTGTGCAATTTG-1	TCCCGTGTGCAATTTG-1	1.7465807931155481	1.5435862928503576
cHC-1L|P3|N16	cHC-1L	P3	cHC-1L|AATTACTCGTACGCTC-1	AATTACTCGTACGCTC-1	1.595264894594539	1.6904757738918734
cHC-1L|P3|N16	cHC-1L	P3	cHC-1L|ACACATTGACGCAACA-1	ACACATTGACGCAACA-1	1.231305806747066	1.4610586718615228
cHC-1L|P3|N16	cHC-1L	P3	cHC-1L|ACACCGAGCGCTCTTT-1	ACACCGAGCGCTCTTT-1	1.3841739269802593	1.2832275906376824
cHC-1L|P3|N16	cHC-1L	P3	cHC-1L|ACCACTGTTCAAGAAG-1	ACCACTGTTCAAGAAG-1	1.4656905446686843	1.624181484892778
cHC-1L|P3|N16	cHC-1L	P3	cHC-1L|ACCATTAAGGGTGTCA-1	ACCATTAAGGGTGTCA-1	1.4273816312476986	1.3023147373862285
cHC-1L|P3|N16	cHC-1L	P3	cHC-1L|AGATGCTATAACGAGC-1	AGATGCTATAACGAGC-1	1.821994396615485	1.7043400766141161
cHC-1L|P3|N16	cHC-1L	P3	cHC-1L|AGTGTGCTAAGATCGC-1	AGTGTGCTAAGATCGC-1	1.6698681941919624	1.6099607177667705
cHC-1L|P3|N16	cHC-1L	P3	cHC-1L|CAACCGCACCTAGACA-1	CAACCGCACCTAGACA-1	2.1504356900604864	1.6930473508243562
cHC-1L|P3|N16	cHC-1L	P3	cHC-1L|CACTTCGTCTTATCTC-1	CACTTCGTCTTATCTC-1	1.9272007311102775	1.7939884926487701
cHC-1L|P3|N16	cHC-1L	P3	cHC-1L|CATCAACACCTACTAA-1	CATCAACACCTACTAA-1	2.4799816261915075	1.8363253204311278
cHC-1L|P3|N16	cHC-1L	P3	cHC-1L|CATTGTGTGCTAGATC-1	CATTGTGTGCTAGATC-1	1.6870372477452882	1.3155220681620572
cHC-1L|P3|N16	cHC-1L	P3	cHC-1L|CCAAAGCAGTTGGTTG-1	CCAAAGCAGTTGGTTG-1	2.1424584779605365	1.7735188809299558
cHC-1L|P3|N16	cHC-1L	P3	cHC-1L|CCAAGTTTCTACAGAT-1	CCAAGTTTCTACAGAT-1	1.4579245161105048	1.6176326081755743
cHC-1L|P3|N16	cHC-1L	P3	cHC-1L|CCCTGATGTAACTCGT-1	CCCTGATGTAACTCGT-1	1.6900526837281822	1.29946981307262
cHC-1L|P3|N16	cHC-1L	P3	cHC-1L|CCGGTGCGAGTGATAG-1	CCGGTGCGAGTGATAG-1	2.4895192966179627	1.719960216212856
cHC-1L|P3|N16	cHC-1L	P3	cHC-1L|CGTAATAATTACGAGT-1	CGTAATAATTACGAGT-1	2.341127756262757	1.959680132273016
cHC-1L|P3|N16	cHC-1L	P3	cHC-1L|CGTCAATCTTTAACAT-1	CGTCAATCTTTAACAT-1	1.4542292145958031	1.4482458664853168
cHC-1L|P3|N16	cHC-1L	P3	cHC-1L|GAGGAGATCCTCATGC-1	GAGGAGATCCTCATGC-1	1.6028603700247182	1.5102402383900175
cHC-1L|P3|N16	cHC-1L	P3	cHC-1L|GATATCAGTATGTATC-1	GATATCAGTATGTATC-1	1.8174985384935167	1.5977680037376425
cHC-1L|P3|N16	cHC-1L	P3	cHC-1L|GCGAGAAACGGGAGTT-1	GCGAGAAACGGGAGTT-1	1.737287775521809	1.466148549837225
cHC-1L|P3|N16	cHC-1L	P3	cHC-1L|GGCGGTTTGCCGGTGC-1	GGCGGTTTGCCGGTGC-1	1.5680259436394135	1.2952835110778245
cHC-1L|P3|N16	cHC-1L	P3	cHC-1L|GGTCCTTCATACGACT-1	GGTCCTTCATACGACT-1	2.398412203723332	1.8481217130411265
cHC-1L|P3|N16	cHC-1L	P3	cHC-1L|GTATAATCTCCCGGAT-1	GTATAATCTCCCGGAT-1	1.9038745423713652	1.7764240249492904
cHC-1L|P3|N16	cHC-1L	P3	cHC-1L|GTGCCTAGCTATGCTT-1	GTGCCTAGCTATGCTT-1	1.4768832539613144	1.4204720594991387
cHC-1L|P3|N16	cHC-1L	P3	cHC-1L|TAGCCAGAGGGTCCGG-1	TAGCCAGAGGGTCCGG-1	2.5309956164034633	1.6266828787316505
cHC-1L|P3|N16	cHC-1L	P3	cHC-1L|TAGTCCGTATGCATAA-1	TAGTCCGTATGCATAA-1	1.514575146738516	1.3363405969704287
cHC-1L|P3|N16	cHC-1L	P3	cHC-1L|TAGTGCTTGAATCCTT-1	TAGTGCTTGAATCCTT-1	2.012068394580144	1.5158473101503995
cHC-1L|P3|N16	cHC-1L	P3	cHC-1L|TCCGCAGCCACCTAGC-1	TCCGCAGCCACCTAGC-1	1.2794554328307617	1.513006075007153
cHC-1L|P3|N16	cHC-1L	P3	cHC-1L|TGGACGTAGGCGAATC-1	TGGACGTAGGCGAATC-1	2.0122487468012205	1.7088022746021845
cHC-1L|P3|N16	cHC-1L	P3	cHC-1L|TTAATGTGTTTGCAGG-1	TTAATGTGTTTGCAGG-1	1.2516338257322541	1.34453478092547
cHC-1L|P3|N29	cHC-1L	P3	cHC-1L|ACGAAATGGGCGGCAC-1	ACGAAATGGGCGGCAC-1	2.1367764606967663	1.8258283490314664
cHC-1L|P3|N29	cHC-1L	P3	cHC-1L|CCGACAAAGGGAGTGC-1	CCGACAAAGGGAGTGC-1	2.3849091149050574	1.837128966399967
cHC-1L|P3|N29	cHC-1L	P3	cHC-1L|CCGCGGGTACGAAGAA-1	CCGCGGGTACGAAGAA-1	1.8072867780567647	1.6467870315535547
cHC-1L|P3|N29	cHC-1L	P3	cHC-1L|CTACTCTAGGCCCGGC-1	CTACTCTAGGCCCGGC-1	1.7029540970692079	1.5516700231144975
cHC-1L|P3|N29	cHC-1L	P3	cHC-1L|CTTTGGCGCTTTATAC-1	CTTTGGCGCTTTATAC-1	2.1064399447200888	1.467147645705633
cHC-1L|P3|N29	cHC-1L	P3	cHC-1L|GAAATATCACCATCAG-1	GAAATATCACCATCAG-1	1.7686969555088146	1.6660945356183499
cHC-1L|P3|N29	cHC-1L	P3	cHC-1L|GACCGACTGAAGCGTC-1	GACCGACTGAAGCGTC-1	2.3343657819448733	1.775266915321342
cHC-1L|P3|N29	cHC-1L	P3	cHC-1L|GTGAGCGTGCTGCACT-1	GTGAGCGTGCTGCACT-1	1.9339324359986108	1.4859043383356823
cHC-1L|P3|N29	cHC-1L	P3	cHC-1L|TACAAGTCTCGTGCAT-1	TACAAGTCTCGTGCAT-1	2.4687451136058938	1.6812974591956429
cHC-1L|P3|N29	cHC-1L	P3	cHC-1L|TAGATTCCTGGTTATT-1	TAGATTCCTGGTTATT-1	1.9182484845790135	1.3775566896605176
cHC-1L|P3|N29	cHC-1L	P3	cHC-1L|TTCTGCGAGCGCCCTT-1	TTCTGCGAGCGCCCTT-1	2.3559308215334536	1.4529774532375892
cHC-1L|P3|N63	cHC-1L	P3	cHC-1L|CAAGCAACGTCGGAGT-1	CAAGCAACGTCGGAGT-1	1.9313796175698208	1.464640989181798
cHC-1L|P3|N63	cHC-1L	P3	cHC-1L|CACGCAGCGAGGCTTT-1	CACGCAGCGAGGCTTT-1	1.8920604477895864	1.5933972087195778
cHC-1L|P3|N63	cHC-1L	P3	cHC-1L|CCATTAGCGATAATCC-1	CCATTAGCGATAATCC-1	1.7632780925493465	1.535369974996387
cHC-1L|P3|N63	cHC-1L	P3	cHC-1L|CCATTCCCTGCCCACA-1	CCATTCCCTGCCCACA-1	1.8306951358799226	1.5684683842085356
cHC-1L|P3|N63	cHC-1L	P3	cHC-1L|CCTCTCTCCCATCTAG-1	CCTCTCTCCCATCTAG-1	1.7053535796464805	1.2972609719502781
cHC-1L|P3|N63	cHC-1L	P3	cHC-1L|CGCTCTCCGTAGATTA-1	CGCTCTCCGTAGATTA-1	2.0360936063523933	1.6113023426283501
cHC-1L|P3|N63	cHC-1L	P3	cHC-1L|CTTACACGGTATTCCA-1	CTTACACGGTATTCCA-1	2.12360434837211	1.6876973421702401
cHC-1L|P3|N63	cHC-1L	P3	cHC-1L|CTTTGGCTTTAGTAAA-1	CTTTGGCTTTAGTAAA-1	2.065438919725123	1.784260731428498
cHC-1L|P3|N63	cHC-1L	P3	cHC-1L|GGCGGAGTAATATTAG-1	GGCGGAGTAATATTAG-1	1.6897226599581723	1.3686345588429436
cHC-1L|P3|N63	cHC-1L	P3	cHC-1L|GGCTATTAAGTTGTAT-1	GGCTATTAAGTTGTAT-1	1.8045243630347403	1.4336711741194113
cHC-1L|P3|N63	cHC-1L	P3	cHC-1L|TACGATGTTGATCATC-1	TACGATGTTGATCATC-1	1.298008101436445	1.2847004556552442
cHC-1L|P3|N63	cHC-1L	P3	cHC-1L|TGATTCGTCTATCACT-1	TGATTCGTCTATCACT-1	1.6334474815355922	1.3257808704558336
cHC-1L|P3|N63	cHC-1L	P3	cHC-1L|TGTAGTGATCTATAAT-1	TGTAGTGATCTATAAT-1	2.495873994112425	1.5759257392553914
cHC-1L|P3|N63	cHC-1L	P3	cHC-1L|TTAAGCGCCTGACCCA-1	TTAAGCGCCTGACCCA-1	1.9531022158366984	1.3806721623090872
cHC-1L|P4|N6	cHC-1L	P4	cHC-1L|AAAGTGTGATTTATCT-1	AAAGTGTGATTTATCT-1	2.4520721610970693	1.7511477876044523
cHC-1L|P4|N6	cHC-1L	P4	cHC-1L|AACCGCTAAGGGATGC-1	AACCGCTAAGGGATGC-1	3.4515785997077537	2.3333334117968
cHC-1L|P4|N6	cHC-1L	P4	cHC-1L|AAGGTGATAAACCAGC-1	AAGGTGATAAACCAGC-1	2.5553484535618584e-08	0.811889055382599
cHC-1L|P4|N6	cHC-1L	P4	cHC-1L|ATGGGCCTCGGCCTCT-1	ATGGGCCTCGGCCTCT-1	3.5016701866028184	2.3542104967630184
cHC-1L|P4|N6	cHC-1L	P4	cHC-1L|CGACACGCTCCGACAG-1	CGACACGCTCCGACAG-1	3.984190711993005e-08	0.8127432769671715
cHC-1L|P4|N6	cHC-1L	P4	cHC-1L|CTGGCTGATTCATCCT-1	CTGGCTGATTCATCCT-1	0.0	0.9459570913939105
cHC-1L|P4|N6	cHC-1L	P4	cHC-1L|TAAGGCTGAATCCCTC-1	TAAGGCTGAATCCCTC-1	3.199545236290709	2.0747531896099236
cHC-1L|P4|N6	cHC-1L	P4	cHC-1L|TCTAGTGATATCGTGG-1	TCTAGTGATATCGTGG-1	3.187285435801096	1.8602798892330636
cHC-1L|P4|N6	cHC-1L	P4	cHC-1L|TCTTACTTATGCCTCT-1	TCTTACTTATGCCTCT-1	3.788859015278958	2.8875797105208765
cHC-1L|P4|N6	cHC-1L	P4	cHC-1L|TGCTCCACAGTTCTTA-1	TGCTCCACAGTTCTTA-1	2.512481421773733	2.0429470819292535
cHC-1L|P4|N9	cHC-1L	P4	cHC-1L|AAATTTGCGGGTGTGG-1	AAATTTGCGGGTGTGG-1	0.0	0.6400270276130947
cHC-1L|P4|N9	cHC-1L	P4	cHC-1L|AGTCGTGGGCATTACG-1	AGTCGTGGGCATTACG-1	1.997340739596613	1.504659626253403
cHC-1L|P4|N9	cHC-1L	P4	cHC-1L|AGTTTGGCCAGACCTA-1	AGTTTGGCCAGACCTA-1	2.864940934145159	2.045294262145688
cHC-1L|P4|N9	cHC-1L	P4	cHC-1L|ATCAAACGAAGGTTTG-1	ATCAAACGAAGGTTTG-1	1.0213834422873271	0.8451479739172643
cHC-1L|P4|N9	cHC-1L	P4	cHC-1L|ATGACGCGTTCTATCC-1	ATGACGCGTTCTATCC-1	1.6267919992304967	1.1838193959579246
cHC-1L|P4|N9	cHC-1L	P4	cHC-1L|CACCGTTGCGCGATAT-1	CACCGTTGCGCGATAT-1	0.008272131227095268	0.6264870670401084
cHC-1L|P4|N9	cHC-1L	P4	cHC-1L|CATAGTCCACAAGAAC-1	CATAGTCCACAAGAAC-1	2.3885875405339463	1.9849770933815616
cHC-1L|P4|N9	cHC-1L	P4	cHC-1L|CTGGGCCTGCTATATC-1	CTGGGCCTGCTATATC-1	2.310413572506457	1.685061156243124
cHC-1L|P4|N9	cHC-1L	P4	cHC-1L|CTTCTATGTTGAAGTA-1	CTTCTATGTTGAAGTA-1	2.0730410705353433	1.2472482050527713
cHC-1L|P4|N9	cHC-1L	P4	cHC-1L|GAGAGGTGCATTCTGG-1	GAGAGGTGCATTCTGG-1	1.6933680103059974	1.0392184695285367
cHC-1L|P4|N9	cHC-1L	P4	cHC-1L|GATCCTCGACACTGGC-1	GATCCTCGACACTGGC-1	1.579121148165596	0.9968301970557577
cHC-1L|P4|N9	cHC-1L	P4	cHC-1L|GTAGAGGGAGACAAGT-1	GTAGAGGGAGACAAGT-1	1.4658520333881895	1.1665305072768202
cHC-1L|P4|N9	cHC-1L	P4	cHC-1L|GTGGACCAACCCGATT-1	GTGGACCAACCCGATT-1	0.0	0.9154891750063204
cHC-1L|P4|N9	cHC-1L	P4	cHC-1L|TATTCCTCCGCCCACT-1	TATTCCTCCGCCCACT-1	2.4343538851176127	1.5418514827818575
cHC-1L|P4|N9	cHC-1L	P4	cHC-1L|TCACGATGTCCGTGGA-1	TCACGATGTCCGTGGA-1	0.9818879831273134	0.7929550531325825
cHC-1L|P4|N9	cHC-1L	P4	cHC-1L|TCTAGCAATCTCCGCC-1	TCTAGCAATCTCCGCC-1	2.5204599061941013	2.0698858854750433
cHC-1L|P4|N9	cHC-1L	P4	cHC-1L|TTGACATGAACGTGGA-1	TTGACATGAACGTGGA-1	2.2762968865801367	1.5297318695816575
cHC-1L|P4|N9	cHC-1L	P4	cHC-1L|TTGTAAGGACCTAAGT-1	TTGTAAGGACCTAAGT-1	2.3810295120943654	1.8383471211199498
cHC-1L|P4|N9	cHC-1L	P4	cHC-1L|TTGTGGTAGGAGGGAT-1	TTGTGGTAGGAGGGAT-1	1.9973390617151603	1.1651145924906312
cHC-1L|P4|N11	cHC-1L	P4	cHC-1L|AACATTGTGACTCGAG-1	AACATTGTGACTCGAG-1	1.443324867438414	0.992018592192101
cHC-1L|P4|N11	cHC-1L	P4	cHC-1L|AGCCCGGTAGCCTGTA-1	AGCCCGGTAGCCTGTA-1	6.6309850145661375	3.5242513367081463
cHC-1L|P4|N11	cHC-1L	P4	cHC-1L|CACTGACGATTGTGGA-1	CACTGACGATTGTGGA-1	0.8670779251893036	0.6445960608879611
cHC-1L|P4|N11	cHC-1L	P4	cHC-1L|CCTATATTTGTCCTGG-1	CCTATATTTGTCCTGG-1	1.1049303863938182	0.763044309761499
cHC-1L|P4|N11	cHC-1L	P4	cHC-1L|CGCCCAGCACGCCTAG-1	CGCCCAGCACGCCTAG-1	1.105825113461188	0.6584252566797655
cHC-1L|P4|N11	cHC-1L	P4	cHC-1L|CGGTCCGTCGCAAGCC-1	CGGTCCGTCGCAAGCC-1	1.2878390590614288	0.94732988627356
cHC-1L|P4|N11	cHC-1L	P4	cHC-1L|CTCCTCCAGCTCACAC-1	CTCCTCCAGCTCACAC-1	0.0033121096579206504	0.8566187790020531
cHC-1L|P4|N11	cHC-1L	P4	cHC-1L|GACGGGTTGGCCCGTA-1	GACGGGTTGGCCCGTA-1	1.235798230055728	1.3683406426346556
cHC-1L|P4|N11	cHC-1L	P4	cHC-1L|TACCTCAGTTGTCTGT-1	TACCTCAGTTGTCTGT-1	1.2659956133872787	1.3807214371402559
cHC-1L|P4|N11	cHC-1L	P4	cHC-1L|TAGCTAGTGATGATGG-1	TAGCTAGTGATGATGG-1	0.0	0.658081718996118
cHC-1L|P4|N11	cHC-1L	P4	cHC-1L|TGATTCCCGGTTACCT-1	TGATTCCCGGTTACCT-1	1.0893569174239939	0.8445322292408677
cHC-1L|P4|N12	cHC-1L	P4	cHC-1L|AACCATGGGATCGCTA-1	AACCATGGGATCGCTA-1	5.15619608617758	2.5875080237950043
cHC-1L|P4|N12	cHC-1L	P4	cHC-1L|AACGCGAACGGCAACA-1	AACGCGAACGGCAACA-1	2.1518497674253063	1.3505201655537284
cHC-1L|P4|N12	cHC-1L	P4	cHC-1L|AACTCGATGGCGCAGT-1	AACTCGATGGCGCAGT-1	0.0	0.7726042163353881
cHC-1L|P4|N12	cHC-1L	P4	cHC-1L|ACCCTATAGGACTGAG-1	ACCCTATAGGACTGAG-1	0.003737500417790321	0.7467199148654547
cHC-1L|P4|N12	cHC-1L	P4	cHC-1L|AGCGTACGAGAGCTAG-1	AGCGTACGAGAGCTAG-1	0.7342112091187026	0.6278411437060095
cHC-1L|P4|N12	cHC-1L	P4	cHC-1L|ATTCCTTCCAGGCGGT-1	ATTCCTTCCAGGCGGT-1	4.045736760188917e-08	0.863161639015239
cHC-1L|P4|N12	cHC-1L	P4	cHC-1L|ATTGATAGCAACGAGA-1	ATTGATAGCAACGAGA-1	4.700686105980444	3.1065601687221194
cHC-1L|P4|N12	cHC-1L	P4	cHC-1L|CCAGTCCATTATTCGA-1	CCAGTCCATTATTCGA-1	8.686320666954177e-08	1.108132473221063
cHC-1L|P4|N12	cHC-1L	P4	cHC-1L|CGGCACTCAAGAAAGT-1	CGGCACTCAAGAAAGT-1	2.202434254199098	1.3113166051430751
cHC-1L|P4|N12	cHC-1L	P4	cHC-1L|CGTAAACGCTTGAGTG-1	CGTAAACGCTTGAGTG-1	4.833340018466711	3.540382632629492
cHC-1L|P4|N12	cHC-1L	P4	cHC-1L|CTTGAGGTTATCCCGA-1	CTTGAGGTTATCCCGA-1	0.0	1.3835702055227264
cHC-1L|P4|N12	cHC-1L	P4	cHC-1L|GGGTAATGCTGTGTTT-1	GGGTAATGCTGTGTTT-1	1.0347649069574567	1.0388535462492459
cHC-1L|P4|N12	cHC-1L	P4	cHC-1L|GTACGACGGCGCTGCG-1	GTACGACGGCGCTGCG-1	2.5211937240514066	1.8231016013568078
cHC-1L|P4|N12	cHC-1L	P4	cHC-1L|GTCAAAGTTTACATAG-1	GTCAAAGTTTACATAG-1	1.2470908003126786e-08	0.6176580275730149
cHC-1L|P4|N12	cHC-1L	P4	cHC-1L|TGTCGGCATGGTGGAA-1	TGTCGGCATGGTGGAA-1	0.9769767023345921	0.8152238520691326
cHC-1L|P4|N12	cHC-1L	P4	cHC-1L|TTACCGCCTTAGGGAA-1	TTACCGCCTTAGGGAA-1	4.2362426296784665	3.0718976860120484
cHC-1L|P4|N12	cHC-1L	P4	cHC-1L|TTCCTTTCTGTGTTGC-1	TTCCTTTCTGTGTTGC-1	4.547622617774153	2.8866891241350334
cHC-1L|P4|N18	cHC-1L	P4	cHC-1L|AATACAATGTTTCAGG-1	AATACAATGTTTCAGG-1	9.788259400128899e-07	1.0677902328443944
cHC-1L|P4|N18	cHC-1L	P4	cHC-1L|AGCCTTAAAGCGGAAG-1	AGCCTTAAAGCGGAAG-1	0.0032328073871930392	0.6275383334077909
cHC-1L|P4|N18	cHC-1L	P4	cHC-1L|AGGCTTGCTAGACACC-1	AGGCTTGCTAGACACC-1	8.037754236318653e-05	1.1189570489201117
cHC-1L|P4|N18	cHC-1L	P4	cHC-1L|CCAGAGACAAAGCCGG-1	CCAGAGACAAAGCCGG-1	2.15045039312678	1.2545333056455072
cHC-1L|P4|N18	cHC-1L	P4	cHC-1L|CGCCCTTGAAGGCTGA-1	CGCCCTTGAAGGCTGA-1	2.1491787478908457	1.2539935221843588
cHC-1L|P4|N18	cHC-1L	P4	cHC-1L|CTGGTCATTCCAATCC-1	CTGGTCATTCCAATCC-1	4.552813801066517	3.5175272611397963
cHC-1L|P4|N18	cHC-1L	P4	cHC-1L|GAATGCCGAAATGACC-1	GAATGCCGAAATGACC-1	4.150330295238314	2.9841314798058067
cHC-1L|P4|N18	cHC-1L	P4	cHC-1L|GATGCCAGCAGAAGGC-1	GATGCCAGCAGAAGGC-1	4.038747019763421	3.654009515487992
cHC-1L|P4|N18	cHC-1L	P4	cHC-1L|GGAACGGCCTGCAGCC-1	GGAACGGCCTGCAGCC-1	0.005081819354353559	0.6061546229882042
cHC-1L|P4|N18	cHC-1L	P4	cHC-1L|GGGTCATGCGTACCAT-1	GGGTCATGCGTACCAT-1	0.003771965294872498	0.6825941724351944
cHC-1L|P4|N18	cHC-1L	P4	cHC-1L|GTAGAAACGGGTGGAG-1	GTAGAAACGGGTGGAG-1	7.239075512106134	4.336265764181671
cHC-1L|P4|N18	cHC-1L	P4	cHC-1L|GTTATTAACGTGGGAG-1	GTTATTAACGTGGGAG-1	4.472773685046168	3.1982379012167046
cHC-1L|P4|N18	cHC-1L	P4	cHC-1L|TAGTGTCAGAAACGGC-1	TAGTGTCAGAAACGGC-1	0.0	0.9754761514164091
cHC-1L|P4|N18	cHC-1L	P4	cHC-1L|TATACTCATGCGGCAA-1	TATACTCATGCGGCAA-1	3.08036313890491	1.8860706475734204
cHC-1L|P4|N18	cHC-1L	P4	cHC-1L|TCAGGGCGCAAACTCG-1	TCAGGGCGCAAACTCG-1	3.350887712688256	3.110582987493835
cHC-1L|P4|N18	cHC-1L	P4	cHC-1L|TTAACTCACGCGTGGA-1	TTAACTCACGCGTGGA-1	0.0040130798165889095	1.0065043244383336
cHC-1L|P4|N23	cHC-1L	P4	cHC-1L|AATTGAACGCTCTGGT-1	AATTGAACGCTCTGGT-1	0.014211784267528369	0.629957274770863
cHC-1L|P4|N23	cHC-1L	P4	cHC-1L|ACAAATGGTAGTGTTT-1	ACAAATGGTAGTGTTT-1	0.010465278331706513	0.6479514110778369
cHC-1L|P4|N23	cHC-1L	P4	cHC-1L|ACCCTCCCTTGCTATT-1	ACCCTCCCTTGCTATT-1	0.00010888998120017294	0.6287350744986446
cHC-1L|P4|N23	cHC-1L	P4	cHC-1L|ACTCTCTGACTTAGGT-1	ACTCTCTGACTTAGGT-1	5.813152495173665	3.5812461425960045
cHC-1L|P4|N23	cHC-1L	P4	cHC-1L|ACTGAATGGCGAAAGT-1	ACTGAATGGCGAAAGT-1	2.705476319270567	1.9493507242281438
cHC-1L|P4|N23	cHC-1L	P4	cHC-1L|AGATACTCAAGATCGA-1	AGATACTCAAGATCGA-1	0.008907909071880774	0.6277424363273936
cHC-1L|P4|N23	cHC-1L	P4	cHC-1L|ATGGTCGCGTGGTTTC-1	ATGGTCGCGTGGTTTC-1	2.701557917511376	2.037472875544164
cHC-1L|P4|N23	cHC-1L	P4	cHC-1L|ATTTGTCTTGGGAGCT-1	ATTTGTCTTGGGAGCT-1	0.010925874899747076	0.6913796919757803
cHC-1L|P4|N23	cHC-1L	P4	cHC-1L|CATGTCTCATTTATGG-1	CATGTCTCATTTATGG-1	2.4341994776564335	1.5187247418862602
cHC-1L|P4|N23	cHC-1L	P4	cHC-1L|CCCAGTTAAGGCGCCG-1	CCCAGTTAAGGCGCCG-1	6.233086204129519e-08	1.0343092879394835
cHC-1L|P4|N23	cHC-1L	P4	cHC-1L|CCTCGGACCGGGATAG-1	CCTCGGACCGGGATAG-1	3.940827825408714	2.301234441489427
cHC-1L|P4|N23	cHC-1L	P4	cHC-1L|CGGTACTAGAATCAAA-1	CGGTACTAGAATCAAA-1	4.990833752108955	2.497605181013754
cHC-1L|P4|N23	cHC-1L	P4	cHC-1L|CTCGGTACCACTGCTC-1	CTCGGTACCACTGCTC-1	0.0	0.6171443899139303
cHC-1L|P4|N23	cHC-1L	P4	cHC-1L|CTGGGTAGGCAGTTAA-1	CTGGGTAGGCAGTTAA-1	0.012744371060937228	0.7797343845281278
cHC-1L|P4|N23	cHC-1L	P4	cHC-1L|CTTTACCGAATAGTAG-1	CTTTACCGAATAGTAG-1	0.011649946344114535	0.6972304143555589
cHC-1L|P4|N23	cHC-1L	P4	cHC-1L|GAATGTGGTCCGGATT-1	GAATGTGGTCCGGATT-1	0.01520806045685593	0.7122523362511822
cHC-1L|P4|N23	cHC-1L	P4	cHC-1L|GCAGATCCATAAGACT-1	GCAGATCCATAAGACT-1	2.2566983634812945	1.6793551126856558
cHC-1L|P4|N23	cHC-1L	P4	cHC-1L|GCTTAATGTAACTAAC-1	GCTTAATGTAACTAAC-1	0.00016520753361619182	1.0738800813271603
cHC-1L|P4|N23	cHC-1L	P4	cHC-1L|GTGAGGACACTTAAGG-1	GTGAGGACACTTAAGG-1	4.631308491646217	2.800112903828125
cHC-1L|P4|N23	cHC-1L	P4	cHC-1L|GTGCGTGTATATGAGC-1	GTGCGTGTATATGAGC-1	3.953518228847811	2.3060856952716504
cHC-1L|P4|N23	cHC-1L	P4	cHC-1L|GTTTGGCCCAAGTTAT-1	GTTTGGCCCAAGTTAT-1	3.45198583234139	2.212751669011015
cHC-1L|P4|N23	cHC-1L	P4	cHC-1L|TCCTACATCCACGGCC-1	TCCTACATCCACGGCC-1	4.753069832299316	3.0293909274876367
cHC-1L|P4|N23	cHC-1L	P4	cHC-1L|TCGTCTTAGGCGTTAA-1	TCGTCTTAGGCGTTAA-1	1.4114290858485188	1.1492222100284093
cHC-1L|P4|N23	cHC-1L	P4	cHC-1L|TCTGATGTATTCTGTC-1	TCTGATGTATTCTGTC-1	0.0	0.6315883417823391
cHC-1L|P4|N23	cHC-1L	P4	cHC-1L|TCTGCCAGAAACTGCA-1	TCTGCCAGAAACTGCA-1	4.506151635855709e-08	1.1580855741216751
cHC-1L|P4|N23	cHC-1L	P4	cHC-1L|TGCCTTGGCCAGGCAA-1	TGCCTTGGCCAGGCAA-1	2.3061302434136124	1.5212276986642146
cHC-1L|P4|N23	cHC-1L	P4	cHC-1L|TGCGTTTGTTGACACT-1	TGCGTTTGTTGACACT-1	0.0	0.8703717489016568
cHC-1L|P4|N23	cHC-1L	P4	cHC-1L|TTAGAGTTTAGAAGGA-1	TTAGAGTTTAGAAGGA-1	0.01355791972516681	1.1141630819176036
cHC-1L|P4|N23	cHC-1L	P4	cHC-1L|TTCAGCCCTGGTCCAC-1	TTCAGCCCTGGTCCAC-1	2.3905602862092263	1.8181108585425227
cHC-1L|P4|N23	cHC-1L	P4	cHC-1L|TTCCGGTTACCCACTT-1	TTCCGGTTACCCACTT-1	3.443421428640325	1.9484395040559446
cHC-1L|P4|N23	cHC-1L	P4	cHC-1L|TTCCTCGGACTAACCA-1	TTCCTCGGACTAACCA-1	3.589763519005192	2.1879449225507215
cHC-1L|P4|N23	cHC-1L	P4	cHC-1L|TTCTGACCGGGCTCAA-1	TTCTGACCGGGCTCAA-1	3.0005534491789176	1.9981497041258294
cHC-1L|P4|N25	cHC-1L	P4	cHC-1L|ACATTTGAAACCTAAC-1	ACATTTGAAACCTAAC-1	0.00010258261275135016	1.0478185519858807
cHC-1L|P4|N25	cHC-1L	P4	cHC-1L|ACGGAACACGAGTGCC-1	ACGGAACACGAGTGCC-1	1.8920196596433838	1.1955692649050262
cHC-1L|P4|N25	cHC-1L	P4	cHC-1L|ACGGTACAGTTCAATG-1	ACGGTACAGTTCAATG-1	0.18593696921782746	0.6472650337404695
cHC-1L|P4|N25	cHC-1L	P4	cHC-1L|AGAACTGTACTTTGTA-1	AGAACTGTACTTTGTA-1	1.5481609760981487	1.2861546429685622
cHC-1L|P4|N25	cHC-1L	P4	cHC-1L|AGAATACAGGCTATCC-1	AGAATACAGGCTATCC-1	2.4050852102742963	1.5032056110405831
cHC-1L|P4|N25	cHC-1L	P4	cHC-1L|CCTGATTCGCGAAGAA-1	CCTGATTCGCGAAGAA-1	2.0979641458517087	1.3112428861561352
cHC-1L|P4|N25	cHC-1L	P4	cHC-1L|CCTTAAGTACGCAATT-1	CCTTAAGTACGCAATT-1	0.00013985218848956116	1.05712757534847
cHC-1L|P4|N25	cHC-1L	P4	cHC-1L|CGAGACTACTGCTGCT-1	CGAGACTACTGCTGCT-1	6.634627887935193	3.470933755018905
cHC-1L|P4|N25	cHC-1L	P4	cHC-1L|CTCGCTAGGTAAGCGA-1	CTCGCTAGGTAAGCGA-1	5.154364615332871e-08	0.7052095482605677
cHC-1L|P4|N25	cHC-1L	P4	cHC-1L|GACACAGCCGGGACTG-1	GACACAGCCGGGACTG-1	0.0	0.7124124569163442
cHC-1L|P4|N25	cHC-1L	P4	cHC-1L|GATAGATAGTACAGTC-1	GATAGATAGTACAGTC-1	1.6414273302713325	1.7030576455265625
cHC-1L|P4|N25	cHC-1L	P4	cHC-1L|GCACCTAGGCGAGTCC-1	GCACCTAGGCGAGTCC-1	2.9886884964820823	1.813482553177087
cHC-1L|P4|N25	cHC-1L	P4	cHC-1L|GCTTCCCGTAAGCTCC-1	GCTTCCCGTAAGCTCC-1	2.098086406817588	1.504826325583016
cHC-1L|P4|N25	cHC-1L	P4	cHC-1L|GGCCAATTGTATAGAC-1	GGCCAATTGTATAGAC-1	2.405128600843769	1.6688076004973345
cHC-1L|P4|N25	cHC-1L	P4	cHC-1L|TCAATCCGGGAAGTTT-1	TCAATCCGGGAAGTTT-1	1.9216555555745793	1.209890327445467
cHC-1L|P4|N32	cHC-1L	P4	cHC-1L|ACGTTATTGGTCACTC-1	ACGTTATTGGTCACTC-1	2.6434690387148008	1.818985717427901
cHC-1L|P4|N32	cHC-1L	P4	cHC-1L|ATTAACACCTGAGATA-1	ATTAACACCTGAGATA-1	1.1452630856536785	0.8279779657156949
cHC-1L|P4|N32	cHC-1L	P4	cHC-1L|CCTGACAAACTCGCGC-1	CCTGACAAACTCGCGC-1	1.1645513659953206	0.8326261303219086
cHC-1L|P4|N32	cHC-1L	P4	cHC-1L|CGGAAAGCAAATGTGC-1	CGGAAAGCAAATGTGC-1	2.2321691356225193	1.360780566222809
cHC-1L|P4|N32	cHC-1L	P4	cHC-1L|GACATACTGTCGCAGA-1	GACATACTGTCGCAGA-1	0.07604115925134593	0.833330767977373
cHC-1L|P4|N32	cHC-1L	P4	cHC-1L|GATCTTCATTGTCCTC-1	GATCTTCATTGTCCTC-1	0.0	0.873334627145358
cHC-1L|P4|N32	cHC-1L	P4	cHC-1L|GCGGTGCGGAGCATCG-1	GCGGTGCGGAGCATCG-1	1.359258245441541	0.9627312309842757
cHC-1L|P4|N32	cHC-1L	P4	cHC-1L|TCACTCTTCGTCTGTC-1	TCACTCTTCGTCTGTC-1	1.5765889379528282	0.974308563611624
cHC-1L|P4|N32	cHC-1L	P4	cHC-1L|TGAAGAGCGGTCCTAG-1	TGAAGAGCGGTCCTAG-1	3.716343724581814	2.6980813192628132
cHC-1L|P4|N32	cHC-1L	P4	cHC-1L|TGCGATGCTAATGGCT-1	TGCGATGCTAATGGCT-1	4.326562693638593	2.7921294490087565
cHC-1L|P4|N32	cHC-1L	P4	cHC-1L|TGGACACCGTTGCTTG-1	TGGACACCGTTGCTTG-1	5.187082863209655	3.4574838615390084
cHC-1L|P4|N32	cHC-1L	P4	cHC-1L|TGGGTTCCCGGACGGA-1	TGGGTTCCCGGACGGA-1	0.8897336236416978	0.718940532638385
cHC-1L|P4|N32	cHC-1L	P4	cHC-1L|TTCTGTTTCCTGTCGC-1	TTCTGTTTCCTGTCGC-1	2.2483615817384206	2.4474468626425834
cHC-1L|P4|N36	cHC-1L	P4	cHC-1L|AGAAGGTTGTAGGTCG-1	AGAAGGTTGTAGGTCG-1	3.0882216979933887	1.8026475445135
cHC-1L|P4|N36	cHC-1L	P4	cHC-1L|AGTTTGCACCTGCCTC-1	AGTTTGCACCTGCCTC-1	2.361318577725164	1.380733766872098
cHC-1L|P4|N36	cHC-1L	P4	cHC-1L|ATGCTCTGGCGCGGTA-1	ATGCTCTGGCGCGGTA-1	4.181925432689762	2.641392564026166
cHC-1L|P4|N36	cHC-1L	P4	cHC-1L|CTAGTAGAAAGGGATT-1	CTAGTAGAAAGGGATT-1	2.3625475761290913	1.7403762829328249
cHC-1L|P4|N36	cHC-1L	P4	cHC-1L|CTCATTGCTCTAACAA-1	CTCATTGCTCTAACAA-1	1.550766736915301e-07	0.900696206226561
cHC-1L|P4|N36	cHC-1L	P4	cHC-1L|CTTCAACTCCACTTGG-1	CTTCAACTCCACTTGG-1	4.205087072308475	2.651027686223371
cHC-1L|P4|N36	cHC-1L	P4	cHC-1L|GAACCTTTAACGATCC-1	GAACCTTTAACGATCC-1	8.666031467962501e-05	1.0142355224228237
cHC-1L|P4|N36	cHC-1L	P4	cHC-1L|GACTGCAAATCGAGCT-1	GACTGCAAATCGAGCT-1	2.3998842005942795	2.0956519192070893
cHC-1L|P4|N36	cHC-1L	P4	cHC-1L|GTGTATATCAGCGGGC-1	GTGTATATCAGCGGGC-1	0.0	0.7471908208856598
cHC-1L|P4|N36	cHC-1L	P4	cHC-1L|TAGGTGACGATAACCT-1	TAGGTGACGATAACCT-1	2.4213410267915605	1.5131005243472888
cHC-1L|P4|N36	cHC-1L	P4	cHC-1L|TGGACCAATCTAAGAT-1	TGGACCAATCTAAGAT-1	3.6291599763414295	2.2132445934403258
cHC-1L|P4|N36	cHC-1L	P4	cHC-1L|TTGACCAGGAACAACT-1	TTGACCAGGAACAACT-1	3.0785877179297234	1.9935318540465796
cHC-1L|P4|N52	cHC-1L	P4	cHC-1L|ATAAAGGCTCGGTCGT-1	ATAAAGGCTCGGTCGT-1	1.4868107261530454	1.1175910684851484
cHC-1L|P4|N52	cHC-1L	P4	cHC-1L|CACTTAATCAGACGGA-1	CACTTAATCAGACGGA-1	1.2934279411221163	1.598084587986585
cHC-1L|P4|N52	cHC-1L	P4	cHC-1L|CCAATAGTGCCGTCGA-1	CCAATAGTGCCGTCGA-1	1.1432822531715552	0.7735704696521646
cHC-1L|P4|N52	cHC-1L	P4	cHC-1L|CGTTTCGCTCATTACA-1	CGTTTCGCTCATTACA-1	3.188077471343604	1.8257252912780655
cHC-1L|P4|N52	cHC-1L	P4	cHC-1L|GAGATCTGCTTGGCAT-1	GAGATCTGCTTGGCAT-1	2.8508567786721298e-05	0.6576657459654547
cHC-1L|P4|N52	cHC-1L	P4	cHC-1L|GCAAATATTACGCTTT-1	GCAAATATTACGCTTT-1	2.4231236082288574	1.456503467972295
cHC-1L|P4|N52	cHC-1L	P4	cHC-1L|GCCGCTTGTGAGAAAC-1	GCCGCTTGTGAGAAAC-1	1.7960177034850668	1.099935819898086
cHC-1L|P4|N52	cHC-1L	P4	cHC-1L|GGCACTCCACTGGGCA-1	GGCACTCCACTGGGCA-1	6.73499237934971	3.4769600688087996
cHC-1L|P4|N52	cHC-1L	P4	cHC-1L|GGGTCACCGTGACGGT-1	GGGTCACCGTGACGGT-1	0.0	0.9351874460473887
cHC-1L|P4|N52	cHC-1L	P4	cHC-1L|TGACCCACGTTAGACA-1	TGACCCACGTTAGACA-1	0.006566832259961858	0.6729677517446531
cHC-1L|P5|N2	cHC-1L	P5	cHC-1L|AAATAGGGTGCTATTG-1	AAATAGGGTGCTATTG-1	3.0814291098983806	2.1637845572684644
cHC-1L|P5|N2	cHC-1L	P5	cHC-1L|AAGTGTTTGGAGACGG-1	AAGTGTTTGGAGACGG-1	2.5012307919687875	2.0662370715646188
cHC-1L|P5|N2	cHC-1L	P5	cHC-1L|ACAAATCGCACCGAAT-1	ACAAATCGCACCGAAT-1	2.607772546629913	2.233797215836824
cHC-1L|P5|N2	cHC-1L	P5	cHC-1L|ACCGCAATAACTGCCT-1	ACCGCAATAACTGCCT-1	1.9709154840729288	1.861914933680584
cHC-1L|P5|N2	cHC-1L	P5	cHC-1L|ATATTCCACATAGTGA-1	ATATTCCACATAGTGA-1	1.6718505060177105	1.7478480770229008
cHC-1L|P5|N2	cHC-1L	P5	cHC-1L|ATCGGAGACAGACGGC-1	ATCGGAGACAGACGGC-1	1.7884956460029562	1.6483102548722917
cHC-1L|P5|N2	cHC-1L	P5	cHC-1L|CTTTACCGAATAGTAG-1	CTTTACCGAATAGTAG-1	3.42552539653083	2.5240777451836927
cHC-1L|P5|N2	cHC-1L	P5	cHC-1L|GCTGCTACTGCGTAGC-1	GCTGCTACTGCGTAGC-1	2.9856180269900836	1.7836281831466723
cHC-1L|P5|N2	cHC-1L	P5	cHC-1L|GTTAAAGTAGGACTGG-1	GTTAAAGTAGGACTGG-1	3.1209706235576995	2.1368092172776474
cHC-1L|P5|N2	cHC-1L	P5	cHC-1L|GTTGAGTCCCGCCGGT-1	GTTGAGTCCCGCCGGT-1	2.488129502504209	2.3193489908439915
cHC-1L|P5|N2	cHC-1L	P5	cHC-1L|TAGCGTCCGGTGTGGT-1	TAGCGTCCGGTGTGGT-1	1.8894893371418797	1.5832748935332988
cHC-1L|P5|N2	cHC-1L	P5	cHC-1L|TCGCACCAGGAGGCAG-1	TCGCACCAGGAGGCAG-1	2.162182344643383	1.748369505776767
cHC-1L|P5|N2	cHC-1L	P5	cHC-1L|TCTGATGTATTCTGTC-1	TCTGATGTATTCTGTC-1	2.4502529455304964	1.9517987268875627
cHC-1L|P5|N2	cHC-1L	P5	cHC-1L|TGCCTTGGCCAGGCAA-1	TGCCTTGGCCAGGCAA-1	2.246986010487183	1.5361166500351984
cHC-1L|P5|N2	cHC-1L	P5	cHC-1L|TGGCAAACTAAATTAC-1	TGGCAAACTAAATTAC-1	1.6940931545953442	1.4766573460393189
cHC-1L|P5|N4	cHC-1L	P5	cHC-1L|AAATCTAGCCCTGCTA-1	AAATCTAGCCCTGCTA-1	2.7197739686276865	2.1072318676832973
cHC-1L|P5|N4	cHC-1L	P5	cHC-1L|AACAGGTAGTATGGAT-1	AACAGGTAGTATGGAT-1	2.571507315215003	1.5353926413968442
cHC-1L|P5|N4	cHC-1L	P5	cHC-1L|ACTTGTGGATGGAACG-1	ACTTGTGGATGGAACG-1	1.528848685143624	1.4500334158551782
cHC-1L|P5|N4	cHC-1L	P5	cHC-1L|AGACCGCTCCGCGGTT-1	AGACCGCTCCGCGGTT-1	1.9076943797078385	1.5504490574623886
cHC-1L|P5|N4	cHC-1L	P5	cHC-1L|ATTGGATTACAGCGTA-1	ATTGGATTACAGCGTA-1	1.8411756328053186	1.4303333637874713
cHC-1L|P5|N4	cHC-1L	P5	cHC-1L|CACCGTATCCCATCCG-1	CACCGTATCCCATCCG-1	1.4243925660859575	1.4566761175238585
cHC-1L|P5|N4	cHC-1L	P5	cHC-1L|CCATATGGAAACTATA-1	CCATATGGAAACTATA-1	1.8015875872606373	1.6797863244064297
cHC-1L|P5|N4	cHC-1L	P5	cHC-1L|CCCGTTTCGCAGATGT-1	CCCGTTTCGCAGATGT-1	2.360739245415757	2.007917072816734
cHC-1L|P5|N4	cHC-1L	P5	cHC-1L|CGTTAAACTAGTTAGG-1	CGTTAAACTAGTTAGG-1	2.7698380917948366	1.9738280880596841
cHC-1L|P5|N4	cHC-1L	P5	cHC-1L|CTTCGGCCAATTGTTT-1	CTTCGGCCAATTGTTT-1	2.5309356393050497	1.9513371875259573
cHC-1L|P5|N4	cHC-1L	P5	cHC-1L|GAGCGCAAATACTCCG-1	GAGCGCAAATACTCCG-1	2.7243591483724345	1.9555192366929122
cHC-1L|P5|N4	cHC-1L	P5	cHC-1L|GCGAAACGATCGGGAG-1	GCGAAACGATCGGGAG-1	1.5955850069767339	1.5009731268011333
cHC-1L|P5|N4	cHC-1L	P5	cHC-1L|TCTCGAGGAGGTTCGC-1	TCTCGAGGAGGTTCGC-1	2.799863299650663	1.5608185588995838
cHC-1L|P5|N4	cHC-1L	P5	cHC-1L|TTGGGACGTAAGAGTT-1	TTGGGACGTAAGAGTT-1	1.8206733274294706	1.6348384630537565
cHC-1L|P5|N10	cHC-1L	P5	cHC-1L|AACGACCTCCTAGCCG-1	AACGACCTCCTAGCCG-1	1.5745184728610464	1.5535190291526995
cHC-1L|P5|N10	cHC-1L	P5	cHC-1L|ACCCGTAGTCTAGTTG-1	ACCCGTAGTCTAGTTG-1	0.8931150456368604	1.6407459064683179
cHC-1L|P5|N10	cHC-1L	P5	cHC-1L|AGGGTCTGGACGCAGT-1	AGGGTCTGGACGCAGT-1	3.036845270842194	2.3536813883702887
cHC-1L|P5|N10	cHC-1L	P5	cHC-1L|CACCGATGATGGGTAC-1	CACCGATGATGGGTAC-1	1.5646643089416055	1.5262507854584428
cHC-1L|P5|N10	cHC-1L	P5	cHC-1L|CATCCCGAGATTCATA-1	CATCCCGAGATTCATA-1	1.1015128493971338	1.849677678767172
cHC-1L|P5|N10	cHC-1L	P5	cHC-1L|CCAGAAACTGATGCGA-1	CCAGAAACTGATGCGA-1	2.7610547798932683	2.2890684018208134
cHC-1L|P5|N10	cHC-1L	P5	cHC-1L|CCCATTATTGTATCCT-1	CCCATTATTGTATCCT-1	1.8239576564927706	1.4923277313579364
cHC-1L|P5|N10	cHC-1L	P5	cHC-1L|GCTTTACACAACTGGG-1	GCTTTACACAACTGGG-1	2.6843747364508888	2.093662052777938
cHC-1L|P5|N10	cHC-1L	P5	cHC-1L|GGACGGGCGACCAACC-1	GGACGGGCGACCAACC-1	2.7173129908635554	1.7519024009096036
cHC-1L|P5|N10	cHC-1L	P5	cHC-1L|GGCCGCAGGAACCGCA-1	GGCCGCAGGAACCGCA-1	2.957366059083205	2.245419453443711
cHC-1L|P5|N10	cHC-1L	P5	cHC-1L|GTAGTGAGCAACCTCA-1	GTAGTGAGCAACCTCA-1	3.0479863009305572	2.1214518614151574
cHC-1L|P5|N10	cHC-1L	P5	cHC-1L|GTTACCAAGGCGTACG-1	GTTACCAAGGCGTACG-1	3.0787210408196137	1.9755916925524275
cHC-1L|P5|N10	cHC-1L	P5	cHC-1L|TAGATTCTCTAGCAAA-1	TAGATTCTCTAGCAAA-1	2.8911720391453115	1.8163913164676677
cHC-1L|P5|N10	cHC-1L	P5	cHC-1L|TCTCAGGCTACTCGCT-1	TCTCAGGCTACTCGCT-1	2.498496325332255	2.0502605514759282
cHC-1L|P5|N10	cHC-1L	P5	cHC-1L|TGTACTTCCGGGCATG-1	TGTACTTCCGGGCATG-1	3.1786664274673013	2.259383658337503
cHC-1L|P5|N10	cHC-1L	P5	cHC-1L|TTGAAACCCTCATTCC-1	TTGAAACCCTCATTCC-1	2.7747274988186623	1.7513005922513023
cHC-1L|P5|N11	cHC-1L	P5	cHC-1L|AACGCTGTTGCTGAAA-1	AACGCTGTTGCTGAAA-1	1.8425153489649708	1.8474082257896107
cHC-1L|P5|N11	cHC-1L	P5	cHC-1L|CAGTGTCGGCTGGCCC-1	CAGTGTCGGCTGGCCC-1	1.9594008698077312	1.5229992450477017
cHC-1L|P5|N11	cHC-1L	P5	cHC-1L|CATCATTACCCTGAGG-1	CATCATTACCCTGAGG-1	2.614058285283298	1.8012871228690495
cHC-1L|P5|N11	cHC-1L	P5	cHC-1L|CATCCTCTCAAAGATC-1	CATCCTCTCAAAGATC-1	1.7387410136008825	1.5347061055750841
cHC-1L|P5|N11	cHC-1L	P5	cHC-1L|CTAGGCGCCCTATCAG-1	CTAGGCGCCCTATCAG-1	1.9051183790795987	1.4753957244338767
cHC-1L|P5|N11	cHC-1L	P5	cHC-1L|CTATCGACGAAATACA-1	CTATCGACGAAATACA-1	2.000409001613608	1.6797641272782107
cHC-1L|P5|N11	cHC-1L	P5	cHC-1L|CTGGAAGACACGGTGG-1	CTGGAAGACACGGTGG-1	1.8302945575389116	1.450207050348154
cHC-1L|P5|N11	cHC-1L	P5	cHC-1L|GATTAACCGAAAGCCC-1	GATTAACCGAAAGCCC-1	2.5018797888345654	2.063598842112587
cHC-1L|P5|N11	cHC-1L	P5	cHC-1L|GCACACACTGGTAGCC-1	GCACACACTGGTAGCC-1	1.6079002857145857	1.5125865774194587
cHC-1L|P5|N11	cHC-1L	P5	cHC-1L|GCTAGAGTAGAGATGT-1	GCTAGAGTAGAGATGT-1	1.8235279590860511	1.6084555506253997
cHC-1L|P5|N11	cHC-1L	P5	cHC-1L|GTATCAAACGTTAGCT-1	GTATCAAACGTTAGCT-1	2.574169100448531	2.0100429179874624
cHC-1L|P5|N11	cHC-1L	P5	cHC-1L|GTCTATTGGTTCCGGT-1	GTCTATTGGTTCCGGT-1	2.4649050739990535	1.6978813166487867
cHC-1L|P5|N11	cHC-1L	P5	cHC-1L|TAGAGGTTCTACTTGT-1	TAGAGGTTCTACTTGT-1	1.949249133455805	1.5863089137575734
cHC-1L|P5|N11	cHC-1L	P5	cHC-1L|TTATCCGGGATCTATA-1	TTATCCGGGATCTATA-1	3.4105244652616524	1.942110992202229
cHC-1L|P5|N11	cHC-1L	P5	cHC-1L|TTCAGCTGGCGTGCCC-1	TTCAGCTGGCGTGCCC-1	2.923527678180643	2.4867006404656973
cHC-1L|P5|N12	cHC-1L	P5	cHC-1L|AACTCAAGTTAATTGC-1	AACTCAAGTTAATTGC-1	1.7092504995843507	1.6258738251166536
cHC-1L|P5|N12	cHC-1L	P5	cHC-1L|ACGATGCATATGTTAT-1	ACGATGCATATGTTAT-1	3.0969556066063624	1.7208839992985283
cHC-1L|P5|N12	cHC-1L	P5	cHC-1L|AGCTCTTTACTCAGTT-1	AGCTCTTTACTCAGTT-1	2.970013276114257	1.686787061705945
cHC-1L|P5|N12	cHC-1L	P5	cHC-1L|AGTCAACACCACCATC-1	AGTCAACACCACCATC-1	2.381346007447025	1.759177325364953
cHC-1L|P5|N12	cHC-1L	P5	cHC-1L|CCACACTGAGATATTA-1	CCACACTGAGATATTA-1	1.4384698540565728	1.4334275056778183
cHC-1L|P5|N12	cHC-1L	P5	cHC-1L|CGATACCTCGCGGACA-1	CGATACCTCGCGGACA-1	1.8128651881868083	1.538199448493749
cHC-1L|P5|N12	cHC-1L	P5	cHC-1L|CGATCCGACCCAGTGC-1	CGATCCGACCCAGTGC-1	2.088410211849878	1.6455930604366027
cHC-1L|P5|N12	cHC-1L	P5	cHC-1L|CTTCGTAGATAGGTGA-1	CTTCGTAGATAGGTGA-1	2.5346439958047373	1.8472801301440012
cHC-1L|P5|N12	cHC-1L	P5	cHC-1L|GAAGTGATTTATCGTG-1	GAAGTGATTTATCGTG-1	1.7222129959043233	1.6092357740509948
cHC-1L|P5|N12	cHC-1L	P5	cHC-1L|GGGAGGATGCCCGAAA-1	GGGAGGATGCCCGAAA-1	2.831363052230017	1.5920977710622246
cHC-1L|P5|N12	cHC-1L	P5	cHC-1L|TGCAGAGTACCGAGCA-1	TGCAGAGTACCGAGCA-1	1.8254229800751178	1.5316786564065505
cHC-1L|P5|N17	cHC-1L	P5	cHC-1L|AAGCTCTTTCATGGTG-1	AAGCTCTTTCATGGTG-1	2.227797359048103	1.9646233879312573
cHC-1L|P5|N17	cHC-1L	P5	cHC-1L|ACGGACTCTCAAAGCG-1	ACGGACTCTCAAAGCG-1	2.400080979287358	1.8654737848774432
cHC-1L|P5|N17	cHC-1L	P5	cHC-1L|ACGGATGGTGCGGATA-1	ACGGATGGTGCGGATA-1	2.7539605232667563	2.2847301681121657
cHC-1L|P5|N17	cHC-1L	P5	cHC-1L|ACTTACGCATCCACGC-1	ACTTACGCATCCACGC-1	2.7972705589330675	2.459295394748926
cHC-1L|P5|N17	cHC-1L	P5	cHC-1L|AGTTTGCACCTGCCTC-1	AGTTTGCACCTGCCTC-1	2.995270381575667	2.173010478696419
cHC-1L|P5|N17	cHC-1L	P5	cHC-1L|ATACTGCCTTACACCG-1	ATACTGCCTTACACCG-1	2.4387099591662107	2.026343607852433
cHC-1L|P5|N17	cHC-1L	P5	cHC-1L|ATGCTCTGGCGCGGTA-1	ATGCTCTGGCGCGGTA-1	1.6840669105938673	1.5256411610429
cHC-1L|P5|N17	cHC-1L	P5	cHC-1L|CACATCTCACCGACGA-1	CACATCTCACCGACGA-1	2.5975179300253206	2.045995484073649
cHC-1L|P5|N17	cHC-1L	P5	cHC-1L|CATAAGAAGCTTGGCT-1	CATAAGAAGCTTGGCT-1	2.496772508724897	1.499078832355249
cHC-1L|P5|N17	cHC-1L	P5	cHC-1L|CGTTAATGTCCCGACG-1	CGTTAATGTCCCGACG-1	2.8572123811503785	1.7274412276811357
cHC-1L|P5|N17	cHC-1L	P5	cHC-1L|CGTTGAATACCGCGCT-1	CGTTGAATACCGCGCT-1	2.961354831003391	2.410590917866525
cHC-1L|P5|N17	cHC-1L	P5	cHC-1L|CTTCAACTCCACTTGG-1	CTTCAACTCCACTTGG-1	2.718851141459257	1.9837214501400955
cHC-1L|P5|N17	cHC-1L	P5	cHC-1L|GAATGCGAATCGGTTC-1	GAATGCGAATCGGTTC-1	2.606746744107798	1.5139375129976376
cHC-1L|P5|N17	cHC-1L	P5	cHC-1L|GAGCACCTGTGTCCAG-1	GAGCACCTGTGTCCAG-1	1.283541867116528	1.5618588305169772
cHC-1L|P5|N17	cHC-1L	P5	cHC-1L|GGCGCGGAGATCTTTC-1	GGCGCGGAGATCTTTC-1	1.6517636013294226	1.5473883981725511
cHC-1L|P5|N17	cHC-1L	P5	cHC-1L|GTCCCGCGACGTTATG-1	GTCCCGCGACGTTATG-1	3.064395929149845	2.1783001939934925
cHC-1L|P5|N17	cHC-1L	P5	cHC-1L|GTGTATATCAGCGGGC-1	GTGTATATCAGCGGGC-1	3.0102130161528105	2.6776285783261304
cHC-1L|P5|N17	cHC-1L	P5	cHC-1L|GTTAAGGGTGCGATGT-1	GTTAAGGGTGCGATGT-1	2.5482263104276512	1.8861566851974176
cHC-1L|P5|N17	cHC-1L	P5	cHC-1L|TAAGGCCCGTCACCCT-1	TAAGGCCCGTCACCCT-1	2.210697618837307	1.5395537957379015
cHC-1L|P5|N17	cHC-1L	P5	cHC-1L|TACAGAAACGGTGGGC-1	TACAGAAACGGTGGGC-1	1.6908122463452337	1.558175549891049
cHC-1L|P5|N17	cHC-1L	P5	cHC-1L|TATACGCGTCATCACT-1	TATACGCGTCATCACT-1	2.693461620360477	1.6104507962570276
cHC-1L|P5|N17	cHC-1L	P5	cHC-1L|TCAAATTTGAGACTCA-1	TCAAATTTGAGACTCA-1	3.132807704359689	2.006540018567382
cHC-1L|P5|N17	cHC-1L	P5	cHC-1L|TTATAGGTAATTGTCT-1	TTATAGGTAATTGTCT-1	2.0010170317281686	1.6575376052196507
cHC-1L|P5|N23	cHC-1L	P5	cHC-1L|AATGTTGTCGTGAGAC-1	AATGTTGTCGTGAGAC-1	1.9128520876934179	1.8318910467465361
cHC-1L|P5|N23	cHC-1L	P5	cHC-1L|ACGCCAGTGCGTTTGC-1	ACGCCAGTGCGTTTGC-1	2.4835668233186947	2.215033124253971
cHC-1L|P5|N23	cHC-1L	P5	cHC-1L|ACGGTACAGTTCAATG-1	ACGGTACAGTTCAATG-1	2.5338343322436314	1.5818424599759877
cHC-1L|P5|N23	cHC-1L	P5	cHC-1L|AGGTGCACGTCCACAT-1	AGGTGCACGTCCACAT-1	3.1262106843925035	2.4534976934347394
cHC-1L|P5|N23	cHC-1L	P5	cHC-1L|AGTTGGCAAGGCTAGA-1	AGTTGGCAAGGCTAGA-1	1.9216781895247612	1.5389691201626587
cHC-1L|P5|N23	cHC-1L	P5	cHC-1L|CATGGTTTATTAATCA-1	CATGGTTTATTAATCA-1	2.4917936850162548	2.1829800388353835
cHC-1L|P5|N23	cHC-1L	P5	cHC-1L|CATTACGCAGGAAGGG-1	CATTACGCAGGAAGGG-1	2.2018602444160527	2.333279620504667
cHC-1L|P5|N23	cHC-1L	P5	cHC-1L|CCAAGGTTGCCCTTTC-1	CCAAGGTTGCCCTTTC-1	2.849498583541828	2.437911382255269
cHC-1L|P5|N23	cHC-1L	P5	cHC-1L|CCGCACTTGCAATGAC-1	CCGCACTTGCAATGAC-1	2.577182592070964	2.1991076179398474
cHC-1L|P5|N23	cHC-1L	P5	cHC-1L|CTGGTAAAGACTTACA-1	CTGGTAAAGACTTACA-1	3.207136091376747	2.3352732551159354
cHC-1L|P5|N23	cHC-1L	P5	cHC-1L|CTTGCCCACCCACGCA-1	CTTGCCCACCCACGCA-1	2.1057510893121574	2.0410229441188164
cHC-1L|P5|N23	cHC-1L	P5	cHC-1L|GACACAGCCGGGACTG-1	GACACAGCCGGGACTG-1	1.4453690136223476	1.5353148759311113
cHC-1L|P5|N23	cHC-1L	P5	cHC-1L|GGACAACCATGAAGCC-1	GGACAACCATGAAGCC-1	2.4447505354140846	2.576854237768222
cHC-1L|P5|N23	cHC-1L	P5	cHC-1L|GGCACTGCGGTGGTTT-1	GGCACTGCGGTGGTTT-1	2.7160483593340756	1.8213175466870721
cHC-1L|P5|N23	cHC-1L	P5	cHC-1L|GGGAAAGAATGCCAAC-1	GGGAAAGAATGCCAAC-1	1.794641377053427	1.576920101448661
cHC-1L|P5|N23	cHC-1L	P5	cHC-1L|GTTATCAAGCTATCGA-1	GTTATCAAGCTATCGA-1	3.1016204265156566	2.556386744980756
cHC-1L|P5|N23	cHC-1L	P5	cHC-1L|TCACTATCCCTTCGGT-1	TCACTATCCCTTCGGT-1	1.6115121502568897	1.433264197260289
cHC-1L|P5|N23	cHC-1L	P5	cHC-1L|TGTGACTAGAGTTTGC-1	TGTGACTAGAGTTTGC-1	3.1572206696603735	2.0618732251527057
cHC-1L|P5|N23	cHC-1L	P5	cHC-1L|TTAAAGTAAGTCGCCA-1	TTAAAGTAAGTCGCCA-1	2.447525625038955	2.066834908436518
cHC-1L|P5|N23	cHC-1L	P5	cHC-1L|TTGCGCTTGATCAATA-1	TTGCGCTTGATCAATA-1	3.226511511081532	2.28637457088594
cHC-1L|P5|N24	cHC-1L	P5	cHC-1L|AATTAGCGCTGCAGCG-1	AATTAGCGCTGCAGCG-1	2.6048897748899154	2.422256756912478
cHC-1L|P5|N24	cHC-1L	P5	cHC-1L|ACATTAGTTTATATCC-1	ACATTAGTTTATATCC-1	2.9408081278631424	2.0122955568523757
cHC-1L|P5|N24	cHC-1L	P5	cHC-1L|ACCCGGAAACTCCCAG-1	ACCCGGAAACTCCCAG-1	2.0478933449340917	1.7316361473428552
cHC-1L|P5|N24	cHC-1L	P5	cHC-1L|ATACCTAACCAAGAAA-1	ATACCTAACCAAGAAA-1	2.487921285480416	1.843978816244476
cHC-1L|P5|N24	cHC-1L	P5	cHC-1L|CCATCGCAGTTAAACT-1	CCATCGCAGTTAAACT-1	1.8109061274690692	1.5324063026712245
cHC-1L|P5|N24	cHC-1L	P5	cHC-1L|CCTCTGTACTATTCTA-1	CCTCTGTACTATTCTA-1	2.013765509707254	1.8650253821022078
cHC-1L|P5|N24	cHC-1L	P5	cHC-1L|CGATTAAATATCTCCT-1	CGATTAAATATCTCCT-1	1.6947300788417912	1.5348477618630656
cHC-1L|P5|N24	cHC-1L	P5	cHC-1L|CGGAGCAATTTAATCG-1	CGGAGCAATTTAATCG-1	2.583155481212573	1.7751162135625096
cHC-1L|P5|N24	cHC-1L	P5	cHC-1L|CGGCAAACATCGTGCG-1	CGGCAAACATCGTGCG-1	1.8756803181728758	1.4647441049728553
cHC-1L|P5|N24	cHC-1L	P5	cHC-1L|CTATTCATGTGTCCCA-1	CTATTCATGTGTCCCA-1	2.0761352989706543	2.0461444174538315
cHC-1L|P5|N24	cHC-1L	P5	cHC-1L|GCCCGATCTGTGGTCG-1	GCCCGATCTGTGGTCG-1	1.8497245810323202	1.809210258963216
cHC-1L|P5|N24	cHC-1L	P5	cHC-1L|GCGTCGCCAGGGTGAT-1	GCGTCGCCAGGGTGAT-1	1.9807104905792696	1.7982707728293001
cHC-1L|P5|N24	cHC-1L	P5	cHC-1L|GTGGACGCATTTGTCC-1	GTGGACGCATTTGTCC-1	2.512711911972947	2.115681335897611
cHC-1L|P5|N24	cHC-1L	P5	cHC-1L|GTTGGTCATGCTATCC-1	GTTGGTCATGCTATCC-1	3.085205094362613	2.2129718604343616
cHC-1L|P5|N24	cHC-1L	P5	cHC-1L|GTTTGGGCTTGTGAGC-1	GTTTGGGCTTGTGAGC-1	1.9444186926907376	1.7343797029853216
cHC-1L|P5|N24	cHC-1L	P5	cHC-1L|TCCGCTTATCCCATTA-1	TCCGCTTATCCCATTA-1	1.977740964487222	1.5188883651644212
cHC-1L|P5|N24	cHC-1L	P5	cHC-1L|TGAGCGGAAAGTGTTC-1	TGAGCGGAAAGTGTTC-1	1.6931436134814333	1.4759038982249253
cHC-1L|P5|N24	cHC-1L	P5	cHC-1L|TGCTCGGCGAAACCCA-1	TGCTCGGCGAAACCCA-1	2.6518756629704803	1.6080907523195267
cHC-1L|P5|N24	cHC-1L	P5	cHC-1L|TTAGAAGAACATGACT-1	TTAGAAGAACATGACT-1	2.6877332221294203	2.347328619529157
cHC-1L|P5|N27	cHC-1L	P5	cHC-1L|ACACTGGGACAGTCGT-1	ACACTGGGACAGTCGT-1	2.391578461617592	1.9365060436933095
cHC-1L|P5|N27	cHC-1L	P5	cHC-1L|AGCCCTTGGACATCCC-1	AGCCCTTGGACATCCC-1	2.308926996070929	1.805506385590769
cHC-1L|P5|N27	cHC-1L	P5	cHC-1L|ATGCTTAGGAGTTGAT-1	ATGCTTAGGAGTTGAT-1	3.131681498905409	2.2848629001053755
cHC-1L|P5|N27	cHC-1L	P5	cHC-1L|CGGGTTTGTTAGGGCT-1	CGGGTTTGTTAGGGCT-1	2.7299348178817646	2.2085744383041863
cHC-1L|P5|N27	cHC-1L	P5	cHC-1L|CTAGCCACAGGCGAGC-1	CTAGCCACAGGCGAGC-1	1.6563068640300116	1.5289176112457983
cHC-1L|P5|N27	cHC-1L	P5	cHC-1L|CTATCGCGTAGAGAAC-1	CTATCGCGTAGAGAAC-1	1.7583773753698986	1.4625199944032579
cHC-1L|P5|N27	cHC-1L	P5	cHC-1L|CTGGTAAAGTGTGGGC-1	CTGGTAAAGTGTGGGC-1	2.5661999399302258	1.7516937096826912
cHC-1L|P5|N27	cHC-1L	P5	cHC-1L|GACAAGAGATGAGATT-1	GACAAGAGATGAGATT-1	2.792006978789786	2.186064932842691
cHC-1L|P5|N27	cHC-1L	P5	cHC-1L|GGCCTGCTTCTCCCGA-1	GGCCTGCTTCTCCCGA-1	1.6126013729262207	1.601374265058992
cHC-1L|P5|N27	cHC-1L	P5	cHC-1L|GTAACATCTAAGATAA-1	GTAACATCTAAGATAA-1	3.0142624911497267	1.9005099184575631
cHC-1L|P5|N27	cHC-1L	P5	cHC-1L|TACTCTTACTTTACTG-1	TACTCTTACTTTACTG-1	3.097324241739772	1.685144903464531
cHC-1L|P5|N27	cHC-1L	P5	cHC-1L|TCTCTCGCCGCACATA-1	TCTCTCGCCGCACATA-1	2.7388776472766696	1.9049434744725628
cHC-1L|P5|N27	cHC-1L	P5	cHC-1L|TCTTCGCGGTGAGAGG-1	TCTTCGCGGTGAGAGG-1	1.5895050578827832	1.4535190335123254
cHC-1L|P5|N39	cHC-1L	P5	cHC-1L|AGCCACAGGTTACCCG-1	AGCCACAGGTTACCCG-1	1.8353956160965639	1.4472772075802653
cHC-1L|P5|N39	cHC-1L	P5	cHC-1L|CCGTAGGAAATCCCTG-1	CCGTAGGAAATCCCTG-1	1.8275639420838485	1.7649550134220835
cHC-1L|P5|N39	cHC-1L	P5	cHC-1L|CCTATGTCCACTCCAC-1	CCTATGTCCACTCCAC-1	1.6169019509174696	1.45057960792529
cHC-1L|P5|N39	cHC-1L	P5	cHC-1L|CTTTGCATCGCTCTTG-1	CTTTGCATCGCTCTTG-1	2.5164451600881836	2.0731870938839023
cHC-1L|P5|N39	cHC-1L	P5	cHC-1L|GCCACTCAGAGCGCGA-1	GCCACTCAGAGCGCGA-1	1.8433058517096543	1.7995557772861805
cHC-1L|P5|N39	cHC-1L	P5	cHC-1L|GTATCCTTTGGTAACC-1	GTATCCTTTGGTAACC-1	1.6821811427423639	1.4881713358391424
cHC-1L|P5|N39	cHC-1L	P5	cHC-1L|GTTTGGGTTTCGCCCG-1	GTTTGGGTTTCGCCCG-1	2.8103279318001735	2.2549214734876157
cHC-1L|P5|N39	cHC-1L	P5	cHC-1L|TAGATGGTTCCTTACT-1	TAGATGGTTCCTTACT-1	2.877542419612289	1.9228509895032122
cHC-1L|P5|N39	cHC-1L	P5	cHC-1L|TCACAAACCGAGGTAC-1	TCACAAACCGAGGTAC-1	2.8430100058525247	1.9277031113588072
cHC-1L|P5|N39	cHC-1L	P5	cHC-1L|TCGGCTTGTATCGACG-1	TCGGCTTGTATCGACG-1	1.9233156155054143	1.5754509027404722
cHC-1L|P5|N39	cHC-1L	P5	cHC-1L|TCTCCACAAGTTGAAT-1	TCTCCACAAGTTGAAT-1	1.7234401031060638	1.5802363858026791
cHC-1L|P5|N39	cHC-1L	P5	cHC-1L|TTAAGTATTGTTATCC-1	TTAAGTATTGTTATCC-1	1.9944204574134843	1.667644195650738
cHC-1L|P6|N1	cHC-1L	P6	cHC-1L|AAATAGGGTGCTATTG-1	AAATAGGGTGCTATTG-1	1.6453989939405629	1.1954547836083225
cHC-1L|P6|N1	cHC-1L	P6	cHC-1L|AAGCTCTTTCATGGTG-1	AAGCTCTTTCATGGTG-1	2.4335062988029934	1.8422785656867542
cHC-1L|P6|N1	cHC-1L	P6	cHC-1L|AAGTGTTTGGAGACGG-1	AAGTGTTTGGAGACGG-1	1.8002954693114037	1.259994981679506
cHC-1L|P6|N1	cHC-1L	P6	cHC-1L|AGCACTACCTCACCAG-1	AGCACTACCTCACCAG-1	2.6727679703450877	1.852494519381927
cHC-1L|P6|N1	cHC-1L	P6	cHC-1L|ATACTGCCTTACACCG-1	ATACTGCCTTACACCG-1	1.8472880224681911	1.305519960585126
cHC-1L|P6|N1	cHC-1L	P6	cHC-1L|CAATGCGAGAAGTATC-1	CAATGCGAGAAGTATC-1	2.7476319472606328	2.0621157450146645
cHC-1L|P6|N1	cHC-1L	P6	cHC-1L|CACCCTAACAAGATCT-1	CACCCTAACAAGATCT-1	1.6338893942879273	1.262663277195223
cHC-1L|P6|N1	cHC-1L	P6	cHC-1L|CATGGGTATGCCTTAT-1	CATGGGTATGCCTTAT-1	1.7646932850276857	1.4600778076416052
cHC-1L|P6|N1	cHC-1L	P6	cHC-1L|CCTATAATGAGTGCCC-1	CCTATAATGAGTGCCC-1	1.1504233767844327	1.2303091499117196
cHC-1L|P6|N1	cHC-1L	P6	cHC-1L|GAGCACCTGTGTCCAG-1	GAGCACCTGTGTCCAG-1	2.1273213289859183	1.4314862718321104
cHC-1L|P6|N1	cHC-1L	P6	cHC-1L|GCTAGGCACCACGGAG-1	GCTAGGCACCACGGAG-1	2.721450997824866	1.7326077371556352
cHC-1L|P6|N1	cHC-1L	P6	cHC-1L|GTCCCGCGACGTTATG-1	GTCCCGCGACGTTATG-1	1.9804009871215573	1.5242101310822038
cHC-1L|P6|N1	cHC-1L	P6	cHC-1L|TACAGAAACGGTGGGC-1	TACAGAAACGGTGGGC-1	2.6021104050908086	1.5781622888757851
cHC-1L|P6|N1	cHC-1L	P6	cHC-1L|TACCAATAAAGTACCA-1	TACCAATAAAGTACCA-1	1.7149549116577938	1.5561607564036983
cHC-1L|P6|N24	cHC-1L	P6	cHC-1L|AATAGAATCTGTTTCA-1	AATAGAATCTGTTTCA-1	1.9353165626119542	1.3042564019865313
cHC-1L|P6|N24	cHC-1L	P6	cHC-1L|AATTGAACGCTCTGGT-1	AATTGAACGCTCTGGT-1	2.3328942974372273	1.713925904839618
cHC-1L|P6|N24	cHC-1L	P6	cHC-1L|ACAAATCGCACCGAAT-1	ACAAATCGCACCGAAT-1	0.9403402916061228	1.3469975346490062
cHC-1L|P6|N24	cHC-1L	P6	cHC-1L|ACAAATGGTAGTGTTT-1	ACAAATGGTAGTGTTT-1	1.8293884292194238	1.4630445703946204
cHC-1L|P6|N24	cHC-1L	P6	cHC-1L|AGATACTCAAGATCGA-1	AGATACTCAAGATCGA-1	2.1924770433395895	1.4259741299694293
cHC-1L|P6|N24	cHC-1L	P6	cHC-1L|ATGGTCGCGTGGTTTC-1	ATGGTCGCGTGGTTTC-1	2.5478796008930376	1.938988245611373
cHC-1L|P6|N24	cHC-1L	P6	cHC-1L|CTTTACCGAATAGTAG-1	CTTTACCGAATAGTAG-1	1.7684771602830427	1.5397730128687614
cHC-1L|P6|N24	cHC-1L	P6	cHC-1L|GTTAAAGTAGGACTGG-1	GTTAAAGTAGGACTGG-1	4.276237856753115	2.363853716033988
cHC-1L|P6|N24	cHC-1L	P6	cHC-1L|TCACAGGGAATCGCAA-1	TCACAGGGAATCGCAA-1	4.065049386941813	2.1970003659656316
cHC-1L|P6|N24	cHC-1L	P6	cHC-1L|TCCGCTGTCATCCCGG-1	TCCGCTGTCATCCCGG-1	1.6239330021583862	1.3334270369359766
cHC-1L|P6|N24	cHC-1L	P6	cHC-1L|TCGCACCAGGAGGCAG-1	TCGCACCAGGAGGCAG-1	4.47721364911518	2.316968515524767
cHC-1L|P6|N24	cHC-1L	P6	cHC-1L|TCTCATGAGATAGGGT-1	TCTCATGAGATAGGGT-1	1.858405588225951	1.3149814723992812
cHC-1L|P6|N24	cHC-1L	P6	cHC-1L|TGTTATTGTATGTGGC-1	TGTTATTGTATGTGGC-1	1.6994303710886374	1.3337955602001152
cHC-1L|P6|N24	cHC-1L	P6	cHC-1L|TTAGAGTTTAGAAGGA-1	TTAGAGTTTAGAAGGA-1	2.1188682442329614	1.4534884105192922
cHC-1L|P6|N24	cHC-1L	P6	cHC-1L|TTATCCGGGATCTATA-1	TTATCCGGGATCTATA-1	1.784915151990371	1.113277424601896
cHC-1L|P6|N24	cHC-1L	P6	cHC-1L|TTCAGCCCTGGTCCAC-1	TTCAGCCCTGGTCCAC-1	2.1807718599407	1.428234663874093
cHC-1L|P6|N24	cHC-1L	P6	cHC-1L|TTCCTCGGACTAACCA-1	TTCCTCGGACTAACCA-1	2.6498350443676424	1.7759006805587683
cHC-1L|P6|N42	cHC-1L	P6	cHC-1L|ACTCGCCGTTCGATAA-1	ACTCGCCGTTCGATAA-1	2.016990463441625	1.1963755989273592
cHC-1L|P6|N42	cHC-1L	P6	cHC-1L|AGGTGCACGTCCACAT-1	AGGTGCACGTCCACAT-1	1.624247181657207	1.7147121983741025
cHC-1L|P6|N42	cHC-1L	P6	cHC-1L|CATCCCGAGATTCATA-1	CATCCCGAGATTCATA-1	2.2358885228079792	1.7957798800244298
cHC-1L|P6|N42	cHC-1L	P6	cHC-1L|CATGGTTTATTAATCA-1	CATGGTTTATTAATCA-1	2.798580858548804	2.3133472746026946
cHC-1L|P6|N42	cHC-1L	P6	cHC-1L|CCAAGGTTGCCCTTTC-1	CCAAGGTTGCCCTTTC-1	3.6139352290937867	2.699534246345365
cHC-1L|P6|N42	cHC-1L	P6	cHC-1L|CCGCACTTGCAATGAC-1	CCGCACTTGCAATGAC-1	2.4456681999432477	1.8944662178402685
cHC-1L|P6|N42	cHC-1L	P6	cHC-1L|GCTTTACACAACTGGG-1	GCTTTACACAACTGGG-1	3.4292501202616794	2.0399822052237697
cHC-1L|P6|N42	cHC-1L	P6	cHC-1L|GGACAACCATGAAGCC-1	GGACAACCATGAAGCC-1	4.493694332242287	2.717507565837898
cHC-1L|P6|N42	cHC-1L	P6	cHC-1L|GGCACTGCGGTGGTTT-1	GGCACTGCGGTGGTTT-1	1.7794917492605604	1.6920051103848737
cHC-1L|P6|N42	cHC-1L	P6	cHC-1L|GGGAAAGAATGCCAAC-1	GGGAAAGAATGCCAAC-1	2.107470148890941	1.7069930059702703
cHC-1L|P6|N42	cHC-1L	P6	cHC-1L|GTAGTGAGCAACCTCA-1	GTAGTGAGCAACCTCA-1	2.013682044249975	1.4471085576083254
cHC-1L|P6|N42	cHC-1L	P6	cHC-1L|GTTATCAAGCTATCGA-1	GTTATCAAGCTATCGA-1	1.2006080633158913	1.37174467176055
cHC-1L|P6|N42	cHC-1L	P6	cHC-1L|TCACTATCCCTTCGGT-1	TCACTATCCCTTCGGT-1	1.91498229959496	1.1595724133803889
cHC-1L|P6|N42	cHC-1L	P6	cHC-1L|TGTACTTCCGGGCATG-1	TGTACTTCCGGGCATG-1	0.9236450030630838	1.1017242254748447
cHC-1L|P6|N42	cHC-1L	P6	cHC-1L|TGTGACTAGAGTTTGC-1	TGTGACTAGAGTTTGC-1	2.2545284950182385	1.7734811302144862
cHC-1L|P6|N42	cHC-1L	P6	cHC-1L|TTAAAGTAAGTCGCCA-1	TTAAAGTAAGTCGCCA-1	2.3381800364390077	1.9488040299420968
cHC-1L|P6|N42	cHC-1L	P6	cHC-1L|TTGCCTTCTCGCCGGG-1	TTGCCTTCTCGCCGGG-1	2.488071900521855	1.6720993582369885
cHC-1L|P6|N42	cHC-1L	P6	cHC-1L|TTGTGATCTGTTCAGT-1	TTGTGATCTGTTCAGT-1	2.1236409884686687	1.866959946657908
cHC-1L|P6|N49	cHC-1L	P6	cHC-1L|AGCCCTTGGACATCCC-1	AGCCCTTGGACATCCC-1	4.149133145148521	2.346315014940945
cHC-1L|P6|N49	cHC-1L	P6	cHC-1L|ATGCTTAGGAGTTGAT-1	ATGCTTAGGAGTTGAT-1	2.246750788187368	1.7087127185510023
cHC-1L|P6|N49	cHC-1L	P6	cHC-1L|CAACGTGGTGGAGTCT-1	CAACGTGGTGGAGTCT-1	1.5816562256607063	1.4106283353339364
cHC-1L|P6|N49	cHC-1L	P6	cHC-1L|CAGAATAACACACGGA-1	CAGAATAACACACGGA-1	2.0309040662320816	1.6199459309363797
cHC-1L|P6|N49	cHC-1L	P6	cHC-1L|CGGGTTTGTTAGGGCT-1	CGGGTTTGTTAGGGCT-1	1.2643647238056859	1.2606156726193114
cHC-1L|P6|N49	cHC-1L	P6	cHC-1L|CTCCTGTTCAAGGCAG-1	CTCCTGTTCAAGGCAG-1	1.446578978943206	1.2606978148588412
cHC-1L|P6|N49	cHC-1L	P6	cHC-1L|GACAAGAGATGAGATT-1	GACAAGAGATGAGATT-1	1.8171980648086652	1.7548499507382647
cHC-1L|P6|N49	cHC-1L	P6	cHC-1L|GCAGTTCGATCCGAGC-1	GCAGTTCGATCCGAGC-1	1.3993395221688905	1.3211137796557129
cHC-1L|P6|N49	cHC-1L	P6	cHC-1L|GTAACATCTAAGATAA-1	GTAACATCTAAGATAA-1	2.1467703851801496	1.6503229022015886
cHC-1L|P6|N49	cHC-1L	P6	cHC-1L|TCTCTCGCCGCACATA-1	TCTCTCGCCGCACATA-1	1.8955830918178636	1.5683396474980738
ICC-1L|P1|N3	ICC-1L	P1	ICC-1L|AAACCGTTCGTCCAGG-1	AAACCGTTCGTCCAGG-1	1.9982825069715435	1.2088975857880087
ICC-1L|P1|N3	ICC-1L	P1	ICC-1L|AACTCTCAGTGTGCTC-1	AACTCTCAGTGTGCTC-1	0.0	0.7522582273174193
ICC-1L|P1|N3	ICC-1L	P1	ICC-1L|AATAGAACAGAGTGGC-1	AATAGAACAGAGTGGC-1	2.8177155643183895	1.6436723492840355
ICC-1L|P1|N3	ICC-1L	P1	ICC-1L|CACCCGGTTTGTGACT-1	CACCCGGTTTGTGACT-1	3.979805327707268	2.0331402372259877
ICC-1L|P1|N3	ICC-1L	P1	ICC-1L|CATAGCGTTGCCCACC-1	CATAGCGTTGCCCACC-1	2.5301600126619728	1.4759332060642547
ICC-1L|P1|N3	ICC-1L	P1	ICC-1L|CCACCAACTTTACTGT-1	CCACCAACTTTACTGT-1	0.518850880468246	0.7575994264573573
ICC-1L|P1|N3	ICC-1L	P1	ICC-1L|CCGCGGAATGCGTCAC-1	CCGCGGAATGCGTCAC-1	2.817774805498089	1.8102157920387933
ICC-1L|P1|N3	ICC-1L	P1	ICC-1L|GCGGACCGCGTTGTGG-1	GCGGACCGCGTTGTGG-1	1.9982251071585952	1.400450662951767
ICC-1L|P1|N3	ICC-1L	P1	ICC-1L|GCTAGCTTGAATAGCT-1	GCTAGCTTGAATAGCT-1	0.0	0.8026664986622182
ICC-1L|P1|N3	ICC-1L	P1	ICC-1L|TGATACATTTAGCCGT-1	TGATACATTTAGCCGT-1	2.530238396799219	1.4759658661214405
ICC-1L|P1|N9	ICC-1L	P1	ICC-1L|AAATCCGATACACGCC-1	AAATCCGATACACGCC-1	0.9693534851628518	0.8924799668430854
ICC-1L|P1|N9	ICC-1L	P1	ICC-1L|CGATAGTCGTACTGCA-1	CGATAGTCGTACTGCA-1	2.165808999398153	1.391003097774461
ICC-1L|P1|N9	ICC-1L	P1	ICC-1L|CGCCCAGCGTTTCACG-1	CGCCCAGCGTTTCACG-1	1.5901748236553142	1.2352377984253016
ICC-1L|P1|N9	ICC-1L	P1	ICC-1L|CGCGAAGTGGCATACT-1	CGCGAAGTGGCATACT-1	2.328303781346777	1.5654523468150072
ICC-1L|P1|N9	ICC-1L	P1	ICC-1L|GTATCCTTTGGTAACC-1	GTATCCTTTGGTAACC-1	1.3306890155253375	1.0382460102640252
ICC-1L|P1|N9	ICC-1L	P1	ICC-1L|GTCATGCGCGAGGGCT-1	GTCATGCGCGAGGGCT-1	2.4874295982938763	1.6450286294358831
ICC-1L|P1|N9	ICC-1L	P1	ICC-1L|TAGGCTAAAGTGGCAC-1	TAGGCTAAAGTGGCAC-1	2.4874621821205616	1.4510168909181038
ICC-1L|P1|N9	ICC-1L	P1	ICC-1L|TCGCCGACATATTCGC-1	TCGCCGACATATTCGC-1	1.137654868086448	0.8300909744233078
ICC-1L|P1|N9	ICC-1L	P1	ICC-1L|TCTATGCTATAACGAC-1	TCTATGCTATAACGAC-1	2.328175875405549	1.469004004108784
ICC-1L|P1|N9	ICC-1L	P1	ICC-1L|TTAAGTATTGTTATCC-1	TTAAGTATTGTTATCC-1	2.146642154610728	1.316726397237085
ICC-1L|P1|N24	ICC-1L	P1	ICC-1L|AAGTGCAAAGGTAGAC-1	AAGTGCAAAGGTAGAC-1	2.4973660067354864	1.6461002800837021
ICC-1L|P1|N24	ICC-1L	P1	ICC-1L|AGGGTGGATAGTGCAT-1	AGGGTGGATAGTGCAT-1	2.2716044622121143	1.631274024523499
ICC-1L|P1|N24	ICC-1L	P1	ICC-1L|ATACTTGTTCTCGAGC-1	ATACTTGTTCTCGAGC-1	0.0	0.7275117192403281
ICC-1L|P1|N24	ICC-1L	P1	ICC-1L|CATCTGCAGGATCATT-1	CATCTGCAGGATCATT-1	0.0	0.7604005404903086
ICC-1L|P1|N24	ICC-1L	P1	ICC-1L|CTTAGCCCGGATAGTG-1	CTTAGCCCGGATAGTG-1	2.497402858379392	1.4568152630843199
ICC-1L|P1|N24	ICC-1L	P1	ICC-1L|GAGAGCGCAGTCCCTG-1	GAGAGCGCAGTCCCTG-1	1.5483393943643673	0.9893112160492218
ICC-1L|P1|N24	ICC-1L	P1	ICC-1L|GAGTCGACAGACCCTC-1	GAGTCGACAGACCCTC-1	0.0	0.742157159272451
ICC-1L|P1|N24	ICC-1L	P1	ICC-1L|GCGTTATATTTGGAAC-1	GCGTTATATTTGGAAC-1	2.0880862686143766	1.331401093830006
ICC-1L|P1|N24	ICC-1L	P1	ICC-1L|GTCCTATTGTTGTGGT-1	GTCCTATTGTTGTGGT-1	2.581698226404458	1.5494788307257057
ICC-1L|P1|N24	ICC-1L	P1	ICC-1L|GTTAATGTCTATCTTA-1	GTTAATGTCTATCTTA-1	3.4482955142738136	2.0874553180391144
ICC-1L|P1|N24	ICC-1L	P1	ICC-1L|TTCTTGTGTCCATCAG-1	TTCTTGTGTCCATCAG-1	1.5552172159173525	1.035778430599122
ICC-1L|P1|N27	ICC-1L	P1	ICC-1L|AATCATGTAAAGACTC-1	AATCATGTAAAGACTC-1	1.5141146972347097	1.094087687895043
ICC-1L|P1|N27	ICC-1L	P1	ICC-1L|ACGCATACGTTTACTA-1	ACGCATACGTTTACTA-1	2.62043901286414	1.8422674605604565
ICC-1L|P1|N27	ICC-1L	P1	ICC-1L|AGTCACTAGCTCTCGA-1	AGTCACTAGCTCTCGA-1	2.5251245786756598	1.829125764948251
ICC-1L|P1|N27	ICC-1L	P1	ICC-1L|ATTGGATTACAGCGTA-1	ATTGGATTACAGCGTA-1	1.2435583961561025	1.088994078868381
ICC-1L|P1|N27	ICC-1L	P1	ICC-1L|CACCGTATCCCATCCG-1	CACCGTATCCCATCCG-1	1.2748268816848591	0.874189839807989
ICC-1L|P1|N27	ICC-1L	P1	ICC-1L|CATGGATTGTCTTCCG-1	CATGGATTGTCTTCCG-1	0.0	0.972814083148854
ICC-1L|P1|N27	ICC-1L	P1	ICC-1L|CCATATGGAAACTATA-1	CCATATGGAAACTATA-1	2.8413167875867136	1.7343590243834905
ICC-1L|P1|N27	ICC-1L	P1	ICC-1L|CTACACTCGCAGATGG-1	CTACACTCGCAGATGG-1	2.6191679321068895	1.9481686190832335
ICC-1L|P1|N27	ICC-1L	P1	ICC-1L|CTATGGGAAGCGGAAT-1	CTATGGGAAGCGGAAT-1	1.2460222892406445	0.9634174099322236
ICC-1L|P1|N27	ICC-1L	P1	ICC-1L|GACGAGGCTAATAAAC-1	GACGAGGCTAATAAAC-1	3.765407517433747	2.6591769110815426
ICC-1L|P1|N27	ICC-1L	P1	ICC-1L|GCGAAACGATCGGGAG-1	GCGAAACGATCGGGAG-1	1.5192394926565975	1.1998528856671715
ICC-1L|P1|N31	ICC-1L	P1	ICC-1L|ACAAATCGCACCGAAT-1	ACAAATCGCACCGAAT-1	1.3572046465080396	1.2181020848782704
ICC-1L|P1|N31	ICC-1L	P1	ICC-1L|ACTTCAGGCTGATCCC-1	ACTTCAGGCTGATCCC-1	1.3178828876209872	1.2308734996897908
ICC-1L|P1|N31	ICC-1L	P1	ICC-1L|AGCTCCTTCGCACATC-1	AGCTCCTTCGCACATC-1	2.3982550131997797	1.400670238905658
ICC-1L|P1|N31	ICC-1L	P1	ICC-1L|CATGTAAGAGACATTT-1	CATGTAAGAGACATTT-1	4.1366485618876325	2.427512063092832
ICC-1L|P1|N31	ICC-1L	P1	ICC-1L|CATGTCTCATTTATGG-1	CATGTCTCATTTATGG-1	2.465338585126425	1.4780567116449008
ICC-1L|P1|N31	ICC-1L	P1	ICC-1L|CTTTACCGAATAGTAG-1	CTTTACCGAATAGTAG-1	1.5130253401597085	1.274908319400145
ICC-1L|P1|N31	ICC-1L	P1	ICC-1L|GAGCCAGCTACCTGTG-1	GAGCCAGCTACCTGTG-1	4.254815070461725	2.4784404606203867
ICC-1L|P1|N31	ICC-1L	P1	ICC-1L|GCAGATCCATAAGACT-1	GCAGATCCATAAGACT-1	2.398204560209024	1.5250423095511358
ICC-1L|P1|N31	ICC-1L	P1	ICC-1L|GCTATACGTCTCGGAC-1	GCTATACGTCTCGGAC-1	0.0	0.7539132297226233
ICC-1L|P1|N31	ICC-1L	P1	ICC-1L|GGCTGAAATAGCAAAG-1	GGCTGAAATAGCAAAG-1	2.358735855330543	1.587363581317432
ICC-1L|P1|N31	ICC-1L	P1	ICC-1L|GTAGTCGCGGGAATCA-1	GTAGTCGCGGGAATCA-1	1.252186481869285	1.2394017295842445
ICC-1L|P1|N31	ICC-1L	P1	ICC-1L|GTCCGGACCTGAAATT-1	GTCCGGACCTGAAATT-1	0.05543831532646481	0.7287001459806949
ICC-1L|P1|N31	ICC-1L	P1	ICC-1L|GTCTATTGGTTCCGGT-1	GTCTATTGGTTCCGGT-1	2.374410454520273	1.3850035977226183
ICC-1L|P1|N31	ICC-1L	P1	ICC-1L|GTTCGTCTAAAGAACT-1	GTTCGTCTAAAGAACT-1	2.373580445549781	1.38465776065158
ICC-1L|P1|N31	ICC-1L	P1	ICC-1L|TCGCACCAGGAGGCAG-1	TCGCACCAGGAGGCAG-1	2.3909024298410277	1.719285370864585
ICC-1L|P1|N31	ICC-1L	P1	ICC-1L|TCTCATGAGATAGGGT-1	TCTCATGAGATAGGGT-1	1.4316236888205507	0.9224133716395968
ICC-1L|P1|N31	ICC-1L	P1	ICC-1L|TCTGATGTATTCTGTC-1	TCTGATGTATTCTGTC-1	0.0	0.8084495857250217
ICC-1L|P1|N31	ICC-1L	P1	ICC-1L|TGCCTTGGCCAGGCAA-1	TGCCTTGGCCAGGCAA-1	3.1150775942025	1.6673623710696657
ICC-1L|P1|N31	ICC-1L	P1	ICC-1L|TTAGACGAGTCACCTC-1	TTAGACGAGTCACCTC-1	1.2528589321156123	0.9273396608244584
ICC-1L|P2|N1	ICC-1L	P2	ICC-1L|AAACATTTCCCGGATT-1	AAACATTTCCCGGATT-1	1.1902138905260504	1.2696114363499473
ICC-1L|P2|N1	ICC-1L	P2	ICC-1L|AAACCTAAGCAGCCGG-1	AAACCTAAGCAGCCGG-1	1.8742002045858677	1.3578254776470862
ICC-1L|P2|N1	ICC-1L	P2	ICC-1L|AAACGGGCGTACGGGT-1	AAACGGGCGTACGGGT-1	1.3123818330170633	1.6009059842963325
ICC-1L|P2|N1	ICC-1L	P2	ICC-1L|AAATCCGATACACGCC-1	AAATCCGATACACGCC-1	2.060531420202971	1.7530907583773194
ICC-1L|P2|N1	ICC-1L	P2	ICC-1L|ACAGCGACATTCTCAT-1	ACAGCGACATTCTCAT-1	2.052751332659889	1.7043452614952521
ICC-1L|P2|N1	ICC-1L	P2	ICC-1L|ACCAACCGCACTCCAC-1	ACCAACCGCACTCCAC-1	1.6904314987657116	1.2872899804489089
ICC-1L|P2|N1	ICC-1L	P2	ICC-1L|ACGTTCTGTACAAGTC-1	ACGTTCTGTACAAGTC-1	1.5530192883327505	1.6550004703499948
ICC-1L|P2|N1	ICC-1L	P2	ICC-1L|AGCGATGCGCCTAATA-1	AGCGATGCGCCTAATA-1	2.055220492477156	1.301827019285848
ICC-1L|P2|N1	ICC-1L	P2	ICC-1L|AGCTAAGTACGCAGGC-1	AGCTAAGTACGCAGGC-1	1.7754429673813876	1.5902062272378024
ICC-1L|P2|N1	ICC-1L	P2	ICC-1L|ATAAACGTTGCACCAC-1	ATAAACGTTGCACCAC-1	2.168713697819769	1.4147883870777742
ICC-1L|P2|N1	ICC-1L	P2	ICC-1L|ATACTACCCGTACCAC-1	ATACTACCCGTACCAC-1	1.8710754511593326	1.6852965101660313
ICC-1L|P2|N1	ICC-1L	P2	ICC-1L|ATAGCAACTAGGGAAG-1	ATAGCAACTAGGGAAG-1	0.9203359059837259	1.2595592779186005
ICC-1L|P2|N1	ICC-1L	P2	ICC-1L|ATATAACACGGGCGCA-1	ATATAACACGGGCGCA-1	1.9851537544302091	1.8391966527589658
ICC-1L|P2|N1	ICC-1L	P2	ICC-1L|ATCATAGCCCTATGTA-1	ATCATAGCCCTATGTA-1	1.9331605967733299	1.6925313648353557
ICC-1L|P2|N1	ICC-1L	P2	ICC-1L|ATCGTTAGCTAGCGGA-1	ATCGTTAGCTAGCGGA-1	1.8966513528232203	1.5957888802310505
ICC-1L|P2|N1	ICC-1L	P2	ICC-1L|ATCTCCCACGGAATAT-1	ATCTCCCACGGAATAT-1	1.9086557967881037	1.5402771183344117
ICC-1L|P2|N1	ICC-1L	P2	ICC-1L|ATTATTCAGAGTCACT-1	ATTATTCAGAGTCACT-1	1.1878648779247838	1.2762196181368468
ICC-1L|P2|N1	ICC-1L	P2	ICC-1L|ATTCAACCATTTAAGG-1	ATTCAACCATTTAAGG-1	1.6780475284166487	1.7351081188028041
ICC-1L|P2|N1	ICC-1L	P2	ICC-1L|CAACCAGTGGCCTACC-1	CAACCAGTGGCCTACC-1	1.8555520222189563	1.5260035275442068
ICC-1L|P2|N1	ICC-1L	P2	ICC-1L|CAACCTACCGAGCAGT-1	CAACCTACCGAGCAGT-1	1.9518599249659043	1.5507877489262394
ICC-1L|P2|N1	ICC-1L	P2	ICC-1L|CACTACGGGAGCTGCC-1	CACTACGGGAGCTGCC-1	1.7444775501893508	1.4983278917270728
ICC-1L|P2|N1	ICC-1L	P2	ICC-1L|CACTCTTCTGCTAGCC-1	CACTCTTCTGCTAGCC-1	1.56889176059708	1.5225603571069681
ICC-1L|P2|N1	ICC-1L	P2	ICC-1L|CAGGCAGTCTTACCAG-1	CAGGCAGTCTTACCAG-1	1.788135442659611	1.4696038645836105
ICC-1L|P2|N1	ICC-1L	P2	ICC-1L|CATAGTCAAATACATA-1	CATAGTCAAATACATA-1	1.9158573150049685	1.8008157145826724
ICC-1L|P2|N1	ICC-1L	P2	ICC-1L|CCACTGTTTGGATTAA-1	CCACTGTTTGGATTAA-1	1.9550419624824158	1.6904435266402167
ICC-1L|P2|N1	ICC-1L	P2	ICC-1L|CCCAAGTCATTACACT-1	CCCAAGTCATTACACT-1	1.17764209932464	1.2502587917386743
ICC-1L|P2|N1	ICC-1L	P2	ICC-1L|CCGCTCTTCCGAACTA-1	CCGCTCTTCCGAACTA-1	1.8659169434459921	1.4262012034503617
ICC-1L|P2|N1	ICC-1L	P2	ICC-1L|CCTCCTGTTGTGTCGT-1	CCTCCTGTTGTGTCGT-1	1.819475368391489	1.5140314709931473
ICC-1L|P2|N1	ICC-1L	P2	ICC-1L|CGAGAGCTTTCACTAC-1	CGAGAGCTTTCACTAC-1	1.8489461362590676	1.6549424475087768
ICC-1L|P2|N1	ICC-1L	P2	ICC-1L|CGATAGTCGTACTGCA-1	CGATAGTCGTACTGCA-1	1.376523739260618	1.3209806332808796
ICC-1L|P2|N1	ICC-1L	P2	ICC-1L|CGCCCAGCGTTTCACG-1	CGCCCAGCGTTTCACG-1	1.5868131553156746	1.709272936832337
ICC-1L|P2|N1	ICC-1L	P2	ICC-1L|CGCCGTTCAGCATAGT-1	CGCCGTTCAGCATAGT-1	1.963173149330329	1.7642834358815151
ICC-1L|P2|N1	ICC-1L	P2	ICC-1L|CGCGAAGTGGCATACT-1	CGCGAAGTGGCATACT-1	1.4755532275158787	1.3915952309515394
ICC-1L|P2|N1	ICC-1L	P2	ICC-1L|CTAACTGATAATCGCC-1	CTAACTGATAATCGCC-1	1.937638955080407	1.83078794738217
ICC-1L|P2|N1	ICC-1L	P2	ICC-1L|CTACACTCGCAGATGG-1	CTACACTCGCAGATGG-1	1.5049101447842002	1.543288460704815
ICC-1L|P2|N1	ICC-1L	P2	ICC-1L|CTCTAGCCCTCGGAAA-1	CTCTAGCCCTCGGAAA-1	2.13698524122478	1.7786234624383082
ICC-1L|P2|N1	ICC-1L	P2	ICC-1L|CTGCAAGCACGTTCCG-1	CTGCAAGCACGTTCCG-1	1.9884962587798511	1.4696331361785544
ICC-1L|P2|N1	ICC-1L	P2	ICC-1L|CTGCCTTTCTAGTAAA-1	CTGCCTTTCTAGTAAA-1	1.573213016921666	1.3660285419058122
ICC-1L|P2|N1	ICC-1L	P2	ICC-1L|GAGGCCTGTTGATACA-1	GAGGCCTGTTGATACA-1	1.6884384272441153	1.4297287861053558
ICC-1L|P2|N1	ICC-1L	P2	ICC-1L|GCATGCTAATAACGAT-1	GCATGCTAATAACGAT-1	1.7956922938559738	1.6934856608488604
ICC-1L|P2|N1	ICC-1L	P2	ICC-1L|GCCACTCAGAGCGCGA-1	GCCACTCAGAGCGCGA-1	1.9313584318172314	1.3276323712248626
ICC-1L|P2|N1	ICC-1L	P2	ICC-1L|GGAGCAACATTTCAAG-1	GGAGCAACATTTCAAG-1	1.6309701172551443	1.407977011252414
ICC-1L|P2|N1	ICC-1L	P2	ICC-1L|GGCGTAGGGAAAGCTG-1	GGCGTAGGGAAAGCTG-1	1.8516720201474777	1.263559698015154
ICC-1L|P2|N1	ICC-1L	P2	ICC-1L|GGTCTCCGTCCAGGTT-1	GGTCTCCGTCCAGGTT-1	1.45795726473645	1.2603223498643654
ICC-1L|P2|N1	ICC-1L	P2	ICC-1L|GGTTTGTGACCTGAGG-1	GGTTTGTGACCTGAGG-1	1.9749254981749844	1.6303490023738105
ICC-1L|P2|N1	ICC-1L	P2	ICC-1L|GTATCCTTTGGTAACC-1	GTATCCTTTGGTAACC-1	2.1271532352546076	1.8427402916079747
ICC-1L|P2|N1	ICC-1L	P2	ICC-1L|GTCTAGTGAGCCGCTT-1	GTCTAGTGAGCCGCTT-1	1.3147439265240797	1.5879654638292116
ICC-1L|P2|N1	ICC-1L	P2	ICC-1L|GTTTCAAACGAGTTGT-1	GTTTCAAACGAGTTGT-1	1.7925932704944154	1.5280473897988145
ICC-1L|P2|N1	ICC-1L	P2	ICC-1L|TAATTACGTCAGTAGA-1	TAATTACGTCAGTAGA-1	1.7817090352332756	1.4982170059626312
ICC-1L|P2|N1	ICC-1L	P2	ICC-1L|TACAAGGGCTTCTTTA-1	TACAAGGGCTTCTTTA-1	1.6168889525622847	1.4399691997944997
ICC-1L|P2|N1	ICC-1L	P2	ICC-1L|TACCGAATAATTGTAA-1	TACCGAATAATTGTAA-1	1.9274230117254436	1.7238890779085847
ICC-1L|P2|N1	ICC-1L	P2	ICC-1L|TACGCTCGGTATTGGA-1	TACGCTCGGTATTGGA-1	1.788420807546049	1.395734028623488
ICC-1L|P2|N1	ICC-1L	P2	ICC-1L|TAGAATAGCCGATGAA-1	TAGAATAGCCGATGAA-1	2.000423696142829	1.7295400946674824
ICC-1L|P2|N1	ICC-1L	P2	ICC-1L|TAGATGGTTCCTTACT-1	TAGATGGTTCCTTACT-1	1.709010543427626	1.5475940763154377
ICC-1L|P2|N1	ICC-1L	P2	ICC-1L|TCACAAACCGAGGTAC-1	TCACAAACCGAGGTAC-1	1.8622669275331136	1.3910312153506408
ICC-1L|P2|N1	ICC-1L	P2	ICC-1L|TCAGCCAATCCGTAAA-1	TCAGCCAATCCGTAAA-1	2.1076785247574583	1.4773214400132229
ICC-1L|P2|N1	ICC-1L	P2	ICC-1L|TCCAACTCAGCTATCT-1	TCCAACTCAGCTATCT-1	1.8893208514035957	1.5762378185125163
ICC-1L|P2|N1	ICC-1L	P2	ICC-1L|TCCGGGCTTGACGGGA-1	TCCGGGCTTGACGGGA-1	1.6527014710831192	1.5302856140704473
ICC-1L|P2|N1	ICC-1L	P2	ICC-1L|TCTATGCTATAACGAC-1	TCTATGCTATAACGAC-1	1.8221926474035477	1.75549083722216
ICC-1L|P2|N1	ICC-1L	P2	ICC-1L|TCTGCATACCTTGCTT-1	TCTGCATACCTTGCTT-1	1.7584023413238037	1.409336580478676
ICC-1L|P2|N1	ICC-1L	P2	ICC-1L|TGATGTCAATTAAGTG-1	TGATGTCAATTAAGTG-1	1.997628937720196	1.7359185962230255
ICC-1L|P2|N1	ICC-1L	P2	ICC-1L|TTAAGTATTGTTATCC-1	TTAAGTATTGTTATCC-1	2.255027940129497	1.7697861099226067
ICC-1L|P2|N1	ICC-1L	P2	ICC-1L|TTCCATCGACAGCGTG-1	TTCCATCGACAGCGTG-1	1.8232594790888583	1.6310433085043081
ICC-1L|P2|N1	ICC-1L	P2	ICC-1L|TTCGGGTTGCCACGGG-1	TTCGGGTTGCCACGGG-1	2.0719930810727485	1.434785879711369
ICC-1L|P2|N1	ICC-1L	P2	ICC-1L|TTGTGGTGGTACTAAG-1	TTGTGGTGGTACTAAG-1	1.4879380792147638	1.4507361144860285
ICC-1L|P2|N2	ICC-1L	P2	ICC-1L|AAATAGCTTAGACTTT-1	AAATAGCTTAGACTTT-1	1.7965310177445544	1.4798917588684415
ICC-1L|P2|N2	ICC-1L	P2	ICC-1L|AACATATCAACTGGTG-1	AACATATCAACTGGTG-1	1.8450059028758217	1.4617800247249857
ICC-1L|P2|N2	ICC-1L	P2	ICC-1L|AACTCTCAATAGAGCG-1	AACTCTCAATAGAGCG-1	1.600188482109313	1.50416592258332
ICC-1L|P2|N2	ICC-1L	P2	ICC-1L|ACCGATGGTAGCATCG-1	ACCGATGGTAGCATCG-1	1.7304548522695749	1.5311890021858336
ICC-1L|P2|N2	ICC-1L	P2	ICC-1L|ACGAGTACGGATGCCC-1	ACGAGTACGGATGCCC-1	2.032006257164364	1.889877843293422
ICC-1L|P2|N2	ICC-1L	P2	ICC-1L|ACGCTAGTGATACACT-1	ACGCTAGTGATACACT-1	1.668104448108372	1.5594290395242685
ICC-1L|P2|N2	ICC-1L	P2	ICC-1L|ACTTATACTTACCCGG-1	ACTTATACTTACCCGG-1	2.6325546606496504	1.7434306514002436
ICC-1L|P2|N2	ICC-1L	P2	ICC-1L|AGATGATGGAGTCTGG-1	AGATGATGGAGTCTGG-1	2.073573302160667	1.535996221661571
ICC-1L|P2|N2	ICC-1L	P2	ICC-1L|AGCAACATATCTTATT-1	AGCAACATATCTTATT-1	1.8759811140093487	1.4535709608131446
ICC-1L|P2|N2	ICC-1L	P2	ICC-1L|AGGGTCGATGCGAACT-1	AGGGTCGATGCGAACT-1	1.6367833869061164	1.586238397519896
ICC-1L|P2|N2	ICC-1L	P2	ICC-1L|AGGGTGCTCTCGAGGG-1	AGGGTGCTCTCGAGGG-1	1.4588120989674804	1.3292996578374177
ICC-1L|P2|N2	ICC-1L	P2	ICC-1L|AGTGAGCCTCGCCGCC-1	AGTGAGCCTCGCCGCC-1	1.8475195444317867	1.606790543415708
ICC-1L|P2|N2	ICC-1L	P2	ICC-1L|AGTGATTCAAGCAGGA-1	AGTGATTCAAGCAGGA-1	1.7505679874101232	1.5609421099390635
ICC-1L|P2|N2	ICC-1L	P2	ICC-1L|ATAAGTAGGATTCAGA-1	ATAAGTAGGATTCAGA-1	1.5583057134695721	1.252223039843343
ICC-1L|P2|N2	ICC-1L	P2	ICC-1L|ATATCAACCTACAGAG-1	ATATCAACCTACAGAG-1	1.9971887416927678	1.4020871827767583
ICC-1L|P2|N2	ICC-1L	P2	ICC-1L|ATCTGCACCTCTGCGA-1	ATCTGCACCTCTGCGA-1	1.7550478173474702	1.6578270388058607
ICC-1L|P2|N2	ICC-1L	P2	ICC-1L|ATTGATGAGTCCTAAC-1	ATTGATGAGTCCTAAC-1	1.6058849659164494	1.4917543090920824
ICC-1L|P2|N2	ICC-1L	P2	ICC-1L|ATTGTACAACTCGGCT-1	ATTGTACAACTCGGCT-1	1.6240834342371586	1.5333584961542577
ICC-1L|P2|N2	ICC-1L	P2	ICC-1L|CAAGTGTGGTTGCAAA-1	CAAGTGTGGTTGCAAA-1	1.6240200089967685	1.3416263747814052
ICC-1L|P2|N2	ICC-1L	P2	ICC-1L|CACACGCGCTGTCTTA-1	CACACGCGCTGTCTTA-1	1.5693963169842895	1.556631416193985
ICC-1L|P2|N2	ICC-1L	P2	ICC-1L|CACCCAAATCTTATGT-1	CACCCAAATCTTATGT-1	2.1880807309715813	1.8606345502608819
ICC-1L|P2|N2	ICC-1L	P2	ICC-1L|CAGACCTGTAAGTGTT-1	CAGACCTGTAAGTGTT-1	1.7484262296291608	1.4746086184958038
ICC-1L|P2|N2	ICC-1L	P2	ICC-1L|CATAACGGACAGTCGT-1	CATAACGGACAGTCGT-1	1.5000116316884278	1.3837143074291174
ICC-1L|P2|N2	ICC-1L	P2	ICC-1L|CATCTTACACCACCTC-1	CATCTTACACCACCTC-1	1.9942258339725576	1.6041030799159965
ICC-1L|P2|N2	ICC-1L	P2	ICC-1L|CCATCTCACCAGTGAA-1	CCATCTCACCAGTGAA-1	2.3710746736240282	1.8031800327757224
ICC-1L|P2|N2	ICC-1L	P2	ICC-1L|CCCAAACATGCTGCTC-1	CCCAAACATGCTGCTC-1	2.276800707062701	1.757719558296417
ICC-1L|P2|N2	ICC-1L	P2	ICC-1L|CCTCACCTGAGGGAGC-1	CCTCACCTGAGGGAGC-1	1.679643507584738	1.5829781396284741
ICC-1L|P2|N2	ICC-1L	P2	ICC-1L|CGGGTGTACCCATTTA-1	CGGGTGTACCCATTTA-1	1.5495322950768045	1.3174146518071015
ICC-1L|P2|N2	ICC-1L	P2	ICC-1L|CTAATTCTCAGATATT-1	CTAATTCTCAGATATT-1	1.8044116285008576	1.5329187620999214
ICC-1L|P2|N2	ICC-1L	P2	ICC-1L|CTAGATGTGAGTGTAA-1	CTAGATGTGAGTGTAA-1	1.549052882364748	1.297969304562843
ICC-1L|P2|N2	ICC-1L	P2	ICC-1L|CTGACTGCGCAGCTCG-1	CTGACTGCGCAGCTCG-1	1.5299243535175662	1.3861069762805802
ICC-1L|P2|N2	ICC-1L	P2	ICC-1L|CTTGAGTTAGGGTAAT-1	CTTGAGTTAGGGTAAT-1	1.8188793662483933	1.446017295415225
ICC-1L|P2|N2	ICC-1L	P2	ICC-1L|GACGGTCAATAGAAGC-1	GACGGTCAATAGAAGC-1	1.3576404055526579	1.4573055623430475
ICC-1L|P2|N2	ICC-1L	P2	ICC-1L|GATATTGAGATTGGCG-1	GATATTGAGATTGGCG-1	1.902291336170711	1.8056977300054218
ICC-1L|P2|N2	ICC-1L	P2	ICC-1L|GCGTAAATGGCCATAA-1	GCGTAAATGGCCATAA-1	1.8117940976532594	1.7846549811765378
ICC-1L|P2|N2	ICC-1L	P2	ICC-1L|GGATGTCCTTACCGCA-1	GGATGTCCTTACCGCA-1	1.5263470391368594	1.5623552032885497
ICC-1L|P2|N2	ICC-1L	P2	ICC-1L|GGTACCATTAAGACGG-1	GGTACCATTAAGACGG-1	1.6923301346806947	1.468984106954644
ICC-1L|P2|N2	ICC-1L	P2	ICC-1L|GGTTTCAATCGGTCAG-1	GGTTTCAATCGGTCAG-1	1.7951129387561455	1.4080945598003916
ICC-1L|P2|N2	ICC-1L	P2	ICC-1L|TAACCTACCGTCCGAG-1	TAACCTACCGTCCGAG-1	1.7801306115822175	1.6076006513114485
ICC-1L|P2|N2	ICC-1L	P2	ICC-1L|TACGCTATAGAAACCT-1	TACGCTATAGAAACCT-1	2.157913066137839	1.8495054707445702
ICC-1L|P2|N2	ICC-1L	P2	ICC-1L|TAGGTCGCCGGAACTG-1	TAGGTCGCCGGAACTG-1	1.4015166636736158	1.3975523188774401
ICC-1L|P2|N2	ICC-1L	P2	ICC-1L|TATATCCCTGGGAGGA-1	TATATCCCTGGGAGGA-1	1.8230620149125056	1.4704922474762818
ICC-1L|P2|N2	ICC-1L	P2	ICC-1L|TCATTTAAGTCTCCGA-1	TCATTTAAGTCTCCGA-1	1.700665391379803	1.518988139375792
ICC-1L|P2|N2	ICC-1L	P2	ICC-1L|TCCGGCCTAGCGTACA-1	TCCGGCCTAGCGTACA-1	1.3860881377428145	1.3327890699175522
ICC-1L|P2|N2	ICC-1L	P2	ICC-1L|TCTAGGTGGCGACGCT-1	TCTAGGTGGCGACGCT-1	1.9818435705784498	1.6561161092233538
ICC-1L|P2|N2	ICC-1L	P2	ICC-1L|TCTTTAAGACTATGAA-1	TCTTTAAGACTATGAA-1	1.8245258188028461	1.4188851404882317
ICC-1L|P2|N2	ICC-1L	P2	ICC-1L|TGACATCGAGCGGACC-1	TGACATCGAGCGGACC-1	1.5316238577062218	1.4001006296985237
ICC-1L|P2|N2	ICC-1L	P2	ICC-1L|TGACGATGCACTAGAA-1	TGACGATGCACTAGAA-1	1.9344511300090081	1.490999956482335
ICC-1L|P2|N2	ICC-1L	P2	ICC-1L|TGATCCCAGCATTAGT-1	TGATCCCAGCATTAGT-1	1.7500190610420294	1.2824528891362217
ICC-1L|P2|N2	ICC-1L	P2	ICC-1L|TTAGCTGATTTGCCGT-1	TTAGCTGATTTGCCGT-1	1.7717445465451405	1.4432978298998482
ICC-1L|P2|N2	ICC-1L	P2	ICC-1L|TTCTAACCGAAGCTTA-1	TTCTAACCGAAGCTTA-1	1.48634144405448	1.5188622026521081
ICC-1L|P2|N2	ICC-1L	P2	ICC-1L|TTCTGCTAGACTCCAA-1	TTCTGCTAGACTCCAA-1	1.9042860478672317	1.691455242381399
ICC-1L|P2|N2	ICC-1L	P2	ICC-1L|TTGAATTCACGTGAGG-1	TTGAATTCACGTGAGG-1	1.7946992909367103	1.3127561410632735
ICC-1L|P2|N11	ICC-1L	P2	ICC-1L|AAGCCGAAGCGGTTTA-1	AAGCCGAAGCGGTTTA-1	1.5943680479772748	1.5384346811038774
ICC-1L|P2|N11	ICC-1L	P2	ICC-1L|AATATCGAATCAATGC-1	AATATCGAATCAATGC-1	1.5075688359948825	1.4484787791855394
ICC-1L|P2|N11	ICC-1L	P2	ICC-1L|AGAGTAAACTTCACTA-1	AGAGTAAACTTCACTA-1	2.046022426881024	1.507562362671595
ICC-1L|P2|N11	ICC-1L	P2	ICC-1L|ATTACATGTCAGTCTT-1	ATTACATGTCAGTCTT-1	1.8639880355031369	1.7991151615071572
ICC-1L|P2|N11	ICC-1L	P2	ICC-1L|CACACAGCTTGCGCTC-1	CACACAGCTTGCGCTC-1	1.9026620957453186	1.6213337772589083
ICC-1L|P2|N11	ICC-1L	P2	ICC-1L|CCCTCCTCGCTCGTAT-1	CCCTCCTCGCTCGTAT-1	2.019389808925032	1.7527780305294884
ICC-1L|P2|N11	ICC-1L	P2	ICC-1L|CGGGAATATAGTATAC-1	CGGGAATATAGTATAC-1	1.8613758445496955	1.3575901781285782
ICC-1L|P2|N11	ICC-1L	P2	ICC-1L|CGTTAAACTAGTTAGG-1	CGTTAAACTAGTTAGG-1	1.778566726887963	1.4177393045471054
ICC-1L|P2|N11	ICC-1L	P2	ICC-1L|CTTCGGCCAATTGTTT-1	CTTCGGCCAATTGTTT-1	1.4618962905471677	1.3458314047266984
ICC-1L|P2|N11	ICC-1L	P2	ICC-1L|GAACGCGGGTCACACG-1	GAACGCGGGTCACACG-1	1.5565694516692867	1.3340854174346997
ICC-1L|P2|N11	ICC-1L	P2	ICC-1L|GAGCGCAAATACTCCG-1	GAGCGCAAATACTCCG-1	2.14420664640207	1.7820072385091015
ICC-1L|P2|N11	ICC-1L	P2	ICC-1L|GCACAAACGAGGCGTG-1	GCACAAACGAGGCGTG-1	1.8417631455199766	1.3906024882947123
ICC-1L|P2|N11	ICC-1L	P2	ICC-1L|GTGCTTACATCAGCGC-1	GTGCTTACATCAGCGC-1	1.7809952849370758	1.4320880042549016
ICC-1L|P2|N11	ICC-1L	P2	ICC-1L|TGAGTTAAAGACATTC-1	TGAGTTAAAGACATTC-1	1.6585828704114125	1.3959422059760704
ICC-1L|P2|N11	ICC-1L	P2	ICC-1L|TTGGACCATCTGGCAA-1	TTGGACCATCTGGCAA-1	2.01813986240606	1.4382357077802779
ICC-1L|P2|N11	ICC-1L	P2	ICC-1L|TTGGGACGTAAGAGTT-1	TTGGGACGTAAGAGTT-1	1.6780240952206382	1.391511576227538
ICC-1L|P2|N14	ICC-1L	P2	ICC-1L|AAGTAGTGACGCGAGG-1	AAGTAGTGACGCGAGG-1	2.2800350140081864	1.8440098870757988
ICC-1L|P2|N14	ICC-1L	P2	ICC-1L|ACAATCCATTTAAACC-1	ACAATCCATTTAAACC-1	1.9700700646139928	1.3314277352248816
ICC-1L|P2|N14	ICC-1L	P2	ICC-1L|ACCTAATCGACTTCCT-1	ACCTAATCGACTTCCT-1	2.203502514291999	1.4871820372268114
ICC-1L|P2|N14	ICC-1L	P2	ICC-1L|ATACCACGGGCAACTT-1	ATACCACGGGCAACTT-1	2.1518634256642373	1.616606151902877
ICC-1L|P2|N14	ICC-1L	P2	ICC-1L|CACGAAAGTTAGTCCC-1	CACGAAAGTTAGTCCC-1	2.252992832554023	1.7171615466127665
ICC-1L|P2|N14	ICC-1L	P2	ICC-1L|CATACCCGTACCCAGT-1	CATACCCGTACCCAGT-1	1.872842723909302	1.2544604960492662
ICC-1L|P2|N14	ICC-1L	P2	ICC-1L|CCTCCGACAATTCAAG-1	CCTCCGACAATTCAAG-1	1.677162537482929	1.323293044029575
ICC-1L|P2|N14	ICC-1L	P2	ICC-1L|CCTCTCTCCCATCTAG-1	CCTCTCTCCCATCTAG-1	1.6687925224040907	1.2639293107027934
ICC-1L|P2|N14	ICC-1L	P2	ICC-1L|CGAAGTTGCTCTGTGT-1	CGAAGTTGCTCTGTGT-1	1.6092360917312296	1.2593343110372028
ICC-1L|P2|N14	ICC-1L	P2	ICC-1L|GAGGCTATCAAAGTCG-1	GAGGCTATCAAAGTCG-1	2.000083480517381	1.4346097738663344
ICC-1L|P2|N14	ICC-1L	P2	ICC-1L|GGCGCAGGACATCTTC-1	GGCGCAGGACATCTTC-1	2.3766037321423843	1.6610544038594006
ICC-1L|P2|N14	ICC-1L	P2	ICC-1L|GTACTCCCTTATCGCT-1	GTACTCCCTTATCGCT-1	2.016582796120278	1.6733223047303816
ICC-1L|P2|N14	ICC-1L	P2	ICC-1L|TACGATGTTGATCATC-1	TACGATGTTGATCATC-1	1.6178912767014806	1.2847290454679428
ICC-1L|P2|N14	ICC-1L	P2	ICC-1L|TCCCGGGTGTGCTGCT-1	TCCCGGGTGTGCTGCT-1	1.9272402924687797	1.664822354138076
ICC-1L|P2|N14	ICC-1L	P2	ICC-1L|TGTAGTGATCTATAAT-1	TGTAGTGATCTATAAT-1	1.8413350683599594	1.3802689850771583
ICC-1L|P2|N14	ICC-1L	P2	ICC-1L|TGTCCTAAGTCACCGC-1	TGTCCTAAGTCACCGC-1	2.3142288342578703	1.7141897248727362
ICC-1L|P2|N24	ICC-1L	P2	ICC-1L|ACGACCCATGAGTTGC-1	ACGACCCATGAGTTGC-1	1.9437394977195162	1.618057515165074
ICC-1L|P2|N24	ICC-1L	P2	ICC-1L|AGGCGATAACTGGCGT-1	AGGCGATAACTGGCGT-1	1.357448293783055	1.4060251954948195
ICC-1L|P2|N24	ICC-1L	P2	ICC-1L|ATATTGGAGAGGCCTT-1	ATATTGGAGAGGCCTT-1	1.8438437209667662	1.3786786578012096
ICC-1L|P2|N24	ICC-1L	P2	ICC-1L|GAGTATCAAAGTTACA-1	GAGTATCAAAGTTACA-1	1.4090537688779512	1.3645345760417635
ICC-1L|P2|N24	ICC-1L	P2	ICC-1L|GCCTATCAGGTAAGAT-1	GCCTATCAGGTAAGAT-1	2.331065232012634	1.8224170044633978
ICC-1L|P2|N24	ICC-1L	P2	ICC-1L|GGACTCGAAGCTTTCA-1	GGACTCGAAGCTTTCA-1	1.7587606145349404	1.2984434850419349
ICC-1L|P2|N24	ICC-1L	P2	ICC-1L|GGACTCTTCCGGTTGA-1	GGACTCTTCCGGTTGA-1	1.813653119153532	1.4493527755394258
ICC-1L|P2|N24	ICC-1L	P2	ICC-1L|TCCGGCTGTCGGGTCG-1	TCCGGCTGTCGGGTCG-1	1.7905332052014404	1.6077349631591527
ICC-1L|P2|N24	ICC-1L	P2	ICC-1L|TCTTTCCTTCGAGATA-1	TCTTTCCTTCGAGATA-1	1.7871732639449212	1.5713381907991466
ICC-1L|P2|N24	ICC-1L	P2	ICC-1L|TGAGCTCAACTGTATA-1	TGAGCTCAACTGTATA-1	1.6295757671244242	1.2613849831289303
ICC-1L|P2|N34	ICC-1L	P2	ICC-1L|AGCTGAAGTAAACCAA-1	AGCTGAAGTAAACCAA-1	1.9877934202221237	1.700705620880115
ICC-1L|P2|N34	ICC-1L	P2	ICC-1L|ATATCTCCCTCGTTAA-1	ATATCTCCCTCGTTAA-1	2.2114586760866937	1.5432976336385569
ICC-1L|P2|N34	ICC-1L	P2	ICC-1L|ATCACATTAGAATATC-1	ATCACATTAGAATATC-1	1.6077665622853787	1.3481408344634238
ICC-1L|P2|N34	ICC-1L	P2	ICC-1L|ATGCCGGTTGATGGGA-1	ATGCCGGTTGATGGGA-1	1.654430834046393	1.6649487654199355
ICC-1L|P2|N34	ICC-1L	P2	ICC-1L|CACCCACGAGGCAATT-1	CACCCACGAGGCAATT-1	1.803111953813863	1.4413981426767521
ICC-1L|P2|N34	ICC-1L	P2	ICC-1L|CGGTCTATCAACCCGT-1	CGGTCTATCAACCCGT-1	1.8461244456313317	1.6987306244992348
ICC-1L|P2|N34	ICC-1L	P2	ICC-1L|CTGGCGACATAAGTCC-1	CTGGCGACATAAGTCC-1	1.4244495357690528	1.2712775632260298
ICC-1L|P2|N34	ICC-1L	P2	ICC-1L|GGCATATCGGTTCTGC-1	GGCATATCGGTTCTGC-1	2.266822292669119	1.7867365688900685
ICC-1L|P2|N34	ICC-1L	P2	ICC-1L|TCATGCAGGTTCTCAT-1	TCATGCAGGTTCTCAT-1	1.9312302705443072	1.6425706218514642
ICC-1L|P2|N34	ICC-1L	P2	ICC-1L|TGAGCTTTAATGACGC-1	TGAGCTTTAATGACGC-1	1.6997209144778416	1.6965008490561133
ICC-1L|P2|N51	ICC-1L	P2	ICC-1L|ATCTACCATCTGCTCC-1	ATCTACCATCTGCTCC-1	1.617191101988086	1.3888792769431735
ICC-1L|P2|N51	ICC-1L	P2	ICC-1L|CATAGAGGAGATACTA-1	CATAGAGGAGATACTA-1	1.8648517902241961	1.6952023435060664
ICC-1L|P2|N51	ICC-1L	P2	ICC-1L|CCCTACTTGAACAATG-1	CCCTACTTGAACAATG-1	1.6802227681140036	1.601642655545545
ICC-1L|P2|N51	ICC-1L	P2	ICC-1L|CTTCGATTGCGCAAGC-1	CTTCGATTGCGCAAGC-1	1.718606617415434	1.3829718996565377
ICC-1L|P2|N51	ICC-1L	P2	ICC-1L|GAACAACTGGGATGAA-1	GAACAACTGGGATGAA-1	1.498127701209276	1.2729659107225213
ICC-1L|P2|N51	ICC-1L	P2	ICC-1L|GCAGCTGTCAACGCAT-1	GCAGCTGTCAACGCAT-1	1.736360842853206	1.317273933855405
ICC-1L|P2|N51	ICC-1L	P2	ICC-1L|GGACTCTTTGACTAAG-1	GGACTCTTTGACTAAG-1	1.9624350101860568	1.2918061696944279
ICC-1L|P2|N51	ICC-1L	P2	ICC-1L|GGGAGCGACCGTAGTG-1	GGGAGCGACCGTAGTG-1	1.605376099370039	1.5937046336306344
ICC-1L|P2|N51	ICC-1L	P2	ICC-1L|TCATCGACGACCGTCG-1	TCATCGACGACCGTCG-1	1.5213189053819434	1.41209605359676
ICC-1L|P2|N51	ICC-1L	P2	ICC-1L|TCCTAAAGATTCAGAC-1	TCCTAAAGATTCAGAC-1	2.076102633490348	1.8350620263635835
ICC-1L|P2|N51	ICC-1L	P2	ICC-1L|TGGGTGCACAAGCCAT-1	TGGGTGCACAAGCCAT-1	1.8660406527683409	1.81000313245352
ICC-1L|P2|N51	ICC-1L	P2	ICC-1L|TTGCGTGTGTAGGCAT-1	TTGCGTGTGTAGGCAT-1	1.7759214762516657	1.449848683072764
ICC-1L|P3|N1	ICC-1L	P3	ICC-1L|AAACCTAAGCAGCCGG-1	AAACCTAAGCAGCCGG-1	2.1336767343860314	1.6059809316178635
ICC-1L|P3|N1	ICC-1L	P3	ICC-1L|AAACGGGCGTACGGGT-1	AAACGGGCGTACGGGT-1	1.4283267952462613	1.6954052345007498
ICC-1L|P3|N1	ICC-1L	P3	ICC-1L|AAATCCGATACACGCC-1	AAATCCGATACACGCC-1	1.9769020185017903	1.855334997518657
ICC-1L|P3|N1	ICC-1L	P3	ICC-1L|AACTACCCGTTTGTCA-1	AACTACCCGTTTGTCA-1	1.2390622993056597	1.4944900137976989
ICC-1L|P3|N1	ICC-1L	P3	ICC-1L|AAGCCGAAGCGGTTTA-1	AAGCCGAAGCGGTTTA-1	1.690465865670857	1.672691282945904
ICC-1L|P3|N1	ICC-1L	P3	ICC-1L|AATATCGAATCAATGC-1	AATATCGAATCAATGC-1	1.7149325426288224	1.6963209655380436
ICC-1L|P3|N1	ICC-1L	P3	ICC-1L|ACAGCGACATTCTCAT-1	ACAGCGACATTCTCAT-1	2.0695131935666886	1.8526722522852612
ICC-1L|P3|N1	ICC-1L	P3	ICC-1L|ACCAACCGCACTCCAC-1	ACCAACCGCACTCCAC-1	2.22691149284664	1.6831240067758673
ICC-1L|P3|N1	ICC-1L	P3	ICC-1L|ACGCATACGTTTACTA-1	ACGCATACGTTTACTA-1	1.990825117847981	1.7309331868541653
ICC-1L|P3|N1	ICC-1L	P3	ICC-1L|ACGTTCTGTACAAGTC-1	ACGTTCTGTACAAGTC-1	1.642425646579584	1.8338935514905557
ICC-1L|P3|N1	ICC-1L	P3	ICC-1L|ACTCTGACCTAATAGA-1	ACTCTGACCTAATAGA-1	2.1508871830656258	1.4072895124909808
ICC-1L|P3|N1	ICC-1L	P3	ICC-1L|ACTTGTGGATGGAACG-1	ACTTGTGGATGGAACG-1	1.8600379257697797	1.6050145322413505
ICC-1L|P3|N1	ICC-1L	P3	ICC-1L|AGAGTAAACTTCACTA-1	AGAGTAAACTTCACTA-1	2.1768380922526687	1.6818224963593484
ICC-1L|P3|N1	ICC-1L	P3	ICC-1L|AGCGATGCGCCTAATA-1	AGCGATGCGCCTAATA-1	2.0713071057160146	1.4262388051497707
ICC-1L|P3|N1	ICC-1L	P3	ICC-1L|AGCTAAGTACGCAGGC-1	AGCTAAGTACGCAGGC-1	2.1226907630503917	1.9257909722428517
ICC-1L|P3|N1	ICC-1L	P3	ICC-1L|ATACTACCCGTACCAC-1	ATACTACCCGTACCAC-1	2.176179751436297	1.8853610335982889
ICC-1L|P3|N1	ICC-1L	P3	ICC-1L|ATAGCAACTAGGGAAG-1	ATAGCAACTAGGGAAG-1	1.2607648322542788	1.5387297354282756
ICC-1L|P3|N1	ICC-1L	P3	ICC-1L|ATATAACACGGGCGCA-1	ATATAACACGGGCGCA-1	2.0933695513478465	2.016419874371962
ICC-1L|P3|N1	ICC-1L	P3	ICC-1L|ATCATAGCCCTATGTA-1	ATCATAGCCCTATGTA-1	2.159192583423437	1.9081665240808263
ICC-1L|P3|N1	ICC-1L	P3	ICC-1L|ATCGTTAGCTAGCGGA-1	ATCGTTAGCTAGCGGA-1	2.0799893302556636	1.8157493174774282
ICC-1L|P3|N1	ICC-1L	P3	ICC-1L|ATCTACCATCTGCTCC-1	ATCTACCATCTGCTCC-1	2.2719767507967794	1.8891317568350137
ICC-1L|P3|N1	ICC-1L	P3	ICC-1L|ATCTCCCACGGAATAT-1	ATCTCCCACGGAATAT-1	2.085837165982346	1.7735586477135166
ICC-1L|P3|N1	ICC-1L	P3	ICC-1L|ATTACATGTCAGTCTT-1	ATTACATGTCAGTCTT-1	2.005571590058707	1.923748431367315
ICC-1L|P3|N1	ICC-1L	P3	ICC-1L|ATTATTCAGAGTCACT-1	ATTATTCAGAGTCACT-1	1.599091691558808	1.652970967561259
ICC-1L|P3|N1	ICC-1L	P3	ICC-1L|ATTCAACCATTTAAGG-1	ATTCAACCATTTAAGG-1	2.0562077862940074	2.0641359584948553
ICC-1L|P3|N1	ICC-1L	P3	ICC-1L|ATTGGATTACAGCGTA-1	ATTGGATTACAGCGTA-1	2.2098362002568495	1.6118035623440976
ICC-1L|P3|N1	ICC-1L	P3	ICC-1L|CAACCAGTGGCCTACC-1	CAACCAGTGGCCTACC-1	2.1543614672124125	1.6886252130942716
ICC-1L|P3|N1	ICC-1L	P3	ICC-1L|CAACCTACCGAGCAGT-1	CAACCTACCGAGCAGT-1	2.0834521263215193	1.6921967979913906
ICC-1L|P3|N1	ICC-1L	P3	ICC-1L|CACACACGCTAACGAG-1	CACACACGCTAACGAG-1	1.3015793031620488	1.4628572096545178
ICC-1L|P3|N1	ICC-1L	P3	ICC-1L|CACACAGCTTGCGCTC-1	CACACAGCTTGCGCTC-1	2.1535577890275817	1.938240532541628
ICC-1L|P3|N1	ICC-1L	P3	ICC-1L|CACTACGGGAGCTGCC-1	CACTACGGGAGCTGCC-1	2.241739741866045	1.773086619752208
ICC-1L|P3|N1	ICC-1L	P3	ICC-1L|CACTCTTCTGCTAGCC-1	CACTCTTCTGCTAGCC-1	1.9811284331454313	1.7774390952373254
ICC-1L|P3|N1	ICC-1L	P3	ICC-1L|CAGGCAGTCTTACCAG-1	CAGGCAGTCTTACCAG-1	2.185553454516323	1.7683888420214484
ICC-1L|P3|N1	ICC-1L	P3	ICC-1L|CATAGAGGAGATACTA-1	CATAGAGGAGATACTA-1	2.18277291681202	2.0107464141585156
ICC-1L|P3|N1	ICC-1L	P3	ICC-1L|CATAGTCAAATACATA-1	CATAGTCAAATACATA-1	2.0572816034743315	1.9060003659322833
ICC-1L|P3|N1	ICC-1L	P3	ICC-1L|CCACTGTTTGGATTAA-1	CCACTGTTTGGATTAA-1	1.7887213212156885	1.6263700239156131
ICC-1L|P3|N1	ICC-1L	P3	ICC-1L|CCCAAGTCATTACACT-1	CCCAAGTCATTACACT-1	1.503163936899632	1.63355350143555
ICC-1L|P3|N1	ICC-1L	P3	ICC-1L|CCCTACTTGAACAATG-1	CCCTACTTGAACAATG-1	2.2211168893692435	2.0437394293468905
ICC-1L|P3|N1	ICC-1L	P3	ICC-1L|CCCTCCTCGCTCGTAT-1	CCCTCCTCGCTCGTAT-1	2.1587025395048784	1.8233026580711704
ICC-1L|P3|N1	ICC-1L	P3	ICC-1L|CCGCCGTTGAGGATAA-1	CCGCCGTTGAGGATAA-1	2.2190817661627693	1.47634746816636
ICC-1L|P3|N1	ICC-1L	P3	ICC-1L|CCGCTCTTCCGAACTA-1	CCGCTCTTCCGAACTA-1	2.2361403208826296	1.7785786667247794
ICC-1L|P3|N1	ICC-1L	P3	ICC-1L|CCTCCTGTTGTGTCGT-1	CCTCCTGTTGTGTCGT-1	2.1728084694223027	1.7858870556198356
ICC-1L|P3|N1	ICC-1L	P3	ICC-1L|CGAGAGCTTTCACTAC-1	CGAGAGCTTTCACTAC-1	2.157902372360032	1.8930041247610343
ICC-1L|P3|N1	ICC-1L	P3	ICC-1L|CGCATGCCGAATGCGT-1	CGCATGCCGAATGCGT-1	1.361673508483349	1.451528195650847
ICC-1L|P3|N1	ICC-1L	P3	ICC-1L|CGCCCAGCGTTTCACG-1	CGCCCAGCGTTTCACG-1	2.248118561984877	2.024392243395356
ICC-1L|P3|N1	ICC-1L	P3	ICC-1L|CGCCGTTCAGCATAGT-1	CGCCGTTCAGCATAGT-1	1.9176851372182437	1.8286004231583042
ICC-1L|P3|N1	ICC-1L	P3	ICC-1L|CGCGAAGTGGCATACT-1	CGCGAAGTGGCATACT-1	1.6523065755387087	1.583930145884365
ICC-1L|P3|N1	ICC-1L	P3	ICC-1L|CGGCAATAAGATCGCC-1	CGGCAATAAGATCGCC-1	1.7896512667286737	1.4484490973635382
ICC-1L|P3|N1	ICC-1L	P3	ICC-1L|CGGGAATATAGTATAC-1	CGGGAATATAGTATAC-1	2.189521830595222	1.6178593990108143
ICC-1L|P3|N1	ICC-1L	P3	ICC-1L|CGTGCACACCACTGTA-1	CGTGCACACCACTGTA-1	2.237316033349513	1.7099426476104105
ICC-1L|P3|N1	ICC-1L	P3	ICC-1L|CGTTAAACTAGTTAGG-1	CGTTAAACTAGTTAGG-1	2.19348090900673	1.8247444250142903
ICC-1L|P3|N1	ICC-1L	P3	ICC-1L|CTAACTGATAATCGCC-1	CTAACTGATAATCGCC-1	2.0998927473003626	2.0880392200603364
ICC-1L|P3|N1	ICC-1L	P3	ICC-1L|CTACACTCGCAGATGG-1	CTACACTCGCAGATGG-1	2.129796949210372	2.1068991169704443
ICC-1L|P3|N1	ICC-1L	P3	ICC-1L|CTATGGGAAGCGGAAT-1	CTATGGGAAGCGGAAT-1	2.1915235724689928	1.9730496311350407
ICC-1L|P3|N1	ICC-1L	P3	ICC-1L|CTCAACTAACCCGGAT-1	CTCAACTAACCCGGAT-1	2.285365126998171	1.538947953724679
ICC-1L|P3|N1	ICC-1L	P3	ICC-1L|CTCTAGCCCTCGGAAA-1	CTCTAGCCCTCGGAAA-1	2.0471219879852134	1.8346179277548234
ICC-1L|P3|N1	ICC-1L	P3	ICC-1L|CTGCAAGCACGTTCCG-1	CTGCAAGCACGTTCCG-1	2.1299230888390097	1.6557987701355557
ICC-1L|P3|N1	ICC-1L	P3	ICC-1L|CTGCCTTTCTAGTAAA-1	CTGCCTTTCTAGTAAA-1	1.5805335612112696	1.407028167382805
ICC-1L|P3|N1	ICC-1L	P3	ICC-1L|CTTCGATTGCGCAAGC-1	CTTCGATTGCGCAAGC-1	2.189380342032839	1.7359085829310736
ICC-1L|P3|N1	ICC-1L	P3	ICC-1L|CTTCGGCCAATTGTTT-1	CTTCGGCCAATTGTTT-1	1.7371345734693862	1.5992430736704606
ICC-1L|P3|N1	ICC-1L	P3	ICC-1L|GAACAACTGGGATGAA-1	GAACAACTGGGATGAA-1	2.2322021567050934	1.6467577307355625
ICC-1L|P3|N1	ICC-1L	P3	ICC-1L|GAACGCGGGTCACACG-1	GAACGCGGGTCACACG-1	2.214631755596002	1.8287001399092895
ICC-1L|P3|N1	ICC-1L	P3	ICC-1L|GAATAGCATTTAGGGT-1	GAATAGCATTTAGGGT-1	2.2915870696548777	1.7356803068771591
ICC-1L|P3|N1	ICC-1L	P3	ICC-1L|GACGAGGCTAATAAAC-1	GACGAGGCTAATAAAC-1	1.9516080505905367	1.6665790775467595
ICC-1L|P3|N1	ICC-1L	P3	ICC-1L|GAGCGCAAATACTCCG-1	GAGCGCAAATACTCCG-1	2.066756058666645	1.8499760409457395
ICC-1L|P3|N1	ICC-1L	P3	ICC-1L|GAGGCCTGTTGATACA-1	GAGGCCTGTTGATACA-1	2.2398262917172316	1.7712541930514365
ICC-1L|P3|N1	ICC-1L	P3	ICC-1L|GCACAAACGAGGCGTG-1	GCACAAACGAGGCGTG-1	2.1754417763338423	1.6957286875664295
ICC-1L|P3|N1	ICC-1L	P3	ICC-1L|GCAGCTGTCAACGCAT-1	GCAGCTGTCAACGCAT-1	2.1257945989507037	1.7235158506424895
ICC-1L|P3|N1	ICC-1L	P3	ICC-1L|GCATGCTAATAACGAT-1	GCATGCTAATAACGAT-1	2.178347560932375	2.070178512835719
ICC-1L|P3|N1	ICC-1L	P3	ICC-1L|GCCACTCAGAGCGCGA-1	GCCACTCAGAGCGCGA-1	2.066783677546524	1.4605665661113685
ICC-1L|P3|N1	ICC-1L	P3	ICC-1L|GCGCCTCCCACTCCGA-1	GCGCCTCCCACTCCGA-1	1.2446712773086357	1.509566378175172
ICC-1L|P3|N1	ICC-1L	P3	ICC-1L|GGACTCTTTGACTAAG-1	GGACTCTTTGACTAAG-1	2.1202218965225614	1.5038121454694533
ICC-1L|P3|N1	ICC-1L	P3	ICC-1L|GGAGCAACATTTCAAG-1	GGAGCAACATTTCAAG-1	2.321472721619692	1.9030166211032244
ICC-1L|P3|N1	ICC-1L	P3	ICC-1L|GGCGTAGGGAAAGCTG-1	GGCGTAGGGAAAGCTG-1	2.0915771449064846	1.4457517170772438
ICC-1L|P3|N1	ICC-1L	P3	ICC-1L|GGGAGCGACCGTAGTG-1	GGGAGCGACCGTAGTG-1	1.631407754956825	1.7630212349799868
ICC-1L|P3|N1	ICC-1L	P3	ICC-1L|GGTCAAGACTACTTCG-1	GGTCAAGACTACTTCG-1	1.7890685916235753	1.5242460295579094
ICC-1L|P3|N1	ICC-1L	P3	ICC-1L|GGTCTCCGTCCAGGTT-1	GGTCTCCGTCCAGGTT-1	2.3333027190057303	1.8446607872682295
ICC-1L|P3|N1	ICC-1L	P3	ICC-1L|GGTTTGTGACCTGAGG-1	GGTTTGTGACCTGAGG-1	2.1324123773611383	1.8011815001503617
ICC-1L|P3|N1	ICC-1L	P3	ICC-1L|GTATCCTTTGGTAACC-1	GTATCCTTTGGTAACC-1	2.037776761434676	1.788780149369181
ICC-1L|P3|N1	ICC-1L	P3	ICC-1L|GTCTAGTGAGCCGCTT-1	GTCTAGTGAGCCGCTT-1	1.4073879027409928	1.6907653091499955
ICC-1L|P3|N1	ICC-1L	P3	ICC-1L|GTGCTTACATCAGCGC-1	GTGCTTACATCAGCGC-1	2.2012287639428094	1.824265585978902
ICC-1L|P3|N1	ICC-1L	P3	ICC-1L|GTTATAATACGGTGAA-1	GTTATAATACGGTGAA-1	2.1396253438978596	1.8231776902521486
ICC-1L|P3|N1	ICC-1L	P3	ICC-1L|GTTCGCTGAGACGTCT-1	GTTCGCTGAGACGTCT-1	1.8096351976767309	1.475286571270557
ICC-1L|P3|N1	ICC-1L	P3	ICC-1L|GTTTCAAACGAGTTGT-1	GTTTCAAACGAGTTGT-1	2.2127840439526456	1.8236165655797798
ICC-1L|P3|N1	ICC-1L	P3	ICC-1L|GTTTCTAGAGGCGCGG-1	GTTTCTAGAGGCGCGG-1	2.1182367121199075	1.4579678962242477
ICC-1L|P3|N1	ICC-1L	P3	ICC-1L|TAATTACGTCAGTAGA-1	TAATTACGTCAGTAGA-1	2.204287436678427	1.8453523956627815
ICC-1L|P3|N1	ICC-1L	P3	ICC-1L|TACAAGGGCTTCTTTA-1	TACAAGGGCTTCTTTA-1	2.2250531379789127	1.8934840843172172
ICC-1L|P3|N1	ICC-1L	P3	ICC-1L|TACCGAATAATTGTAA-1	TACCGAATAATTGTAA-1	2.148107068439594	1.968395749976536
ICC-1L|P3|N1	ICC-1L	P3	ICC-1L|TACGCTCGGTATTGGA-1	TACGCTCGGTATTGGA-1	2.1565186240089007	1.6485196986901358
ICC-1L|P3|N1	ICC-1L	P3	ICC-1L|TAGAATAGCCGATGAA-1	TAGAATAGCCGATGAA-1	2.1493641881510848	2.001008178590865
ICC-1L|P3|N1	ICC-1L	P3	ICC-1L|TAGATGGTTCCTTACT-1	TAGATGGTTCCTTACT-1	2.2030098066670942	1.9004671916475253
ICC-1L|P3|N1	ICC-1L	P3	ICC-1L|TCACAAACCGAGGTAC-1	TCACAAACCGAGGTAC-1	2.186536528207207	1.6057952035177125
ICC-1L|P3|N1	ICC-1L	P3	ICC-1L|TCAGCCAATCCGTAAA-1	TCAGCCAATCCGTAAA-1	2.0759790571804206	1.6025734102637363
ICC-1L|P3|N1	ICC-1L	P3	ICC-1L|TCATCGACGACCGTCG-1	TCATCGACGACCGTCG-1	1.7397391490640162	1.6043923638443507
ICC-1L|P3|N1	ICC-1L	P3	ICC-1L|TCCAACTCAGCTATCT-1	TCCAACTCAGCTATCT-1	2.070649286860741	1.7523250838725941
ICC-1L|P3|N1	ICC-1L	P3	ICC-1L|TCCGGGCTTGACGGGA-1	TCCGGGCTTGACGGGA-1	2.203271402209587	1.9569847512773875
ICC-1L|P3|N1	ICC-1L	P3	ICC-1L|TCCTAAAGATTCAGAC-1	TCCTAAAGATTCAGAC-1	1.9969605133539474	1.7875866914386824
ICC-1L|P3|N1	ICC-1L	P3	ICC-1L|TCTATGCTATAACGAC-1	TCTATGCTATAACGAC-1	1.9190281129920521	1.8441284811059777
ICC-1L|P3|N1	ICC-1L	P3	ICC-1L|TCTCAAATCAATCGGG-1	TCTCAAATCAATCGGG-1	1.2610188793677932	1.422721789321315
ICC-1L|P3|N1	ICC-1L	P3	ICC-1L|TCTGCATACCTTGCTT-1	TCTGCATACCTTGCTT-1	2.2063572096717268	1.662770576771496
ICC-1L|P3|N1	ICC-1L	P3	ICC-1L|TGAATGTCAGCCGGCC-1	TGAATGTCAGCCGGCC-1	2.1022972756515985	1.5635114289908123
ICC-1L|P3|N1	ICC-1L	P3	ICC-1L|TGAGTTAAAGACATTC-1	TGAGTTAAAGACATTC-1	2.2315662966913954	1.866930825371839
ICC-1L|P3|N1	ICC-1L	P3	ICC-1L|TGATGTCAATTAAGTG-1	TGATGTCAATTAAGTG-1	2.05082312943412	1.8494300880354833
ICC-1L|P3|N1	ICC-1L	P3	ICC-1L|TGCCTAATTGAAGATT-1	TGCCTAATTGAAGATT-1	2.2308352957286472	1.6962024130359228
ICC-1L|P3|N1	ICC-1L	P3	ICC-1L|TGGCAATGGGACGGCG-1	TGGCAATGGGACGGCG-1	1.791987237839867	1.7740921475068616
ICC-1L|P3|N1	ICC-1L	P3	ICC-1L|TGGGTGCACAAGCCAT-1	TGGGTGCACAAGCCAT-1	1.924289499351621	1.909398075430019
ICC-1L|P3|N1	ICC-1L	P3	ICC-1L|TTAAGTATTGTTATCC-1	TTAAGTATTGTTATCC-1	1.9772152249113377	1.718315340381125
ICC-1L|P3|N1	ICC-1L	P3	ICC-1L|TTCCATCGACAGCGTG-1	TTCCATCGACAGCGTG-1	2.128222165548788	1.8760324732497735
ICC-1L|P3|N1	ICC-1L	P3	ICC-1L|TTGGACCATCTGGCAA-1	TTGGACCATCTGGCAA-1	2.0913040279006867	1.477320396541715
ICC-1L|P3|N1	ICC-1L	P3	ICC-1L|TTGGGACGTAAGAGTT-1	TTGGGACGTAAGAGTT-1	1.68356005611495	1.537201516496411
ICC-1L|P3|N1	ICC-1L	P3	ICC-1L|TTGTGGTGGTACTAAG-1	TTGTGGTGGTACTAAG-1	1.6450489470808476	1.6300960256284132
ICC-1L|P3|N3	ICC-1L	P3	ICC-1L|AAATAGCTTAGACTTT-1	AAATAGCTTAGACTTT-1	2.181609583797505	1.7403902050276787
ICC-1L|P3|N3	ICC-1L	P3	ICC-1L|AACATATCAACTGGTG-1	AACATATCAACTGGTG-1	2.221300901291147	1.7700892592301622
ICC-1L|P3|N3	ICC-1L	P3	ICC-1L|AACTCTCAATAGAGCG-1	AACTCTCAATAGAGCG-1	2.2381000906599464	2.1221468407826354
ICC-1L|P3|N3	ICC-1L	P3	ICC-1L|ACAATTTGAGCAGTGG-1	ACAATTTGAGCAGTGG-1	2.2073705861135005	1.5164654060478744
ICC-1L|P3|N3	ICC-1L	P3	ICC-1L|ACCGATGGTAGCATCG-1	ACCGATGGTAGCATCG-1	2.1944946770616847	1.909666137328144
ICC-1L|P3|N3	ICC-1L	P3	ICC-1L|ACGAGTACGGATGCCC-1	ACGAGTACGGATGCCC-1	1.8978075445500726	1.7996774865808751
ICC-1L|P3|N3	ICC-1L	P3	ICC-1L|ACGCTAGTGATACACT-1	ACGCTAGTGATACACT-1	2.0555501049161466	1.8978470885837067
ICC-1L|P3|N3	ICC-1L	P3	ICC-1L|AGATGATGGAGTCTGG-1	AGATGATGGAGTCTGG-1	2.102990228629189	1.521590525689564
ICC-1L|P3|N3	ICC-1L	P3	ICC-1L|AGCAACATATCTTATT-1	AGCAACATATCTTATT-1	2.15071152109127	1.7282657421625665
ICC-1L|P3|N3	ICC-1L	P3	ICC-1L|AGGGTCGATGCGAACT-1	AGGGTCGATGCGAACT-1	2.2346177648104657	1.927358133269935
ICC-1L|P3|N3	ICC-1L	P3	ICC-1L|AGGGTGCTCTCGAGGG-1	AGGGTGCTCTCGAGGG-1	2.2556613092946622	1.972357944326577
ICC-1L|P3|N3	ICC-1L	P3	ICC-1L|AGGGTTCCCTTTGGTT-1	AGGGTTCCCTTTGGTT-1	2.1910533034470903	1.8981888855891058
ICC-1L|P3|N3	ICC-1L	P3	ICC-1L|AGTGAGCCTCGCCGCC-1	AGTGAGCCTCGCCGCC-1	1.5627157056555536	1.500104836361856
ICC-1L|P3|N3	ICC-1L	P3	ICC-1L|AGTGATTCAAGCAGGA-1	AGTGATTCAAGCAGGA-1	2.1278185333419444	1.9645597769124756
ICC-1L|P3|N3	ICC-1L	P3	ICC-1L|ATAGACAACGGGACCT-1	ATAGACAACGGGACCT-1	2.1288366922642865	1.4484383699179575
ICC-1L|P3|N3	ICC-1L	P3	ICC-1L|ATATCAACCTACAGAG-1	ATATCAACCTACAGAG-1	2.1295590621472673	1.5542064167978444
ICC-1L|P3|N3	ICC-1L	P3	ICC-1L|ATCTGCACCTCTGCGA-1	ATCTGCACCTCTGCGA-1	2.196738479631346	1.952979240088296
ICC-1L|P3|N3	ICC-1L	P3	ICC-1L|ATTGATGAGTCCTAAC-1	ATTGATGAGTCCTAAC-1	2.2802768189284888	1.974552872018867
ICC-1L|P3|N3	ICC-1L	P3	ICC-1L|ATTGTACAACTCGGCT-1	ATTGTACAACTCGGCT-1	1.6662954176479465	1.5799181859492601
ICC-1L|P3|N3	ICC-1L	P3	ICC-1L|CAAGTGTGGTTGCAAA-1	CAAGTGTGGTTGCAAA-1	2.2248052362648556	1.7801296721579316
ICC-1L|P3|N3	ICC-1L	P3	ICC-1L|CACACGCGCTGTCTTA-1	CACACGCGCTGTCTTA-1	2.1847515351096365	2.0390083104318184
ICC-1L|P3|N3	ICC-1L	P3	ICC-1L|CACCCAAATCTTATGT-1	CACCCAAATCTTATGT-1	2.094334385678568	1.8627430048243094
ICC-1L|P3|N3	ICC-1L	P3	ICC-1L|CAGACCTGTAAGTGTT-1	CAGACCTGTAAGTGTT-1	2.014019984665875	1.71308989651913
ICC-1L|P3|N3	ICC-1L	P3	ICC-1L|CAGCTCGACAAGTTAA-1	CAGCTCGACAAGTTAA-1	2.2728841637482042	1.7280662247002123
ICC-1L|P3|N3	ICC-1L	P3	ICC-1L|CATAACGGACAGTCGT-1	CATAACGGACAGTCGT-1	2.282685348313476	1.976712567457937
ICC-1L|P3|N3	ICC-1L	P3	ICC-1L|CATCTTACACCACCTC-1	CATCTTACACCACCTC-1	2.1109704034645334	1.696700200602839
ICC-1L|P3|N3	ICC-1L	P3	ICC-1L|CCACAATGTACGTCTT-1	CCACAATGTACGTCTT-1	2.146494684132425	1.6571018468126169
ICC-1L|P3|N3	ICC-1L	P3	ICC-1L|CCATCTCACCAGTGAA-1	CCATCTCACCAGTGAA-1	1.9180221521161918	1.7042463377554107
ICC-1L|P3|N3	ICC-1L	P3	ICC-1L|CCCAAACATGCTGCTC-1	CCCAAACATGCTGCTC-1	1.941207936221547	1.7661986628856738
ICC-1L|P3|N3	ICC-1L	P3	ICC-1L|CCTCACCTGAGGGAGC-1	CCTCACCTGAGGGAGC-1	1.8953428977437567	1.7389416483841669
ICC-1L|P3|N3	ICC-1L	P3	ICC-1L|CCTCACCTTAGCATCG-1	CCTCACCTTAGCATCG-1	2.2057597253505676	1.6013588585612117
ICC-1L|P3|N3	ICC-1L	P3	ICC-1L|CGGGTGTACCCATTTA-1	CGGGTGTACCCATTTA-1	2.264130993327933	1.8960658661705878
ICC-1L|P3|N3	ICC-1L	P3	ICC-1L|CTAACGAAACTTGCTG-1	CTAACGAAACTTGCTG-1	2.017022681973786	1.4704106927319653
ICC-1L|P3|N3	ICC-1L	P3	ICC-1L|CTAATTCTCAGATATT-1	CTAATTCTCAGATATT-1	1.4902643454984246	1.4381770895114092
ICC-1L|P3|N3	ICC-1L	P3	ICC-1L|CTAGATGTGAGTGTAA-1	CTAGATGTGAGTGTAA-1	1.7413607132044717	1.4665329556907678
ICC-1L|P3|N3	ICC-1L	P3	ICC-1L|CTGACTGCGCAGCTCG-1	CTGACTGCGCAGCTCG-1	1.712347792212181	1.6009120462254889
ICC-1L|P3|N3	ICC-1L	P3	ICC-1L|CTTGAGTTAGGGTAAT-1	CTTGAGTTAGGGTAAT-1	2.1779069376841553	1.8546570922443597
ICC-1L|P3|N3	ICC-1L	P3	ICC-1L|GAAACAGATGACCACC-1	GAAACAGATGACCACC-1	1.185214696496582	1.4549030962572074
ICC-1L|P3|N3	ICC-1L	P3	ICC-1L|GAACGTCTCATGGTCG-1	GAACGTCTCATGGTCG-1	2.2122340466602943	1.7139639900684012
ICC-1L|P3|N3	ICC-1L	P3	ICC-1L|GACGGTCAATAGAAGC-1	GACGGTCAATAGAAGC-1	1.7273281494189463	1.7401702259221437
ICC-1L|P3|N3	ICC-1L	P3	ICC-1L|GAGCTAAGGGCATATC-1	GAGCTAAGGGCATATC-1	2.2667196319339844	1.8163239367427617
ICC-1L|P3|N3	ICC-1L	P3	ICC-1L|GATATTGAGATTGGCG-1	GATATTGAGATTGGCG-1	2.1477939469269405	2.1211381955789657
ICC-1L|P3|N3	ICC-1L	P3	ICC-1L|GCATGAGGGACGCGGC-1	GCATGAGGGACGCGGC-1	2.1792686566312067	1.7544487252266645
ICC-1L|P3|N3	ICC-1L	P3	ICC-1L|GCGTAAATGGCCATAA-1	GCGTAAATGGCCATAA-1	1.9761691820090765	1.9540155125440375
ICC-1L|P3|N3	ICC-1L	P3	ICC-1L|GCGTGGTACTGGGTTA-1	GCGTGGTACTGGGTTA-1	2.2054978840808066	1.7109299102038693
ICC-1L|P3|N3	ICC-1L	P3	ICC-1L|GGATGTCCTTACCGCA-1	GGATGTCCTTACCGCA-1	2.2648536990929102	2.0614045703606836
ICC-1L|P3|N3	ICC-1L	P3	ICC-1L|GGTCGGCCAGGAGCTT-1	GGTCGGCCAGGAGCTT-1	2.1627390351359033	1.4411173738620926
ICC-1L|P3|N3	ICC-1L	P3	ICC-1L|GGTCTGAGAATCTGGA-1	GGTCTGAGAATCTGGA-1	2.2976233653365146	1.6293866135438402
ICC-1L|P3|N3	ICC-1L	P3	ICC-1L|GGTTTCAATCGGTCAG-1	GGTTTCAATCGGTCAG-1	2.1325288760987187	1.8035232631084992
ICC-1L|P3|N3	ICC-1L	P3	ICC-1L|GTAATAAAGGGCTCCC-1	GTAATAAAGGGCTCCC-1	2.158457525997693	1.4145125645676342
ICC-1L|P3|N3	ICC-1L	P3	ICC-1L|GTATGTGGGTCTAGTT-1	GTATGTGGGTCTAGTT-1	2.310728934435732	1.7017134235570621
ICC-1L|P3|N3	ICC-1L	P3	ICC-1L|GTTGGATTGAGAACAC-1	GTTGGATTGAGAACAC-1	1.5076673523982207	1.6362660176586994
ICC-1L|P3|N3	ICC-1L	P3	ICC-1L|TAACCTACCGTCCGAG-1	TAACCTACCGTCCGAG-1	2.205710741035097	1.9641466087651298
ICC-1L|P3|N3	ICC-1L	P3	ICC-1L|TACGCTATAGAAACCT-1	TACGCTATAGAAACCT-1	2.094429538130968	1.845644508459602
ICC-1L|P3|N3	ICC-1L	P3	ICC-1L|TAGGTCGCCGGAACTG-1	TAGGTCGCCGGAACTG-1	1.668416650062561	1.7011466784219003
ICC-1L|P3|N3	ICC-1L	P3	ICC-1L|TATATCCCTGGGAGGA-1	TATATCCCTGGGAGGA-1	2.2047337218794976	1.7907789263100713
ICC-1L|P3|N3	ICC-1L	P3	ICC-1L|TATGTCTCATTGTGCC-1	TATGTCTCATTGTGCC-1	2.1094962528488685	1.5793468371330075
ICC-1L|P3|N3	ICC-1L	P3	ICC-1L|TCACCGCTCGGCACTC-1	TCACCGCTCGGCACTC-1	2.07225470147903	1.5486950552969256
ICC-1L|P3|N3	ICC-1L	P3	ICC-1L|TCATTTAAGTCTCCGA-1	TCATTTAAGTCTCCGA-1	2.166969030782536	1.8711324451791973
ICC-1L|P3|N3	ICC-1L	P3	ICC-1L|TCCACTTTATCTAGGT-1	TCCACTTTATCTAGGT-1	2.1510958980747734	1.4541007112800446
ICC-1L|P3|N3	ICC-1L	P3	ICC-1L|TCCGGCCTAGCGTACA-1	TCCGGCCTAGCGTACA-1	1.8508628038642714	1.7109485070257606
ICC-1L|P3|N3	ICC-1L	P3	ICC-1L|TCCGTTTAGCCTTGAA-1	TCCGTTTAGCCTTGAA-1	2.2284620042821697	1.9377049289697004
ICC-1L|P3|N3	ICC-1L	P3	ICC-1L|TCTAGGTGGCGACGCT-1	TCTAGGTGGCGACGCT-1	2.167225202088803	1.9000950301857593
ICC-1L|P3|N3	ICC-1L	P3	ICC-1L|TCTTTAAGACTATGAA-1	TCTTTAAGACTATGAA-1	2.202188191102185	1.7736761809004
ICC-1L|P3|N3	ICC-1L	P3	ICC-1L|TGACATCGAGCGGACC-1	TGACATCGAGCGGACC-1	1.7355807015285662	1.5838071608325865
ICC-1L|P3|N3	ICC-1L	P3	ICC-1L|TGACGATGCACTAGAA-1	TGACGATGCACTAGAA-1	2.1350829832577247	1.7993339278377456
ICC-1L|P3|N3	ICC-1L	P3	ICC-1L|TGATCCCAGCATTAGT-1	TGATCCCAGCATTAGT-1	2.2257354112885004	1.56806119887458
ICC-1L|P3|N3	ICC-1L	P3	ICC-1L|TGCAGTTTCCTCCCAT-1	TGCAGTTTCCTCCCAT-1	2.1940525361614136	1.4103716449596455
ICC-1L|P3|N3	ICC-1L	P3	ICC-1L|TGTAGGAGAAATTTCC-1	TGTAGGAGAAATTTCC-1	2.179253261093646	1.586423906261135
ICC-1L|P3|N3	ICC-1L	P3	ICC-1L|TGTGGCAAAGCGTATG-1	TGTGGCAAAGCGTATG-1	2.107420568923287	1.752467027686343
ICC-1L|P3|N3	ICC-1L	P3	ICC-1L|TTAGCTGATTTGCCGT-1	TTAGCTGATTTGCCGT-1	2.24807027653832	1.853995065147216
ICC-1L|P3|N3	ICC-1L	P3	ICC-1L|TTCTAACCGAAGCTTA-1	TTCTAACCGAAGCTTA-1	2.253130105358407	2.0582828937019686
ICC-1L|P3|N3	ICC-1L	P3	ICC-1L|TTCTGCTAGACTCCAA-1	TTCTGCTAGACTCCAA-1	2.084286968335202	1.7722084437249102
ICC-1L|P3|N3	ICC-1L	P3	ICC-1L|TTGAATTCACGTGAGG-1	TTGAATTCACGTGAGG-1	2.174214831656604	1.5467108120814472
ICC-1L|P3|N14	ICC-1L	P3	ICC-1L|ACAATTTGGCCATATT-1	ACAATTTGGCCATATT-1	2.2697934202306547	1.9903358825475426
ICC-1L|P3|N14	ICC-1L	P3	ICC-1L|ACTCGCGATCTGACGC-1	ACTCGCGATCTGACGC-1	1.4933641476357622	1.5962651253512814
ICC-1L|P3|N14	ICC-1L	P3	ICC-1L|AGAACCCAGCGTGACA-1	AGAACCCAGCGTGACA-1	2.253115950773065	1.8578456292445593
ICC-1L|P3|N14	ICC-1L	P3	ICC-1L|AGGTATGCGGACATTA-1	AGGTATGCGGACATTA-1	2.1311413110414197	1.528929369425114
ICC-1L|P3|N14	ICC-1L	P3	ICC-1L|ATGAGGGCAGCGGCTA-1	ATGAGGGCAGCGGCTA-1	2.189139443428151	1.7803478767988894
ICC-1L|P3|N14	ICC-1L	P3	ICC-1L|CAAAGGTCATCTGAAA-1	CAAAGGTCATCTGAAA-1	2.255820832984291	1.4833622598211007
ICC-1L|P3|N14	ICC-1L	P3	ICC-1L|CCGCACACGAACGTGT-1	CCGCACACGAACGTGT-1	2.292464696563431	1.703951337904913
ICC-1L|P3|N14	ICC-1L	P3	ICC-1L|CGTCTTGAGTGTGACG-1	CGTCTTGAGTGTGACG-1	1.533100477398371	1.5827765422286744
ICC-1L|P3|N14	ICC-1L	P3	ICC-1L|CTGGTTCGCGAGCTAC-1	CTGGTTCGCGAGCTAC-1	2.2280603499708964	2.0603095162403884
ICC-1L|P3|N14	ICC-1L	P3	ICC-1L|GACGGTCCTAGGGTGT-1	GACGGTCCTAGGGTGT-1	2.3480561439961347	2.0974572214590275
ICC-1L|P3|N14	ICC-1L	P3	ICC-1L|GAGCACGGCGCCTCTT-1	GAGCACGGCGCCTCTT-1	1.5247635438030838	1.7250244785655013
ICC-1L|P3|N14	ICC-1L	P3	ICC-1L|GATAGGATTAATTACA-1	GATAGGATTAATTACA-1	1.4429435172494418	1.4774228943300949
ICC-1L|P3|N14	ICC-1L	P3	ICC-1L|GTGTACGAACCGTTCC-1	GTGTACGAACCGTTCC-1	2.160668456153123	1.8332621881432138
ICC-1L|P3|N14	ICC-1L	P3	ICC-1L|TGACAACGCATGTCGC-1	TGACAACGCATGTCGC-1	2.2181281776870114	1.7662131949663955
ICC-1L|P3|N14	ICC-1L	P3	ICC-1L|TGCCTAAATTTAATAG-1	TGCCTAAATTTAATAG-1	2.194866185440695	1.743151813551389
ICC-1L|P3|N14	ICC-1L	P3	ICC-1L|TGCGCCGTTAATAACG-1	TGCGCCGTTAATAACG-1	2.1862743619952787	1.8283663593645447
ICC-1L|P3|N14	ICC-1L	P3	ICC-1L|TTGGTTCGCTCAAAGG-1	TTGGTTCGCTCAAAGG-1	1.3874714287121843	1.5576435066032177
ICC-1L|P3|N45	ICC-1L	P3	ICC-1L|ATCAGGTAGCTGACAG-1	ATCAGGTAGCTGACAG-1	0.9090758779430321	1.5393674937561497
ICC-1L|P3|N45	ICC-1L	P3	ICC-1L|ATCGCTTTACGTCTCA-1	ATCGCTTTACGTCTCA-1	2.2389276722148033	1.6542118700910224
ICC-1L|P3|N45	ICC-1L	P3	ICC-1L|ATGTTTCGGCCCGGAG-1	ATGTTTCGGCCCGGAG-1	2.1388777626968394	1.694144350402952
ICC-1L|P3|N45	ICC-1L	P3	ICC-1L|CAGGACAGCTGCCCTT-1	CAGGACAGCTGCCCTT-1	2.1618657363206975	1.9154881816458071
ICC-1L|P3|N45	ICC-1L	P3	ICC-1L|CCAGCGGGATCACCAG-1	CCAGCGGGATCACCAG-1	1.3770026567705929	1.5345729042440677
ICC-1L|P3|N45	ICC-1L	P3	ICC-1L|CCATTGTTTCCTCCAT-1	CCATTGTTTCCTCCAT-1	2.3858015646873616	1.6602975144013814
ICC-1L|P3|N45	ICC-1L	P3	ICC-1L|CTGAGCGAGACTTATT-1	CTGAGCGAGACTTATT-1	2.108333212575418	1.8826420403706785
ICC-1L|P3|N45	ICC-1L	P3	ICC-1L|GCAATTAGTCGCACCG-1	GCAATTAGTCGCACCG-1	2.2919377507411136	1.9754368142193748
ICC-1L|P3|N45	ICC-1L	P3	ICC-1L|GCGTCTAACCTCCTAA-1	GCGTCTAACCTCCTAA-1	2.1196090423273337	1.8175759605786608
ICC-1L|P3|N45	ICC-1L	P3	ICC-1L|GTCGTCTGGTTGGCTA-1	GTCGTCTGGTTGGCTA-1	1.5326981570638734	1.524593433927314
ICC-1L|P3|N45	ICC-1L	P3	ICC-1L|GTGACCTAAAGAATAA-1	GTGACCTAAAGAATAA-1	2.303436130696923	1.9120568511287428
ICC-1L|P3|N45	ICC-1L	P3	ICC-1L|TACGTGCAAGGTTCCT-1	TACGTGCAAGGTTCCT-1	2.2504905236836286	1.932855354994873
ICC-1L|P3|N47	ICC-1L	P3	ICC-1L|ATGGAACCTTTGCACA-1	ATGGAACCTTTGCACA-1	2.27600061333687	1.6707245555036154
ICC-1L|P3|N47	ICC-1L	P3	ICC-1L|CAATGTGCCAACCCTT-1	CAATGTGCCAACCCTT-1	1.6651818378552334	1.49902375743213
ICC-1L|P3|N47	ICC-1L	P3	ICC-1L|CCGGTAATGGCTAGTC-1	CCGGTAATGGCTAGTC-1	1.986321747745649	1.7541747193934871
ICC-1L|P3|N47	ICC-1L	P3	ICC-1L|CCTGGAAACGTTCTGC-1	CCTGGAAACGTTCTGC-1	1.8185533394875948	1.4060989468595526
ICC-1L|P3|N47	ICC-1L	P3	ICC-1L|CCTGTCCCTCACGTTA-1	CCTGTCCCTCACGTTA-1	2.158501280321779	1.4521964266316234
ICC-1L|P3|N47	ICC-1L	P3	ICC-1L|GCCCAGATGCTGGAGA-1	GCCCAGATGCTGGAGA-1	2.3699932699221504	1.5258464475850158
ICC-1L|P3|N47	ICC-1L	P3	ICC-1L|GCCGTGGAAGAAATGT-1	GCCGTGGAAGAAATGT-1	2.237977162118986	2.049019124608324
ICC-1L|P3|N47	ICC-1L	P3	ICC-1L|GGAGGCCGAAGTCGTC-1	GGAGGCCGAAGTCGTC-1	2.213440318352841	1.8260066154460393
ICC-1L|P3|N47	ICC-1L	P3	ICC-1L|GTCTTGAGGAGCAGTG-1	GTCTTGAGGAGCAGTG-1	1.644171813780294	1.7259797271776147
ICC-1L|P3|N47	ICC-1L	P3	ICC-1L|TAAAGACAACCCTTTA-1	TAAAGACAACCCTTTA-1	2.2355927866886933	1.7248234569417753
ICC-1L|P3|N47	ICC-1L	P3	ICC-1L|TCCCAAAGCCCTAAAT-1	TCCCAAAGCCCTAAAT-1	2.347323713026507	2.1104734479023293
ICC-1L|P3|N47	ICC-1L	P3	ICC-1L|TTGAGCGCCACGTGAT-1	TTGAGCGCCACGTGAT-1	2.2622334735513783	1.7867972725075545
ICC-1L|P4|N12	ICC-1L	P4	ICC-1L|AACATCGATACGTCTA-1	AACATCGATACGTCTA-1	2.603553588983789	2.1336765998095157
ICC-1L|P4|N12	ICC-1L	P4	ICC-1L|ACAGTATACCGTGGGA-1	ACAGTATACCGTGGGA-1	6.677457526780632	3.575018866472339
ICC-1L|P4|N12	ICC-1L	P4	ICC-1L|ACCAAACACCCAGCGA-1	ACCAAACACCCAGCGA-1	0.0	0.7283206357047262
ICC-1L|P4|N12	ICC-1L	P4	ICC-1L|AGGCGTCTATGGACGG-1	AGGCGTCTATGGACGG-1	6.0160511629313635	3.225709555535226
ICC-1L|P4|N12	ICC-1L	P4	ICC-1L|ATTACGACTCCACAGT-1	ATTACGACTCCACAGT-1	0.9764255378802106	1.4259472908336965
ICC-1L|P4|N12	ICC-1L	P4	ICC-1L|CCGAGCTGTGCTTGTC-1	CCGAGCTGTGCTTGTC-1	2.0170555999398925	1.4854760273696201
ICC-1L|P4|N12	ICC-1L	P4	ICC-1L|CCGGAGGTCTTATGGT-1	CCGGAGGTCTTATGGT-1	0.00105336773177186	0.8861170625163469
ICC-1L|P4|N12	ICC-1L	P4	ICC-1L|CCGTATTAGCGCAGTT-1	CCGTATTAGCGCAGTT-1	0.004863485409860075	0.888828718355311
ICC-1L|P4|N12	ICC-1L	P4	ICC-1L|CTCACACGCAAGCCTA-1	CTCACACGCAAGCCTA-1	2.7198001990280907	1.6876257136126425
ICC-1L|P4|N12	ICC-1L	P4	ICC-1L|GAATGAAGGTCTTCAG-1	GAATGAAGGTCTTCAG-1	2.0958839137908836	1.2236423058143915
ICC-1L|P4|N12	ICC-1L	P4	ICC-1L|GATGACGATGATCGCG-1	GATGACGATGATCGCG-1	1.1688426695625194	0.9147565747855755
ICC-1L|P4|N12	ICC-1L	P4	ICC-1L|GCCTATGCTGGGCCTT-1	GCCTATGCTGGGCCTT-1	1.9448274155303396	1.4549387205783515
ICC-1L|P4|N12	ICC-1L	P4	ICC-1L|GGGATCCCAATACAAA-1	GGGATCCCAATACAAA-1	1.8410694197905797	1.7860746298830745
ICC-1L|P4|N12	ICC-1L	P4	ICC-1L|TGAATATGCTATAAAC-1	TGAATATGCTATAAAC-1	0.0	0.8932271046734909
ICC-1L|P4|N12	ICC-1L	P4	ICC-1L|TGGCTTGTACAAGCTT-1	TGGCTTGTACAAGCTT-1	2.095582710151701	1.2224504896176918
ICC-1L|P4|N12	ICC-1L	P4	ICC-1L|TGTACTACTCTCACGG-1	TGTACTACTCTCACGG-1	0.01448711712379298	0.6451957318360696
ICC-1L|P4|N14	ICC-1L	P4	ICC-1L|AACCCGAGCAGAATCG-1	AACCCGAGCAGAATCG-1	3.7446818274881184	2.887944691124431
ICC-1L|P4|N14	ICC-1L	P4	ICC-1L|ACACTGGGACAGTCGT-1	ACACTGGGACAGTCGT-1	0.0	0.669952464398392
ICC-1L|P4|N14	ICC-1L	P4	ICC-1L|AGAGCCGCCGAGATTT-1	AGAGCCGCCGAGATTT-1	0.0	0.639341241243971
ICC-1L|P4|N14	ICC-1L	P4	ICC-1L|AGCCCTTGGACATCCC-1	AGCCCTTGGACATCCC-1	3.4372704218759284e-05	0.9602522153595587
ICC-1L|P4|N14	ICC-1L	P4	ICC-1L|AGGCACGTGACTGTCC-1	AGGCACGTGACTGTCC-1	4.487402034781326	3.748938074572459
ICC-1L|P4|N14	ICC-1L	P4	ICC-1L|ATGCTTAGGAGTTGAT-1	ATGCTTAGGAGTTGAT-1	0.0	0.7521070947051931
ICC-1L|P4|N14	ICC-1L	P4	ICC-1L|CAGAATAACACACGGA-1	CAGAATAACACACGGA-1	1.5081730826305957	0.8798885501920434
ICC-1L|P4|N14	ICC-1L	P4	ICC-1L|CGGGTTTGTTAGGGCT-1	CGGGTTTGTTAGGGCT-1	3.772430226343603	3.123742234983812
ICC-1L|P4|N14	ICC-1L	P4	ICC-1L|CTCCTGTTCAAGGCAG-1	CTCCTGTTCAAGGCAG-1	4.152091675617641	2.627565971098378
ICC-1L|P4|N14	ICC-1L	P4	ICC-1L|CTGGTAAAGTGTGGGC-1	CTGGTAAAGTGTGGGC-1	2.0560048804163467	1.1993331095576252
ICC-1L|P4|N14	ICC-1L	P4	ICC-1L|GACAAGAGATGAGATT-1	GACAAGAGATGAGATT-1	6.618241599474684	4.343450658857908
ICC-1L|P4|N14	ICC-1L	P4	ICC-1L|GCAGTTCGATCCGAGC-1	GCAGTTCGATCCGAGC-1	0.0	0.9671141167927036
ICC-1L|P4|N14	ICC-1L	P4	ICC-1L|TCAAGCGCGGACGGTA-1	TCAAGCGCGGACGGTA-1	3.9274130674395336	2.6497171549698373
ICC-1L|P4|N14	ICC-1L	P4	ICC-1L|TCATTTAGAAGTGTGA-1	TCATTTAGAAGTGTGA-1	1.5096241065209461	0.8804931434796894
ICC-1L|P4|N14	ICC-1L	P4	ICC-1L|TCTCTCGCCGCACATA-1	TCTCTCGCCGCACATA-1	0.0	1.2118969584529942
ICC-1L|P4|N14	ICC-1L	P4	ICC-1L|TCTTCGCGGTGAGAGG-1	TCTTCGCGGTGAGAGG-1	2.055968032193422	1.1993829904052
ICC-1L|P4|N14	ICC-1L	P4	ICC-1L|TGTGTAGTAGCACGTG-1	TGTGTAGTAGCACGTG-1	4.35927313994351e-05	0.7012592526094562
ICC-1L|P4|N16	ICC-1L	P4	ICC-1L|AACTCGATGGCGCAGT-1	AACTCGATGGCGCAGT-1	2.5415060016725834	1.8130690710902204
ICC-1L|P4|N16	ICC-1L	P4	ICC-1L|AGTTGACATCGGCTGG-1	AGTTGACATCGGCTGG-1	2.0995419883576516	1.6405745434661099
ICC-1L|P4|N16	ICC-1L	P4	ICC-1L|CCACAGCTGAAATCAT-1	CCACAGCTGAAATCAT-1	1.6705277085893577	1.2134051615407446
ICC-1L|P4|N16	ICC-1L	P4	ICC-1L|CTCCTAAGTTATGTCT-1	CTCCTAAGTTATGTCT-1	1.3110498664176826	0.8149407803305033
ICC-1L|P4|N16	ICC-1L	P4	ICC-1L|CTTGAGGTTATCCCGA-1	CTTGAGGTTATCCCGA-1	3.9348975423168477	1.9704718941329837
ICC-1L|P4|N16	ICC-1L	P4	ICC-1L|GACGTGAGACTCCATG-1	GACGTGAGACTCCATG-1	0.8966583250564415	0.7198865933565901
ICC-1L|P4|N16	ICC-1L	P4	ICC-1L|GATAAGGCAGATGCAA-1	GATAAGGCAGATGCAA-1	2.495260689229551	1.9648731826177297
ICC-1L|P4|N16	ICC-1L	P4	ICC-1L|GGCTGGCTAGCTTAAA-1	GGCTGGCTAGCTTAAA-1	1.912990165459944	1.4854797958399568
ICC-1L|P4|N16	ICC-1L	P4	ICC-1L|GTATGACGTGGGAAAC-1	GTATGACGTGGGAAAC-1	1.5881614613510742	1.1149789848812621
ICC-1L|P4|N16	ICC-1L	P4	ICC-1L|TTAAACAGAGTCCCGC-1	TTAAACAGAGTCCCGC-1	2.052875900545273	1.5485488157873497
ICC-1L|P4|N16	ICC-1L	P4	ICC-1L|TTCCTTTCTGTGTTGC-1	TTCCTTTCTGTGTTGC-1	0.0	0.71768525067015
ICC-1L|P4|N21	ICC-1L	P4	ICC-1L|AAGCGCAGGGCTTTGA-1	AAGCGCAGGGCTTTGA-1	0.0	0.7491138634435212
ICC-1L|P4|N21	ICC-1L	P4	ICC-1L|AATTCGATTCGAGGAT-1	AATTCGATTCGAGGAT-1	0.0	0.7169070443413617
ICC-1L|P4|N21	ICC-1L	P4	ICC-1L|AGTCTTTAAAGTGTCC-1	AGTCTTTAAAGTGTCC-1	1.3695227727735977	1.0939159627737052
ICC-1L|P4|N21	ICC-1L	P4	ICC-1L|ATGTAGCGCGCGTAGG-1	ATGTAGCGCGCGTAGG-1	2.243581327733379	1.3976479821834973
ICC-1L|P4|N21	ICC-1L	P4	ICC-1L|CGGGCGATGGATCACG-1	CGGGCGATGGATCACG-1	3.5882966688159055	2.755269059899623
ICC-1L|P4|N21	ICC-1L	P4	ICC-1L|GACCTTCCACGTCTAC-1	GACCTTCCACGTCTAC-1	4.143603554664134	2.546130084297346
ICC-1L|P4|N21	ICC-1L	P4	ICC-1L|GAGATGGCTTTAATCA-1	GAGATGGCTTTAATCA-1	1.0396712603016094e-08	0.7017005567330358
ICC-1L|P4|N21	ICC-1L	P4	ICC-1L|GCCCTGAGGATGGGCT-1	GCCCTGAGGATGGGCT-1	0.0	1.044434728537697
ICC-1L|P4|N21	ICC-1L	P4	ICC-1L|GTGACGCAGGTTTCAT-1	GTGACGCAGGTTTCAT-1	3.089758204658609	1.8901793985513156
ICC-1L|P4|N21	ICC-1L	P4	ICC-1L|GTTAGCCCATGACATC-1	GTTAGCCCATGACATC-1	0.0	0.7420147711282598
ICC-1L|P4|N21	ICC-1L	P4	ICC-1L|TAATACTAGAACAGAC-1	TAATACTAGAACAGAC-1	4.832109949600248	3.124162647402578
ICC-1L|P4|N21	ICC-1L	P4	ICC-1L|TACGGAAGCCAAACCA-1	TACGGAAGCCAAACCA-1	3.3102878198016925	2.1411337429466197
ICC-1L|P4|N21	ICC-1L	P4	ICC-1L|TCAAATTGTTGTGCCG-1	TCAAATTGTTGTGCCG-1	1.5179444659154389	1.558434164049493
ICC-1L|P4|N21	ICC-1L	P4	ICC-1L|TCGCTACTGGCTTTGA-1	TCGCTACTGGCTTTGA-1	0.0	0.8196286033245457
ICC-1L|P4|N21	ICC-1L	P4	ICC-1L|TGCGGACTTGACTCCG-1	TGCGGACTTGACTCCG-1	3.3910509261013857	2.6378482844761253
ICC-1L|P4|N21	ICC-1L	P4	ICC-1L|TGCTCGGTGGGTCACC-1	TGCTCGGTGGGTCACC-1	2.602181478924741	1.6463910358216371
ICC-1L|P4|N25	ICC-1L	P4	ICC-1L|AAGTGCAAAGGTAGAC-1	AAGTGCAAAGGTAGAC-1	3.7737638680420824	2.329266697661042
ICC-1L|P4|N25	ICC-1L	P4	ICC-1L|AGGGTGGATAGTGCAT-1	AGGGTGGATAGTGCAT-1	1.5349176386867125	1.2710902012838194
ICC-1L|P4|N25	ICC-1L	P4	ICC-1L|CATCTGCAGGATCATT-1	CATCTGCAGGATCATT-1	0.0	0.9441380847461018
ICC-1L|P4|N25	ICC-1L	P4	ICC-1L|CTTAGCCCGGATAGTG-1	CTTAGCCCGGATAGTG-1	3.7736925011590685	2.2013265729163747
ICC-1L|P4|N25	ICC-1L	P4	ICC-1L|GAGAGCGCAGTCCCTG-1	GAGAGCGCAGTCCCTG-1	1.2679538163541764	0.8434968921407273
ICC-1L|P4|N25	ICC-1L	P4	ICC-1L|GAGTCGACAGACCCTC-1	GAGTCGACAGACCCTC-1	7.023834225156408e-06	0.8082444078533639
ICC-1L|P4|N25	ICC-1L	P4	ICC-1L|GCGTTATATTTGGAAC-1	GCGTTATATTTGGAAC-1	1.2775176886637367	0.8279093186159724
ICC-1L|P4|N25	ICC-1L	P4	ICC-1L|GTCCTATTGTTGTGGT-1	GTCCTATTGTTGTGGT-1	2.5142398075636696	1.5191140935427474
ICC-1L|P4|N25	ICC-1L	P4	ICC-1L|GTTAATGTCTATCTTA-1	GTTAATGTCTATCTTA-1	2.269805691409249	1.3692724563171619
ICC-1L|P4|N25	ICC-1L	P4	ICC-1L|TCTAACTGTATGTAAA-1	TCTAACTGTATGTAAA-1	0.0	0.6289546974334292
ICC-1L|P4|N25	ICC-1L	P4	ICC-1L|TTCTTGTGTCCATCAG-1	TTCTTGTGTCCATCAG-1	1.875969436942551	1.189409401611065
ICC-1L|P4|N33	ICC-1L	P4	ICC-1L|ACAAATCGCACCGAAT-1	ACAAATCGCACCGAAT-1	2.979089887027411	2.082644836680712
ICC-1L|P4|N33	ICC-1L	P4	ICC-1L|ACAGGCTTGCCCGACT-1	ACAGGCTTGCCCGACT-1	0.046837763435744986	0.6492113614456174
ICC-1L|P4|N33	ICC-1L	P4	ICC-1L|ACTTCAGGCTGATCCC-1	ACTTCAGGCTGATCCC-1	2.947969802438717	2.206711845087389
ICC-1L|P4|N33	ICC-1L	P4	ICC-1L|AGCTCCTTCGCACATC-1	AGCTCCTTCGCACATC-1	2.6009747746749183	1.5211283373818372
ICC-1L|P4|N33	ICC-1L	P4	ICC-1L|CATGTAAGAGACATTT-1	CATGTAAGAGACATTT-1	4.851467306456996	2.834778234371845
ICC-1L|P4|N33	ICC-1L	P4	ICC-1L|CATGTCTCATTTATGG-1	CATGTCTCATTTATGG-1	1.1049645106484987	0.6549647910983705
ICC-1L|P4|N33	ICC-1L	P4	ICC-1L|CTTTACCGAATAGTAG-1	CTTTACCGAATAGTAG-1	0.5846594167189391	0.8494053779238613
ICC-1L|P4|N33	ICC-1L	P4	ICC-1L|GAGCCAGCTACCTGTG-1	GAGCCAGCTACCTGTG-1	4.828560066351855	2.8291366979476815
ICC-1L|P4|N33	ICC-1L	P4	ICC-1L|GCAGATCCATAAGACT-1	GCAGATCCATAAGACT-1	2.6008536370967925	1.5658963344978845
ICC-1L|P4|N33	ICC-1L	P4	ICC-1L|GCTATACGTCTCGGAC-1	GCTATACGTCTCGGAC-1	0.0	0.7643189969957093
ICC-1L|P4|N33	ICC-1L	P4	ICC-1L|GGCTGAAATAGCAAAG-1	GGCTGAAATAGCAAAG-1	1.2177402682766352	1.0992487764423708
ICC-1L|P4|N33	ICC-1L	P4	ICC-1L|GTAGTCGCGGGAATCA-1	GTAGTCGCGGGAATCA-1	2.298917219043547	1.7979966631808684
ICC-1L|P4|N33	ICC-1L	P4	ICC-1L|GTCCGGACCTGAAATT-1	GTCCGGACCTGAAATT-1	0.07997490736830633	0.8505595490660245
ICC-1L|P4|N33	ICC-1L	P4	ICC-1L|GTCCTACGAATAGTCT-1	GTCCTACGAATAGTCT-1	0.0	0.806668947840103
ICC-1L|P4|N33	ICC-1L	P4	ICC-1L|GTCTATTGGTTCCGGT-1	GTCTATTGGTTCCGGT-1	1.6967147068781472	0.9896453000629062
ICC-1L|P4|N33	ICC-1L	P4	ICC-1L|GTTCGTCTAAAGAACT-1	GTTCGTCTAAAGAACT-1	1.6954553594859918	0.9891205719828415
ICC-1L|P4|N33	ICC-1L	P4	ICC-1L|TCGCACCAGGAGGCAG-1	TCGCACCAGGAGGCAG-1	1.2856522798028733	1.429802571300296
ICC-1L|P4|N33	ICC-1L	P4	ICC-1L|TCTGATGTATTCTGTC-1	TCTGATGTATTCTGTC-1	0.0	1.1367128252389949
ICC-1L|P4|N33	ICC-1L	P4	ICC-1L|TGCCTTGGCCAGGCAA-1	TGCCTTGGCCAGGCAA-1	4.52798115958608	2.5096547299962664
ICC-1L|P4|N33	ICC-1L	P4	ICC-1L|TTAGACGAGTCACCTC-1	TTAGACGAGTCACCTC-1	2.2999742088022197	1.443041895011125
ICC-1L|P4|N33	ICC-1L	P4	ICC-1L|TTCTGACCGGGCTCAA-1	TTCTGACCGGGCTCAA-1	0.0	0.8108174642798159
ICC-1L|P4|N38	ICC-1L	P4	ICC-1L|ACATCGGTCAGCCGCG-1	ACATCGGTCAGCCGCG-1	3.684568041853284	2.5912210503997297
ICC-1L|P4|N38	ICC-1L	P4	ICC-1L|ACCATCGTATATGGTA-1	ACCATCGTATATGGTA-1	3.763810539927988	2.727496907525518
ICC-1L|P4|N38	ICC-1L	P4	ICC-1L|AGAAGGTTGCCGAATT-1	AGAAGGTTGCCGAATT-1	2.6059810704113673	1.617297656207239
ICC-1L|P4|N38	ICC-1L	P4	ICC-1L|AGATACCGGTGTTCAC-1	AGATACCGGTGTTCAC-1	3.684812797000536	2.5913663411679355
ICC-1L|P4|N38	ICC-1L	P4	ICC-1L|GATTACTGAATTTGGG-1	GATTACTGAATTTGGG-1	5.302431556676518	3.7128679124558235
ICC-1L|P4|N38	ICC-1L	P4	ICC-1L|GTTGAACCGGTTCCAT-1	GTTGAACCGGTTCCAT-1	5.370444770556957	3.6209758016977154
ICC-1L|P4|N38	ICC-1L	P4	ICC-1L|TCCAACTTTAAATTCT-1	TCCAACTTTAAATTCT-1	0.0	0.7489452693390101
ICC-1L|P4|N38	ICC-1L	P4	ICC-1L|TCCTAGCAAAGAAGCT-1	TCCTAGCAAAGAAGCT-1	0.0	1.20371891320126
ICC-1L|P4|N38	ICC-1L	P4	ICC-1L|TGAGCCATACAGTCTC-1	TGAGCCATACAGTCTC-1	0.0	1.1964536974238964
ICC-1L|P4|N38	ICC-1L	P4	ICC-1L|TGCGTAAGAACCTGAT-1	TGCGTAAGAACCTGAT-1	1.2324965113774106e-09	0.7110492098467227
ICC-1L|P4|N38	ICC-1L	P4	ICC-1L|TTGACTACCATATGGT-1	TTGACTACCATATGGT-1	2.162798900426338	1.842587392856289
ICC-1L|P5|N5	ICC-1L	P5	ICC-1L|AAATAACCATACGGGA-1	AAATAACCATACGGGA-1	2.535602640398386	1.6458767421096188
ICC-1L|P5|N5	ICC-1L	P5	ICC-1L|AACCTTTACGACGTCT-1	AACCTTTACGACGTCT-1	0.43907024820683066	0.9688995016844276
ICC-1L|P5|N5	ICC-1L	P5	ICC-1L|AACTCCTAATCCCATG-1	AACTCCTAATCCCATG-1	0.23038295524274244	0.8397866444251971
ICC-1L|P5|N5	ICC-1L	P5	ICC-1L|AATTTGGGACATAGTA-1	AATTTGGGACATAGTA-1	2.9195955826980176	2.0865012404711574
ICC-1L|P5|N5	ICC-1L	P5	ICC-1L|AGGGAAACGAGGTACT-1	AGGGAAACGAGGTACT-1	1.3946933050626535	1.853277466340596
ICC-1L|P5|N5	ICC-1L	P5	ICC-1L|AGTCCCGCCTTTAATT-1	AGTCCCGCCTTTAATT-1	2.875473109014153	2.0239392233907285
ICC-1L|P5|N5	ICC-1L	P5	ICC-1L|AGTGTATTGCGCATTG-1	AGTGTATTGCGCATTG-1	2.7758911196616167	2.129564786099291
ICC-1L|P5|N5	ICC-1L	P5	ICC-1L|ATTACAACTACCGGCC-1	ATTACAACTACCGGCC-1	2.6121096368876584	2.038117562906153
ICC-1L|P5|N5	ICC-1L	P5	ICC-1L|CAATCCCTATACCAGC-1	CAATCCCTATACCAGC-1	2.888128843938482	2.2474927889609773
ICC-1L|P5|N5	ICC-1L	P5	ICC-1L|CGGCACCGTTAGCGCC-1	CGGCACCGTTAGCGCC-1	1.3910741514530471	1.6368772281694088
ICC-1L|P5|N5	ICC-1L	P5	ICC-1L|CGTTAGCTCACAACTG-1	CGTTAGCTCACAACTG-1	2.813757151140682	2.010374015066666
ICC-1L|P5|N5	ICC-1L	P5	ICC-1L|GCAACCACCAGACCGG-1	GCAACCACCAGACCGG-1	0.23926522392545968	0.8324956682401747
ICC-1L|P5|N5	ICC-1L	P5	ICC-1L|GTTGGATTCAGTGGCT-1	GTTGGATTCAGTGGCT-1	2.924452458097264	1.9901079400032868
ICC-1L|P5|N5	ICC-1L	P5	ICC-1L|TCACTACGACCAATGC-1	TCACTACGACCAATGC-1	2.7383876734878227	1.6316317679451695
ICC-1L|P5|N5	ICC-1L	P5	ICC-1L|TCACTCGTGCAACGGC-1	TCACTCGTGCAACGGC-1	2.4708870006271604	1.5696118592152402
ICC-1L|P5|N5	ICC-1L	P5	ICC-1L|TCCTCTGGCCCATTAG-1	TCCTCTGGCCCATTAG-1	2.8384487332199355	1.7856938200202963
ICC-1L|P5|N5	ICC-1L	P5	ICC-1L|TCCTGCCAACTGGAGA-1	TCCTGCCAACTGGAGA-1	2.7140855475356642	2.1021625669124226
ICC-1L|P5|N5	ICC-1L	P5	ICC-1L|TCTCGAACGAGGTCAC-1	TCTCGAACGAGGTCAC-1	2.7104716701789284	1.633404393326824
ICC-1L|P5|N5	ICC-1L	P5	ICC-1L|TGAGATTAGGCCCTAA-1	TGAGATTAGGCCCTAA-1	2.8927393729062607	2.421607991710088
ICC-1L|P5|N5	ICC-1L	P5	ICC-1L|TTCGTAATCCCAGCGG-1	TTCGTAATCCCAGCGG-1	1.529177762961812	1.2256767658090553
ICC-1L|P5|N7	ICC-1L	P5	ICC-1L|AAATCCGATACACGCC-1	AAATCCGATACACGCC-1	3.0236816025773225	2.016908027736511
ICC-1L|P5|N7	ICC-1L	P5	ICC-1L|AATCGTGAGCCGAGCA-1	AATCGTGAGCCGAGCA-1	0.31801974709154673	0.8759750160161701
ICC-1L|P5|N7	ICC-1L	P5	ICC-1L|AGCTAAGTACGCAGGC-1	AGCTAAGTACGCAGGC-1	0.6748763518087023	1.1048370654137913
ICC-1L|P5|N7	ICC-1L	P5	ICC-1L|ATTGCCTTTATGTTTG-1	ATTGCCTTTATGTTTG-1	2.727879944087694	1.4921432572956697
ICC-1L|P5|N7	ICC-1L	P5	ICC-1L|CAGGCAGTCTTACCAG-1	CAGGCAGTCTTACCAG-1	0.6571751785337808	0.9290167631294128
ICC-1L|P5|N7	ICC-1L	P5	ICC-1L|CGAGAGCTTTCACTAC-1	CGAGAGCTTTCACTAC-1	2.725048598495702	1.728849228900969
ICC-1L|P5|N7	ICC-1L	P5	ICC-1L|CGCCCAGCGTTTCACG-1	CGCCCAGCGTTTCACG-1	0.5803213308366876	0.83561205023719
ICC-1L|P5|N7	ICC-1L	P5	ICC-1L|GAACAACTGGGATGAA-1	GAACAACTGGGATGAA-1	2.5467010771291734	1.3823912906033118
ICC-1L|P5|N7	ICC-1L	P5	ICC-1L|GATGAGGAACCTTCGG-1	GATGAGGAACCTTCGG-1	2.8716301654394383	1.7369661693908613
ICC-1L|P5|N7	ICC-1L	P5	ICC-1L|GCCTACGTTCTGTGCA-1	GCCTACGTTCTGTGCA-1	2.936278625056984	1.7697403568704824
ICC-1L|P5|N7	ICC-1L	P5	ICC-1L|GGGCAGTCAACGCCAA-1	GGGCAGTCAACGCCAA-1	2.6591851001506592	1.6098381270878903
ICC-1L|P5|N7	ICC-1L	P5	ICC-1L|TCAAATTGTTGTGCCG-1	TCAAATTGTTGTGCCG-1	2.8468689531758384	1.6745590857724983
ICC-1L|P5|N7	ICC-1L	P5	ICC-1L|TCGCCGACATATTCGC-1	TCGCCGACATATTCGC-1	0.675309820719005	0.9281196089132502
ICC-1L|P5|N7	ICC-1L	P5	ICC-1L|TCGCTGCCAATGCTGT-1	TCGCTGCCAATGCTGT-1	0.12374784310079259	1.0220403313369033
ICC-1L|P5|N10	ICC-1L	P5	ICC-1L|AACCCATCCCATGATC-1	AACCCATCCCATGATC-1	2.9196048403319264	1.8318347792327387
ICC-1L|P5|N10	ICC-1L	P5	ICC-1L|ACACATGATCAAATCT-1	ACACATGATCAAATCT-1	2.4082995336997977	2.030545910114114
ICC-1L|P5|N10	ICC-1L	P5	ICC-1L|ACCGGTCAGGTACACC-1	ACCGGTCAGGTACACC-1	2.778464877578977	2.7229225931917216
ICC-1L|P5|N10	ICC-1L	P5	ICC-1L|ACGAGGTTTACAACGT-1	ACGAGGTTTACAACGT-1	0.9086541233111199	1.176119525568395
ICC-1L|P5|N10	ICC-1L	P5	ICC-1L|ACTTTGGTCGTGCTCC-1	ACTTTGGTCGTGCTCC-1	3.2049905942529673	1.9594419813986435
ICC-1L|P5|N10	ICC-1L	P5	ICC-1L|AGCAACCGAAAGTAAT-1	AGCAACCGAAAGTAAT-1	3.0490610842313326	1.677901318404773
ICC-1L|P5|N10	ICC-1L	P5	ICC-1L|AGGCGGTTTGTCCCGC-1	AGGCGGTTTGTCCCGC-1	2.3645735711266402	2.00530669222508
ICC-1L|P5|N10	ICC-1L	P5	ICC-1L|ATCAATGCCGTGGCTG-1	ATCAATGCCGTGGCTG-1	3.0006881821094815	1.7468139658499213
ICC-1L|P5|N10	ICC-1L	P5	ICC-1L|CGATGTTGTTATCTAC-1	CGATGTTGTTATCTAC-1	0.7100877949019767	0.8747720717568497
ICC-1L|P5|N10	ICC-1L	P5	ICC-1L|CTCGCATTGCATAGCC-1	CTCGCATTGCATAGCC-1	0.4881614042533066	0.9377146660381152
ICC-1L|P5|N10	ICC-1L	P5	ICC-1L|CTCGTCGAGGGCTCAT-1	CTCGTCGAGGGCTCAT-1	0.5626384407805667	1.0224389588763023
ICC-1L|P5|N10	ICC-1L	P5	ICC-1L|GATGCCTTCTGCGGCA-1	GATGCCTTCTGCGGCA-1	3.0723070223409312	2.451993471559879
ICC-1L|P5|N10	ICC-1L	P5	ICC-1L|GCTGGTTTAGGCCATA-1	GCTGGTTTAGGCCATA-1	2.8628400266662895	2.4178697729732654
ICC-1L|P5|N10	ICC-1L	P5	ICC-1L|GGGACAGAGTTACTCC-1	GGGACAGAGTTACTCC-1	0.7682068341057583	1.060342743956598
ICC-1L|P5|N10	ICC-1L	P5	ICC-1L|GTCAAAGAAGTGGTGT-1	GTCAAAGAAGTGGTGT-1	0.7146607024351339	1.0240230066918499
ICC-1L|P5|N10	ICC-1L	P5	ICC-1L|GTCTCCTGCCAGTATG-1	GTCTCCTGCCAGTATG-1	2.2557769460182846	1.9538769001542657
ICC-1L|P5|N10	ICC-1L	P5	ICC-1L|GTGGAGCGTTTACCGA-1	GTGGAGCGTTTACCGA-1	3.0404847529748515	2.664530513123945
ICC-1L|P5|N10	ICC-1L	P5	ICC-1L|TATCCATCTCGGTTAG-1	TATCCATCTCGGTTAG-1	0.6465330431399929	0.8799320985609226
ICC-1L|P5|N10	ICC-1L	P5	ICC-1L|TATCTTGCAATACAAC-1	TATCTTGCAATACAAC-1	0.955666581179701	1.1498354936275024
ICC-1L|P5|N10	ICC-1L	P5	ICC-1L|TATTATGTTTGCCTGC-1	TATTATGTTTGCCTGC-1	3.1331498637970125	2.221740029856016
ICC-1L|P5|N10	ICC-1L	P5	ICC-1L|TCCCTGGCGTATTAAC-1	TCCCTGGCGTATTAAC-1	1.0863512749069222	1.318710222620483
ICC-1L|P5|N10	ICC-1L	P5	ICC-1L|TCGACAACTGAACCCG-1	TCGACAACTGAACCCG-1	1.2966110298877493	1.81746111360517
ICC-1L|P5|N10	ICC-1L	P5	ICC-1L|TGTCGTTATCACATAT-1	TGTCGTTATCACATAT-1	0.701703759878117	1.1115973129178438
ICC-1L|P5|N13	ICC-1L	P5	ICC-1L|AACGTGCGAAAGTCTC-1	AACGTGCGAAAGTCTC-1	3.1492151320096466	2.131765376930188
ICC-1L|P5|N13	ICC-1L	P5	ICC-1L|AAGCTCGTGCCAAGTC-1	AAGCTCGTGCCAAGTC-1	0.9525956707109174	1.204802577355753
ICC-1L|P5|N13	ICC-1L	P5	ICC-1L|ACGCGGGCCAAGGACA-1	ACGCGGGCCAAGGACA-1	3.003653429133587	1.567621722208626
ICC-1L|P5|N13	ICC-1L	P5	ICC-1L|AGGGCTGCAGTTACAG-1	AGGGCTGCAGTTACAG-1	2.9013590083989067	1.918892000024248
ICC-1L|P5|N13	ICC-1L	P5	ICC-1L|ATGCGACAGTCCCATT-1	ATGCGACAGTCCCATT-1	3.1134381075291926	1.972159235646093
ICC-1L|P5|N13	ICC-1L	P5	ICC-1L|CCGCACAAAGACCAAC-1	CCGCACAAAGACCAAC-1	3.0859238082587104	1.9167204366891581
ICC-1L|P5|N13	ICC-1L	P5	ICC-1L|CTAGCATAGTATAATG-1	CTAGCATAGTATAATG-1	2.5093253272344773	1.7544255551953707
ICC-1L|P5|N13	ICC-1L	P5	ICC-1L|CTATCGGGTCTCAACA-1	CTATCGGGTCTCAACA-1	0.8235773160592859	1.03919788943291
ICC-1L|P5|N13	ICC-1L	P5	ICC-1L|TAGGTTCGAGTTCGTC-1	TAGGTTCGAGTTCGTC-1	2.5543511388388747	1.821167730097569
ICC-1L|P5|N13	ICC-1L	P5	ICC-1L|TATTCGTGCCAGAATA-1	TATTCGTGCCAGAATA-1	0.2814204412607941	0.8741930651825158
ICC-1L|P5|N13	ICC-1L	P5	ICC-1L|TTCAAAGTCTCTAGCC-1	TTCAAAGTCTCTAGCC-1	0.7733372372388511	1.0127756776707553
ICC-1L|P5|N13	ICC-1L	P5	ICC-1L|TTCGGGACTAATCGCG-1	TTCGGGACTAATCGCG-1	0.9815531208421047	1.2294137228646647
ICC-1L|P5|N19	ICC-1L	P5	ICC-1L|AAGTCAATTGTCGTCA-1	AAGTCAATTGTCGTCA-1	3.0053123689977617	1.7830301665753172
ICC-1L|P5|N19	ICC-1L	P5	ICC-1L|ACCGGGCCTTTGTTGA-1	ACCGGGCCTTTGTTGA-1	2.0653732215556166	1.7476309690977954
ICC-1L|P5|N19	ICC-1L	P5	ICC-1L|AGGATATAGGGATTTA-1	AGGATATAGGGATTTA-1	2.7063754927272465	2.4742473748109965
ICC-1L|P5|N19	ICC-1L	P5	ICC-1L|CGACACGCTCCGACAG-1	CGACACGCTCCGACAG-1	2.1518302454539078	1.6478952248466683
ICC-1L|P5|N19	ICC-1L	P5	ICC-1L|CGCGGCTCAACTTGAA-1	CGCGGCTCAACTTGAA-1	2.8168204468924576	1.725758830298318
ICC-1L|P5|N19	ICC-1L	P5	ICC-1L|CTGGCTGATTCATCCT-1	CTGGCTGATTCATCCT-1	0.30883355942940033	1.0790372206730208
ICC-1L|P5|N19	ICC-1L	P5	ICC-1L|GACAAACATATGCAGG-1	GACAAACATATGCAGG-1	0.5692424051970335	0.9008461134549202
ICC-1L|P5|N19	ICC-1L	P5	ICC-1L|GTGATCACTAACGCCT-1	GTGATCACTAACGCCT-1	2.099662429482521	1.6193882097686403
ICC-1L|P5|N19	ICC-1L	P5	ICC-1L|TAAGGCTGAATCCCTC-1	TAAGGCTGAATCCCTC-1	2.97846391216711	2.399554214950311
ICC-1L|P5|N19	ICC-1L	P5	ICC-1L|TCGAAGAACCGAGCAC-1	TCGAAGAACCGAGCAC-1	0.7948304654629683	1.3617815467714616
ICC-1L|P5|N19	ICC-1L	P5	ICC-1L|TCTAGTGATATCGTGG-1	TCTAGTGATATCGTGG-1	2.9540038605622065	2.099351162710184
ICC-1L|P5|N19	ICC-1L	P5	ICC-1L|TCTGAACTCGTACCCG-1	TCTGAACTCGTACCCG-1	2.0629352260456946	1.6112899603281536
ICC-1L|P5|N19	ICC-1L	P5	ICC-1L|TGCTCCACAGTTCTTA-1	TGCTCCACAGTTCTTA-1	2.094450506663632	1.7260171874799548
ICC-1L|P5|N35	ICC-1L	P5	ICC-1L|ACGCCAGATGATTTCT-1	ACGCCAGATGATTTCT-1	3.0001529342886792	1.8027445030226759
ICC-1L|P5|N35	ICC-1L	P5	ICC-1L|AGCTATTTAATCCAAC-1	AGCTATTTAATCCAAC-1	2.962995884499148	2.081179851283435
ICC-1L|P5|N35	ICC-1L	P5	ICC-1L|AGCTGAAGTAAACCAA-1	AGCTGAAGTAAACCAA-1	0.830587137958955	1.053819280650529
ICC-1L|P5|N35	ICC-1L	P5	ICC-1L|AGTTAAGCGGTCCCGG-1	AGTTAAGCGGTCCCGG-1	2.184154141892488	2.3116700926072005
ICC-1L|P5|N35	ICC-1L	P5	ICC-1L|ATATCTCCCTCGTTAA-1	ATATCTCCCTCGTTAA-1	2.943358521634616	1.8732591649405896
ICC-1L|P5|N35	ICC-1L	P5	ICC-1L|ATTATACTTTGCTCGT-1	ATTATACTTTGCTCGT-1	2.909284659366748	1.9193735535668817
ICC-1L|P5|N35	ICC-1L	P5	ICC-1L|ATTTCATTATTTCGCG-1	ATTTCATTATTTCGCG-1	1.4339636045635262	1.5191639725501511
ICC-1L|P5|N35	ICC-1L	P5	ICC-1L|CAACTATATCGAATGC-1	CAACTATATCGAATGC-1	2.798259778712341	2.496797173196519
ICC-1L|P5|N35	ICC-1L	P5	ICC-1L|CACCCACGAGGCAATT-1	CACCCACGAGGCAATT-1	0.8034128234398705	1.238897122419841
ICC-1L|P5|N35	ICC-1L	P5	ICC-1L|CATAGTACATTGAGAG-1	CATAGTACATTGAGAG-1	3.075367125164838	2.571591355718379
ICC-1L|P5|N35	ICC-1L	P5	ICC-1L|CATGGGTCGGGTGTGG-1	CATGGGTCGGGTGTGG-1	3.011978492300727	1.7092738135891006
ICC-1L|P5|N35	ICC-1L	P5	ICC-1L|CCACGAGAAGAGAATC-1	CCACGAGAAGAGAATC-1	0.16979992570590144	0.9890579052015384
ICC-1L|P5|N35	ICC-1L	P5	ICC-1L|CCATAAACAACCCGAC-1	CCATAAACAACCCGAC-1	1.5442520120884429	1.3335433009867956
ICC-1L|P5|N35	ICC-1L	P5	ICC-1L|CCTCTGGCCTAGACGG-1	CCTCTGGCCTAGACGG-1	1.4823308020272201	1.5726814315084123
ICC-1L|P5|N35	ICC-1L	P5	ICC-1L|CGCCCGCTTCCGTACA-1	CGCCCGCTTCCGTACA-1	0.8225913276951209	1.1538829887255995
ICC-1L|P5|N35	ICC-1L	P5	ICC-1L|CGGTCTATCAACCCGT-1	CGGTCTATCAACCCGT-1	0.6778417250527048	0.8483861137166016
ICC-1L|P5|N35	ICC-1L	P5	ICC-1L|CTAGTATTCGGAATTA-1	CTAGTATTCGGAATTA-1	0.7239219928712599	1.0745866163471784
ICC-1L|P5|N35	ICC-1L	P5	ICC-1L|CTGGCGACATAAGTCC-1	CTGGCGACATAAGTCC-1	3.1167806466212933	2.1793569101283463
ICC-1L|P5|N35	ICC-1L	P5	ICC-1L|GATTCCGCGTTTCCGT-1	GATTCCGCGTTTCCGT-1	2.3955773441851984	2.255355131543828
ICC-1L|P5|N35	ICC-1L	P5	ICC-1L|GGCATATCGGTTCTGC-1	GGCATATCGGTTCTGC-1	0.8015365541663066	0.8507939827251789
ICC-1L|P5|N35	ICC-1L	P5	ICC-1L|GTAGGTGATCCGTGTA-1	GTAGGTGATCCGTGTA-1	2.0529554668707872	2.195903946068168
ICC-1L|P5|N35	ICC-1L	P5	ICC-1L|GTCGGATGTAGCGCGC-1	GTCGGATGTAGCGCGC-1	2.2477937999628534	1.991958771803373
ICC-1L|P5|N35	ICC-1L	P5	ICC-1L|GTCTTAGTACAGCCGG-1	GTCTTAGTACAGCCGG-1	2.968641963070325	1.7789388018792993
ICC-1L|P5|N35	ICC-1L	P5	ICC-1L|GTGGAACCTACATGCG-1	GTGGAACCTACATGCG-1	3.002090565537279	2.164080030638553
ICC-1L|P5|N35	ICC-1L	P5	ICC-1L|TATTTATACCGAGTAG-1	TATTTATACCGAGTAG-1	2.752509976054787	2.6057639594264357
ICC-1L|P5|N35	ICC-1L	P5	ICC-1L|TCATGCAGGTTCTCAT-1	TCATGCAGGTTCTCAT-1	0.6931662698953187	0.8405903751702388
ICC-1L|P5|N35	ICC-1L	P5	ICC-1L|TCCCTTAGATTACTCG-1	TCCCTTAGATTACTCG-1	0.7630366022989045	0.9411345666073316
ICC-1L|P5|N35	ICC-1L	P5	ICC-1L|TGAGCTTTAATGACGC-1	TGAGCTTTAATGACGC-1	3.006163785248088	2.0625043568850954
ICC-1L|P5|N35	ICC-1L	P5	ICC-1L|TGGGTAAGGTTCCCGC-1	TGGGTAAGGTTCCCGC-1	0.7390391268284712	0.9192311022517812
ICC-1L|P5|N35	ICC-1L	P5	ICC-1L|TTAAGCCGACAACTTC-1	TTAAGCCGACAACTTC-1	0.7453460075553043	0.9859642400167552
ICC-1L|P5|N35	ICC-1L	P5	ICC-1L|TTGGCCTAGAATTTCG-1	TTGGCCTAGAATTTCG-1	0.9125198261349913	1.2782573113798525
ICC-1L|P5|N38	ICC-1L	P5	ICC-1L|ACTCTCTGACTTAGGT-1	ACTCTCTGACTTAGGT-1	2.275748479077377	1.7483782460426558
ICC-1L|P5|N38	ICC-1L	P5	ICC-1L|CGCCTCCCTCCTCTAT-1	CGCCTCCCTCCTCTAT-1	0.6157691262605948	1.0697050576637797
ICC-1L|P5|N38	ICC-1L	P5	ICC-1L|CGTGCCCTCCCGAAGA-1	CGTGCCCTCCCGAAGA-1	1.9160978667265884	1.596280763479775
ICC-1L|P5|N38	ICC-1L	P5	ICC-1L|CGTTGAGCGACCGTCG-1	CGTTGAGCGACCGTCG-1	0.8090820526712426	0.9630680490395683
ICC-1L|P5|N38	ICC-1L	P5	ICC-1L|CTAAGGGAATGATTGG-1	CTAAGGGAATGATTGG-1	3.099222190594124	1.8406981639896671
ICC-1L|P5|N38	ICC-1L	P5	ICC-1L|CTAGATTTACGACGGC-1	CTAGATTTACGACGGC-1	2.2782100566815213	1.7848279262101685
ICC-1L|P5|N38	ICC-1L	P5	ICC-1L|GATGCTGTATTTCATC-1	GATGCTGTATTTCATC-1	2.2699529067774664	1.8375849835412117
ICC-1L|P5|N38	ICC-1L	P5	ICC-1L|GTGAGGACACTTAAGG-1	GTGAGGACACTTAAGG-1	2.0394735946102713	1.6146285656778199
ICC-1L|P5|N38	ICC-1L	P5	ICC-1L|GTGTTACTATGCGTCC-1	GTGTTACTATGCGTCC-1	2.050809481905039	1.6195569835176515
ICC-1L|P5|N38	ICC-1L	P5	ICC-1L|TGCGTTTGTTGACACT-1	TGCGTTTGTTGACACT-1	2.812143259489792	2.475262661893085
ICC-1L|P5|N55	ICC-1L	P5	ICC-1L|ATAGACGAAGAGAAAG-1	ATAGACGAAGAGAAAG-1	2.9264463495866426	1.4843564865256997
ICC-1L|P5|N55	ICC-1L	P5	ICC-1L|CCAATAGTGCCGTCGA-1	CCAATAGTGCCGTCGA-1	2.3927358838124837	1.8194589403802601
ICC-1L|P5|N55	ICC-1L	P5	ICC-1L|CCATTAGCGATAATCC-1	CCATTAGCGATAATCC-1	2.4305512917647296	1.638464732230442
ICC-1L|P5|N55	ICC-1L	P5	ICC-1L|CCTCTCTCCCATCTAG-1	CCTCTCTCCCATCTAG-1	1.6275729758896944	1.128476009718674
ICC-1L|P5|N55	ICC-1L	P5	ICC-1L|CGTTGTTTCAATTCCC-1	CGTTGTTTCAATTCCC-1	3.3516814571213756	2.354112120917211
ICC-1L|P5|N55	ICC-1L	P5	ICC-1L|CTAAAGAATGCCTACT-1	CTAAAGAATGCCTACT-1	1.548863695114192	1.2052988610136117
ICC-1L|P5|N55	ICC-1L	P5	ICC-1L|CTTTGGCTTTAGTAAA-1	CTTTGGCTTTAGTAAA-1	2.306963683577138	1.5869698954856122
ICC-1L|P5|N55	ICC-1L	P5	ICC-1L|GATCTTTGCAGGGTAT-1	GATCTTTGCAGGGTAT-1	1.3940772614170482	1.150526995375614
ICC-1L|P5|N55	ICC-1L	P5	ICC-1L|GCAAATATTACGCTTT-1	GCAAATATTACGCTTT-1	1.2424614836501235	1.2536319922976298
ICC-1L|P5|N55	ICC-1L	P5	ICC-1L|GCAGGACTATAGAATA-1	GCAGGACTATAGAATA-1	2.160128485273416	1.7400153828307872
ICC-1L|P5|N55	ICC-1L	P5	ICC-1L|GGCTATTAAGTTGTAT-1	GGCTATTAAGTTGTAT-1	2.771305352599788	2.259147035989538
ICC-1L|P5|N55	ICC-1L	P5	ICC-1L|TACGAGAACTTCACGT-1	TACGAGAACTTCACGT-1	1.7327539764200226	1.5454060464814967
ICC-1L|P5|N55	ICC-1L	P5	ICC-1L|TACGATGTTGATCATC-1	TACGATGTTGATCATC-1	1.616145761692134	1.2527866438911497
ICC-1L|P5|N55	ICC-1L	P5	ICC-1L|TGTTCTTCCATTGACT-1	TGTTCTTCCATTGACT-1	0.0	0.876753239813637
ICC-1L|P6|N1	ICC-1L	P6	ICC-1L|AAACAAGTATCTCCCA-1	AAACAAGTATCTCCCA-1	1.8054012531359045	1.3418476634774337
ICC-1L|P6|N1	ICC-1L	P6	ICC-1L|AAATCTAGCCCTGCTA-1	AAATCTAGCCCTGCTA-1	1.064912516219856	0.8359699000439388
ICC-1L|P6|N1	ICC-1L	P6	ICC-1L|ACTAGTTGCGATCGTC-1	ACTAGTTGCGATCGTC-1	2.785695752386574	1.871293925984136
ICC-1L|P6|N1	ICC-1L	P6	ICC-1L|CACCGTATCCCATCCG-1	CACCGTATCCCATCCG-1	1.7913044974980894	1.7778034510204603
ICC-1L|P6|N1	ICC-1L	P6	ICC-1L|CCATATGGAAACTATA-1	CCATATGGAAACTATA-1	1.5390510980403078	1.2677326191882985
ICC-1L|P6|N1	ICC-1L	P6	ICC-1L|CCCGTTTCGCAGATGT-1	CCCGTTTCGCAGATGT-1	4.31872088420865	2.3955018470943945
ICC-1L|P6|N1	ICC-1L	P6	ICC-1L|CCCTCCTCGCTCGTAT-1	CCCTCCTCGCTCGTAT-1	1.373284628064344	0.9207200550019511
ICC-1L|P6|N1	ICC-1L	P6	ICC-1L|CGCAGGCGATCCAAAC-1	CGCAGGCGATCCAAAC-1	2.103112605167821	1.551643196622785
ICC-1L|P6|N1	ICC-1L	P6	ICC-1L|GGCAGCAAACCTATGC-1	GGCAGCAAACCTATGC-1	1.60577461670824	1.5100134840364858
ICC-1L|P6|N1	ICC-1L	P6	ICC-1L|GGTCAAGACTACTTCG-1	GGTCAAGACTACTTCG-1	1.0191552231319698	1.1470006515449054
ICC-1L|P6|N1	ICC-1L	P6	ICC-1L|TTGGACCATCTGGCAA-1	TTGGACCATCTGGCAA-1	0.0	0.9915014598430559
ICC-1L|P6|N3	ICC-1L	P6	ICC-1L|AAACCTAAGCAGCCGG-1	AAACCTAAGCAGCCGG-1	1.0357385574991753	0.794171470635851
ICC-1L|P6|N3	ICC-1L	P6	ICC-1L|AAATCCGATACACGCC-1	AAATCCGATACACGCC-1	2.280423330631735	1.579309496256657
ICC-1L|P6|N3	ICC-1L	P6	ICC-1L|AATCGTGAGCCGAGCA-1	AATCGTGAGCCGAGCA-1	0.0	0.9358352464009441
ICC-1L|P6|N3	ICC-1L	P6	ICC-1L|ATTGCCTTTATGTTTG-1	ATTGCCTTTATGTTTG-1	1.7025710028214576	1.020318148562487
ICC-1L|P6|N3	ICC-1L	P6	ICC-1L|CGAGAGCTTTCACTAC-1	CGAGAGCTTTCACTAC-1	3.351489898113292	1.9344278424840842
ICC-1L|P6|N3	ICC-1L	P6	ICC-1L|CTAGTAGAAAGGGATT-1	CTAGTAGAAAGGGATT-1	1.3924072483395016	1.0894635914421547
ICC-1L|P6|N3	ICC-1L	P6	ICC-1L|GAACAACTGGGATGAA-1	GAACAACTGGGATGAA-1	2.8335382858398126	1.628265199002675
ICC-1L|P6|N3	ICC-1L	P6	ICC-1L|GAACCTTTAACGATCC-1	GAACCTTTAACGATCC-1	2.273136431372856	1.3737129836792255
ICC-1L|P6|N3	ICC-1L	P6	ICC-1L|GATGAGGAACCTTCGG-1	GATGAGGAACCTTCGG-1	3.722619873984572	2.34406803272588
ICC-1L|P6|N3	ICC-1L	P6	ICC-1L|GCCTACGTTCTGTGCA-1	GCCTACGTTCTGTGCA-1	4.053462705495164	2.4007500779747497
ICC-1L|P6|N3	ICC-1L	P6	ICC-1L|GCGAAGAATCTGACGG-1	GCGAAGAATCTGACGG-1	0.6202685998170461	0.7923921672576815
ICC-1L|P6|N3	ICC-1L	P6	ICC-1L|GGCGTAGGGAAAGCTG-1	GGCGTAGGGAAAGCTG-1	0.992653208321923	0.8405530048826393
ICC-1L|P6|N3	ICC-1L	P6	ICC-1L|GGGCAGTCAACGCCAA-1	GGGCAGTCAACGCCAA-1	3.079756623686893	1.7598212116679086
ICC-1L|P6|N3	ICC-1L	P6	ICC-1L|TCAAATTGTTGTGCCG-1	TCAAATTGTTGTGCCG-1	1.8631567359128833	1.3912444533170285
ICC-1L|P6|N3	ICC-1L	P6	ICC-1L|TCCAAGCCTAGACACA-1	TCCAAGCCTAGACACA-1	1.0003626462317667	1.0853188534747034
ICC-1L|P6|N3	ICC-1L	P6	ICC-1L|TCGCCGACATATTCGC-1	TCGCCGACATATTCGC-1	1.9176840731761804	1.4366945546121397
ICC-1L|P6|N3	ICC-1L	P6	ICC-1L|TCGCTGCCAATGCTGT-1	TCGCTGCCAATGCTGT-1	0.7391383054014581	1.5150545784216674
ICC-1L|P6|N3	ICC-1L	P6	ICC-1L|TGGACCAATCTAAGAT-1	TGGACCAATCTAAGAT-1	1.453329967574068	1.0321269570963971
ICC-1L|P6|N7	ICC-1L	P6	ICC-1L|AAATAACCATACGGGA-1	AAATAACCATACGGGA-1	2.692143204003492	1.781027245730484
ICC-1L|P6|N7	ICC-1L	P6	ICC-1L|AACCTTTACGACGTCT-1	AACCTTTACGACGTCT-1	1.287853812463476	1.3339260797563601
ICC-1L|P6|N7	ICC-1L	P6	ICC-1L|AATTTGGGACATAGTA-1	AATTTGGGACATAGTA-1	1.3484997736296362	0.9774021370402666
ICC-1L|P6|N7	ICC-1L	P6	ICC-1L|AGATGAGGGTTGCGAT-1	AGATGAGGGTTGCGAT-1	1.9032110335155366	1.2707878853034271
ICC-1L|P6|N7	ICC-1L	P6	ICC-1L|AGCTCTTCCCAGTGCA-1	AGCTCTTCCCAGTGCA-1	0.8633769337935104	0.8817697831891285
ICC-1L|P6|N7	ICC-1L	P6	ICC-1L|AGTCCCGCCTTTAATT-1	AGTCCCGCCTTTAATT-1	3.757939543548113	2.491160180695883
ICC-1L|P6|N7	ICC-1L	P6	ICC-1L|AGTGTATTGCGCATTG-1	AGTGTATTGCGCATTG-1	3.5333611330274985	2.375040265115514
ICC-1L|P6|N7	ICC-1L	P6	ICC-1L|AGTTACTCTATCGTGG-1	AGTTACTCTATCGTGG-1	1.7781304551831039	1.6451799737984183
ICC-1L|P6|N7	ICC-1L	P6	ICC-1L|ATATCTCCCTCGTTAA-1	ATATCTCCCTCGTTAA-1	3.9528527875379367	2.228320430339245
ICC-1L|P6|N7	ICC-1L	P6	ICC-1L|ATCGTTCACTTTCGCC-1	ATCGTTCACTTTCGCC-1	2.921037294793749	1.6035382557690807
ICC-1L|P6|N7	ICC-1L	P6	ICC-1L|CACATTCTTTCGATGG-1	CACATTCTTTCGATGG-1	1.4481230079705425	0.8926516371144481
ICC-1L|P6|N7	ICC-1L	P6	ICC-1L|CACTCCTCTCGGTCGG-1	CACTCCTCTCGGTCGG-1	1.6750477958916277	1.3857388801632367
ICC-1L|P6|N7	ICC-1L	P6	ICC-1L|CCGCCTGCGAATTGGT-1	CCGCCTGCGAATTGGT-1	1.9332942539758309	1.2924056064035794
ICC-1L|P6|N7	ICC-1L	P6	ICC-1L|CGTTAGCTCACAACTG-1	CGTTAGCTCACAACTG-1	1.7662894736701267	1.3680425229030826
ICC-1L|P6|N7	ICC-1L	P6	ICC-1L|CGTTTCACTTCGGGCG-1	CGTTTCACTTCGGGCG-1	1.1597046637566109	1.0136908778381934
ICC-1L|P6|N7	ICC-1L	P6	ICC-1L|CTGCGTTACGATATAA-1	CTGCGTTACGATATAA-1	0.8315903534946738	0.8469860430030918
ICC-1L|P6|N7	ICC-1L	P6	ICC-1L|GCTCATTACTGCATGT-1	GCTCATTACTGCATGT-1	1.3486013132482977	1.1713562441108216
ICC-1L|P6|N7	ICC-1L	P6	ICC-1L|GTGCCTCAGTGTACGG-1	GTGCCTCAGTGTACGG-1	1.7162056947722049	1.3610939492049472
ICC-1L|P6|N7	ICC-1L	P6	ICC-1L|GTTGGATTCAGTGGCT-1	GTTGGATTCAGTGGCT-1	2.005890719472432	1.5722804168043543
ICC-1L|P6|N7	ICC-1L	P6	ICC-1L|TCACTACGACCAATGC-1	TCACTACGACCAATGC-1	1.5013409548723178	1.1226227803183604
ICC-1L|P6|N7	ICC-1L	P6	ICC-1L|TCACTCGTGCAACGGC-1	TCACTCGTGCAACGGC-1	2.325094887438345	1.3836490362423233
ICC-1L|P6|N7	ICC-1L	P6	ICC-1L|TCATGCAGGTTCTCAT-1	TCATGCAGGTTCTCAT-1	1.9266163763335085	1.1432541469209052
ICC-1L|P6|N7	ICC-1L	P6	ICC-1L|TCTCGAACGAGGTCAC-1	TCTCGAACGAGGTCAC-1	3.1148263213381195	1.9379254909101282
ICC-1L|P6|N7	ICC-1L	P6	ICC-1L|TGAGATTAGGCCCTAA-1	TGAGATTAGGCCCTAA-1	1.365365297814333	1.7585276569029886
ICC-1L|P6|N7	ICC-1L	P6	ICC-1L|TGAGCTTTAATGACGC-1	TGAGCTTTAATGACGC-1	2.1593515050498127	1.56963151618086
ICC-1L|P6|N7	ICC-1L	P6	ICC-1L|TTCCATCATGCGGTGA-1	TTCCATCATGCGGTGA-1	1.8968941685720746	1.1070507731247703
ICC-1L|P6|N7	ICC-1L	P6	ICC-1L|TTCGGCAACCCGCTGA-1	TTCGGCAACCCGCTGA-1	2.1083061274224772	1.4112171140920224
ICC-1L|P6|N15	ICC-1L	P6	ICC-1L|AACCCATCCCATGATC-1	AACCCATCCCATGATC-1	2.0924619101704054	1.2610827407175909
ICC-1L|P6|N15	ICC-1L	P6	ICC-1L|ACCGGTCAGGTACACC-1	ACCGGTCAGGTACACC-1	2.3721910865231344	2.0483397246736774
ICC-1L|P6|N15	ICC-1L	P6	ICC-1L|ACGAGGTTTACAACGT-1	ACGAGGTTTACAACGT-1	0.0	0.8713327320505725
ICC-1L|P6|N15	ICC-1L	P6	ICC-1L|ACTTTGGTCGTGCTCC-1	ACTTTGGTCGTGCTCC-1	2.7649110302199182	2.1627119371703643
ICC-1L|P6|N15	ICC-1L	P6	ICC-1L|AGCAACCGAAAGTAAT-1	AGCAACCGAAAGTAAT-1	2.4905200400636005	1.6975137967560987
ICC-1L|P6|N15	ICC-1L	P6	ICC-1L|ATCCCATCCACAGCGC-1	ATCCCATCCACAGCGC-1	1.8120637384316418	1.284510111381986
ICC-1L|P6|N15	ICC-1L	P6	ICC-1L|CGATGTTGTTATCTAC-1	CGATGTTGTTATCTAC-1	2.6112272664048093	1.6747130273647157
ICC-1L|P6|N15	ICC-1L	P6	ICC-1L|CTCGCATTGCATAGCC-1	CTCGCATTGCATAGCC-1	1.8974757836722682	1.502206283258368
ICC-1L|P6|N15	ICC-1L	P6	ICC-1L|CTCTCTAACTGCCTAG-1	CTCTCTAACTGCCTAG-1	1.6922589956357674	1.2412077200654978
ICC-1L|P6|N15	ICC-1L	P6	ICC-1L|GAAGCTCGGACCCGTC-1	GAAGCTCGGACCCGTC-1	1.4843676981480451	0.9497271857459892
ICC-1L|P6|N15	ICC-1L	P6	ICC-1L|GATGCCTTCTGCGGCA-1	GATGCCTTCTGCGGCA-1	4.429192729947732	2.799966876063753
ICC-1L|P6|N15	ICC-1L	P6	ICC-1L|GCCATTAGCCTCAAAC-1	GCCATTAGCCTCAAAC-1	1.2551105495047334	0.9121863404402275
ICC-1L|P6|N15	ICC-1L	P6	ICC-1L|GCTGGTTTAGGCCATA-1	GCTGGTTTAGGCCATA-1	3.876709666846889	2.5245696584580544
ICC-1L|P6|N15	ICC-1L	P6	ICC-1L|GGGACAGAGTTACTCC-1	GGGACAGAGTTACTCC-1	2.25041862690777	1.660220394472152
ICC-1L|P6|N15	ICC-1L	P6	ICC-1L|GTCTCCTGCCAGTATG-1	GTCTCCTGCCAGTATG-1	0.0	1.2655663777829027
ICC-1L|P6|N15	ICC-1L	P6	ICC-1L|GTGGAGCGTTTACCGA-1	GTGGAGCGTTTACCGA-1	2.041027780150701	1.773742036157909
ICC-1L|P6|N15	ICC-1L	P6	ICC-1L|TATTATGTTTGCCTGC-1	TATTATGTTTGCCTGC-1	2.237353936519835	1.4762975021814568
ICC-1L|P6|N15	ICC-1L	P6	ICC-1L|TCGACAACTGAACCCG-1	TCGACAACTGAACCCG-1	0.0	0.9000030297323893
ICC-1L|P6|N15	ICC-1L	P6	ICC-1L|TGGCATGAAGTTTGGG-1	TGGCATGAAGTTTGGG-1	1.3231108780839238	0.9405198106815569
ICC-1L|P6|N15	ICC-1L	P6	ICC-1L|TTGAAGGATGGGCGCC-1	TTGAAGGATGGGCGCC-1	1.7768278757740623	1.2698285019413278
ICC-1L|P6|N45	ICC-1L	P6	ICC-1L|ACTCAATAAAGGCACG-1	ACTCAATAAAGGCACG-1	2.0338465778552473	1.7284347858867615
ICC-1L|P6|N45	ICC-1L	P6	ICC-1L|ACTTCGCCATACGCAC-1	ACTTCGCCATACGCAC-1	3.189442906731283	2.060312965979537
ICC-1L|P6|N45	ICC-1L	P6	ICC-1L|AGAACGTGGTACATTC-1	AGAACGTGGTACATTC-1	1.638992867824972	1.320297110738082
ICC-1L|P6|N45	ICC-1L	P6	ICC-1L|ATGCATGATCCAGGAT-1	ATGCATGATCCAGGAT-1	1.338789679459854	1.2350704794372964
ICC-1L|P6|N45	ICC-1L	P6	ICC-1L|CAATAAACCTTGGCCC-1	CAATAAACCTTGGCCC-1	0.8767839845607895	1.169082905240118
ICC-1L|P6|N45	ICC-1L	P6	ICC-1L|CACGCACAGCGCAGCT-1	CACGCACAGCGCAGCT-1	0.6645651170535889	0.9087348781006414
ICC-1L|P6|N45	ICC-1L	P6	ICC-1L|CAGAGCATGAGCTTGC-1	CAGAGCATGAGCTTGC-1	0.7765202937685011	0.9278464847259988
ICC-1L|P6|N45	ICC-1L	P6	ICC-1L|CATGGTCTAGATACCG-1	CATGGTCTAGATACCG-1	2.0683643673415317	1.6675528181841042
ICC-1L|P6|N45	ICC-1L	P6	ICC-1L|CTAGTTGGGCCCGGTA-1	CTAGTTGGGCCCGGTA-1	1.5419146255533018	1.5708301917859995
ICC-1L|P6|N45	ICC-1L	P6	ICC-1L|GATTCCCTTGTCGCAG-1	GATTCCCTTGTCGCAG-1	4.719743309146904	2.9417812587576133
ICC-1L|P6|N45	ICC-1L	P6	ICC-1L|GCTTCCGTCCCTAGAC-1	GCTTCCGTCCCTAGAC-1	3.834390343885715	2.198701106542387
ICC-1L|P6|N45	ICC-1L	P6	ICC-1L|GGCTCTGCTCCAACGC-1	GGCTCTGCTCCAACGC-1	0.9417798769638877	1.1877594133015281
ICC-1L|P6|N45	ICC-1L	P6	ICC-1L|GGTTTACAATCTCAAT-1	GGTTTACAATCTCAAT-1	2.9980753039965347	1.9129419242912364
ICC-1L|P6|N45	ICC-1L	P6	ICC-1L|TAAGGCAACATAAGAT-1	TAAGGCAACATAAGAT-1	0.878322298045047	1.1088631995753284
ICC-1L|P6|N45	ICC-1L	P6	ICC-1L|TGCAGGATCGGCAAAG-1	TGCAGGATCGGCAAAG-1	1.6053999908923169	1.2223725519841944
ICC-1L|P6|N45	ICC-1L	P6	ICC-1L|TGGCCAAACTGAAGTA-1	TGGCCAAACTGAAGTA-1	2.862970532093307	2.0466736821958156
ICC-1L|P6|N59	ICC-1L	P6	ICC-1L|AGGTACGATATTGCCA-1	AGGTACGATATTGCCA-1	1.29668561780412	0.9553094917436484
ICC-1L|P6|N59	ICC-1L	P6	ICC-1L|AGTTAAGCGGTCCCGG-1	AGTTAAGCGGTCCCGG-1	2.6416104029544183	2.4183881611904026
ICC-1L|P6|N59	ICC-1L	P6	ICC-1L|ATTATACTTTGCTCGT-1	ATTATACTTTGCTCGT-1	3.978281493772906	2.161187184828381
ICC-1L|P6|N59	ICC-1L	P6	ICC-1L|ATTTCATTATTTCGCG-1	ATTTCATTATTTCGCG-1	0.0	0.7774942656102629
ICC-1L|P6|N59	ICC-1L	P6	ICC-1L|CAACTATATCGAATGC-1	CAACTATATCGAATGC-1	3.680372779752039	2.8342845671370522
ICC-1L|P6|N59	ICC-1L	P6	ICC-1L|CATAGTACATTGAGAG-1	CATAGTACATTGAGAG-1	1.9260538377644465	1.4883520216884907
ICC-1L|P6|N59	ICC-1L	P6	ICC-1L|CGTGACATTGGGTCGT-1	CGTGACATTGGGTCGT-1	2.193657503986806	1.3029402863996966
ICC-1L|P6|N59	ICC-1L	P6	ICC-1L|CTAGTATTCGGAATTA-1	CTAGTATTCGGAATTA-1	2.2646470196148334	1.6451327758597136
ICC-1L|P6|N59	ICC-1L	P6	ICC-1L|CTGGCGACATAAGTCC-1	CTGGCGACATAAGTCC-1	2.3291986147044517	1.5567799455403553
ICC-1L|P6|N59	ICC-1L	P6	ICC-1L|GTAGGTGATCCGTGTA-1	GTAGGTGATCCGTGTA-1	2.0645572553031353	1.9966635414311464
ICC-1L|P6|N59	ICC-1L	P6	ICC-1L|GTCTTAGTACAGCCGG-1	GTCTTAGTACAGCCGG-1	2.2247426439072258	1.3419999192866092
ICC-1L|P6|N59	ICC-1L	P6	ICC-1L|GTGGAACCTACATGCG-1	GTGGAACCTACATGCG-1	2.4733384128755236	2.13502651529677
ICC-1L|P6|N59	ICC-1L	P6	ICC-1L|TATTTATACCGAGTAG-1	TATTTATACCGAGTAG-1	2.6235284539231705	2.1711470832760886
ICC-1L|P6|N59	ICC-1L	P6	ICC-1L|TTAAGCCGACAACTTC-1	TTAAGCCGACAACTTC-1	1.4588575501918353	1.0228811302385297
ICC-1L|P6|N59	ICC-1L	P6	ICC-1L|TTGGCCTAGAATTTCG-1	TTGGCCTAGAATTTCG-1	0.0	0.8031504112100999
ICC-1L|P6|N77	ICC-1L	P6	ICC-1L|ATGGCGGAATAGTCGC-1	ATGGCGGAATAGTCGC-1	1.6622859409357047	0.9695182998988042
ICC-1L|P6|N77	ICC-1L	P6	ICC-1L|CAACACATCTCCTGCC-1	CAACACATCTCCTGCC-1	1.4482829925579124	0.9884322703569834
ICC-1L|P6|N77	ICC-1L	P6	ICC-1L|CAAGACTCAGAAGCGC-1	CAAGACTCAGAAGCGC-1	3.3202149493055466	1.7212416213177548
ICC-1L|P6|N77	ICC-1L	P6	ICC-1L|CCACGTAAATTAGACT-1	CCACGTAAATTAGACT-1	1.6605039531714223	1.1379959840976677
ICC-1L|P6|N77	ICC-1L	P6	ICC-1L|CCAGCGGGATCACCAG-1	CCAGCGGGATCACCAG-1	1.7390042740371712	1.0956918946809853
ICC-1L|P6|N77	ICC-1L	P6	ICC-1L|CTGAGCGAGACTTATT-1	CTGAGCGAGACTTATT-1	0.5832274405427712	0.8135232112622288
ICC-1L|P6|N77	ICC-1L	P6	ICC-1L|GGCCCGGAGCATGTCT-1	GGCCCGGAGCATGTCT-1	2.031848295725532	1.3420026960965283
ICC-1L|P6|N77	ICC-1L	P6	ICC-1L|TCCCGCCTATGTGCGT-1	TCCCGCCTATGTGCGT-1	0.9302603196615175	0.8171085304222074
ICC-1L|P6|N77	ICC-1L	P6	ICC-1L|TCTGATCGGGTGCTAG-1	TCTGATCGGGTGCTAG-1	1.8822489893895744	1.3113260271034963
ICC-1L|P6|N77	ICC-1L	P6	ICC-1L|TCTTTAGCAGGCGAAC-1	TCTTTAGCAGGCGAAC-1	1.2602966454817968	0.7870024051900296
ICC-1L|P6|N77	ICC-1L	P6	ICC-1L|TGCCGAAAGCGTATTC-1	TGCCGAAAGCGTATTC-1	1.1502734476971808	0.8982932584063953
ICC-1L|P6|N77	ICC-1L	P6	ICC-1L|TTGGCGATCCGAATAT-1	TTGGCGATCCGAATAT-1	2.030642149207774	1.323021382029283
