lr_index,lr_id,ligand,receptor
0,CommuSpace_HS_00010,ABCA1,MEGF10
1,CommuSpace_HS_00011,ACE,AGTR2
2,CommuSpace_HS_00012,ACE,BDKRB2
3,CommuSpace_HS_00014,ACE2,TIGIT
4,CommuSpace_HS_00015,ACE2,TNFRSF11A
5,CommuSpace_HS_00016,ACE2,TNFRSF11B
6,CommuSpace_HS_00022,ADA,DPP4
7,CommuSpace_HS_00023,ADAM10,APP
8,CommuSpace_HS_00024,ADAM10,AXL
9,CommuSpace_HS_00026,ADAM10,CD44
10,CommuSpace_HS_00027,ADAM10,EPHA3
11,CommuSpace_HS_00029,ADAM10,IL6R
12,CommuSpace_HS_00030,ADAM10,MET
13,CommuSpace_HS_00031,ADAM10,NOTCH1
14,CommuSpace_HS_00032,ADAM10,NOTCH2
15,CommuSpace_HS_00033,ADAM10,NOTCH3
16,CommuSpace_HS_00034,ADAM10,NOTCH4
17,CommuSpace_HS_00036,ADAM10,TREM2
18,CommuSpace_HS_00037,ADAM10,TSPAN10
19,CommuSpace_HS_00038,ADAM10,TSPAN12
20,CommuSpace_HS_00039,ADAM10,TSPAN14
21,CommuSpace_HS_00048,ADAM12,SDC4
22,CommuSpace_HS_00055,ADAM17,IL6R
23,CommuSpace_HS_00056,ADAM17,ITGA5
24,CommuSpace_HS_00058,ADAM17,MET
25,CommuSpace_HS_00059,ADAM17,MUC1
26,CommuSpace_HS_00060,ADAM17,NOTCH1
27,CommuSpace_HS_00061,ADAM17,NOTCH2
28,CommuSpace_HS_00062,ADAM17,NOTCH3
29,CommuSpace_HS_00063,ADAM17,NOTCH4
30,CommuSpace_HS_00078,ADAM28,ITGA4
31,CommuSpace_HS_00082,ADAM9,ITGA3
32,CommuSpace_HS_00083,ADAM9,ITGA6
33,CommuSpace_HS_00084,ADAM9,ITGAV
34,CommuSpace_HS_00086,ADAM9,ITGB5
35,CommuSpace_HS_00088,ADCYAP1,ADCYAP1R1
36,CommuSpace_HS_00089,ADCYAP1,ADRB2
37,CommuSpace_HS_00090,ADCYAP1,ADRB3
38,CommuSpace_HS_00091,ADCYAP1,DPP4
39,CommuSpace_HS_00094,ADCYAP1,PTH1R
40,CommuSpace_HS_00098,ADCYAP1,TSHR
41,CommuSpace_HS_00099,ADCYAP1,VIPR1
42,CommuSpace_HS_00100,ADCYAP1,VIPR2
43,CommuSpace_HS_00104,ADGRE5,CD55
44,CommuSpace_HS_00106,ADIPOQ,ADIPOR1
45,CommuSpace_HS_00107,ADIPOQ,ADIPOR2
46,CommuSpace_HS_00110,ADIPOQ,CNR2
47,CommuSpace_HS_00113,ADIPOQ,PROKR2
48,CommuSpace_HS_00114,ADM,ACKR3
49,CommuSpace_HS_00115,ADM,ADCYAP1R1
50,CommuSpace_HS_00116,ADM,ADRB2
51,CommuSpace_HS_00117,ADM,ADRB3
52,CommuSpace_HS_00118,ADM,CALCR
53,CommuSpace_HS_00122,ADM,CALCRL
54,CommuSpace_HS_00127,ADM,MRGPRX2
55,CommuSpace_HS_00130,ADM,PTH1R
56,CommuSpace_HS_00134,ADM,TSHR
57,CommuSpace_HS_00135,ADM,VIPR1
58,CommuSpace_HS_00154,ADORA3,ENTPD1
59,CommuSpace_HS_00167,AGRP,MC1R
60,CommuSpace_HS_00168,AGRP,MC3R
61,CommuSpace_HS_00169,AGRP,MC4R
62,CommuSpace_HS_00172,AGRP,SDC3
63,CommuSpace_HS_00183,AHSG,INSR
64,CommuSpace_HS_00185,AKR1C3,PTGDR2
65,CommuSpace_HS_00186,AKR1C3,PTGFR
66,CommuSpace_HS_00190,ALCAM,ALCAM
67,CommuSpace_HS_00191,ALCAM,CD6
68,CommuSpace_HS_00193,ALCAM,NRP1
69,CommuSpace_HS_00228,ALOX12,FPR2
70,CommuSpace_HS_00240,AMH,ACVR1
71,CommuSpace_HS_00245,AMH,BMPR1A
72,CommuSpace_HS_00246,AMH,BMPR1B
73,CommuSpace_HS_00247,AMH,EGFR
74,CommuSpace_HS_00248,AMH,GREM2
75,CommuSpace_HS_00251,ANGPT1,ITGA5
76,CommuSpace_HS_00253,ANGPT1,TEK
77,CommuSpace_HS_00254,ANGPT1,TIE1
78,CommuSpace_HS_00255,ANGPT2,ITGA5
79,CommuSpace_HS_00258,ANGPT2,TEK
80,CommuSpace_HS_00259,ANGPT2,TIE1
81,CommuSpace_HS_00268,ANGPTL2,ITGA5
82,CommuSpace_HS_00271,ANGPTL2,LILRB2
83,CommuSpace_HS_00272,ANGPTL2,LILRB3
84,CommuSpace_HS_00273,ANGPTL2,TIE1
85,CommuSpace_HS_00274,ANGPTL2,TLR4
86,CommuSpace_HS_00275,ANGPTL3,ITGA5
87,CommuSpace_HS_00276,ANGPTL3,ITGAV
88,CommuSpace_HS_00277,ANGPTL3,ITGAV&ITGB3
89,CommuSpace_HS_00278,ANGPTL3,ITGB3
90,CommuSpace_HS_00279,ANGPTL3,LPL
91,CommuSpace_HS_00280,ANGPTL4,CDH11
92,CommuSpace_HS_00281,ANGPTL4,CDH5
93,CommuSpace_HS_00283,ANGPTL4,ITGA5
94,CommuSpace_HS_00285,ANGPTL4,ITGAV
95,CommuSpace_HS_00286,ANGPTL4,ITGAV&ITGB3
96,CommuSpace_HS_00288,ANGPTL4,ITGB3
97,CommuSpace_HS_00289,ANGPTL4,LPL
98,CommuSpace_HS_00291,ANGPTL4,SDC2
99,CommuSpace_HS_00292,ANGPTL4,SDC3
100,CommuSpace_HS_00293,ANGPTL4,SDC4
101,CommuSpace_HS_00294,ANGPTL4,TIE1
102,CommuSpace_HS_00296,ANGPTL6,TEK
103,CommuSpace_HS_00297,ANGPTL7,LILRB2
104,CommuSpace_HS_00298,ANGPTL7,LILRB3
105,CommuSpace_HS_00301,ANPEP,SELE
106,CommuSpace_HS_00313,ANXA2,EGFR
107,CommuSpace_HS_00314,ANXA2,PLAT
108,CommuSpace_HS_00315,ANXA2,ROBO4
109,CommuSpace_HS_00316,ANXA2,TLR2
110,CommuSpace_HS_00317,APELA,APLNR
111,CommuSpace_HS_00318,APLN,ADRA2A
112,CommuSpace_HS_00319,APLN,APLNR
113,CommuSpace_HS_00320,APLN,GRM7
114,CommuSpace_HS_00321,APLN,MTNR1A
115,CommuSpace_HS_00336,APOB,ADRB2
116,CommuSpace_HS_00338,APOB,CALCR
117,CommuSpace_HS_00340,APOB,ITGAM
118,CommuSpace_HS_00341,APOB,ITGB2
119,CommuSpace_HS_00342,APOB,LDLR
120,CommuSpace_HS_00343,APOB,LRP1
121,CommuSpace_HS_00344,APOB,LRP2
122,CommuSpace_HS_00345,APOB,LRP6
123,CommuSpace_HS_00349,APOB,OLR1
124,CommuSpace_HS_00350,APOB,TLR4
125,CommuSpace_HS_00351,APOB,TLR6
126,CommuSpace_HS_00352,APOB,TREM2
127,CommuSpace_HS_00354,APOB,VLDLR
128,CommuSpace_HS_00386,APP,ADRA2A
129,CommuSpace_HS_00387,APP,AGER
130,CommuSpace_HS_00388,APP,BACE1
131,CommuSpace_HS_00391,APP,FLT1
132,CommuSpace_HS_00392,APP,FPR2
133,CommuSpace_HS_00394,APP,LRP1
134,CommuSpace_HS_00396,APP,LRP6
135,CommuSpace_HS_00397,APP,MTNR1A
136,CommuSpace_HS_00398,APP,NCSTN
137,CommuSpace_HS_00399,APP,NGFR
138,CommuSpace_HS_00400,APP,NOTCH2
139,CommuSpace_HS_00401,APP,PTGER2
140,CommuSpace_HS_00402,APP,SORL1
141,CommuSpace_HS_00403,APP,TNFRSF21
142,CommuSpace_HS_00405,APP,TSPAN12
143,CommuSpace_HS_00412,ARF1,CHRM3
144,CommuSpace_HS_00413,ARF1,INSR
145,CommuSpace_HS_00414,ARF1,PLD2
146,CommuSpace_HS_00415,ARF6,PLD1
147,CommuSpace_HS_00470,BACE1,APP
148,CommuSpace_HS_00471,BACE1,SELPLG
149,CommuSpace_HS_00472,BACE2,APP
150,CommuSpace_HS_00473,BAG6,NCR3
151,CommuSpace_HS_00474,BCAN,EGFR
152,CommuSpace_HS_00478,BDNF,ERBB2
153,CommuSpace_HS_00480,BDNF,NGFR
154,CommuSpace_HS_00481,BDNF,NTRK2
155,CommuSpace_HS_00482,BDNF,SORT1
156,CommuSpace_HS_00483,BGN,FGFR3
157,CommuSpace_HS_00484,BGN,LY96
158,CommuSpace_HS_00485,BGN,TLR1
159,CommuSpace_HS_00486,BGN,TLR2
160,CommuSpace_HS_00487,BGN,TLR4
161,CommuSpace_HS_00518,BMP2,ACVR1
162,CommuSpace_HS_00519,BMP2,ACVR2A
163,CommuSpace_HS_00520,BMP2,ACVR2A&BMPR1A
164,CommuSpace_HS_00521,BMP2,ACVR2A&BMPR1B
165,CommuSpace_HS_00525,BMP2,BMPR1A
166,CommuSpace_HS_00526,BMP2,BMPR1A&BMPR2
167,CommuSpace_HS_00527,BMP2,BMPR1B
168,CommuSpace_HS_00528,BMP2,BMPR1B&BMPR2
169,CommuSpace_HS_00529,BMP2,BMPR2
170,CommuSpace_HS_00530,BMP2,ENG
171,CommuSpace_HS_00534,BMP2,SMO
172,CommuSpace_HS_00543,BMP4,ACVR1
173,CommuSpace_HS_00544,BMP4,ACVR2A
174,CommuSpace_HS_00545,BMP4,ACVR2A&BMPR1A
175,CommuSpace_HS_00546,BMP4,ACVR2A&BMPR1B
176,CommuSpace_HS_00550,BMP4,BMPR1A
177,CommuSpace_HS_00551,BMP4,BMPR1A&BMPR2
178,CommuSpace_HS_00552,BMP4,BMPR1B
179,CommuSpace_HS_00553,BMP4,BMPR1B&BMPR2
180,CommuSpace_HS_00554,BMP4,BMPR2
181,CommuSpace_HS_00555,BMP4,CFC1
182,CommuSpace_HS_00556,BMP4,GREM2
183,CommuSpace_HS_00558,BMP4,LRP6
184,CommuSpace_HS_00560,BMP5,ACVR1
185,CommuSpace_HS_00561,BMP5,ACVR1&ACVR2A
186,CommuSpace_HS_00563,BMP5,ACVR1&BMPR2
187,CommuSpace_HS_00564,BMP5,ACVR2A
188,CommuSpace_HS_00565,BMP5,ACVR2A&BMPR1A
189,CommuSpace_HS_00566,BMP5,ACVR2A&BMPR1B
190,CommuSpace_HS_00570,BMP5,BMPR1A
191,CommuSpace_HS_00571,BMP5,BMPR1A&BMPR2
192,CommuSpace_HS_00572,BMP5,BMPR1B
193,CommuSpace_HS_00573,BMP5,BMPR1B&BMPR2
194,CommuSpace_HS_00574,BMP5,BMPR2
195,CommuSpace_HS_00577,BMP6,ACVR1
196,CommuSpace_HS_00578,BMP6,ACVR1&ACVR2A
197,CommuSpace_HS_00580,BMP6,ACVR1&BMPR2
198,CommuSpace_HS_00581,BMP6,ACVR2A
199,CommuSpace_HS_00582,BMP6,ACVR2A&BMPR1A
200,CommuSpace_HS_00583,BMP6,ACVR2A&BMPR1B
201,CommuSpace_HS_00588,BMP6,BMPR1A
202,CommuSpace_HS_00589,BMP6,BMPR1A&BMPR2
203,CommuSpace_HS_00590,BMP6,BMPR1B
204,CommuSpace_HS_00591,BMP6,BMPR1B&BMPR2
205,CommuSpace_HS_00592,BMP6,BMPR2
206,CommuSpace_HS_00595,BMP7,ACVR1
207,CommuSpace_HS_00596,BMP7,ACVR1&ACVR2A
208,CommuSpace_HS_00598,BMP7,ACVR1&BMPR2
209,CommuSpace_HS_00599,BMP7,ACVR1B
210,CommuSpace_HS_00600,BMP7,ACVR2A
211,CommuSpace_HS_00601,BMP7,ACVR2A&BMPR1A
212,CommuSpace_HS_00602,BMP7,ACVR2A&BMPR1B
213,CommuSpace_HS_00606,BMP7,BMPR1A
214,CommuSpace_HS_00607,BMP7,BMPR1A&BMPR2
215,CommuSpace_HS_00608,BMP7,BMPR1B
216,CommuSpace_HS_00609,BMP7,BMPR1B&BMPR2
217,CommuSpace_HS_00610,BMP7,BMPR2
218,CommuSpace_HS_00611,BMP7,ENG
219,CommuSpace_HS_00614,BMP8A,ACVR1
220,CommuSpace_HS_00615,BMP8A,ACVR1&ACVR2A
221,CommuSpace_HS_00617,BMP8A,ACVR1&BMPR2
222,CommuSpace_HS_00618,BMP8A,ACVR2A
223,CommuSpace_HS_00619,BMP8A,ACVR2A&BMPR1A
224,CommuSpace_HS_00620,BMP8A,ACVR2A&BMPR1B
225,CommuSpace_HS_00624,BMP8A,BMPR1A
226,CommuSpace_HS_00625,BMP8A,BMPR1A&BMPR2
227,CommuSpace_HS_00626,BMP8A,BMPR1B
228,CommuSpace_HS_00627,BMP8A,BMPR1B&BMPR2
229,CommuSpace_HS_00628,BMP8A,BMPR2
230,CommuSpace_HS_00629,BMP8A,TGFBR1
231,CommuSpace_HS_00630,BMP8A,TGFBR2
232,CommuSpace_HS_00631,BMP8B,ACVR1
233,CommuSpace_HS_00632,BMP8B,ACVR1&ACVR2A
234,CommuSpace_HS_00634,BMP8B,ACVR1&BMPR2
235,CommuSpace_HS_00635,BMP8B,ACVR2A
236,CommuSpace_HS_00636,BMP8B,ACVR2A&BMPR1A
237,CommuSpace_HS_00637,BMP8B,ACVR2A&BMPR1B
238,CommuSpace_HS_00641,BMP8B,BMPR1A
239,CommuSpace_HS_00642,BMP8B,BMPR1A&BMPR2
240,CommuSpace_HS_00643,BMP8B,BMPR1B
241,CommuSpace_HS_00644,BMP8B,BMPR1B&BMPR2
242,CommuSpace_HS_00645,BMP8B,BMPR2
243,CommuSpace_HS_00646,BMP8B,PLAUR
244,CommuSpace_HS_00662,BTLA,CD247
245,CommuSpace_HS_00663,BTLA,CD276
246,CommuSpace_HS_00664,BTLA,CD79A
247,CommuSpace_HS_00665,BTLA,TNFRSF14
248,CommuSpace_HS_00666,BTLA,VTCN1
249,CommuSpace_HS_00692,C1QTNF1,AVPR2
250,CommuSpace_HS_00713,C4A,C3AR1
251,CommuSpace_HS_00715,C4A,CD46
252,CommuSpace_HS_00716,C4A,CR1
253,CommuSpace_HS_00717,C4A,CR2
254,CommuSpace_HS_00718,C4A,NRP1
255,CommuSpace_HS_00719,C4B,CD46
256,CommuSpace_HS_00720,C4B,CR1
257,CommuSpace_HS_00724,C5,ADRA2A
258,CommuSpace_HS_00725,C5,C5AR1
259,CommuSpace_HS_00727,C5,GRM7
260,CommuSpace_HS_00728,C5,MTNR1A
261,CommuSpace_HS_00730,CA12,SIGLEC6
262,CommuSpace_HS_00741,CADM3,CADM3
263,CommuSpace_HS_00742,CADM3,CADM4
264,CommuSpace_HS_00745,CADM3,IL2RG
265,CommuSpace_HS_00747,CADM3,NECTIN1
266,CommuSpace_HS_00748,CADM3,NECTIN3
267,CommuSpace_HS_00750,CADM3,PRLR
268,CommuSpace_HS_00752,CADM4,CADM3
269,CommuSpace_HS_00753,CADM4,ERBB3
270,CommuSpace_HS_00755,CADM4,SDK2
271,CommuSpace_HS_00756,CALCA,ACKR3
272,CommuSpace_HS_00757,CALCA,ADCYAP1R1
273,CommuSpace_HS_00758,CALCA,ADRB2
274,CommuSpace_HS_00759,CALCA,ADRB3
275,CommuSpace_HS_00760,CALCA,CALCR
276,CommuSpace_HS_00764,CALCA,CALCRL
277,CommuSpace_HS_00771,CALCA,PTH1R
278,CommuSpace_HS_00775,CALCA,TSHR
279,CommuSpace_HS_00776,CALCA,VIPR1
280,CommuSpace_HS_00777,CALCB,ADCYAP1R1
281,CommuSpace_HS_00778,CALCB,ADRB2
282,CommuSpace_HS_00779,CALCB,ADRB3
283,CommuSpace_HS_00780,CALCB,CALCR
284,CommuSpace_HS_00784,CALCB,CALCRL
285,CommuSpace_HS_00787,CALCB,PTH1R
286,CommuSpace_HS_00791,CALCB,TSHR
287,CommuSpace_HS_00792,CALCB,VIPR1
288,CommuSpace_HS_00840,CALM3,AQP1
289,CommuSpace_HS_00842,CALM3,AR
290,CommuSpace_HS_00843,CALM3,CACNA1C
291,CommuSpace_HS_00845,CALM3,EGFR
292,CommuSpace_HS_00846,CALM3,ESR1
293,CommuSpace_HS_00847,CALM3,GP6
294,CommuSpace_HS_00848,CALM3,GRM5
295,CommuSpace_HS_00849,CALM3,GRM7
296,CommuSpace_HS_00850,CALM3,INSR
297,CommuSpace_HS_00851,CALM3,KCNH1
298,CommuSpace_HS_00852,CALM3,KCNQ1
299,CommuSpace_HS_00855,CALM3,MYLK
300,CommuSpace_HS_00856,CALM3,MYLK2
301,CommuSpace_HS_00863,CALM3,TRPC5
302,CommuSpace_HS_00864,CALML3,KCNQ1
303,CommuSpace_HS_00875,CAMP,EGFR
304,CommuSpace_HS_00876,CAMP,FPR2
305,CommuSpace_HS_00877,CAMP,IGF1R
306,CommuSpace_HS_00878,CAMP,P2RX7
307,CommuSpace_HS_00880,CBR1,PTGFR
308,CommuSpace_HS_00881,CCK,CCKAR
309,CommuSpace_HS_00882,CCK,CCKBR
310,CommuSpace_HS_00886,CCL1,CCR1
311,CommuSpace_HS_00887,CCL1,CCR2
312,CommuSpace_HS_00888,CCL1,CCR3
313,CommuSpace_HS_00889,CCL1,CCR5
314,CommuSpace_HS_00890,CCL1,CCR8
315,CommuSpace_HS_00894,CCL11,CCR2
316,CommuSpace_HS_00895,CCL11,CCR3
317,CommuSpace_HS_00896,CCL11,CCR5
318,CommuSpace_HS_00897,CCL11,CXCR3
319,CommuSpace_HS_00898,CCL11,DPP4
320,CommuSpace_HS_00902,CCL13,CCR1
321,CommuSpace_HS_00903,CCL13,CCR2
322,CommuSpace_HS_00904,CCL13,CCR3
323,CommuSpace_HS_00905,CCL13,CCR5
324,CommuSpace_HS_00906,CCL13,CCR9
325,CommuSpace_HS_00907,CCL13,CXCR3
326,CommuSpace_HS_00910,CCL14,CCR1
327,CommuSpace_HS_00911,CCL14,CCR3
328,CommuSpace_HS_00912,CCL14,CCR5
329,CommuSpace_HS_00913,CCL15,CCR1
330,CommuSpace_HS_00914,CCL15,CCR3
331,CommuSpace_HS_00916,CCL16,ADRA2A
332,CommuSpace_HS_00917,CCL16,CCR1
333,CommuSpace_HS_00918,CCL16,CCR2
334,CommuSpace_HS_00919,CCL16,CCR5
335,CommuSpace_HS_00920,CCL16,CCR8
336,CommuSpace_HS_00921,CCL16,GRM7
337,CommuSpace_HS_00922,CCL16,HRH4
338,CommuSpace_HS_00923,CCL16,MTNR1A
339,CommuSpace_HS_00926,CCL17,CCR4
340,CommuSpace_HS_00927,CCL17,CCR8
341,CommuSpace_HS_00929,CCL18,CCR1
342,CommuSpace_HS_00930,CCL18,CCR3
343,CommuSpace_HS_00931,CCL18,CCR5
344,CommuSpace_HS_00932,CCL18,CCR8
345,CommuSpace_HS_00936,CCL19,ADRA2A
346,CommuSpace_HS_00938,CCL19,CCR7
347,CommuSpace_HS_00939,CCL19,CCRL2
348,CommuSpace_HS_00940,CCL19,CXCR3
349,CommuSpace_HS_00941,CCL19,GRM7
350,CommuSpace_HS_00942,CCL19,MTNR1A
351,CommuSpace_HS_00946,CCL2,CCR1
352,CommuSpace_HS_00948,CCL2,CCR2
353,CommuSpace_HS_00949,CCL2,CCR3
354,CommuSpace_HS_00950,CCL2,CCR4
355,CommuSpace_HS_00951,CCL2,CCR5
356,CommuSpace_HS_00953,CCL20,ADRA2A
357,CommuSpace_HS_00954,CCL20,CCR6
358,CommuSpace_HS_00955,CCL20,CXCR3
359,CommuSpace_HS_00956,CCL20,GRM7
360,CommuSpace_HS_00957,CCL20,MTNR1A
361,CommuSpace_HS_00968,CCL22,CCR4
362,CommuSpace_HS_00969,CCL22,CCR7
363,CommuSpace_HS_00970,CCL22,DPP4
364,CommuSpace_HS_00972,CCL23,CCR1
365,CommuSpace_HS_00973,CCL23,FPR2
366,CommuSpace_HS_00975,CCL24,CCR2
367,CommuSpace_HS_00976,CCL24,CCR3
368,CommuSpace_HS_00979,CCL25,ADRA2A
369,CommuSpace_HS_00981,CCL25,CCR9
370,CommuSpace_HS_00982,CCL25,GRM7
371,CommuSpace_HS_00983,CCL25,MTNR1A
372,CommuSpace_HS_00985,CCL26,CCR1
373,CommuSpace_HS_00986,CCL26,CCR2
374,CommuSpace_HS_00987,CCL26,CCR3
375,CommuSpace_HS_00988,CCL26,CCR5
376,CommuSpace_HS_00989,CCL26,CX3CR1
377,CommuSpace_HS_00991,CCL27,ADRA2A
378,CommuSpace_HS_00993,CCL27,CCR2
379,CommuSpace_HS_00994,CCL27,CCR3
380,CommuSpace_HS_00995,CCL27,GRM7
381,CommuSpace_HS_00996,CCL27,MTNR1A
382,CommuSpace_HS_00999,CCL28,ADRA2A
383,CommuSpace_HS_01001,CCL28,CCR3
384,CommuSpace_HS_01002,CCL28,GRM7
385,CommuSpace_HS_01003,CCL28,MTNR1A
386,CommuSpace_HS_01058,CCL7,CCR1
387,CommuSpace_HS_01060,CCL7,CCR2
388,CommuSpace_HS_01061,CCL7,CCR3
389,CommuSpace_HS_01062,CCL7,CCR5
390,CommuSpace_HS_01063,CCL7,CXCR3
391,CommuSpace_HS_01067,CCL8,CCR1
392,CommuSpace_HS_01068,CCL8,CCR2
393,CommuSpace_HS_01069,CCL8,CCR3
394,CommuSpace_HS_01070,CCL8,CCR4
395,CommuSpace_HS_01071,CCL8,CCR5
396,CommuSpace_HS_01072,CCL8,CCR8
397,CommuSpace_HS_01074,CCN1,ITGA2B
398,CommuSpace_HS_01075,CCN1,ITGA5
399,CommuSpace_HS_01076,CCN1,ITGA6
400,CommuSpace_HS_01077,CCN1,ITGAD
401,CommuSpace_HS_01078,CCN1,ITGAM
402,CommuSpace_HS_01079,CCN1,ITGAV
403,CommuSpace_HS_01081,CCN1,ITGB2
404,CommuSpace_HS_01082,CCN1,ITGB3
405,CommuSpace_HS_01083,CCN1,ITGB5
406,CommuSpace_HS_01084,CCN1,SDC4
407,CommuSpace_HS_01085,CCN1,TLR2
408,CommuSpace_HS_01086,CCN1,TLR4
409,CommuSpace_HS_01087,CCN2,EGFR
410,CommuSpace_HS_01089,CCN2,FGFR2
411,CommuSpace_HS_01090,CCN2,IGF2R
412,CommuSpace_HS_01091,CCN2,ITGA5
413,CommuSpace_HS_01092,CCN2,ITGAM
414,CommuSpace_HS_01093,CCN2,ITGB2
415,CommuSpace_HS_01094,CCN2,LRP1
416,CommuSpace_HS_01095,CCN2,LRP6
417,CommuSpace_HS_01096,CCN2,NTRK1
418,CommuSpace_HS_01097,CCN3,NOTCH1
419,CommuSpace_HS_01099,CCN4,ITGA5
420,CommuSpace_HS_01102,CD14,ITGA4
421,CommuSpace_HS_01104,CD14,ITGB2
422,CommuSpace_HS_01106,CD14,RIPK1
423,CommuSpace_HS_01107,CD14,TLR1
424,CommuSpace_HS_01108,CD14,TLR4
425,CommuSpace_HS_01109,CD14,TLR6
426,CommuSpace_HS_01110,CD14,TLR9
427,CommuSpace_HS_01111,CD160,TNFRSF14
428,CommuSpace_HS_01112,CD177,PECAM1
429,CommuSpace_HS_01113,CD1B,IL6ST
430,CommuSpace_HS_01114,CD1D,CEACAM5
431,CommuSpace_HS_01115,CD1D,LILRB2
432,CommuSpace_HS_01117,CD2,NLGN3
433,CommuSpace_HS_01121,CD209,CEACAM1
434,CommuSpace_HS_01122,CD209,ICAM3
435,CommuSpace_HS_01125,CD226,MCAM
436,CommuSpace_HS_01126,CD226,NECTIN2
437,CommuSpace_HS_01127,CD226,PVR
438,CommuSpace_HS_01130,CD244,CD79B
439,CommuSpace_HS_01131,CD244,CSF3R
440,CommuSpace_HS_01133,CD244,LAT
441,CommuSpace_HS_01135,CD274,CD80
442,CommuSpace_HS_01136,CD274,EPHA3
443,CommuSpace_HS_01137,CD274,NCR3
444,CommuSpace_HS_01138,CD274,PDCD1
445,CommuSpace_HS_01139,CD276,TREML2
446,CommuSpace_HS_01140,CD28,CD247
447,CommuSpace_HS_01141,CD28,CD4
448,CommuSpace_HS_01142,CD28,CD80
449,CommuSpace_HS_01143,CD28,CD86
450,CommuSpace_HS_01154,CD320,ROR2
451,CommuSpace_HS_01155,CD320,SIGLEC7
452,CommuSpace_HS_01157,CD34,NECTIN3
453,CommuSpace_HS_01159,CD34,SELE
454,CommuSpace_HS_01160,CD34,SELL
455,CommuSpace_HS_01161,CD34,SELP
456,CommuSpace_HS_01162,CD38,PECAM1
457,CommuSpace_HS_01163,CD40,CD40LG
458,CommuSpace_HS_01164,CD40LG,CD40
459,CommuSpace_HS_01167,CD40LG,ITGA2B
460,CommuSpace_HS_01168,CD40LG,ITGA2B&ITGB3
461,CommuSpace_HS_01169,CD40LG,ITGA5
462,CommuSpace_HS_01171,CD40LG,ITGAM
463,CommuSpace_HS_01172,CD40LG,ITGAM&ITGB2
464,CommuSpace_HS_01174,CD40LG,ITGB2
465,CommuSpace_HS_01175,CD40LG,ITGB3
466,CommuSpace_HS_01176,CD40LG,TRAF3
467,CommuSpace_HS_01178,CD44,CLDN7
468,CommuSpace_HS_01179,CD44,EPCAM
469,CommuSpace_HS_01180,CD44,HAS2
470,CommuSpace_HS_01181,CD44,SELE
471,CommuSpace_HS_01182,CD46,JAG1
472,CommuSpace_HS_01185,CD47,SIGLEC1
473,CommuSpace_HS_01186,CD47,SIRPA
474,CommuSpace_HS_01187,CD47,SIRPG
475,CommuSpace_HS_01192,CD55,ADGRE2
476,CommuSpace_HS_01193,CD55,ADGRE5
477,CommuSpace_HS_01194,CD55,CR1
478,CommuSpace_HS_01195,CD58,CD2
479,CommuSpace_HS_01197,CD59,CD2
480,CommuSpace_HS_01198,CD59,SIGLEC1
481,CommuSpace_HS_01199,CD59,STAB1
482,CommuSpace_HS_01200,CD5L,CD5
483,CommuSpace_HS_01201,CD6,ALCAM
484,CommuSpace_HS_01202,CD6,DAG1
485,CommuSpace_HS_01206,CD70,CD27
486,CommuSpace_HS_01207,CD70,TNFRSF13B
487,CommuSpace_HS_01208,CD70,TNFRSF17
488,CommuSpace_HS_01209,CD72,CD5
489,CommuSpace_HS_01211,CD72,SEMA4D
490,CommuSpace_HS_01212,CD79B,CD244
491,CommuSpace_HS_01216,CD80,CD274
492,CommuSpace_HS_01217,CD80,CD28
493,CommuSpace_HS_01218,CD80,CTLA4
494,CommuSpace_HS_01219,CD80,NGFR
495,CommuSpace_HS_01221,CD82,ITGB2
496,CommuSpace_HS_01222,CD86,CD28
497,CommuSpace_HS_01223,CD86,CTLA4
498,CommuSpace_HS_01224,CD8A,CEACAM5
499,CommuSpace_HS_01230,CD96,NECTIN1
500,CommuSpace_HS_01231,CD96,NECTIN2
501,CommuSpace_HS_01232,CD96,PVR
502,CommuSpace_HS_01234,CD99,CD99
503,CommuSpace_HS_01236,CD99,PILRA
504,CommuSpace_HS_01238,CDCP1,EGFR
505,CommuSpace_HS_01239,CDH1,CDH1
506,CommuSpace_HS_01240,CDH1,CDH2
507,CommuSpace_HS_01241,CDH1,EGFR
508,CommuSpace_HS_01242,CDH1,IGF1R
509,CommuSpace_HS_01244,CDH1,ITGAE
510,CommuSpace_HS_01245,CDH1,ITGAE&ITGB7
511,CommuSpace_HS_01246,CDH1,ITGB7
512,CommuSpace_HS_01247,CDH1,KLRG1
513,CommuSpace_HS_01248,CDH1,LRP5
514,CommuSpace_HS_01249,CDH1,PTPRF
515,CommuSpace_HS_01250,CDH1,PTPRM
516,CommuSpace_HS_01255,CDH2,CDH2
517,CommuSpace_HS_01257,CDH3,CDH3
518,CommuSpace_HS_01259,CDH5,CDH5
519,CommuSpace_HS_01261,CDH6,PTGFRN
520,CommuSpace_HS_01263,CDHR2,CD3D
521,CommuSpace_HS_01265,CDHR2,UNC5A
522,CommuSpace_HS_01266,CEACAM1,CD209
523,CommuSpace_HS_01267,CEACAM1,CEACAM5
524,CommuSpace_HS_01269,CEACAM1,CEACAM8
525,CommuSpace_HS_01270,CEACAM1,EGFR
526,CommuSpace_HS_01271,CEACAM1,HAVCR2
527,CommuSpace_HS_01272,CEACAM1,SELE
528,CommuSpace_HS_01277,CEACAM3,CEACAM5
529,CommuSpace_HS_01281,CEACAM5,CD8A
530,CommuSpace_HS_01282,CEACAM5,CEACAM1
531,CommuSpace_HS_01283,CEACAM5,CEACAM3
532,CommuSpace_HS_01284,CEACAM5,CEACAM5
533,CommuSpace_HS_01287,CEACAM5,CEACAM8
534,CommuSpace_HS_01302,CEACAM8,CEACAM1
535,CommuSpace_HS_01303,CEACAM8,CEACAM5
536,CommuSpace_HS_01312,CFC1,ACVR1B
537,CommuSpace_HS_01313,CFC1,ACVR2A
538,CommuSpace_HS_01315,CFH,CFB
539,CommuSpace_HS_01316,CFH,ITGAM
540,CommuSpace_HS_01317,CFH,SELL
541,CommuSpace_HS_01318,CFP,NCR1
542,CommuSpace_HS_01332,CGB3,LHCGR
543,CommuSpace_HS_01338,CHAD,ITGA2
544,CommuSpace_HS_01386,CLDN1,CLDN1
545,CommuSpace_HS_01407,CLEC2A,KLRB1
546,CommuSpace_HS_01422,CMTM8,EGFR
547,CommuSpace_HS_01428,CNTF,EGFR
548,CommuSpace_HS_01429,CNTF,IL6R
549,CommuSpace_HS_01430,CNTF,IL6ST
550,CommuSpace_HS_01431,CNTF,IL6ST&LIFR
551,CommuSpace_HS_01432,CNTF,LIFR
552,CommuSpace_HS_01445,CNTN2,CNTN2
553,CommuSpace_HS_01449,CNTN2,L1CAM
554,CommuSpace_HS_01451,CNTN2,NRP1
555,CommuSpace_HS_01467,CNTN6,NOTCH1
556,CommuSpace_HS_01468,CNTN6,PTPRG
557,CommuSpace_HS_01469,COL10A1,ITGA1
558,CommuSpace_HS_01475,COL10A1,ITGA2
559,CommuSpace_HS_01478,COL10A1,LAIR1
560,CommuSpace_HS_01479,COL11A1,DDR1
561,CommuSpace_HS_01480,COL11A1,ITGA1
562,CommuSpace_HS_01486,COL11A1,ITGA2
563,CommuSpace_HS_01544,COL17A1,ITGA1
564,CommuSpace_HS_01550,COL17A1,ITGA2
565,CommuSpace_HS_01555,COL18A1,ITGA1
566,CommuSpace_HS_01561,COL18A1,ITGA2
567,CommuSpace_HS_01563,COL18A1,ITGA3
568,CommuSpace_HS_01564,COL18A1,ITGA5
569,CommuSpace_HS_01566,COL18A1,ITGB3
570,CommuSpace_HS_01567,COL18A1,ITGB5
571,CommuSpace_HS_01568,COL18A1,KDR
572,CommuSpace_HS_01691,COL2A1,CD44
573,CommuSpace_HS_01692,COL2A1,DDR1
574,CommuSpace_HS_01693,COL2A1,GP6
575,CommuSpace_HS_01694,COL2A1,ITGA1
576,CommuSpace_HS_01700,COL2A1,ITGA2
577,CommuSpace_HS_01702,COL2A1,ITGA2B
578,CommuSpace_HS_01703,COL2A1,ITGA3
579,CommuSpace_HS_01707,COL2A1,ITGAV
580,CommuSpace_HS_01713,COL2A1,SDC4
581,CommuSpace_HS_01714,COL2A1,TNFRSF10A
582,CommuSpace_HS_01728,COL4A1,ADGRG6
583,CommuSpace_HS_01729,COL4A1,CD44
584,CommuSpace_HS_01730,COL4A1,CD47
585,CommuSpace_HS_01731,COL4A1,CD93
586,CommuSpace_HS_01732,COL4A1,GP6
587,CommuSpace_HS_01733,COL4A1,ITGA1
588,CommuSpace_HS_01739,COL4A1,ITGA2
589,CommuSpace_HS_01743,COL4A1,ITGAV
590,CommuSpace_HS_01748,COL4A1,SDC4
591,CommuSpace_HS_01749,COL4A2,ADGRG6
592,CommuSpace_HS_01750,COL4A2,CD44
593,CommuSpace_HS_01751,COL4A2,CD93
594,CommuSpace_HS_01752,COL4A2,DDR1
595,CommuSpace_HS_01753,COL4A2,DDR2
596,CommuSpace_HS_01754,COL4A2,GP6
597,CommuSpace_HS_01755,COL4A2,ITGA1
598,CommuSpace_HS_01761,COL4A2,ITGA2
599,CommuSpace_HS_01767,COL4A2,ITGB3
600,CommuSpace_HS_01768,COL4A2,ITGB5
601,CommuSpace_HS_01770,COL4A2,SDC4
602,CommuSpace_HS_01771,COL4A3,ADGRG6
603,CommuSpace_HS_01772,COL4A3,CD44
604,CommuSpace_HS_01773,COL4A3,CD47
605,CommuSpace_HS_01774,COL4A3,CD93
606,CommuSpace_HS_01775,COL4A3,GP6
607,CommuSpace_HS_01776,COL4A3,ITGA1
608,CommuSpace_HS_01782,COL4A3,ITGA2
609,CommuSpace_HS_01786,COL4A3,ITGAV
610,CommuSpace_HS_01789,COL4A3,ITGB3
611,CommuSpace_HS_01792,COL4A3,SDC4
612,CommuSpace_HS_01793,COL4A4,ADGRG6
613,CommuSpace_HS_01794,COL4A4,CD44
614,CommuSpace_HS_01795,COL4A4,CD47
615,CommuSpace_HS_01796,COL4A4,CD93
616,CommuSpace_HS_01797,COL4A4,DDR1
617,CommuSpace_HS_01798,COL4A4,DDR2
618,CommuSpace_HS_01799,COL4A4,GP6
619,CommuSpace_HS_01800,COL4A4,ITGA1
620,CommuSpace_HS_01806,COL4A4,ITGA2
621,CommuSpace_HS_01810,COL4A4,ITGAV
622,CommuSpace_HS_01813,COL4A4,ITGB3
623,CommuSpace_HS_01815,COL4A4,SDC4
624,CommuSpace_HS_01816,COL4A5,ADGRG6
625,CommuSpace_HS_01817,COL4A5,CD44
626,CommuSpace_HS_01818,COL4A5,CD47
627,CommuSpace_HS_01819,COL4A5,CD93
628,CommuSpace_HS_01820,COL4A5,DDR1
629,CommuSpace_HS_01821,COL4A5,DDR2
630,CommuSpace_HS_01822,COL4A5,GP6
631,CommuSpace_HS_01823,COL4A5,ITGA1
632,CommuSpace_HS_01829,COL4A5,ITGA2
633,CommuSpace_HS_01833,COL4A5,ITGAV
634,CommuSpace_HS_01837,COL4A5,SDC4
635,CommuSpace_HS_01860,COL5A1,CD93
636,CommuSpace_HS_01861,COL5A1,DDR1
637,CommuSpace_HS_01862,COL5A1,DDR2
638,CommuSpace_HS_01863,COL5A1,ITGA1
639,CommuSpace_HS_01869,COL5A1,ITGA2
640,CommuSpace_HS_01872,COL5A1,LAIR1
641,CommuSpace_HS_01874,COL5A1,SDC3
642,CommuSpace_HS_01875,COL5A2,CD93
643,CommuSpace_HS_01876,COL5A2,DDR1
644,CommuSpace_HS_01877,COL5A2,DDR2
645,CommuSpace_HS_01878,COL5A2,ITGA1
646,CommuSpace_HS_01884,COL5A2,ITGA2
647,CommuSpace_HS_01887,COL5A2,LAIR1
648,CommuSpace_HS_01984,COL7A1,ITGA1
649,CommuSpace_HS_01990,COL7A1,ITGA2
650,CommuSpace_HS_02066,COMP,CD36
651,CommuSpace_HS_02067,COMP,CD47
652,CommuSpace_HS_02068,COMP,ITGA2B
653,CommuSpace_HS_02069,COMP,ITGA3
654,CommuSpace_HS_02071,COMP,ITGA5
655,CommuSpace_HS_02072,COMP,ITGA7
656,CommuSpace_HS_02073,COMP,ITGAV
657,CommuSpace_HS_02074,COMP,ITGAV&ITGB3
658,CommuSpace_HS_02076,COMP,ITGB3
659,CommuSpace_HS_02078,COMP,SDC4
660,CommuSpace_HS_02087,CORT,ADRA2A
661,CommuSpace_HS_02088,CORT,GHSR
662,CommuSpace_HS_02089,CORT,GRM7
663,CommuSpace_HS_02090,CORT,MRGPRX2
664,CommuSpace_HS_02093,CORT,MTNR1A
665,CommuSpace_HS_02094,CORT,SSTR1
666,CommuSpace_HS_02095,CORT,SSTR2
667,CommuSpace_HS_02096,CORT,SSTR3
668,CommuSpace_HS_02097,CORT,SSTR4
669,CommuSpace_HS_02098,CORT,SSTR5
670,CommuSpace_HS_02099,CP,SLC40A1
671,CommuSpace_HS_02100,CP,SMO
672,CommuSpace_HS_02104,CRH,ADCYAP1R1
673,CommuSpace_HS_02105,CRH,ADRB2
674,CommuSpace_HS_02106,CRH,ADRB3
675,CommuSpace_HS_02107,CRH,CRHR1
676,CommuSpace_HS_02108,CRH,CRHR2
677,CommuSpace_HS_02113,CRH,PTH1R
678,CommuSpace_HS_02116,CRH,TSHR
679,CommuSpace_HS_02117,CRH,VIPR1
680,CommuSpace_HS_02129,CRTAM,DSC3
681,CommuSpace_HS_02130,CRTAM,ILDR2
682,CommuSpace_HS_02133,CSF1,CELSR3
683,CommuSpace_HS_02134,CSF1,CSF1R
684,CommuSpace_HS_02135,CSF1,CSF2RA
685,CommuSpace_HS_02136,CSF1,CSF3R
686,CommuSpace_HS_02137,CSF1,SIRPA
687,CommuSpace_HS_02138,CSF1&IL34,CSF1R
688,CommuSpace_HS_02139,CSF2,CSF1R
689,CommuSpace_HS_02140,CSF2,CSF2RA
690,CommuSpace_HS_02141,CSF2,CSF2RA&CSF2RB
691,CommuSpace_HS_02142,CSF2,CSF2RB
692,CommuSpace_HS_02143,CSF2,CSF3R
693,CommuSpace_HS_02144,CSF2,IL3RA
694,CommuSpace_HS_02147,CSF2,SDC2
695,CommuSpace_HS_02148,CSF3,CSF1R
696,CommuSpace_HS_02149,CSF3,CSF2RA
697,CommuSpace_HS_02150,CSF3,CSF3R
698,CommuSpace_HS_02161,CTHRC1,FZD3
699,CommuSpace_HS_02163,CTHRC1,FZD6
700,CommuSpace_HS_02164,CTHRC1,ROR2
701,CommuSpace_HS_02166,CTSG,F2R
702,CommuSpace_HS_02167,CTSG,F2RL1
703,CommuSpace_HS_02169,CTSG,F2RL3
704,CommuSpace_HS_02170,CTSG,FPR1
705,CommuSpace_HS_02171,CTSG,PARD3
706,CommuSpace_HS_02172,CUBN,LRP2
707,CommuSpace_HS_02173,CX3CL1,CX3CR1
708,CommuSpace_HS_02174,CX3CL1,ITGA4
709,CommuSpace_HS_02175,CX3CL1,ITGAV
710,CommuSpace_HS_02177,CX3CL1,ITGB3
711,CommuSpace_HS_02187,CXCL10,ADRA2A
712,CommuSpace_HS_02188,CXCL10,CCR3
713,CommuSpace_HS_02189,CXCL10,CXCR3
714,CommuSpace_HS_02190,CXCL10,DPP4
715,CommuSpace_HS_02191,CXCL10,GRM7
716,CommuSpace_HS_02192,CXCL10,MTNR1A
717,CommuSpace_HS_02193,CXCL10,SDC4
718,CommuSpace_HS_02194,CXCL10,TLR4
719,CommuSpace_HS_02196,CXCL11,ACKR3
720,CommuSpace_HS_02197,CXCL11,ADRA2A
721,CommuSpace_HS_02198,CXCL11,CCR3
722,CommuSpace_HS_02199,CXCL11,CCR5
723,CommuSpace_HS_02200,CXCL11,CXCR3
724,CommuSpace_HS_02201,CXCL11,DPP4
725,CommuSpace_HS_02202,CXCL11,GRM7
726,CommuSpace_HS_02203,CXCL11,MTNR1A
727,CommuSpace_HS_02204,CXCL12,ACKR3
728,CommuSpace_HS_02205,CXCL12,AVPR1A
729,CommuSpace_HS_02206,CXCL12,CCR4
730,CommuSpace_HS_02207,CXCL12,CD4
731,CommuSpace_HS_02208,CXCL12,CXCR3
732,CommuSpace_HS_02209,CXCL12,CXCR4
733,CommuSpace_HS_02210,CXCL12,DPP4
734,CommuSpace_HS_02211,CXCL12,GRM7
735,CommuSpace_HS_02212,CXCL12,ITGA4
736,CommuSpace_HS_02213,CXCL12,ITGA5
737,CommuSpace_HS_02214,CXCL12,ITGAV
738,CommuSpace_HS_02216,CXCL12,ITGB3
739,CommuSpace_HS_02217,CXCL12,MTNR1A
740,CommuSpace_HS_02218,CXCL12,SDC4
741,CommuSpace_HS_02221,CXCL13,ADRA2A
742,CommuSpace_HS_02223,CXCL13,CXCR3
743,CommuSpace_HS_02224,CXCL13,CXCR5
744,CommuSpace_HS_02225,CXCL13,GRM7
745,CommuSpace_HS_02226,CXCL13,MTNR1A
746,CommuSpace_HS_02227,CXCL13,OPRD1
747,CommuSpace_HS_02229,CXCL16,ADRA2A
748,CommuSpace_HS_02230,CXCL16,CXCR6
749,CommuSpace_HS_02231,CXCL16,GRM7
750,CommuSpace_HS_02232,CXCL16,MTNR1A
751,CommuSpace_HS_02235,CXCL2,CXCR1
752,CommuSpace_HS_02236,CXCL2,CXCR2
753,CommuSpace_HS_02237,CXCL2,DPP4
754,CommuSpace_HS_02238,CXCL2,GRM7
755,CommuSpace_HS_02239,CXCL2,MTNR1A
756,CommuSpace_HS_02240,CXCL2,XCR1
757,CommuSpace_HS_02248,CXCL5,ADRA2A
758,CommuSpace_HS_02249,CXCL5,CXCR1
759,CommuSpace_HS_02250,CXCL5,CXCR2
760,CommuSpace_HS_02251,CXCL5,GRM7
761,CommuSpace_HS_02252,CXCL5,MTNR1A
762,CommuSpace_HS_02254,CXCL6,ADRA2A
763,CommuSpace_HS_02255,CXCL6,CXCR1
764,CommuSpace_HS_02256,CXCL6,CXCR2
765,CommuSpace_HS_02257,CXCL6,GRM7
766,CommuSpace_HS_02258,CXCL6,MTNR1A
767,CommuSpace_HS_02271,CXCL9,ADRA2A
768,CommuSpace_HS_02272,CXCL9,CCR3
769,CommuSpace_HS_02273,CXCL9,CXCR3
770,CommuSpace_HS_02274,CXCL9,DPP4
771,CommuSpace_HS_02275,CXCL9,FCGR2A
772,CommuSpace_HS_02276,CXCL9,GRM7
773,CommuSpace_HS_02278,CXCL9,MTNR1A
774,CommuSpace_HS_02279,CYP11A1,NR1H4
775,CommuSpace_HS_02283,CYP11B2,NR3C1
776,CommuSpace_HS_02284,CYP11B2,NR3C2
777,CommuSpace_HS_02285,CYP17A1,AR
778,CommuSpace_HS_02286,CYP19A1,ESR1
779,CommuSpace_HS_02287,CYP19A1,ESR2
780,CommuSpace_HS_02288,CYP19A1,GPER1
781,CommuSpace_HS_02289,CYP19A1,NR1I2
782,CommuSpace_HS_02291,CYP27B1,VDR
783,CommuSpace_HS_02339,DCN,EGFR
784,CommuSpace_HS_02341,DCN,IGF1R
785,CommuSpace_HS_02342,DCN,KDR
786,CommuSpace_HS_02343,DCN,LRP1
787,CommuSpace_HS_02344,DCN,MET
788,CommuSpace_HS_02345,DCN,TLR2
789,CommuSpace_HS_02346,DCN,TLR4
790,CommuSpace_HS_02347,DDC,DRD1
791,CommuSpace_HS_02348,DDC,DRD2
792,CommuSpace_HS_02349,DDC,DRD3
793,CommuSpace_HS_02351,DDC,DRD5
794,CommuSpace_HS_02352,DDC,HTR1A
795,CommuSpace_HS_02353,DDC,HTR1B
796,CommuSpace_HS_02354,DDC,HTR1D
797,CommuSpace_HS_02355,DDC,HTR1E
798,CommuSpace_HS_02357,DDC,HTR2A
799,CommuSpace_HS_02358,DDC,HTR2B
800,CommuSpace_HS_02359,DDC,HTR2C
801,CommuSpace_HS_02360,DDC,HTR3A
802,CommuSpace_HS_02365,DDC,HTR4
803,CommuSpace_HS_02366,DDC,HTR5A
804,CommuSpace_HS_02367,DDC,HTR6
805,CommuSpace_HS_02368,DDC,HTR7
806,CommuSpace_HS_02374,DDC&SLC18A2,DRD1
807,CommuSpace_HS_02375,DDC&SLC18A2,DRD2
808,CommuSpace_HS_02376,DDC&SLC18A2,DRD3
809,CommuSpace_HS_02378,DDC&SLC18A2,DRD5
810,CommuSpace_HS_02379,DDC&SLC6A3,DRD1
811,CommuSpace_HS_02380,DDC&SLC6A3,DRD2
812,CommuSpace_HS_02381,DDC&SLC6A3,DRD3
813,CommuSpace_HS_02383,DDC&SLC6A3,DRD5
814,CommuSpace_HS_02387,DEFB103B,CCR2
815,CommuSpace_HS_02388,DEFB103B,CCR6
816,CommuSpace_HS_02390,DEFB4A,CCR6
817,CommuSpace_HS_02391,DEFB4A,TLR4
818,CommuSpace_HS_02395,DHCR24,RORC
819,CommuSpace_HS_02396,DHCR7,NR1H2
820,CommuSpace_HS_02397,DHCR7,NR1H3
821,CommuSpace_HS_02399,DHCR7,RORC
822,CommuSpace_HS_02413,DKK1,LRP5
823,CommuSpace_HS_02414,DKK1,LRP6
824,CommuSpace_HS_02426,DLK1,NOTCH1
825,CommuSpace_HS_02427,DLK1,NOTCH2
826,CommuSpace_HS_02428,DLK1,NOTCH3
827,CommuSpace_HS_02429,DLK1,NOTCH4
828,CommuSpace_HS_02430,DLK2,NOTCH1
829,CommuSpace_HS_02432,DLL1,NOTCH1
830,CommuSpace_HS_02433,DLL1,NOTCH2
831,CommuSpace_HS_02434,DLL1,NOTCH3
832,CommuSpace_HS_02435,DLL1,NOTCH4
833,CommuSpace_HS_02436,DLL3,NOTCH1
834,CommuSpace_HS_02437,DLL3,NOTCH2
835,CommuSpace_HS_02438,DLL3,NOTCH3
836,CommuSpace_HS_02439,DLL3,NOTCH4
837,CommuSpace_HS_02440,DLL4,NOTCH1
838,CommuSpace_HS_02441,DLL4,NOTCH2
839,CommuSpace_HS_02442,DLL4,NOTCH3
840,CommuSpace_HS_02443,DLL4,NOTCH4
841,CommuSpace_HS_02464,DSC3,DSG1
842,CommuSpace_HS_02465,DSC3,DSG2
843,CommuSpace_HS_02466,DSC3,DSG3
844,CommuSpace_HS_02478,DSG1,DSC3
845,CommuSpace_HS_02479,DSG1,FLT4
846,CommuSpace_HS_02481,DSG2,DSC3
847,CommuSpace_HS_02498,EBI3,IL6ST
848,CommuSpace_HS_02499,EBI3&IL12A,IL12RB2&IL6ST
849,CommuSpace_HS_02502,ECM1,ITGB4
850,CommuSpace_HS_02505,EDA,IL1RL1
851,CommuSpace_HS_02506,EDIL3,ITGA5
852,CommuSpace_HS_02507,EDIL3,ITGAV
853,CommuSpace_HS_02509,EDIL3,ITGB3
854,CommuSpace_HS_02510,EDIL3,ITGB5
855,CommuSpace_HS_02511,EDN1,ADGRL4
856,CommuSpace_HS_02512,EDN1,ECE1
857,CommuSpace_HS_02513,EDN1,EDNRA
858,CommuSpace_HS_02514,EDN1,EDNRB
859,CommuSpace_HS_02515,EDN1,EGFR
860,CommuSpace_HS_02516,EDN1,KEL
861,CommuSpace_HS_02599,EFNB2,EPHA10
862,CommuSpace_HS_02600,EFNB2,EPHA3
863,CommuSpace_HS_02601,EFNB2,EPHA4
864,CommuSpace_HS_02603,EFNB2,EPHA8
865,CommuSpace_HS_02604,EFNB2,EPHB1
866,CommuSpace_HS_02605,EFNB2,EPHB2
867,CommuSpace_HS_02607,EFNB2,EPHB4
868,CommuSpace_HS_02608,EFNB2,EPHB6
869,CommuSpace_HS_02609,EFNB2,FCRL1
870,CommuSpace_HS_02610,EFNB2,GRM1
871,CommuSpace_HS_02611,EFNB2,GRM5
872,CommuSpace_HS_02614,EFNB2,PECAM1
873,CommuSpace_HS_02627,EGF,ADRB2
874,CommuSpace_HS_02628,EGF,AXL
875,CommuSpace_HS_02630,EGF,EGFR
876,CommuSpace_HS_02631,EGF,EGFR&ERBB2
877,CommuSpace_HS_02632,EGF,ERBB2
878,CommuSpace_HS_02633,EGF,ERBB3
879,CommuSpace_HS_02635,EGF,FSHR
880,CommuSpace_HS_02636,EGF,LDLR
881,CommuSpace_HS_02637,EGF,LRP2
882,CommuSpace_HS_02638,EGF,NRP1
883,CommuSpace_HS_02639,EGF,PLD2
884,CommuSpace_HS_02641,EGF,TNFRSF11B
885,CommuSpace_HS_02642,EGFL8,NCR3
886,CommuSpace_HS_02643,ELFN1,FLT1
887,CommuSpace_HS_02644,EMC1,PRLR
888,CommuSpace_HS_02646,ENG,ACVR2A
889,CommuSpace_HS_02647,ENG,ACVRL1
890,CommuSpace_HS_02648,ENG,BMPR2
891,CommuSpace_HS_02649,ENG,CDH5
892,CommuSpace_HS_02650,ENG,ITGAV
893,CommuSpace_HS_02652,ENPP1,INSR
894,CommuSpace_HS_02653,ENTPD1,ADORA1
895,CommuSpace_HS_02654,ENTPD1,ADORA2A
896,CommuSpace_HS_02655,ENTPD1,ADORA2B
897,CommuSpace_HS_02656,ENTPD1,ADORA3
898,CommuSpace_HS_02658,EPCAM,CLDN1
899,CommuSpace_HS_02659,EPCAM,CLDN7
900,CommuSpace_HS_02663,EPHA4,FGFR1
901,CommuSpace_HS_02664,EPHA4,FGFR2
902,CommuSpace_HS_02665,EPHA4,FGFR3
903,CommuSpace_HS_02666,EPHA4,FGFR4
904,CommuSpace_HS_02668,EPO,EPHB4
905,CommuSpace_HS_02669,EPO,EPOR
906,CommuSpace_HS_02670,EREG,EGFR
907,CommuSpace_HS_02671,EREG,EGFR&ERBB2
908,CommuSpace_HS_02672,EREG,ERBB2
909,CommuSpace_HS_02674,EREG,ERBB3
910,CommuSpace_HS_02676,ERFE,LRP1
911,CommuSpace_HS_02679,ESM1,ITGAL
912,CommuSpace_HS_02680,ESM1,ITGB2
913,CommuSpace_HS_02681,ETV5,ERBB2
914,CommuSpace_HS_02689,F11,GP1BA
915,CommuSpace_HS_02691,F11,GP5
916,CommuSpace_HS_02693,F11R,F11R
917,CommuSpace_HS_02694,F11R,ITGAL
918,CommuSpace_HS_02695,F11R,ITGAL&ITGB2
919,CommuSpace_HS_02696,F11R,ITGB2
920,CommuSpace_HS_02697,F11R,JAM2
921,CommuSpace_HS_02698,F11R,JAM3
922,CommuSpace_HS_02701,F12,CD93
923,CommuSpace_HS_02702,F12,F11
924,CommuSpace_HS_02703,F12,GP1BA
925,CommuSpace_HS_02705,F12,GP5
926,CommuSpace_HS_02708,F13A1,ITGA4
927,CommuSpace_HS_02711,F2,F2R
928,CommuSpace_HS_02712,F2,F2RL1
929,CommuSpace_HS_02714,F2,F2RL3
930,CommuSpace_HS_02715,F2,F5
931,CommuSpace_HS_02716,F2,F8
932,CommuSpace_HS_02717,F2,GP1BA
933,CommuSpace_HS_02720,F2,ITGA2B
934,CommuSpace_HS_02721,F2,PARD3
935,CommuSpace_HS_02722,F2,THBD
936,CommuSpace_HS_02723,F5,PROC
937,CommuSpace_HS_02725,F7,F3
938,CommuSpace_HS_02729,F8,LDLR
939,CommuSpace_HS_02730,F8,LRP1
940,CommuSpace_HS_02731,F8,LRP2
941,CommuSpace_HS_02736,FADD,ABCA1
942,CommuSpace_HS_02737,FADD,FAS
943,CommuSpace_HS_02739,FADD,TRAF2
944,CommuSpace_HS_02753,FAP,DPP4
945,CommuSpace_HS_02759,FASLG,FAS
946,CommuSpace_HS_02760,FASLG,TNFRSF10B
947,CommuSpace_HS_02761,FASLG,TNFRSF1A
948,CommuSpace_HS_02762,FASLG,TNFRSF6B
949,CommuSpace_HS_02765,FBLN2,ITGB3
950,CommuSpace_HS_02771,FCAR,CD33
951,CommuSpace_HS_02774,FCAR,SIGLEC6
952,CommuSpace_HS_02775,FCAR,TNFRSF14
953,CommuSpace_HS_02777,FCER2,CR2
954,CommuSpace_HS_02778,FCER2,ITGAM
955,CommuSpace_HS_02779,FCER2,ITGAM&ITGB2
956,CommuSpace_HS_02780,FCER2,ITGAV
957,CommuSpace_HS_02781,FCER2,ITGAV&ITGB3
958,CommuSpace_HS_02782,FCER2,ITGAX
959,CommuSpace_HS_02783,FCER2,ITGAX&ITGB2
960,CommuSpace_HS_02784,FCER2,ITGB2
961,CommuSpace_HS_02785,FCER2,ITGB3
962,CommuSpace_HS_02787,FCN1,LRP1
963,CommuSpace_HS_02788,FCN2,LRP1
964,CommuSpace_HS_02812,FGF1,CD44
965,CommuSpace_HS_02813,FGF1,CSPG4
966,CommuSpace_HS_02814,FGF1,EGFR
967,CommuSpace_HS_02815,FGF1,FGFR1
968,CommuSpace_HS_02816,FGF1,FGFR2
969,CommuSpace_HS_02817,FGF1,FGFR3
970,CommuSpace_HS_02818,FGF1,FGFR4
971,CommuSpace_HS_02820,FGF1,ITGB3
972,CommuSpace_HS_02821,FGF1,NRP1
973,CommuSpace_HS_02822,FGF1,TGFBR3
974,CommuSpace_HS_02823,FGF10,FGFR1
975,CommuSpace_HS_02824,FGF10,FGFR2
976,CommuSpace_HS_02825,FGF10,FGFR3
977,CommuSpace_HS_02826,FGF10,FGFR4
978,CommuSpace_HS_02854,FGF13,EGFR
979,CommuSpace_HS_02855,FGF13,FGFR1
980,CommuSpace_HS_02856,FGF13,FGFR2
981,CommuSpace_HS_02857,FGF13,FGFR3
982,CommuSpace_HS_02858,FGF13,FGFR4
983,CommuSpace_HS_02863,FGF13,SCN3A
984,CommuSpace_HS_02866,FGF13,SCN8A
985,CommuSpace_HS_02867,FGF13,SCN9A
986,CommuSpace_HS_02893,FGF19,FGFR1
987,CommuSpace_HS_02894,FGF19,FGFR2
988,CommuSpace_HS_02895,FGF19,FGFR3
989,CommuSpace_HS_02896,FGF19,FGFR4
990,CommuSpace_HS_02898,FGF2,CD44
991,CommuSpace_HS_02899,FGF2,FGFR1
992,CommuSpace_HS_02900,FGF2,FGFR2
993,CommuSpace_HS_02901,FGF2,FGFR3
994,CommuSpace_HS_02902,FGF2,FGFR4
995,CommuSpace_HS_02905,FGF2,ITGB3
996,CommuSpace_HS_02906,FGF2,NRP1
997,CommuSpace_HS_02908,FGF2,SDC2
998,CommuSpace_HS_02909,FGF2,SDC3
999,CommuSpace_HS_02910,FGF2,SDC4
1000,CommuSpace_HS_02915,FGF21,FGFR1
1001,CommuSpace_HS_02916,FGF21,FGFR2
1002,CommuSpace_HS_02917,FGF21,FGFR3
1003,CommuSpace_HS_02918,FGF21,FGFR4
1004,CommuSpace_HS_02923,FGF23,FGFR1
1005,CommuSpace_HS_02924,FGF23,FGFR2
1006,CommuSpace_HS_02925,FGF23,FGFR3
1007,CommuSpace_HS_02926,FGF23,FGFR4
1008,CommuSpace_HS_02927,FGF23,PHEX
1009,CommuSpace_HS_02933,FGF4,FGFR1
1010,CommuSpace_HS_02934,FGF4,FGFR2
1011,CommuSpace_HS_02935,FGF4,FGFR3
1012,CommuSpace_HS_02936,FGF4,FGFR4
1013,CommuSpace_HS_02938,FGF4,NRP1
1014,CommuSpace_HS_02948,FGF7,FGFR1
1015,CommuSpace_HS_02949,FGF7,FGFR2
1016,CommuSpace_HS_02950,FGF7,FGFR3
1017,CommuSpace_HS_02951,FGF7,FGFR4
1018,CommuSpace_HS_02952,FGF7,NRP1
1019,CommuSpace_HS_02958,FGF9,FGFR1
1020,CommuSpace_HS_02959,FGF9,FGFR2
1021,CommuSpace_HS_02960,FGF9,FGFR3
1022,CommuSpace_HS_02961,FGF9,FGFR4
1023,CommuSpace_HS_02962,FGFR3,EPHA4
1024,CommuSpace_HS_02963,FGFR4,EPHA4
1025,CommuSpace_HS_02965,FGFR4,TNFRSF10A
1026,CommuSpace_HS_03001,FLRT3,ADGRL1
1027,CommuSpace_HS_03004,FLRT3,FLRT3
1028,CommuSpace_HS_03005,FLRT3,UNC5A
1029,CommuSpace_HS_03013,FLT3LG,FLT3
1030,CommuSpace_HS_03054,FNDC5,ITGAV
1031,CommuSpace_HS_03055,FNDC5,ITGB5
1032,CommuSpace_HS_03070,FST,BMPR1B
1033,CommuSpace_HS_03071,FST,BMPR2
1034,CommuSpace_HS_03073,FSTL1,DIP2A
1035,CommuSpace_HS_03085,FURIN,ADAMTS1
1036,CommuSpace_HS_03086,FURIN,BACE1
1037,CommuSpace_HS_03087,FURIN,DSG3
1038,CommuSpace_HS_03088,FURIN,INSR
1039,CommuSpace_HS_03089,FURIN,LRP1
1040,CommuSpace_HS_03090,FURIN,NOTCH1
1041,CommuSpace_HS_03091,FURIN,SORCS1
1042,CommuSpace_HS_03092,GAD1,GRM4
1043,CommuSpace_HS_03110,GAD1&SLC6A1,GABBR1
1044,CommuSpace_HS_03111,GAD1&SLC6A1,GABBR2
1045,CommuSpace_HS_03112,GAD1&SLC6A1,GABRA1&GABRB2
1046,CommuSpace_HS_03113,GAD1&SLC6A1,GABRA1&GABRB2&GABRD
1047,CommuSpace_HS_03114,GAD1&SLC6A1,GABRA1&GABRB2&GABRG2
1048,CommuSpace_HS_03115,GAD1&SLC6A1,GABRA1&GABRB3
1049,CommuSpace_HS_03116,GAD1&SLC6A1,GABRA1&GABRB3&GABRG2
1050,CommuSpace_HS_03117,GAD1&SLC6A1,GABRA2&GABRB3&GABRG2
1051,CommuSpace_HS_03119,GAD1&SLC6A1,GABRA3&GABRB3&GABRG2
1052,CommuSpace_HS_03120,GAD1&SLC6A1,GABRA3&GABRB3&GABRQ
1053,CommuSpace_HS_03121,GAD1&SLC6A1,GABRA4&GABRB2&GABRD
1054,CommuSpace_HS_03122,GAD1&SLC6A1,GABRA4&GABRB3&GABRD
1055,CommuSpace_HS_03123,GAD1&SLC6A1,GABRA4&GABRB3&GABRG2
1056,CommuSpace_HS_03124,GAD1&SLC6A1,GABRA5&GABRB3&GABRG2
1057,CommuSpace_HS_03125,GAD1&SLC6A1,GABRA6&GABRB3&GABRD
1058,CommuSpace_HS_03126,GAD1&SLC6A1,GABRA6&GABRB3&GABRG2
1059,CommuSpace_HS_03144,GAD1&SLC6A12,GABBR1
1060,CommuSpace_HS_03145,GAD1&SLC6A12,GABBR2
1061,CommuSpace_HS_03146,GAD1&SLC6A12,GABRA1&GABRB2
1062,CommuSpace_HS_03147,GAD1&SLC6A12,GABRA1&GABRB2&GABRD
1063,CommuSpace_HS_03148,GAD1&SLC6A12,GABRA1&GABRB2&GABRG2
1064,CommuSpace_HS_03149,GAD1&SLC6A12,GABRA1&GABRB3
1065,CommuSpace_HS_03150,GAD1&SLC6A12,GABRA1&GABRB3&GABRG2
1066,CommuSpace_HS_03151,GAD1&SLC6A12,GABRA2&GABRB3&GABRG2
1067,CommuSpace_HS_03153,GAD1&SLC6A12,GABRA3&GABRB3&GABRG2
1068,CommuSpace_HS_03154,GAD1&SLC6A12,GABRA3&GABRB3&GABRQ
1069,CommuSpace_HS_03155,GAD1&SLC6A12,GABRA4&GABRB2&GABRD
1070,CommuSpace_HS_03156,GAD1&SLC6A12,GABRA4&GABRB3&GABRD
1071,CommuSpace_HS_03157,GAD1&SLC6A12,GABRA4&GABRB3&GABRG2
1072,CommuSpace_HS_03158,GAD1&SLC6A12,GABRA5&GABRB3&GABRG2
1073,CommuSpace_HS_03159,GAD1&SLC6A12,GABRA6&GABRB3&GABRD
1074,CommuSpace_HS_03160,GAD1&SLC6A12,GABRA6&GABRB3&GABRG2
1075,CommuSpace_HS_03229,GAD2&SLC6A1,GABBR1
1076,CommuSpace_HS_03230,GAD2&SLC6A1,GABBR2
1077,CommuSpace_HS_03231,GAD2&SLC6A1,GABRA1&GABRB2
1078,CommuSpace_HS_03232,GAD2&SLC6A1,GABRA1&GABRB2&GABRD
1079,CommuSpace_HS_03233,GAD2&SLC6A1,GABRA1&GABRB2&GABRG2
1080,CommuSpace_HS_03234,GAD2&SLC6A1,GABRA1&GABRB3
1081,CommuSpace_HS_03235,GAD2&SLC6A1,GABRA1&GABRB3&GABRG2
1082,CommuSpace_HS_03236,GAD2&SLC6A1,GABRA2&GABRB3&GABRG2
1083,CommuSpace_HS_03238,GAD2&SLC6A1,GABRA3&GABRB3&GABRG2
1084,CommuSpace_HS_03239,GAD2&SLC6A1,GABRA3&GABRB3&GABRQ
1085,CommuSpace_HS_03240,GAD2&SLC6A1,GABRA4&GABRB2&GABRD
1086,CommuSpace_HS_03241,GAD2&SLC6A1,GABRA4&GABRB3&GABRD
1087,CommuSpace_HS_03242,GAD2&SLC6A1,GABRA4&GABRB3&GABRG2
1088,CommuSpace_HS_03243,GAD2&SLC6A1,GABRA5&GABRB3&GABRG2
1089,CommuSpace_HS_03244,GAD2&SLC6A1,GABRA6&GABRB3&GABRD
1090,CommuSpace_HS_03245,GAD2&SLC6A1,GABRA6&GABRB3&GABRG2
1091,CommuSpace_HS_03263,GAD2&SLC6A12,GABBR1
1092,CommuSpace_HS_03264,GAD2&SLC6A12,GABBR2
1093,CommuSpace_HS_03265,GAD2&SLC6A12,GABRA1&GABRB2
1094,CommuSpace_HS_03266,GAD2&SLC6A12,GABRA1&GABRB2&GABRD
1095,CommuSpace_HS_03267,GAD2&SLC6A12,GABRA1&GABRB2&GABRG2
1096,CommuSpace_HS_03268,GAD2&SLC6A12,GABRA1&GABRB3
1097,CommuSpace_HS_03269,GAD2&SLC6A12,GABRA1&GABRB3&GABRG2
1098,CommuSpace_HS_03270,GAD2&SLC6A12,GABRA2&GABRB3&GABRG2
1099,CommuSpace_HS_03272,GAD2&SLC6A12,GABRA3&GABRB3&GABRG2
1100,CommuSpace_HS_03273,GAD2&SLC6A12,GABRA3&GABRB3&GABRQ
1101,CommuSpace_HS_03274,GAD2&SLC6A12,GABRA4&GABRB2&GABRD
1102,CommuSpace_HS_03275,GAD2&SLC6A12,GABRA4&GABRB3&GABRD
1103,CommuSpace_HS_03276,GAD2&SLC6A12,GABRA4&GABRB3&GABRG2
1104,CommuSpace_HS_03277,GAD2&SLC6A12,GABRA5&GABRB3&GABRG2
1105,CommuSpace_HS_03278,GAD2&SLC6A12,GABRA6&GABRB3&GABRD
1106,CommuSpace_HS_03279,GAD2&SLC6A12,GABRA6&GABRB3&GABRG2
1107,CommuSpace_HS_03331,GAL,ADRA2A
1108,CommuSpace_HS_03332,GAL,GALR1
1109,CommuSpace_HS_03336,GAL,GRM7
1110,CommuSpace_HS_03338,GAL,MTNR1A
1111,CommuSpace_HS_03339,GALP,GALR1
1112,CommuSpace_HS_03342,GAS6,AXL
1113,CommuSpace_HS_03343,GAS6,MERTK
1114,CommuSpace_HS_03344,GAS6,TYRO3
1115,CommuSpace_HS_03392,GDF11,ACVR1B
1116,CommuSpace_HS_03393,GDF11,ACVR1B&ACVR2A
1117,CommuSpace_HS_03396,GDF11,ACVR2A
1118,CommuSpace_HS_03397,GDF11,ACVR2A&TGFBR1
1119,CommuSpace_HS_03401,GDF11,BMPR1A
1120,CommuSpace_HS_03402,GDF11,BMPR1B
1121,CommuSpace_HS_03403,GDF11,BMPR2
1122,CommuSpace_HS_03404,GDF11,TGFBR1
1123,CommuSpace_HS_03405,GDF15,ERBB2
1124,CommuSpace_HS_03407,GDF15,RET
1125,CommuSpace_HS_03408,GDF15,TGFBR2
1126,CommuSpace_HS_03409,GDF2,ACVR1
1127,CommuSpace_HS_03410,GDF2,ACVR2A
1128,CommuSpace_HS_03411,GDF2,ACVR2A&ACVRL1
1129,CommuSpace_HS_03414,GDF2,ACVRL1
1130,CommuSpace_HS_03415,GDF2,ACVRL1&BMPR2
1131,CommuSpace_HS_03416,GDF2,BMPR2
1132,CommuSpace_HS_03417,GDF2,ENG
1133,CommuSpace_HS_03418,GDF3,ACVR1B
1134,CommuSpace_HS_03419,GDF3,ACVR1B&ACVR2A
1135,CommuSpace_HS_03420,GDF3,ACVR1B&ACVR2A&CFC1
1136,CommuSpace_HS_03428,GDF3,ACVR2A
1137,CommuSpace_HS_03430,GDF3,CFC1
1138,CommuSpace_HS_03431,GDF3,TDGF1
1139,CommuSpace_HS_03432,GDF5,ACVR1
1140,CommuSpace_HS_03433,GDF5,ACVR2A
1141,CommuSpace_HS_03434,GDF5,ACVR2A&BMPR1A
1142,CommuSpace_HS_03435,GDF5,ACVR2A&BMPR1B
1143,CommuSpace_HS_03439,GDF5,BMPR1A
1144,CommuSpace_HS_03440,GDF5,BMPR1A&BMPR2
1145,CommuSpace_HS_03441,GDF5,BMPR1B
1146,CommuSpace_HS_03442,GDF5,BMPR1B&BMPR2
1147,CommuSpace_HS_03443,GDF5,BMPR2
1148,CommuSpace_HS_03444,GDF5,ROR2
1149,CommuSpace_HS_03445,GDF6,ACVR2A
1150,CommuSpace_HS_03446,GDF6,ACVR2A&BMPR1A
1151,CommuSpace_HS_03447,GDF6,ACVR2A&BMPR1B
1152,CommuSpace_HS_03451,GDF6,BMPR1A
1153,CommuSpace_HS_03452,GDF6,BMPR1A&BMPR2
1154,CommuSpace_HS_03453,GDF6,BMPR1B
1155,CommuSpace_HS_03454,GDF6,BMPR1B&BMPR2
1156,CommuSpace_HS_03455,GDF6,BMPR2
1157,CommuSpace_HS_03456,GDF7,ACVR2A
1158,CommuSpace_HS_03457,GDF7,ACVR2A&BMPR1A
1159,CommuSpace_HS_03458,GDF7,ACVR2A&BMPR1B
1160,CommuSpace_HS_03462,GDF7,BMPR1A
1161,CommuSpace_HS_03463,GDF7,BMPR1A&BMPR2
1162,CommuSpace_HS_03464,GDF7,BMPR1B
1163,CommuSpace_HS_03465,GDF7,BMPR1B&BMPR2
1164,CommuSpace_HS_03466,GDF7,BMPR2
1165,CommuSpace_HS_03467,GDF9,ACVR1B
1166,CommuSpace_HS_03468,GDF9,ACVR1B&BMPR2
1167,CommuSpace_HS_03469,GDF9,ACVR2A
1168,CommuSpace_HS_03470,GDF9,BMPR1A
1169,CommuSpace_HS_03471,GDF9,BMPR1B
1170,CommuSpace_HS_03472,GDF9,BMPR2
1171,CommuSpace_HS_03473,GDF9,BMPR2&TGFBR1
1172,CommuSpace_HS_03475,GDF9,ORAI2
1173,CommuSpace_HS_03476,GDF9,TGFBR1
1174,CommuSpace_HS_03477,GDNF,EDNRB
1175,CommuSpace_HS_03483,GDNF,NCAM1
1176,CommuSpace_HS_03484,GDNF,RET
1177,CommuSpace_HS_03487,GGT1,CD82
1178,CommuSpace_HS_03490,GH1,EPOR
1179,CommuSpace_HS_03491,GH1,GHR
1180,CommuSpace_HS_03492,GH1,PRLR
1181,CommuSpace_HS_03530,GJA1,GJA1
1182,CommuSpace_HS_03531,GJA1,GJA5
1183,CommuSpace_HS_03536,GJA5,GJA5
1184,CommuSpace_HS_03539,GJC1,GJA1
1185,CommuSpace_HS_03540,GJC1,GJA5
1186,CommuSpace_HS_03541,GJC1,GJC1
1187,CommuSpace_HS_03545,GLS&SLC17A6,GRIA1
1188,CommuSpace_HS_03546,GLS&SLC17A6,GRIA2
1189,CommuSpace_HS_03555,GLS&SLC17A6,GRIK3
1190,CommuSpace_HS_03556,GLS&SLC17A6,GRIK3&GRIK4
1191,CommuSpace_HS_03557,GLS&SLC17A6,GRIK3&GRIK5
1192,CommuSpace_HS_03559,GLS&SLC17A6,GRIN1&GRIN2B
1193,CommuSpace_HS_03560,GLS&SLC17A6,GRIN1&GRIN2C
1194,CommuSpace_HS_03561,GLS&SLC17A6,GRIN1&GRIN2D
1195,CommuSpace_HS_03562,GLS&SLC17A6,GRM1
1196,CommuSpace_HS_03563,GLS&SLC17A6,GRM2
1197,CommuSpace_HS_03564,GLS&SLC17A6,GRM3
1198,CommuSpace_HS_03565,GLS&SLC17A6,GRM4
1199,CommuSpace_HS_03566,GLS&SLC17A6,GRM5
1200,CommuSpace_HS_03568,GLS&SLC17A6,GRM7
1201,CommuSpace_HS_03570,GLS&SLC17A7,GRIA1
1202,CommuSpace_HS_03571,GLS&SLC17A7,GRIA2
1203,CommuSpace_HS_03580,GLS&SLC17A7,GRIK3
1204,CommuSpace_HS_03581,GLS&SLC17A7,GRIK3&GRIK4
1205,CommuSpace_HS_03582,GLS&SLC17A7,GRIK3&GRIK5
1206,CommuSpace_HS_03584,GLS&SLC17A7,GRIN1&GRIN2B
1207,CommuSpace_HS_03585,GLS&SLC17A7,GRIN1&GRIN2C
1208,CommuSpace_HS_03586,GLS&SLC17A7,GRIN1&GRIN2D
1209,CommuSpace_HS_03587,GLS&SLC17A7,GRM1
1210,CommuSpace_HS_03588,GLS&SLC17A7,GRM2
1211,CommuSpace_HS_03589,GLS&SLC17A7,GRM3
1212,CommuSpace_HS_03590,GLS&SLC17A7,GRM4
1213,CommuSpace_HS_03591,GLS&SLC17A7,GRM5
1214,CommuSpace_HS_03593,GLS&SLC17A7,GRM7
1215,CommuSpace_HS_03595,GLS&SLC17A8,GRIA1
1216,CommuSpace_HS_03596,GLS&SLC17A8,GRIA2
1217,CommuSpace_HS_03605,GLS&SLC17A8,GRIK3
1218,CommuSpace_HS_03606,GLS&SLC17A8,GRIK3&GRIK4
1219,CommuSpace_HS_03607,GLS&SLC17A8,GRIK3&GRIK5
1220,CommuSpace_HS_03609,GLS&SLC17A8,GRIN1&GRIN2B
1221,CommuSpace_HS_03610,GLS&SLC17A8,GRIN1&GRIN2C
1222,CommuSpace_HS_03611,GLS&SLC17A8,GRIN1&GRIN2D
1223,CommuSpace_HS_03612,GLS&SLC17A8,GRM1
1224,CommuSpace_HS_03613,GLS&SLC17A8,GRM2
1225,CommuSpace_HS_03614,GLS&SLC17A8,GRM3
1226,CommuSpace_HS_03615,GLS&SLC17A8,GRM4
1227,CommuSpace_HS_03616,GLS&SLC17A8,GRM5
1228,CommuSpace_HS_03618,GLS&SLC17A8,GRM7
1229,CommuSpace_HS_03620,GLS&SLC1A1,GRIA1
1230,CommuSpace_HS_03621,GLS&SLC1A1,GRIA2
1231,CommuSpace_HS_03630,GLS&SLC1A1,GRIK3
1232,CommuSpace_HS_03631,GLS&SLC1A1,GRIK3&GRIK4
1233,CommuSpace_HS_03632,GLS&SLC1A1,GRIK3&GRIK5
1234,CommuSpace_HS_03634,GLS&SLC1A1,GRIN1&GRIN2B
1235,CommuSpace_HS_03635,GLS&SLC1A1,GRIN1&GRIN2C
1236,CommuSpace_HS_03636,GLS&SLC1A1,GRIN1&GRIN2D
1237,CommuSpace_HS_03637,GLS&SLC1A1,GRM1
1238,CommuSpace_HS_03638,GLS&SLC1A1,GRM2
1239,CommuSpace_HS_03639,GLS&SLC1A1,GRM3
1240,CommuSpace_HS_03640,GLS&SLC1A1,GRM4
1241,CommuSpace_HS_03641,GLS&SLC1A1,GRM5
1242,CommuSpace_HS_03643,GLS&SLC1A1,GRM7
1243,CommuSpace_HS_03645,GLS&SLC1A2,GRIA1
1244,CommuSpace_HS_03646,GLS&SLC1A2,GRIA2
1245,CommuSpace_HS_03655,GLS&SLC1A2,GRIK3
1246,CommuSpace_HS_03656,GLS&SLC1A2,GRIK3&GRIK4
1247,CommuSpace_HS_03657,GLS&SLC1A2,GRIK3&GRIK5
1248,CommuSpace_HS_03659,GLS&SLC1A2,GRIN1&GRIN2B
1249,CommuSpace_HS_03660,GLS&SLC1A2,GRIN1&GRIN2C
1250,CommuSpace_HS_03661,GLS&SLC1A2,GRIN1&GRIN2D
1251,CommuSpace_HS_03662,GLS&SLC1A2,GRM1
1252,CommuSpace_HS_03663,GLS&SLC1A2,GRM2
1253,CommuSpace_HS_03664,GLS&SLC1A2,GRM3
1254,CommuSpace_HS_03665,GLS&SLC1A2,GRM4
1255,CommuSpace_HS_03666,GLS&SLC1A2,GRM5
1256,CommuSpace_HS_03668,GLS&SLC1A2,GRM7
1257,CommuSpace_HS_03670,GLS&SLC1A3,GRIA1
1258,CommuSpace_HS_03671,GLS&SLC1A3,GRIA2
1259,CommuSpace_HS_03680,GLS&SLC1A3,GRIK3
1260,CommuSpace_HS_03681,GLS&SLC1A3,GRIK3&GRIK4
1261,CommuSpace_HS_03682,GLS&SLC1A3,GRIK3&GRIK5
1262,CommuSpace_HS_03684,GLS&SLC1A3,GRIN1&GRIN2B
1263,CommuSpace_HS_03685,GLS&SLC1A3,GRIN1&GRIN2C
1264,CommuSpace_HS_03686,GLS&SLC1A3,GRIN1&GRIN2D
1265,CommuSpace_HS_03687,GLS&SLC1A3,GRM1
1266,CommuSpace_HS_03688,GLS&SLC1A3,GRM2
1267,CommuSpace_HS_03689,GLS&SLC1A3,GRM3
1268,CommuSpace_HS_03690,GLS&SLC1A3,GRM4
1269,CommuSpace_HS_03691,GLS&SLC1A3,GRM5
1270,CommuSpace_HS_03693,GLS&SLC1A3,GRM7
1271,CommuSpace_HS_03745,GLS2&SLC17A6,GRIA1
1272,CommuSpace_HS_03746,GLS2&SLC17A6,GRIA2
1273,CommuSpace_HS_03755,GLS2&SLC17A6,GRIK3
1274,CommuSpace_HS_03756,GLS2&SLC17A6,GRIK3&GRIK4
1275,CommuSpace_HS_03757,GLS2&SLC17A6,GRIK3&GRIK5
1276,CommuSpace_HS_03759,GLS2&SLC17A6,GRIN1&GRIN2B
1277,CommuSpace_HS_03760,GLS2&SLC17A6,GRIN1&GRIN2C
1278,CommuSpace_HS_03761,GLS2&SLC17A6,GRIN1&GRIN2D
1279,CommuSpace_HS_03762,GLS2&SLC17A6,GRM1
1280,CommuSpace_HS_03763,GLS2&SLC17A6,GRM2
1281,CommuSpace_HS_03764,GLS2&SLC17A6,GRM3
1282,CommuSpace_HS_03765,GLS2&SLC17A6,GRM4
1283,CommuSpace_HS_03766,GLS2&SLC17A6,GRM5
1284,CommuSpace_HS_03768,GLS2&SLC17A6,GRM7
1285,CommuSpace_HS_03770,GLS2&SLC17A7,GRIA1
1286,CommuSpace_HS_03771,GLS2&SLC17A7,GRIA2
1287,CommuSpace_HS_03780,GLS2&SLC17A7,GRIK3
1288,CommuSpace_HS_03781,GLS2&SLC17A7,GRIK3&GRIK4
1289,CommuSpace_HS_03782,GLS2&SLC17A7,GRIK3&GRIK5
1290,CommuSpace_HS_03784,GLS2&SLC17A7,GRIN1&GRIN2B
1291,CommuSpace_HS_03785,GLS2&SLC17A7,GRIN1&GRIN2C
1292,CommuSpace_HS_03786,GLS2&SLC17A7,GRIN1&GRIN2D
1293,CommuSpace_HS_03787,GLS2&SLC17A7,GRM1
1294,CommuSpace_HS_03788,GLS2&SLC17A7,GRM2
1295,CommuSpace_HS_03789,GLS2&SLC17A7,GRM3
1296,CommuSpace_HS_03790,GLS2&SLC17A7,GRM4
1297,CommuSpace_HS_03791,GLS2&SLC17A7,GRM5
1298,CommuSpace_HS_03793,GLS2&SLC17A7,GRM7
1299,CommuSpace_HS_03795,GLS2&SLC17A8,GRIA1
1300,CommuSpace_HS_03796,GLS2&SLC17A8,GRIA2
1301,CommuSpace_HS_03805,GLS2&SLC17A8,GRIK3
1302,CommuSpace_HS_03806,GLS2&SLC17A8,GRIK3&GRIK4
1303,CommuSpace_HS_03807,GLS2&SLC17A8,GRIK3&GRIK5
1304,CommuSpace_HS_03809,GLS2&SLC17A8,GRIN1&GRIN2B
1305,CommuSpace_HS_03810,GLS2&SLC17A8,GRIN1&GRIN2C
1306,CommuSpace_HS_03811,GLS2&SLC17A8,GRIN1&GRIN2D
1307,CommuSpace_HS_03812,GLS2&SLC17A8,GRM1
1308,CommuSpace_HS_03813,GLS2&SLC17A8,GRM2
1309,CommuSpace_HS_03814,GLS2&SLC17A8,GRM3
1310,CommuSpace_HS_03815,GLS2&SLC17A8,GRM4
1311,CommuSpace_HS_03816,GLS2&SLC17A8,GRM5
1312,CommuSpace_HS_03818,GLS2&SLC17A8,GRM7
1313,CommuSpace_HS_03820,GLS2&SLC1A1,GRIA1
1314,CommuSpace_HS_03821,GLS2&SLC1A1,GRIA2
1315,CommuSpace_HS_03830,GLS2&SLC1A1,GRIK3
1316,CommuSpace_HS_03831,GLS2&SLC1A1,GRIK3&GRIK4
1317,CommuSpace_HS_03832,GLS2&SLC1A1,GRIK3&GRIK5
1318,CommuSpace_HS_03834,GLS2&SLC1A1,GRIN1&GRIN2B
1319,CommuSpace_HS_03835,GLS2&SLC1A1,GRIN1&GRIN2C
1320,CommuSpace_HS_03836,GLS2&SLC1A1,GRIN1&GRIN2D
1321,CommuSpace_HS_03837,GLS2&SLC1A1,GRM1
1322,CommuSpace_HS_03838,GLS2&SLC1A1,GRM2
1323,CommuSpace_HS_03839,GLS2&SLC1A1,GRM3
1324,CommuSpace_HS_03840,GLS2&SLC1A1,GRM4
1325,CommuSpace_HS_03841,GLS2&SLC1A1,GRM5
1326,CommuSpace_HS_03843,GLS2&SLC1A1,GRM7
1327,CommuSpace_HS_03845,GLS2&SLC1A2,GRIA1
1328,CommuSpace_HS_03846,GLS2&SLC1A2,GRIA2
1329,CommuSpace_HS_03855,GLS2&SLC1A2,GRIK3
1330,CommuSpace_HS_03856,GLS2&SLC1A2,GRIK3&GRIK4
1331,CommuSpace_HS_03857,GLS2&SLC1A2,GRIK3&GRIK5
1332,CommuSpace_HS_03859,GLS2&SLC1A2,GRIN1&GRIN2B
1333,CommuSpace_HS_03860,GLS2&SLC1A2,GRIN1&GRIN2C
1334,CommuSpace_HS_03861,GLS2&SLC1A2,GRIN1&GRIN2D
1335,CommuSpace_HS_03862,GLS2&SLC1A2,GRM1
1336,CommuSpace_HS_03863,GLS2&SLC1A2,GRM2
1337,CommuSpace_HS_03864,GLS2&SLC1A2,GRM3
1338,CommuSpace_HS_03865,GLS2&SLC1A2,GRM4
1339,CommuSpace_HS_03866,GLS2&SLC1A2,GRM5
1340,CommuSpace_HS_03868,GLS2&SLC1A2,GRM7
1341,CommuSpace_HS_03870,GLS2&SLC1A3,GRIA1
1342,CommuSpace_HS_03871,GLS2&SLC1A3,GRIA2
1343,CommuSpace_HS_03880,GLS2&SLC1A3,GRIK3
1344,CommuSpace_HS_03881,GLS2&SLC1A3,GRIK3&GRIK4
1345,CommuSpace_HS_03882,GLS2&SLC1A3,GRIK3&GRIK5
1346,CommuSpace_HS_03884,GLS2&SLC1A3,GRIN1&GRIN2B
1347,CommuSpace_HS_03885,GLS2&SLC1A3,GRIN1&GRIN2C
1348,CommuSpace_HS_03886,GLS2&SLC1A3,GRIN1&GRIN2D
1349,CommuSpace_HS_03887,GLS2&SLC1A3,GRM1
1350,CommuSpace_HS_03888,GLS2&SLC1A3,GRM2
1351,CommuSpace_HS_03889,GLS2&SLC1A3,GRM3
1352,CommuSpace_HS_03890,GLS2&SLC1A3,GRM4
1353,CommuSpace_HS_03891,GLS2&SLC1A3,GRM5
1354,CommuSpace_HS_03893,GLS2&SLC1A3,GRM7
1355,CommuSpace_HS_03949,GNAI2,ADORA1
1356,CommuSpace_HS_03950,GNAI2,ADRA2A
1357,CommuSpace_HS_03951,GNAI2,ADRA2B
1358,CommuSpace_HS_03952,GNAI2,AGTR2
1359,CommuSpace_HS_03953,GNAI2,C5AR1
1360,CommuSpace_HS_03955,GNAI2,CCR5
1361,CommuSpace_HS_03956,GNAI2,CHRM1
1362,CommuSpace_HS_03957,GNAI2,CNR1
1363,CommuSpace_HS_03958,GNAI2,CXCR1
1364,CommuSpace_HS_03959,GNAI2,CXCR2
1365,CommuSpace_HS_03960,GNAI2,CXCR3
1366,CommuSpace_HS_03961,GNAI2,DRD2
1367,CommuSpace_HS_03962,GNAI2,EDNRA
1368,CommuSpace_HS_03963,GNAI2,EDNRB
1369,CommuSpace_HS_03964,GNAI2,EGFR
1370,CommuSpace_HS_03965,GNAI2,F2R
1371,CommuSpace_HS_03966,GNAI2,FPR1
1372,CommuSpace_HS_03967,GNAI2,IGF1R
1373,CommuSpace_HS_03968,GNAI2,LHCGR
1374,CommuSpace_HS_03969,GNAI2,LPAR3
1375,CommuSpace_HS_03970,GNAI2,MTNR1A
1376,CommuSpace_HS_03971,GNAI2,MTNR1B
1377,CommuSpace_HS_03972,GNAI2,OPRD1
1378,CommuSpace_HS_03973,GNAI2,OPRM1
1379,CommuSpace_HS_03974,GNAI2,P2RY12
1380,CommuSpace_HS_03975,GNAI2,PTPRU
1381,CommuSpace_HS_03976,GNAI2,S1PR1
1382,CommuSpace_HS_03977,GNAI2,S1PR3
1383,CommuSpace_HS_03979,GNAI2,S1PR5
1384,CommuSpace_HS_03980,GNAI2,TBXA2R
1385,CommuSpace_HS_03981,GNAI2,TSHR
1386,CommuSpace_HS_04003,GNB3,GABBR2
1387,CommuSpace_HS_04004,GNB3,TGFBR1
1388,CommuSpace_HS_04005,GNRH1,CAMK2A
1389,CommuSpace_HS_04006,GNRH1,GNRHR
1390,CommuSpace_HS_04009,GP1BA,ITGAM
1391,CommuSpace_HS_04010,GP1BA,ITGAM&ITGB2
1392,CommuSpace_HS_04011,GP1BA,ITGB2
1393,CommuSpace_HS_04012,GP1BA,SELP
1394,CommuSpace_HS_04013,GP5,ITGAM
1395,CommuSpace_HS_04014,GP5,ITGB2
1396,CommuSpace_HS_04016,GP5,SELP
1397,CommuSpace_HS_04041,GREM1,KDR
1398,CommuSpace_HS_04042,GRN,CLEC4M
1399,CommuSpace_HS_04043,GRN,EGFR
1400,CommuSpace_HS_04044,GRN,NTRK1
1401,CommuSpace_HS_04045,GRN,SORT1
1402,CommuSpace_HS_04046,GRN,TNFRSF1A
1403,CommuSpace_HS_04047,GRN,TNFRSF1B
1404,CommuSpace_HS_04049,GRP,FAP
1405,CommuSpace_HS_04050,GRP,GRPR
1406,CommuSpace_HS_04053,GSTO1,RYR1
1407,CommuSpace_HS_04059,GUCY2D,NECTIN3
1408,CommuSpace_HS_04061,GZMA,F2R
1409,CommuSpace_HS_04062,GZMA,F2RL1
1410,CommuSpace_HS_04064,GZMA,F2RL3
1411,CommuSpace_HS_04065,GZMA,PARD3
1412,CommuSpace_HS_04066,GZMB,CHRM3
1413,CommuSpace_HS_04067,GZMB,IGF2R
1414,CommuSpace_HS_04078,HAS2,CD44
1415,CommuSpace_HS_04079,HAS2,ERBB2
1416,CommuSpace_HS_04081,HAS2,HMMR
1417,CommuSpace_HS_04085,HAVCR1,SIGLEC1
1418,CommuSpace_HS_04086,HAVCR1,TIMD4
1419,CommuSpace_HS_04087,HBEGF,CD44
1420,CommuSpace_HS_04088,HBEGF,CD6
1421,CommuSpace_HS_04089,HBEGF,CD82
1422,CommuSpace_HS_04091,HBEGF,EGFR
1423,CommuSpace_HS_04092,HBEGF,EGFR&ERBB2
1424,CommuSpace_HS_04093,HBEGF,ERBB2
1425,CommuSpace_HS_04096,HBEGF,MOG
1426,CommuSpace_HS_04097,HBEGF,PRLR
1427,CommuSpace_HS_04098,HCRT,HCRTR1
1428,CommuSpace_HS_04099,HCRT,HCRTR2
1429,CommuSpace_HS_04100,HCRT,NPFFR2
1430,CommuSpace_HS_04101,HDC,HRH1
1431,CommuSpace_HS_04102,HDC,HRH2
1432,CommuSpace_HS_04103,HDC,HRH3
1433,CommuSpace_HS_04104,HDC,HRH4
1434,CommuSpace_HS_04110,HGF,CD44
1435,CommuSpace_HS_04112,HGF,MET
1436,CommuSpace_HS_04113,HGF,NRP1
1437,CommuSpace_HS_04115,HGF,SDC2
1438,CommuSpace_HS_04116,HGF,ST14
1439,CommuSpace_HS_04119,HHLA2,TMIGD2
1440,CommuSpace_HS_04121,HHLA2,VSTM2B
1441,CommuSpace_HS_04251,HRAS,AGTR1
1442,CommuSpace_HS_04253,HRAS,INSR
1443,CommuSpace_HS_04254,HRAS,TLR9
1444,CommuSpace_HS_04258,HSD17B1,ESR1
1445,CommuSpace_HS_04259,HSD17B1,ESR2
1446,CommuSpace_HS_04260,HSD17B1,GPER1
1447,CommuSpace_HS_04261,HSD17B1,NR1I2
1448,CommuSpace_HS_04264,HSD17B6,NR1H4
1449,CommuSpace_HS_04276,HSPA4,TLR4
1450,CommuSpace_HS_04277,HSPA8,ADRB2
1451,CommuSpace_HS_04278,HSPA8,LDLR
1452,CommuSpace_HS_04279,HSPA8,LRP2
1453,CommuSpace_HS_04281,HSPG2,DAG1
1454,CommuSpace_HS_04282,HSPG2,FGFR1
1455,CommuSpace_HS_04283,HSPG2,ITGA2
1456,CommuSpace_HS_04285,HSPG2,LRP1
1457,CommuSpace_HS_04286,HSPG2,LRP2
1458,CommuSpace_HS_04311,ICAM1,CDH5
1459,CommuSpace_HS_04312,ICAM1,EGFR
1460,CommuSpace_HS_04314,ICAM1,IL2RA
1461,CommuSpace_HS_04315,ICAM1,IL2RG
1462,CommuSpace_HS_04316,ICAM1,ITGAL
1463,CommuSpace_HS_04317,ICAM1,ITGAL&ITGB2
1464,CommuSpace_HS_04318,ICAM1,ITGAM
1465,CommuSpace_HS_04319,ICAM1,ITGAM&ITGB2
1466,CommuSpace_HS_04320,ICAM1,ITGAX
1467,CommuSpace_HS_04321,ICAM1,ITGAX&ITGB2
1468,CommuSpace_HS_04322,ICAM1,ITGB2
1469,CommuSpace_HS_04323,ICAM1,MSN
1470,CommuSpace_HS_04324,ICAM1,MUC1
1471,CommuSpace_HS_04325,ICAM1,SPN
1472,CommuSpace_HS_04326,ICAM2,ITGAL
1473,CommuSpace_HS_04327,ICAM2,ITGAL&ITGB2
1474,CommuSpace_HS_04328,ICAM2,ITGAM
1475,CommuSpace_HS_04329,ICAM2,ITGAM&ITGB2
1476,CommuSpace_HS_04330,ICAM2,ITGB2
1477,CommuSpace_HS_04331,ICAM3,CD209
1478,CommuSpace_HS_04332,ICAM3,CLEC4M
1479,CommuSpace_HS_04333,ICAM3,ITGAD
1480,CommuSpace_HS_04334,ICAM3,ITGAD&ITGB2
1481,CommuSpace_HS_04335,ICAM3,ITGAL
1482,CommuSpace_HS_04336,ICAM3,ITGB2
1483,CommuSpace_HS_04337,ICAM4,ITGA2B
1484,CommuSpace_HS_04338,ICAM4,ITGA4
1485,CommuSpace_HS_04339,ICAM4,ITGAL
1486,CommuSpace_HS_04340,ICAM4,ITGAM
1487,CommuSpace_HS_04341,ICAM4,ITGAV
1488,CommuSpace_HS_04343,ICAM4,ITGB2
1489,CommuSpace_HS_04344,ICAM4,ITGB3
1490,CommuSpace_HS_04345,ICAM4,RHAG
1491,CommuSpace_HS_04346,ICAM5,CD209
1492,CommuSpace_HS_04348,ICAM5,ITGAL
1493,CommuSpace_HS_04349,ICAM5,ITGB2
1494,CommuSpace_HS_04351,ICOSLG,CD28
1495,CommuSpace_HS_04352,ICOSLG,CTLA4
1496,CommuSpace_HS_04353,ICOSLG,ICOS
1497,CommuSpace_HS_04356,IFNA1,CR2
1498,CommuSpace_HS_04357,IFNA1,IFNAR1
1499,CommuSpace_HS_04358,IFNA1,IFNAR1&IFNAR2
1500,CommuSpace_HS_04359,IFNA1,IFNAR2
1501,CommuSpace_HS_04373,IFNA17,IFNAR1
1502,CommuSpace_HS_04374,IFNA17,IFNAR1&IFNAR2
1503,CommuSpace_HS_04375,IFNA17,IFNAR2
1504,CommuSpace_HS_04376,IFNA2,CR2
1505,CommuSpace_HS_04377,IFNA2,IFNAR1
1506,CommuSpace_HS_04378,IFNA2,IFNAR1&IFNAR2
1507,CommuSpace_HS_04379,IFNA2,IFNAR2
1508,CommuSpace_HS_04392,IFNA7,IFNAR1
1509,CommuSpace_HS_04393,IFNA7,IFNAR1&IFNAR2
1510,CommuSpace_HS_04394,IFNA7,IFNAR2
1511,CommuSpace_HS_04396,IFNA8,IFNAR1
1512,CommuSpace_HS_04397,IFNA8,IFNAR1&IFNAR2
1513,CommuSpace_HS_04398,IFNA8,IFNAR2
1514,CommuSpace_HS_04399,IFNB1,IFNAR1
1515,CommuSpace_HS_04400,IFNB1,IFNAR1&IFNAR2
1516,CommuSpace_HS_04401,IFNB1,IFNAR2
1517,CommuSpace_HS_04406,IFNG,IFNGR1
1518,CommuSpace_HS_04407,IFNG,IFNGR1&IFNGR2
1519,CommuSpace_HS_04408,IFNG,IFNGR2
1520,CommuSpace_HS_04409,IFNG,MPL
1521,CommuSpace_HS_04415,IFNL1,IL10RB
1522,CommuSpace_HS_04418,IFNL2,IL10RB
1523,CommuSpace_HS_04422,IFNL3,IL10RB
1524,CommuSpace_HS_04425,IFNW1,IFNAR1
1525,CommuSpace_HS_04426,IFNW1,IFNAR1&IFNAR2
1526,CommuSpace_HS_04427,IFNW1,IFNAR2
1527,CommuSpace_HS_04428,IGF1,IGF1R
1528,CommuSpace_HS_04429,IGF1,IGF2R
1529,CommuSpace_HS_04430,IGF1,INSR
1530,CommuSpace_HS_04431,IGF1,ITGA6
1531,CommuSpace_HS_04432,IGF1,ITGA6&ITGB4
1532,CommuSpace_HS_04433,IGF1,ITGAV
1533,CommuSpace_HS_04434,IGF1,ITGAV&ITGB3
1534,CommuSpace_HS_04435,IGF1,ITGB3
1535,CommuSpace_HS_04436,IGF1,ITGB4
1536,CommuSpace_HS_04439,IGF2,IGF1R
1537,CommuSpace_HS_04440,IGF2,IGF2R
1538,CommuSpace_HS_04441,IGF2,INSR
1539,CommuSpace_HS_04442,IGF2,ITGA6
1540,CommuSpace_HS_04443,IGF2,ITGA6&ITGB4
1541,CommuSpace_HS_04444,IGF2,ITGAV
1542,CommuSpace_HS_04445,IGF2,ITGAV&ITGB3
1543,CommuSpace_HS_04446,IGF2,ITGB3
1544,CommuSpace_HS_04447,IGF2,ITGB4
1545,CommuSpace_HS_04459,IGSF1,ACVR1B
1546,CommuSpace_HS_04477,IGSF3,PTGFRN
1547,CommuSpace_HS_04481,IHH,PTCH1
1548,CommuSpace_HS_04482,IHH,PTCH1&SMO
1549,CommuSpace_HS_04485,IL10,CD27
1550,CommuSpace_HS_04486,IL10,CD70
1551,CommuSpace_HS_04488,IL10,IL10RA
1552,CommuSpace_HS_04489,IL10,IL10RA&IL10RB
1553,CommuSpace_HS_04490,IL10,IL10RB
1554,CommuSpace_HS_04491,IL11,IL11RA
1555,CommuSpace_HS_04492,IL11,IL11RA&IL6ST
1556,CommuSpace_HS_04493,IL11,IL6R
1557,CommuSpace_HS_04494,IL11,IL6ST
1558,CommuSpace_HS_04495,IL12A,CD28
1559,CommuSpace_HS_04496,IL12A,IL12RB1
1560,CommuSpace_HS_04497,IL12A,IL12RB2
1561,CommuSpace_HS_04498,IL12A&IL12B,IL12RB1&IL12RB2
1562,CommuSpace_HS_04501,IL12B,IL12RB1
1563,CommuSpace_HS_04502,IL12B,IL12RB2
1564,CommuSpace_HS_04503,IL12B,IL23R
1565,CommuSpace_HS_04504,IL12B&IL23A,IL12RB1&IL23R
1566,CommuSpace_HS_04505,IL13,IL13&IL13RA1&IL4R
1567,CommuSpace_HS_04506,IL13,IL13RA1
1568,CommuSpace_HS_04507,IL13,IL13RA1&IL4R
1569,CommuSpace_HS_04508,IL13,IL13RA2
1570,CommuSpace_HS_04509,IL13,IL13RA2&IL4R
1571,CommuSpace_HS_04510,IL13,IL2RG
1572,CommuSpace_HS_04511,IL13,IL4R
1573,CommuSpace_HS_04513,IL15,IL15RA
1574,CommuSpace_HS_04514,IL15,IL15RA&IL2RB&IL2RG
1575,CommuSpace_HS_04515,IL15,IL2RA
1576,CommuSpace_HS_04516,IL15,IL2RB
1577,CommuSpace_HS_04517,IL15,IL2RG
1578,CommuSpace_HS_04518,IL15RA,AXL
1579,CommuSpace_HS_04519,IL16,CCR5
1580,CommuSpace_HS_04520,IL16,CD4
1581,CommuSpace_HS_04523,IL16,GRIN2B
1582,CommuSpace_HS_04524,IL16,GRIN2C
1583,CommuSpace_HS_04525,IL16,GRIN2D
1584,CommuSpace_HS_04526,IL16,KCNA3
1585,CommuSpace_HS_04529,IL16,KCNJ10
1586,CommuSpace_HS_04530,IL16,KCNJ15
1587,CommuSpace_HS_04532,IL17A,IL17RA
1588,CommuSpace_HS_04536,IL17B,IL17RB
1589,CommuSpace_HS_04540,IL17F,IL17RA
1590,CommuSpace_HS_04543,IL18,IL18&IL18R1&IL18RAP
1591,CommuSpace_HS_04544,IL18,IL18BP
1592,CommuSpace_HS_04545,IL18,IL18R1
1593,CommuSpace_HS_04546,IL18,IL18R1&IL18RAP
1594,CommuSpace_HS_04547,IL18,IL18RAP
1595,CommuSpace_HS_04549,IL18,IL1RL2
1596,CommuSpace_HS_04550,IL18BP,IL6R
1597,CommuSpace_HS_04557,IL1A,IL1R1
1598,CommuSpace_HS_04558,IL1A,IL1R1&IL1RAP
1599,CommuSpace_HS_04561,IL1A,IL1RAP
1600,CommuSpace_HS_04562,IL1B,ADRB2
1601,CommuSpace_HS_04563,IL1B,IL12RB2
1602,CommuSpace_HS_04564,IL1B,IL1R1
1603,CommuSpace_HS_04565,IL1B,IL1R1&IL1RAP
1604,CommuSpace_HS_04568,IL1B,IL1RAP
1605,CommuSpace_HS_04569,IL1B,SIGIRR
1606,CommuSpace_HS_04570,IL1F10,IL1R1
1607,CommuSpace_HS_04571,IL1F10,IL1RAP&IL1RL2
1608,CommuSpace_HS_04574,IL1F10,IL1RL2
1609,CommuSpace_HS_04575,IL1F10,SIGIRR
1610,CommuSpace_HS_04579,IL1RN,IL1R1
1611,CommuSpace_HS_04581,IL1RN,IL1RL2
1612,CommuSpace_HS_04584,IL2,IL2RA
1613,CommuSpace_HS_04585,IL2,IL2RA&IL2RB&IL2RG
1614,CommuSpace_HS_04586,IL2,IL2RB
1615,CommuSpace_HS_04587,IL2,IL2RB&IL2RG
1616,CommuSpace_HS_04588,IL2,IL2RG
1617,CommuSpace_HS_04589,IL2,NGFR
1618,CommuSpace_HS_04594,IL20,IL22RA1
1619,CommuSpace_HS_04595,IL21,IL21R
1620,CommuSpace_HS_04596,IL21,IL21R&IL2RG
1621,CommuSpace_HS_04597,IL21,IL2RG
1622,CommuSpace_HS_04598,IL21,IL4R
1623,CommuSpace_HS_04599,IL22,IL10RA
1624,CommuSpace_HS_04600,IL22,IL10RB
1625,CommuSpace_HS_04601,IL22,IL10RB&IL22RA1
1626,CommuSpace_HS_04605,IL22,IL21R
1627,CommuSpace_HS_04606,IL22,IL22&IL22RA1
1628,CommuSpace_HS_04607,IL22,IL22RA1
1629,CommuSpace_HS_04609,IL23A,GP6
1630,CommuSpace_HS_04610,IL23A,IL12RB1
1631,CommuSpace_HS_04611,IL23A,IL12RB2
1632,CommuSpace_HS_04612,IL23A,IL23R
1633,CommuSpace_HS_04613,IL23A,LILRA1
1634,CommuSpace_HS_04614,IL23A,LILRB2
1635,CommuSpace_HS_04615,IL23A,SIGLEC6
1636,CommuSpace_HS_04616,IL24,IL10RB
1637,CommuSpace_HS_04621,IL24,IL22RA1
1638,CommuSpace_HS_04622,IL24,NOTCH2
1639,CommuSpace_HS_04623,IL25,IL17RA
1640,CommuSpace_HS_04624,IL25,IL17RA&IL17RB
1641,CommuSpace_HS_04625,IL25,IL17RB
1642,CommuSpace_HS_04626,IL26,IL10RB
1643,CommuSpace_HS_04631,IL3,BCL2
1644,CommuSpace_HS_04632,IL3,CSF2RA
1645,CommuSpace_HS_04633,IL3,CSF2RB
1646,CommuSpace_HS_04634,IL3,CSF2RB&IL3RA
1647,CommuSpace_HS_04635,IL3,IL3RA
1648,CommuSpace_HS_04640,IL33,IL1RAP
1649,CommuSpace_HS_04641,IL33,IL1RAP&IL1RL1
1650,CommuSpace_HS_04642,IL33,IL1RL1
1651,CommuSpace_HS_04643,IL34,CSF1R
1652,CommuSpace_HS_04644,IL34,PTPRZ1
1653,CommuSpace_HS_04651,IL36G,IFNAR1
1654,CommuSpace_HS_04652,IL36G,IFNAR2
1655,CommuSpace_HS_04653,IL36G,IL1RAP
1656,CommuSpace_HS_04654,IL36G,IL1RAP&IL1RL2
1657,CommuSpace_HS_04655,IL36G,IL1RL2
1658,CommuSpace_HS_04659,IL37,IL18R1
1659,CommuSpace_HS_04660,IL37,IL18R1&IL18RAP
1660,CommuSpace_HS_04661,IL37,IL18R1&SIGIRR
1661,CommuSpace_HS_04663,IL37,SIGIRR
1662,CommuSpace_HS_04665,IL4,IL13&IL13RA1&IL4R
1663,CommuSpace_HS_04666,IL4,IL13RA1
1664,CommuSpace_HS_04667,IL4,IL13RA1&IL4R
1665,CommuSpace_HS_04668,IL4,IL13RA2
1666,CommuSpace_HS_04669,IL4,IL13RA2&IL4R
1667,CommuSpace_HS_04670,IL4,IL21R
1668,CommuSpace_HS_04671,IL4,IL2RG
1669,CommuSpace_HS_04672,IL4,IL2RG&IL4R
1670,CommuSpace_HS_04673,IL4,IL4R
1671,CommuSpace_HS_04674,IL5,CSF2RA
1672,CommuSpace_HS_04675,IL5,CSF2RB
1673,CommuSpace_HS_04676,IL5,CSF2RB&IL5RA
1674,CommuSpace_HS_04677,IL5,IL5RA
1675,CommuSpace_HS_04678,IL6,F3
1676,CommuSpace_HS_04679,IL6,FCGR3B
1677,CommuSpace_HS_04680,IL6,HRH1
1678,CommuSpace_HS_04681,IL6,IL6R
1679,CommuSpace_HS_04682,IL6,IL6R&IL6ST
1680,CommuSpace_HS_04683,IL6,IL6ST
1681,CommuSpace_HS_04685,IL7,IL2RG
1682,CommuSpace_HS_04686,IL7,IL2RG&IL7R
1683,CommuSpace_HS_04687,IL7,IL7R
1684,CommuSpace_HS_04688,IL9,IL2RG
1685,CommuSpace_HS_04689,IL9,IL2RG&IL9R
1686,CommuSpace_HS_04690,IL9,IL9R
1687,CommuSpace_HS_04692,ILDR2,CSF2RB
1688,CommuSpace_HS_04693,ILDR2,FLT4
1689,CommuSpace_HS_04697,INHA,ACVR1
1690,CommuSpace_HS_04698,INHA,ACVR1B
1691,CommuSpace_HS_04699,INHA,ACVR2A
1692,CommuSpace_HS_04701,INHA,TGFBR3
1693,CommuSpace_HS_04702,INHA&INHBA,ACVR2A
1694,CommuSpace_HS_04705,INHBA,ACVR1
1695,CommuSpace_HS_04706,INHBA,ACVR1B
1696,CommuSpace_HS_04707,INHBA,ACVR1B&ACVR2A
1697,CommuSpace_HS_04710,INHBA,ACVR2A
1698,CommuSpace_HS_04713,INHBA,ENG
1699,CommuSpace_HS_04714,INHBA,TGFBR3
1700,CommuSpace_HS_04715,INHBA&INHBB,ACVR1&ACVR2A
1701,CommuSpace_HS_04717,INHBA&INHBB,ACVR1B&ACVR2A
1702,CommuSpace_HS_04721,INHBB,ACVR1
1703,CommuSpace_HS_04722,INHBB,ACVR1B
1704,CommuSpace_HS_04723,INHBB,ACVR1B&ACVR2A
1705,CommuSpace_HS_04728,INHBB,ACVR2A
1706,CommuSpace_HS_04731,INHBB,CFC1
1707,CommuSpace_HS_04754,INSL3,ADCYAP1R1
1708,CommuSpace_HS_04755,INSL3,ADRB2
1709,CommuSpace_HS_04756,INSL3,ADRB3
1710,CommuSpace_HS_04759,INSL3,PTH1R
1711,CommuSpace_HS_04762,INSL3,RXFP1
1712,CommuSpace_HS_04763,INSL3,RXFP2
1713,CommuSpace_HS_04764,INSL3,RXFP3
1714,CommuSpace_HS_04766,INSL3,TSHR
1715,CommuSpace_HS_04767,INSL3,VIPR1
1716,CommuSpace_HS_04775,IRAK4,TLR4
1717,CommuSpace_HS_04776,IRAK4,TLR6
1718,CommuSpace_HS_04777,IRAK4,TLR7
1719,CommuSpace_HS_04778,ITGA4,VCAM1
1720,CommuSpace_HS_04780,ITGA4&ITGB7,VCAM1
1721,CommuSpace_HS_04783,ITGAL,CD226
1722,CommuSpace_HS_04784,ITGAL,ICAM1
1723,CommuSpace_HS_04785,ITGAM,ICAM1
1724,CommuSpace_HS_04786,ITGAV,THY1
1725,CommuSpace_HS_04789,ITGAV&ITGB3,ADGRA2
1726,CommuSpace_HS_04790,ITGAV&ITGB3,ADGRE2
1727,CommuSpace_HS_04791,ITGAV&ITGB3,ADGRE5
1728,CommuSpace_HS_04792,ITGAV&ITGB5,ADGRB1
1729,CommuSpace_HS_04794,ITGB2,CD226
1730,CommuSpace_HS_04795,ITGB2,CD82
1731,CommuSpace_HS_04796,ITGB2,ICAM1
1732,CommuSpace_HS_04797,ITGB2,ICAM3
1733,CommuSpace_HS_04798,ITGB2,THY1
1734,CommuSpace_HS_04806,JAG1,CD46
1735,CommuSpace_HS_04807,JAG1,NOTCH1
1736,CommuSpace_HS_04808,JAG1,NOTCH2
1737,CommuSpace_HS_04809,JAG1,NOTCH3
1738,CommuSpace_HS_04810,JAG1,NOTCH4
1739,CommuSpace_HS_04815,JAM2,F11R
1740,CommuSpace_HS_04816,JAM2,ITGA3
1741,CommuSpace_HS_04818,JAM2,ITGA4
1742,CommuSpace_HS_04820,JAM2,ITGAV
1743,CommuSpace_HS_04823,JAM2,JAM2
1744,CommuSpace_HS_04824,JAM2,JAM3
1745,CommuSpace_HS_04825,JAM3,F11R
1746,CommuSpace_HS_04826,JAM3,ITGAM
1747,CommuSpace_HS_04827,JAM3,ITGAM&ITGB2
1748,CommuSpace_HS_04829,JAM3,ITGB2
1749,CommuSpace_HS_04830,JAM3,JAM2
1750,CommuSpace_HS_04831,JAM3,JAM3
1751,CommuSpace_HS_04853,KITLG,EPOR
1752,CommuSpace_HS_04854,KITLG,KIT
1753,CommuSpace_HS_04856,KL,FGFR1
1754,CommuSpace_HS_04857,KL,FGFR3
1755,CommuSpace_HS_04858,KL,FGFR4
1756,CommuSpace_HS_04859,KL,IGF1R
1757,CommuSpace_HS_04860,KL,INSR
1758,CommuSpace_HS_04862,KL,TRPV6
1759,CommuSpace_HS_04871,KLK4,F2R
1760,CommuSpace_HS_04872,KLK4,F2RL1
1761,CommuSpace_HS_04874,KLK6,F2R
1762,CommuSpace_HS_04875,KLK6,F2RL1
1763,CommuSpace_HS_04894,L1CAM,ALCAM
1764,CommuSpace_HS_04898,L1CAM,EGFR
1765,CommuSpace_HS_04899,L1CAM,EPHB2
1766,CommuSpace_HS_04900,L1CAM,ERBB2
1767,CommuSpace_HS_04901,L1CAM,ERBB3
1768,CommuSpace_HS_04903,L1CAM,FGFR1
1769,CommuSpace_HS_04904,L1CAM,FGFR2
1770,CommuSpace_HS_04905,L1CAM,ITGA4
1771,CommuSpace_HS_04906,L1CAM,ITGA4&ITGB7
1772,CommuSpace_HS_04907,L1CAM,ITGA5
1773,CommuSpace_HS_04909,L1CAM,ITGAV
1774,CommuSpace_HS_04910,L1CAM,ITGAV&ITGB3
1775,CommuSpace_HS_04911,L1CAM,ITGB3
1776,CommuSpace_HS_04912,L1CAM,ITGB7
1777,CommuSpace_HS_04913,L1CAM,L1CAM
1778,CommuSpace_HS_04915,L1CAM,NCAM1
1779,CommuSpace_HS_04916,L1CAM,NRP1
1780,CommuSpace_HS_04918,L1CAM,PTPRZ1
1781,CommuSpace_HS_04920,LAIR1,LILRB4
1782,CommuSpace_HS_04921,LAIR2,FGFR4
1783,CommuSpace_HS_04976,LAMA3,CD44
1784,CommuSpace_HS_04977,LAMA3,DAG1
1785,CommuSpace_HS_04980,LAMA3,ITGA3
1786,CommuSpace_HS_04982,LAMA3,ITGA6
1787,CommuSpace_HS_04984,LAMA3,ITGA6&ITGB4
1788,CommuSpace_HS_04989,LAMA3,ITGB4
1789,CommuSpace_HS_04990,LAMA3,SDC2
1790,CommuSpace_HS_04993,LAMA3,SV2C
1791,CommuSpace_HS_05076,LAMB3,CD151
1792,CommuSpace_HS_05077,LAMB3,CD44
1793,CommuSpace_HS_05078,LAMB3,DAG1
1794,CommuSpace_HS_05080,LAMB3,ITGA2
1795,CommuSpace_HS_05082,LAMB3,ITGA3
1796,CommuSpace_HS_05084,LAMB3,ITGA6
1797,CommuSpace_HS_05086,LAMB3,ITGA6&ITGB4
1798,CommuSpace_HS_05091,LAMB3,ITGB4
1799,CommuSpace_HS_05094,LAMB3,SV2C
1800,CommuSpace_HS_05095,LAMC1,CD44
1801,CommuSpace_HS_05096,LAMC1,DAG1
1802,CommuSpace_HS_05097,LAMC1,ITGA1
1803,CommuSpace_HS_05099,LAMC1,ITGA2
1804,CommuSpace_HS_05101,LAMC1,ITGA3
1805,CommuSpace_HS_05103,LAMC1,ITGA6
1806,CommuSpace_HS_05105,LAMC1,ITGA6&ITGB4
1807,CommuSpace_HS_05106,LAMC1,ITGA7
1808,CommuSpace_HS_05109,LAMC1,ITGAV
1809,CommuSpace_HS_05112,LAMC1,ITGB4
1810,CommuSpace_HS_05115,LAMC1,SV2C
1811,CommuSpace_HS_05116,LAMC2,CD151
1812,CommuSpace_HS_05117,LAMC2,CD44
1813,CommuSpace_HS_05118,LAMC2,DAG1
1814,CommuSpace_HS_05120,LAMC2,ITGA2
1815,CommuSpace_HS_05122,LAMC2,ITGA3
1816,CommuSpace_HS_05124,LAMC2,ITGA6
1817,CommuSpace_HS_05126,LAMC2,ITGA6&ITGB4
1818,CommuSpace_HS_05132,LAMC2,ITGB4
1819,CommuSpace_HS_05135,LAMC2,SV2C
1820,CommuSpace_HS_05161,LCK,CD8A&CD8B
1821,CommuSpace_HS_05163,LCN2,FCGR2A
1822,CommuSpace_HS_05164,LCN2,LRP2
1823,CommuSpace_HS_05173,LEP,LEPR
1824,CommuSpace_HS_05174,LEP,LRP2
1825,CommuSpace_HS_05187,LGALS8,ITGA3
1826,CommuSpace_HS_05189,LGALS9,CD44
1827,CommuSpace_HS_05190,LGALS9,CD47
1828,CommuSpace_HS_05191,LGALS9,COLEC12
1829,CommuSpace_HS_05192,LGALS9,HAVCR2
1830,CommuSpace_HS_05193,LGALS9,LRP1
1831,CommuSpace_HS_05194,LGALS9,MET
1832,CommuSpace_HS_05195,LGALS9,MRC2
1833,CommuSpace_HS_05196,LGALS9,P4HB
1834,CommuSpace_HS_05199,LGALS9,SLC1A5
1835,CommuSpace_HS_05222,LIF,IL6ST
1836,CommuSpace_HS_05223,LIF,IL6ST&LIFR
1837,CommuSpace_HS_05224,LIF,LIFR
1838,CommuSpace_HS_05225,LILRA6,CD300E
1839,CommuSpace_HS_05228,LILRB2,CD33
1840,CommuSpace_HS_05229,LILRB2,FCAR
1841,CommuSpace_HS_05230,LILRB2,IFNGR1
1842,CommuSpace_HS_05235,LILRB2,SIGLEC9
1843,CommuSpace_HS_05237,LILRB4,LAIR1
1844,CommuSpace_HS_05246,LIPA,RORC
1845,CommuSpace_HS_05247,LIPC,LRP1
1846,CommuSpace_HS_05253,LPA,ITGAM
1847,CommuSpace_HS_05254,LPA,ITGB2
1848,CommuSpace_HS_05255,LPA,LPAR1
1849,CommuSpace_HS_05257,LPA,LPAR3
1850,CommuSpace_HS_05259,LPA,LRP2
1851,CommuSpace_HS_05260,LPA,TREM2
1852,CommuSpace_HS_05261,LPAR1,ADGRE5
1853,CommuSpace_HS_05263,LPAR3,ADGRE5
1854,CommuSpace_HS_05264,LPL,CD44
1855,CommuSpace_HS_05266,LPL,LRP1
1856,CommuSpace_HS_05267,LPL,LRP2
1857,CommuSpace_HS_05269,LPL,VLDLR
1858,CommuSpace_HS_05342,LTA,LTBR
1859,CommuSpace_HS_05343,LTA,RIPK1
1860,CommuSpace_HS_05344,LTA,TNFRSF14
1861,CommuSpace_HS_05345,LTA,TNFRSF1A
1862,CommuSpace_HS_05346,LTA,TNFRSF1B
1863,CommuSpace_HS_05348,LTA4H,LTB4R
1864,CommuSpace_HS_05349,LTA4H,LTB4R2
1865,CommuSpace_HS_05353,LTBP1,ITGB5
1866,CommuSpace_HS_05377,LY9,TNFRSF17
1867,CommuSpace_HS_05391,MBL2,CALCR
1868,CommuSpace_HS_05392,MBL2,CD93
1869,CommuSpace_HS_05393,MBL2,LRP1
1870,CommuSpace_HS_05394,MCAM,CD226
1871,CommuSpace_HS_05396,MCAM,FGFR4
1872,CommuSpace_HS_05417,MEGF10,ABCA1
1873,CommuSpace_HS_05418,MELTF,TFRC
1874,CommuSpace_HS_05423,MFAP5,NOTCH1
1875,CommuSpace_HS_05424,MFGE8,ITGAV
1876,CommuSpace_HS_05425,MFGE8,ITGB3
1877,CommuSpace_HS_05426,MFGE8,ITGB5
1878,CommuSpace_HS_05427,MFGE8,PDGFRB
1879,CommuSpace_HS_05438,MICA,KLRK1
1880,CommuSpace_HS_05442,MICB,KLRK1
1881,CommuSpace_HS_05458,MMP12,F12
1882,CommuSpace_HS_05459,MMP12,PLAUR
1883,CommuSpace_HS_05460,MMP13,F12
1884,CommuSpace_HS_05461,MMP13,LRP1
1885,CommuSpace_HS_05462,MMP14,ADAM9
1886,CommuSpace_HS_05463,MMP14,CD44
1887,CommuSpace_HS_05464,MMP14,DDR1
1888,CommuSpace_HS_05465,MMP14,F12
1889,CommuSpace_HS_05466,MMP14,MMP13
1890,CommuSpace_HS_05491,MMP9,CD44
1891,CommuSpace_HS_05492,MMP9,DDR1
1892,CommuSpace_HS_05493,MMP9,EPHB2
1893,CommuSpace_HS_05494,MMP9,IFNAR1
1894,CommuSpace_HS_05495,MMP9,ITGAM
1895,CommuSpace_HS_05496,MMP9,ITGB2
1896,CommuSpace_HS_05497,MMP9,LRP1
1897,CommuSpace_HS_05498,MMP9,RECK
1898,CommuSpace_HS_05499,MMP9,TLR9
1899,CommuSpace_HS_05500,MMRN2,CD248
1900,CommuSpace_HS_05501,MMRN2,CD93
1901,CommuSpace_HS_05502,MMRN2,CLEC14A
1902,CommuSpace_HS_05503,MPDZ,CLDN1
1903,CommuSpace_HS_05505,MPDZ,CLDN5
1904,CommuSpace_HS_05507,MPDZ,F11R
1905,CommuSpace_HS_05516,MPZ,IL6R
1906,CommuSpace_HS_05519,MPZ,LILRA5
1907,CommuSpace_HS_05520,MPZ,LILRA6
1908,CommuSpace_HS_05521,MPZ,LILRB3
1909,CommuSpace_HS_05522,MPZ,LILRB5
1910,CommuSpace_HS_05523,MPZ,MPZ
1911,CommuSpace_HS_05524,MPZ,MPZL1
1912,CommuSpace_HS_05525,MPZ,SIGLEC6
1913,CommuSpace_HS_05526,MPZL1,MPZL1
1914,CommuSpace_HS_05532,MSN,SLC9A1
1915,CommuSpace_HS_05533,MST1,MST1R
1916,CommuSpace_HS_05534,MSTN,ACVR1B
1917,CommuSpace_HS_05535,MSTN,ACVR1B&ACVR2A
1918,CommuSpace_HS_05537,MSTN,ACVR2A
1919,CommuSpace_HS_05538,MSTN,ACVR2A&TGFBR1
1920,CommuSpace_HS_05541,MSTN,TGFBR1
1921,CommuSpace_HS_05544,MUC1,SIGLEC9
1922,CommuSpace_HS_05545,MUC4,ERBB2
1923,CommuSpace_HS_05570,NAMPT,ADORA2A
1924,CommuSpace_HS_05571,NAMPT,INSR
1925,CommuSpace_HS_05572,NAMPT,ITGA5
1926,CommuSpace_HS_05575,NCAM1,CACNA1C
1927,CommuSpace_HS_05576,NCAM1,CLEC14A
1928,CommuSpace_HS_05579,NCAM1,FGFR1
1929,CommuSpace_HS_05580,NCAM1,FGFR2
1930,CommuSpace_HS_05583,NCAM1,L1CAM
1931,CommuSpace_HS_05584,NCAM1,NCAM1
1932,CommuSpace_HS_05586,NCAM1,NPTN
1933,CommuSpace_HS_05589,NCAM1,PTPRZ1
1934,CommuSpace_HS_05595,NCR2,PRLR
1935,CommuSpace_HS_05597,NDP,FZD4
1936,CommuSpace_HS_05598,NDP,LGR4
1937,CommuSpace_HS_05599,NDP,LRP5
1938,CommuSpace_HS_05600,NECTIN1,CADM3
1939,CommuSpace_HS_05601,NECTIN1,CD96
1940,CommuSpace_HS_05602,NECTIN1,FGFR1
1941,CommuSpace_HS_05603,NECTIN1,NECTIN1
1942,CommuSpace_HS_05604,NECTIN1,NECTIN3
1943,CommuSpace_HS_05606,NECTIN2,CD226
1944,CommuSpace_HS_05607,NECTIN2,CD96
1945,CommuSpace_HS_05608,NECTIN2,NECTIN2
1946,CommuSpace_HS_05609,NECTIN2,NECTIN3
1947,CommuSpace_HS_05611,NECTIN2,PVR
1948,CommuSpace_HS_05613,NECTIN2,TIGIT
1949,CommuSpace_HS_05615,NECTIN3,CADM3
1950,CommuSpace_HS_05616,NECTIN3,GUCY2D
1951,CommuSpace_HS_05617,NECTIN3,NECTIN1
1952,CommuSpace_HS_05618,NECTIN3,NECTIN2
1953,CommuSpace_HS_05619,NECTIN3,PVR
1954,CommuSpace_HS_05620,NECTIN3,TIGIT
1955,CommuSpace_HS_05646,NGF,ERBB2
1956,CommuSpace_HS_05649,NGF,NGFR
1957,CommuSpace_HS_05650,NGF,NTRK1
1958,CommuSpace_HS_05651,NGF,SORCS2
1959,CommuSpace_HS_05653,NGF,SORT1
1960,CommuSpace_HS_05654,NGF,TRPV1
1961,CommuSpace_HS_05669,NLGN3,CD2
1962,CommuSpace_HS_05672,NLGN3,NRXN2
1963,CommuSpace_HS_05682,NMB,GRPR
1964,CommuSpace_HS_05689,NMU,ADRA2A
1965,CommuSpace_HS_05690,NMU,GRM7
1966,CommuSpace_HS_05691,NMU,MTNR1A
1967,CommuSpace_HS_05694,NODAL,ACVR1B
1968,CommuSpace_HS_05695,NODAL,ACVR1B&ACVR2A
1969,CommuSpace_HS_05696,NODAL,ACVR1B&ACVR2A&CFC1
1970,CommuSpace_HS_05705,NODAL,ACVR2A
1971,CommuSpace_HS_05707,NODAL,CFC1
1972,CommuSpace_HS_05708,NODAL,TDGF1
1973,CommuSpace_HS_05723,NPPA,NPR1
1974,CommuSpace_HS_05725,NPPA,NPR3
1975,CommuSpace_HS_05726,NPPB,DPP4
1976,CommuSpace_HS_05727,NPPB,FAP
1977,CommuSpace_HS_05728,NPPB,NPR1
1978,CommuSpace_HS_05730,NPPB,NPR3
1979,CommuSpace_HS_05731,NPPC,NPR1
1980,CommuSpace_HS_05733,NPPC,NPR3
1981,CommuSpace_HS_05809,NRP1,FLT1
1982,CommuSpace_HS_05810,NRP1,KDR
1983,CommuSpace_HS_05811,NRP1,PDGFRA
1984,CommuSpace_HS_05812,NRP1,PDGFRB
1985,CommuSpace_HS_05814,NRP1,TNFRSF11B
1986,CommuSpace_HS_05834,NRXN2,ADGRL1
1987,CommuSpace_HS_05835,NRXN2,CLSTN1
1988,CommuSpace_HS_05837,NRXN2,CLSTN3
1989,CommuSpace_HS_05838,NRXN2,DAG1
1990,CommuSpace_HS_05839,NRXN2,FGFR4
1991,CommuSpace_HS_05842,NRXN2,LRRTM1
1992,CommuSpace_HS_05848,NRXN2,NLGN3
1993,CommuSpace_HS_05850,NRXN2,TNFRSF11B
1994,CommuSpace_HS_05851,NRXN2,VSTM2B
1995,CommuSpace_HS_05868,NT5E,FCRL1
1996,CommuSpace_HS_05869,NT5E&SLC29A1,ADORA1
1997,CommuSpace_HS_05870,NT5E&SLC29A1,ADORA2A
1998,CommuSpace_HS_05871,NT5E&SLC29A1,ADORA2B
1999,CommuSpace_HS_05872,NT5E&SLC29A1,ADORA3
2000,CommuSpace_HS_05877,NT5E&SLC29A3,ADORA1
2001,CommuSpace_HS_05878,NT5E&SLC29A3,ADORA2A
2002,CommuSpace_HS_05879,NT5E&SLC29A3,ADORA2B
2003,CommuSpace_HS_05880,NT5E&SLC29A3,ADORA3
2004,CommuSpace_HS_05885,NTF3,NGFR
2005,CommuSpace_HS_05886,NTF3,NTRK1
2006,CommuSpace_HS_05887,NTF3,NTRK2
2007,CommuSpace_HS_05904,NTN1,ADORA2B
2008,CommuSpace_HS_05907,NTN1,MCAM
2009,CommuSpace_HS_05909,NTN1,UNC5A
2010,CommuSpace_HS_05916,NTN4,NTRK2
2011,CommuSpace_HS_05917,NTN4,UNC5A
2012,CommuSpace_HS_05928,NTS,NGFR
2013,CommuSpace_HS_05929,NTS,NTSR1
2014,CommuSpace_HS_05930,NTS,NTSR2
2015,CommuSpace_HS_05931,NTS,SORT1
2016,CommuSpace_HS_05932,NUCB2,ERAP1
2017,CommuSpace_HS_05940,NYX,TRPM1
2018,CommuSpace_HS_05943,OCLN,OCLN
2019,CommuSpace_HS_05944,OCLN,TGFBR1
2020,CommuSpace_HS_05945,OCLN,TGFBR2
2021,CommuSpace_HS_05957,OSM,IL6ST
2022,CommuSpace_HS_05958,OSM,IL6ST&LIFR
2023,CommuSpace_HS_05960,OSM,LIFR
2024,CommuSpace_HS_05969,PAM,DPP4
2025,CommuSpace_HS_05970,PAM,FAP
2026,CommuSpace_HS_05979,PCDHA1,PCDHA1
2027,CommuSpace_HS_06011,PCDHA2,PCDHA2
2028,CommuSpace_HS_06037,PCDHA4,PCDHA4
2029,CommuSpace_HS_06047,PCDHA9,PCDHA9
2030,CommuSpace_HS_06055,PCDHB14,PCDHB14
2031,CommuSpace_HS_06091,PCNA,NCR2
2032,CommuSpace_HS_06094,PCSK9,CD36
2033,CommuSpace_HS_06096,PCSK9,LDLR
2034,CommuSpace_HS_06097,PCSK9,LRP1
2035,CommuSpace_HS_06099,PCSK9,SORT1
2036,CommuSpace_HS_06100,PCSK9,VLDLR
2037,CommuSpace_HS_06103,PDCD1LG2,PDCD1
2038,CommuSpace_HS_06106,PDCD1LG2,TNFRSF11A
2039,CommuSpace_HS_06107,PDGFA,FURIN
2040,CommuSpace_HS_06108,PDGFA,PDGFRA
2041,CommuSpace_HS_06109,PDGFA,PDGFRB
2042,CommuSpace_HS_06111,PDGFB,ART1
2043,CommuSpace_HS_06112,PDGFB,ITGAV
2044,CommuSpace_HS_06113,PDGFB,LRP1
2045,CommuSpace_HS_06114,PDGFB,PDGFRA
2046,CommuSpace_HS_06115,PDGFB,PDGFRA&PDGFRB
2047,CommuSpace_HS_06116,PDGFB,PDGFRB
2048,CommuSpace_HS_06117,PDGFB,S1PR1
2049,CommuSpace_HS_06118,PDGFC,FLT1
2050,CommuSpace_HS_06119,PDGFC,FLT4
2051,CommuSpace_HS_06120,PDGFC,KDR
2052,CommuSpace_HS_06121,PDGFC,PDGFRA
2053,CommuSpace_HS_06122,PDGFC,PDGFRB
2054,CommuSpace_HS_06123,PDGFD,PDGFRA
2055,CommuSpace_HS_06124,PDGFD,PDGFRA&PDGFRB
2056,CommuSpace_HS_06125,PDGFD,PDGFRB
2057,CommuSpace_HS_06127,PDX1,SLC2A2
2058,CommuSpace_HS_06128,PDYN,ADRA2A
2059,CommuSpace_HS_06129,PDYN,GRM7
2060,CommuSpace_HS_06130,PDYN,MTNR1A
2061,CommuSpace_HS_06131,PDYN,OPRD1
2062,CommuSpace_HS_06132,PDYN,OPRK1
2063,CommuSpace_HS_06133,PDYN,OPRL1
2064,CommuSpace_HS_06134,PDYN,OPRM1
2065,CommuSpace_HS_06135,PECAM1,CD177
2066,CommuSpace_HS_06136,PECAM1,CD38
2067,CommuSpace_HS_06137,PECAM1,ITGAV
2068,CommuSpace_HS_06138,PECAM1,ITGB3
2069,CommuSpace_HS_06139,PECAM1,PECAM1
2070,CommuSpace_HS_06140,PENK,ADRA2A
2071,CommuSpace_HS_06141,PENK,GRM7
2072,CommuSpace_HS_06145,PENK,MTNR1A
2073,CommuSpace_HS_06146,PENK,OGFR
2074,CommuSpace_HS_06147,PENK,OPRD1
2075,CommuSpace_HS_06148,PENK,OPRK1
2076,CommuSpace_HS_06149,PENK,OPRL1
2077,CommuSpace_HS_06150,PENK,OPRM1
2078,CommuSpace_HS_06163,PGF,FLT1
2079,CommuSpace_HS_06164,PGF,FLT1&KDR
2080,CommuSpace_HS_06165,PGF,KDR
2081,CommuSpace_HS_06166,PGF,NRP1
2082,CommuSpace_HS_06167,PGF,NRP2
2083,CommuSpace_HS_06170,PI16,TNFRSF21
2084,CommuSpace_HS_06173,PIGF,FLT1
2085,CommuSpace_HS_06177,PKM,CD44
2086,CommuSpace_HS_06186,PLAT,ITGAM
2087,CommuSpace_HS_06187,PLAT,ITGB2
2088,CommuSpace_HS_06188,PLAT,LRP1
2089,CommuSpace_HS_06189,PLAU,IGF2R
2090,CommuSpace_HS_06190,PLAU,ITGA3
2091,CommuSpace_HS_06191,PLAU,ITGA5
2092,CommuSpace_HS_06192,PLAU,ITGAM
2093,CommuSpace_HS_06194,PLAU,ITGB5
2094,CommuSpace_HS_06195,PLAU,LRP1
2095,CommuSpace_HS_06196,PLAU,LRP2
2096,CommuSpace_HS_06197,PLAU,PLAUR
2097,CommuSpace_HS_06198,PLAU,ST14
2098,CommuSpace_HS_06199,PLAU,VLDLR
2099,CommuSpace_HS_06202,PLG,F2R
2100,CommuSpace_HS_06203,PLG,F2RL1
2101,CommuSpace_HS_06205,PLG,F2RL3
2102,CommuSpace_HS_06206,PLG,F3
2103,CommuSpace_HS_06207,PLG,FLT1
2104,CommuSpace_HS_06208,PLG,IGF2R
2105,CommuSpace_HS_06210,PLG,ITGAM
2106,CommuSpace_HS_06212,PLG,ITGB2
2107,CommuSpace_HS_06213,PLG,PARD3
2108,CommuSpace_HS_06214,PLG,PLAT
2109,CommuSpace_HS_06215,PLG,PLAU
2110,CommuSpace_HS_06216,PLG,PLAUR
2111,CommuSpace_HS_06218,PLTP,ABCA1
2112,CommuSpace_HS_06224,PMCH,ADRA2A
2113,CommuSpace_HS_06225,PMCH,GRM7
2114,CommuSpace_HS_06226,PMCH,MCHR1
2115,CommuSpace_HS_06227,PMCH,MCHR2
2116,CommuSpace_HS_06228,PMCH,MERTK
2117,CommuSpace_HS_06229,PMCH,MTNR1A
2118,CommuSpace_HS_06248,PNOC,ADRA2A
2119,CommuSpace_HS_06249,PNOC,GRM7
2120,CommuSpace_HS_06250,PNOC,MTNR1A
2121,CommuSpace_HS_06251,PNOC,OPRL1
2122,CommuSpace_HS_06252,PODXL,SELL
2123,CommuSpace_HS_06254,POMC,ADCYAP1R1
2124,CommuSpace_HS_06255,POMC,ADRA2A
2125,CommuSpace_HS_06256,POMC,ADRB2
2126,CommuSpace_HS_06257,POMC,ADRB3
2127,CommuSpace_HS_06260,POMC,GRM7
2128,CommuSpace_HS_06261,POMC,MC1R
2129,CommuSpace_HS_06263,POMC,MC3R
2130,CommuSpace_HS_06264,POMC,MC4R
2131,CommuSpace_HS_06266,POMC,MRAP
2132,CommuSpace_HS_06267,POMC,MTNR1A
2133,CommuSpace_HS_06268,POMC,OPRD1
2134,CommuSpace_HS_06269,POMC,OPRK1
2135,CommuSpace_HS_06270,POMC,OPRL1
2136,CommuSpace_HS_06271,POMC,OPRM1
2137,CommuSpace_HS_06272,POMC,PTH1R
2138,CommuSpace_HS_06275,POMC,TSHR
2139,CommuSpace_HS_06276,POMC,VIPR1
2140,CommuSpace_HS_06278,POSTN,ITGAV
2141,CommuSpace_HS_06279,POSTN,ITGAV&ITGB3
2142,CommuSpace_HS_06280,POSTN,ITGAV&ITGB5
2143,CommuSpace_HS_06281,POSTN,ITGB3
2144,CommuSpace_HS_06282,POSTN,ITGB5
2145,CommuSpace_HS_06283,POSTN,PTK7
2146,CommuSpace_HS_06305,PRG4,CD44
2147,CommuSpace_HS_06306,PRG4,TLR2
2148,CommuSpace_HS_06307,PRG4,TLR4
2149,CommuSpace_HS_06308,PRL,ERBB2
2150,CommuSpace_HS_06309,PRL,PRLR
2151,CommuSpace_HS_06313,PRNP,ADGRG6
2152,CommuSpace_HS_06314,PRNP,NCAM1
2153,CommuSpace_HS_06316,PROC,F2R&PROCR
2154,CommuSpace_HS_06317,PROC,F5
2155,CommuSpace_HS_06318,PROC,F7
2156,CommuSpace_HS_06319,PROC,F8
2157,CommuSpace_HS_06321,PROC,ITGAM
2158,CommuSpace_HS_06322,PROC,ITGB2
2159,CommuSpace_HS_06323,PROC,PROCR
2160,CommuSpace_HS_06324,PROC,TEK
2161,CommuSpace_HS_06325,PROC,THBD
2162,CommuSpace_HS_06330,PROS1,AXL
2163,CommuSpace_HS_06331,PROS1,F5
2164,CommuSpace_HS_06332,PROS1,F8
2165,CommuSpace_HS_06333,PROS1,MERTK
2166,CommuSpace_HS_06334,PROS1,PROC
2167,CommuSpace_HS_06335,PROS1,TYRO3
2168,CommuSpace_HS_06361,PSEN1,CD44
2169,CommuSpace_HS_06362,PSEN1,CDH1
2170,CommuSpace_HS_06363,PSEN1,NCSTN
2171,CommuSpace_HS_06364,PSEN1,NOTCH1
2172,CommuSpace_HS_06365,PSEN1,NOTCH2
2173,CommuSpace_HS_06366,PSEN1,NOTCH3
2174,CommuSpace_HS_06367,PSEN1,NOTCH4
2175,CommuSpace_HS_06368,PSEN1,PSEN1
2176,CommuSpace_HS_06390,PTDSS1,SCARB1
2177,CommuSpace_HS_06394,PTGES,PTGER2
2178,CommuSpace_HS_06395,PTGES,PTGER3
2179,CommuSpace_HS_06396,PTGES,PTGER4
2180,CommuSpace_HS_06402,PTGES3,PTGER2
2181,CommuSpace_HS_06403,PTGES3,PTGER3
2182,CommuSpace_HS_06404,PTGES3,PTGER4
2183,CommuSpace_HS_06407,PTGIS,PTGIR
2184,CommuSpace_HS_06410,PTGS2,ALOX5
2185,CommuSpace_HS_06412,PTGS2,PTGDR2
2186,CommuSpace_HS_06413,PTH,ADCYAP1R1
2187,CommuSpace_HS_06414,PTH,ADRB2
2188,CommuSpace_HS_06415,PTH,ADRB3
2189,CommuSpace_HS_06418,PTH,LRP6
2190,CommuSpace_HS_06419,PTH,PTH1R
2191,CommuSpace_HS_06420,PTH,PTH2R
2192,CommuSpace_HS_06423,PTH,TSHR
2193,CommuSpace_HS_06424,PTH,VIPR1
2194,CommuSpace_HS_06436,PTHLH,ADCYAP1R1
2195,CommuSpace_HS_06437,PTHLH,ADRB2
2196,CommuSpace_HS_06438,PTHLH,ADRB3
2197,CommuSpace_HS_06442,PTHLH,PTH1R
2198,CommuSpace_HS_06443,PTHLH,PTH2R
2199,CommuSpace_HS_06446,PTHLH,TSHR
2200,CommuSpace_HS_06447,PTHLH,VIPR1
2201,CommuSpace_HS_06462,PTPN11,FCRL4
2202,CommuSpace_HS_06464,PTPN6,CLEC12A
2203,CommuSpace_HS_06465,PTPN6,EGFR
2204,CommuSpace_HS_06466,PTPN6,FCRL4
2205,CommuSpace_HS_06473,PTPRM,CDH1
2206,CommuSpace_HS_06474,PTPRM,PTPRM
2207,CommuSpace_HS_06478,PTPRZ1,ALK
2208,CommuSpace_HS_06480,PTPRZ1,NCAM1
2209,CommuSpace_HS_06481,PTPRZ1,NTRK1
2210,CommuSpace_HS_06482,PVR,CD226
2211,CommuSpace_HS_06483,PVR,CD96
2212,CommuSpace_HS_06485,PVR,NECTIN3
2213,CommuSpace_HS_06488,PVR,TIGIT
2214,CommuSpace_HS_06502,PZP,MMP9
2215,CommuSpace_HS_06521,RECK,MMP9
2216,CommuSpace_HS_06522,RECK,TIGIT
2217,CommuSpace_HS_06523,RELN,ITGA3
2218,CommuSpace_HS_06527,RELN,VLDLR
2219,CommuSpace_HS_06535,RETN,TLR4
2220,CommuSpace_HS_06551,RLN1,RXFP1
2221,CommuSpace_HS_06552,RLN1,RXFP2
2222,CommuSpace_HS_06553,RLN1,RXFP3
2223,CommuSpace_HS_06555,RLN2,ADCYAP1R1
2224,CommuSpace_HS_06556,RLN2,ADRB2
2225,CommuSpace_HS_06557,RLN2,ADRB3
2226,CommuSpace_HS_06560,RLN2,PTH1R
2227,CommuSpace_HS_06563,RLN2,RXFP1
2228,CommuSpace_HS_06564,RLN2,RXFP2
2229,CommuSpace_HS_06565,RLN2,RXFP3
2230,CommuSpace_HS_06566,RLN2,TSHR
2231,CommuSpace_HS_06567,RLN2,VIPR1
2232,CommuSpace_HS_06568,RLN3,ADCYAP1R1
2233,CommuSpace_HS_06569,RLN3,ADRA2A
2234,CommuSpace_HS_06570,RLN3,ADRB2
2235,CommuSpace_HS_06571,RLN3,ADRB3
2236,CommuSpace_HS_06574,RLN3,GRM7
2237,CommuSpace_HS_06575,RLN3,MTNR1A
2238,CommuSpace_HS_06576,RLN3,PTH1R
2239,CommuSpace_HS_06579,RLN3,RXFP1
2240,CommuSpace_HS_06580,RLN3,RXFP2
2241,CommuSpace_HS_06581,RLN3,RXFP3
2242,CommuSpace_HS_06583,RLN3,TSHR
2243,CommuSpace_HS_06584,RLN3,VIPR1
2244,CommuSpace_HS_06595,RSPO2,FZD4
2245,CommuSpace_HS_06596,RSPO2,LGR4
2246,CommuSpace_HS_06597,RSPO2,LGR5
2247,CommuSpace_HS_06598,RSPO2,LGR6
2248,CommuSpace_HS_06599,RSPO2,RNF43
2249,CommuSpace_HS_06600,RSPO2,SDC4
2250,CommuSpace_HS_06603,RSPO3,LGR4
2251,CommuSpace_HS_06604,RSPO3,LGR5
2252,CommuSpace_HS_06605,RSPO3,LGR6
2253,CommuSpace_HS_06606,RSPO3,LRP6
2254,CommuSpace_HS_06607,RSPO3,RNF43
2255,CommuSpace_HS_06608,RSPO3,SDC4
2256,CommuSpace_HS_06622,RTN4,CNTNAP1
2257,CommuSpace_HS_06625,RTN4,NGFR
2258,CommuSpace_HS_06631,S100A1,AGER
2259,CommuSpace_HS_06632,S100A1,RYR1
2260,CommuSpace_HS_06634,S100A1,TLR4
2261,CommuSpace_HS_06635,S100A1,TRPM3
2262,CommuSpace_HS_06689,SDC2,ADGRA2
2263,CommuSpace_HS_06691,SDC2,PTPRJ
2264,CommuSpace_HS_06692,SDC4,ADAM12
2265,CommuSpace_HS_06693,SDK2,CADM4
2266,CommuSpace_HS_06694,SDK2,CLEC4A
2267,CommuSpace_HS_06696,SELE,CD44
2268,CommuSpace_HS_06697,SELE,CEACAM1
2269,CommuSpace_HS_06699,SELE,SELPLG
2270,CommuSpace_HS_06700,SELL,CD34
2271,CommuSpace_HS_06703,SELL,PODXL
2272,CommuSpace_HS_06704,SELL,SELPLG
2273,CommuSpace_HS_06706,SELP,SELPLG
2274,CommuSpace_HS_06708,SELPLG,ITGAM
2275,CommuSpace_HS_06709,SELPLG,ITGB2
2276,CommuSpace_HS_06710,SELPLG,SELE
2277,CommuSpace_HS_06711,SELPLG,SELL
2278,CommuSpace_HS_06712,SELPLG,SELP
2279,CommuSpace_HS_06714,SEMA3A,NRP1
2280,CommuSpace_HS_06719,SEMA3A,NRP2
2281,CommuSpace_HS_06738,SEMA3C,NRP1
2282,CommuSpace_HS_06744,SEMA3C,NRP2
2283,CommuSpace_HS_06754,SEMA3D,NRP1
2284,CommuSpace_HS_06759,SEMA3D,NRP2
2285,CommuSpace_HS_06772,SEMA3F,NRP1
2286,CommuSpace_HS_06773,SEMA3F,NRP2
2287,CommuSpace_HS_06809,SEMA4B,PLXNB1
2288,CommuSpace_HS_06810,SEMA4B,PLXNB2
2289,CommuSpace_HS_06811,SEMA4C,PLXNB1
2290,CommuSpace_HS_06812,SEMA4C,PLXNB2
2291,CommuSpace_HS_06813,SEMA4D,CD72
2292,CommuSpace_HS_06814,SEMA4D,ERBB2
2293,CommuSpace_HS_06815,SEMA4D,MET
2294,CommuSpace_HS_06816,SEMA4D,PLXNB1
2295,CommuSpace_HS_06817,SEMA4D,PLXNB2
2296,CommuSpace_HS_06844,SEMA7A,ITGA1
2297,CommuSpace_HS_06847,SEMA7A,PLXNC1
2298,CommuSpace_HS_06852,SERPINA5,PROC
2299,CommuSpace_HS_06853,SERPINA5,THBD
2300,CommuSpace_HS_06856,SERPINC1,F11
2301,CommuSpace_HS_06857,SERPINC1,F12
2302,CommuSpace_HS_06860,SERPINC1,LRP1
2303,CommuSpace_HS_06861,SERPINC1,SDC2
2304,CommuSpace_HS_06862,SERPINE1,F12
2305,CommuSpace_HS_06863,SERPINE1,ITGAV
2306,CommuSpace_HS_06864,SERPINE1,ITGB5
2307,CommuSpace_HS_06865,SERPINE1,LRP1
2308,CommuSpace_HS_06866,SERPINE1,LRP2
2309,CommuSpace_HS_06867,SERPINE1,PLAT
2310,CommuSpace_HS_06868,SERPINE1,PLAU
2311,CommuSpace_HS_06869,SERPINE1,PLAUR
2312,CommuSpace_HS_06881,SFRP1,FZD6
2313,CommuSpace_HS_06902,SHH,LRP2
2314,CommuSpace_HS_06903,SHH,PTCH1
2315,CommuSpace_HS_06904,SHH,PTCH1&SMO
2316,CommuSpace_HS_06908,SHH,SMO
2317,CommuSpace_HS_06910,SHMT1&SLC6A5,GLRA1&GLRB
2318,CommuSpace_HS_06911,SHMT1&SLC6A5,GLRA2
2319,CommuSpace_HS_06912,SHMT1&SLC6A9,GLRA1&GLRB
2320,CommuSpace_HS_06913,SHMT1&SLC6A9,GLRA2
2321,CommuSpace_HS_06914,SHMT2&SLC6A5,GLRA1&GLRB
2322,CommuSpace_HS_06915,SHMT2&SLC6A5,GLRA2
2323,CommuSpace_HS_06916,SHMT2&SLC6A9,GLRA1&GLRB
2324,CommuSpace_HS_06917,SHMT2&SLC6A9,GLRA2
2325,CommuSpace_HS_06923,SIGLEC1,CD47
2326,CommuSpace_HS_06925,SIGLEC1,SPN
2327,CommuSpace_HS_06940,SIGLEC6,CD4
2328,CommuSpace_HS_06941,SIGLEC6,KIR2DL4
2329,CommuSpace_HS_06942,SIGLEC6,NCR1
2330,CommuSpace_HS_06944,SIGLEC7,CD320
2331,CommuSpace_HS_06945,SIGLEC7,CD33
2332,CommuSpace_HS_06946,SIGLEC7,CD4
2333,CommuSpace_HS_06949,SIGLEC7,NCR1
2334,CommuSpace_HS_06950,SIGLEC7,NRP2
2335,CommuSpace_HS_06956,SIGLEC7,TIMD4
2336,CommuSpace_HS_06957,SIGLEC7,TNFRSF11B
2337,CommuSpace_HS_06976,SIGLEC9,ADGRA2
2338,CommuSpace_HS_06978,SIGLEC9,CD33
2339,CommuSpace_HS_06979,SIGLEC9,IFNGR1
2340,CommuSpace_HS_06980,SIGLEC9,IL1RL1
2341,CommuSpace_HS_06982,SIGLEC9,MUC1
2342,CommuSpace_HS_06985,SIGLEC9,SIGLEC7
2343,CommuSpace_HS_06986,SIGLEC9,TNFRSF11B
2344,CommuSpace_HS_06987,SIRPA,CD47
2345,CommuSpace_HS_06991,SIRPA,TIGIT
2346,CommuSpace_HS_06993,SIRPG,CD47
2347,CommuSpace_HS_06995,SLAMF6,HAVCR1
2348,CommuSpace_HS_06996,SLAMF7,SLAMF7
2349,CommuSpace_HS_07023,SLC18A2&TPH1,HTR1A
2350,CommuSpace_HS_07024,SLC18A2&TPH1,HTR1B
2351,CommuSpace_HS_07025,SLC18A2&TPH1,HTR1D
2352,CommuSpace_HS_07026,SLC18A2&TPH1,HTR1E
2353,CommuSpace_HS_07028,SLC18A2&TPH1,HTR2A
2354,CommuSpace_HS_07029,SLC18A2&TPH1,HTR2B
2355,CommuSpace_HS_07030,SLC18A2&TPH1,HTR2C
2356,CommuSpace_HS_07032,SLC18A2&TPH1,HTR4
2357,CommuSpace_HS_07033,SLC18A2&TPH1,HTR5A
2358,CommuSpace_HS_07034,SLC18A2&TPH1,HTR6
2359,CommuSpace_HS_07035,SLC18A2&TPH1,HTR7
2360,CommuSpace_HS_07036,SLC18A2&TPH2,HTR1A
2361,CommuSpace_HS_07037,SLC18A2&TPH2,HTR1B
2362,CommuSpace_HS_07038,SLC18A2&TPH2,HTR1D
2363,CommuSpace_HS_07039,SLC18A2&TPH2,HTR1E
2364,CommuSpace_HS_07041,SLC18A2&TPH2,HTR2A
2365,CommuSpace_HS_07042,SLC18A2&TPH2,HTR2B
2366,CommuSpace_HS_07043,SLC18A2&TPH2,HTR2C
2367,CommuSpace_HS_07045,SLC18A2&TPH2,HTR4
2368,CommuSpace_HS_07046,SLC18A2&TPH2,HTR5A
2369,CommuSpace_HS_07047,SLC18A2&TPH2,HTR6
2370,CommuSpace_HS_07048,SLC18A2&TPH2,HTR7
2371,CommuSpace_HS_07049,SLC6A4&TPH1,HTR1A
2372,CommuSpace_HS_07050,SLC6A4&TPH1,HTR1B
2373,CommuSpace_HS_07051,SLC6A4&TPH1,HTR1D
2374,CommuSpace_HS_07052,SLC6A4&TPH1,HTR1E
2375,CommuSpace_HS_07054,SLC6A4&TPH1,HTR2A
2376,CommuSpace_HS_07055,SLC6A4&TPH1,HTR2B
2377,CommuSpace_HS_07056,SLC6A4&TPH1,HTR2C
2378,CommuSpace_HS_07058,SLC6A4&TPH1,HTR4
2379,CommuSpace_HS_07059,SLC6A4&TPH1,HTR5A
2380,CommuSpace_HS_07060,SLC6A4&TPH1,HTR6
2381,CommuSpace_HS_07061,SLC6A4&TPH1,HTR7
2382,CommuSpace_HS_07062,SLC6A4&TPH2,HTR1A
2383,CommuSpace_HS_07063,SLC6A4&TPH2,HTR1B
2384,CommuSpace_HS_07064,SLC6A4&TPH2,HTR1D
2385,CommuSpace_HS_07065,SLC6A4&TPH2,HTR1E
2386,CommuSpace_HS_07067,SLC6A4&TPH2,HTR2A
2387,CommuSpace_HS_07068,SLC6A4&TPH2,HTR2B
2388,CommuSpace_HS_07069,SLC6A4&TPH2,HTR2C
2389,CommuSpace_HS_07071,SLC6A4&TPH2,HTR4
2390,CommuSpace_HS_07072,SLC6A4&TPH2,HTR5A
2391,CommuSpace_HS_07073,SLC6A4&TPH2,HTR6
2392,CommuSpace_HS_07074,SLC6A4&TPH2,HTR7
2393,CommuSpace_HS_07081,SLIT2,APP
2394,CommuSpace_HS_07087,SLIT2,ROBO4
2395,CommuSpace_HS_07091,SLIT3,ROBO4
2396,CommuSpace_HS_07092,SLITRK1,ENPEP
2397,CommuSpace_HS_07095,SLITRK1,TNFRSF11B
2398,CommuSpace_HS_07141,SNCA,LAG3
2399,CommuSpace_HS_07143,SOCS2,EPOR
2400,CommuSpace_HS_07148,SOST,LRP5
2401,CommuSpace_HS_07149,SOST,LRP6
2402,CommuSpace_HS_07151,SOSTDC1,LRP5
2403,CommuSpace_HS_07152,SOSTDC1,LRP6
2404,CommuSpace_HS_07159,SPN,SIGLEC1
2405,CommuSpace_HS_07160,SPON1,APP
2406,CommuSpace_HS_07162,SPON2,ITGA4
2407,CommuSpace_HS_07163,SPON2,ITGA5
2408,CommuSpace_HS_07164,SPON2,ITGAM
2409,CommuSpace_HS_07166,SPON2,ITGB2
2410,CommuSpace_HS_07192,SRD5A1,AR
2411,CommuSpace_HS_07193,SRD5A2,AR
2412,CommuSpace_HS_07194,SRD5A3,AR
2413,CommuSpace_HS_07203,ST14,BTN3A1
2414,CommuSpace_HS_07204,ST14,PLAU
2415,CommuSpace_HS_07205,ST6GAL1,CD22
2416,CommuSpace_HS_07206,ST6GAL1,EGFR
2417,CommuSpace_HS_07207,STX1A,CACNA1B
2418,CommuSpace_HS_07208,STX1A,CACNA1D
2419,CommuSpace_HS_07209,SULT1A1,PPARA
2420,CommuSpace_HS_07210,SULT1A1,PPARD
2421,CommuSpace_HS_07211,SULT1A1,PPARG
2422,CommuSpace_HS_07215,SULT2A1,PPARA
2423,CommuSpace_HS_07216,SULT2A1,PPARD
2424,CommuSpace_HS_07217,SULT2A1,PPARG
2425,CommuSpace_HS_07223,TAC1,DPP4
2426,CommuSpace_HS_07224,TAC1,FAP
2427,CommuSpace_HS_07225,TAC1,TACR1
2428,CommuSpace_HS_07226,TAC1,TACR2
2429,CommuSpace_HS_07227,TAC1,TACR3
2430,CommuSpace_HS_07228,TAC3,TACR1
2431,CommuSpace_HS_07229,TAC3,TACR2
2432,CommuSpace_HS_07230,TAC3,TACR3
2433,CommuSpace_HS_07231,TAC4,TACR1
2434,CommuSpace_HS_07232,TAC4,TACR2
2435,CommuSpace_HS_07233,TAC4,TACR3
2436,CommuSpace_HS_07234,TAFA4,FPR1
2437,CommuSpace_HS_07239,TBXAS1,TBXA2R
2438,CommuSpace_HS_07248,TDGF1,ACVR1B
2439,CommuSpace_HS_07250,TDGF1,ACVR2A
2440,CommuSpace_HS_07253,TDGF1,LRP5
2441,CommuSpace_HS_07254,TDGF1,LRP6
2442,CommuSpace_HS_07283,TFPI,F3
2443,CommuSpace_HS_07284,TFPI,LRP1
2444,CommuSpace_HS_07285,TFPI,SDC4
2445,CommuSpace_HS_07286,TFPI,VLDLR
2446,CommuSpace_HS_07288,TG,LRP2
2447,CommuSpace_HS_07290,TGFA,ADAM17
2448,CommuSpace_HS_07291,TGFA,EGFR
2449,CommuSpace_HS_07292,TGFA,EGFR&ERBB2
2450,CommuSpace_HS_07293,TGFA,ERBB2
2451,CommuSpace_HS_07294,TGFA,ERBB3
2452,CommuSpace_HS_07297,TGFB1,ACVR1&TGFBR1&TGFBR2
2453,CommuSpace_HS_07298,TGFB1,ACVR1&TGFBR2
2454,CommuSpace_HS_07299,TGFB1,ACVR1B&TGFBR2
2455,CommuSpace_HS_07301,TGFB1,ACVRL1
2456,CommuSpace_HS_07302,TGFB1,APP
2457,CommuSpace_HS_07304,TGFB1,CXCR4
2458,CommuSpace_HS_07305,TGFB1,EGFR
2459,CommuSpace_HS_07306,TGFB1,ENG
2460,CommuSpace_HS_07307,TGFB1,ITGAV
2461,CommuSpace_HS_07308,TGFB1,ITGAV&ITGB6
2462,CommuSpace_HS_07310,TGFB1,ITGB3
2463,CommuSpace_HS_07311,TGFB1,ITGB5
2464,CommuSpace_HS_07312,TGFB1,ITGB6
2465,CommuSpace_HS_07315,TGFB1,PDGFRA
2466,CommuSpace_HS_07316,TGFB1,SDC2
2467,CommuSpace_HS_07317,TGFB1,TGFBR1
2468,CommuSpace_HS_07318,TGFB1,TGFBR1&TGFBR2
2469,CommuSpace_HS_07319,TGFB1,TGFBR2
2470,CommuSpace_HS_07320,TGFB1,TGFBR3
2471,CommuSpace_HS_07322,TGFB2,ACVR1
2472,CommuSpace_HS_07323,TGFB2,ACVR1&TGFBR1&TGFBR2
2473,CommuSpace_HS_07324,TGFB2,ACVR1&TGFBR2
2474,CommuSpace_HS_07325,TGFB2,ACVR1B
2475,CommuSpace_HS_07326,TGFB2,ACVR1B&TGFBR2
2476,CommuSpace_HS_07329,TGFB2,ENG
2477,CommuSpace_HS_07330,TGFB2,TGFBR1
2478,CommuSpace_HS_07331,TGFB2,TGFBR1&TGFBR2
2479,CommuSpace_HS_07332,TGFB2,TGFBR2
2480,CommuSpace_HS_07333,TGFB2,TGFBR3
2481,CommuSpace_HS_07334,TGFB3,ACVR1&TGFBR1&TGFBR2
2482,CommuSpace_HS_07335,TGFB3,ACVR1&TGFBR2
2483,CommuSpace_HS_07336,TGFB3,ACVR1B&TGFBR2
2484,CommuSpace_HS_07339,TGFB3,ACVRL1
2485,CommuSpace_HS_07340,TGFB3,ENG
2486,CommuSpace_HS_07342,TGFB3,ITGB3
2487,CommuSpace_HS_07343,TGFB3,ITGB5
2488,CommuSpace_HS_07344,TGFB3,ITGB6
2489,CommuSpace_HS_07345,TGFB3,TGFBR1
2490,CommuSpace_HS_07346,TGFB3,TGFBR1&TGFBR2
2491,CommuSpace_HS_07347,TGFB3,TGFBR2
2492,CommuSpace_HS_07348,TGFB3,TGFBR3
2493,CommuSpace_HS_07361,TGM2,ITGA4
2494,CommuSpace_HS_07364,TGM2,ITGB3
2495,CommuSpace_HS_07365,TGM2,SDC4
2496,CommuSpace_HS_07366,TGM2,TBXA2R
2497,CommuSpace_HS_07370,THBS1,CD36
2498,CommuSpace_HS_07371,THBS1,CD47
2499,CommuSpace_HS_07372,THBS1,ITGA2B
2500,CommuSpace_HS_07373,THBS1,ITGA2B&ITGB3
2501,CommuSpace_HS_07374,THBS1,ITGA3
2502,CommuSpace_HS_07376,THBS1,ITGA4
2503,CommuSpace_HS_07377,THBS1,ITGA6
2504,CommuSpace_HS_07378,THBS1,ITGAV&ITGB3
2505,CommuSpace_HS_07380,THBS1,ITGB3
2506,CommuSpace_HS_07381,THBS1,LRP1
2507,CommuSpace_HS_07382,THBS1,LRP5
2508,CommuSpace_HS_07383,THBS1,PTPRJ
2509,CommuSpace_HS_07384,THBS1,SCARB1
2510,CommuSpace_HS_07386,THBS1,SDC4
2511,CommuSpace_HS_07387,THBS1,TNFRSF11B
2512,CommuSpace_HS_07388,THBS2,CD36
2513,CommuSpace_HS_07389,THBS2,CD47
2514,CommuSpace_HS_07390,THBS2,ITGA3
2515,CommuSpace_HS_07392,THBS2,ITGA4
2516,CommuSpace_HS_07393,THBS2,ITGA6
2517,CommuSpace_HS_07394,THBS2,ITGAV&ITGB3
2518,CommuSpace_HS_07396,THBS2,ITGB3
2519,CommuSpace_HS_07397,THBS2,LRP2
2520,CommuSpace_HS_07399,THBS2,NOTCH3
2521,CommuSpace_HS_07400,THBS2,NOTCH4
2522,CommuSpace_HS_07402,THBS2,SDC4
2523,CommuSpace_HS_07419,THPO,MPL
2524,CommuSpace_HS_07420,THY1,ADGRE2
2525,CommuSpace_HS_07421,THY1,ADGRE5
2526,CommuSpace_HS_07423,THY1,ITGAM
2527,CommuSpace_HS_07424,THY1,ITGAM&ITGB2
2528,CommuSpace_HS_07425,THY1,ITGAV
2529,CommuSpace_HS_07426,THY1,ITGAV&ITGB3
2530,CommuSpace_HS_07427,THY1,ITGAX
2531,CommuSpace_HS_07428,THY1,ITGAX&ITGB2
2532,CommuSpace_HS_07429,THY1,ITGB2
2533,CommuSpace_HS_07430,THY1,ITGB3
2534,CommuSpace_HS_07431,TIGIT,NECTIN2
2535,CommuSpace_HS_07432,TIGIT,NECTIN3
2536,CommuSpace_HS_07434,TIGIT,PVR
2537,CommuSpace_HS_07435,TIGIT,RECK
2538,CommuSpace_HS_07436,TIGIT,SIRPA
2539,CommuSpace_HS_07437,TIMD4,HAVCR1
2540,CommuSpace_HS_07438,TIMD4,SIGLEC7
2541,CommuSpace_HS_07444,TIMP2,CD44
2542,CommuSpace_HS_07445,TIMP2,ITGA3
2543,CommuSpace_HS_07447,TIMP2,LRP2
2544,CommuSpace_HS_07449,TIMP3,ADAM17
2545,CommuSpace_HS_07450,TIMP3,ADAMTS4
2546,CommuSpace_HS_07451,TIMP3,AGTR2
2547,CommuSpace_HS_07452,TIMP3,CD44
2548,CommuSpace_HS_07453,TIMP3,DDR1
2549,CommuSpace_HS_07454,TIMP3,KDR
2550,CommuSpace_HS_07455,TIMP3,MET
2551,CommuSpace_HS_07456,TIMP3,MMP14
2552,CommuSpace_HS_07458,TIMP3,MMP9
2553,CommuSpace_HS_07464,TNC,EGFR
2554,CommuSpace_HS_07465,TNC,ITGA2
2555,CommuSpace_HS_07466,TNC,ITGA2B&ITGB3
2556,CommuSpace_HS_07467,TNC,ITGA5
2557,CommuSpace_HS_07468,TNC,ITGA7
2558,CommuSpace_HS_07473,TNC,ITGAV
2559,CommuSpace_HS_07474,TNC,ITGAV&ITGB3
2560,CommuSpace_HS_07475,TNC,ITGAV&ITGB6
2561,CommuSpace_HS_07477,TNC,ITGB3
2562,CommuSpace_HS_07478,TNC,ITGB6
2563,CommuSpace_HS_07479,TNC,PTPRB
2564,CommuSpace_HS_07480,TNC,PTPRZ1
2565,CommuSpace_HS_07482,TNC,SDC4
2566,CommuSpace_HS_07483,TNF,CELSR2
2567,CommuSpace_HS_07484,TNF,FAS
2568,CommuSpace_HS_07486,TNF,FLT4
2569,CommuSpace_HS_07487,TNF,ICOS
2570,CommuSpace_HS_07488,TNF,LTBR
2571,CommuSpace_HS_07489,TNF,NOTCH1
2572,CommuSpace_HS_07491,TNF,SEMA4C
2573,CommuSpace_HS_07492,TNF,TNFRSF1A
2574,CommuSpace_HS_07493,TNF,TNFRSF1B
2575,CommuSpace_HS_07494,TNF,TNFRSF21
2576,CommuSpace_HS_07496,TNF,TRAF2
2577,CommuSpace_HS_07497,TNF,TRPM2
2578,CommuSpace_HS_07498,TNF,VSIR
2579,CommuSpace_HS_07499,TNFRSF14,BTLA
2580,CommuSpace_HS_07500,TNFRSF14,CD160
2581,CommuSpace_HS_07501,TNFRSF14,FCAR
2582,CommuSpace_HS_07503,TNFRSF14,TRAF2
2583,CommuSpace_HS_07504,TNFSF10,CCR6
2584,CommuSpace_HS_07505,TNFSF10,RIPK1
2585,CommuSpace_HS_07506,TNFSF10,TNFRSF10A
2586,CommuSpace_HS_07507,TNFSF10,TNFRSF10B
2587,CommuSpace_HS_07508,TNFSF10,TNFRSF10C
2588,CommuSpace_HS_07509,TNFSF10,TNFRSF10D
2589,CommuSpace_HS_07510,TNFSF10,TNFRSF11B
2590,CommuSpace_HS_07511,TNFSF11,LGR4
2591,CommuSpace_HS_07512,TNFSF11,TNFRSF11A
2592,CommuSpace_HS_07513,TNFSF11,TNFRSF11B
2593,CommuSpace_HS_07514,TNFSF12,CD163
2594,CommuSpace_HS_07515,TNFSF12,TNFRSF12A
2595,CommuSpace_HS_07517,TNFSF12,TNFRSF8
2596,CommuSpace_HS_07518,TNFSF13,FAS
2597,CommuSpace_HS_07519,TNFSF13,SDC2
2598,CommuSpace_HS_07520,TNFSF13,TNFRSF11B
2599,CommuSpace_HS_07521,TNFSF13,TNFRSF13B
2600,CommuSpace_HS_07522,TNFSF13,TNFRSF14
2601,CommuSpace_HS_07523,TNFSF13,TNFRSF17
2602,CommuSpace_HS_07524,TNFSF13,TNFRSF1A
2603,CommuSpace_HS_07525,TNFSF13B,CD40
2604,CommuSpace_HS_07527,TNFSF13B,TFRC
2605,CommuSpace_HS_07528,TNFSF13B,TNFRSF13B
2606,CommuSpace_HS_07529,TNFSF13B,TNFRSF13C
2607,CommuSpace_HS_07530,TNFSF13B,TNFRSF17
2608,CommuSpace_HS_07531,TNFSF14,LTBR
2609,CommuSpace_HS_07532,TNFSF14,TNFRSF14
2610,CommuSpace_HS_07533,TNFSF14,TNFRSF6B
2611,CommuSpace_HS_07535,TNFSF15,TNFRSF6B
2612,CommuSpace_HS_07536,TNFSF18,TNFRSF18
2613,CommuSpace_HS_07538,TNFSF4,TRAF2
2614,CommuSpace_HS_07539,TNFSF8,TNFRSF8
2615,CommuSpace_HS_07540,TNFSF9,ADGRG5
2616,CommuSpace_HS_07541,TNFSF9,FCRL1
2617,CommuSpace_HS_07543,TNFSF9,IL13RA2
2618,CommuSpace_HS_07544,TNFSF9,PVR
2619,CommuSpace_HS_07545,TNFSF9,TNFRSF9
2620,CommuSpace_HS_07546,TNFSF9,TRAF2
2621,CommuSpace_HS_07561,TNR,ITGA2B
2622,CommuSpace_HS_07562,TNR,ITGA2B&ITGB3
2623,CommuSpace_HS_07567,TNR,ITGAV
2624,CommuSpace_HS_07568,TNR,ITGAV&ITGB3
2625,CommuSpace_HS_07569,TNR,ITGAV&ITGB6
2626,CommuSpace_HS_07571,TNR,ITGB3
2627,CommuSpace_HS_07572,TNR,ITGB6
2628,CommuSpace_HS_07574,TNR,SDC4
2629,CommuSpace_HS_07575,TNXB,ITGA2B
2630,CommuSpace_HS_07576,TNXB,ITGA2B&ITGB3
2631,CommuSpace_HS_07581,TNXB,ITGAV
2632,CommuSpace_HS_07582,TNXB,ITGAV&ITGB3
2633,CommuSpace_HS_07583,TNXB,ITGAV&ITGB6
2634,CommuSpace_HS_07585,TNXB,ITGB3
2635,CommuSpace_HS_07586,TNXB,ITGB6
2636,CommuSpace_HS_07588,TNXB,SDC4
2637,CommuSpace_HS_07590,TPH1,HTR1A
2638,CommuSpace_HS_07591,TPH1,HTR1B
2639,CommuSpace_HS_07592,TPH1,HTR1D
2640,CommuSpace_HS_07593,TPH1,HTR1E
2641,CommuSpace_HS_07595,TPH1,HTR2A
2642,CommuSpace_HS_07596,TPH1,HTR2B
2643,CommuSpace_HS_07597,TPH1,HTR2C
2644,CommuSpace_HS_07598,TPH1,HTR4
2645,CommuSpace_HS_07599,TPH1,HTR5A
2646,CommuSpace_HS_07600,TPH1,HTR6
2647,CommuSpace_HS_07601,TPH1,HTR7
2648,CommuSpace_HS_07605,TPSG1,SIRPA
2649,CommuSpace_HS_07606,TRAF2,MAP4K2
2650,CommuSpace_HS_07607,TRAF2,TNFRSF1B
2651,CommuSpace_HS_07610,TRH,TRHR
2652,CommuSpace_HS_07624,TSLP,IL7R
2653,CommuSpace_HS_07625,TSPAN3,ADAM10
2654,CommuSpace_HS_07642,UBASH3B,ESR1
2655,CommuSpace_HS_07643,UBASH3B,NR1I2
2656,CommuSpace_HS_07644,UBASH3B,PPARA
2657,CommuSpace_HS_07645,UCN,CRHR1
2658,CommuSpace_HS_07646,UCN,CRHR2
2659,CommuSpace_HS_07659,ULBP2,KLRK1
2660,CommuSpace_HS_07670,VASP,CXCR2
2661,CommuSpace_HS_07672,VCAM1,ITGA4
2662,CommuSpace_HS_07674,VCAM1,ITGA4&ITGB7
2663,CommuSpace_HS_07677,VCAM1,ITGAD
2664,CommuSpace_HS_07678,VCAM1,ITGAD&ITGB2
2665,CommuSpace_HS_07680,VCAM1,ITGB2
2666,CommuSpace_HS_07681,VCAM1,ITGB7
2667,CommuSpace_HS_07682,VCAM1,MSN
2668,CommuSpace_HS_07692,VCL,ALK
2669,CommuSpace_HS_07693,VCL,ITGB5
2670,CommuSpace_HS_07694,VEGFA,CD44
2671,CommuSpace_HS_07695,VEGFA,EGFR
2672,CommuSpace_HS_07696,VEGFA,EPHB2
2673,CommuSpace_HS_07697,VEGFA,FLT1
2674,CommuSpace_HS_07698,VEGFA,FLT1&KDR
2675,CommuSpace_HS_07700,VEGFA,GRIN2B
2676,CommuSpace_HS_07702,VEGFA,ITGAV
2677,CommuSpace_HS_07704,VEGFA,ITGB3
2678,CommuSpace_HS_07705,VEGFA,KDR
2679,CommuSpace_HS_07706,VEGFA,NRP1
2680,CommuSpace_HS_07707,VEGFA,NRP2
2681,CommuSpace_HS_07708,VEGFA,RET
2682,CommuSpace_HS_07709,VEGFA,SIRPA
2683,CommuSpace_HS_07710,VEGFA,TYRO3
2684,CommuSpace_HS_07711,VEGFB,ADRB2
2685,CommuSpace_HS_07712,VEGFB,FLT1
2686,CommuSpace_HS_07713,VEGFB,FLT1&KDR
2687,CommuSpace_HS_07714,VEGFB,KDR
2688,CommuSpace_HS_07715,VEGFB,NRP1
2689,CommuSpace_HS_07716,VEGFB,RET
2690,CommuSpace_HS_07717,VEGFC,CCBE1
2691,CommuSpace_HS_07718,VEGFC,FLT1
2692,CommuSpace_HS_07719,VEGFC,FLT4
2693,CommuSpace_HS_07720,VEGFC,FLT4&KDR
2694,CommuSpace_HS_07723,VEGFC,KDR
2695,CommuSpace_HS_07725,VEGFC,NRP2
2696,CommuSpace_HS_07726,VEGFC,VIPR2
2697,CommuSpace_HS_07727,VEGFD,FLT1
2698,CommuSpace_HS_07728,VEGFD,FLT4
2699,CommuSpace_HS_07729,VEGFD,FLT4&KDR
2700,CommuSpace_HS_07730,VEGFD,ITGA1
2701,CommuSpace_HS_07731,VEGFD,ITGA2
2702,CommuSpace_HS_07732,VEGFD,ITGA4
2703,CommuSpace_HS_07733,VEGFD,ITGA5
2704,CommuSpace_HS_07736,VEGFD,KDR
2705,CommuSpace_HS_07737,VEGFD,NRP2
2706,CommuSpace_HS_07738,VGF,NTRK1
2707,CommuSpace_HS_07740,VIP,ADCYAP1R1
2708,CommuSpace_HS_07741,VIP,ADRB1
2709,CommuSpace_HS_07742,VIP,ADRB2
2710,CommuSpace_HS_07743,VIP,ADRB3
2711,CommuSpace_HS_07744,VIP,AVPR1A
2712,CommuSpace_HS_07745,VIP,DPP4
2713,CommuSpace_HS_07748,VIP,NPR3
2714,CommuSpace_HS_07749,VIP,PTH1R
2715,CommuSpace_HS_07754,VIP,TSHR
2716,CommuSpace_HS_07755,VIP,VIPR1
2717,CommuSpace_HS_07756,VIP,VIPR2
2718,CommuSpace_HS_07762,VSTM1,LAMP1
2719,CommuSpace_HS_07764,VTCN1,BTLA
2720,CommuSpace_HS_07813,WNT1,CD36
2721,CommuSpace_HS_07814,WNT1,FZD1
2722,CommuSpace_HS_07815,WNT1,FZD1&LRP5
2723,CommuSpace_HS_07816,WNT1,FZD1&LRP6
2724,CommuSpace_HS_07817,WNT1,FZD10&LRP5
2725,CommuSpace_HS_07818,WNT1,FZD10&LRP6
2726,CommuSpace_HS_07821,WNT1,FZD3
2727,CommuSpace_HS_07822,WNT1,FZD3&LRP5
2728,CommuSpace_HS_07823,WNT1,FZD3&LRP6
2729,CommuSpace_HS_07824,WNT1,FZD4&LRP5
2730,CommuSpace_HS_07825,WNT1,FZD4&LRP6
2731,CommuSpace_HS_07828,WNT1,FZD6&LRP5
2732,CommuSpace_HS_07829,WNT1,FZD6&LRP6
2733,CommuSpace_HS_07835,WNT1,FZD9
2734,CommuSpace_HS_07836,WNT1,FZD9&LRP5
2735,CommuSpace_HS_07837,WNT1,FZD9&LRP6
2736,CommuSpace_HS_07838,WNT1,LRP5
2737,CommuSpace_HS_07839,WNT1,LRP6
2738,CommuSpace_HS_07840,WNT1,ROR2
2739,CommuSpace_HS_07951,WNT2,FZD1
2740,CommuSpace_HS_07952,WNT2,FZD1&LRP5
2741,CommuSpace_HS_07953,WNT2,FZD1&LRP6
2742,CommuSpace_HS_07954,WNT2,FZD10&LRP5
2743,CommuSpace_HS_07955,WNT2,FZD10&LRP6
2744,CommuSpace_HS_07959,WNT2,FZD3
2745,CommuSpace_HS_07960,WNT2,FZD3&LRP5
2746,CommuSpace_HS_07961,WNT2,FZD3&LRP6
2747,CommuSpace_HS_07962,WNT2,FZD4
2748,CommuSpace_HS_07963,WNT2,FZD4&LRP5
2749,CommuSpace_HS_07964,WNT2,FZD4&LRP6
2750,CommuSpace_HS_07968,WNT2,FZD6&LRP5
2751,CommuSpace_HS_07969,WNT2,FZD6&LRP6
2752,CommuSpace_HS_07976,WNT2,FZD9
2753,CommuSpace_HS_07977,WNT2,FZD9&LRP5
2754,CommuSpace_HS_07978,WNT2,FZD9&LRP6
2755,CommuSpace_HS_07979,WNT2,LRP5
2756,CommuSpace_HS_07980,WNT2,LRP6
2757,CommuSpace_HS_08013,WNT3,FZD1
2758,CommuSpace_HS_08014,WNT3,FZD1&LRP5
2759,CommuSpace_HS_08015,WNT3,FZD1&LRP6
2760,CommuSpace_HS_08016,WNT3,FZD10&LRP5
2761,CommuSpace_HS_08017,WNT3,FZD10&LRP6
2762,CommuSpace_HS_08020,WNT3,FZD3&LRP5
2763,CommuSpace_HS_08021,WNT3,FZD3&LRP6
2764,CommuSpace_HS_08022,WNT3,FZD4&LRP5
2765,CommuSpace_HS_08023,WNT3,FZD4&LRP6
2766,CommuSpace_HS_08026,WNT3,FZD6&LRP5
2767,CommuSpace_HS_08027,WNT3,FZD6&LRP6
2768,CommuSpace_HS_08034,WNT3,FZD9&LRP5
2769,CommuSpace_HS_08035,WNT3,FZD9&LRP6
2770,CommuSpace_HS_08036,WNT3,LRP6
2771,CommuSpace_HS_08037,WNT3,ROR2
2772,CommuSpace_HS_08039,WNT3A,APCDD1
2773,CommuSpace_HS_08041,WNT3A,FZD1
2774,CommuSpace_HS_08042,WNT3A,FZD1&LRP5
2775,CommuSpace_HS_08043,WNT3A,FZD1&LRP6
2776,CommuSpace_HS_08044,WNT3A,FZD10&LRP5
2777,CommuSpace_HS_08045,WNT3A,FZD10&LRP6
2778,CommuSpace_HS_08049,WNT3A,FZD3
2779,CommuSpace_HS_08050,WNT3A,FZD3&LRP5
2780,CommuSpace_HS_08051,WNT3A,FZD3&LRP6
2781,CommuSpace_HS_08052,WNT3A,FZD4&LRP5
2782,CommuSpace_HS_08053,WNT3A,FZD4&LRP6
2783,CommuSpace_HS_08057,WNT3A,FZD6
2784,CommuSpace_HS_08058,WNT3A,FZD6&LRP5
2785,CommuSpace_HS_08059,WNT3A,FZD6&LRP6
2786,CommuSpace_HS_08066,WNT3A,FZD9&LRP5
2787,CommuSpace_HS_08067,WNT3A,FZD9&LRP6
2788,CommuSpace_HS_08068,WNT3A,LGR5
2789,CommuSpace_HS_08069,WNT3A,LRP1
2790,CommuSpace_HS_08070,WNT3A,LRP5
2791,CommuSpace_HS_08071,WNT3A,LRP6
2792,CommuSpace_HS_08072,WNT3A,ROR1
2793,CommuSpace_HS_08074,WNT4,FZD1
2794,CommuSpace_HS_08075,WNT4,FZD1&LRP5
2795,CommuSpace_HS_08076,WNT4,FZD1&LRP6
2796,CommuSpace_HS_08077,WNT4,FZD10
2797,CommuSpace_HS_08078,WNT4,FZD10&LRP5
2798,CommuSpace_HS_08079,WNT4,FZD10&LRP6
2799,CommuSpace_HS_08083,WNT4,FZD3
2800,CommuSpace_HS_08084,WNT4,FZD3&LRP5
2801,CommuSpace_HS_08085,WNT4,FZD3&LRP6
2802,CommuSpace_HS_08086,WNT4,FZD4
2803,CommuSpace_HS_08087,WNT4,FZD4&LRP5
2804,CommuSpace_HS_08088,WNT4,FZD4&LRP6
2805,CommuSpace_HS_08092,WNT4,FZD6
2806,CommuSpace_HS_08093,WNT4,FZD6&LRP5
2807,CommuSpace_HS_08094,WNT4,FZD6&LRP6
2808,CommuSpace_HS_08101,WNT4,FZD9
2809,CommuSpace_HS_08102,WNT4,FZD9&LRP5
2810,CommuSpace_HS_08103,WNT4,FZD9&LRP6
2811,CommuSpace_HS_08104,WNT4,LRP5
2812,CommuSpace_HS_08105,WNT4,LRP6
2813,CommuSpace_HS_08106,WNT4,NOTCH1
2814,CommuSpace_HS_08107,WNT4,SMO
2815,CommuSpace_HS_08108,WNT5A,ADRB2
2816,CommuSpace_HS_08110,WNT5A,EPHA7
2817,CommuSpace_HS_08111,WNT5A,FZD1
2818,CommuSpace_HS_08112,WNT5A,FZD10
2819,CommuSpace_HS_08114,WNT5A,FZD3
2820,CommuSpace_HS_08115,WNT5A,FZD4
2821,CommuSpace_HS_08117,WNT5A,FZD6
2822,CommuSpace_HS_08120,WNT5A,FZD9
2823,CommuSpace_HS_08121,WNT5A,LDLR
2824,CommuSpace_HS_08122,WNT5A,LRP2
2825,CommuSpace_HS_08123,WNT5A,LRP5
2826,CommuSpace_HS_08124,WNT5A,LRP6
2827,CommuSpace_HS_08125,WNT5A,MCAM
2828,CommuSpace_HS_08126,WNT5A,PTK7
2829,CommuSpace_HS_08128,WNT5A,ROR1
2830,CommuSpace_HS_08129,WNT5A,ROR2
2831,CommuSpace_HS_08132,WNT5B,FZD1
2832,CommuSpace_HS_08133,WNT5B,FZD1&LRP5
2833,CommuSpace_HS_08134,WNT5B,FZD1&LRP6
2834,CommuSpace_HS_08135,WNT5B,FZD10
2835,CommuSpace_HS_08136,WNT5B,FZD10&LRP5
2836,CommuSpace_HS_08137,WNT5B,FZD10&LRP6
2837,CommuSpace_HS_08141,WNT5B,FZD3
2838,CommuSpace_HS_08142,WNT5B,FZD3&LRP5
2839,CommuSpace_HS_08143,WNT5B,FZD3&LRP6
2840,CommuSpace_HS_08144,WNT5B,FZD4
2841,CommuSpace_HS_08148,WNT5B,FZD6
2842,CommuSpace_HS_08149,WNT5B,FZD6&LRP5
2843,CommuSpace_HS_08150,WNT5B,FZD6&LRP6
2844,CommuSpace_HS_08157,WNT5B,FZD9
2845,CommuSpace_HS_08158,WNT5B,FZD9&LRP5
2846,CommuSpace_HS_08159,WNT5B,FZD9&LRP6
2847,CommuSpace_HS_08161,WNT5B,LRP5
2848,CommuSpace_HS_08162,WNT5B,LRP6
2849,CommuSpace_HS_08322,WNT9A,FZD1
2850,CommuSpace_HS_08323,WNT9A,FZD1&LRP5
2851,CommuSpace_HS_08324,WNT9A,FZD1&LRP6
2852,CommuSpace_HS_08325,WNT9A,FZD10
2853,CommuSpace_HS_08326,WNT9A,FZD10&LRP5
2854,CommuSpace_HS_08327,WNT9A,FZD10&LRP6
2855,CommuSpace_HS_08331,WNT9A,FZD3
2856,CommuSpace_HS_08332,WNT9A,FZD3&LRP5
2857,CommuSpace_HS_08333,WNT9A,FZD3&LRP6
2858,CommuSpace_HS_08334,WNT9A,FZD4
2859,CommuSpace_HS_08335,WNT9A,FZD4&LRP5
2860,CommuSpace_HS_08336,WNT9A,FZD4&LRP6
2861,CommuSpace_HS_08340,WNT9A,FZD6
2862,CommuSpace_HS_08341,WNT9A,FZD6&LRP5
2863,CommuSpace_HS_08342,WNT9A,FZD6&LRP6
2864,CommuSpace_HS_08349,WNT9A,FZD9
2865,CommuSpace_HS_08350,WNT9A,FZD9&LRP5
2866,CommuSpace_HS_08351,WNT9A,FZD9&LRP6
2867,CommuSpace_HS_08352,WNT9A,LRP5
2868,CommuSpace_HS_08353,WNT9A,LRP6
2869,CommuSpace_HS_08390,XCL2,XCR1
