niche,Program 1,Program 2,Program 3,Program 4,Program 5,Program 6,Program 7,Program 8,Program 9,Program 10,Program 11,Program 12,Program 13,Program 14,Program 15,Program 16
0,0.009886427,0.0004785524,0.18933281,0.054596327,0.0044893143,0.06216432,0.00078313565,0.0013399301,0.25086176,0.00020435477,0.21699703,0.013308524,0.0642904,0.01850276,0.11257128,0.00012127031
1,0.005608867,0.00036073744,3.7501333e-05,0.00012362534,0.0008146748,5.893403e-05,0.00022361914,8.977741e-06,1.9393233e-06,0.8732355,0.11893949,8.5036896e-05,5.7253044e-05,6.551684e-05,6.7336846e-06,0.0003878406
2,0.0027352457,0.107500926,0.037645925,0.014470092,0.2625319,0.019612776,0.12934999,0.00070596853,0.052050017,0.19235013,0.105709895,0.005450589,0.021615526,0.0072891596,0.039112937,0.001845311
3,0.004927814,0.0027636539,0.0011059752,0.040106967,0.0035116314,0.00038099612,0.3951123,0.00029396816,0.00033050685,0.30520597,0.15172657,0.014266223,0.060253717,0.01840485,0.00020645183,0.0014019455
4,0.062891506,0.000707955,0.0029140732,0.21763937,0.0016671893,0.0014727815,0.0013414852,0.00032855078,0.00047679793,0.00024971305,0.20057532,0.0043059746,0.39632484,0.108708724,0.0002807288,9.1608104e-05
5,0.0010638345,0.01413603,0.0091602625,0.00663722,0.0468519,0.002057665,0.04362136,0.14485174,0.0133611085,0.13057956,0.16549073,0.001784545,0.00537536,0.0023341258,0.009696902,0.4029844
6,0.031857133,0.00024757767,0.066083364,0.0010719412,0.005351573,0.50012547,0.0002776425,0.00043273388,0.0018601993,0.00024021846,0.32549086,0.001977834,0.0030411184,0.06096761,0.0009217864,5.1930496e-05
7,0.015526005,0.0006432384,0.006714447,0.05393008,0.0027761431,0.006740604,0.0019688841,0.0005050819,0.0007494861,0.00046037574,0.27816972,0.519521,0.07207102,0.03960152,0.0005628396,6.0069888e-05
8,0.00067675,0.00016029809,0.0020240399,0.0005146836,0.00474871,0.0017533832,0.00033927694,0.00026012593,7.754916e-05,0.00014736215,0.3707223,0.00088273844,0.0013944906,0.61592907,0.000349523,3.643531e-05
9,0.55795395,0.0017344268,0.0066844313,0.001196563,0.0037262542,0.0014659686,0.000228879,0.000124726,0.00054901995,0.00048290842,0.41693997,0.00199305,0.0032315904,0.0033319124,0.00028901553,6.857092e-05
10,0.0026985211,0.00088490185,0.012195955,0.42616993,0.0033239971,0.0011513879,0.0008534767,0.00072467735,0.00047680136,0.00036732646,0.5256367,0.008033797,0.008641404,0.0076127695,0.0009160518,0.00031201355
11,0.001842387,0.00019260078,0.7722065,0.0011349162,0.0009132301,0.007350406,0.0001586548,0.0006221234,0.0027830026,5.0693896e-05,0.20452762,0.00081341236,0.0015886505,0.004114506,0.0016488563,5.155042e-05
12,0.00058517716,5.7074766e-07,9.41738e-05,0.97782457,7.167318e-05,0.00040462098,2.20974e-05,9.005429e-07,5.47277e-05,1.8774621e-05,0.008557884,0.0047024265,0.001314638,0.006299271,6.8502515e-05,1.4960348e-06
13,0.0011492504,0.0028110726,0.029073056,0.0019138119,0.0093112085,0.002480768,0.00018851439,0.0006537159,0.0024228273,0.00010860683,0.94470966,0.0009803157,0.0016070165,0.0004996952,0.0019880107,0.0001051355
14,0.0030716208,0.0022561527,0.0040954878,0.0023659233,0.068918414,0.0011837486,0.07370485,0.00047164323,0.00027722938,0.11742311,0.71878135,0.001618954,0.0014159478,0.0019899418,0.0006650598,0.0017614154
15,0.0015858812,0.0003302165,0.0064532347,0.0018061633,0.006406716,0.0027840969,0.00012004018,0.00026894535,0.0005003445,0.00013617585,0.97600067,0.0012915023,0.0016893633,0.00030061734,0.00025513742,7.185652e-05
16,0.0021330332,0.00043605242,0.01787557,0.001118039,0.0067522884,0.0041734604,0.0007648892,0.0012180101,0.00016034,0.0002171694,0.84109527,0.005527425,0.0027409522,0.11484542,0.0008511172,9.4516115e-05
17,0.0009889564,0.00044493144,0.12905724,0.0019491675,0.007577532,0.0024991413,0.0002805122,0.0010534812,0.0033071784,8.9453955e-05,0.84684527,0.001804529,0.0017031655,0.0008952071,0.0013477802,0.0001541278
18,0.00042561805,7.2722656e-07,8.173544e-06,0.0002722142,5.2368083e-05,7.7332435e-05,4.561113e-05,2.3186197e-09,8.888468e-05,1.2578655e-05,0.006100027,0.000112562004,0.9906258,0.0020948923,8.21831e-05,1.2637224e-11
19,0.0001261668,2.4960378e-05,0.0011129151,0.0012692732,0.00083124795,0.0007469447,0.00015411328,5.4446355e-05,0.0041789385,0.00012330434,0.059399374,0.00019072297,0.0003507355,0.0008117845,0.9306163,5.4814277e-06
20,0.9999111,6.0432814e-09,5.653819e-09,5.466421e-07,8.5026545e-07,2.3104276e-06,6.396806e-10,5.561521e-12,1.6344204e-08,2.6158391e-08,8.870244e-07,5.3380234e-07,6.326442e-07,9.5522344e-05,1.0235808e-09,4.4580173e-11
21,6.1254774e-05,2.8755146e-06,7.922733e-06,5.5997143e-06,1.411189e-05,6.6971086e-05,4.652062e-06,2.0606312e-06,2.7940964e-06,1.1732033e-06,0.0004187992,6.4907107e-07,3.651573e-05,0.9993442,1.7297078e-05,3.0302488e-07
22,0.003185194,0.00034201282,0.013129765,0.0010342295,0.006224046,0.0022391006,0.00018794255,0.00028898288,0.0002405691,2.1264223e-05,0.9262912,0.003111394,0.042096164,0.0012255299,0.00037801758,7.0712413e-06
23,0.000997718,0.00048078864,0.01770773,0.0012791032,0.0076165055,0.0018626788,0.00024197222,9.83853e-05,0.0002671136,0.00010121506,0.94729406,0.019366603,0.001504947,0.00080065464,0.0003516937,2.5151045e-05
24,0.0010353394,3.046922e-05,0.005255261,0.00018219643,0.0039861207,0.001998571,0.00061652274,9.336785e-05,3.0713352e-05,0.00016604365,0.8059409,0.002663048,0.000495457,0.17734556,0.00014714262,9.858579e-06
25,5.951239e-07,1.3101559e-08,9.800666e-07,1.177413e-05,1.52264365e-05,0.00023127248,1.9553563e-06,6.0901067e-07,0.9994759,5.9259698e-08,0.00023354635,2.9724298e-08,1.054474e-06,6.0329394e-06,2.576139e-05,2.5708416e-10
26,0.0006634318,7.6283955e-05,0.014046085,0.0029454792,0.0047307936,0.006568175,5.3379114e-05,7.40962e-05,6.4864114e-05,3.4666777e-05,0.9646933,0.0010340572,0.00056562555,0.004399072,3.3967648e-05,1.6476668e-05
27,0.0021765078,6.768868e-05,0.003397951,0.00011695499,0.0035384218,0.0043072407,0.00044972272,3.694101e-05,1.4072107e-05,0.000247798,0.9218634,0.0017673739,0.00043677716,0.06101231,0.00056369515,1.8106351e-05
28,0.00084698194,0.00015605887,0.005547077,0.0025158592,0.003371087,0.0015206324,4.941163e-06,6.9074216e-05,2.487626e-06,1.7648124e-05,0.9830413,0.001818877,0.00085525576,0.00018343041,3.52487e-05,9.754754e-07
29,6.071754e-05,1.3691341e-09,6.117189e-08,0.99829096,3.3420587e-05,1.5284917e-05,6.029749e-07,1.3318683e-08,1.1380431e-06,6.7974617e-07,0.00075985695,9.648105e-07,0.00014901212,0.0006554686,3.264809e-05,2.0330777e-08
30,7.35326e-06,4.711756e-09,5.2597465e-10,7.1209015e-06,1.7040039e-06,3.3675744e-06,4.0058403e-06,5.315082e-12,2.500786e-06,3.5319488e-07,2.1458312e-05,4.93742e-06,0.9996383,0.00029781557,2.3299597e-06,6.504474e-14
31,6.0734616e-05,1.4058332e-09,6.1942345e-08,0.9982912,3.337075e-05,1.5272873e-05,6.032951e-07,1.3352462e-08,1.1363921e-06,6.8929825e-07,0.0007595998,9.699016e-07,0.00014899374,0.0006555171,3.2621254e-05,2.0606892e-08
32,7.232883e-05,6.592353e-06,0.0028256206,0.00022270554,0.0016906189,0.00010584311,4.8426537e-06,2.7371854e-07,2.8989065e-05,5.939095e-06,0.21030477,0.78380907,0.0006799521,0.00019928109,3.3368546e-05,6.4162725e-10
33,6.125469e-05,2.8755312e-06,7.9229585e-06,5.602926e-06,1.4111787e-05,6.697283e-05,4.6521996e-06,2.060713e-06,2.794158e-06,1.1732199e-06,0.00041877275,6.491438e-07,3.6516798e-05,0.9993536,1.7297876e-05,3.03044e-07
34,0.0007521675,0.00028295416,0.0025487773,0.005490809,0.0086615635,0.0055393027,1.3128866e-05,4.4573317e-05,0.00055130274,6.114267e-05,0.9729572,0.0015862008,0.00048810284,0.00022822895,0.00077963196,1.068035e-05
35,8.761469e-06,2.372475e-10,1.5723683e-09,0.99977046,1.2851158e-09,4.1384797e-07,5.8781566e-08,1.0184699e-09,4.532422e-09,3.4485066e-07,2.1107877e-07,4.3189047e-08,1.2921888e-05,0.00019438451,3.7469433e-06,1.7655262e-08
36,0.00075217005,0.00028295588,0.0025487903,0.005490814,0.00866161,0.005539285,1.3128868e-05,4.457335e-05,0.00055130577,6.1143e-05,0.97296137,0.0015862011,0.00048810293,0.00022822937,0.0007796325,1.0680342e-05
37,0.0007521709,0.00028295646,0.0025487947,0.0054908157,0.008661626,0.005539279,1.3128868e-05,4.457336e-05,0.0005513068,6.114299e-05,0.97296137,0.0015862013,0.00048810296,0.00022822952,0.00077963265,1.0680338e-05
38,0.0007521712,0.00028295664,0.002548796,0.005490816,0.008661629,0.005539277,1.3128869e-05,4.4573364e-05,0.0005513071,6.114299e-05,0.97296137,0.0015862013,0.00048810296,0.00022822956,0.0007796327,1.0680337e-05
39,0.0007521712,0.00028295664,0.002548796,0.005490816,0.008661629,0.005539277,1.3128869e-05,4.4573364e-05,0.0005513071,6.114299e-05,0.97296137,0.0015862013,0.00048810296,0.00022822956,0.0007796327,1.0680337e-05
40,0.000752172,0.0002829572,0.0025488003,0.0054908176,0.008661624,0.005539271,1.3128869e-05,4.4573375e-05,0.00055130734,6.1142986e-05,0.97296137,0.0015862014,0.000488103,0.0002282297,0.0007796329,1.06803345e-05
41,0.0007521726,0.0002829572,0.002548803,0.0054908185,0.00866162,0.0055392673,1.312887e-05,4.4573382e-05,0.00055130717,6.114298e-05,0.97296137,0.0015862015,0.000488103,0.00022822981,0.000779633,1.0680333e-05
42,0.00075217284,0.0002829572,0.0025488045,0.005490819,0.008661619,0.0055392655,1.312887e-05,4.4573386e-05,0.0005513071,6.114298e-05,0.97296137,0.0015862015,0.000488103,0.00022822984,0.000779633,1.0680332e-05
43,0.000752301,0.0002827993,0.0025531622,0.0054947413,0.008654689,0.005534022,1.312883e-05,4.4572993e-05,0.0005506532,6.109929e-05,0.9729633,0.0015897491,0.0004883164,0.0002281096,0.0007787448,1.0668378e-05
44,0.00075217354,0.00028295716,0.002548808,0.0054908204,0.008661616,0.005539261,1.312887e-05,4.4573397e-05,0.00055130693,6.114297e-05,0.97296137,0.0015862016,0.00048810302,0.00022822995,0.0007796332,1.0680329e-05
45,0.00075217395,0.00028295713,0.0025488099,0.005490821,0.008661613,0.005539258,1.3128871e-05,4.45734e-05,0.0005513068,6.1142964e-05,0.97296137,0.0015862016,0.00048810302,0.00022823003,0.00077963324,1.0680328e-05
46,0.00075217395,0.00028295713,0.00254881,0.005490821,0.008661613,0.0055392575,1.3128871e-05,4.45734e-05,0.0005513068,6.1142964e-05,0.97296137,0.0015862016,0.00048810302,0.00022823003,0.00077963324,1.0680328e-05
47,0.00075217435,0.00028295713,0.002548812,0.005490822,0.008661611,0.005539255,1.3128871e-05,4.4573408e-05,0.0005513067,6.1142964e-05,0.97296137,0.0015862016,0.00048810305,0.0002282301,0.0007796333,1.0680326e-05
48,0.000752175,0.0002829571,0.0025488136,0.0054908227,0.008661607,0.0055392506,1.3128871e-05,4.4573415e-05,0.0005513065,6.114296e-05,0.97296137,0.0015862017,0.00048810305,0.0002282302,0.0007796334,1.06803245e-05
49,6.1253944e-05,2.8754332e-06,7.922616e-06,5.5992828e-06,1.4111406e-05,6.697044e-05,4.651953e-06,2.060639e-06,2.794101e-06,1.1731744e-06,0.0004187799,6.4907323e-07,3.6513826e-05,0.9993485,1.729744e-05,3.0300373e-07
50,0.00075270777,0.00028247293,0.0025590402,0.005498142,0.0086481795,0.005531552,1.3111131e-05,4.4600707e-05,0.0005499414,6.101386e-05,0.9729612,0.001593197,0.00048878166,0.00022785904,0.0007775904,1.0653564e-05
51,0.00075217633,0.00028295704,0.0025488136,0.0054908255,0.008661599,0.0055392412,1.31288725e-05,4.4573433e-05,0.0005513061,6.114294e-05,0.97296137,0.001586202,0.00048810308,0.00022823043,0.0007796337,1.068032e-05
52,0.00075217633,0.00028295704,0.0025488136,0.0054908255,0.008661599,0.0055392412,1.31288725e-05,4.4573433e-05,0.0005513061,6.114294e-05,0.97296137,0.001586202,0.00048810308,0.00022823043,0.0007796337,1.068032e-05
53,0.00075217686,0.00028295701,0.0025488136,0.005490826,0.008661596,0.0055392385,1.31288725e-05,4.457344e-05,0.000551306,6.1142935e-05,0.97296137,0.001586202,0.0004881031,0.0002282305,0.0007796338,1.0680318e-05
54,0.0007521772,0.000282957,0.0025488136,0.0054908264,0.008661594,0.0055392394,1.31288725e-05,4.4573444e-05,0.0005513059,6.1142935e-05,0.97296137,0.001586202,0.0004881031,0.00022823056,0.0007796339,1.0680316e-05
55,0.0007521774,0.000282957,0.0025488136,0.005490827,0.008661593,0.00553924,1.31288725e-05,4.4573448e-05,0.0005513059,6.114293e-05,0.97296137,0.0015862021,0.0004881031,0.0002282306,0.0007796339,1.0680316e-05
56,0.0007521777,0.000282957,0.0025488136,0.0054908274,0.008661591,0.0055392403,1.3128873e-05,4.457345e-05,0.00055130577,6.114293e-05,0.97296137,0.0015862021,0.00048810313,0.00022823065,0.000779634,1.0680315e-05
57,0.0007521778,0.00028295696,0.0025488136,0.0054908274,0.0086615905,0.005539241,1.3128873e-05,4.457345e-05,0.00055130577,6.114293e-05,0.97296137,0.0015862021,0.00048810313,0.00022823067,0.000779634,1.06803145e-05
58,0.0007521782,0.00028295696,0.0025488136,0.0054908283,0.008661588,0.0055392417,1.3128873e-05,4.457346e-05,0.00055130565,6.114292e-05,0.97296137,0.0015862021,0.00048810313,0.00022823074,0.00077963405,1.0680314e-05
59,0.00075217895,0.00028295693,0.0025488136,0.0054908297,0.008661583,0.0055392436,1.3128874e-05,4.457347e-05,0.00055130536,6.114291e-05,0.9729613,0.0015862022,0.00048810316,0.00022823089,0.0007796342,1.068031e-05
60,0.0025430354,0.00024267602,0.0059194616,0.013085537,0.013780023,0.001544555,0.00051988027,5.1711104e-05,0.00045612067,0.00015510325,0.95775867,0.002772431,0.00090273836,4.612711e-05,0.00022386487,3.7993293e-06
61,0.00075217895,0.0002829569,0.0025488136,0.00549083,0.008661583,0.005539244,1.3128874e-05,4.457347e-05,0.00055130536,6.114291e-05,0.9729613,0.0015862022,0.00048810316,0.00022823089,0.0007796342,1.068031e-05
62,0.0007521789,0.00028295687,0.0025488136,0.0054908316,0.0086615775,0.005539246,1.3128874e-05,4.457348e-05,0.00055130513,6.1142906e-05,0.9729613,0.0015862023,0.0004881032,0.00022823103,0.0007796344,1.0680307e-05
63,0.0007521789,0.00028295684,0.0025488136,0.0054908325,0.008661575,0.005539247,1.3128875e-05,4.4573488e-05,0.000551305,6.11429e-05,0.9729613,0.0015862024,0.0004881032,0.00022823112,0.00077963446,1.0680305e-05
64,0.00075217884,0.00028295684,0.0025488136,0.005490833,0.008661573,0.0055392473,1.3128875e-05,4.457349e-05,0.0005513049,6.11429e-05,0.9729613,0.0015862024,0.0004881032,0.00022823116,0.0007796345,1.06803045e-05
65,0.0007517376,0.0002825332,0.0025489326,0.005485899,0.008651716,0.0055455994,1.3128109e-05,4.4584598e-05,0.00055050023,6.106134e-05,0.97296965,0.0015840246,0.00048826876,0.00023320325,0.00077839196,1.0709933e-05
66,0.0007521788,0.00028295678,0.0025488136,0.0054908353,0.008661564,0.005539251,1.3128876e-05,4.457351e-05,0.0005513045,6.1142884e-05,0.9729613,0.0015862026,0.00048810322,0.00022823141,0.0007796348,1.0680299e-05
67,0.00097219064,0.00013574312,0.03868867,0.0030687237,0.006766619,0.0042952723,0.00028602756,0.00013109768,0.00026753527,4.68293e-05,0.9426615,0.00088022184,0.0012556737,0.00046704346,7.3257776e-05,2.339258e-06
68,0.0007521788,0.00028295675,0.0025488136,0.0054908358,0.0086615635,0.0055392515,1.3128876e-05,4.4573513e-05,0.00055130443,6.1142884e-05,0.9729613,0.0015862026,0.00048810325,0.00022823145,0.00077963487,1.0680299e-05
69,0.001968374,0.00027813134,0.020201622,0.004000525,0.015491161,0.008437118,0.00019489224,0.0002507136,0.0044167046,2.1970816e-05,0.9403966,0.0011554172,0.0016112768,0.00013071299,0.0014238391,1.986859e-05
70,0.0007521787,0.00028295675,0.0025488136,0.0054908358,0.008661563,0.005539252,1.3128876e-05,4.4573513e-05,0.00055130443,6.1142884e-05,0.9729613,0.0015862026,0.00048810325,0.00022823145,0.00077963487,1.0680298e-05
71,0.00075217866,0.0002829567,0.0025488136,0.0054908386,0.008661554,0.005539255,1.3128877e-05,4.4573535e-05,0.000551304,6.114287e-05,0.9729613,0.0015862028,0.00048810328,0.0002282317,0.00077963516,1.0680294e-05
72,0.0007521786,0.00028295667,0.0025488136,0.00549084,0.00866155,0.0055392566,1.3128878e-05,4.4573546e-05,0.0005513038,6.1142855e-05,0.9729613,0.0015862029,0.0004881033,0.00022823183,0.0007796353,1.0680291e-05
73,0.0007521786,0.00028295667,0.0025488136,0.0054908404,0.008661549,0.005539257,1.3128878e-05,4.457355e-05,0.00055130373,6.1142855e-05,0.9729613,0.001586203,0.0004881033,0.00022823186,0.00077963533,1.068029e-05
74,0.00075217854,0.0002829566,0.0025488136,0.005490842,0.008661544,0.005539259,1.3128879e-05,4.4573557e-05,0.0005513035,6.114285e-05,0.9729613,0.001586203,0.00048810334,0.00022823183,0.0007796355,1.0680287e-05
75,0.0007521785,0.00028295658,0.0025488136,0.0054908437,0.008661537,0.0055392617,1.312888e-05,4.457357e-05,0.0005513032,6.114284e-05,0.97296137,0.0015862031,0.00048810337,0.00022823177,0.0007796357,1.0680284e-05
76,0.00075217837,0.0002829565,0.0025488136,0.0054908465,0.008661528,0.005539266,1.3128881e-05,4.4573593e-05,0.00055130274,6.114282e-05,0.97296137,0.0015862033,0.00048810337,0.00022823169,0.00077963603,1.0680278e-05
77,0.00045594288,0.00018411264,0.09130738,0.00755333,0.010284184,0.0011321973,0.00017603877,0.0004986253,0.002282533,3.7728983e-05,0.8849861,0.00014230999,0.00058325194,3.3091932e-05,0.00029038131,5.0705024e-05
78,0.0007521783,0.0002829565,0.0025488136,0.005490847,0.008661526,0.005539266,1.3128881e-05,4.4573597e-05,0.0005513027,6.114282e-05,0.97296137,0.0015862033,0.00048810337,0.00022823167,0.0007796361,1.0680277e-05
79,0.00092715514,0.00012663973,0.021118106,0.0016497882,0.007978343,0.0009527806,0.0008777443,0.00010401039,0.00015719722,0.00011700687,0.9138211,0.04580581,0.0034363577,0.0022318463,0.0006960307,2.3592422e-06
80,0.00075217825,0.0002829564,0.0025488136,0.0054908497,0.008661517,0.005539274,1.3128882e-05,4.457362e-05,0.0005513023,6.1142804e-05,0.97296137,0.0015862036,0.00048810343,0.00022823158,0.0007796364,1.0680272e-05
81,0.00075217825,0.0002829564,0.0025488136,0.00549085,0.008661517,0.0055392697,1.3128882e-05,4.457362e-05,0.0005513022,6.1142804e-05,0.97296137,0.0015862036,0.00048810343,0.00022823158,0.0007796364,1.0680271e-05
82,0.00075217825,0.0002829564,0.0025488136,0.00549085,0.008661517,0.00553927,1.3128882e-05,4.457362e-05,0.0005513022,6.1142804e-05,0.97296137,0.0015862036,0.00048810343,0.00022823158,0.0007796364,1.0680271e-05
83,0.0007549961,0.0002828902,0.0025548574,0.0054887766,0.0086652115,0.0055292095,1.4194175e-05,4.4550605e-05,0.0005502818,6.1622115e-05,0.97296345,0.0015858493,0.00048759824,0.00022776138,0.0007779967,1.0666287e-05
84,0.00075217814,0.00028295637,0.0025488136,0.0054908516,0.008661511,0.005539272,1.31288825e-05,4.4573633e-05,0.000551302,6.11428e-05,0.97296137,0.0015862037,0.00048810343,0.00022823154,0.00077963655,1.0680268e-05
85,0.00075217814,0.00028295635,0.0025488136,0.0054908525,0.008661511,0.0055392734,1.3128883e-05,4.457364e-05,0.0005513018,6.114279e-05,0.97296137,0.0015862038,0.00048810345,0.00022823151,0.00077963667,1.0680266e-05
86,0.0007521781,0.00028295632,0.0025488136,0.0054908544,0.008661511,0.0055392752,1.3128883e-05,4.457365e-05,0.00055130187,6.114278e-05,0.97296137,0.0015862039,0.00048810348,0.00022823145,0.00077963684,1.0680263e-05
87,0.00018251444,3.8160917e-05,0.0026763147,1.2959078e-05,0.0009832605,0.003941122,0.00028673606,9.282921e-06,1.2681663e-06,2.2888938e-05,0.8557062,0.00027873175,0.13417256,0.0015173418,0.00016956453,2.2867701e-07
88,0.00075217796,0.00028295623,0.0025488136,0.0054908576,0.008661512,0.0055392794,1.3128885e-05,4.4573677e-05,0.000551302,6.114276e-05,0.97296137,0.0015862042,0.0004881035,0.00022823137,0.0007796372,1.0680256e-05
89,0.0007226929,0.00027096024,0.0025610982,0.005260715,0.008359235,0.0053036204,1.2754198e-05,4.2652195e-05,0.0005286468,5.8741873e-05,0.9398859,0.035512716,0.00049631443,0.00022665947,0.0007471575,1.0217035e-05
90,0.0007521778,0.0002829561,0.0025488136,0.0054908623,0.008661512,0.005539286,1.3128887e-05,4.4573713e-05,0.0005513022,6.114273e-05,0.97296137,0.0015862045,0.0004881036,0.00022823122,0.0007796377,1.0680247e-05
91,8.54394e-06,1.7472152e-06,1.45472595e-05,1.7864546e-06,6.160341e-05,0.0003725972,9.59379e-07,1.6757189e-06,0.00020789882,1.4328521e-05,0.0033941267,9.372373e-06,5.6282024e-06,0.00023701774,0.99566644,1.9716279e-06
92,0.00075217744,0.00028295588,0.0025488136,0.0054908707,0.008661512,0.005539297,1.312889e-05,4.4573775e-05,0.0005513026,6.114269e-05,0.97296137,0.0015862051,0.00048810372,0.00022823097,0.0007796387,1.0680232e-05
93,0.0007510081,0.0002826516,0.00255801,0.005482497,0.008675801,0.005528628,1.3106881e-05,4.455902e-05,0.0005565597,6.1031435e-05,0.9729598,0.0015821873,0.00048708078,0.00022781281,0.0007786333,1.0662154e-05
94,0.0007521774,0.00028295585,0.0025488136,0.00549087,0.008661512,0.0055392976,1.3128891e-05,4.4573786e-05,0.00055130274,6.114268e-05,0.97296137,0.0015862051,0.00048810372,0.00022823093,0.0007796389,1.0680234e-05
95,0.0007521773,0.00028295582,0.0025488136,0.0054908697,0.008661512,0.0055392976,1.3128892e-05,4.45738e-05,0.0005513028,6.114267e-05,0.97296137,0.0015862052,0.00048810375,0.00022823087,0.00077963906,1.06802345e-05
96,0.0007521773,0.00028295582,0.0025488136,0.0054908693,0.008661512,0.0055392976,1.3128892e-05,4.4573797e-05,0.0005513028,6.1142666e-05,0.97296137,0.0015862053,0.00048810375,0.00022823087,0.00077963906,1.06802345e-05
97,0.00075217726,0.0002829558,0.0025488136,0.0054908693,0.008661512,0.0055392976,1.3128892e-05,4.4573797e-05,0.00055130286,6.114266e-05,0.97296137,0.0015862053,0.00048810377,0.00022823084,0.0007796392,1.0680235e-05
98,0.0007521772,0.00028295573,0.0025488134,0.0054908684,0.008661513,0.0055392976,1.31288925e-05,4.457379e-05,0.000551303,6.114265e-05,0.9729613,0.0015862056,0.0004881038,0.00022823077,0.0007796394,1.0680236e-05
99,0.0007521772,0.0002829557,0.0025488134,0.0054908684,0.008661513,0.0055392976,1.3128893e-05,4.457379e-05,0.000551303,6.114265e-05,0.9729613,0.0015862056,0.0004881038,0.00022823075,0.00077963946,1.0680236e-05
100,0.000752177,0.00028295556,0.0025488134,0.0054908665,0.008661513,0.0055392976,1.3128895e-05,4.4573775e-05,0.0005513033,6.1142615e-05,0.9729613,0.001586206,0.0004881039,0.00022823056,0.00077963993,1.0680241e-05
101,0.0007521769,0.00028295553,0.0025488134,0.005490866,0.008661513,0.0055392976,1.3128896e-05,4.457377e-05,0.0005513033,6.114261e-05,0.9729613,0.0015862059,0.00048810392,0.00022823055,0.00077963993,1.0680241e-05
102,0.0007521769,0.00028295553,0.0025488134,0.005490866,0.008661513,0.0055392976,1.3128896e-05,4.457377e-05,0.0005513034,6.114261e-05,0.9729613,0.0015862059,0.00048810392,0.00022823054,0.0007796399,1.0680242e-05
103,0.0007522882,0.00028356258,0.002566934,0.0055104895,0.0086377375,0.0055223014,1.3094129e-05,4.4862838e-05,0.00054953573,6.097303e-05,0.97296417,0.0015897012,0.000488761,0.00022772062,0.000777203,1.0659903e-05
104,0.0007521769,0.0002829555,0.0025488134,0.0054908656,0.008661513,0.0055392976,1.3128896e-05,4.4573768e-05,0.0005513034,6.11426e-05,0.9729613,0.001586206,0.00048810392,0.00022823052,0.0007796399,1.0680242e-05
105,0.0007521769,0.0002829555,0.0025488134,0.0054908656,0.008661513,0.0055392976,1.3128896e-05,4.4573768e-05,0.0005513034,6.11426e-05,0.9729613,0.001586206,0.00048810392,0.00022823052,0.0007796399,1.0680242e-05
106,0.00075217674,0.0002829554,0.0025488134,0.0054908646,0.008661513,0.0055392976,1.3128898e-05,4.457376e-05,0.00055130356,6.114258e-05,0.9729613,0.0015862063,0.00048810398,0.0002282304,0.00077963975,1.06802445e-05
107,0.0008289408,6.655068e-05,0.039218426,0.0027377661,0.0046996884,0.0047643287,3.888136e-05,0.00018187422,0.008279773,1.3193927e-05,0.93552005,0.00045175635,0.0022922275,0.00024272529,0.00065816985,4.264858e-06
108,0.00075217657,0.0002829553,0.0025488134,0.0054908628,0.008661513,0.0055392976,1.31289e-05,4.4573746e-05,0.00055130385,6.114255e-05,0.9729613,0.0015862066,0.00048810404,0.00022823024,0.0007796395,1.0680248e-05
109,0.0007521765,0.00028295527,0.0025488134,0.0054908628,0.008661513,0.0055392976,1.31289e-05,4.4573746e-05,0.00055130385,6.114255e-05,0.9729613,0.0015862067,0.00048810407,0.00022823023,0.0007796395,1.0680248e-05
110,0.00075217645,0.0002829552,0.0025488134,0.005490862,0.008661514,0.0055392976,1.3128901e-05,4.457374e-05,0.00055130397,6.1142535e-05,0.9729613,0.0015862068,0.0004881041,0.00022823016,0.00077963946,1.068025e-05
111,0.00075217633,0.00028295515,0.0025488134,0.0054908614,0.008661514,0.0055392976,1.3128902e-05,4.4573735e-05,0.0005513041,6.114252e-05,0.9729613,0.001586207,0.00048810412,0.0002282301,0.00077963935,1.0680251e-05
112,0.0007521763,0.0002829551,0.0025488134,0.0054908604,0.008661514,0.0055392976,1.31289025e-05,4.4573728e-05,0.0005513042,6.114251e-05,0.9729613,0.0015862071,0.00048810415,0.0002282301,0.0007796393,1.0680253e-05
113,0.0007521762,0.0002829551,0.0025488134,0.0054908604,0.008661514,0.0055392976,1.3128903e-05,4.4573728e-05,0.00055130426,6.1142506e-05,0.9729613,0.0015862072,0.00048810415,0.0002282301,0.00077963923,1.0680253e-05
114,0.00075217616,0.00028295504,0.0025488134,0.00549086,0.008661514,0.0055392976,1.3128903e-05,4.4573724e-05,0.0005513043,6.11425e-05,0.9729613,0.0015862073,0.00048810418,0.00022823011,0.0007796392,1.0680254e-05
115,0.0006886427,0.0002572003,0.0023151687,0.0049864645,0.007866351,0.005036096,1.23494165e-05,4.0664443e-05,0.00050086726,5.5628076e-05,0.88353205,0.00144041,0.00044657884,0.09210248,0.00070953846,9.726034e-06
116,0.00075217587,0.00028295483,0.0025488134,0.005490857,0.008661514,0.0055392976,1.3128907e-05,4.4573702e-05,0.00055130466,6.1142484e-05,0.97296137,0.0015862078,0.00048810427,0.00022823011,0.0007796389,1.0680259e-05
117,0.0007521758,0.0002829548,0.0025488134,0.0054908567,0.008661514,0.0055392976,1.3128908e-05,4.45737e-05,0.0005513048,6.1142484e-05,0.97296137,0.0015862079,0.0004881043,0.00022823013,0.0007796388,1.068026e-05
118,0.0007521758,0.00028295477,0.0025488134,0.0054908562,0.008661514,0.0055392976,1.3128908e-05,4.4573695e-05,0.00055130484,6.114249e-05,0.97296137,0.001586208,0.0004881043,0.00022823013,0.0007796388,1.0680261e-05
119,0.0007521758,0.00028295477,0.0025488134,0.0054908562,0.008661514,0.0055392976,1.3128908e-05,4.4573695e-05,0.00055130484,6.114249e-05,0.97296137,0.001586208,0.0004881043,0.00022823013,0.0007796388,1.0680261e-05
120,0.00075217575,0.00028295474,0.0025488134,0.0054908562,0.008661514,0.0055392976,1.3128908e-05,4.4573695e-05,0.0005513049,6.114249e-05,0.97296137,0.0015862081,0.00048810433,0.00022823013,0.00077963877,1.0680262e-05
121,0.00075217575,0.00028295474,0.0025488134,0.005490856,0.008661514,0.0055392976,1.3128909e-05,4.457369e-05,0.0005513049,6.114249e-05,0.97296137,0.0015862081,0.00048810433,0.00022823013,0.00077963877,1.0680262e-05
122,0.00075217563,0.0002829547,0.0025488134,0.0054908553,0.008661514,0.0055392976,1.3128909e-05,4.4573688e-05,0.000551305,6.114249e-05,0.97296137,0.0015862082,0.00048810436,0.00022823013,0.0007796387,1.0680263e-05
123,0.00075217563,0.0002829547,0.0025488134,0.0054908553,0.008661515,0.0055392976,1.312891e-05,4.4573688e-05,0.000551305,6.11425e-05,0.97296137,0.0015862082,0.00048810436,0.00022823013,0.00077963865,1.0680264e-05
124,0.0007521756,0.00028295463,0.0025488134,0.0054908544,0.008661515,0.0055392976,1.3128911e-05,4.457368e-05,0.00055130513,6.11425e-05,0.97296137,0.0015862085,0.0004881044,0.00022823013,0.0007796386,1.06802645e-05
125,0.0007521756,0.00028295463,0.0025488134,0.0054908544,0.008661515,0.0055392976,1.3128911e-05,4.457368e-05,0.00055130513,6.11425e-05,0.97296137,0.0015862085,0.0004881044,0.00022823013,0.0007796386,1.06802645e-05
126,0.00075217546,0.00028295454,0.0025488134,0.0054908535,0.008661514,0.0055392976,1.3128912e-05,4.4573673e-05,0.00055130525,6.1142506e-05,0.97296137,0.0015862086,0.00048810442,0.00022823014,0.0007796385,1.0680266e-05
127,0.00075217546,0.00028295454,0.0025488134,0.0054908535,0.008661514,0.0055392976,1.3128912e-05,4.4573673e-05,0.00055130525,6.1142506e-05,0.97296137,0.0015862086,0.00048810442,0.00022823014,0.0007796385,1.0680266e-05
128,0.00075217546,0.00028295454,0.0025488134,0.0054908535,0.008661514,0.0055392976,1.3128912e-05,4.4573673e-05,0.0005513053,6.1142506e-05,0.97296137,0.0015862087,0.00048810444,0.00022823014,0.0007796385,1.0680266e-05
129,0.00075217546,0.00028295454,0.0025488134,0.0054908535,0.008661514,0.0055392976,1.3128912e-05,4.4573673e-05,0.0005513053,6.1142506e-05,0.97296137,0.0015862087,0.00048810444,0.00022823014,0.0007796385,1.0680266e-05
130,0.00075217546,0.00028295454,0.0025488134,0.0054908535,0.008661514,0.0055392976,1.3128912e-05,4.4573673e-05,0.0005513053,6.1142506e-05,0.97296137,0.0015862087,0.00048810444,0.00022823014,0.0007796385,1.0680266e-05
131,0.0007521754,0.0002829545,0.0025488134,0.005490853,0.008661514,0.0055392976,1.3128912e-05,4.457367e-05,0.0005513053,6.1142506e-05,0.97296137,0.0015862087,0.00048810444,0.00022823014,0.0007796385,1.0680267e-05
132,0.0007521754,0.0002829545,0.0025488134,0.005490853,0.008661514,0.0055392976,1.31289125e-05,4.457367e-05,0.0005513053,6.1142506e-05,0.97296137,0.0015862087,0.00048810444,0.00022823014,0.0007796384,1.0680267e-05
133,0.00069020863,0.0002578353,0.002320931,0.0049988977,0.007885961,0.0050485074,1.236865e-05,4.07608e-05,0.00050211145,5.576413e-05,0.8857376,0.0014440076,0.00044760335,0.089836374,0.00071126677,9.749583e-06
134,0.00075217534,0.00028295448,0.0025488134,0.0054908525,0.008661514,0.0055392976,1.31289125e-05,4.4573666e-05,0.0005513053,6.1142506e-05,0.97296137,0.0015862088,0.00048810447,0.00022823014,0.00077963836,1.0680268e-05
135,0.0007521753,0.00028295445,0.0025488134,0.005490852,0.008661514,0.0055392976,1.3128913e-05,4.4573662e-05,0.0005513053,6.114251e-05,0.97296137,0.0015862089,0.0004881045,0.00022823014,0.0007796383,1.0680269e-05
136,0.0007521752,0.00028295445,0.0025488134,0.0054908516,0.008661514,0.0055392976,1.3128913e-05,4.457366e-05,0.0005513053,6.114251e-05,0.97296137,0.001586209,0.0004881045,0.00022823014,0.0007796383,1.068027e-05
137,0.0007521752,0.00028295445,0.0025488134,0.0054908516,0.008661514,0.0055392976,1.3128913e-05,4.457366e-05,0.0005513053,6.114251e-05,0.97296137,0.001586209,0.0004881045,0.00022823014,0.0007796383,1.068027e-05
138,0.0007521752,0.00028295445,0.0025488134,0.0054908516,0.008661514,0.0055392976,1.3128914e-05,4.457366e-05,0.0005513053,6.114251e-05,0.97296137,0.001586209,0.00048810453,0.00022823014,0.00077963824,1.0680271e-05
139,0.00075217517,0.00028295445,0.0025488134,0.005490851,0.008661515,0.0055392976,1.3128914e-05,4.4573655e-05,0.0005513053,6.114252e-05,0.97296137,0.0015862092,0.00048810453,0.00022823016,0.0007796382,1.0680272e-05
140,0.000698686,0.001318501,0.0023220053,0.004924185,0.007950469,0.004948173,1.645816e-05,4.209966e-05,0.000492408,0.0016240418,0.97276634,0.0014234607,0.00043913838,0.00020543815,0.0007384658,9.0440415e-05
141,0.00075217505,0.00028295445,0.0025488134,0.00549085,0.008661515,0.0055392976,1.3128915e-05,4.4573648e-05,0.0005513053,6.114252e-05,0.97296137,0.0015862093,0.00048810456,0.00022823016,0.0007796381,1.0680273e-05
142,0.00075217505,0.00028295445,0.0025488134,0.00549085,0.008661515,0.0055392976,1.3128915e-05,4.4573648e-05,0.0005513053,6.114252e-05,0.97296137,0.0015862093,0.00048810456,0.00022823016,0.0007796381,1.0680273e-05
143,0.00075217505,0.00028295445,0.0025488134,0.00549085,0.008661515,0.0055392976,1.3128915e-05,4.4573648e-05,0.0005513053,6.114252e-05,0.97296137,0.0015862093,0.00048810456,0.00022823016,0.0007796381,1.0680273e-05
144,0.0006109568,0.00022971231,0.0021529207,0.0045638997,0.007424122,0.004628202,1.0803023e-05,3.7204427e-05,0.13582768,5.0199666e-05,0.84195167,0.0012875564,0.00039720366,0.00018537637,0.00063393556,8.667757e-06
145,0.00075217505,0.00028295445,0.0025488134,0.0054908497,0.008661515,0.0055392976,1.3128916e-05,4.4573644e-05,0.0005513053,6.114252e-05,0.97296137,0.0015862094,0.0004881046,0.00022823016,0.00077963807,1.0680274e-05
146,0.00075217505,0.00028295445,0.0025488134,0.0054908497,0.008661515,0.0055392976,1.3128916e-05,4.4573644e-05,0.0005513053,6.114252e-05,0.97296137,0.0015862094,0.0004881046,0.00022823016,0.00077963807,1.0680274e-05
147,0.000675458,0.00026653282,0.0022714147,0.0049102944,0.007694123,0.0049144533,1.6569695e-05,4.0045674e-05,0.0004893057,5.7367914e-05,0.86646044,0.0014087547,0.0004367817,0.109655716,0.00069254154,9.999252e-06
148,0.000752175,0.00028295445,0.0025488134,0.0054908493,0.008661515,0.0055392976,1.3128917e-05,4.457364e-05,0.0005513053,6.114253e-05,0.97296137,0.0015862095,0.00048810462,0.00022823016,0.000779638,1.06802745e-05
149,0.000752175,0.00028295445,0.0025488134,0.0054908493,0.008661515,0.0055392976,1.3128917e-05,4.457364e-05,0.0005513053,6.114253e-05,0.97296137,0.0015862095,0.00048810462,0.00022823016,0.000779638,1.06802745e-05
150,0.00075217494,0.00028295445,0.0025488134,0.0054908493,0.008661515,0.0055392976,1.3128917e-05,4.457364e-05,0.0005513053,6.114253e-05,0.97296137,0.0015862095,0.00048810462,0.00022823016,0.000779638,1.0680275e-05
151,0.00075217494,0.00028295445,0.0025488134,0.0054908493,0.008661515,0.0055392976,1.3128917e-05,4.457364e-05,0.0005513053,6.114253e-05,0.97296137,0.0015862095,0.00048810462,0.00022823016,0.000779638,1.0680275e-05
152,0.00075217494,0.00028295445,0.0025488134,0.0054908493,0.008661515,0.0055392976,1.3128917e-05,4.457364e-05,0.0005513053,6.114253e-05,0.97296137,0.0015862095,0.00048810462,0.00022823016,0.000779638,1.0680275e-05
153,0.00075217494,0.00028295445,0.0025488134,0.0054908493,0.008661515,0.0055392976,1.3128917e-05,4.457364e-05,0.0005513053,6.114253e-05,0.97296137,0.0015862095,0.00048810462,0.00022823016,0.000779638,1.0680275e-05
154,0.00075217494,0.00028295445,0.0025488134,0.005490849,0.008661515,0.0055392976,1.3128917e-05,4.4573637e-05,0.0005513053,6.114253e-05,0.97296137,0.0015862096,0.00048810462,0.00022823016,0.00077963795,1.0680275e-05
155,0.0007521749,0.00028295445,0.0025488134,0.005490849,0.008661515,0.0055392976,1.3128918e-05,4.4573637e-05,0.0005513053,6.114253e-05,0.97296137,0.0015862096,0.00048810465,0.00022823016,0.00077963795,1.0680276e-05
156,0.0007521749,0.00028295445,0.0025488134,0.0054908483,0.008661515,0.0055392976,1.3128918e-05,4.4573633e-05,0.0005513053,6.114253e-05,0.97296137,0.0015862097,0.00048810465,0.00022823016,0.0007796379,1.0680276e-05
157,0.0006607285,0.0002458852,0.0022125193,0.004764855,0.007517006,0.0048150206,1.2006972e-05,3.8946855e-05,0.00047870816,5.320545e-05,0.8442424,0.001376358,0.00042833565,0.1324661,0.0006787393,9.3068265e-06
158,0.0007521748,0.00028295445,0.0025488131,0.0054908483,0.008661515,0.0055392976,1.3128918e-05,4.4573633e-05,0.00055130525,6.1142535e-05,0.97296137,0.0015862097,0.00048810468,0.00022823017,0.0007796379,1.0680277e-05
159,0.1491401,0.00024093241,0.002170277,0.004675451,0.0073752776,0.004716974,1.117918e-05,3.795373e-05,0.0004694305,5.206588e-05,0.8284622,0.0013507153,0.00041570823,0.00020852112,0.00066384923,9.094111e-06
160,0.1051405,0.0002533927,0.0022825196,0.004917229,0.0077566695,0.0049608075,1.1757313e-05,3.991664e-05,0.00049370783,5.4757264e-05,0.87130874,0.0014205435,0.00043717504,0.00021436518,0.00069818256,9.564442e-06
161,0.0007521747,0.00028295445,0.0025488131,0.0054908474,0.008661515,0.0055392976,1.312892e-05,4.4573626e-05,0.00055130525,6.1142535e-05,0.97296137,0.00158621,0.0004881047,0.00022823017,0.0007796378,1.0680279e-05
162,0.0007521747,0.00028295445,0.0025488131,0.0054908474,0.008661515,0.0055392976,1.312892e-05,4.4573626e-05,0.00055130525,6.1142535e-05,0.97296137,0.00158621,0.0004881047,0.00022823017,0.0007796378,1.0680279e-05
163,0.0008982066,0.00018858844,0.0016410996,0.0027975836,0.0029539343,0.0017967558,0.511424,4.9370898e-05,0.00022820078,0.000860138,0.47336462,0.0010383881,0.0012166358,0.0011668389,0.00028833983,8.732081e-05
164,0.13129379,0.00024598636,0.002215803,0.0047735167,0.007529971,0.004815873,1.1413674e-05,3.8749884e-05,0.00047927743,5.315751e-05,0.8458408,0.001379038,0.00042441525,0.00021089154,0.00067777483,9.284878e-06
165,0.0007521747,0.00028295445,0.0025488131,0.005490847,0.008661515,0.0055392976,1.312892e-05,4.4573622e-05,0.00055130525,6.114254e-05,0.97296137,0.00158621,0.0004881047,0.00022823017,0.0007796377,1.068028e-05
166,0.10167592,0.0002543738,0.0022913578,0.0049362667,0.007786701,0.0049800067,1.1802835e-05,4.0071194e-05,0.00049561943,5.496919e-05,0.8746825,0.001426042,0.0004388654,0.00021482536,0.0007008859,9.6014755e-06
167,0.00075217464,0.00028295445,0.0025488131,0.005490847,0.008661515,0.0055392976,1.312892e-05,4.4573622e-05,0.00055130525,6.114254e-05,0.97296137,0.0015862101,0.00048810474,0.00022823017,0.0007796377,1.068028e-05
168,0.00075217464,0.00028295445,0.0025488131,0.005490847,0.008661515,0.0055392976,1.312892e-05,4.4573622e-05,0.00055130525,6.114254e-05,0.97296137,0.0015862101,0.00048810474,0.00022823017,0.0007796377,1.068028e-05
169,0.00075217464,0.00028295445,0.0025488131,0.005490847,0.008661515,0.0055392976,1.312892e-05,4.4573622e-05,0.00055130525,6.114254e-05,0.97296137,0.0015862101,0.00048810474,0.00022823017,0.0007796377,1.068028e-05
170,0.0027660888,0.00014616651,0.004735839,0.0018679424,0.007602673,0.0042837085,3.6175872e-05,4.2699437e-05,0.00023757131,2.2961583e-05,0.97421014,0.00060403324,0.0029988117,0.00014494645,0.00029588188,3.6746858e-06
171,0.0007521746,0.00028295445,0.0025488131,0.0054908465,0.008661515,0.0055392976,1.3128921e-05,4.457362e-05,0.00055130525,6.114254e-05,0.97296137,0.0015862101,0.00048810474,0.00022823017,0.00077963766,1.0680281e-05
172,0.0007521746,0.00028295445,0.0025488134,0.005490846,0.008661515,0.0055392976,1.3128921e-05,4.4573615e-05,0.00055130525,6.114254e-05,0.97296137,0.0015862102,0.00048810476,0.00022823017,0.00077963766,1.0680282e-05
173,0.000648124,0.00024062241,0.002592163,0.004678672,0.0075948164,0.00470765,1.1806666e-05,3.7792703e-05,0.00047135536,5.267025e-05,0.85624087,0.12131005,0.00051708065,0.00022268343,0.00066501653,9.0456415e-06
174,0.0007521746,0.00028295445,0.0025488134,0.005490846,0.008661515,0.0055392976,1.3128921e-05,4.4573615e-05,0.00055130525,6.114254e-05,0.97296137,0.0015862102,0.00048810476,0.00022823017,0.00077963766,1.0680282e-05
175,0.0007521745,0.00028295445,0.0025488134,0.005490846,0.008661515,0.0055392976,1.3128922e-05,4.4573615e-05,0.00055130525,6.114254e-05,0.97296137,0.0015862102,0.00048810476,0.00022823017,0.0007796376,1.0680282e-05
176,0.0007521745,0.00028295445,0.0025488134,0.005490846,0.008661515,0.0055392976,1.3128922e-05,4.4573615e-05,0.00055130525,6.114254e-05,0.97296137,0.0015862102,0.00048810476,0.00022823017,0.0007796376,1.0680282e-05
177,0.00067026046,0.00024974922,0.002247574,0.0048405305,0.007636307,0.0048905183,1.2123924e-05,3.953337e-05,0.00048627556,5.4032815e-05,0.8576599,0.0013982331,0.00043456597,0.11868166,0.0006892565,9.449994e-06
178,0.0007521745,0.00028295445,0.0025488134,0.0054908455,0.008661515,0.0055392976,1.3128922e-05,4.457361e-05,0.00055130525,6.114255e-05,0.97296137,0.0015862103,0.00048810476,0.00022823017,0.0007796376,1.0680283e-05
179,0.00075217447,0.00028295445,0.0025488134,0.0054908455,0.008661515,0.0055392976,1.3128922e-05,4.457361e-05,0.00055130525,6.114255e-05,0.97296137,0.0015862103,0.0004881048,0.00022823019,0.00077963754,1.0680283e-05
180,0.00075217447,0.00028295445,0.0025488134,0.0054908455,0.008661515,0.0055392976,1.3128922e-05,4.457361e-05,0.00055130525,6.114255e-05,0.97296137,0.0015862103,0.0004881048,0.00022823019,0.00077963754,1.0680283e-05
181,0.00075217447,0.00028295445,0.0025488134,0.0054908455,0.008661515,0.0055392976,1.3128922e-05,4.457361e-05,0.00055130525,6.114255e-05,0.97296137,0.0015862103,0.0004881048,0.00022823019,0.00077963754,1.0680283e-05
182,0.1360531,0.0002446385,0.0022036617,0.0047473647,0.007488717,0.004789498,1.1351139e-05,3.8537564e-05,0.0004766514,5.2866406e-05,0.84120625,0.0013714852,0.00042209332,0.00021025936,0.00067406084,9.234004e-06
183,0.00075217447,0.00028295445,0.0025488134,0.005490845,0.008661515,0.0055392976,1.3128923e-05,4.4573608e-05,0.00055130525,6.114255e-05,0.97296137,0.0015862104,0.0004881048,0.00022823019,0.00077963754,1.0680284e-05
184,0.00075217447,0.00028295445,0.0025488134,0.005490845,0.008661515,0.0055392976,1.3128923e-05,4.4573608e-05,0.00055130525,6.114255e-05,0.97296137,0.0015862104,0.0004881048,0.00022823019,0.00077963754,1.0680284e-05
185,0.0007521744,0.00028295445,0.0025488134,0.0054908446,0.008661515,0.0055392976,1.3128923e-05,4.4573604e-05,0.00055130525,6.114255e-05,0.97296137,0.0015862106,0.00048810482,0.00022823019,0.0007796375,1.06802845e-05
186,0.0007521744,0.00028295445,0.0025488134,0.0054908446,0.008661515,0.0055392976,1.3128923e-05,4.4573604e-05,0.00055130525,6.114255e-05,0.97296137,0.0015862106,0.00048810482,0.00022823019,0.0007796375,1.06802845e-05
187,0.0007521744,0.00028295445,0.0025488134,0.0054908446,0.008661515,0.0055392976,1.3128923e-05,4.4573604e-05,0.00055130525,6.114255e-05,0.97296137,0.0015862106,0.00048810482,0.00022823019,0.0007796375,1.06802845e-05
188,0.00075217435,0.00028295445,0.0025488134,0.005490844,0.008661515,0.0055392976,1.31289235e-05,4.45736e-05,0.00055130525,6.114256e-05,0.97296137,0.0015862107,0.00048810485,0.00022823019,0.0007796374,1.0680285e-05
189,0.00075217435,0.00028295445,0.0025488134,0.005490844,0.008661515,0.0055392976,1.31289235e-05,4.45736e-05,0.00055130525,6.114256e-05,0.97296137,0.0015862107,0.00048810485,0.00022823019,0.0007796374,1.0680285e-05
190,0.13893177,0.00024382325,0.0021963182,0.004731546,0.007463764,0.004773545,1.13133165e-05,3.8409136e-05,0.00047506302,5.2690324e-05,0.8384029,0.0013669167,0.00042068883,0.00020987699,0.0006718144,9.203233e-06
191,0.0007521743,0.00028295445,0.0025488134,0.005490844,0.008661515,0.0055392976,1.31289235e-05,4.45736e-05,0.00055130525,6.114256e-05,0.97296137,0.0015862107,0.00048810485,0.00022823019,0.00077963737,1.0680286e-05
192,0.0006598043,0.00024551078,0.0022091228,0.004757522,0.007505446,0.004807705,1.1995644e-05,3.8890008e-05,0.0004779748,5.3125295e-05,0.84294224,0.0013742395,0.00042773213,0.13380176,0.00067771965,9.292955e-06
193,0.0007521743,0.00028295445,0.0025488134,0.0054908437,0.008661516,0.0055392976,1.3128924e-05,4.4573597e-05,0.00055130525,6.114256e-05,0.97296137,0.0015862108,0.00048810488,0.00022823019,0.00077963737,1.0680286e-05
194,0.00075217424,0.00028295445,0.0025488134,0.005490843,0.008661516,0.0055392976,1.3128924e-05,4.4573593e-05,0.00055130525,6.114256e-05,0.97296137,0.0015862108,0.00048810488,0.00022823019,0.0007796373,1.0680287e-05
195,0.00075217424,0.00028295445,0.0025488134,0.005490843,0.008661516,0.0055392976,1.3128924e-05,4.4573593e-05,0.00055130525,6.1142564e-05,0.97296137,0.0015862109,0.00048810488,0.00022823019,0.0007796373,1.0680288e-05
196,0.00065880566,0.00024510597,0.00220545,0.0047495943,0.007492947,0.0047997963,1.1983392e-05,3.8828566e-05,0.000477182,5.3038613e-05,0.84153676,0.0013719479,0.00042707953,0.13524583,0.00067661784,9.2779555e-06
197,0.00075217424,0.00028295445,0.0025488134,0.005490843,0.008661516,0.0055392976,1.3128924e-05,4.4573593e-05,0.00055130525,6.1142564e-05,0.97296137,0.0015862109,0.00048810488,0.00022823019,0.0007796373,1.0680288e-05
198,0.00075217424,0.00028295445,0.0025488134,0.005490843,0.008661516,0.0055392976,1.3128924e-05,4.4573593e-05,0.00055130525,6.1142564e-05,0.97296137,0.0015862109,0.00048810488,0.00022823019,0.0007796373,1.0680288e-05
199,0.00075217424,0.00028295445,0.0025488134,0.005490843,0.008661516,0.0055392976,1.3128924e-05,4.4573593e-05,0.00055130525,6.1142564e-05,0.97296137,0.0015862109,0.00048810488,0.00022823019,0.0007796373,1.0680288e-05
200,0.0007521742,0.00028295445,0.0025488134,0.0054908427,0.008661516,0.0055392976,1.3128925e-05,4.457359e-05,0.00055130525,6.1142564e-05,0.97296137,0.0015862109,0.0004881049,0.00022823019,0.00077963725,1.0680288e-05
201,0.0007521742,0.00028295445,0.0025488134,0.0054908427,0.008661516,0.0055392976,1.3128925e-05,4.457359e-05,0.00055130525,6.1142564e-05,0.97296137,0.0015862109,0.0004881049,0.00022823019,0.00077963725,1.0680288e-05
202,0.0007521742,0.00028295445,0.0025488134,0.0054908427,0.008661516,0.0055392976,1.3128925e-05,4.457359e-05,0.00055130525,6.1142564e-05,0.97296137,0.0015862109,0.0004881049,0.00022823019,0.00077963725,1.0680288e-05
203,0.0007521742,0.00028295445,0.0025488134,0.0054908427,0.008661516,0.0055392976,1.3128925e-05,4.457359e-05,0.00055130525,6.1142564e-05,0.97296137,0.0015862109,0.0004881049,0.00022823019,0.00077963725,1.0680288e-05
204,0.0007715585,0.00028375373,0.0025509717,0.005496417,0.008646607,0.005525384,1.3710918e-05,4.513277e-05,0.0005483495,6.2480394e-05,0.97295845,0.0015788801,0.0005022251,0.0002297626,0.00077548064,1.087503e-05
205,0.0007521742,0.00028295445,0.0025488134,0.0054908427,0.008661516,0.0055392976,1.3128925e-05,4.457359e-05,0.00055130525,6.1142564e-05,0.97296137,0.0015862109,0.0004881049,0.00022823019,0.00077963725,1.0680288e-05
206,0.0007521741,0.00028295445,0.0025488134,0.0054908423,0.008661516,0.0055392976,1.3128925e-05,4.4573586e-05,0.00055130525,6.1142564e-05,0.97296137,0.001586211,0.0004881049,0.0002282302,0.0007796372,1.0680289e-05
207,0.0007521741,0.00028295445,0.0025488134,0.0054908423,0.008661516,0.0055392976,1.3128925e-05,4.4573586e-05,0.00055130525,6.1142564e-05,0.97296137,0.001586211,0.0004881049,0.0002282302,0.0007796372,1.0680289e-05
208,0.0007521741,0.00028295445,0.0025488134,0.0054908423,0.008661516,0.0055392976,1.3128926e-05,4.4573586e-05,0.00055130525,6.1142564e-05,0.97296137,0.001586211,0.00048810494,0.0002282302,0.0007796372,1.0680289e-05
209,0.0007521741,0.00028295445,0.0025488134,0.0054908423,0.008661516,0.0055392976,1.3128926e-05,4.4573586e-05,0.00055130525,6.1142564e-05,0.97296137,0.001586211,0.00048810494,0.0002282302,0.0007796372,1.0680289e-05
210,0.0007521741,0.00028295445,0.0025488134,0.0054908423,0.008661516,0.0055392976,1.3128926e-05,4.4573586e-05,0.00055130525,6.1142564e-05,0.97296137,0.001586211,0.00048810494,0.0002282302,0.0007796372,1.0680289e-05
211,0.0007521741,0.00028295445,0.0025488134,0.0054908423,0.008661516,0.0055392976,1.3128926e-05,4.4573586e-05,0.00055130525,6.1142564e-05,0.97296137,0.001586211,0.00048810494,0.0002282302,0.0007796372,1.0680289e-05
212,0.00075217406,0.00028295445,0.0025488134,0.0054908423,0.008661516,0.0055392976,1.3128926e-05,4.4573582e-05,0.00055130525,6.1142564e-05,0.97296137,0.0015862111,0.00048810494,0.0002282302,0.00077963714,1.0680289e-05
213,0.00075217406,0.00028295445,0.0025488134,0.0054908423,0.008661516,0.0055392976,1.3128926e-05,4.4573582e-05,0.00055130525,6.1142564e-05,0.97296137,0.0015862111,0.00048810494,0.0002282302,0.00077963714,1.0680289e-05
214,0.00075217406,0.00028295445,0.0025488134,0.0054908423,0.008661516,0.0055392976,1.3128926e-05,4.4573582e-05,0.00055130525,6.1142564e-05,0.97296137,0.0015862111,0.00048810494,0.0002282302,0.00077963714,1.0680289e-05
215,0.00075217406,0.00028295445,0.0025488134,0.0054908423,0.008661516,0.0055392976,1.3128926e-05,4.4573582e-05,0.00055130525,6.1142564e-05,0.97296137,0.0015862111,0.00048810494,0.0002282302,0.00077963714,1.0680289e-05
216,0.00075217406,0.00028295445,0.0025488134,0.0054908423,0.008661516,0.0055392976,1.3128926e-05,4.4573582e-05,0.00055130525,6.1142564e-05,0.97296137,0.0015862111,0.00048810494,0.0002282302,0.00077963714,1.0680289e-05
217,0.00075217406,0.00028295445,0.0025488134,0.0054908423,0.008661516,0.0055392976,1.3128926e-05,4.4573582e-05,0.00055130525,6.1142564e-05,0.97296137,0.0015862111,0.00048810494,0.0002282302,0.00077963714,1.0680289e-05
218,0.00075217406,0.00028295445,0.0025488134,0.0054908423,0.008661516,0.0055392976,1.3128926e-05,4.4573582e-05,0.00055130525,6.1142564e-05,0.97296137,0.0015862111,0.00048810494,0.0002282302,0.00077963714,1.0680289e-05
219,0.00075217406,0.00028295445,0.0025488134,0.0054908423,0.008661516,0.0055392976,1.3128926e-05,4.4573582e-05,0.00055130525,6.1142564e-05,0.97296137,0.0015862111,0.00048810494,0.0002282302,0.00077963714,1.0680289e-05
220,0.000752174,0.00028295445,0.0025488134,0.0054908423,0.008661516,0.0055392976,1.3128927e-05,4.457358e-05,0.0005513052,6.114257e-05,0.97296137,0.0015862113,0.00048810497,0.0002282302,0.00077963714,1.0680289e-05
221,0.00022049448,6.664326e-05,0.0027703247,0.0013407764,0.003210808,0.0012897002,6.3723614e-06,9.924183e-06,0.0001427705,1.7849936e-05,0.3765327,0.61335987,0.0006361676,0.00019988733,0.00019394315,2.3274672e-06
222,0.000752174,0.00028295445,0.0025488134,0.0054908423,0.008661516,0.0055392976,1.3128927e-05,4.457358e-05,0.0005513052,6.114257e-05,0.97296137,0.0015862113,0.00048810497,0.0002282302,0.0007796371,1.0680289e-05
223,0.000752174,0.00028295445,0.0025488134,0.0054908423,0.008661516,0.0055392976,1.3128927e-05,4.457358e-05,0.0005513052,6.114257e-05,0.97296137,0.0015862113,0.00048810497,0.0002282302,0.0007796371,1.0680289e-05
224,0.00075217395,0.00028295445,0.0025488134,0.0054908423,0.008661516,0.0055392976,1.3128928e-05,4.4573575e-05,0.0005513052,6.114257e-05,0.97296137,0.0015862114,0.000488105,0.0002282302,0.000779637,1.0680289e-05
225,0.00075217395,0.00028295445,0.0025488134,0.0054908423,0.008661516,0.0055392976,1.3128928e-05,4.4573575e-05,0.0005513052,6.114257e-05,0.97296137,0.0015862114,0.000488105,0.0002282302,0.000779637,1.0680289e-05
226,0.00075217395,0.00028295445,0.0025488134,0.0054908423,0.008661516,0.0055392976,1.3128928e-05,4.4573575e-05,0.0005513052,6.114257e-05,0.97296137,0.0015862114,0.000488105,0.0002282302,0.000779637,1.0680289e-05
227,0.00075217395,0.00028295445,0.0025488134,0.0054908423,0.008661516,0.0055392976,1.3128928e-05,4.4573575e-05,0.0005513052,6.114257e-05,0.97296137,0.0015862114,0.000488105,0.0002282302,0.000779637,1.0680289e-05
228,0.00075217395,0.00028295445,0.0025488134,0.0054908423,0.008661516,0.0055392976,1.3128928e-05,4.4573575e-05,0.0005513052,6.114257e-05,0.97296137,0.0015862114,0.000488105,0.0002282302,0.000779637,1.0680289e-05
229,0.00075217395,0.00028295445,0.0025488134,0.0054908423,0.008661516,0.0055392976,1.3128928e-05,4.4573575e-05,0.0005513052,6.114257e-05,0.97296137,0.0015862114,0.000488105,0.0002282302,0.000779637,1.0680289e-05
230,0.00075217395,0.00028295445,0.0025488134,0.0054908423,0.008661516,0.0055392976,1.3128928e-05,4.4573575e-05,0.0005513052,6.114257e-05,0.97296137,0.0015862114,0.000488105,0.0002282302,0.000779637,1.0680289e-05
231,0.0007521739,0.00028295445,0.0025488134,0.0054908427,0.008661516,0.0055392976,1.3128928e-05,4.457357e-05,0.0005513052,6.114257e-05,0.97296137,0.0015862114,0.000488105,0.0002282302,0.000779637,1.0680289e-05
232,0.0007521739,0.00028295445,0.0025488134,0.0054908427,0.008661516,0.0055392976,1.3128928e-05,4.457357e-05,0.0005513052,6.114257e-05,0.97296137,0.0015862114,0.000488105,0.0002282302,0.000779637,1.0680289e-05
233,0.0007521739,0.00028295445,0.0025488134,0.0054908427,0.008661516,0.0055392976,1.3128928e-05,4.457357e-05,0.0005513052,6.114257e-05,0.97296137,0.0015862114,0.000488105,0.0002282302,0.000779637,1.0680289e-05
234,0.0007521739,0.00028295445,0.0025488134,0.0054908427,0.008661516,0.0055392976,1.3128928e-05,4.457357e-05,0.0005513052,6.114257e-05,0.97296137,0.0015862114,0.000488105,0.0002282302,0.000779637,1.0680289e-05
235,0.0007521739,0.00028295445,0.0025488134,0.0054908427,0.008661516,0.0055392976,1.3128928e-05,4.457357e-05,0.0005513052,6.114257e-05,0.97296137,0.0015862114,0.000488105,0.0002282302,0.000779637,1.0680289e-05
236,0.0007521739,0.00028295445,0.0025488134,0.0054908427,0.008661516,0.0055392976,1.3128928e-05,4.4573568e-05,0.0005513052,6.114258e-05,0.97296137,0.0015862115,0.00048810503,0.0002282302,0.00077963696,1.0680289e-05
237,0.0007521739,0.00028295445,0.0025488134,0.0054908427,0.008661516,0.0055392976,1.3128928e-05,4.4573568e-05,0.0005513052,6.114258e-05,0.97296137,0.0015862115,0.00048810503,0.0002282302,0.00077963696,1.0680289e-05
238,0.0007521739,0.00028295445,0.0025488134,0.0054908427,0.008661516,0.0055392976,1.3128928e-05,4.4573568e-05,0.0005513052,6.114258e-05,0.97296137,0.0015862115,0.00048810503,0.0002282302,0.00077963696,1.0680289e-05
239,0.0007521739,0.00028295445,0.0025488134,0.0054908427,0.008661516,0.0055392976,1.3128928e-05,4.4573568e-05,0.0005513052,6.114258e-05,0.97296137,0.0015862115,0.00048810503,0.0002282302,0.00077963696,1.0680289e-05
240,0.0007521739,0.00028295445,0.0025488134,0.0054908427,0.008661516,0.0055392976,1.3128928e-05,4.4573568e-05,0.0005513052,6.114258e-05,0.97296137,0.0015862115,0.00048810503,0.0002282302,0.00077963696,1.0680289e-05
241,0.0007521739,0.00028295445,0.0025488134,0.0054908427,0.008661516,0.0055392976,1.3128928e-05,4.4573568e-05,0.0005513052,6.114258e-05,0.97296137,0.0015862115,0.00048810503,0.0002282302,0.00077963696,1.0680289e-05
242,0.0007521739,0.00028295445,0.0025488134,0.0054908427,0.008661516,0.0055392976,1.3128928e-05,4.4573568e-05,0.0005513052,6.114258e-05,0.97296137,0.0015862115,0.00048810503,0.0002282302,0.00077963696,1.0680289e-05
243,0.0007521739,0.00028295445,0.0025488134,0.0054908427,0.008661516,0.0055392976,1.3128928e-05,4.4573568e-05,0.0005513052,6.114258e-05,0.97296137,0.0015862115,0.00048810503,0.0002282302,0.00077963696,1.0680289e-05
244,0.0007521739,0.00028295445,0.0025488134,0.0054908427,0.008661516,0.0055392976,1.3128928e-05,4.4573568e-05,0.0005513052,6.114258e-05,0.97296137,0.0015862115,0.00048810503,0.0002282302,0.00077963696,1.0680289e-05
245,0.0007521739,0.00028295445,0.0025488134,0.0054908427,0.008661516,0.0055392976,1.3128928e-05,4.4573568e-05,0.0005513052,6.114258e-05,0.97296137,0.0015862115,0.00048810503,0.0002282302,0.00077963696,1.0680289e-05
246,0.00075217383,0.00028295445,0.0025488134,0.0054908427,0.008661516,0.0055392976,1.3128929e-05,4.4573568e-05,0.0005513052,6.114258e-05,0.97296137,0.0015862116,0.00048810503,0.0002282302,0.0007796369,1.0680289e-05
247,0.00075217383,0.00028295445,0.0025488134,0.0054908427,0.008661516,0.0055392976,1.3128929e-05,4.4573568e-05,0.0005513052,6.114258e-05,0.97296137,0.0015862116,0.00048810503,0.0002282302,0.0007796369,1.0680289e-05
248,0.00075217383,0.00028295445,0.0025488134,0.0054908427,0.008661516,0.0055392976,1.3128929e-05,4.4573568e-05,0.0005513052,6.114258e-05,0.97296137,0.0015862116,0.00048810503,0.0002282302,0.0007796369,1.0680289e-05
249,0.00075217383,0.00028295445,0.0025488134,0.0054908427,0.008661516,0.0055392976,1.3128929e-05,4.4573568e-05,0.0005513052,6.114258e-05,0.97296137,0.0015862116,0.00048810503,0.0002282302,0.0007796369,1.0680289e-05
250,0.00075217383,0.00028295445,0.0025488134,0.0054908427,0.008661516,0.0055392976,1.3128929e-05,4.4573568e-05,0.0005513052,6.114258e-05,0.97296137,0.0015862116,0.00048810503,0.0002282302,0.0007796369,1.0680289e-05
251,0.0007521738,0.00028295445,0.0025488134,0.0054908427,0.008661516,0.0055392976,1.3128929e-05,4.4573568e-05,0.0005513052,6.114258e-05,0.97296137,0.0015862116,0.00048810506,0.00022823022,0.0007796369,1.0680289e-05
252,0.0007521738,0.00028295445,0.0025488134,0.0054908427,0.008661516,0.0055392976,1.3128929e-05,4.4573568e-05,0.0005513052,6.114258e-05,0.97296137,0.0015862116,0.00048810506,0.00022823022,0.0007796369,1.0680289e-05
253,0.0007521738,0.00028295445,0.0025488134,0.0054908427,0.008661516,0.0055392976,1.3128929e-05,4.4573568e-05,0.0005513052,6.114258e-05,0.97296137,0.0015862116,0.00048810506,0.00022823022,0.0007796369,1.0680289e-05
254,0.0007521738,0.00028295445,0.0025488134,0.0054908427,0.008661516,0.0055392976,1.3128929e-05,4.4573568e-05,0.0005513052,6.114258e-05,0.97296137,0.0015862116,0.00048810506,0.00022823022,0.0007796369,1.0680289e-05
255,0.0007521738,0.00028295445,0.0025488134,0.0054908427,0.008661516,0.0055392976,1.312893e-05,4.4573568e-05,0.0005513052,6.114258e-05,0.97296137,0.0015862117,0.00048810506,0.00022823022,0.00077963684,1.0680289e-05
256,0.0007521738,0.00028295445,0.0025488134,0.0054908427,0.008661516,0.0055392976,1.312893e-05,4.4573568e-05,0.0005513052,6.114258e-05,0.97296137,0.0015862117,0.00048810506,0.00022823022,0.00077963684,1.0680289e-05
257,0.0007521737,0.00028295445,0.0025488134,0.0054908427,0.008661516,0.0055392976,1.312893e-05,4.4573568e-05,0.0005513052,6.1142586e-05,0.97296137,0.0015862118,0.00048810508,0.00022823022,0.0007796368,1.0680289e-05
258,0.0007521737,0.00028295445,0.0025488134,0.0054908427,0.008661516,0.0055392976,1.312893e-05,4.4573568e-05,0.0005513052,6.1142586e-05,0.97296137,0.0015862118,0.00048810508,0.00022823022,0.0007796368,1.0680289e-05
259,0.0007521737,0.00028295445,0.0025488134,0.0054908427,0.008661516,0.0055392976,1.312893e-05,4.4573568e-05,0.0005513052,6.1142586e-05,0.97296137,0.0015862118,0.00048810508,0.00022823022,0.0007796368,1.0680289e-05
260,0.0007521737,0.00028295445,0.0025488134,0.0054908427,0.008661516,0.0055392976,1.312893e-05,4.4573568e-05,0.0005513052,6.1142586e-05,0.97296137,0.0015862118,0.00048810508,0.00022823022,0.0007796368,1.0680289e-05
261,0.0007521737,0.00028295445,0.0025488134,0.0054908427,0.008661516,0.0055392976,1.312893e-05,4.4573568e-05,0.0005513052,6.1142586e-05,0.97296137,0.0015862118,0.00048810508,0.00022823022,0.0007796368,1.0680289e-05
262,0.0007521737,0.00028295445,0.0025488134,0.0054908427,0.008661516,0.0055392976,1.312893e-05,4.4573568e-05,0.0005513052,6.1142586e-05,0.97296137,0.0015862118,0.00048810508,0.00022823022,0.0007796368,1.0680289e-05
263,0.0007521737,0.00028295445,0.0025488134,0.0054908427,0.008661516,0.0055392976,1.312893e-05,4.4573568e-05,0.0005513052,6.1142586e-05,0.97296137,0.0015862118,0.00048810508,0.00022823022,0.0007796368,1.0680289e-05
264,0.0007521737,0.00028295445,0.0025488134,0.0054908427,0.008661516,0.0055392976,1.312893e-05,4.4573568e-05,0.0005513052,6.1142586e-05,0.97296137,0.0015862118,0.00048810508,0.00022823022,0.0007796368,1.0680289e-05
265,0.0007521737,0.00028295445,0.0025488134,0.0054908427,0.008661516,0.0055392976,1.312893e-05,4.4573568e-05,0.0005513052,6.1142586e-05,0.97296137,0.0015862118,0.00048810508,0.00022823022,0.0007796368,1.0680289e-05
266,0.0007521737,0.00028295445,0.0025488134,0.0054908427,0.008661516,0.0055392976,1.312893e-05,4.4573568e-05,0.0005513052,6.1142586e-05,0.97296137,0.0015862118,0.00048810508,0.00022823022,0.0007796368,1.0680289e-05
267,0.00075217366,0.00028295445,0.0025488134,0.0054908427,0.008661516,0.0055392976,1.3128931e-05,4.4573568e-05,0.0005513052,6.1142586e-05,0.97296137,0.0015862118,0.00048810508,0.00022823022,0.0007796368,1.0680289e-05
268,0.00075217366,0.00028295445,0.0025488134,0.0054908427,0.008661516,0.0055392976,1.3128931e-05,4.4573568e-05,0.0005513052,6.1142586e-05,0.97296137,0.0015862118,0.00048810508,0.00022823022,0.0007796368,1.0680289e-05
269,0.00075217366,0.00028295445,0.0025488134,0.0054908427,0.008661516,0.0055392976,1.3128931e-05,4.4573568e-05,0.0005513052,6.1142586e-05,0.97296137,0.0015862118,0.00048810508,0.00022823022,0.0007796368,1.0680289e-05
270,0.00075217366,0.00028295445,0.0025488134,0.0054908427,0.008661516,0.0055392976,1.3128931e-05,4.4573568e-05,0.0005513052,6.1142586e-05,0.97296137,0.0015862118,0.00048810508,0.00022823022,0.0007796368,1.0680289e-05
271,0.00075217366,0.00028295445,0.0025488134,0.0054908427,0.008661516,0.0055392976,1.3128931e-05,4.4573568e-05,0.0005513052,6.1142586e-05,0.97296137,0.0015862118,0.00048810508,0.00022823022,0.0007796368,1.0680289e-05
272,0.00075217366,0.00028295445,0.0025488134,0.0054908427,0.008661516,0.0055392976,1.3128931e-05,4.4573568e-05,0.0005513052,6.1142586e-05,0.97296137,0.0015862118,0.00048810508,0.00022823022,0.0007796368,1.0680289e-05
273,0.00075217366,0.00028295445,0.0025488134,0.0054908427,0.008661516,0.0055392976,1.3128931e-05,4.4573568e-05,0.0005513052,6.1142586e-05,0.9729613,0.001586212,0.0004881051,0.00022823022,0.0007796367,1.0680289e-05
274,0.00075217366,0.00028295445,0.0025488134,0.0054908427,0.008661516,0.0055392976,1.3128931e-05,4.4573568e-05,0.0005513052,6.1142586e-05,0.9729613,0.001586212,0.0004881051,0.00022823022,0.0007796367,1.0680289e-05
275,0.00075217366,0.00028295445,0.0025488134,0.0054908427,0.008661516,0.0055392976,1.3128931e-05,4.4573568e-05,0.0005513052,6.1142586e-05,0.9729613,0.001586212,0.0004881051,0.00022823022,0.0007796367,1.0680289e-05
276,0.0007521736,0.00028295445,0.0025488134,0.0054908427,0.008661516,0.0055392976,1.3128932e-05,4.4573568e-05,0.0005513052,6.1142586e-05,0.9729613,0.0015862121,0.0004881051,0.00022823022,0.00077963667,1.0680289e-05
277,0.0007521736,0.00028295445,0.0025488134,0.0054908427,0.008661516,0.0055392976,1.3128932e-05,4.4573568e-05,0.0005513052,6.1142586e-05,0.9729613,0.0015862121,0.0004881051,0.00022823022,0.00077963667,1.0680289e-05
278,0.0007521736,0.00028295445,0.0025488134,0.0054908427,0.008661516,0.0055392976,1.3128932e-05,4.4573568e-05,0.0005513052,6.1142586e-05,0.9729613,0.0015862121,0.0004881051,0.00022823022,0.00077963667,1.0680289e-05
279,0.0007521736,0.00028295445,0.0025488134,0.0054908427,0.008661516,0.0055392976,1.3128932e-05,4.4573568e-05,0.0005513052,6.1142586e-05,0.9729613,0.0015862121,0.0004881051,0.00022823022,0.00077963667,1.0680289e-05
280,0.0007521736,0.00028295445,0.0025488134,0.0054908427,0.008661516,0.0055392976,1.3128932e-05,4.4573568e-05,0.0005513052,6.1142586e-05,0.9729613,0.0015862121,0.0004881051,0.00022823022,0.00077963667,1.0680289e-05
281,0.0007521736,0.00028295445,0.0025488134,0.0054908427,0.008661516,0.0055392976,1.3128932e-05,4.4573568e-05,0.0005513052,6.1142586e-05,0.9729613,0.0015862121,0.0004881051,0.00022823022,0.00077963667,1.0680289e-05
282,0.0007521736,0.00028295445,0.0025488134,0.0054908427,0.008661516,0.0055392976,1.3128932e-05,4.4573568e-05,0.0005513052,6.1142586e-05,0.9729613,0.0015862121,0.0004881051,0.00022823022,0.00077963667,1.0680289e-05
283,0.0007521736,0.00028295445,0.0025488134,0.0054908427,0.008661516,0.0055392976,1.3128932e-05,4.4573568e-05,0.0005513052,6.1142586e-05,0.9729613,0.0015862121,0.0004881051,0.00022823022,0.00077963667,1.0680289e-05
284,0.0007521736,0.00028295445,0.0025488134,0.0054908427,0.008661516,0.0055392976,1.3128932e-05,4.4573568e-05,0.0005513052,6.1142586e-05,0.9729613,0.0015862121,0.0004881051,0.00022823022,0.00077963667,1.0680289e-05
285,0.0007521736,0.00028295445,0.0025488134,0.0054908427,0.008661516,0.0055392976,1.3128932e-05,4.4573568e-05,0.0005513052,6.1142586e-05,0.9729613,0.0015862121,0.0004881051,0.00022823022,0.00077963667,1.0680289e-05
286,0.00075217354,0.00028295445,0.0025488134,0.0054908427,0.008661516,0.0055392976,1.3128932e-05,4.4573568e-05,0.0005513052,6.114259e-05,0.9729613,0.0015862121,0.00048810514,0.00022823022,0.00077963667,1.0680289e-05
287,0.00075217354,0.00028295445,0.0025488134,0.0054908427,0.008661516,0.0055392976,1.3128932e-05,4.4573568e-05,0.0005513052,6.114259e-05,0.9729613,0.0015862121,0.00048810514,0.00022823022,0.00077963667,1.0680289e-05
288,0.00075217354,0.00028295445,0.0025488134,0.0054908427,0.008661516,0.0055392976,1.3128932e-05,4.4573568e-05,0.0005513052,6.114259e-05,0.9729613,0.0015862121,0.00048810514,0.00022823022,0.00077963667,1.0680289e-05
289,0.00075217354,0.00028295445,0.0025488134,0.0054908427,0.008661516,0.0055392976,1.3128932e-05,4.4573568e-05,0.0005513052,6.114259e-05,0.9729613,0.0015862121,0.00048810514,0.00022823022,0.00077963667,1.0680289e-05
290,0.00075217354,0.00028295445,0.0025488134,0.0054908427,0.008661516,0.0055392976,1.3128932e-05,4.4573568e-05,0.0005513052,6.114259e-05,0.9729613,0.0015862121,0.00048810514,0.00022823022,0.00077963667,1.0680289e-05
291,0.0007521735,0.00028295445,0.0025488134,0.0054908427,0.008661516,0.0055392976,1.3128933e-05,4.4573568e-05,0.0005513052,6.114259e-05,0.9729613,0.0015862122,0.00048810517,0.00022823022,0.0007796366,1.0680289e-05
292,0.0007521735,0.00028295445,0.0025488134,0.0054908427,0.008661516,0.0055392976,1.3128933e-05,4.4573568e-05,0.0005513052,6.114259e-05,0.9729613,0.0015862122,0.00048810517,0.00022823022,0.0007796366,1.0680289e-05
293,0.0007521735,0.00028295445,0.0025488134,0.0054908427,0.008661516,0.0055392976,1.3128933e-05,4.4573568e-05,0.0005513052,6.114259e-05,0.9729613,0.0015862122,0.00048810517,0.00022823022,0.0007796366,1.0680289e-05
294,0.0007521735,0.00028295445,0.0025488134,0.0054908427,0.008661516,0.0055392976,1.3128933e-05,4.4573568e-05,0.0005513052,6.114259e-05,0.9729613,0.0015862122,0.00048810517,0.00022823022,0.0007796366,1.0680289e-05
295,0.0007521735,0.00028295445,0.0025488134,0.0054908427,0.008661516,0.0055392976,1.3128933e-05,4.4573568e-05,0.0005513052,6.114259e-05,0.9729613,0.0015862122,0.00048810517,0.00022823022,0.0007796366,1.0680289e-05
296,0.0007521735,0.00028295445,0.0025488134,0.0054908427,0.008661516,0.0055392976,1.3128933e-05,4.4573568e-05,0.0005513052,6.114259e-05,0.9729613,0.0015862122,0.00048810517,0.00022823022,0.0007796366,1.0680289e-05
297,0.0007521735,0.00028295445,0.0025488134,0.0054908427,0.008661516,0.0055392976,1.3128933e-05,4.4573568e-05,0.0005513052,6.114259e-05,0.9729613,0.0015862122,0.00048810517,0.00022823022,0.0007796366,1.0680289e-05
298,0.0007521735,0.00028295445,0.0025488134,0.0054908427,0.008661516,0.0055392976,1.3128933e-05,4.4573568e-05,0.0005513052,6.114259e-05,0.9729613,0.0015862122,0.00048810517,0.00022823022,0.0007796366,1.0680289e-05
299,0.0007521735,0.00028295445,0.0025488134,0.0054908427,0.008661516,0.0055392976,1.3128933e-05,4.4573568e-05,0.0005513052,6.114259e-05,0.9729613,0.0015862122,0.00048810517,0.00022823022,0.0007796366,1.0680289e-05
300,0.00053687615,0.00019221108,0.0017347034,0.0037249024,0.0058695325,0.0037798462,2.9372595e-05,3.4402627e-05,0.0003729877,4.834565e-05,0.66243273,0.0010744113,0.000346492,0.3192837,0.00053157826,8.193532e-06
301,0.0007521735,0.00028295445,0.0025488134,0.0054908427,0.008661516,0.0055392976,1.3128933e-05,4.4573568e-05,0.0005513052,6.114259e-05,0.9729613,0.0015862123,0.00048810517,0.00022823023,0.00077963655,1.0680289e-05
302,0.0007521735,0.00028295445,0.0025488134,0.0054908427,0.008661516,0.0055392976,1.3128933e-05,4.4573568e-05,0.0005513052,6.114259e-05,0.9729613,0.0015862123,0.00048810517,0.00022823023,0.00077963655,1.0680289e-05
303,0.0007521735,0.00028295445,0.0025488134,0.0054908427,0.008661516,0.0055392976,1.3128933e-05,4.4573568e-05,0.0005513052,6.114259e-05,0.9729613,0.0015862123,0.00048810517,0.00022823023,0.00077963655,1.0680289e-05
304,0.0007521735,0.00028295445,0.0025488134,0.0054908427,0.008661516,0.0055392976,1.3128933e-05,4.4573568e-05,0.0005513052,6.114259e-05,0.9729613,0.0015862123,0.00048810517,0.00022823023,0.00077963655,1.0680289e-05
305,0.0007521735,0.00028295445,0.0025488134,0.0054908427,0.008661516,0.0055392976,1.3128933e-05,4.4573568e-05,0.0005513052,6.114259e-05,0.9729613,0.0015862123,0.00048810517,0.00022823023,0.00077963655,1.0680289e-05
306,0.0007521735,0.00028295445,0.0025488134,0.0054908427,0.008661516,0.0055392976,1.3128933e-05,4.4573568e-05,0.0005513052,6.114259e-05,0.9729613,0.0015862123,0.00048810517,0.00022823023,0.00077963655,1.0680289e-05
307,0.0007521735,0.00028295445,0.0025488134,0.0054908427,0.008661516,0.0055392976,1.3128933e-05,4.4573568e-05,0.0005513052,6.114259e-05,0.9729613,0.0015862123,0.00048810517,0.00022823023,0.00077963655,1.0680289e-05
308,0.0007521735,0.00028295445,0.0025488134,0.0054908427,0.008661517,0.0055392976,1.31289335e-05,4.4573568e-05,0.0005513052,6.11426e-05,0.9729613,0.0015862123,0.0004881052,0.00022823023,0.0007796365,1.0680289e-05
309,0.0007521735,0.00028295445,0.0025488134,0.0054908427,0.008661517,0.0055392976,1.31289335e-05,4.4573568e-05,0.0005513052,6.11426e-05,0.9729613,0.0015862123,0.0004881052,0.00022823023,0.0007796365,1.0680289e-05
310,0.0007521735,0.00028295445,0.0025488134,0.0054908427,0.008661517,0.0055392976,1.31289335e-05,4.4573568e-05,0.0005513052,6.11426e-05,0.9729613,0.0015862123,0.0004881052,0.00022823023,0.0007796365,1.0680289e-05
311,0.0007521735,0.00028295445,0.0025488134,0.0054908427,0.008661517,0.0055392976,1.31289335e-05,4.4573568e-05,0.0005513052,6.11426e-05,0.9729613,0.0015862123,0.0004881052,0.00022823023,0.0007796365,1.0680289e-05
312,0.0007521735,0.00028295445,0.0025488134,0.0054908427,0.008661517,0.0055392976,1.31289335e-05,4.4573568e-05,0.0005513052,6.11426e-05,0.9729613,0.0015862123,0.0004881052,0.00022823023,0.0007796365,1.0680289e-05
313,0.0007521735,0.00028295445,0.0025488134,0.0054908427,0.008661517,0.0055392976,1.31289335e-05,4.4573568e-05,0.0005513052,6.11426e-05,0.9729613,0.0015862124,0.0004881052,0.00022823023,0.0007796365,1.0680289e-05
314,0.0007521735,0.00028295445,0.0025488134,0.0054908427,0.008661517,0.0055392976,1.31289335e-05,4.4573568e-05,0.0005513052,6.11426e-05,0.9729613,0.0015862124,0.0004881052,0.00022823023,0.0007796365,1.0680289e-05
315,0.0007521735,0.00028295445,0.0025488134,0.0054908427,0.008661517,0.0055392976,1.31289335e-05,4.4573568e-05,0.0005513052,6.11426e-05,0.9729613,0.0015862124,0.0004881052,0.00022823023,0.0007796365,1.0680289e-05
316,0.0007521735,0.00028295445,0.0025488134,0.0054908427,0.008661517,0.0055392976,1.31289335e-05,4.4573568e-05,0.0005513052,6.11426e-05,0.9729613,0.0015862124,0.0004881052,0.00022823023,0.0007796365,1.0680289e-05
317,0.0007521735,0.00028295445,0.0025488134,0.0054908427,0.008661517,0.0055392976,1.3128934e-05,4.4573568e-05,0.0005513052,6.11426e-05,0.9729613,0.0015862125,0.00048810523,0.00022823023,0.00077963644,1.0680289e-05
318,0.0007521735,0.00028295445,0.0025488134,0.0054908427,0.008661517,0.0055392976,1.3128934e-05,4.4573568e-05,0.0005513052,6.11426e-05,0.9729613,0.0015862125,0.00048810523,0.00022823023,0.00077963644,1.0680289e-05
319,0.0007521735,0.00028295445,0.0025488134,0.0054908427,0.008661517,0.0055392976,1.3128934e-05,4.4573568e-05,0.0005513052,6.11426e-05,0.9729613,0.0015862125,0.00048810523,0.00022823023,0.00077963644,1.0680289e-05
320,0.0007521735,0.00028295445,0.0025488134,0.0054908427,0.008661517,0.0055392976,1.3128934e-05,4.4573568e-05,0.0005513052,6.11426e-05,0.9729613,0.0015862127,0.00048810523,0.00022823023,0.0007796364,1.0680289e-05
321,0.0007521735,0.00028295445,0.0025488134,0.0054908427,0.008661517,0.0055392976,1.3128935e-05,4.4573568e-05,0.00055130513,6.114261e-05,0.9729613,0.0015862127,0.00048810526,0.00022823023,0.0007796363,1.0680289e-05
322,0.0007521735,0.00028295445,0.0025488134,0.0054908427,0.008661517,0.0055392976,1.3128935e-05,4.4573568e-05,0.00055130513,6.114261e-05,0.9729613,0.0015862127,0.00048810526,0.00022823023,0.0007796363,1.0680289e-05
323,0.0007521735,0.00028295445,0.0025488134,0.0054908427,0.008661517,0.0055392976,1.3128936e-05,4.4573568e-05,0.00055130513,6.114261e-05,0.9729613,0.0015862128,0.0004881053,0.00022823023,0.0007796363,1.0680289e-05
324,0.0007521735,0.00028295445,0.0025488134,0.0054908427,0.008661517,0.0055392976,1.3128936e-05,4.4573568e-05,0.00055130513,6.114261e-05,0.9729613,0.0015862128,0.0004881053,0.00022823023,0.0007796363,1.0680289e-05
325,0.0007521735,0.00028295445,0.0025488134,0.0054908427,0.008661517,0.0055392976,1.3128936e-05,4.4573568e-05,0.00055130513,6.114261e-05,0.9729613,0.0015862129,0.0004881053,0.00022823024,0.0007796363,1.0680289e-05
326,0.0007521735,0.00028295445,0.0025488134,0.0054908427,0.008661517,0.0055392976,1.3128936e-05,4.4573568e-05,0.00055130513,6.114261e-05,0.9729613,0.0015862129,0.0004881053,0.00022823024,0.0007796363,1.0680289e-05
327,0.0007521735,0.00028295445,0.0025488134,0.0054908427,0.008661517,0.0055392976,1.3128936e-05,4.4573568e-05,0.00055130513,6.114261e-05,0.9729613,0.0015862129,0.0004881053,0.00022823024,0.0007796363,1.0680289e-05
328,0.0007521735,0.00028295445,0.0025488134,0.0054908427,0.008661517,0.0055392976,1.3128936e-05,4.4573568e-05,0.00055130513,6.114261e-05,0.9729613,0.0015862129,0.0004881053,0.00022823024,0.0007796363,1.0680289e-05
329,0.0007521735,0.00028295445,0.0025488134,0.0054908427,0.008661517,0.0055392976,1.3128937e-05,4.4573568e-05,0.00055130513,6.1142615e-05,0.9729613,0.001586213,0.00048810532,0.00022823024,0.0007796363,1.0680289e-05
330,0.0007521735,0.00028295445,0.0025488134,0.0054908427,0.008661517,0.0055392976,1.3128937e-05,4.4573568e-05,0.00055130513,6.1142615e-05,0.9729613,0.001586213,0.00048810532,0.00022823024,0.0007796363,1.0680289e-05
331,0.0007521735,0.00028295445,0.0025488134,0.0054908427,0.008661517,0.0055392976,1.3128937e-05,4.4573568e-05,0.00055130513,6.1142615e-05,0.9729613,0.001586213,0.00048810532,0.00022823024,0.0007796363,1.0680289e-05
332,0.0007521735,0.00028295445,0.0025488134,0.0054908427,0.008661517,0.0055392976,1.3128937e-05,4.4573568e-05,0.00055130513,6.1142615e-05,0.9729613,0.0015862129,0.00048810532,0.00022823024,0.0007796363,1.0680289e-05
333,0.21712764,0.00022167893,0.0019968415,0.0043018614,0.006785959,0.0043402063,1.028586e-05,3.4920693e-05,0.00043191752,4.7907255e-05,0.7622564,0.0012428176,0.00038253856,0.00019949095,0.000610798,8.367369e-06
334,0.0007521735,0.00028295445,0.0025488134,0.0054908427,0.008661517,0.0055392976,1.3128938e-05,4.4573568e-05,0.00055130513,6.1142615e-05,0.9729613,0.0015862129,0.00048810535,0.00022823024,0.0007796363,1.0680289e-05
335,0.0007521735,0.00028295445,0.0025488134,0.0054908427,0.008661517,0.0055392976,1.3128938e-05,4.4573568e-05,0.00055130513,6.1142615e-05,0.9729613,0.0015862129,0.00048810535,0.00022823024,0.0007796363,1.0680289e-05
336,0.0007521735,0.00028295445,0.0025488134,0.0054908427,0.008661517,0.0055392976,1.3128938e-05,4.4573568e-05,0.00055130513,6.1142615e-05,0.9729613,0.0015862129,0.00048810535,0.00022823024,0.0007796363,1.0680289e-05
337,0.0007521735,0.00028295445,0.0025488134,0.0054908427,0.008661517,0.0055392976,1.3128938e-05,4.4573568e-05,0.00055130513,6.1142615e-05,0.9729613,0.0015862129,0.00048810535,0.00022823024,0.0007796363,1.0680289e-05
338,0.0007521735,0.00028295445,0.0025488134,0.0054908427,0.008661517,0.0055392976,1.3128938e-05,4.4573568e-05,0.00055130513,6.114262e-05,0.9729613,0.0015862129,0.00048810538,0.00022823024,0.0007796363,1.0680289e-05
339,0.0007521735,0.00028295445,0.0025488134,0.0054908427,0.008661517,0.0055392976,1.3128938e-05,4.4573568e-05,0.00055130513,6.114262e-05,0.9729613,0.0015862129,0.00048810538,0.00022823024,0.0007796363,1.0680289e-05
340,0.0007521735,0.00028295445,0.0025488134,0.0054908427,0.008661517,0.0055392976,1.3128938e-05,4.4573568e-05,0.00055130513,6.114262e-05,0.9729613,0.0015862129,0.00048810538,0.00022823024,0.0007796363,1.0680289e-05
341,0.0007521735,0.00028295445,0.0025488134,0.0054908427,0.008661517,0.0055392976,1.3128938e-05,4.4573568e-05,0.00055130513,6.114262e-05,0.9729613,0.0015862129,0.00048810538,0.00022823024,0.0007796363,1.0680289e-05
342,0.0007521735,0.00028295445,0.0025488134,0.0054908427,0.008661517,0.0055392976,1.3128939e-05,4.4573568e-05,0.00055130513,6.114262e-05,0.9729613,0.0015862129,0.00048810538,0.00022823024,0.0007796363,1.0680289e-05
343,0.0007521735,0.00028295445,0.0025488134,0.0054908427,0.008661517,0.0055392976,1.3128939e-05,4.4573568e-05,0.00055130513,6.114262e-05,0.9729613,0.0015862129,0.00048810538,0.00022823024,0.0007796363,1.0680289e-05
344,0.0007521735,0.00028295445,0.0025488134,0.0054908427,0.008661517,0.0055392976,1.3128939e-05,4.4573568e-05,0.00055130513,6.114262e-05,0.9729613,0.0015862129,0.00048810538,0.00022823024,0.0007796363,1.0680289e-05
345,0.0007521735,0.00028295445,0.0025488134,0.0054908427,0.008661517,0.0055392976,1.3128939e-05,4.4573568e-05,0.00055130513,6.114262e-05,0.9729613,0.0015862129,0.00048810538,0.00022823024,0.0007796363,1.0680289e-05
346,0.0006374037,0.00023626094,0.0025966293,0.004594997,0.0074849143,0.0046219663,1.1670444e-05,3.709407e-05,0.00046311773,5.1797415e-05,0.8442149,0.13364513,0.00052006636,0.00022211208,0.000653207,8.877226e-06
347,0.0007521735,0.00028295445,0.0025488131,0.005490843,0.008661517,0.0055392976,1.312894e-05,4.4573568e-05,0.00055130513,6.114262e-05,0.9729613,0.0015862129,0.0004881054,0.00022823024,0.0007796363,1.0680288e-05
348,0.15095052,0.0002404197,0.0021656586,0.004665504,0.007359587,0.004706941,1.1155401e-05,3.7872967e-05,0.00046843148,5.195523e-05,0.8266993,0.0013478431,0.00041482568,0.00020828072,0.0006624362,9.074763e-06
349,0.16401137,0.00023672107,0.0021323408,0.0045937356,0.007246376,0.0046345624,1.0983787e-05,3.7290305e-05,0.00046122508,5.1156327e-05,0.8139808,0.0013271152,0.00040845352,0.00020654597,0.00065224484,8.935149e-06
350,0.0007521735,0.00028295445,0.0025488131,0.005490843,0.008661517,0.0055392976,1.312894e-05,4.4573568e-05,0.00055130513,6.114263e-05,0.9729613,0.0015862129,0.00048810543,0.00022823026,0.0007796363,1.0680288e-05
351,0.0007521735,0.00028295445,0.0025488131,0.005490843,0.008661517,0.0055392976,1.312894e-05,4.4573568e-05,0.00055130513,6.114263e-05,0.9729613,0.0015862129,0.00048810543,0.00022823026,0.0007796363,1.0680288e-05
352,0.0007521735,0.00028295445,0.0025488131,0.005490843,0.008661517,0.0055392976,1.312894e-05,4.4573568e-05,0.00055130513,6.114263e-05,0.9729613,0.0015862129,0.00048810543,0.00022823026,0.0007796363,1.0680288e-05
353,0.21767175,0.00022152481,0.001995453,0.0042988705,0.0067812414,0.00433719,1.0278709e-05,3.4896413e-05,0.00043161723,4.7873964e-05,0.76172644,0.0012419537,0.00038227296,0.00019941869,0.00061037333,8.361552e-06
354,0.0007521735,0.00028295445,0.0025488131,0.005490843,0.008661517,0.0055392976,1.312894e-05,4.4573568e-05,0.00055130513,6.114263e-05,0.9729613,0.0015862129,0.00048810543,0.00022823026,0.0007796363,1.0680288e-05
355,0.0007521735,0.00028295445,0.0025488131,0.005490843,0.008661517,0.0055392976,1.3128941e-05,4.4573568e-05,0.00055130513,6.114263e-05,0.9729613,0.0015862129,0.00048810543,0.00022823026,0.0007796363,1.0680288e-05
356,0.0007521735,0.00028295445,0.0025488131,0.005490843,0.008661517,0.0055392976,1.3128941e-05,4.4573568e-05,0.00055130513,6.114263e-05,0.9729613,0.0015862129,0.00048810543,0.00022823026,0.0007796363,1.0680288e-05
357,0.0007521735,0.00028295445,0.0025488131,0.005490843,0.008661517,0.0055392976,1.3128941e-05,4.4573568e-05,0.00055130513,6.114263e-05,0.9729613,0.0015862129,0.00048810543,0.00022823026,0.0007796363,1.0680288e-05
358,0.0007521735,0.00028295445,0.0025488131,0.005490843,0.008661517,0.0055392976,1.3128941e-05,4.4573568e-05,0.00055130513,6.114263e-05,0.9729613,0.0015862129,0.00048810543,0.00022823026,0.0007796363,1.0680288e-05
359,0.00077692675,0.0002648688,0.004845679,0.005039644,0.008608719,0.0049964185,0.00012017419,5.2131385e-05,0.00050490955,6.830849e-05,0.96911603,0.003495489,0.00085211796,0.00047636608,0.0007727005,9.699121e-06
360,0.0007521735,0.00028295445,0.0025488131,0.005490843,0.008661517,0.0055392976,1.3128942e-05,4.4573568e-05,0.00055130513,6.114263e-05,0.9729613,0.0015862129,0.00048810546,0.00022823026,0.0007796363,1.0680288e-05
361,0.0007521735,0.00028295445,0.0025488131,0.005490843,0.008661517,0.0055392976,1.3128942e-05,4.4573568e-05,0.00055130513,6.114263e-05,0.9729613,0.0015862129,0.00048810546,0.00022823026,0.0007796363,1.0680288e-05
362,0.0007521735,0.00028295445,0.0025488131,0.005490843,0.008661517,0.0055392976,1.3128942e-05,4.4573568e-05,0.00055130513,6.114263e-05,0.9729613,0.0015862129,0.00048810546,0.00022823026,0.0007796363,1.0680288e-05
363,0.0017131603,0.00039031633,0.0034789967,0.0024872727,0.009002331,0.00035784757,7.4356835e-06,0.00014381851,0.00022137778,3.5755786e-06,0.830931,0.01973248,0.13111497,0.00021252784,0.00020168872,2.133504e-06
364,0.0007521735,0.00028295445,0.0025488131,0.005490843,0.008661517,0.0055392976,1.3128942e-05,4.4573568e-05,0.00055130513,6.114264e-05,0.9729613,0.0015862129,0.0004881055,0.00022823026,0.0007796363,1.0680288e-05
365,0.0007521735,0.00028295445,0.0025488131,0.005490843,0.008661517,0.0055392976,1.3128942e-05,4.4573568e-05,0.00055130513,6.114264e-05,0.9729613,0.0015862129,0.0004881055,0.00022823026,0.0007796363,1.0680288e-05
366,0.0007521735,0.00028295445,0.0025488131,0.005490843,0.008661518,0.0055392976,1.3128942e-05,4.4573568e-05,0.00055130513,6.114264e-05,0.9729613,0.0015862129,0.00048810552,0.00022823026,0.0007796363,1.0680288e-05
367,0.0007521735,0.00028295445,0.0025488131,0.005490843,0.008661518,0.0055392976,1.3128942e-05,4.4573568e-05,0.00055130513,6.114264e-05,0.9729613,0.0015862129,0.00048810552,0.00022823026,0.0007796363,1.0680288e-05
368,0.0006727495,0.00025045307,0.002256051,0.119528785,0.0076704533,0.004904782,1.1690147e-05,3.9455164e-05,0.0004881101,5.419762e-05,0.8612898,0.0014041234,0.00044915584,0.00027730418,0.00069383363,9.455834e-06
369,0.0006158696,0.00022770079,0.0020475495,0.004408722,0.006955571,0.0044597234,1.1456606e-05,3.618665e-05,0.00044309534,4.9311966e-05,0.7810994,0.0012734146,0.00039901643,0.19733553,0.0006292429,8.633072e-06
370,0.18426862,0.00023098427,0.0020806643,0.0044824216,0.007070784,0.004522301,1.0717614e-05,3.6386587e-05,0.0004500478,4.99172e-05,0.7942543,0.001294966,0.0003985701,0.00020385534,0.0006364379,8.718611e-06
371,0.0007521735,0.00028295445,0.0025488131,0.005490843,0.008661518,0.0055392976,1.3128942e-05,4.4573568e-05,0.0005513051,6.1142644e-05,0.9729613,0.0015862129,0.00048810555,0.00022823027,0.0007796363,1.0680288e-05
372,0.00076831947,0.00065242936,0.0055701616,0.0036243058,0.008383728,0.003154816,2.0591975e-05,0.00043587238,0.00044472597,5.191866e-05,0.972091,0.0010654791,0.0027031202,0.0001498986,0.0008632556,1.9817244e-05
373,0.0007521735,0.00028295445,0.0025488131,0.005490843,0.008661518,0.0055392976,1.3128941e-05,4.4573568e-05,0.0005513051,6.114265e-05,0.9729613,0.0015862129,0.0004881056,0.00022823027,0.0007796363,1.0680288e-05
374,0.0007521735,0.00028295445,0.0025488131,0.005490843,0.008661518,0.0055392976,1.3128941e-05,4.4573568e-05,0.0005513051,6.114265e-05,0.9729613,0.0015862129,0.0004881056,0.00022823027,0.0007796363,1.0680288e-05
375,0.0007521735,0.00028295445,0.0025488131,0.005490843,0.008661518,0.0055392976,1.3128941e-05,4.4573568e-05,0.0005513051,6.114265e-05,0.9729613,0.0015862129,0.00048810564,0.00022823027,0.0007796363,1.0680288e-05
376,0.0007521735,0.00028295445,0.0025488131,0.005490843,0.008661518,0.0055392976,1.3128941e-05,4.4573568e-05,0.0005513051,6.114265e-05,0.9729613,0.0015862129,0.00048810564,0.00022823027,0.0007796363,1.0680288e-05
377,0.14851312,0.00024110991,0.0021718766,0.0046788985,0.0073807156,0.004720448,1.1187425e-05,3.7981703e-05,0.0004697763,5.2104326e-05,0.8290728,0.0013517111,0.00041601487,0.00020860447,0.0006643381,9.100816e-06
378,0.0007521735,0.00028295445,0.0025488131,0.005490843,0.008661518,0.0055392976,1.3128941e-05,4.4573568e-05,0.0005513051,6.114265e-05,0.9729613,0.0015862129,0.00048810564,0.00022823027,0.0007796363,1.0680288e-05
379,0.0007521735,0.00028295445,0.0025488131,0.005490843,0.008661518,0.0055392976,1.3128941e-05,4.4573568e-05,0.0005513051,6.114265e-05,0.9729613,0.0015862129,0.00048810564,0.00022823027,0.0007796363,1.0680288e-05
380,0.0007521735,0.00028295445,0.0025488131,0.005490843,0.008661518,0.0055392976,1.312894e-05,4.4573568e-05,0.0005513051,6.114265e-05,0.9729613,0.0015862129,0.00048810567,0.00022823027,0.0007796363,1.0680288e-05
381,0.0007521735,0.00028295445,0.0025488131,0.005490843,0.008661518,0.0055392976,1.312894e-05,4.4573568e-05,0.0005513051,6.114265e-05,0.9729613,0.0015862129,0.00048810567,0.00022823027,0.0007796363,1.0680288e-05
382,0.00063947024,0.00023726783,0.002134342,0.0045960885,0.0072509516,0.0046466487,1.1746166e-05,3.7638823e-05,0.00046183157,5.1360417e-05,0.8143198,0.0013275752,0.00041444213,0.1632068,0.0006552834,8.987544e-06
383,0.00062967,0.00023329507,0.002098301,0.0045182835,0.0071282936,0.004569026,1.1625924e-05,3.7035807e-05,0.00045405122,5.0509785e-05,0.8005249,0.0013050846,0.00040803658,0.1773789,0.0006444699,8.840347e-06
384,0.0007521735,0.00028295445,0.0025488131,0.005490843,0.008661518,0.0055392976,1.312894e-05,4.4573568e-05,0.0005513051,6.114266e-05,0.9729613,0.0015862129,0.0004881057,0.00022823029,0.0007796363,1.0680288e-05
385,0.001042968,0.00023205568,0.0021030628,0.004506548,0.007177581,0.005680206,1.1651675e-05,3.757931e-05,0.00045382907,5.7041278e-05,0.9760438,0.0012904428,0.00045764077,0.00025749858,0.0006339898,1.3791768e-05
386,0.0005907845,0.0002172941,0.0026160523,0.004231109,0.007006982,0.0042493506,1.1078003e-05,3.4055905e-05,0.00042729604,4.8001388e-05,0.79191834,0.18728729,0.00053304894,0.00021962698,0.0006018517,8.144829e-06
387,0.0007521735,0.00028295445,0.0025488131,0.005490843,0.008661518,0.0055392976,1.312894e-05,4.4573568e-05,0.0005513051,6.114266e-05,0.9729613,0.0015862129,0.0004881057,0.00022823029,0.0007796363,1.0680288e-05
388,0.0007521735,0.00028295445,0.0025488131,0.005490843,0.008661518,0.0055392976,1.312894e-05,4.4573568e-05,0.0005513051,6.1142666e-05,0.9729613,0.0015862129,0.00048810572,0.00022823029,0.0007796363,1.0680288e-05
389,0.0007521735,0.00028295445,0.0025488131,0.005490843,0.008661518,0.0055392976,1.312894e-05,4.4573568e-05,0.0005513051,6.1142666e-05,0.9729613,0.0015862129,0.00048810572,0.00022823029,0.0007796363,1.0680288e-05
390,0.0007521735,0.00028295445,0.0025488131,0.005490843,0.008661518,0.0055392976,1.312894e-05,4.4573568e-05,0.0005513051,6.1142666e-05,0.9729613,0.0015862129,0.00048810572,0.00022823029,0.0007796363,1.0680288e-05
391,0.0007521735,0.00028295445,0.0025488131,0.005490843,0.008661518,0.0055392976,1.3128939e-05,4.4573568e-05,0.0005513051,6.1142666e-05,0.9729613,0.0015862129,0.00048810575,0.00022823029,0.0007796363,1.0680288e-05
392,0.0007521735,0.00028295445,0.0025488131,0.005490843,0.008661518,0.0055392976,1.3128939e-05,4.4573568e-05,0.0005513051,6.1142666e-05,0.9729613,0.0015862129,0.00048810575,0.00022823029,0.0007796363,1.0680288e-05
393,0.0007521735,0.00028295445,0.0025488131,0.005490843,0.008661518,0.0055392976,1.3128939e-05,4.4573568e-05,0.0005513051,6.1142666e-05,0.9729613,0.0015862129,0.00048810575,0.00022823029,0.0007796363,1.0680288e-05
394,0.0007521735,0.00028295445,0.0025488131,0.005490843,0.008661518,0.0055392976,1.3128939e-05,4.4573568e-05,0.0005513051,6.1142666e-05,0.9729613,0.0015862128,0.00048810578,0.00022823029,0.0007796363,1.0680288e-05
395,0.0007521735,0.00028295445,0.0025488131,0.005490843,0.008661518,0.0055392976,1.3128939e-05,4.4573568e-05,0.0005513051,6.1142666e-05,0.9729613,0.0015862128,0.00048810578,0.00022823029,0.0007796363,1.0680288e-05
396,0.0007521735,0.00028295445,0.0025488131,0.005490843,0.008661518,0.0055392976,1.3128939e-05,4.4573568e-05,0.0005513051,6.1142666e-05,0.9729613,0.0015862128,0.00048810578,0.00022823029,0.0007796363,1.0680288e-05
397,0.0007521735,0.00028295445,0.0025488131,0.005490843,0.008661518,0.0055392976,1.3128939e-05,4.4573568e-05,0.0005513051,6.1142666e-05,0.9729613,0.0015862128,0.00048810578,0.00022823029,0.0007796363,1.0680288e-05
398,0.0007521735,0.00028295445,0.0025488131,0.005490843,0.008661518,0.0055392976,1.3128939e-05,4.4573568e-05,0.0005513051,6.1142666e-05,0.9729613,0.0015862128,0.00048810578,0.00022823029,0.0007796363,1.0680288e-05
399,0.0007521735,0.00028295445,0.0025488131,0.005490843,0.008661518,0.0055392976,1.3128939e-05,4.4573568e-05,0.0005513051,6.1142666e-05,0.9729613,0.0015862128,0.00048810578,0.00022823029,0.0007796363,1.0680288e-05
400,0.0007521735,0.00028295445,0.0025488131,0.005490843,0.008661518,0.0055392976,1.3128939e-05,4.4573568e-05,0.0005513051,6.1142666e-05,0.9729613,0.0015862128,0.00048810578,0.00022823029,0.0007796363,1.0680288e-05
401,0.00014262958,0.0005482055,0.027552664,0.00096655585,0.003500855,0.0016749193,9.906578e-05,0.0001483554,0.00014834123,2.6261185e-05,0.9588014,0.0023076034,0.0026155114,0.0008986909,0.0005662812,1.9335312e-06
402,0.0007521735,0.00028295445,0.0025488131,0.0054908437,0.008661518,0.0055392976,1.3128939e-05,4.4573568e-05,0.0005513051,6.114267e-05,0.9729613,0.0015862128,0.0004881058,0.0002282303,0.0007796363,1.0680288e-05
403,0.0007521735,0.00028295445,0.0025488131,0.0054908437,0.008661518,0.0055392976,1.3128939e-05,4.4573568e-05,0.0005513051,6.114267e-05,0.9729613,0.0015862128,0.0004881058,0.0002282303,0.0007796363,1.0680288e-05
404,0.00064139283,0.0002378839,0.0025949671,0.0046261344,0.0075258133,0.0046538506,1.1721135e-05,3.735404e-05,0.00046618277,5.2122243e-05,0.84869,0.1290551,0.0005189555,0.00022232482,0.00065760146,8.939896e-06
405,0.0006061446,0.00022354326,0.0026096534,0.0043510026,0.0071644494,0.00437212,1.12732e-05,3.505691e-05,0.00043909848,4.925209e-05,0.80914885,0.1696135,0.0005287715,0.00022044576,0.0006187722,8.386137e-06
406,0.0007521735,0.00028295445,0.0025488131,0.0054908437,0.008661519,0.0055392976,1.3128939e-05,4.4573568e-05,0.0005513051,6.114267e-05,0.9729613,0.0015862128,0.00048810584,0.0002282303,0.0007796363,1.0680288e-05
407,0.0007521735,0.00028295445,0.0025488131,0.0054908437,0.008661519,0.0055392976,1.3128939e-05,4.4573568e-05,0.0005513051,6.114267e-05,0.9729613,0.0015862128,0.00048810584,0.0002282303,0.0007796363,1.0680288e-05
408,0.0007521735,0.00028295445,0.0025488131,0.0054908437,0.008661519,0.0055392976,1.3128939e-05,4.4573568e-05,0.0005513051,6.114267e-05,0.9729613,0.0015862128,0.00048810584,0.0002282303,0.0007796363,1.0680288e-05
409,0.0007521735,0.00028295445,0.0025488131,0.0054908437,0.008661519,0.0055392976,1.3128939e-05,4.4573568e-05,0.0005513051,6.114267e-05,0.9729613,0.0015862128,0.00048810584,0.0002282303,0.0007796363,1.0680288e-05
410,0.0007521735,0.00028295445,0.0025488131,0.0054908437,0.008661519,0.0055392976,1.3128939e-05,4.4573568e-05,0.0005513051,6.114267e-05,0.9729613,0.0015862128,0.00048810584,0.0002282303,0.0007796363,1.0680288e-05
411,0.0007521735,0.00028295445,0.0025488131,0.0054908437,0.008661519,0.0055392976,1.3128939e-05,4.4573568e-05,0.0005513051,6.114267e-05,0.9729613,0.0015862128,0.00048810584,0.0002282303,0.0007796363,1.0680288e-05
412,0.0007521735,0.00028295445,0.0025488131,0.0054908437,0.008661519,0.0055392976,1.3128938e-05,4.4573568e-05,0.000551305,6.114268e-05,0.9729613,0.0015862128,0.00048810584,0.0002282303,0.0007796363,1.0680288e-05
413,0.0007521735,0.00028295445,0.0025488131,0.0054908437,0.008661519,0.0055392976,1.3128938e-05,4.4573568e-05,0.000551305,6.114268e-05,0.9729613,0.0015862128,0.00048810584,0.0002282303,0.0007796363,1.0680288e-05
414,0.0007521735,0.00028295445,0.0025488131,0.0054908437,0.008661519,0.0055392976,1.3128938e-05,4.4573568e-05,0.000551305,6.114268e-05,0.9729613,0.0015862128,0.00048810584,0.0002282303,0.0007796363,1.0680288e-05
415,0.0007521735,0.00028295445,0.0025488131,0.0054908437,0.008661519,0.0055392976,1.3128938e-05,4.4573568e-05,0.000551305,6.114268e-05,0.9729613,0.0015862128,0.00048810584,0.0002282303,0.0007796363,1.0680288e-05
416,0.00062950456,0.0002330472,0.0025999208,0.004533341,0.0074039353,0.0045588315,1.1570059e-05,3.6579284e-05,0.00045704798,5.1154224e-05,0.83535385,0.14273423,0.00052226643,0.0002216911,0.00064450543,8.75313e-06
417,0.00037943647,0.00022902446,0.026741028,0.0052367426,0.010450944,0.0034799573,0.00014734884,0.00022013499,0.0003862982,6.123135e-05,0.9503646,0.0009858941,0.0006371282,0.00027801792,0.00039172132,9.523737e-06
418,0.00059767574,0.00022009779,0.002613182,0.004284899,0.0070776297,0.0043044314,1.1165576e-05,3.4505007e-05,0.00043259113,4.8562513e-05,0.7996488,0.17935787,0.0005311296,0.00021999436,0.00060944306,8.253092e-06
419,0.0007521735,0.00028295445,0.0025488131,0.0054908437,0.008661519,0.0055392976,1.3128938e-05,4.4573568e-05,0.000551305,6.114268e-05,0.9729613,0.0015862128,0.00048810587,0.0002282303,0.0007796363,1.0680288e-05
420,0.0007521735,0.00028295445,0.0025488131,0.0054908437,0.008661519,0.0055392976,1.3128938e-05,4.4573568e-05,0.000551305,6.114268e-05,0.9729613,0.0015862128,0.00048810587,0.0002282303,0.0007796363,1.0680288e-05
421,0.0007521735,0.00028295445,0.0025488131,0.0054908437,0.008661519,0.0055392976,1.3128938e-05,4.4573568e-05,0.000551305,6.114268e-05,0.9729613,0.0015862128,0.00048810587,0.0002282303,0.0007796363,1.0680288e-05
422,0.0007521735,0.00028295445,0.0025488131,0.0054908437,0.008661519,0.0055392976,1.3128938e-05,4.4573568e-05,0.000551305,6.114268e-05,0.9729613,0.0015862128,0.00048810587,0.0002282303,0.0007796363,1.0680288e-05
423,0.0007521735,0.00028295445,0.0025488131,0.0054908437,0.008661519,0.0055392976,1.3128938e-05,4.4573568e-05,0.000551305,6.114268e-05,0.9729613,0.0015862128,0.00048810587,0.0002282303,0.0007796363,1.0680288e-05
424,0.0007521735,0.00028295445,0.0025488131,0.0054908437,0.008661519,0.0055392976,1.3128938e-05,4.4573568e-05,0.000551305,6.114268e-05,0.9729613,0.0015862128,0.00048810587,0.0002282303,0.0007796363,1.0680288e-05
425,0.00075862807,0.0002854019,0.0025411423,0.0054906784,0.008643398,0.0055028717,1.3674453e-05,7.608525e-05,0.00055109145,6.1094164e-05,0.9729822,0.0015792613,0.0004865433,0.00022661909,0.00077373633,2.7447097e-05
426,0.0007521735,0.00028295445,0.0025488131,0.0054908437,0.008661519,0.0055392976,1.3128938e-05,4.4573568e-05,0.000551305,6.114268e-05,0.9729613,0.0015862128,0.00048810587,0.0002282303,0.0007796363,1.0680288e-05
427,0.0007521735,0.00028295445,0.0025488131,0.0054908437,0.008661519,0.0055392976,1.3128938e-05,4.4573568e-05,0.000551305,6.114269e-05,0.97296137,0.0015862128,0.0004881059,0.0002282303,0.0007796363,1.0680288e-05
428,0.0007521735,0.00028295445,0.0025488131,0.0054908437,0.008661519,0.0055392976,1.3128938e-05,4.4573568e-05,0.000551305,6.114269e-05,0.97296137,0.0015862128,0.0004881059,0.0002282303,0.0007796363,1.0680288e-05
429,0.0007521735,0.00028295445,0.0025488131,0.0054908437,0.008661519,0.0055392976,1.3128938e-05,4.4573568e-05,0.000551305,6.114269e-05,0.97296137,0.0015862128,0.0004881059,0.0002282303,0.0007796363,1.0680288e-05
430,0.0007521735,0.00028295445,0.0025488131,0.0054908437,0.008661519,0.0055392976,1.3128938e-05,4.4573568e-05,0.000551305,6.114269e-05,0.97296137,0.0015862128,0.0004881059,0.0002282303,0.0007796363,1.0680288e-05
431,0.0007521735,0.00028295445,0.0025488131,0.0054908437,0.008661519,0.0055392976,1.3128938e-05,4.4573568e-05,0.000551305,6.114269e-05,0.97296137,0.0015862128,0.0004881059,0.0002282303,0.0007796363,1.0680288e-05
432,0.0007521735,0.00028295445,0.0025488131,0.0054908437,0.008661519,0.0055392976,1.3128938e-05,4.4573568e-05,0.000551305,6.114269e-05,0.97296137,0.0015862128,0.0004881059,0.0002282303,0.0007796363,1.0680288e-05
433,0.0007521735,0.00028295445,0.0025488131,0.0054908437,0.008661519,0.0055392976,1.3128938e-05,4.4573568e-05,0.000551305,6.114269e-05,0.97296137,0.0015862128,0.0004881059,0.0002282303,0.0007796363,1.0680288e-05
434,0.0007521735,0.00028295445,0.0025488131,0.0054908437,0.008661519,0.0055392976,1.3128938e-05,4.4573568e-05,0.000551305,6.114269e-05,0.97296137,0.0015862128,0.0004881059,0.0002282303,0.0007796363,1.0680288e-05
435,0.0007521735,0.00028295445,0.0025488131,0.0054908437,0.008661519,0.0055392976,1.3128938e-05,4.4573568e-05,0.000551305,6.114269e-05,0.97296137,0.0015862128,0.0004881059,0.0002282303,0.0007796363,1.0680288e-05
436,0.0007521735,0.00028295445,0.0025488131,0.0054908437,0.008661519,0.0055392976,1.3128938e-05,4.4573568e-05,0.000551305,6.114269e-05,0.97296137,0.0015862128,0.00048810593,0.00022823032,0.0007796363,1.0680288e-05
437,0.0007521735,0.00028295445,0.0025488131,0.0054908437,0.008661519,0.0055392976,1.3128938e-05,4.4573568e-05,0.000551305,6.114269e-05,0.97296137,0.0015862128,0.00048810593,0.00022823032,0.0007796363,1.0680288e-05
438,0.0007521735,0.00028295445,0.0025488131,0.0054908437,0.008661519,0.0055392976,1.3128938e-05,4.4573568e-05,0.000551305,6.114269e-05,0.97296137,0.0015862128,0.00048810593,0.00022823032,0.0007796363,1.0680288e-05
439,0.0007521735,0.00028295445,0.0025488131,0.0054908437,0.008661519,0.0055392976,1.3128938e-05,4.4573568e-05,0.000551305,6.114269e-05,0.97296137,0.0015862128,0.00048810593,0.00022823032,0.0007796363,1.0680288e-05
440,0.0007521735,0.00028295445,0.0025488131,0.0054908437,0.008661519,0.0055392976,1.3128938e-05,4.4573568e-05,0.000551305,6.114269e-05,0.97296137,0.0015862128,0.00048810593,0.00022823032,0.0007796363,1.0680288e-05
441,0.0007521735,0.00028295445,0.0025488131,0.0054908437,0.008661519,0.0055392976,1.3128938e-05,4.4573568e-05,0.000551305,6.114269e-05,0.97296137,0.0015862128,0.00048810593,0.00022823032,0.0007796363,1.0680288e-05
442,0.0007521735,0.00028295445,0.0025488131,0.0054908437,0.008661519,0.0055392976,1.3128938e-05,4.4573568e-05,0.000551305,6.114269e-05,0.97296137,0.0015862128,0.00048810593,0.00022823032,0.0007796363,1.0680288e-05
443,0.0007521735,0.00028295445,0.0025488131,0.0054908437,0.008661519,0.0055392976,1.3128938e-05,4.4573568e-05,0.000551305,6.114269e-05,0.97296137,0.0015862128,0.00048810593,0.00022823032,0.0007796363,1.0680288e-05
444,0.0007521735,0.00028295445,0.0025488131,0.0054908437,0.008661519,0.0055392976,1.3128937e-05,4.4573568e-05,0.000551305,6.1142695e-05,0.97296137,0.0015862128,0.00048810596,0.00022823032,0.0007796363,1.0680288e-05
445,0.0007521735,0.00028295445,0.0025488131,0.0054908437,0.008661519,0.0055392976,1.3128937e-05,4.4573568e-05,0.000551305,6.1142695e-05,0.97296137,0.0015862128,0.00048810596,0.00022823032,0.0007796363,1.0680288e-05
446,0.0007521735,0.00028295445,0.0025488131,0.0054908437,0.008661519,0.0055392976,1.3128937e-05,4.4573568e-05,0.000551305,6.1142695e-05,0.97296137,0.0015862128,0.00048810596,0.00022823032,0.0007796363,1.0680288e-05
447,0.0007521735,0.00028295445,0.0025488131,0.0054908437,0.008661519,0.0055392976,1.3128937e-05,4.4573568e-05,0.000551305,6.1142695e-05,0.97296137,0.0015862128,0.00048810596,0.00022823032,0.0007796363,1.0680288e-05
448,0.0007521735,0.00028295445,0.0025488131,0.0054908437,0.008661519,0.0055392976,1.3128937e-05,4.4573568e-05,0.000551305,6.1142695e-05,0.97296137,0.0015862128,0.00048810596,0.00022823032,0.0007796363,1.0680288e-05
449,0.0007521735,0.00028295445,0.0025488131,0.0054908437,0.008661519,0.0055392976,1.3128937e-05,4.4573568e-05,0.000551305,6.1142695e-05,0.97296137,0.0015862128,0.00048810596,0.00022823032,0.0007796363,1.0680288e-05
450,0.0007521735,0.00028295445,0.0025488131,0.0054908437,0.008661519,0.0055392976,1.3128937e-05,4.4573568e-05,0.000551305,6.1142695e-05,0.97296137,0.0015862128,0.00048810596,0.00022823032,0.0007796363,1.0680288e-05
451,0.0007521735,0.00028295445,0.0025488131,0.0054908437,0.008661519,0.0055392976,1.3128937e-05,4.4573568e-05,0.000551305,6.1142695e-05,0.97296137,0.0015862128,0.00048810596,0.00022823032,0.0007796363,1.0680288e-05
452,0.0007521735,0.00028295445,0.0025488131,0.0054908437,0.008661519,0.0055392976,1.3128937e-05,4.4573568e-05,0.000551305,6.1142695e-05,0.97296137,0.0015862128,0.00048810596,0.00022823032,0.0007796363,1.0680288e-05
453,0.0007521735,0.00028295445,0.0025488131,0.0054908437,0.008661519,0.0055392976,1.3128937e-05,4.4573568e-05,0.000551305,6.1142695e-05,0.97296137,0.0015862128,0.00048810596,0.00022823032,0.0007796363,1.0680288e-05
454,0.0007521735,0.00028295445,0.0025488131,0.0054908437,0.008661519,0.0055392976,1.3128937e-05,4.4573568e-05,0.000551305,6.1142695e-05,0.97296137,0.0015862128,0.00048810596,0.00022823032,0.0007796363,1.0680288e-05
455,0.0007521735,0.00028295445,0.0025488131,0.0054908437,0.008661519,0.0055392976,1.3128937e-05,4.4573568e-05,0.000551305,6.1142695e-05,0.97296137,0.0015862128,0.00048810596,0.00022823032,0.0007796363,1.0680288e-05
456,0.0007521735,0.00028295445,0.0025488131,0.0054908437,0.008661519,0.0055392976,1.3128937e-05,4.4573568e-05,0.000551305,6.1142695e-05,0.97296137,0.0015862128,0.00048810596,0.00022823032,0.0007796363,1.0680288e-05
457,0.0007521735,0.00028295445,0.0025488131,0.0054908437,0.008661519,0.0055392976,1.3128937e-05,4.4573568e-05,0.000551305,6.1142695e-05,0.97296137,0.0015862128,0.00048810596,0.00022823032,0.0007796363,1.0680288e-05
458,0.0007521735,0.00028295445,0.0025488131,0.0054908437,0.008661519,0.0055392976,1.3128937e-05,4.4573568e-05,0.000551305,6.1142695e-05,0.97296137,0.0015862128,0.00048810596,0.00022823032,0.0007796363,1.0680288e-05
459,0.0007521735,0.00028295445,0.0025488131,0.0054908437,0.008661519,0.0055392976,1.3128937e-05,4.4573568e-05,0.000551305,6.1142695e-05,0.97296137,0.0015862128,0.00048810596,0.00022823032,0.0007796363,1.0680288e-05
460,0.0007521735,0.00028295445,0.0025488131,0.0054908437,0.008661519,0.0055392976,1.3128937e-05,4.4573568e-05,0.000551305,6.1142695e-05,0.97296137,0.0015862128,0.00048810596,0.00022823032,0.0007796363,1.0680288e-05
461,0.0007521735,0.00028295445,0.0025488131,0.0054908437,0.008661519,0.0055392976,1.3128937e-05,4.4573568e-05,0.000551305,6.1142695e-05,0.97296137,0.0015862128,0.00048810596,0.00022823032,0.0007796363,1.0680288e-05
462,0.0007521735,0.00028295445,0.0025488131,0.0054908437,0.008661519,0.0055392976,1.3128937e-05,4.4573568e-05,0.000551305,6.1142695e-05,0.97296137,0.0015862128,0.00048810596,0.00022823032,0.0007796363,1.0680288e-05
463,0.0007521735,0.00028295445,0.0025488131,0.0054908437,0.008661519,0.0055392976,1.3128937e-05,4.4573568e-05,0.000551305,6.1142695e-05,0.97296137,0.0015862128,0.00048810596,0.00022823032,0.0007796363,1.0680288e-05
464,0.0007521735,0.00028295445,0.0025488131,0.0054908437,0.008661519,0.0055392976,1.3128937e-05,4.4573568e-05,0.000551305,6.1142695e-05,0.97296137,0.0015862128,0.00048810596,0.00022823032,0.0007796363,1.0680288e-05
465,0.0007521735,0.00028295445,0.0025488131,0.0054908437,0.008661519,0.0055392976,1.3128937e-05,4.4573568e-05,0.000551305,6.1142695e-05,0.97296137,0.0015862128,0.00048810596,0.00022823032,0.0007796363,1.0680288e-05
466,0.0007521735,0.00028295445,0.0025488131,0.0054908437,0.008661519,0.0055392976,1.3128937e-05,4.4573568e-05,0.000551305,6.1142695e-05,0.97296137,0.0015862128,0.00048810596,0.00022823032,0.0007796363,1.0680288e-05
467,0.0007521735,0.00028295445,0.0025488131,0.0054908437,0.008661519,0.0055392976,1.3128937e-05,4.4573568e-05,0.000551305,6.1142695e-05,0.97296137,0.0015862128,0.00048810596,0.00022823032,0.0007796363,1.0680288e-05
468,0.0007521735,0.00028295445,0.0025488131,0.0054908437,0.008661519,0.0055392976,1.3128936e-05,4.4573568e-05,0.000551305,6.1142695e-05,0.97296137,0.0015862128,0.00048810596,0.00022823032,0.0007796363,1.0680288e-05
469,0.0007521735,0.00028295445,0.0025488131,0.0054908437,0.008661519,0.0055392976,1.3128936e-05,4.4573568e-05,0.000551305,6.1142695e-05,0.97296137,0.0015862128,0.00048810596,0.00022823032,0.0007796363,1.0680288e-05
470,0.0007521735,0.00028295445,0.0025488131,0.0054908437,0.008661519,0.0055392976,1.3128936e-05,4.4573568e-05,0.000551305,6.1142695e-05,0.97296137,0.0015862128,0.00048810596,0.00022823032,0.0007796363,1.0680288e-05
471,0.0007521735,0.00028295445,0.0025488131,0.0054908437,0.008661519,0.0055392976,1.3128936e-05,4.4573568e-05,0.000551305,6.1142695e-05,0.97296137,0.0015862128,0.00048810596,0.00022823032,0.0007796363,1.0680288e-05
472,0.0007521735,0.00028295445,0.0025488131,0.0054908437,0.008661519,0.0055392976,1.3128936e-05,4.4573568e-05,0.000551305,6.1142695e-05,0.97296137,0.0015862128,0.00048810596,0.00022823032,0.0007796363,1.0680288e-05
473,0.0007521735,0.00028295445,0.0025488131,0.0054908437,0.008661519,0.0055392976,1.3128936e-05,4.4573568e-05,0.000551305,6.1142695e-05,0.97296137,0.0015862128,0.00048810596,0.00022823032,0.0007796363,1.0680288e-05
474,0.00061508635,0.00022738327,0.0020446684,0.004402503,0.006945768,0.004453518,1.1446991e-05,3.613845e-05,0.00044247336,4.924396e-05,0.7799967,0.0012716166,0.00039850443,0.19846831,0.0006283786,8.621307e-06
475,0.0007521735,0.00028295445,0.0025488131,0.0054908437,0.008661519,0.0055392976,1.3128936e-05,4.4573568e-05,0.000551305,6.1142695e-05,0.97296137,0.0015862128,0.00048810596,0.00022823032,0.0007796363,1.0680288e-05
476,0.0007521735,0.00028295445,0.0025488131,0.0054908437,0.008661519,0.0055392976,1.3128936e-05,4.4573568e-05,0.000551305,6.1142695e-05,0.97296137,0.0015862128,0.00048810596,0.00022823032,0.0007796363,1.0680288e-05
477,0.0007521735,0.00028295445,0.0025488131,0.0054908437,0.008661519,0.0055392976,1.3128936e-05,4.4573568e-05,0.000551305,6.1142695e-05,0.97296137,0.0015862128,0.00048810596,0.00022823033,0.0007796363,1.0680288e-05
478,0.0007521735,0.00028295445,0.0025488131,0.0054908437,0.008661519,0.0055392976,1.3128936e-05,4.4573568e-05,0.000551305,6.1142695e-05,0.97296137,0.0015862128,0.00048810596,0.00022823033,0.0007796363,1.0680288e-05
479,0.0007521735,0.00028295445,0.0025488131,0.0054908437,0.008661519,0.0055392976,1.3128936e-05,4.4573568e-05,0.000551305,6.1142695e-05,0.97296137,0.0015862128,0.00048810596,0.00022823033,0.0007796363,1.0680288e-05
480,0.0007521735,0.00028295445,0.0025488131,0.0054908437,0.008661519,0.0055392976,1.3128936e-05,4.4573568e-05,0.000551305,6.1142695e-05,0.97296137,0.0015862128,0.00048810596,0.00022823033,0.0007796363,1.0680288e-05
481,0.0007521735,0.00028295445,0.0025488131,0.0054908437,0.008661519,0.0055392976,1.3128936e-05,4.4573568e-05,0.000551305,6.1142695e-05,0.97296137,0.0015862128,0.00048810596,0.00022823033,0.0007796363,1.0680288e-05
482,0.0007521735,0.00028295445,0.0025488131,0.0054908437,0.008661519,0.0055392976,1.3128936e-05,4.4573568e-05,0.000551305,6.1142695e-05,0.97296137,0.0015862128,0.00048810596,0.00022823033,0.0007796363,1.0680288e-05
483,0.0007521735,0.00028295445,0.0025488131,0.0054908437,0.008661519,0.0055392976,1.3128936e-05,4.4573568e-05,0.000551305,6.1142695e-05,0.97296137,0.0015862128,0.00048810596,0.00022823033,0.0007796363,1.0680288e-05
484,0.0007521735,0.00028295445,0.0025488131,0.0054908437,0.008661519,0.0055392976,1.3128936e-05,4.4573568e-05,0.000551305,6.1142695e-05,0.97296137,0.0015862128,0.00048810596,0.00022823033,0.0007796363,1.0680288e-05
485,0.0007521735,0.00028295445,0.0025488131,0.0054908437,0.008661519,0.0055392976,1.3128936e-05,4.4573568e-05,0.000551305,6.1142695e-05,0.97296137,0.0015862128,0.00048810596,0.00022823033,0.0007796363,1.0680288e-05
486,0.0007521735,0.00028295445,0.0025488131,0.0054908437,0.008661519,0.0055392976,1.3128936e-05,4.4573568e-05,0.000551305,6.1142695e-05,0.97296137,0.0015862128,0.00048810596,0.00022823033,0.0007796363,1.0680288e-05
487,0.0007521735,0.00028295445,0.0025488131,0.0054908437,0.008661519,0.0055392976,1.3128936e-05,4.4573568e-05,0.000551305,6.1142695e-05,0.97296137,0.0015862128,0.00048810596,0.00022823033,0.0007796363,1.0680288e-05
488,0.0007521735,0.00028295445,0.0025488131,0.0054908437,0.008661519,0.0055392976,1.3128936e-05,4.4573568e-05,0.000551305,6.1142695e-05,0.97296137,0.0015862128,0.00048810596,0.00022823033,0.0007796363,1.0680288e-05
489,0.0007521735,0.00028295445,0.0025488131,0.0054908437,0.008661519,0.0055392976,1.3128936e-05,4.4573568e-05,0.000551305,6.1142695e-05,0.97296137,0.0015862128,0.00048810596,0.00022823033,0.0007796363,1.0680288e-05
490,0.0007521735,0.00028295445,0.0025488131,0.0054908437,0.008661519,0.0055392976,1.3128936e-05,4.4573568e-05,0.000551305,6.1142695e-05,0.97296137,0.0015862128,0.00048810596,0.00022823033,0.0007796363,1.0680288e-05
491,0.0007521735,0.00028295445,0.0025488131,0.0054908437,0.008661519,0.0055392976,1.3128936e-05,4.4573568e-05,0.000551305,6.1142695e-05,0.97296137,0.0015862128,0.00048810596,0.00022823033,0.0007796363,1.0680288e-05
492,0.0007521735,0.00028295445,0.0025488131,0.0054908437,0.008661519,0.0055392976,1.3128936e-05,4.4573568e-05,0.000551305,6.1142695e-05,0.97296137,0.0015862128,0.00048810596,0.00022823033,0.0007796363,1.0680288e-05
493,0.0007521735,0.00028295445,0.0025488131,0.0054908437,0.008661519,0.0055392976,1.3128936e-05,4.4573568e-05,0.000551305,6.1142695e-05,0.97296137,0.0015862128,0.00048810596,0.00022823033,0.0007796363,1.0680288e-05
494,0.0007521735,0.00028295445,0.0025488131,0.0054908437,0.008661519,0.0055392976,1.3128936e-05,4.4573568e-05,0.000551305,6.1142695e-05,0.97296137,0.0015862128,0.00048810596,0.00022823033,0.0007796363,1.0680288e-05
495,0.0007521735,0.00028295445,0.0025488131,0.0054908437,0.008661519,0.0055392976,1.3128936e-05,4.4573568e-05,0.000551305,6.1142695e-05,0.97296137,0.0015862128,0.00048810596,0.00022823033,0.0007796363,1.0680288e-05
496,0.0007521735,0.00028295445,0.0025488131,0.0054908437,0.008661519,0.0055392976,1.3128936e-05,4.4573568e-05,0.000551305,6.1142695e-05,0.97296137,0.0015862128,0.00048810596,0.00022823033,0.0007796363,1.0680288e-05
497,0.0007521735,0.00028295445,0.0025488131,0.0054908437,0.008661519,0.0055392976,1.3128935e-05,4.4573568e-05,0.000551305,6.1142695e-05,0.97296137,0.0015862128,0.00048810596,0.00022823033,0.0007796363,1.0680288e-05
498,0.0007521735,0.00028295445,0.0025488131,0.0054908437,0.008661519,0.0055392976,1.3128935e-05,4.4573568e-05,0.000551305,6.1142695e-05,0.97296137,0.0015862128,0.00048810596,0.00022823033,0.0007796363,1.0680288e-05
499,0.0007521735,0.00028295445,0.0025488131,0.0054908437,0.008661519,0.0055392976,1.3128935e-05,4.4573568e-05,0.000551305,6.1142695e-05,0.97296137,0.0015862128,0.00048810596,0.00022823033,0.0007796363,1.0680288e-05
500,0.0007521735,0.00028295445,0.0025488131,0.0054908437,0.008661519,0.0055392976,1.3128935e-05,4.4573568e-05,0.000551305,6.1142695e-05,0.97296137,0.0015862128,0.00048810596,0.00022823033,0.0007796363,1.0680288e-05
501,0.0007521735,0.00028295445,0.0025488131,0.0054908437,0.008661519,0.0055392976,1.3128935e-05,4.4573568e-05,0.000551305,6.1142695e-05,0.97296137,0.0015862128,0.00048810596,0.00022823033,0.0007796363,1.0680288e-05
502,0.0007521735,0.00028295445,0.0025488131,0.0054908437,0.008661519,0.0055392976,1.3128935e-05,4.4573568e-05,0.000551305,6.1142695e-05,0.97296137,0.0015862128,0.00048810596,0.00022823033,0.0007796363,1.0680288e-05
503,0.0007521735,0.00028295445,0.0025488131,0.0054908437,0.008661519,0.0055392976,1.3128935e-05,4.4573568e-05,0.000551305,6.1142695e-05,0.97296137,0.0015862128,0.00048810596,0.00022823033,0.0007796363,1.0680288e-05
504,0.0007521735,0.00028295445,0.0025488131,0.0054908437,0.008661519,0.0055392976,1.3128935e-05,4.4573568e-05,0.000551305,6.1142695e-05,0.97296137,0.0015862128,0.00048810596,0.00022823033,0.0007796363,1.0680288e-05
505,0.0007521735,0.00028295445,0.0025488131,0.0054908437,0.008661519,0.0055392976,1.3128935e-05,4.4573568e-05,0.000551305,6.1142695e-05,0.97296137,0.0015862128,0.00048810596,0.00022823033,0.0007796363,1.0680288e-05
506,0.0007521735,0.00028295445,0.0025488131,0.0054908437,0.008661519,0.0055392976,1.3128935e-05,4.4573568e-05,0.000551305,6.1142695e-05,0.97296137,0.0015862128,0.00048810596,0.00022823033,0.0007796363,1.0680288e-05
507,0.0007521735,0.00028295445,0.0025488131,0.0054908437,0.00866152,0.0055392976,1.3128935e-05,4.4573568e-05,0.00055130495,6.1142695e-05,0.97296137,0.0015862128,0.00048810596,0.00022823033,0.0007796363,1.0680288e-05
508,0.0007521735,0.00028295445,0.0025488131,0.0054908437,0.00866152,0.0055392976,1.3128935e-05,4.4573568e-05,0.00055130495,6.1142695e-05,0.97296137,0.0015862128,0.00048810596,0.00022823033,0.0007796363,1.0680288e-05
509,0.0007521735,0.00028295445,0.0025488131,0.0054908437,0.00866152,0.0055392976,1.3128935e-05,4.4573568e-05,0.00055130495,6.1142695e-05,0.97296137,0.0015862128,0.00048810596,0.00022823033,0.0007796363,1.0680288e-05
510,0.0007521735,0.00028295445,0.0025488131,0.0054908437,0.00866152,0.0055392976,1.3128935e-05,4.4573568e-05,0.00055130495,6.1142695e-05,0.97296137,0.0015862128,0.00048810596,0.00022823033,0.0007796363,1.0680288e-05
511,0.0007521735,0.00028295445,0.0025488131,0.005490844,0.00866152,0.0055392976,1.3128935e-05,4.4573568e-05,0.00055130495,6.1142695e-05,0.97296137,0.0015862128,0.00048810596,0.00022823035,0.0007796363,1.0680288e-05
512,0.0007521735,0.00028295445,0.0025488131,0.005490844,0.00866152,0.0055392976,1.3128935e-05,4.4573568e-05,0.00055130495,6.1142695e-05,0.97296137,0.0015862128,0.00048810596,0.00022823035,0.0007796363,1.0680288e-05
513,0.0007521735,0.00028295445,0.0025488131,0.005490844,0.00866152,0.0055392976,1.3128935e-05,4.4573568e-05,0.00055130495,6.1142695e-05,0.97296137,0.0015862128,0.00048810596,0.00022823035,0.0007796363,1.0680288e-05
514,0.0007521735,0.00028295445,0.0025488131,0.005490844,0.00866152,0.0055392976,1.3128935e-05,4.4573568e-05,0.00055130495,6.1142695e-05,0.97296137,0.0015862128,0.00048810596,0.00022823035,0.0007796363,1.0680288e-05
515,0.0007587346,0.00029524392,0.0025516518,0.005461827,0.008651379,0.005495175,5.2448893e-05,4.813562e-05,0.00054683845,8.458348e-05,0.97295076,0.0015883484,0.0004890815,0.00022843471,0.0007732168,2.4118091e-05
516,0.0007521735,0.00028295445,0.0025488131,0.005490844,0.00866152,0.0055392976,1.3128935e-05,4.4573568e-05,0.00055130495,6.1142695e-05,0.97296137,0.0015862128,0.00048810596,0.00022823035,0.0007796363,1.0680288e-05
517,0.0007521735,0.00028295445,0.0025488131,0.005490844,0.00866152,0.0055392976,1.3128935e-05,4.4573568e-05,0.00055130495,6.1142695e-05,0.97296137,0.0015862128,0.00048810596,0.00022823035,0.0007796363,1.0680288e-05
518,0.0007521735,0.00028295445,0.0025488131,0.005490844,0.00866152,0.0055392976,1.3128935e-05,4.4573568e-05,0.00055130495,6.1142695e-05,0.97296137,0.0015862128,0.00048810596,0.00022823035,0.0007796363,1.0680288e-05
519,0.0007521735,0.00028295445,0.0025488131,0.005490844,0.00866152,0.0055392976,1.3128935e-05,4.4573568e-05,0.00055130495,6.1142695e-05,0.97296137,0.0015862128,0.00048810596,0.00022823035,0.0007796363,1.0680288e-05
520,0.0007521735,0.00028295445,0.0025488131,0.005490844,0.00866152,0.0055392976,1.3128935e-05,4.4573568e-05,0.00055130495,6.1142695e-05,0.97296137,0.0015862128,0.00048810596,0.00022823035,0.0007796363,1.0680288e-05
521,0.0007521735,0.00028295445,0.0025488131,0.005490844,0.00866152,0.0055392976,1.3128935e-05,4.4573568e-05,0.00055130495,6.1142695e-05,0.97296137,0.0015862128,0.00048810596,0.00022823035,0.0007796363,1.0680288e-05
522,0.0007521735,0.00028295445,0.0025488131,0.005490844,0.00866152,0.0055392976,1.3128935e-05,4.4573568e-05,0.00055130495,6.1142695e-05,0.97296137,0.0015862127,0.00048810596,0.00022823035,0.0007796363,1.0680288e-05
523,0.0007521735,0.00028295445,0.0025488131,0.005490844,0.00866152,0.0055392976,1.3128935e-05,4.4573568e-05,0.00055130495,6.1142695e-05,0.97296137,0.0015862127,0.00048810596,0.00022823035,0.0007796363,1.0680288e-05
524,0.0007521735,0.00028295445,0.0025488131,0.005490844,0.00866152,0.0055392976,1.3128935e-05,4.4573568e-05,0.00055130495,6.1142695e-05,0.97296137,0.0015862127,0.00048810596,0.00022823035,0.0007796363,1.0680288e-05
525,0.0007521735,0.00028295445,0.0025488131,0.005490844,0.00866152,0.0055392976,1.3128935e-05,4.4573568e-05,0.00055130495,6.1142695e-05,0.97296137,0.0015862127,0.00048810596,0.00022823035,0.0007796363,1.0680288e-05
526,0.00074624014,0.00028061357,0.002531497,0.005482997,0.008605117,0.005521153,1.3073556e-05,4.626149e-05,0.0005478573,6.063574e-05,0.9729402,0.0015745962,0.0004971858,0.00036839664,0.0007735078,1.0680214e-05
527,0.0007521735,0.00028295445,0.0025488131,0.005490844,0.00866152,0.0055392976,1.3128935e-05,4.4573568e-05,0.00055130495,6.1142695e-05,0.97296137,0.0015862127,0.00048810596,0.00022823035,0.0007796363,1.0680288e-05
528,0.0007521735,0.00028295445,0.0025488131,0.005490844,0.00866152,0.0055392976,1.3128935e-05,4.4573568e-05,0.00055130495,6.1142695e-05,0.97296137,0.0015862127,0.00048810596,0.00022823035,0.0007796363,1.0680288e-05
529,0.0007521735,0.00028295445,0.0025488131,0.005490844,0.00866152,0.0055392976,1.3128935e-05,4.4573568e-05,0.00055130495,6.1142695e-05,0.97296137,0.0015862127,0.00048810596,0.00022823035,0.0007796363,1.0680288e-05
530,0.0007521735,0.00028295445,0.0025488131,0.005490844,0.00866152,0.0055392976,1.3128935e-05,4.4573568e-05,0.00055130495,6.1142695e-05,0.97296137,0.0015862127,0.00048810596,0.00022823035,0.0007796363,1.0680288e-05
531,0.0007521735,0.00028295445,0.0025488131,0.005490844,0.00866152,0.0055392976,1.3128935e-05,4.4573568e-05,0.00055130495,6.1142695e-05,0.97296137,0.0015862127,0.00048810596,0.00022823035,0.0007796363,1.0680288e-05
532,0.0007521735,0.00028295445,0.0025488131,0.005490844,0.00866152,0.0055392976,1.3128934e-05,4.4573568e-05,0.00055130495,6.1142695e-05,0.97296137,0.0015862127,0.00048810593,0.00022823035,0.0007796363,1.0680288e-05
533,0.0007521735,0.00028295445,0.0025488131,0.005490844,0.00866152,0.0055392976,1.3128934e-05,4.4573568e-05,0.00055130495,6.1142695e-05,0.97296137,0.0015862127,0.00048810593,0.00022823035,0.0007796363,1.0680288e-05
534,0.0007521735,0.00028295445,0.0025488131,0.005490844,0.00866152,0.0055392976,1.3128934e-05,4.4573568e-05,0.00055130495,6.1142695e-05,0.97296137,0.0015862127,0.00048810593,0.00022823035,0.0007796363,1.0680288e-05
535,0.0007521735,0.00028295445,0.0025488131,0.005490844,0.00866152,0.0055392976,1.3128934e-05,4.4573568e-05,0.00055130495,6.1142695e-05,0.97296137,0.0015862127,0.00048810593,0.00022823035,0.0007796363,1.0680288e-05
536,0.0007521735,0.00028295445,0.0025488131,0.005490844,0.00866152,0.0055392976,1.3128934e-05,4.4573568e-05,0.00055130495,6.1142695e-05,0.97296137,0.0015862127,0.00048810593,0.00022823035,0.0007796363,1.0680288e-05
537,0.0007521735,0.00028295445,0.0025488131,0.005490844,0.00866152,0.0055392976,1.3128934e-05,4.4573568e-05,0.00055130495,6.1142695e-05,0.97296137,0.0015862127,0.00048810593,0.00022823035,0.0007796363,1.0680288e-05
538,0.0003805867,0.00013232355,0.0011822827,0.0025408005,0.0040108236,0.0025961953,8.569876e-06,2.1709475e-05,0.00025630713,2.8890181e-05,0.4499136,0.00073347165,0.00024523266,0.5375745,0.00036963864,5.099226e-06
539,0.0007521735,0.00028295445,0.0025488131,0.005490844,0.00866152,0.0055392976,1.3128934e-05,4.4573568e-05,0.00055130495,6.1142695e-05,0.97296137,0.0015862127,0.00048810593,0.00022823035,0.0007796363,1.0680288e-05
540,0.0007521735,0.00028295445,0.0025488131,0.005490844,0.00866152,0.0055392976,1.3128934e-05,4.4573568e-05,0.00055130495,6.1142695e-05,0.97296137,0.0015862127,0.00048810593,0.00022823035,0.0007796363,1.0680288e-05
541,0.0007521735,0.00028295445,0.0025488131,0.005490844,0.00866152,0.0055392976,1.3128934e-05,4.4573568e-05,0.00055130495,6.1142695e-05,0.97296137,0.0015862127,0.00048810593,0.00022823035,0.0007796363,1.0680288e-05
542,0.00075955526,0.00028127158,0.0025649783,0.005475106,0.008660821,0.0055337087,1.3072516e-05,4.5155863e-05,0.0005492808,6.0652616e-05,0.97297585,0.0015786359,0.000491339,0.00022676993,0.00077319745,1.0635014e-05
543,0.0007521735,0.00028295445,0.0025488131,0.005490844,0.00866152,0.0055392976,1.3128934e-05,4.4573568e-05,0.00055130495,6.1142695e-05,0.97296137,0.0015862127,0.00048810593,0.00022823035,0.0007796363,1.0680288e-05
544,0.0007521735,0.00028295445,0.0025488131,0.005490844,0.00866152,0.0055392976,1.3128934e-05,4.4573568e-05,0.00055130495,6.1142695e-05,0.97296137,0.0015862127,0.00048810593,0.00022823035,0.0007796363,1.0680288e-05
545,0.0007521735,0.00028295445,0.0025488131,0.005490844,0.00866152,0.0055392976,1.3128934e-05,4.4573568e-05,0.00055130495,6.1142695e-05,0.97296137,0.0015862127,0.00048810593,0.00022823035,0.0007796363,1.0680288e-05
546,0.0007521735,0.00028295445,0.0025488131,0.005490844,0.00866152,0.0055392976,1.3128934e-05,4.4573568e-05,0.00055130495,6.1142695e-05,0.97296137,0.0015862127,0.00048810593,0.00022823035,0.0007796363,1.0680288e-05
547,0.0007521735,0.00028295445,0.0025488131,0.005490844,0.00866152,0.0055392976,1.3128934e-05,4.4573568e-05,0.00055130495,6.1142695e-05,0.97296137,0.0015862127,0.00048810593,0.00022823035,0.0007796363,1.0680288e-05
548,0.0007521735,0.00028295445,0.0025488131,0.005490844,0.00866152,0.0055392976,1.3128934e-05,4.4573568e-05,0.00055130495,6.1142695e-05,0.97296137,0.0015862127,0.00048810593,0.00022823035,0.0007796363,1.0680288e-05
549,0.0007521735,0.00028295445,0.0025488131,0.005490844,0.00866152,0.0055392976,1.3128934e-05,4.4573568e-05,0.00055130495,6.1142695e-05,0.97296137,0.0015862127,0.00048810593,0.00022823035,0.0007796363,1.0680288e-05
550,0.0007521735,0.00028295445,0.0025488131,0.005490844,0.00866152,0.0055392976,1.3128934e-05,4.4573568e-05,0.00055130495,6.1142695e-05,0.97296137,0.0015862127,0.00048810593,0.00022823035,0.0007796363,1.0680288e-05
551,0.0007521735,0.00028295445,0.0025488131,0.005490844,0.00866152,0.0055392976,1.3128934e-05,4.4573568e-05,0.00055130495,6.1142695e-05,0.97296137,0.0015862127,0.00048810593,0.00022823035,0.0007796363,1.0680288e-05
552,0.0007521735,0.00028295445,0.0025488131,0.005490844,0.00866152,0.0055392976,1.3128934e-05,4.4573568e-05,0.00055130495,6.1142695e-05,0.97296137,0.0015862127,0.00048810593,0.00022823035,0.0007796363,1.0680288e-05
553,0.0007521735,0.00028295445,0.0025488131,0.005490844,0.00866152,0.0055392976,1.3128934e-05,4.4573568e-05,0.00055130495,6.1142695e-05,0.97296137,0.0015862127,0.00048810593,0.00022823035,0.0007796363,1.0680288e-05
554,0.0007521735,0.00028295445,0.0025488131,0.005490844,0.00866152,0.0055392976,1.3128934e-05,4.4573568e-05,0.00055130495,6.1142695e-05,0.97296137,0.0015862127,0.00048810593,0.00022823035,0.0007796363,1.0680288e-05
555,0.0007521735,0.00028295445,0.0025488131,0.005490844,0.00866152,0.0055392976,1.3128934e-05,4.4573568e-05,0.00055130495,6.1142695e-05,0.97296137,0.0015862127,0.00048810593,0.00022823036,0.0007796363,1.0680288e-05
556,0.0007521735,0.00028295445,0.0025488131,0.005490844,0.00866152,0.0055392976,1.3128934e-05,4.4573568e-05,0.00055130495,6.1142695e-05,0.97296137,0.0015862127,0.00048810593,0.00022823036,0.0007796363,1.0680288e-05
557,0.0007521735,0.00028295445,0.0025488131,0.005490844,0.00866152,0.0055392976,1.3128934e-05,4.4573568e-05,0.00055130495,6.1142695e-05,0.97296137,0.0015862127,0.00048810593,0.00022823036,0.0007796363,1.0680288e-05
558,0.0007521735,0.00028295445,0.0025488131,0.005490844,0.00866152,0.0055392976,1.3128934e-05,4.4573568e-05,0.00055130495,6.1142695e-05,0.97296137,0.0015862127,0.00048810593,0.00022823036,0.0007796363,1.0680288e-05
559,0.0007521735,0.00028295445,0.0025488131,0.005490844,0.00866152,0.0055392976,1.3128934e-05,4.4573568e-05,0.00055130495,6.1142695e-05,0.97296137,0.0015862127,0.00048810593,0.00022823036,0.0007796363,1.0680288e-05
560,0.0007521735,0.00028295445,0.0025488131,0.005490844,0.00866152,0.0055392976,1.3128934e-05,4.4573568e-05,0.00055130495,6.1142695e-05,0.97296137,0.0015862127,0.00048810593,0.00022823036,0.0007796363,1.0680288e-05
561,0.00076964375,0.00028244875,0.0025471032,0.00551814,0.00862097,0.005517447,1.5784297e-05,4.442955e-05,0.0005466247,7.808536e-05,0.97298354,0.0015746977,0.0004892335,0.00022815677,0.000772965,1.0756491e-05
562,0.0007521735,0.00028295445,0.0025488131,0.005490844,0.00866152,0.0055392976,1.31289335e-05,4.4573568e-05,0.00055130495,6.1142695e-05,0.97296137,0.0015862127,0.00048810593,0.00022823036,0.0007796363,1.0680288e-05
563,0.0007521735,0.00028295445,0.0025488131,0.005490844,0.00866152,0.0055392976,1.31289335e-05,4.4573568e-05,0.00055130495,6.1142695e-05,0.97296137,0.0015862127,0.00048810593,0.00022823036,0.0007796363,1.0680288e-05
564,0.0007521735,0.00028295445,0.0025488131,0.005490844,0.00866152,0.0055392976,1.31289335e-05,4.4573568e-05,0.00055130495,6.1142695e-05,0.97296137,0.0015862127,0.00048810593,0.00022823036,0.0007796363,1.0680288e-05
565,0.0007521735,0.00028295445,0.0025488131,0.005490844,0.00866152,0.0055392976,1.31289335e-05,4.4573568e-05,0.00055130495,6.1142695e-05,0.97296137,0.0015862127,0.00048810593,0.00022823036,0.0007796363,1.0680288e-05
566,0.0007521735,0.00028295445,0.0025488131,0.005490844,0.00866152,0.0055392976,1.31289335e-05,4.4573568e-05,0.00055130495,6.1142695e-05,0.97296137,0.0015862127,0.00048810593,0.00022823036,0.0007796363,1.0680288e-05
567,0.0007521735,0.00028295445,0.0025488131,0.005490844,0.00866152,0.0055392976,1.31289335e-05,4.4573568e-05,0.00055130495,6.1142695e-05,0.97296137,0.0015862127,0.00048810593,0.00022823036,0.0007796363,1.0680288e-05
568,0.0007521735,0.00028295445,0.0025488131,0.005490844,0.00866152,0.0055392976,1.31289335e-05,4.4573568e-05,0.00055130495,6.1142695e-05,0.97296137,0.0015862127,0.00048810593,0.00022823036,0.0007796363,1.0680288e-05
569,0.0006308029,0.0002312845,0.0020833774,0.00449082,0.007079853,0.004528409,1.0968175e-05,3.643405e-05,0.00045066848,5.0018985e-05,0.7952958,0.0012965817,0.18294244,0.00022623097,0.0006377097,8.729974e-06
570,0.0007521735,0.00028295445,0.0025488131,0.005490844,0.00866152,0.0055392976,1.31289335e-05,4.4573568e-05,0.00055130495,6.1142695e-05,0.97296137,0.0015862127,0.00048810593,0.00022823036,0.0007796363,1.0680288e-05
571,0.0007521735,0.00028295445,0.0025488131,0.005490844,0.00866152,0.0055392976,1.31289335e-05,4.4573568e-05,0.00055130495,6.1142695e-05,0.97296137,0.0015862127,0.00048810593,0.00022823036,0.0007796363,1.0680288e-05
572,0.0007521735,0.00028295445,0.0025488131,0.005490844,0.00866152,0.0055392976,1.31289335e-05,4.4573568e-05,0.00055130495,6.1142695e-05,0.97296137,0.0015862127,0.00048810593,0.00022823036,0.0007796363,1.0680288e-05
573,0.0007521735,0.00028295445,0.0025488131,0.005490844,0.00866152,0.0055392976,1.31289335e-05,4.4573568e-05,0.00055130495,6.1142695e-05,0.97296137,0.0015862127,0.00048810593,0.00022823036,0.0007796363,1.0680288e-05
574,0.0007521735,0.00028295445,0.0025488131,0.005490844,0.00866152,0.0055392976,1.31289335e-05,4.4573568e-05,0.00055130495,6.1142695e-05,0.97296137,0.0015862127,0.00048810593,0.00022823036,0.0007796363,1.0680288e-05
575,0.0007521735,0.00028295445,0.0025488131,0.005490844,0.00866152,0.0055392976,1.31289335e-05,4.4573568e-05,0.00055130495,6.1142695e-05,0.97296137,0.0015862127,0.00048810593,0.00022823036,0.0007796363,1.0680288e-05
576,0.0007521735,0.00028295445,0.0025488131,0.005490844,0.00866152,0.0055392976,1.31289335e-05,4.4573568e-05,0.00055130495,6.1142695e-05,0.97296137,0.0015862127,0.00048810593,0.00022823036,0.0007796363,1.0680288e-05
577,0.0007521735,0.00028295445,0.0025488131,0.005490844,0.00866152,0.0055392976,1.3128933e-05,4.4573568e-05,0.00055130495,6.1142695e-05,0.97296137,0.0015862127,0.00048810593,0.00022823036,0.0007796363,1.0680288e-05
578,0.0007521735,0.00028295445,0.0025488131,0.005490844,0.00866152,0.0055392976,1.3128933e-05,4.4573568e-05,0.00055130495,6.1142695e-05,0.97296137,0.0015862127,0.00048810593,0.00022823036,0.0007796363,1.0680288e-05
579,0.0007521735,0.00028295445,0.0025488131,0.005490844,0.00866152,0.0055392976,1.3128933e-05,4.4573568e-05,0.00055130495,6.1142695e-05,0.97296137,0.0015862127,0.00048810593,0.00022823036,0.0007796363,1.0680288e-05
580,0.0007521735,0.00028295445,0.0025488131,0.005490844,0.00866152,0.0055392976,1.3128933e-05,4.4573568e-05,0.00055130495,6.1142695e-05,0.97296137,0.0015862127,0.00048810593,0.00022823036,0.0007796363,1.0680288e-05
581,0.0007521735,0.00028295445,0.0025488131,0.005490844,0.00866152,0.0055392976,1.3128933e-05,4.4573568e-05,0.00055130495,6.1142695e-05,0.97296137,0.0015862127,0.00048810593,0.00022823036,0.0007796363,1.0680288e-05
582,0.0007521735,0.00028295445,0.0025488131,0.005490844,0.00866152,0.0055392976,1.3128933e-05,4.4573568e-05,0.00055130495,6.1142695e-05,0.97296137,0.0015862127,0.00048810593,0.00022823036,0.0007796363,1.0680288e-05
583,0.0007521735,0.00028295445,0.0025488131,0.005490844,0.00866152,0.0055392976,1.3128933e-05,4.4573568e-05,0.00055130495,6.1142695e-05,0.97296137,0.0015862127,0.00048810593,0.00022823036,0.0007796363,1.0680288e-05
584,0.0007521735,0.00028295445,0.0025488131,0.005490844,0.00866152,0.0055392976,1.3128933e-05,4.4573568e-05,0.00055130495,6.1142695e-05,0.97296137,0.0015862127,0.00048810593,0.00022823036,0.0007796363,1.0680288e-05
585,0.0007521735,0.00028295445,0.0025488131,0.005490844,0.00866152,0.0055392976,1.3128933e-05,4.4573568e-05,0.00055130495,6.114269e-05,0.97296137,0.0015862127,0.00048810593,0.00022823038,0.0007796363,1.0680288e-05
586,0.0007521735,0.00028295445,0.0025488131,0.005490844,0.00866152,0.0055392976,1.3128933e-05,4.4573568e-05,0.00055130495,6.114269e-05,0.97296137,0.0015862127,0.00048810593,0.00022823038,0.0007796363,1.0680288e-05
587,0.0007521735,0.00028295445,0.0025488131,0.005490844,0.00866152,0.0055392976,1.3128933e-05,4.4573568e-05,0.00055130495,6.114269e-05,0.97296137,0.0015862127,0.00048810593,0.00022823038,0.0007796363,1.0680288e-05
588,0.0007521735,0.00028295445,0.0025488131,0.005490844,0.00866152,0.0055392976,1.3128933e-05,4.4573568e-05,0.00055130495,6.114269e-05,0.97296137,0.0015862127,0.00048810593,0.00022823038,0.0007796363,1.0680288e-05
589,0.0007580651,0.00028203486,0.002591208,0.005509517,0.008637838,0.0055011357,1.4211642e-05,4.4541197e-05,0.0005468869,6.113736e-05,0.97295064,0.0016029034,0.00048887567,0.00022671133,0.00077371683,1.0593857e-05
590,0.0007521735,0.00028295445,0.0025488131,0.005490844,0.00866152,0.0055392976,1.3128933e-05,4.4573568e-05,0.00055130495,6.114269e-05,0.97296137,0.0015862127,0.00048810593,0.00022823038,0.0007796363,1.0680288e-05
591,0.0007521735,0.00028295445,0.0025488131,0.005490844,0.00866152,0.0055392976,1.3128933e-05,4.4573568e-05,0.00055130495,6.114269e-05,0.97296137,0.0015862127,0.00048810593,0.00022823038,0.0007796363,1.0680288e-05
592,0.0007521735,0.00028295445,0.0025488131,0.005490844,0.00866152,0.0055392976,1.3128933e-05,4.4573568e-05,0.00055130495,6.114269e-05,0.97296137,0.0015862127,0.00048810593,0.00022823038,0.0007796363,1.0680288e-05
593,0.0007521735,0.00028295445,0.0025488131,0.005490844,0.00866152,0.0055392976,1.3128933e-05,4.4573568e-05,0.00055130495,6.114269e-05,0.97296137,0.0015862127,0.00048810593,0.00022823038,0.0007796363,1.0680288e-05
594,0.0007521735,0.00028295445,0.0025488131,0.005490844,0.00866152,0.0055392976,1.3128933e-05,4.4573568e-05,0.00055130495,6.114269e-05,0.97296137,0.0015862127,0.00048810593,0.00022823038,0.0007796363,1.0680288e-05
595,0.0007521735,0.00028295445,0.0025488131,0.005490844,0.00866152,0.0055392976,1.3128933e-05,4.4573568e-05,0.00055130495,6.114269e-05,0.97296137,0.0015862127,0.00048810593,0.00022823038,0.0007796363,1.0680288e-05
596,0.0007521735,0.00028295445,0.0025488131,0.005490844,0.00866152,0.0055392976,1.3128933e-05,4.4573568e-05,0.00055130495,6.114269e-05,0.97296137,0.0015862127,0.00048810593,0.00022823038,0.0007796363,1.0680288e-05
597,0.0007521735,0.00028295445,0.0025488131,0.005490844,0.008661521,0.0055392976,1.3128933e-05,4.4573568e-05,0.00055130495,6.114269e-05,0.97296137,0.0015862127,0.00048810593,0.00022823038,0.0007796363,1.0680288e-05
598,0.0007521735,0.00028295445,0.0025488131,0.005490844,0.008661521,0.0055392976,1.3128933e-05,4.4573568e-05,0.00055130495,6.114269e-05,0.97296137,0.0015862127,0.00048810593,0.00022823038,0.0007796363,1.0680288e-05
599,0.0005093913,0.0001841797,0.0026499643,0.0035957887,0.0061725504,0.003598793,1.0043657e-05,2.8751547e-05,0.00036475452,4.137381e-05,0.7006127,0.28094167,0.00055571576,0.00021528814,0.00051218976,6.8661225e-06
600,0.0007521735,0.00028295445,0.0025488131,0.005490844,0.008661521,0.0055392976,1.3128933e-05,4.4573568e-05,0.00055130495,6.114269e-05,0.97296137,0.0015862127,0.00048810593,0.00022823038,0.0007796363,1.0680288e-05
601,0.0007521735,0.00028295445,0.0025488131,0.005490844,0.008661521,0.0055392976,1.3128933e-05,4.4573568e-05,0.00055130495,6.114269e-05,0.97296137,0.0015862127,0.00048810593,0.00022823038,0.0007796363,1.0680288e-05
602,0.0007521735,0.00028295445,0.0025488131,0.005490844,0.008661521,0.0055392976,1.3128933e-05,4.4573568e-05,0.00055130495,6.114269e-05,0.97296137,0.0015862127,0.00048810593,0.00022823038,0.0007796363,1.0680288e-05
603,0.0007521735,0.00028295445,0.0025488131,0.005490844,0.008661521,0.0055392976,1.3128933e-05,4.4573568e-05,0.00055130495,6.114269e-05,0.97296137,0.0015862127,0.00048810593,0.00022823038,0.0007796363,1.0680288e-05
604,0.0007521735,0.00028295445,0.0025488131,0.005490844,0.008661521,0.0055392976,1.3128933e-05,4.4573568e-05,0.00055130495,6.114269e-05,0.97296137,0.0015862127,0.00048810593,0.00022823038,0.0007796363,1.0680288e-05
605,0.0007521735,0.00028295445,0.0025488131,0.005490844,0.008661521,0.0055392976,1.3128932e-05,4.4573568e-05,0.00055130495,6.114269e-05,0.97296137,0.0015862127,0.00048810593,0.00022823038,0.0007796363,1.0680288e-05
606,0.0007521735,0.00028295445,0.0025488131,0.005490844,0.008661521,0.0055392976,1.3128932e-05,4.4573568e-05,0.00055130495,6.114269e-05,0.97296137,0.0015862127,0.00048810593,0.00022823038,0.0007796363,1.0680288e-05
607,0.0007521735,0.00028295445,0.0025488131,0.005490844,0.008661521,0.0055392976,1.3128932e-05,4.4573568e-05,0.00055130495,6.114269e-05,0.97296137,0.0015862127,0.00048810593,0.00022823038,0.0007796363,1.0680288e-05
608,0.0007521735,0.00028295445,0.0025488131,0.005490844,0.008661521,0.0055392976,1.3128932e-05,4.4573568e-05,0.00055130495,6.114269e-05,0.97296137,0.0015862127,0.00048810593,0.00022823039,0.0007796363,1.0680288e-05
609,0.0007521735,0.00028295445,0.0025488131,0.005490844,0.008661521,0.0055392976,1.3128932e-05,4.4573568e-05,0.00055130495,6.114269e-05,0.97296137,0.0015862127,0.00048810593,0.00022823039,0.0007796363,1.0680288e-05
610,0.0007521735,0.00028295445,0.0025488131,0.005490844,0.008661521,0.0055392976,1.3128932e-05,4.4573568e-05,0.00055130495,6.114269e-05,0.97296137,0.0015862127,0.00048810593,0.00022823039,0.0007796363,1.0680288e-05
611,0.0007521735,0.00028295445,0.0025488131,0.005490844,0.008661521,0.0055392976,1.3128932e-05,4.4573568e-05,0.00055130495,6.114269e-05,0.97296137,0.0015862127,0.00048810593,0.00022823039,0.0007796363,1.0680288e-05
612,0.0007521735,0.00028295445,0.0025488131,0.005490844,0.008661521,0.0055392976,1.3128932e-05,4.4573568e-05,0.00055130495,6.114269e-05,0.97296137,0.0015862127,0.00048810593,0.00022823039,0.0007796363,1.0680288e-05
613,0.0007521735,0.00028295445,0.0025488131,0.005490844,0.008661521,0.0055392976,1.3128932e-05,4.4573568e-05,0.00055130495,6.114269e-05,0.97296137,0.0015862127,0.00048810593,0.00022823039,0.0007796363,1.0680288e-05
614,0.0007521735,0.00028295445,0.0025488131,0.005490844,0.008661521,0.0055392976,1.3128932e-05,4.4573568e-05,0.00055130495,6.114269e-05,0.97296137,0.0015862127,0.00048810593,0.00022823039,0.0007796363,1.0680288e-05
615,0.0007521735,0.00028295445,0.0025488131,0.005490844,0.008661521,0.0055392976,1.3128932e-05,4.4573568e-05,0.00055130495,6.114269e-05,0.97296137,0.0015862127,0.00048810593,0.00022823039,0.0007796363,1.0680288e-05
616,0.0007521735,0.00028295445,0.002548813,0.0054908446,0.008661521,0.0055392976,1.3128932e-05,4.4573568e-05,0.0005513049,6.114269e-05,0.97296137,0.0015862127,0.00048810593,0.00022823039,0.0007796363,1.0680287e-05
617,0.0007521735,0.00028295445,0.002548813,0.0054908446,0.008661521,0.0055392976,1.3128932e-05,4.4573568e-05,0.0005513049,6.114269e-05,0.97296137,0.0015862127,0.00048810593,0.00022823039,0.0007796363,1.0680287e-05
618,0.0007521735,0.00028295445,0.002548813,0.0054908446,0.008661521,0.0055392976,1.3128932e-05,4.4573568e-05,0.0005513049,6.114269e-05,0.97296137,0.0015862127,0.00048810593,0.00022823039,0.0007796363,1.0680287e-05
619,0.0007521735,0.00028295445,0.002548813,0.0054908446,0.008661521,0.0055392976,1.3128932e-05,4.4573568e-05,0.0005513049,6.114269e-05,0.97296137,0.0015862127,0.00048810593,0.00022823039,0.0007796363,1.0680287e-05
620,0.0007521735,0.00028295445,0.002548813,0.0054908446,0.008661521,0.0055392976,1.3128932e-05,4.4573568e-05,0.0005513049,6.114269e-05,0.97296137,0.0015862127,0.00048810593,0.00022823039,0.0007796363,1.0680287e-05
621,0.0007521735,0.00028295445,0.002548813,0.0054908446,0.008661521,0.0055392976,1.3128931e-05,4.4573568e-05,0.0005513049,6.114269e-05,0.97296137,0.0015862127,0.00048810593,0.00022823039,0.0007796363,1.0680287e-05
622,0.0007521735,0.00028295445,0.002548813,0.0054908446,0.008661521,0.0055392976,1.3128931e-05,4.4573568e-05,0.0005513049,6.114269e-05,0.97296137,0.0015862127,0.00048810593,0.00022823039,0.0007796363,1.0680287e-05
623,0.0007521735,0.00028295445,0.002548813,0.0054908446,0.008661521,0.0055392976,1.3128931e-05,4.4573568e-05,0.0005513049,6.114269e-05,0.97296137,0.0015862127,0.00048810593,0.00022823039,0.0007796363,1.0680287e-05
624,0.0007521735,0.00028295445,0.002548813,0.0054908446,0.008661521,0.0055392976,1.3128931e-05,4.4573568e-05,0.0005513049,6.114269e-05,0.97296137,0.0015862127,0.00048810593,0.00022823039,0.0007796363,1.0680287e-05
625,0.0007521735,0.00028295445,0.002548813,0.0054908446,0.008661521,0.0055392976,1.3128931e-05,4.4573568e-05,0.0005513049,6.114269e-05,0.97296137,0.0015862127,0.00048810593,0.00022823039,0.0007796363,1.0680287e-05
626,0.0007521735,0.00028295445,0.002548813,0.0054908446,0.008661521,0.0055392976,1.3128931e-05,4.4573568e-05,0.0005513049,6.114269e-05,0.97296137,0.0015862125,0.00048810593,0.00022823039,0.0007796363,1.0680287e-05
627,0.0007521735,0.00028295445,0.002548813,0.0054908446,0.008661521,0.0055392976,1.3128931e-05,4.4573568e-05,0.0005513049,6.114269e-05,0.97296137,0.0015862125,0.00048810593,0.00022823039,0.0007796363,1.0680287e-05
628,0.0007521735,0.00028295445,0.002548813,0.0054908446,0.008661521,0.0055392976,1.3128931e-05,4.4573568e-05,0.0005513049,6.114269e-05,0.97296137,0.0015862125,0.00048810593,0.00022823039,0.0007796363,1.0680287e-05
629,0.0007521735,0.00028295445,0.002548813,0.0054908446,0.008661521,0.0055392976,1.312893e-05,4.4573568e-05,0.0005513049,6.114269e-05,0.97296137,0.0015862125,0.00048810593,0.0002282304,0.0007796363,1.0680287e-05
630,0.0007521735,0.00028295445,0.002548813,0.0054908446,0.008661521,0.0055392976,1.312893e-05,4.4573568e-05,0.0005513049,6.114269e-05,0.97296137,0.0015862125,0.00048810593,0.0002282304,0.0007796363,1.0680287e-05
631,0.0007521735,0.00028295445,0.002548813,0.0054908446,0.008661521,0.0055392976,1.312893e-05,4.4573568e-05,0.0005513049,6.114269e-05,0.97296137,0.0015862125,0.00048810593,0.0002282304,0.0007796363,1.0680287e-05
632,0.00077707483,0.0002816098,0.0025702217,0.005503113,0.008631112,0.0055136275,1.5624471e-05,4.43477e-05,0.0005474322,6.0775626e-05,0.97293556,0.0015971295,0.0005121278,0.00022695524,0.00077269255,1.0582291e-05
633,0.0007521735,0.00028295445,0.002548813,0.0054908446,0.008661521,0.0055392976,1.312893e-05,4.4573568e-05,0.0005513049,6.114269e-05,0.97296137,0.0015862125,0.00048810593,0.0002282304,0.0007796363,1.0680287e-05
634,0.0007521735,0.00028295445,0.002548813,0.0054908446,0.008661521,0.0055392976,1.312893e-05,4.4573568e-05,0.0005513049,6.114269e-05,0.97296137,0.0015862125,0.00048810593,0.0002282304,0.0007796363,1.0680287e-05
635,0.0005547681,0.00020293184,0.0018228446,0.003923634,0.006190839,0.0039757746,1.0706929e-05,3.2427004e-05,0.0003945873,4.400853e-05,0.69509226,0.001133194,0.0003590796,0.2856938,0.00056182506,7.715353e-06
636,0.0007521735,0.00028295445,0.002548813,0.0054908446,0.008661521,0.0055392976,1.312893e-05,4.4573568e-05,0.0005513049,6.114269e-05,0.97296137,0.0015862125,0.0004881059,0.0002282304,0.0007796363,1.0680287e-05
637,0.0007521735,0.00028295445,0.002548813,0.0054908446,0.008661522,0.0055392976,1.3128929e-05,4.4573568e-05,0.0005513049,6.114269e-05,0.97296137,0.0015862125,0.0004881059,0.0002282304,0.0007796363,1.0680287e-05
638,0.0007521735,0.00028295445,0.002548813,0.0054908446,0.008661522,0.0055392976,1.3128929e-05,4.4573568e-05,0.0005513049,6.114269e-05,0.97296137,0.0015862125,0.0004881059,0.0002282304,0.0007796363,1.0680287e-05
639,0.0007521735,0.00028295445,0.002548813,0.0054908446,0.008661522,0.0055392976,1.3128929e-05,4.4573568e-05,0.0005513049,6.114269e-05,0.97296137,0.0015862125,0.0004881059,0.0002282304,0.0007796363,1.0680287e-05
640,0.0007521735,0.00028295445,0.002548813,0.0054908446,0.008661522,0.0055392976,1.3128929e-05,4.4573568e-05,0.0005513049,6.114269e-05,0.97296137,0.0015862125,0.0004881059,0.0002282304,0.0007796363,1.0680287e-05
641,0.0007521735,0.00028295445,0.002548813,0.0054908446,0.008661522,0.0055392976,1.3128929e-05,4.4573568e-05,0.0005513049,6.114269e-05,0.97296137,0.0015862125,0.0004881059,0.00022823042,0.0007796363,1.0680287e-05
642,0.0007521735,0.00028295445,0.002548813,0.0054908446,0.008661522,0.0055392976,1.3128929e-05,4.4573568e-05,0.0005513049,6.114269e-05,0.97296137,0.0015862125,0.0004881059,0.00022823042,0.0007796363,1.0680287e-05
643,0.00075217354,0.00028295445,0.002548813,0.0054908446,0.008661522,0.0055392976,1.3128929e-05,4.4573568e-05,0.0005513049,6.114269e-05,0.97296137,0.0015862125,0.0004881059,0.00022823042,0.0007796364,1.0680287e-05
644,0.00075217354,0.00028295445,0.002548813,0.0054908446,0.008661522,0.0055392976,1.3128928e-05,4.4573568e-05,0.00055130484,6.114269e-05,0.97296137,0.0015862125,0.0004881059,0.00022823042,0.0007796364,1.0680287e-05
645,0.00075217354,0.00028295445,0.002548813,0.005490845,0.008661522,0.0055392976,1.3128927e-05,4.4573568e-05,0.00055130484,6.114269e-05,0.97296137,0.0015862125,0.0004881059,0.00022823043,0.0007796364,1.0680287e-05
646,0.00075217354,0.00028295445,0.002548813,0.005490845,0.008661522,0.0055392976,1.3128927e-05,4.4573568e-05,0.00055130484,6.114269e-05,0.97296137,0.0015862125,0.0004881059,0.00022823045,0.0007796364,1.0680287e-05
647,0.00075217354,0.00028295445,0.002548813,0.005490845,0.008661522,0.0055392976,1.3128927e-05,4.4573568e-05,0.00055130484,6.114269e-05,0.97296137,0.0015862125,0.0004881059,0.00022823045,0.0007796364,1.0680287e-05
648,0.0008264913,0.00022865532,0.009444783,0.0041361945,0.008503001,0.0039093904,0.0003345148,6.7264686e-05,0.00041200974,8.2657185e-05,0.96141607,0.0073185256,0.001580998,0.0009732179,0.0007588125,7.7344885e-06
649,0.000528067,0.00019177776,0.0026421838,0.0037415633,0.0063640103,0.0037480625,1.0280981e-05,2.9968613e-05,0.0003791044,4.289448e-05,0.7215625,0.2594528,0.0005505149,0.00021628372,0.00053276255,7.1595155e-06
650,0.0005406834,0.00019691067,0.002636927,0.0038400416,0.006493352,0.0038489024,1.04413075e-05,3.079082e-05,0.00038879865,4.3921777e-05,0.7357153,0.24493593,0.0005470015,0.0002169563,0.0005466607,7.357722e-06
651,0.00052557705,0.00019076468,0.002643221,0.0037221275,0.0063384837,0.0037281597,1.0249337e-05,2.9806339e-05,0.000377191,4.2691714e-05,0.7187692,0.262318,0.0005512083,0.00021615105,0.0005300195,7.120396e-06
652,0.0005535341,0.00020243165,0.001818306,0.0039138407,0.0061754,0.0039660023,1.0691784e-05,3.235111e-05,0.00039360757,4.3901433e-05,0.69335556,0.0011303623,0.0003582731,0.287478,0.00056046376,7.696816e-06
653,0.00075217354,0.00028295445,0.0025488127,0.0054908465,0.008661525,0.005539297,1.3128914e-05,4.457357e-05,0.0005513046,6.114267e-05,0.9729613,0.0015862123,0.0004881058,0.0002282306,0.0007796364,1.0680287e-05
654,0.00075217354,0.00028295445,0.0025488127,0.0054908465,0.008661525,0.005539297,1.3128914e-05,4.457357e-05,0.0005513046,6.114267e-05,0.9729613,0.0015862123,0.0004881058,0.0002282306,0.0007796364,1.0680287e-05
655,0.00075217354,0.00028295445,0.0025488127,0.0054908465,0.008661525,0.005539297,1.3128914e-05,4.457357e-05,0.0005513046,6.114267e-05,0.9729613,0.0015862123,0.0004881058,0.0002282306,0.0007796364,1.0680287e-05
656,0.00075217354,0.00028295445,0.0025488127,0.0054908465,0.008661526,0.005539297,1.3128914e-05,4.457357e-05,0.0005513046,6.114267e-05,0.9729613,0.0015862122,0.0004881058,0.0002282306,0.0007796364,1.0680287e-05
657,0.0007521736,0.00028295445,0.0025488127,0.005490847,0.008661526,0.005539297,1.3128913e-05,4.457357e-05,0.00055130455,6.114267e-05,0.9729613,0.0015862122,0.0004881058,0.00022823062,0.00077963644,1.0680287e-05
658,0.0007521736,0.00028295445,0.0025488127,0.005490847,0.008661527,0.005539297,1.3128913e-05,4.457357e-05,0.00055130455,6.114267e-05,0.9729613,0.0015862122,0.0004881058,0.00022823064,0.00077963644,1.0680287e-05
659,0.0007521736,0.00028295445,0.0025488127,0.005490847,0.008661527,0.005539297,1.3128913e-05,4.457357e-05,0.0005513045,6.114267e-05,0.9729613,0.0015862121,0.00048810578,0.00022823064,0.00077963644,1.0680286e-05
660,0.0007521736,0.00028295445,0.0025488127,0.005490847,0.008661527,0.005539297,1.3128913e-05,4.457357e-05,0.0005513045,6.114267e-05,0.9729613,0.0015862121,0.00048810578,0.00022823065,0.00077963644,1.0680286e-05
661,0.0007521736,0.00028295445,0.0025488127,0.005490847,0.008661527,0.005539297,1.3128913e-05,4.457357e-05,0.0005513045,6.114267e-05,0.9729613,0.0015862121,0.00048810578,0.00022823065,0.00077963644,1.0680286e-05
662,0.0007521736,0.00028295445,0.0025488124,0.0054908474,0.008661527,0.005539297,1.3128913e-05,4.457357e-05,0.0005513045,6.114267e-05,0.9729613,0.0015862121,0.00048810578,0.00022823067,0.00077963644,1.0680286e-05
663,0.0007521736,0.00028295445,0.0025488124,0.0054908474,0.008661528,0.005539297,1.3128913e-05,4.457357e-05,0.00055130443,6.1142666e-05,0.9729613,0.0015862121,0.00048810578,0.00022823067,0.00077963644,1.0680286e-05
664,0.0007521736,0.00028295445,0.0025488124,0.0054908474,0.008661528,0.005539297,1.3128913e-05,4.457357e-05,0.00055130443,6.1142666e-05,0.9729613,0.0015862121,0.00048810578,0.00022823067,0.00077963644,1.0680286e-05
665,0.0007521736,0.00028295445,0.0025488124,0.0054908474,0.008661528,0.005539297,1.3128913e-05,4.457357e-05,0.00055130443,6.1142666e-05,0.9729613,0.0015862121,0.00048810578,0.00022823067,0.00077963644,1.0680286e-05
666,0.0007521736,0.00028295445,0.0025488124,0.0054908474,0.008661528,0.005539297,1.3128913e-05,4.457357e-05,0.00055130443,6.1142666e-05,0.9729613,0.0015862121,0.00048810578,0.00022823067,0.00077963644,1.0680286e-05
667,0.0007521736,0.00028295445,0.0025488124,0.0054908474,0.008661528,0.005539297,1.3128913e-05,4.457357e-05,0.00055130443,6.1142666e-05,0.9729613,0.0015862121,0.00048810578,0.00022823067,0.00077963644,1.0680286e-05
668,0.0007521736,0.00028295445,0.0025488124,0.0054908474,0.008661528,0.005539297,1.3128913e-05,4.457357e-05,0.00055130443,6.1142666e-05,0.9729613,0.0015862121,0.00048810578,0.00022823067,0.00077963644,1.0680286e-05
669,0.0007521736,0.00028295445,0.0025488124,0.0054908474,0.008661528,0.005539297,1.3128913e-05,4.457357e-05,0.00055130443,6.1142666e-05,0.9729613,0.001586212,0.00048810575,0.00022823065,0.00077963644,1.0680286e-05
670,0.0007521736,0.00028295445,0.0025488124,0.0054908474,0.008661528,0.005539297,1.3128913e-05,4.457357e-05,0.00055130443,6.1142666e-05,0.9729613,0.001586212,0.00048810575,0.00022823065,0.00077963644,1.0680286e-05
671,0.0007521736,0.00028295445,0.0025488124,0.0054908474,0.008661528,0.005539297,1.3128913e-05,4.457357e-05,0.00055130443,6.1142666e-05,0.9729613,0.001586212,0.00048810575,0.00022823065,0.00077963644,1.0680286e-05
672,0.0007521736,0.00028295445,0.0025488124,0.005490848,0.008661529,0.005539297,1.3128913e-05,4.457357e-05,0.0005513044,6.1142666e-05,0.97296137,0.001586212,0.00048810575,0.00022823065,0.00077963644,1.0680286e-05
673,0.0007521736,0.00028295445,0.0025488124,0.005490848,0.008661529,0.005539297,1.3128913e-05,4.457357e-05,0.0005513044,6.1142666e-05,0.97296137,0.001586212,0.00048810575,0.00022823065,0.00077963644,1.0680286e-05
674,0.0007521736,0.00028295445,0.0025488124,0.005490848,0.008661529,0.005539297,1.3128913e-05,4.457357e-05,0.0005513044,6.1142666e-05,0.97296137,0.001586212,0.00048810575,0.00022823065,0.00077963644,1.0680286e-05
675,0.0007521736,0.00028295445,0.0025488124,0.005490848,0.008661529,0.005539297,1.3128913e-05,4.457357e-05,0.0005513044,6.1142666e-05,0.97296137,0.001586212,0.00048810578,0.00022823065,0.00077963644,1.0680286e-05
676,0.0007521736,0.00028295445,0.0025488124,0.005490848,0.008661529,0.005539297,1.3128913e-05,4.457357e-05,0.0005513044,6.1142666e-05,0.97296137,0.001586212,0.00048810578,0.00022823065,0.00077963644,1.0680286e-05
677,0.0007521736,0.00028295445,0.0025488124,0.005490848,0.008661529,0.005539297,1.3128913e-05,4.457357e-05,0.0005513044,6.1142666e-05,0.97296137,0.001586212,0.00048810578,0.00022823065,0.00077963644,1.0680286e-05
678,0.0007521736,0.00028295445,0.0025488124,0.005490848,0.008661529,0.005539297,1.3128913e-05,4.457357e-05,0.0005513044,6.1142666e-05,0.97296137,0.001586212,0.00048810578,0.00022823065,0.00077963644,1.0680286e-05
679,0.0007521736,0.00028295445,0.0025488124,0.005490848,0.008661529,0.005539297,1.3128913e-05,4.457357e-05,0.0005513044,6.1142666e-05,0.97296137,0.001586212,0.00048810578,0.00022823065,0.00077963644,1.0680286e-05
680,0.0007521736,0.00028295445,0.0025488124,0.005490848,0.008661529,0.005539297,1.3128913e-05,4.457357e-05,0.0005513044,6.1142666e-05,0.97296137,0.001586212,0.00048810578,0.00022823065,0.00077963644,1.0680286e-05
681,0.0007521736,0.00028295445,0.0025488124,0.005490848,0.008661529,0.005539297,1.3128913e-05,4.457357e-05,0.0005513044,6.1142666e-05,0.97296137,0.001586212,0.00048810578,0.00022823065,0.00077963644,1.0680286e-05
682,0.0007521736,0.00028295445,0.0025488124,0.005490848,0.008661529,0.005539297,1.3128913e-05,4.457357e-05,0.0005513044,6.1142666e-05,0.97296137,0.001586212,0.00048810578,0.00022823065,0.00077963644,1.0680286e-05
683,0.0007521736,0.00028295445,0.0025488124,0.0054908483,0.00866153,0.005539297,1.3128913e-05,4.457357e-05,0.0005513043,6.1142666e-05,0.97296137,0.001586212,0.00048810578,0.00022823065,0.00077963644,1.0680286e-05
684,0.0007521736,0.00028295445,0.0025488122,0.005490849,0.008661531,0.005539297,1.3128913e-05,4.457357e-05,0.00055130426,6.1142666e-05,0.97296137,0.0015862118,0.00048810575,0.00022823064,0.00077963644,1.0680286e-05
685,0.0007521736,0.00028295445,0.0025488122,0.005490849,0.008661531,0.005539297,1.3128913e-05,4.457357e-05,0.00055130426,6.1142666e-05,0.97296137,0.0015862117,0.00048810575,0.00022823064,0.00077963644,1.0680285e-05
686,0.0007521736,0.00028295445,0.0025488122,0.005490849,0.008661531,0.005539297,1.3128913e-05,4.457357e-05,0.00055130426,6.1142666e-05,0.97296137,0.0015862117,0.00048810575,0.00022823064,0.00077963644,1.0680285e-05
687,0.00075217366,0.00028295445,0.0025488122,0.0054908493,0.008661531,0.005539297,1.3128913e-05,4.457357e-05,0.0005513042,6.114266e-05,0.97296137,0.0015862117,0.00048810572,0.00022823062,0.0007796365,1.0680285e-05
688,0.00075217366,0.00028295445,0.0025488122,0.0054908493,0.008661531,0.005539297,1.3128913e-05,4.457357e-05,0.0005513042,6.114266e-05,0.97296137,0.0015862117,0.00048810572,0.00022823062,0.0007796365,1.0680285e-05
689,0.00075217366,0.00028295445,0.0025488122,0.0054908497,0.008661531,0.005539297,1.3128913e-05,4.457357e-05,0.00055130426,6.114266e-05,0.97296137,0.0015862116,0.0004881057,0.00022823061,0.0007796365,1.0680285e-05
690,0.00075217366,0.00028295445,0.002548812,0.00549085,0.00866153,0.0055392967,1.3128913e-05,4.4573575e-05,0.00055130426,6.114265e-05,0.97296137,0.0015862115,0.00048810567,0.0002282306,0.0007796365,1.0680285e-05
