niche,rank,sender_id,receiver_id,lr_index,sender,receiver,ligand,receptor,lr_id,weight
0,1,1,1,131,Endothelial,Endothelial,APP,FLT1,CommuSpace_HS_00391,0.0761210843920707
0,2,1,1,585,Endothelial,Endothelial,COL4A1,CD93,CommuSpace_HS_01731,0.0598253607749938
0,3,3,1,2549,Fibroblast,Endothelial,TIMP3,KDR,CommuSpace_HS_07454,0.041626188904047
0,4,3,1,785,Fibroblast,Endothelial,DCN,KDR,CommuSpace_HS_02342,0.0338883586227893
0,5,1,1,593,Endothelial,Endothelial,COL4A2,CD93,CommuSpace_HS_01751,0.0286489836871624
0,6,3,4,2311,Fibroblast,Macrophage,SERPINE1,PLAUR,CommuSpace_HS_06869,0.0247487798333168
0,7,3,4,2547,Fibroblast,Macrophage,TIMP3,CD44,CommuSpace_HS_07452,0.0244614481925964
0,8,3,4,351,Fibroblast,Macrophage,CCL2,CCR1,CommuSpace_HS_00946,0.0229064114391803
0,9,7,1,585,Pericyte,Endothelial,COL4A1,CD93,CommuSpace_HS_01731,0.0225799940526485
0,10,3,1,2505,Fibroblast,Endothelial,THBS1,ITGB3,CommuSpace_HS_07380,0.0212096143513917
1,1,2,2,2548,Epithelial,Epithelial,TIMP3,DDR1,CommuSpace_HS_07453,0.1509433537721634
1,2,2,2,2547,Epithelial,Epithelial,TIMP3,CD44,CommuSpace_HS_07452,0.0930376425385475
1,3,2,2,916,Epithelial,Epithelial,F11R,F11R,CommuSpace_HS_02693,0.059961088001728
1,4,2,2,2510,Epithelial,Epithelial,THBS1,SDC4,CommuSpace_HS_07386,0.037172544747591
1,5,2,2,2498,Epithelial,Epithelial,THBS1,CD47,CommuSpace_HS_07371,0.0314182937145233
1,6,2,2,2085,Epithelial,Epithelial,PKM,CD44,CommuSpace_HS_06177,0.0266869496554136
1,7,2,2,468,Epithelial,Epithelial,CD44,EPCAM,CommuSpace_HS_01179,0.0248840916901826
1,8,2,2,514,Epithelial,Epithelial,CDH1,PTPRF,CommuSpace_HS_01249,0.0237613245844841
1,9,2,2,292,Epithelial,Epithelial,CALM3,ESR1,CommuSpace_HS_00846,0.0230201110243797
1,10,2,2,508,Epithelial,Epithelial,CDH1,IGF1R,CommuSpace_HS_01242,0.0228418391197919
2,1,2,2,2548,Epithelial,Epithelial,TIMP3,DDR1,CommuSpace_HS_07453,0.0365864373743534
2,2,3,2,2548,Fibroblast,Epithelial,TIMP3,DDR1,CommuSpace_HS_07453,0.0272883418947458
2,3,2,2,2547,Epithelial,Epithelial,TIMP3,CD44,CommuSpace_HS_07452,0.022567119449377
2,4,3,2,2547,Fibroblast,Epithelial,TIMP3,CD44,CommuSpace_HS_07452,0.0195205081254243
2,5,2,1,131,Epithelial,Endothelial,APP,FLT1,CommuSpace_HS_00391,0.0193937271833419
2,6,1,2,590,Endothelial,Epithelial,COL4A1,SDC4,CommuSpace_HS_01748,0.0174999069422483
2,7,1,1,131,Endothelial,Endothelial,APP,FLT1,CommuSpace_HS_00391,0.0164939556270837
2,8,1,2,583,Endothelial,Epithelial,COL4A1,CD44,CommuSpace_HS_01729,0.0164504311978817
2,9,2,2,916,Epithelial,Epithelial,F11R,F11R,CommuSpace_HS_02693,0.0163237527012825
2,10,3,1,2549,Fibroblast,Endothelial,TIMP3,KDR,CommuSpace_HS_07454,0.0149185275658965
3,1,3,2,2548,Fibroblast,Epithelial,TIMP3,DDR1,CommuSpace_HS_07453,0.0813836827874183
3,2,2,2,2548,Epithelial,Epithelial,TIMP3,DDR1,CommuSpace_HS_07453,0.0596407651901245
3,3,3,2,2547,Fibroblast,Epithelial,TIMP3,CD44,CommuSpace_HS_07452,0.0573773570358753
3,4,2,2,2547,Epithelial,Epithelial,TIMP3,CD44,CommuSpace_HS_07452,0.0365041233599185
3,5,3,2,636,Fibroblast,Epithelial,COL5A1,DDR1,CommuSpace_HS_01861,0.0307741165161132
3,6,2,2,916,Epithelial,Epithelial,F11R,F11R,CommuSpace_HS_02693,0.0245160739868879
3,7,3,4,2547,Fibroblast,Macrophage,TIMP3,CD44,CommuSpace_HS_07452,0.0227964334189891
3,8,3,2,2510,Fibroblast,Epithelial,THBS1,SDC4,CommuSpace_HS_07386,0.0208806321024894
3,9,3,4,2311,Fibroblast,Macrophage,SERPINE1,PLAUR,CommuSpace_HS_06869,0.0185947995632886
3,10,3,4,351,Fibroblast,Macrophage,CCL2,CCR1,CommuSpace_HS_00946,0.0167112611234188
4,1,3,4,2547,Fibroblast,Macrophage,TIMP3,CD44,CommuSpace_HS_07452,0.1457892060279846
4,2,3,4,2311,Fibroblast,Macrophage,SERPINE1,PLAUR,CommuSpace_HS_06869,0.0978660285472869
4,3,3,8,2547,Fibroblast,T cell,TIMP3,CD44,CommuSpace_HS_07452,0.091295838356018
4,4,3,4,351,Fibroblast,Macrophage,CCL2,CCR1,CommuSpace_HS_00946,0.0888090133666992
4,5,3,4,2532,Fibroblast,Macrophage,THY1,ITGB2,CommuSpace_HS_07429,0.0441949479281902
4,6,4,3,1733,Macrophage,Fibroblast,ITGB2,THY1,CommuSpace_HS_04798,0.0440650582313537
4,7,4,8,2085,Macrophage,T cell,PKM,CD44,CommuSpace_HS_06177,0.0301256030797958
4,8,3,4,414,Fibroblast,Macrophage,CCN2,ITGB2,CommuSpace_HS_01093,0.0223378129303455
4,9,3,4,403,Fibroblast,Macrophage,CCN1,ITGB2,CommuSpace_HS_01081,0.0209617279469966
4,10,4,4,2085,Macrophage,Macrophage,PKM,CD44,CommuSpace_HS_06177,0.0174341555684804
5,1,2,2,2548,Epithelial,Epithelial,TIMP3,DDR1,CommuSpace_HS_07453,0.0336517840623855
5,2,6,6,2501,Myoepithelial,Myoepithelial,THBS1,ITGA3,CommuSpace_HS_07374,0.0217765998095273
5,3,6,2,2510,Myoepithelial,Epithelial,THBS1,SDC4,CommuSpace_HS_07386,0.0215635411441326
5,4,2,2,2547,Epithelial,Epithelial,TIMP3,CD44,CommuSpace_HS_07452,0.0215423516929149
5,5,6,2,2548,Myoepithelial,Epithelial,TIMP3,DDR1,CommuSpace_HS_07453,0.0209034942090511
5,6,6,2,2501,Myoepithelial,Epithelial,THBS1,ITGA3,CommuSpace_HS_07374,0.0170405395328998
5,7,2,2,916,Epithelial,Epithelial,F11R,F11R,CommuSpace_HS_02693,0.0166767835617065
5,8,6,2,2498,Myoepithelial,Epithelial,THBS1,CD47,CommuSpace_HS_07371,0.0159853994846344
5,9,2,6,2547,Epithelial,Myoepithelial,TIMP3,CD44,CommuSpace_HS_07452,0.015344931744039
5,10,6,2,2547,Myoepithelial,Epithelial,TIMP3,CD44,CommuSpace_HS_07452,0.0127048538997769
6,1,1,8,583,Endothelial,T cell,COL4A1,CD44,CommuSpace_HS_01729,0.1494277864694595
6,2,1,8,592,Endothelial,T cell,COL4A2,CD44,CommuSpace_HS_01750,0.0874833241105079
6,3,1,8,2547,Endothelial,T cell,TIMP3,CD44,CommuSpace_HS_07452,0.0837557986378669
6,4,3,8,2547,Fibroblast,T cell,TIMP3,CD44,CommuSpace_HS_07452,0.0498570799827575
6,5,4,8,2085,Macrophage,T cell,PKM,CD44,CommuSpace_HS_06177,0.0156791228801012
6,6,4,4,2085,Macrophage,Macrophage,PKM,CD44,CommuSpace_HS_06177,0.0089640654623508
6,7,7,1,585,Pericyte,Endothelial,COL4A1,CD93,CommuSpace_HS_01731,0.0075929118320345
6,8,3,1,2505,Fibroblast,Endothelial,THBS1,ITGB3,CommuSpace_HS_07380,0.0075662434101104
6,9,3,1,2563,Fibroblast,Endothelial,TNC,PTPRB,CommuSpace_HS_07479,0.0050465017557144
6,10,3,1,2545,Fibroblast,Endothelial,TIMP3,ADAMTS4,CommuSpace_HS_07450,0.0040519754402339
7,1,3,5,2547,Fibroblast,Mast cell,TIMP3,CD44,CommuSpace_HS_07452,0.163193941116333
7,2,3,4,2530,Fibroblast,Macrophage,THY1,ITGAX,CommuSpace_HS_07427,0.0476730652153492
7,3,3,8,2547,Fibroblast,T cell,TIMP3,CD44,CommuSpace_HS_07452,0.0335455499589443
7,4,3,4,2547,Fibroblast,Macrophage,TIMP3,CD44,CommuSpace_HS_07452,0.027734899893403
7,5,3,4,2311,Fibroblast,Macrophage,SERPINE1,PLAUR,CommuSpace_HS_06869,0.0249568186700344
7,6,3,5,2670,Fibroblast,Mast cell,VEGFA,CD44,CommuSpace_HS_07694,0.0230392478406429
7,7,3,4,351,Fibroblast,Macrophage,CCL2,CCR1,CommuSpace_HS_00946,0.0228674337267875
7,8,3,5,2541,Fibroblast,Mast cell,TIMP2,CD44,CommuSpace_HS_07444,0.0214482322335243
7,9,3,5,583,Fibroblast,Mast cell,COL4A1,CD44,CommuSpace_HS_01729,0.010538569651544
7,10,3,4,2532,Fibroblast,Macrophage,THY1,ITGB2,CommuSpace_HS_07429,0.0090142488479614
8,1,3,8,2547,Fibroblast,T cell,TIMP3,CD44,CommuSpace_HS_07452,0.4922559261322021
8,2,3,8,2541,Fibroblast,T cell,TIMP2,CD44,CommuSpace_HS_07444,0.0158692933619022
8,3,3,8,2670,Fibroblast,T cell,VEGFA,CD44,CommuSpace_HS_07694,0.0152008710429072
8,4,3,8,583,Fibroblast,T cell,COL4A1,CD44,CommuSpace_HS_01729,0.012367095798254
8,5,3,4,2311,Fibroblast,Macrophage,SERPINE1,PLAUR,CommuSpace_HS_06869,0.0027273767627775
8,6,4,4,1359,Macrophage,Macrophage,GNAI2,C5AR1,CommuSpace_HS_03953,0.0021642863284796
8,7,3,4,2670,Fibroblast,Macrophage,VEGFA,CD44,CommuSpace_HS_07694,0.0015065317275002
8,8,4,8,2085,Macrophage,T cell,PKM,CD44,CommuSpace_HS_06177,0.0014676039572805
8,9,3,4,2530,Fibroblast,Macrophage,THY1,ITGAX,CommuSpace_HS_07427,0.0014110759366303
8,10,3,5,2547,Fibroblast,Mast cell,TIMP3,CD44,CommuSpace_HS_07452,0.0013840596657246
9,1,4,8,2085,Macrophage,T cell,PKM,CD44,CommuSpace_HS_06177,0.2583864629268646
9,2,4,4,2085,Macrophage,Macrophage,PKM,CD44,CommuSpace_HS_06177,0.1405170559883117
9,3,7,8,583,Pericyte,T cell,COL4A1,CD44,CommuSpace_HS_01729,0.0078604277223348
9,4,7,8,2547,Pericyte,T cell,TIMP3,CD44,CommuSpace_HS_07452,0.0060050119645893
9,5,4,4,1359,Macrophage,Macrophage,GNAI2,C5AR1,CommuSpace_HS_03953,0.0038560677785426
9,6,3,8,2547,Fibroblast,T cell,TIMP3,CD44,CommuSpace_HS_07452,0.0037976650055497
9,7,4,4,771,Macrophage,Macrophage,CXCL9,FCGR2A,CommuSpace_HS_02275,0.0036145197227597
9,8,7,8,592,Pericyte,T cell,COL4A2,CD44,CommuSpace_HS_01750,0.0032616383396089
9,9,3,8,583,Fibroblast,T cell,COL4A1,CD44,CommuSpace_HS_01729,0.0025214271154254
9,10,3,8,2670,Fibroblast,T cell,VEGFA,CD44,CommuSpace_HS_07694,0.0024303821846842
10,1,3,4,2311,Fibroblast,Macrophage,SERPINE1,PLAUR,CommuSpace_HS_06869,0.179011732339859
10,2,3,4,351,Fibroblast,Macrophage,CCL2,CCR1,CommuSpace_HS_00946,0.171576127409935
10,3,3,8,2547,Fibroblast,T cell,TIMP3,CD44,CommuSpace_HS_07452,0.0072245332412421
10,4,4,4,351,Macrophage,Macrophage,CCL2,CCR1,CommuSpace_HS_00946,0.0062367245554924
10,5,3,4,2547,Fibroblast,Macrophage,TIMP3,CD44,CommuSpace_HS_07452,0.0045202388428151
10,6,4,4,1359,Macrophage,Macrophage,GNAI2,C5AR1,CommuSpace_HS_03953,0.0043353661894798
10,7,3,4,2530,Fibroblast,Macrophage,THY1,ITGAX,CommuSpace_HS_07427,0.0037337692920118
10,8,3,5,2547,Fibroblast,Mast cell,TIMP3,CD44,CommuSpace_HS_07452,0.0034188251011073
10,9,3,8,583,Fibroblast,T cell,COL4A1,CD44,CommuSpace_HS_01729,0.002941413084045
10,10,3,8,2670,Fibroblast,T cell,VEGFA,CD44,CommuSpace_HS_07694,0.0028877111617475
11,1,7,1,585,Pericyte,Endothelial,COL4A1,CD93,CommuSpace_HS_01731,0.081321083009243
11,2,3,1,2505,Fibroblast,Endothelial,THBS1,ITGB3,CommuSpace_HS_07380,0.0793808549642562
11,3,3,1,2545,Fibroblast,Endothelial,TIMP3,ADAMTS4,CommuSpace_HS_07450,0.0362833589315414
11,4,7,1,593,Pericyte,Endothelial,COL4A2,CD93,CommuSpace_HS_01751,0.0277154184877872
11,5,3,1,2143,Fibroblast,Endothelial,POSTN,ITGB3,CommuSpace_HS_06281,0.018769497051835
11,6,3,1,635,Fibroblast,Endothelial,COL5A1,CD93,CommuSpace_HS_01860,0.0132159944623708
11,7,3,1,2533,Fibroblast,Endothelial,THY1,ITGB3,CommuSpace_HS_07430,0.0120413703843951
11,8,3,1,2673,Fibroblast,Endothelial,VEGFA,FLT1,CommuSpace_HS_07697,0.0105041405186057
11,9,3,1,585,Fibroblast,Endothelial,COL4A1,CD93,CommuSpace_HS_01731,0.009559778496623
11,10,3,1,404,Fibroblast,Endothelial,CCN1,ITGB3,CommuSpace_HS_01082,0.0091269379481673
12,1,3,4,2311,Fibroblast,Macrophage,SERPINE1,PLAUR,CommuSpace_HS_06869,0.4087684750556946
12,2,3,4,351,Fibroblast,Macrophage,CCL2,CCR1,CommuSpace_HS_00946,0.3916235864162445
12,3,4,4,351,Macrophage,Macrophage,CCL2,CCR1,CommuSpace_HS_00946,0.0105560850352048
12,4,3,8,2547,Fibroblast,T cell,TIMP3,CD44,CommuSpace_HS_07452,0.0054878769442439
12,5,3,4,2530,Fibroblast,Macrophage,THY1,ITGAX,CommuSpace_HS_07427,0.0035627430770546
12,6,4,4,1359,Macrophage,Macrophage,GNAI2,C5AR1,CommuSpace_HS_03953,0.0035017714835703
12,7,3,5,2547,Fibroblast,Mast cell,TIMP3,CD44,CommuSpace_HS_07452,0.001828019390814
12,8,3,4,2547,Fibroblast,Macrophage,TIMP3,CD44,CommuSpace_HS_07452,0.0017708590021356
12,9,7,4,351,Pericyte,Macrophage,CCL2,CCR1,CommuSpace_HS_00946,0.0013340461300686
12,10,1,4,351,Endothelial,Macrophage,CCL2,CCR1,CommuSpace_HS_00946,0.0010883902432397
13,1,4,4,1359,Macrophage,Macrophage,GNAI2,C5AR1,CommuSpace_HS_03953,0.0050665345042943
13,2,3,8,583,Fibroblast,T cell,COL4A1,CD44,CommuSpace_HS_01729,0.0047399662435054
13,3,3,8,2670,Fibroblast,T cell,VEGFA,CD44,CommuSpace_HS_07694,0.0045542945154011
13,4,3,8,2541,Fibroblast,T cell,TIMP2,CD44,CommuSpace_HS_07444,0.0042262715287506
13,5,7,1,585,Pericyte,Endothelial,COL4A1,CD93,CommuSpace_HS_01731,0.0039516557008028
13,6,3,1,2505,Fibroblast,Endothelial,THBS1,ITGB3,CommuSpace_HS_07380,0.0038187003228813
13,7,3,4,2670,Fibroblast,Macrophage,VEGFA,CD44,CommuSpace_HS_07694,0.0030766071286052
13,8,4,4,351,Macrophage,Macrophage,CCL2,CCR1,CommuSpace_HS_00946,0.0029684919863939
13,9,3,1,2545,Fibroblast,Endothelial,TIMP3,ADAMTS4,CommuSpace_HS_07450,0.0029243435710668
13,10,3,4,2530,Fibroblast,Macrophage,THY1,ITGAX,CommuSpace_HS_07427,0.0028524892404675
14,1,2,2,2548,Epithelial,Epithelial,TIMP3,DDR1,CommuSpace_HS_07453,0.0228641834110021
14,2,3,2,2548,Fibroblast,Epithelial,TIMP3,DDR1,CommuSpace_HS_07453,0.0164566729217767
14,3,2,2,2547,Epithelial,Epithelial,TIMP3,CD44,CommuSpace_HS_07452,0.0146175129339098
14,4,3,2,2547,Fibroblast,Epithelial,TIMP3,CD44,CommuSpace_HS_07452,0.0121388565748929
14,5,2,2,916,Epithelial,Epithelial,F11R,F11R,CommuSpace_HS_02693,0.0104575119912624
14,6,2,2,2510,Epithelial,Epithelial,THBS1,SDC4,CommuSpace_HS_07386,0.0074719693511724
14,7,3,2,636,Fibroblast,Epithelial,COL5A1,DDR1,CommuSpace_HS_01861,0.0071663567796349
14,8,2,2,2498,Epithelial,Epithelial,THBS1,CD47,CommuSpace_HS_07371,0.0063829259015619
14,9,2,1,131,Epithelial,Endothelial,APP,FLT1,CommuSpace_HS_00391,0.0058605666272342
14,10,3,2,2510,Fibroblast,Epithelial,THBS1,SDC4,CommuSpace_HS_07386,0.00549803301692
15,1,4,4,1359,Macrophage,Macrophage,GNAI2,C5AR1,CommuSpace_HS_03953,0.0051979450508952
15,2,3,8,583,Fibroblast,T cell,COL4A1,CD44,CommuSpace_HS_01729,0.0048576844856143
15,3,3,8,2670,Fibroblast,T cell,VEGFA,CD44,CommuSpace_HS_07694,0.0046671875752508
15,4,3,8,2541,Fibroblast,T cell,TIMP2,CD44,CommuSpace_HS_07444,0.0043296604417264
15,5,3,4,2670,Fibroblast,Macrophage,VEGFA,CD44,CommuSpace_HS_07694,0.0031390103977173
15,6,4,4,351,Macrophage,Macrophage,CCL2,CCR1,CommuSpace_HS_00946,0.0030310603324323
15,7,3,4,2530,Fibroblast,Macrophage,THY1,ITGAX,CommuSpace_HS_07427,0.0029265768826007
15,8,3,4,2541,Fibroblast,Macrophage,TIMP2,CD44,CommuSpace_HS_07444,0.0028876585420221
15,9,3,4,583,Fibroblast,Macrophage,COL4A1,CD44,CommuSpace_HS_01729,0.0028494128491729
15,10,4,4,771,Macrophage,Macrophage,CXCL9,FCGR2A,CommuSpace_HS_02275,0.0026684994809329
16,1,3,8,2547,Fibroblast,T cell,TIMP3,CD44,CommuSpace_HS_07452,0.0930861607193946
16,2,3,8,2670,Fibroblast,T cell,VEGFA,CD44,CommuSpace_HS_07694,0.006548732984811
16,3,3,8,2541,Fibroblast,T cell,TIMP2,CD44,CommuSpace_HS_07444,0.0064037754200398
16,4,3,8,583,Fibroblast,T cell,COL4A1,CD44,CommuSpace_HS_01729,0.0061735473573207
16,5,4,4,1359,Macrophage,Macrophage,GNAI2,C5AR1,CommuSpace_HS_03953,0.0045408932492136
16,6,3,5,2547,Fibroblast,Mast cell,TIMP3,CD44,CommuSpace_HS_07452,0.0030325332190841
16,7,3,4,2530,Fibroblast,Macrophage,THY1,ITGAX,CommuSpace_HS_07427,0.0030006333254277
16,8,3,4,2670,Fibroblast,Macrophage,VEGFA,CD44,CommuSpace_HS_07694,0.0028045591898262
16,9,7,1,585,Pericyte,Endothelial,COL4A1,CD93,CommuSpace_HS_01731,0.002670224988833
16,10,4,4,351,Macrophage,Macrophage,CCL2,CCR1,CommuSpace_HS_00946,0.0026573368813842
17,1,7,1,585,Pericyte,Endothelial,COL4A1,CD93,CommuSpace_HS_01731,0.0143463797867298
17,2,3,1,2505,Fibroblast,Endothelial,THBS1,ITGB3,CommuSpace_HS_07380,0.0139901600778102
17,3,3,1,2545,Fibroblast,Endothelial,TIMP3,ADAMTS4,CommuSpace_HS_07450,0.0074154352769255
17,4,7,1,593,Pericyte,Endothelial,COL4A2,CD93,CommuSpace_HS_01751,0.0059242909774184
17,5,4,4,1359,Macrophage,Macrophage,GNAI2,C5AR1,CommuSpace_HS_03953,0.0046649584546685
17,6,3,1,2143,Fibroblast,Endothelial,POSTN,ITGB3,CommuSpace_HS_06281,0.0044928761199116
17,7,3,8,583,Fibroblast,T cell,COL4A1,CD44,CommuSpace_HS_01729,0.004385900683701
17,8,3,8,2670,Fibroblast,T cell,VEGFA,CD44,CommuSpace_HS_07694,0.0042139678262174
17,9,3,8,2541,Fibroblast,T cell,TIMP2,CD44,CommuSpace_HS_07444,0.0039101466536521
17,10,3,1,2673,Fibroblast,Endothelial,VEGFA,FLT1,CommuSpace_HS_07697,0.0038623192813247
18,1,3,4,2547,Fibroblast,Macrophage,TIMP3,CD44,CommuSpace_HS_07452,0.3627077639102936
18,2,3,4,2532,Fibroblast,Macrophage,THY1,ITGB2,CommuSpace_HS_07429,0.1092889383435249
18,3,4,3,1733,Macrophage,Fibroblast,ITGB2,THY1,CommuSpace_HS_04798,0.1089617162942886
18,4,3,4,414,Fibroblast,Macrophage,CCN2,ITGB2,CommuSpace_HS_01093,0.0541390031576156
18,5,3,4,403,Fibroblast,Macrophage,CCN1,ITGB2,CommuSpace_HS_01081,0.0506363958120346
18,6,3,4,2530,Fibroblast,Macrophage,THY1,ITGAX,CommuSpace_HS_07427,0.0192949455231428
18,7,3,4,2311,Fibroblast,Macrophage,SERPINE1,PLAUR,CommuSpace_HS_06869,0.0156870689243078
18,8,3,8,2547,Fibroblast,T cell,TIMP3,CD44,CommuSpace_HS_07452,0.0117984702810645
18,9,3,4,583,Fibroblast,Macrophage,COL4A1,CD44,CommuSpace_HS_01729,0.0084836976602673
18,10,3,4,2670,Fibroblast,Macrophage,VEGFA,CD44,CommuSpace_HS_07694,0.0073391855694353
19,1,3,1,2549,Fibroblast,Endothelial,TIMP3,KDR,CommuSpace_HS_07454,0.3348384499549866
19,2,3,1,785,Fibroblast,Endothelial,DCN,KDR,CommuSpace_HS_02342,0.2713006436824798
19,3,3,1,131,Fibroblast,Endothelial,APP,FLT1,CommuSpace_HS_00391,0.0189122706651687
19,4,3,1,2673,Fibroblast,Endothelial,VEGFA,FLT1,CommuSpace_HS_07697,0.0152890179306268
19,5,3,1,2678,Fibroblast,Endothelial,VEGFA,KDR,CommuSpace_HS_07705,0.0148196183145046
19,6,3,1,635,Fibroblast,Endothelial,COL5A1,CD93,CommuSpace_HS_01860,0.0061575067229568
19,7,1,1,2549,Endothelial,Endothelial,TIMP3,KDR,CommuSpace_HS_07454,0.0033321569208055
19,8,3,7,2497,Fibroblast,Pericyte,THBS1,CD36,CommuSpace_HS_07370,0.0026478928048163
19,9,3,1,2545,Fibroblast,Endothelial,TIMP3,ADAMTS4,CommuSpace_HS_07450,0.0023197503760457
19,10,3,1,585,Fibroblast,Endothelial,COL4A1,CD93,CommuSpace_HS_01731,0.0021638409234583
20,1,4,8,2085,Macrophage,T cell,PKM,CD44,CommuSpace_HS_06177,0.4620502591133117
20,2,4,4,2085,Macrophage,Macrophage,PKM,CD44,CommuSpace_HS_06177,0.2504033744335174
20,3,7,8,583,Pericyte,T cell,COL4A1,CD44,CommuSpace_HS_01729,0.0121066411957144
20,4,7,8,2547,Pericyte,T cell,TIMP3,CD44,CommuSpace_HS_07452,0.0088176047429442
20,5,4,4,771,Macrophage,Macrophage,CXCL9,FCGR2A,CommuSpace_HS_02275,0.0044153854250907
20,6,7,8,592,Pericyte,T cell,COL4A2,CD44,CommuSpace_HS_01750,0.0040337303653359
20,7,4,4,1359,Macrophage,Macrophage,GNAI2,C5AR1,CommuSpace_HS_03953,0.0029069255106151
20,8,1,8,583,Endothelial,T cell,COL4A1,CD44,CommuSpace_HS_01729,0.0024063882883638
20,9,7,4,583,Pericyte,Macrophage,COL4A1,CD44,CommuSpace_HS_01729,0.0019122266676276
20,10,7,4,2547,Pericyte,Macrophage,TIMP3,CD44,CommuSpace_HS_07452,0.0015819297404959
21,1,3,8,2547,Fibroblast,T cell,TIMP3,CD44,CommuSpace_HS_07452,0.7976832389831543
21,2,3,8,2541,Fibroblast,T cell,TIMP2,CD44,CommuSpace_HS_07444,0.0230780113488435
21,3,3,8,2670,Fibroblast,T cell,VEGFA,CD44,CommuSpace_HS_07694,0.0217854902148246
21,4,3,8,583,Fibroblast,T cell,COL4A1,CD44,CommuSpace_HS_01729,0.0170682966709136
21,5,3,4,2311,Fibroblast,Macrophage,SERPINE1,PLAUR,CommuSpace_HS_06869,0.0032423287630081
21,6,4,8,2085,Macrophage,T cell,PKM,CD44,CommuSpace_HS_06177,0.0011107921600341
21,7,3,5,2547,Fibroblast,Mast cell,TIMP3,CD44,CommuSpace_HS_07452,0.000954684219323
21,8,3,4,2682,Fibroblast,Macrophage,VEGFA,SIRPA,CommuSpace_HS_07709,0.0006178143667057
21,9,3,4,2670,Fibroblast,Macrophage,VEGFA,CD44,CommuSpace_HS_07694,0.0004970428999513
21,10,3,5,2541,Fibroblast,Mast cell,TIMP2,CD44,CommuSpace_HS_07444,0.0004891454591415
22,1,3,4,2547,Fibroblast,Macrophage,TIMP3,CD44,CommuSpace_HS_07452,0.0167932845652103
22,2,3,4,2532,Fibroblast,Macrophage,THY1,ITGB2,CommuSpace_HS_07429,0.0062523097731173
22,3,4,3,1733,Macrophage,Fibroblast,ITGB2,THY1,CommuSpace_HS_04798,0.0062346481718122
22,4,4,4,1359,Macrophage,Macrophage,GNAI2,C5AR1,CommuSpace_HS_03953,0.0049910275265574
22,5,3,8,583,Fibroblast,T cell,COL4A1,CD44,CommuSpace_HS_01729,0.0047364295460283
22,6,3,4,414,Fibroblast,Macrophage,CCN2,ITGB2,CommuSpace_HS_01093,0.0046862894669175
22,7,3,8,2670,Fibroblast,T cell,VEGFA,CD44,CommuSpace_HS_07694,0.0045323781669139
22,8,3,4,403,Fibroblast,Macrophage,CCN1,ITGB2,CommuSpace_HS_01081,0.0044881640933454
22,9,3,8,2541,Fibroblast,T cell,TIMP2,CD44,CommuSpace_HS_07444,0.0042069004848599
22,10,3,4,2530,Fibroblast,Macrophage,THY1,ITGAX,CommuSpace_HS_07427,0.0037392205558717
23,1,3,5,2547,Fibroblast,Mast cell,TIMP3,CD44,CommuSpace_HS_07452,0.0074006607756018
23,2,4,4,1359,Macrophage,Macrophage,GNAI2,C5AR1,CommuSpace_HS_03953,0.0050811637192964
23,3,3,8,583,Fibroblast,T cell,COL4A1,CD44,CommuSpace_HS_01729,0.0047613601200282
23,4,3,8,2670,Fibroblast,T cell,VEGFA,CD44,CommuSpace_HS_07694,0.0045850756578147
23,5,3,4,2530,Fibroblast,Macrophage,THY1,ITGAX,CommuSpace_HS_07427,0.004432700574398
23,6,3,8,2541,Fibroblast,T cell,TIMP2,CD44,CommuSpace_HS_07444,0.004251527134329
23,7,3,4,2670,Fibroblast,Macrophage,VEGFA,CD44,CommuSpace_HS_07694,0.003109372453764
23,8,4,4,351,Macrophage,Macrophage,CCL2,CCR1,CommuSpace_HS_00946,0.002969428198412
23,9,3,4,2541,Fibroblast,Macrophage,TIMP2,CD44,CommuSpace_HS_07444,0.0028638171497732
23,10,3,4,583,Fibroblast,Macrophage,COL4A1,CD44,CommuSpace_HS_01729,0.0028090260457247
24,1,3,8,2547,Fibroblast,T cell,TIMP3,CD44,CommuSpace_HS_07452,0.1428694725036621
24,2,3,8,2670,Fibroblast,T cell,VEGFA,CD44,CommuSpace_HS_07694,0.0077127553522586
24,3,3,8,2541,Fibroblast,T cell,TIMP2,CD44,CommuSpace_HS_07444,0.0076627139933407
24,4,3,8,583,Fibroblast,T cell,COL4A1,CD44,CommuSpace_HS_01729,0.0070327417925
24,5,4,4,1359,Macrophage,Macrophage,GNAI2,C5AR1,CommuSpace_HS_03953,0.0043390202336013
24,6,3,4,2670,Fibroblast,Macrophage,VEGFA,CD44,CommuSpace_HS_07694,0.0026744615752249
24,7,3,4,2530,Fibroblast,Macrophage,THY1,ITGAX,CommuSpace_HS_07427,0.0026033828034996
24,8,4,4,351,Macrophage,Macrophage,CCL2,CCR1,CommuSpace_HS_00946,0.0025275945663452
24,9,3,4,2541,Fibroblast,Macrophage,TIMP2,CD44,CommuSpace_HS_07444,0.002437099115923
24,10,3,4,583,Fibroblast,Macrophage,COL4A1,CD44,CommuSpace_HS_01729,0.0023912524338811
25,1,1,1,131,Endothelial,Endothelial,APP,FLT1,CommuSpace_HS_00391,0.2997753620147705
25,2,1,1,585,Endothelial,Endothelial,COL4A1,CD93,CommuSpace_HS_01731,0.2348852604627609
25,3,1,1,593,Endothelial,Endothelial,COL4A2,CD93,CommuSpace_HS_01751,0.1102572605013847
25,4,1,1,890,Endothelial,Endothelial,ENG,BMPR2,CommuSpace_HS_02648,0.0116377035155892
25,5,7,1,585,Pericyte,Endothelial,COL4A1,CD93,CommuSpace_HS_01731,0.0090843914076685
25,6,1,1,2069,Endothelial,Endothelial,PECAM1,PECAM1,CommuSpace_HS_06139,0.0060097626410424
25,7,3,1,635,Fibroblast,Endothelial,COL5A1,CD93,CommuSpace_HS_01860,0.0059000290930271
25,8,3,1,2505,Fibroblast,Endothelial,THBS1,ITGB3,CommuSpace_HS_07380,0.0054616052657365
25,9,1,1,2068,Endothelial,Endothelial,PECAM1,ITGB3,CommuSpace_HS_06138,0.0048135607503354
25,10,1,1,599,Endothelial,Endothelial,COL4A2,ITGB3,CommuSpace_HS_01767,0.004450571257621
26,1,4,4,1359,Macrophage,Macrophage,GNAI2,C5AR1,CommuSpace_HS_03953,0.00514781428501
26,2,3,8,2547,Fibroblast,T cell,TIMP3,CD44,CommuSpace_HS_07452,0.005091231316328
26,3,3,8,583,Fibroblast,T cell,COL4A1,CD44,CommuSpace_HS_01729,0.0048824893310666
26,4,3,8,2670,Fibroblast,T cell,VEGFA,CD44,CommuSpace_HS_07694,0.004711399320513
26,5,3,8,2541,Fibroblast,T cell,TIMP2,CD44,CommuSpace_HS_07444,0.0043826214969158
26,6,1,8,583,Endothelial,T cell,COL4A1,CD44,CommuSpace_HS_01729,0.0033382116816937
26,7,3,4,2670,Fibroblast,Macrophage,VEGFA,CD44,CommuSpace_HS_07694,0.0031077091116458
26,8,4,4,351,Macrophage,Macrophage,CCL2,CCR1,CommuSpace_HS_00946,0.0030167365912348
26,9,3,4,2530,Fibroblast,Macrophage,THY1,ITGAX,CommuSpace_HS_07427,0.0028672071639448
26,10,1,8,2547,Endothelial,T cell,TIMP3,CD44,CommuSpace_HS_07452,0.0028618050273507
27,1,3,8,2547,Fibroblast,T cell,TIMP3,CD44,CommuSpace_HS_07452,0.0501965284347534
27,2,3,8,2670,Fibroblast,T cell,VEGFA,CD44,CommuSpace_HS_07694,0.0057269516400992
27,3,3,8,583,Fibroblast,T cell,COL4A1,CD44,CommuSpace_HS_01729,0.0056201890110969
27,4,3,8,2541,Fibroblast,T cell,TIMP2,CD44,CommuSpace_HS_07444,0.0054870503954589
27,5,4,4,1359,Macrophage,Macrophage,GNAI2,C5AR1,CommuSpace_HS_03953,0.0049181240610778
27,6,3,4,2670,Fibroblast,Macrophage,VEGFA,CD44,CommuSpace_HS_07694,0.0029822650831192
27,7,4,4,351,Macrophage,Macrophage,CCL2,CCR1,CommuSpace_HS_00946,0.0028550855349749
27,8,3,4,2530,Fibroblast,Macrophage,THY1,ITGAX,CommuSpace_HS_07427,0.0028038162272423
27,9,3,4,2541,Fibroblast,Macrophage,TIMP2,CD44,CommuSpace_HS_07444,0.0027369570452719
27,10,3,4,583,Fibroblast,Macrophage,COL4A1,CD44,CommuSpace_HS_01729,0.0026920936070382
28,1,4,4,1359,Macrophage,Macrophage,GNAI2,C5AR1,CommuSpace_HS_03953,0.0052285981364548
28,2,3,8,583,Fibroblast,T cell,COL4A1,CD44,CommuSpace_HS_01729,0.0048819235526025
28,3,3,8,2670,Fibroblast,T cell,VEGFA,CD44,CommuSpace_HS_07694,0.004691214300692
28,4,3,8,2541,Fibroblast,T cell,TIMP2,CD44,CommuSpace_HS_07444,0.0043507264927029
28,5,3,4,2670,Fibroblast,Macrophage,VEGFA,CD44,CommuSpace_HS_07694,0.003150692442432
28,6,4,4,351,Macrophage,Macrophage,CCL2,CCR1,CommuSpace_HS_00946,0.0030542751774191
28,7,3,4,2530,Fibroblast,Macrophage,THY1,ITGAX,CommuSpace_HS_07427,0.0029713918920606
28,8,3,4,2541,Fibroblast,Macrophage,TIMP2,CD44,CommuSpace_HS_07444,0.0028996027540415
28,9,3,4,583,Fibroblast,Macrophage,COL4A1,CD44,CommuSpace_HS_01729,0.002856645733118
28,10,4,4,771,Macrophage,Macrophage,CXCL9,FCGR2A,CommuSpace_HS_02275,0.002677276963368
29,1,3,4,2311,Fibroblast,Macrophage,SERPINE1,PLAUR,CommuSpace_HS_06869,0.4172684550285339
29,2,3,4,351,Fibroblast,Macrophage,CCL2,CCR1,CommuSpace_HS_00946,0.3997960090637207
29,3,4,4,351,Macrophage,Macrophage,CCL2,CCR1,CommuSpace_HS_00946,0.0107443006709218
29,4,4,4,1359,Macrophage,Macrophage,GNAI2,C5AR1,CommuSpace_HS_03953,0.0035212677903473
29,5,3,4,2530,Fibroblast,Macrophage,THY1,ITGAX,CommuSpace_HS_07427,0.0031700807157903
29,6,3,4,2547,Fibroblast,Macrophage,TIMP3,CD44,CommuSpace_HS_07452,0.0013483038637787
29,7,7,4,351,Pericyte,Macrophage,CCL2,CCR1,CommuSpace_HS_00946,0.001336027518846
29,8,1,4,351,Endothelial,Macrophage,CCL2,CCR1,CommuSpace_HS_00946,0.0010857161832973
29,9,3,8,2547,Fibroblast,T cell,TIMP3,CD44,CommuSpace_HS_07452,0.0009601268684491
29,10,3,4,2682,Fibroblast,Macrophage,VEGFA,SIRPA,CommuSpace_HS_07709,0.0009534897399134
30,1,3,4,2547,Fibroblast,Macrophage,TIMP3,CD44,CommuSpace_HS_07452,0.3659968078136444
30,2,3,4,2532,Fibroblast,Macrophage,THY1,ITGB2,CommuSpace_HS_07429,0.1102717593312263
30,3,4,3,1733,Macrophage,Fibroblast,ITGB2,THY1,CommuSpace_HS_04798,0.1099415645003318
30,4,3,4,414,Fibroblast,Macrophage,CCN2,ITGB2,CommuSpace_HS_01093,0.0546147227287292
30,5,3,4,403,Fibroblast,Macrophage,CCN1,ITGB2,CommuSpace_HS_01081,0.0510805658996105
30,6,3,4,2530,Fibroblast,Macrophage,THY1,ITGAX,CommuSpace_HS_07427,0.0194415692239999
30,7,3,4,2311,Fibroblast,Macrophage,SERPINE1,PLAUR,CommuSpace_HS_06869,0.0157033298164606
30,8,3,8,2547,Fibroblast,T cell,TIMP3,CD44,CommuSpace_HS_07452,0.0104455053806304
30,9,3,4,583,Fibroblast,Macrophage,COL4A1,CD44,CommuSpace_HS_01729,0.0085418503731489
30,10,3,4,2670,Fibroblast,Macrophage,VEGFA,CD44,CommuSpace_HS_07694,0.0073845982551574
31,1,3,4,2311,Fibroblast,Macrophage,SERPINE1,PLAUR,CommuSpace_HS_06869,0.4172685444355011
31,2,3,4,351,Fibroblast,Macrophage,CCL2,CCR1,CommuSpace_HS_00946,0.3997960984706878
31,3,4,4,351,Macrophage,Macrophage,CCL2,CCR1,CommuSpace_HS_00946,0.0107443025335669
31,4,4,4,1359,Macrophage,Macrophage,GNAI2,C5AR1,CommuSpace_HS_03953,0.003521267324686
31,5,3,4,2530,Fibroblast,Macrophage,THY1,ITGAX,CommuSpace_HS_07427,0.0031700807157903
31,6,3,4,2547,Fibroblast,Macrophage,TIMP3,CD44,CommuSpace_HS_07452,0.0013482968788594
31,7,7,4,351,Pericyte,Macrophage,CCL2,CCR1,CommuSpace_HS_00946,0.0013360271696001
31,8,1,4,351,Endothelial,Macrophage,CCL2,CCR1,CommuSpace_HS_00946,0.0010857158340513
31,9,3,8,2547,Fibroblast,T cell,TIMP3,CD44,CommuSpace_HS_07452,0.000960164994467
31,10,3,4,2682,Fibroblast,Macrophage,VEGFA,SIRPA,CommuSpace_HS_07709,0.0009534893324598
32,1,3,5,2547,Fibroblast,Mast cell,TIMP3,CD44,CommuSpace_HS_07452,0.2457609623670578
32,2,3,4,2530,Fibroblast,Macrophage,THY1,ITGAX,CommuSpace_HS_07427,0.068908579647541
32,3,3,5,2670,Fibroblast,Mast cell,VEGFA,CD44,CommuSpace_HS_07694,0.0342265777289867
32,4,3,5,2541,Fibroblast,Mast cell,TIMP2,CD44,CommuSpace_HS_07444,0.0318310149013996
32,5,3,5,583,Fibroblast,Mast cell,COL4A1,CD44,CommuSpace_HS_01729,0.0153566058725118
32,6,5,3,1835,Mast cell,Fibroblast,LIF,IL6ST,CommuSpace_HS_05222,0.0080740461125969
32,7,4,5,2085,Macrophage,Mast cell,PKM,CD44,CommuSpace_HS_06177,0.0039135329425334
32,8,3,7,2557,Fibroblast,Pericyte,TNC,ITGA7,CommuSpace_HS_07468,0.0029312018305063
32,9,3,4,2670,Fibroblast,Macrophage,VEGFA,CD44,CommuSpace_HS_07694,0.0027336061466485
32,10,3,4,2541,Fibroblast,Macrophage,TIMP2,CD44,CommuSpace_HS_07444,0.0026210190262645
33,1,3,8,2547,Fibroblast,T cell,TIMP3,CD44,CommuSpace_HS_07452,0.7976906895637512
33,2,3,8,2541,Fibroblast,T cell,TIMP2,CD44,CommuSpace_HS_07444,0.0230782274156808
33,3,3,8,2670,Fibroblast,T cell,VEGFA,CD44,CommuSpace_HS_07694,0.0217856932431459
33,4,3,8,583,Fibroblast,T cell,COL4A1,CD44,CommuSpace_HS_01729,0.0170684568583965
33,5,3,4,2311,Fibroblast,Macrophage,SERPINE1,PLAUR,CommuSpace_HS_06869,0.0032423604279756
33,6,4,8,2085,Macrophage,T cell,PKM,CD44,CommuSpace_HS_06177,0.0011108022881671
33,7,3,5,2547,Fibroblast,Mast cell,TIMP3,CD44,CommuSpace_HS_07452,0.0009546931250952
33,8,3,4,2682,Fibroblast,Macrophage,VEGFA,SIRPA,CommuSpace_HS_07709,0.0006178200710564
33,9,3,4,2670,Fibroblast,Macrophage,VEGFA,CD44,CommuSpace_HS_07694,0.0004970474401488
33,10,3,5,2541,Fibroblast,Mast cell,TIMP2,CD44,CommuSpace_HS_07444,0.0004891499993391
34,1,4,4,1359,Macrophage,Macrophage,GNAI2,C5AR1,CommuSpace_HS_03953,0.0051916609518229
34,2,3,8,583,Fibroblast,T cell,COL4A1,CD44,CommuSpace_HS_01729,0.0048419954255223
34,3,3,8,2670,Fibroblast,T cell,VEGFA,CD44,CommuSpace_HS_07694,0.0046514836139976
34,4,3,8,2541,Fibroblast,T cell,TIMP2,CD44,CommuSpace_HS_07444,0.004315419588238
34,5,3,4,351,Fibroblast,Macrophage,CCL2,CCR1,CommuSpace_HS_00946,0.0037802637089043
34,6,3,4,2311,Fibroblast,Macrophage,SERPINE1,PLAUR,CommuSpace_HS_06869,0.0035898992791771
34,7,3,4,2670,Fibroblast,Macrophage,VEGFA,CD44,CommuSpace_HS_07694,0.0031219753436744
34,8,4,4,351,Macrophage,Macrophage,CCL2,CCR1,CommuSpace_HS_00946,0.0030591511167585
34,9,1,8,583,Endothelial,T cell,COL4A1,CD44,CommuSpace_HS_01729,0.0030381318647414
34,10,3,4,2530,Fibroblast,Macrophage,THY1,ITGAX,CommuSpace_HS_07427,0.0029300041496753
35,1,3,4,2311,Fibroblast,Macrophage,SERPINE1,PLAUR,CommuSpace_HS_06869,0.4178821444511413
35,2,3,4,351,Fibroblast,Macrophage,CCL2,CCR1,CommuSpace_HS_00946,0.4003866016864776
35,3,4,4,351,Macrophage,Macrophage,CCL2,CCR1,CommuSpace_HS_00946,0.0107575766742229
35,4,4,4,1359,Macrophage,Macrophage,GNAI2,C5AR1,CommuSpace_HS_03953,0.0035219499841332
35,5,3,4,2530,Fibroblast,Macrophage,THY1,ITGAX,CommuSpace_HS_07427,0.0031696101650595
35,6,7,4,351,Pericyte,Macrophage,CCL2,CCR1,CommuSpace_HS_00946,0.0013360236771404
35,7,3,4,2547,Fibroblast,Macrophage,TIMP3,CD44,CommuSpace_HS_07452,0.0012989726383239
35,8,1,4,351,Endothelial,Macrophage,CCL2,CCR1,CommuSpace_HS_00946,0.0010853647254407
35,9,3,4,2682,Fibroblast,Macrophage,VEGFA,SIRPA,CommuSpace_HS_07709,0.0009524033521302
35,10,5,4,351,Mast cell,Macrophage,CCL2,CCR1,CommuSpace_HS_00946,0.0006832500221207
36,1,4,4,1359,Macrophage,Macrophage,GNAI2,C5AR1,CommuSpace_HS_03953,0.0051916833035647
36,2,3,8,583,Fibroblast,T cell,COL4A1,CD44,CommuSpace_HS_01729,0.0048420159146189
36,3,3,8,2670,Fibroblast,T cell,VEGFA,CD44,CommuSpace_HS_07694,0.004651503637433
36,4,3,8,2541,Fibroblast,T cell,TIMP2,CD44,CommuSpace_HS_07444,0.0043154377490282
36,5,3,4,351,Fibroblast,Macrophage,CCL2,CCR1,CommuSpace_HS_00946,0.0037802723236382
36,6,3,4,2311,Fibroblast,Macrophage,SERPINE1,PLAUR,CommuSpace_HS_06869,0.0035899067297577
36,7,3,4,2670,Fibroblast,Macrophage,VEGFA,CD44,CommuSpace_HS_07694,0.0031219886150211
36,8,4,4,351,Macrophage,Macrophage,CCL2,CCR1,CommuSpace_HS_00946,0.0030591639224439
36,9,1,8,583,Endothelial,T cell,COL4A1,CD44,CommuSpace_HS_01729,0.0030381325632333
36,10,3,4,2530,Fibroblast,Macrophage,THY1,ITGAX,CommuSpace_HS_07427,0.0029300162568688
37,1,4,4,1359,Macrophage,Macrophage,GNAI2,C5AR1,CommuSpace_HS_03953,0.0051916833035647
37,2,3,8,583,Fibroblast,T cell,COL4A1,CD44,CommuSpace_HS_01729,0.0048420159146189
37,3,3,8,2670,Fibroblast,T cell,VEGFA,CD44,CommuSpace_HS_07694,0.004651503637433
37,4,3,8,2541,Fibroblast,T cell,TIMP2,CD44,CommuSpace_HS_07444,0.0043154377490282
37,5,3,4,351,Fibroblast,Macrophage,CCL2,CCR1,CommuSpace_HS_00946,0.0037802732549607
37,6,3,4,2311,Fibroblast,Macrophage,SERPINE1,PLAUR,CommuSpace_HS_06869,0.0035899076610803
37,7,3,4,2670,Fibroblast,Macrophage,VEGFA,CD44,CommuSpace_HS_07694,0.0031219886150211
37,8,4,4,351,Macrophage,Macrophage,CCL2,CCR1,CommuSpace_HS_00946,0.0030591639224439
37,9,1,8,583,Endothelial,T cell,COL4A1,CD44,CommuSpace_HS_01729,0.0030381307005882
37,10,3,4,2530,Fibroblast,Macrophage,THY1,ITGAX,CommuSpace_HS_07427,0.0029300162568688
38,1,4,4,1359,Macrophage,Macrophage,GNAI2,C5AR1,CommuSpace_HS_03953,0.0051916833035647
38,2,3,8,583,Fibroblast,T cell,COL4A1,CD44,CommuSpace_HS_01729,0.0048420159146189
38,3,3,8,2670,Fibroblast,T cell,VEGFA,CD44,CommuSpace_HS_07694,0.004651503637433
38,4,3,8,2541,Fibroblast,T cell,TIMP2,CD44,CommuSpace_HS_07444,0.0043154377490282
38,5,3,4,351,Fibroblast,Macrophage,CCL2,CCR1,CommuSpace_HS_00946,0.0037802732549607
38,6,3,4,2311,Fibroblast,Macrophage,SERPINE1,PLAUR,CommuSpace_HS_06869,0.003589907893911
38,7,3,4,2670,Fibroblast,Macrophage,VEGFA,CD44,CommuSpace_HS_07694,0.0031219886150211
38,8,4,4,351,Macrophage,Macrophage,CCL2,CCR1,CommuSpace_HS_00946,0.0030591641552746
38,9,1,8,583,Endothelial,T cell,COL4A1,CD44,CommuSpace_HS_01729,0.0030381302349269
38,10,3,4,2530,Fibroblast,Macrophage,THY1,ITGAX,CommuSpace_HS_07427,0.0029300162568688
39,1,4,4,1359,Macrophage,Macrophage,GNAI2,C5AR1,CommuSpace_HS_03953,0.0051916833035647
39,2,3,8,583,Fibroblast,T cell,COL4A1,CD44,CommuSpace_HS_01729,0.0048420159146189
39,3,3,8,2670,Fibroblast,T cell,VEGFA,CD44,CommuSpace_HS_07694,0.004651503637433
39,4,3,8,2541,Fibroblast,T cell,TIMP2,CD44,CommuSpace_HS_07444,0.0043154377490282
39,5,3,4,351,Fibroblast,Macrophage,CCL2,CCR1,CommuSpace_HS_00946,0.0037802732549607
39,6,3,4,2311,Fibroblast,Macrophage,SERPINE1,PLAUR,CommuSpace_HS_06869,0.003589907893911
39,7,3,4,2670,Fibroblast,Macrophage,VEGFA,CD44,CommuSpace_HS_07694,0.0031219886150211
39,8,4,4,351,Macrophage,Macrophage,CCL2,CCR1,CommuSpace_HS_00946,0.0030591641552746
39,9,1,8,583,Endothelial,T cell,COL4A1,CD44,CommuSpace_HS_01729,0.0030381302349269
39,10,3,4,2530,Fibroblast,Macrophage,THY1,ITGAX,CommuSpace_HS_07427,0.0029300162568688
40,1,4,4,1359,Macrophage,Macrophage,GNAI2,C5AR1,CommuSpace_HS_03953,0.0051916833035647
40,2,3,8,583,Fibroblast,T cell,COL4A1,CD44,CommuSpace_HS_01729,0.0048420159146189
40,3,3,8,2670,Fibroblast,T cell,VEGFA,CD44,CommuSpace_HS_07694,0.004651503637433
40,4,3,8,2541,Fibroblast,T cell,TIMP2,CD44,CommuSpace_HS_07444,0.0043154377490282
40,5,3,4,351,Fibroblast,Macrophage,CCL2,CCR1,CommuSpace_HS_00946,0.0037802739534527
40,6,3,4,2311,Fibroblast,Macrophage,SERPINE1,PLAUR,CommuSpace_HS_06869,0.0035899083595722
40,7,3,4,2670,Fibroblast,Macrophage,VEGFA,CD44,CommuSpace_HS_07694,0.0031219886150211
40,8,4,4,351,Macrophage,Macrophage,CCL2,CCR1,CommuSpace_HS_00946,0.0030591641552746
40,9,1,8,583,Endothelial,T cell,COL4A1,CD44,CommuSpace_HS_01729,0.0030381283722817
40,10,3,4,2530,Fibroblast,Macrophage,THY1,ITGAX,CommuSpace_HS_07427,0.0029300162568688
41,1,4,4,1359,Macrophage,Macrophage,GNAI2,C5AR1,CommuSpace_HS_03953,0.0051916833035647
41,2,3,8,583,Fibroblast,T cell,COL4A1,CD44,CommuSpace_HS_01729,0.0048420159146189
41,3,3,8,2670,Fibroblast,T cell,VEGFA,CD44,CommuSpace_HS_07694,0.004651503637433
41,4,3,8,2541,Fibroblast,T cell,TIMP2,CD44,CommuSpace_HS_07444,0.0043154377490282
41,5,3,4,351,Fibroblast,Macrophage,CCL2,CCR1,CommuSpace_HS_00946,0.0037802744191139
41,6,3,4,2311,Fibroblast,Macrophage,SERPINE1,PLAUR,CommuSpace_HS_06869,0.0035899088252335
41,7,3,4,2670,Fibroblast,Macrophage,VEGFA,CD44,CommuSpace_HS_07694,0.0031219886150211
41,8,4,4,351,Macrophage,Macrophage,CCL2,CCR1,CommuSpace_HS_00946,0.0030591641552746
41,9,1,8,583,Endothelial,T cell,COL4A1,CD44,CommuSpace_HS_01729,0.0030381272081285
41,10,3,4,2530,Fibroblast,Macrophage,THY1,ITGAX,CommuSpace_HS_07427,0.0029300162568688
42,1,4,4,1359,Macrophage,Macrophage,GNAI2,C5AR1,CommuSpace_HS_03953,0.0051916833035647
42,2,3,8,583,Fibroblast,T cell,COL4A1,CD44,CommuSpace_HS_01729,0.0048420159146189
42,3,3,8,2670,Fibroblast,T cell,VEGFA,CD44,CommuSpace_HS_07694,0.004651503637433
42,4,3,8,2541,Fibroblast,T cell,TIMP2,CD44,CommuSpace_HS_07444,0.0043154377490282
42,5,3,4,351,Fibroblast,Macrophage,CCL2,CCR1,CommuSpace_HS_00946,0.0037802744191139
42,6,3,4,2311,Fibroblast,Macrophage,SERPINE1,PLAUR,CommuSpace_HS_06869,0.0035899090580642
42,7,3,4,2670,Fibroblast,Macrophage,VEGFA,CD44,CommuSpace_HS_07694,0.0031219886150211
42,8,4,4,351,Macrophage,Macrophage,CCL2,CCR1,CommuSpace_HS_00946,0.0030591641552746
42,9,1,8,583,Endothelial,T cell,COL4A1,CD44,CommuSpace_HS_01729,0.0030381267424672
42,10,3,4,2530,Fibroblast,Macrophage,THY1,ITGAX,CommuSpace_HS_07427,0.0029300162568688
43,1,4,4,1359,Macrophage,Macrophage,GNAI2,C5AR1,CommuSpace_HS_03953,0.0051917042583227
43,2,3,8,583,Fibroblast,T cell,COL4A1,CD44,CommuSpace_HS_01729,0.0048420187085866
43,3,3,8,2670,Fibroblast,T cell,VEGFA,CD44,CommuSpace_HS_07694,0.004651510156691
43,4,3,8,2541,Fibroblast,T cell,TIMP2,CD44,CommuSpace_HS_07444,0.0043154396116733
43,5,3,4,351,Fibroblast,Macrophage,CCL2,CCR1,CommuSpace_HS_00946,0.0037818497512489
43,6,3,4,2311,Fibroblast,Macrophage,SERPINE1,PLAUR,CommuSpace_HS_06869,0.0035915528424084
43,7,3,4,2670,Fibroblast,Macrophage,VEGFA,CD44,CommuSpace_HS_07694,0.0031220028176903
43,8,4,4,351,Macrophage,Macrophage,CCL2,CCR1,CommuSpace_HS_00946,0.003059210954234
43,9,1,8,583,Endothelial,T cell,COL4A1,CD44,CommuSpace_HS_01729,0.0030365714337676
43,10,3,4,2530,Fibroblast,Macrophage,THY1,ITGAX,CommuSpace_HS_07427,0.0029303412884473
44,1,4,4,1359,Macrophage,Macrophage,GNAI2,C5AR1,CommuSpace_HS_03953,0.0051916833035647
44,2,3,8,583,Fibroblast,T cell,COL4A1,CD44,CommuSpace_HS_01729,0.0048420159146189
44,3,3,8,2670,Fibroblast,T cell,VEGFA,CD44,CommuSpace_HS_07694,0.004651503637433
44,4,3,8,2541,Fibroblast,T cell,TIMP2,CD44,CommuSpace_HS_07444,0.0043154377490282
44,5,3,4,351,Fibroblast,Macrophage,CCL2,CCR1,CommuSpace_HS_00946,0.0037802751176059
44,6,3,4,2311,Fibroblast,Macrophage,SERPINE1,PLAUR,CommuSpace_HS_06869,0.0035899095237255
44,7,3,4,2670,Fibroblast,Macrophage,VEGFA,CD44,CommuSpace_HS_07694,0.0031219886150211
44,8,4,4,351,Macrophage,Macrophage,CCL2,CCR1,CommuSpace_HS_00946,0.0030591641552746
44,9,1,8,583,Endothelial,T cell,COL4A1,CD44,CommuSpace_HS_01729,0.0030381253454834
44,10,3,4,2530,Fibroblast,Macrophage,THY1,ITGAX,CommuSpace_HS_07427,0.0029300162568688
45,1,4,4,1359,Macrophage,Macrophage,GNAI2,C5AR1,CommuSpace_HS_03953,0.0051916833035647
45,2,3,8,583,Fibroblast,T cell,COL4A1,CD44,CommuSpace_HS_01729,0.0048420159146189
45,3,3,8,2670,Fibroblast,T cell,VEGFA,CD44,CommuSpace_HS_07694,0.004651503637433
45,4,3,8,2541,Fibroblast,T cell,TIMP2,CD44,CommuSpace_HS_07444,0.0043154377490282
45,5,3,4,351,Fibroblast,Macrophage,CCL2,CCR1,CommuSpace_HS_00946,0.0037802753504365
45,6,3,4,2311,Fibroblast,Macrophage,SERPINE1,PLAUR,CommuSpace_HS_06869,0.0035899097565561
45,7,3,4,2670,Fibroblast,Macrophage,VEGFA,CD44,CommuSpace_HS_07694,0.0031219886150211
45,8,4,4,351,Macrophage,Macrophage,CCL2,CCR1,CommuSpace_HS_00946,0.0030591641552746
45,9,1,8,583,Endothelial,T cell,COL4A1,CD44,CommuSpace_HS_01729,0.0030381244141608
45,10,3,4,2530,Fibroblast,Macrophage,THY1,ITGAX,CommuSpace_HS_07427,0.0029300162568688
46,1,4,4,1359,Macrophage,Macrophage,GNAI2,C5AR1,CommuSpace_HS_03953,0.0051916833035647
46,2,3,8,583,Fibroblast,T cell,COL4A1,CD44,CommuSpace_HS_01729,0.0048420159146189
46,3,3,8,2670,Fibroblast,T cell,VEGFA,CD44,CommuSpace_HS_07694,0.004651503637433
46,4,3,8,2541,Fibroblast,T cell,TIMP2,CD44,CommuSpace_HS_07444,0.0043154377490282
46,5,3,4,351,Fibroblast,Macrophage,CCL2,CCR1,CommuSpace_HS_00946,0.0037802753504365
46,6,3,4,2311,Fibroblast,Macrophage,SERPINE1,PLAUR,CommuSpace_HS_06869,0.0035899097565561
46,7,3,4,2670,Fibroblast,Macrophage,VEGFA,CD44,CommuSpace_HS_07694,0.0031219886150211
46,8,4,4,351,Macrophage,Macrophage,CCL2,CCR1,CommuSpace_HS_00946,0.0030591641552746
46,9,1,8,583,Endothelial,T cell,COL4A1,CD44,CommuSpace_HS_01729,0.0030381244141608
46,10,3,4,2530,Fibroblast,Macrophage,THY1,ITGAX,CommuSpace_HS_07427,0.0029300162568688
47,1,4,4,1359,Macrophage,Macrophage,GNAI2,C5AR1,CommuSpace_HS_03953,0.0051916833035647
47,2,3,8,583,Fibroblast,T cell,COL4A1,CD44,CommuSpace_HS_01729,0.0048420159146189
47,3,3,8,2670,Fibroblast,T cell,VEGFA,CD44,CommuSpace_HS_07694,0.004651503637433
47,4,3,8,2541,Fibroblast,T cell,TIMP2,CD44,CommuSpace_HS_07444,0.0043154377490282
47,5,3,4,351,Fibroblast,Macrophage,CCL2,CCR1,CommuSpace_HS_00946,0.0037802755832672
47,6,3,4,2311,Fibroblast,Macrophage,SERPINE1,PLAUR,CommuSpace_HS_06869,0.0035899102222174
47,7,3,4,2670,Fibroblast,Macrophage,VEGFA,CD44,CommuSpace_HS_07694,0.0031219886150211
47,8,4,4,351,Macrophage,Macrophage,CCL2,CCR1,CommuSpace_HS_00946,0.0030591641552746
47,9,1,8,583,Endothelial,T cell,COL4A1,CD44,CommuSpace_HS_01729,0.0030381237156689
47,10,3,4,2530,Fibroblast,Macrophage,THY1,ITGAX,CommuSpace_HS_07427,0.0029300162568688
48,1,4,4,1359,Macrophage,Macrophage,GNAI2,C5AR1,CommuSpace_HS_03953,0.0051916833035647
48,2,3,8,583,Fibroblast,T cell,COL4A1,CD44,CommuSpace_HS_01729,0.0048420159146189
48,3,3,8,2670,Fibroblast,T cell,VEGFA,CD44,CommuSpace_HS_07694,0.004651503637433
48,4,3,8,2541,Fibroblast,T cell,TIMP2,CD44,CommuSpace_HS_07444,0.0043154377490282
48,5,3,4,351,Fibroblast,Macrophage,CCL2,CCR1,CommuSpace_HS_00946,0.0037802760489284
48,6,3,4,2311,Fibroblast,Macrophage,SERPINE1,PLAUR,CommuSpace_HS_06869,0.003589910455048
48,7,3,4,2670,Fibroblast,Macrophage,VEGFA,CD44,CommuSpace_HS_07694,0.0031219886150211
48,8,4,4,351,Macrophage,Macrophage,CCL2,CCR1,CommuSpace_HS_00946,0.0030591641552746
48,9,1,8,583,Endothelial,T cell,COL4A1,CD44,CommuSpace_HS_01729,0.003038122318685
48,10,3,4,2530,Fibroblast,Macrophage,THY1,ITGAX,CommuSpace_HS_07427,0.0029300162568688
49,1,3,8,2547,Fibroblast,T cell,TIMP3,CD44,CommuSpace_HS_07452,0.7976866960525513
49,2,3,8,2541,Fibroblast,T cell,TIMP2,CD44,CommuSpace_HS_07444,0.0230781119316816
49,3,3,8,2670,Fibroblast,T cell,VEGFA,CD44,CommuSpace_HS_07694,0.0217855833470821
49,4,3,8,583,Fibroblast,T cell,COL4A1,CD44,CommuSpace_HS_01729,0.0170683693140745
49,5,3,4,2311,Fibroblast,Macrophage,SERPINE1,PLAUR,CommuSpace_HS_06869,0.003242342500016
49,6,4,8,2085,Macrophage,T cell,PKM,CD44,CommuSpace_HS_06177,0.0011107963509857
49,7,3,5,2547,Fibroblast,Mast cell,TIMP3,CD44,CommuSpace_HS_07452,0.0009546882938593
49,8,3,4,2682,Fibroblast,Macrophage,VEGFA,SIRPA,CommuSpace_HS_07709,0.0006178169278427
49,9,3,4,2670,Fibroblast,Macrophage,VEGFA,CD44,CommuSpace_HS_07694,0.0004970449372194
49,10,3,5,2541,Fibroblast,Mast cell,TIMP2,CD44,CommuSpace_HS_07444,0.0004891474964097
50,1,4,4,1359,Macrophage,Macrophage,GNAI2,C5AR1,CommuSpace_HS_03953,0.0051917065866291
50,2,3,8,583,Fibroblast,T cell,COL4A1,CD44,CommuSpace_HS_01729,0.0048420066013932
50,3,3,8,2670,Fibroblast,T cell,VEGFA,CD44,CommuSpace_HS_07694,0.0046514999121427
50,4,3,8,2541,Fibroblast,T cell,TIMP2,CD44,CommuSpace_HS_07444,0.0043154279701411
50,5,3,4,351,Fibroblast,Macrophage,CCL2,CCR1,CommuSpace_HS_00946,0.0037832139059901
50,6,3,4,2311,Fibroblast,Macrophage,SERPINE1,PLAUR,CommuSpace_HS_06869,0.0035929810255765
50,7,3,4,2670,Fibroblast,Macrophage,VEGFA,CD44,CommuSpace_HS_07694,0.0031220100354403
50,8,4,4,351,Macrophage,Macrophage,CCL2,CCR1,CommuSpace_HS_00946,0.0030592437833547
50,9,1,8,583,Endothelial,T cell,COL4A1,CD44,CommuSpace_HS_01729,0.0030358368530869
50,10,3,4,2530,Fibroblast,Macrophage,THY1,ITGAX,CommuSpace_HS_07427,0.0029306549113243
51,1,4,4,1359,Macrophage,Macrophage,GNAI2,C5AR1,CommuSpace_HS_03953,0.0051916833035647
51,2,3,8,583,Fibroblast,T cell,COL4A1,CD44,CommuSpace_HS_01729,0.0048420159146189
51,3,3,8,2670,Fibroblast,T cell,VEGFA,CD44,CommuSpace_HS_07694,0.004651503637433
51,4,3,8,2541,Fibroblast,T cell,TIMP2,CD44,CommuSpace_HS_07444,0.0043154377490282
51,5,3,4,351,Fibroblast,Macrophage,CCL2,CCR1,CommuSpace_HS_00946,0.003780276980251
51,6,3,4,2311,Fibroblast,Macrophage,SERPINE1,PLAUR,CommuSpace_HS_06869,0.0035899116192013
51,7,3,4,2670,Fibroblast,Macrophage,VEGFA,CD44,CommuSpace_HS_07694,0.0031219886150211
51,8,4,4,351,Macrophage,Macrophage,CCL2,CCR1,CommuSpace_HS_00946,0.0030591641552746
51,9,1,8,583,Endothelial,T cell,COL4A1,CD44,CommuSpace_HS_01729,0.0030381195247173
51,10,3,4,2530,Fibroblast,Macrophage,THY1,ITGAX,CommuSpace_HS_07427,0.0029300162568688
52,1,4,4,1359,Macrophage,Macrophage,GNAI2,C5AR1,CommuSpace_HS_03953,0.0051916833035647
52,2,3,8,583,Fibroblast,T cell,COL4A1,CD44,CommuSpace_HS_01729,0.0048420159146189
52,3,3,8,2670,Fibroblast,T cell,VEGFA,CD44,CommuSpace_HS_07694,0.004651503637433
52,4,3,8,2541,Fibroblast,T cell,TIMP2,CD44,CommuSpace_HS_07444,0.0043154377490282
52,5,3,4,351,Fibroblast,Macrophage,CCL2,CCR1,CommuSpace_HS_00946,0.003780276980251
52,6,3,4,2311,Fibroblast,Macrophage,SERPINE1,PLAUR,CommuSpace_HS_06869,0.0035899116192013
52,7,3,4,2670,Fibroblast,Macrophage,VEGFA,CD44,CommuSpace_HS_07694,0.0031219886150211
52,8,4,4,351,Macrophage,Macrophage,CCL2,CCR1,CommuSpace_HS_00946,0.0030591641552746
52,9,1,8,583,Endothelial,T cell,COL4A1,CD44,CommuSpace_HS_01729,0.0030381195247173
52,10,3,4,2530,Fibroblast,Macrophage,THY1,ITGAX,CommuSpace_HS_07427,0.0029300162568688
53,1,4,4,1359,Macrophage,Macrophage,GNAI2,C5AR1,CommuSpace_HS_03953,0.0051916833035647
53,2,3,8,583,Fibroblast,T cell,COL4A1,CD44,CommuSpace_HS_01729,0.0048420159146189
53,3,3,8,2670,Fibroblast,T cell,VEGFA,CD44,CommuSpace_HS_07694,0.004651503637433
53,4,3,8,2541,Fibroblast,T cell,TIMP2,CD44,CommuSpace_HS_07444,0.0043154377490282
53,5,3,4,351,Fibroblast,Macrophage,CCL2,CCR1,CommuSpace_HS_00946,0.003780276980251
53,6,3,4,2311,Fibroblast,Macrophage,SERPINE1,PLAUR,CommuSpace_HS_06869,0.0035899118520319
53,7,3,4,2670,Fibroblast,Macrophage,VEGFA,CD44,CommuSpace_HS_07694,0.0031219886150211
53,8,4,4,351,Macrophage,Macrophage,CCL2,CCR1,CommuSpace_HS_00946,0.0030591641552746
53,9,1,8,583,Endothelial,T cell,COL4A1,CD44,CommuSpace_HS_01729,0.0030381185933947
53,10,3,4,2530,Fibroblast,Macrophage,THY1,ITGAX,CommuSpace_HS_07427,0.0029300162568688
54,1,4,4,1359,Macrophage,Macrophage,GNAI2,C5AR1,CommuSpace_HS_03953,0.0051916833035647
54,2,3,8,583,Fibroblast,T cell,COL4A1,CD44,CommuSpace_HS_01729,0.0048420159146189
54,3,3,8,2670,Fibroblast,T cell,VEGFA,CD44,CommuSpace_HS_07694,0.004651503637433
54,4,3,8,2541,Fibroblast,T cell,TIMP2,CD44,CommuSpace_HS_07444,0.0043154377490282
54,5,3,4,351,Fibroblast,Macrophage,CCL2,CCR1,CommuSpace_HS_00946,0.0037802772130817
54,6,3,4,2311,Fibroblast,Macrophage,SERPINE1,PLAUR,CommuSpace_HS_06869,0.0035899120848625
54,7,3,4,2670,Fibroblast,Macrophage,VEGFA,CD44,CommuSpace_HS_07694,0.0031219886150211
54,8,4,4,351,Macrophage,Macrophage,CCL2,CCR1,CommuSpace_HS_00946,0.0030591641552746
54,9,1,8,583,Endothelial,T cell,COL4A1,CD44,CommuSpace_HS_01729,0.0030381188262254
54,10,3,4,2530,Fibroblast,Macrophage,THY1,ITGAX,CommuSpace_HS_07427,0.0029300162568688
55,1,4,4,1359,Macrophage,Macrophage,GNAI2,C5AR1,CommuSpace_HS_03953,0.0051916833035647
55,2,3,8,583,Fibroblast,T cell,COL4A1,CD44,CommuSpace_HS_01729,0.0048420159146189
55,3,3,8,2670,Fibroblast,T cell,VEGFA,CD44,CommuSpace_HS_07694,0.004651503637433
55,4,3,8,2541,Fibroblast,T cell,TIMP2,CD44,CommuSpace_HS_07444,0.0043154377490282
55,5,3,4,351,Fibroblast,Macrophage,CCL2,CCR1,CommuSpace_HS_00946,0.0037802774459123
55,6,3,4,2311,Fibroblast,Macrophage,SERPINE1,PLAUR,CommuSpace_HS_06869,0.0035899123176932
55,7,3,4,2670,Fibroblast,Macrophage,VEGFA,CD44,CommuSpace_HS_07694,0.0031219886150211
55,8,4,4,351,Macrophage,Macrophage,CCL2,CCR1,CommuSpace_HS_00946,0.0030591641552746
55,9,1,8,583,Endothelial,T cell,COL4A1,CD44,CommuSpace_HS_01729,0.003038119059056
55,10,3,4,2530,Fibroblast,Macrophage,THY1,ITGAX,CommuSpace_HS_07427,0.0029300162568688
56,1,4,4,1359,Macrophage,Macrophage,GNAI2,C5AR1,CommuSpace_HS_03953,0.0051916833035647
56,2,3,8,583,Fibroblast,T cell,COL4A1,CD44,CommuSpace_HS_01729,0.0048420159146189
56,3,3,8,2670,Fibroblast,T cell,VEGFA,CD44,CommuSpace_HS_07694,0.004651503637433
56,4,3,8,2541,Fibroblast,T cell,TIMP2,CD44,CommuSpace_HS_07444,0.0043154377490282
56,5,3,4,351,Fibroblast,Macrophage,CCL2,CCR1,CommuSpace_HS_00946,0.003780277678743
56,6,3,4,2311,Fibroblast,Macrophage,SERPINE1,PLAUR,CommuSpace_HS_06869,0.0035899125505238
56,7,3,4,2670,Fibroblast,Macrophage,VEGFA,CD44,CommuSpace_HS_07694,0.0031219886150211
56,8,4,4,351,Macrophage,Macrophage,CCL2,CCR1,CommuSpace_HS_00946,0.0030591641552746
56,9,1,8,583,Endothelial,T cell,COL4A1,CD44,CommuSpace_HS_01729,0.0030381192918866
56,10,3,4,2530,Fibroblast,Macrophage,THY1,ITGAX,CommuSpace_HS_07427,0.0029300162568688
57,1,4,4,1359,Macrophage,Macrophage,GNAI2,C5AR1,CommuSpace_HS_03953,0.0051916833035647
57,2,3,8,583,Fibroblast,T cell,COL4A1,CD44,CommuSpace_HS_01729,0.0048420159146189
57,3,3,8,2670,Fibroblast,T cell,VEGFA,CD44,CommuSpace_HS_07694,0.004651503637433
57,4,3,8,2541,Fibroblast,T cell,TIMP2,CD44,CommuSpace_HS_07444,0.0043154377490282
57,5,3,4,351,Fibroblast,Macrophage,CCL2,CCR1,CommuSpace_HS_00946,0.003780277678743
57,6,3,4,2311,Fibroblast,Macrophage,SERPINE1,PLAUR,CommuSpace_HS_06869,0.0035899125505238
57,7,3,4,2670,Fibroblast,Macrophage,VEGFA,CD44,CommuSpace_HS_07694,0.0031219886150211
57,8,4,4,351,Macrophage,Macrophage,CCL2,CCR1,CommuSpace_HS_00946,0.0030591641552746
57,9,1,8,583,Endothelial,T cell,COL4A1,CD44,CommuSpace_HS_01729,0.0030381192918866
57,10,3,4,2530,Fibroblast,Macrophage,THY1,ITGAX,CommuSpace_HS_07427,0.0029300162568688
58,1,4,4,1359,Macrophage,Macrophage,GNAI2,C5AR1,CommuSpace_HS_03953,0.0051916833035647
58,2,3,8,583,Fibroblast,T cell,COL4A1,CD44,CommuSpace_HS_01729,0.0048420159146189
58,3,3,8,2670,Fibroblast,T cell,VEGFA,CD44,CommuSpace_HS_07694,0.004651503637433
58,4,3,8,2541,Fibroblast,T cell,TIMP2,CD44,CommuSpace_HS_07444,0.0043154377490282
58,5,3,4,351,Fibroblast,Macrophage,CCL2,CCR1,CommuSpace_HS_00946,0.0037802779115736
58,6,3,4,2311,Fibroblast,Macrophage,SERPINE1,PLAUR,CommuSpace_HS_06869,0.0035899127833545
58,7,3,4,2670,Fibroblast,Macrophage,VEGFA,CD44,CommuSpace_HS_07694,0.0031219886150211
58,8,4,4,351,Macrophage,Macrophage,CCL2,CCR1,CommuSpace_HS_00946,0.0030591641552746
58,9,1,8,583,Endothelial,T cell,COL4A1,CD44,CommuSpace_HS_01729,0.0030381195247173
58,10,3,4,2530,Fibroblast,Macrophage,THY1,ITGAX,CommuSpace_HS_07427,0.0029300162568688
59,1,4,4,1359,Macrophage,Macrophage,GNAI2,C5AR1,CommuSpace_HS_03953,0.0051916828379035
59,2,3,8,583,Fibroblast,T cell,COL4A1,CD44,CommuSpace_HS_01729,0.0048420154489576
59,3,3,8,2670,Fibroblast,T cell,VEGFA,CD44,CommuSpace_HS_07694,0.0046515031717717
59,4,3,8,2541,Fibroblast,T cell,TIMP2,CD44,CommuSpace_HS_07444,0.0043154377490282
59,5,3,4,351,Fibroblast,Macrophage,CCL2,CCR1,CommuSpace_HS_00946,0.0037802786100655
59,6,3,4,2311,Fibroblast,Macrophage,SERPINE1,PLAUR,CommuSpace_HS_06869,0.0035899134818464
59,7,3,4,2670,Fibroblast,Macrophage,VEGFA,CD44,CommuSpace_HS_07694,0.0031219883821904
59,8,4,4,351,Macrophage,Macrophage,CCL2,CCR1,CommuSpace_HS_00946,0.0030591639224439
59,9,1,8,583,Endothelial,T cell,COL4A1,CD44,CommuSpace_HS_01729,0.0030381199903786
59,10,3,4,2530,Fibroblast,Macrophage,THY1,ITGAX,CommuSpace_HS_07427,0.0029300160240381
60,1,3,4,351,Fibroblast,Macrophage,CCL2,CCR1,CommuSpace_HS_00946,0.0068038809113204
60,2,3,4,2311,Fibroblast,Macrophage,SERPINE1,PLAUR,CommuSpace_HS_06869,0.0067600263282656
60,3,4,4,1359,Macrophage,Macrophage,GNAI2,C5AR1,CommuSpace_HS_03953,0.0051529100164771
60,4,3,8,583,Fibroblast,T cell,COL4A1,CD44,CommuSpace_HS_01729,0.0047719334252178
60,5,3,8,2670,Fibroblast,T cell,VEGFA,CD44,CommuSpace_HS_07694,0.0045862537808716
60,6,3,8,2541,Fibroblast,T cell,TIMP2,CD44,CommuSpace_HS_07444,0.0042538130655884
60,7,4,4,351,Macrophage,Macrophage,CCL2,CCR1,CommuSpace_HS_00946,0.003102732123807
60,8,3,4,2670,Fibroblast,Macrophage,VEGFA,CD44,CommuSpace_HS_07694,0.0030917504336684
60,9,3,4,2530,Fibroblast,Macrophage,THY1,ITGAX,CommuSpace_HS_07427,0.0030304912943392
60,10,3,4,2541,Fibroblast,Macrophage,TIMP2,CD44,CommuSpace_HS_07444,0.0028477830346673
61,1,4,4,1359,Macrophage,Macrophage,GNAI2,C5AR1,CommuSpace_HS_03953,0.0051916828379035
61,2,3,8,583,Fibroblast,T cell,COL4A1,CD44,CommuSpace_HS_01729,0.0048420154489576
61,3,3,8,2670,Fibroblast,T cell,VEGFA,CD44,CommuSpace_HS_07694,0.0046515031717717
61,4,3,8,2541,Fibroblast,T cell,TIMP2,CD44,CommuSpace_HS_07444,0.0043154377490282
61,5,3,4,351,Fibroblast,Macrophage,CCL2,CCR1,CommuSpace_HS_00946,0.0037802788428962
61,6,3,4,2311,Fibroblast,Macrophage,SERPINE1,PLAUR,CommuSpace_HS_06869,0.003589913714677
61,7,3,4,2670,Fibroblast,Macrophage,VEGFA,CD44,CommuSpace_HS_07694,0.0031219883821904
61,8,4,4,351,Macrophage,Macrophage,CCL2,CCR1,CommuSpace_HS_00946,0.0030591639224439
61,9,1,8,583,Endothelial,T cell,COL4A1,CD44,CommuSpace_HS_01729,0.0030381202232092
61,10,3,4,2530,Fibroblast,Macrophage,THY1,ITGAX,CommuSpace_HS_07427,0.0029300160240381
62,1,4,4,1359,Macrophage,Macrophage,GNAI2,C5AR1,CommuSpace_HS_03953,0.0051916828379035
62,2,3,8,583,Fibroblast,T cell,COL4A1,CD44,CommuSpace_HS_01729,0.0048420154489576
62,3,3,8,2670,Fibroblast,T cell,VEGFA,CD44,CommuSpace_HS_07694,0.0046515031717717
62,4,3,8,2541,Fibroblast,T cell,TIMP2,CD44,CommuSpace_HS_07444,0.0043154377490282
62,5,3,4,351,Fibroblast,Macrophage,CCL2,CCR1,CommuSpace_HS_00946,0.0037802793085575
62,6,3,4,2311,Fibroblast,Macrophage,SERPINE1,PLAUR,CommuSpace_HS_06869,0.0035899141803383
62,7,3,4,2670,Fibroblast,Macrophage,VEGFA,CD44,CommuSpace_HS_07694,0.0031219883821904
62,8,4,4,351,Macrophage,Macrophage,CCL2,CCR1,CommuSpace_HS_00946,0.0030591639224439
62,9,1,8,583,Endothelial,T cell,COL4A1,CD44,CommuSpace_HS_01729,0.0030381206888705
62,10,3,4,2530,Fibroblast,Macrophage,THY1,ITGAX,CommuSpace_HS_07427,0.0029300160240381
63,1,4,4,1359,Macrophage,Macrophage,GNAI2,C5AR1,CommuSpace_HS_03953,0.0051916828379035
63,2,3,8,583,Fibroblast,T cell,COL4A1,CD44,CommuSpace_HS_01729,0.0048420154489576
63,3,3,8,2670,Fibroblast,T cell,VEGFA,CD44,CommuSpace_HS_07694,0.0046515031717717
63,4,3,8,2541,Fibroblast,T cell,TIMP2,CD44,CommuSpace_HS_07444,0.0043154377490282
63,5,3,4,351,Fibroblast,Macrophage,CCL2,CCR1,CommuSpace_HS_00946,0.0037802797742187
63,6,3,4,2311,Fibroblast,Macrophage,SERPINE1,PLAUR,CommuSpace_HS_06869,0.0035899146459996
63,7,3,4,2670,Fibroblast,Macrophage,VEGFA,CD44,CommuSpace_HS_07694,0.0031219883821904
63,8,4,4,351,Macrophage,Macrophage,CCL2,CCR1,CommuSpace_HS_00946,0.0030591639224439
63,9,1,8,583,Endothelial,T cell,COL4A1,CD44,CommuSpace_HS_01729,0.0030381209217011
63,10,3,4,2530,Fibroblast,Macrophage,THY1,ITGAX,CommuSpace_HS_07427,0.0029300160240381
64,1,4,4,1359,Macrophage,Macrophage,GNAI2,C5AR1,CommuSpace_HS_03953,0.0051916828379035
64,2,3,8,583,Fibroblast,T cell,COL4A1,CD44,CommuSpace_HS_01729,0.0048420154489576
64,3,3,8,2670,Fibroblast,T cell,VEGFA,CD44,CommuSpace_HS_07694,0.0046515031717717
64,4,3,8,2541,Fibroblast,T cell,TIMP2,CD44,CommuSpace_HS_07444,0.0043154377490282
64,5,3,4,351,Fibroblast,Macrophage,CCL2,CCR1,CommuSpace_HS_00946,0.0037802797742187
64,6,3,4,2311,Fibroblast,Macrophage,SERPINE1,PLAUR,CommuSpace_HS_06869,0.0035899146459996
64,7,3,4,2670,Fibroblast,Macrophage,VEGFA,CD44,CommuSpace_HS_07694,0.0031219883821904
64,8,4,4,351,Macrophage,Macrophage,CCL2,CCR1,CommuSpace_HS_00946,0.0030591639224439
64,9,1,8,583,Endothelial,T cell,COL4A1,CD44,CommuSpace_HS_01729,0.0030381211545318
64,10,3,4,2530,Fibroblast,Macrophage,THY1,ITGAX,CommuSpace_HS_07427,0.0029300160240381
65,1,4,4,1359,Macrophage,Macrophage,GNAI2,C5AR1,CommuSpace_HS_03953,0.0051916968077421
65,2,3,8,583,Fibroblast,T cell,COL4A1,CD44,CommuSpace_HS_01729,0.0048421374522149
65,3,3,8,2670,Fibroblast,T cell,VEGFA,CD44,CommuSpace_HS_07694,0.0046516428701579
65,4,3,8,2541,Fibroblast,T cell,TIMP2,CD44,CommuSpace_HS_07444,0.0043155811727046
65,5,3,4,351,Fibroblast,Macrophage,CCL2,CCR1,CommuSpace_HS_00946,0.003778314916417
65,6,3,4,2311,Fibroblast,Macrophage,SERPINE1,PLAUR,CommuSpace_HS_06869,0.0035878710914403
65,7,3,4,2670,Fibroblast,Macrophage,VEGFA,CD44,CommuSpace_HS_07694,0.0031220037490129
65,8,4,4,351,Macrophage,Macrophage,CCL2,CCR1,CommuSpace_HS_00946,0.0030591296963393
65,9,1,8,583,Endothelial,T cell,COL4A1,CD44,CommuSpace_HS_01729,0.0030400110408663
65,10,3,4,2530,Fibroblast,Macrophage,THY1,ITGAX,CommuSpace_HS_07427,0.0029298330191522
66,1,4,4,1359,Macrophage,Macrophage,GNAI2,C5AR1,CommuSpace_HS_03953,0.0051916828379035
66,2,3,8,583,Fibroblast,T cell,COL4A1,CD44,CommuSpace_HS_01729,0.0048420154489576
66,3,3,8,2670,Fibroblast,T cell,VEGFA,CD44,CommuSpace_HS_07694,0.0046515031717717
66,4,3,8,2541,Fibroblast,T cell,TIMP2,CD44,CommuSpace_HS_07444,0.0043154377490282
66,5,3,4,351,Fibroblast,Macrophage,CCL2,CCR1,CommuSpace_HS_00946,0.0037802807055413
66,6,3,4,2311,Fibroblast,Macrophage,SERPINE1,PLAUR,CommuSpace_HS_06869,0.0035899155773222
66,7,3,4,2670,Fibroblast,Macrophage,VEGFA,CD44,CommuSpace_HS_07694,0.0031219883821904
66,8,4,4,351,Macrophage,Macrophage,CCL2,CCR1,CommuSpace_HS_00946,0.0030591639224439
66,9,1,8,583,Endothelial,T cell,COL4A1,CD44,CommuSpace_HS_01729,0.003038122318685
66,10,3,4,2530,Fibroblast,Macrophage,THY1,ITGAX,CommuSpace_HS_07427,0.0029300160240381
67,1,4,4,1359,Macrophage,Macrophage,GNAI2,C5AR1,CommuSpace_HS_03953,0.0050627598538994
67,2,7,1,585,Pericyte,Endothelial,COL4A1,CD93,CommuSpace_HS_01731,0.0049062152393162
67,3,3,1,2505,Fibroblast,Endothelial,THBS1,ITGB3,CommuSpace_HS_07380,0.0047886348329484
67,4,3,8,583,Fibroblast,T cell,COL4A1,CD44,CommuSpace_HS_01729,0.0047369357198476
67,5,3,8,2670,Fibroblast,T cell,VEGFA,CD44,CommuSpace_HS_07694,0.0045505599118769
67,6,3,8,2541,Fibroblast,T cell,TIMP2,CD44,CommuSpace_HS_07444,0.0042218444868922
67,7,3,1,2545,Fibroblast,Endothelial,TIMP3,ADAMTS4,CommuSpace_HS_07450,0.0033546052873134
67,8,3,4,2670,Fibroblast,Macrophage,VEGFA,CD44,CommuSpace_HS_07694,0.0030755936168134
67,9,4,4,351,Macrophage,Macrophage,CCL2,CCR1,CommuSpace_HS_00946,0.0029796187300235
67,10,3,1,2673,Fibroblast,Endothelial,VEGFA,FLT1,CommuSpace_HS_07697,0.0029119153041392
68,1,4,4,1359,Macrophage,Macrophage,GNAI2,C5AR1,CommuSpace_HS_03953,0.0051916828379035
68,2,3,8,583,Fibroblast,T cell,COL4A1,CD44,CommuSpace_HS_01729,0.0048420154489576
68,3,3,8,2670,Fibroblast,T cell,VEGFA,CD44,CommuSpace_HS_07694,0.0046515031717717
68,4,3,8,2541,Fibroblast,T cell,TIMP2,CD44,CommuSpace_HS_07444,0.0043154377490282
68,5,3,4,351,Fibroblast,Macrophage,CCL2,CCR1,CommuSpace_HS_00946,0.003780280938372
68,6,3,4,2311,Fibroblast,Macrophage,SERPINE1,PLAUR,CommuSpace_HS_06869,0.0035899158101528
68,7,3,4,2670,Fibroblast,Macrophage,VEGFA,CD44,CommuSpace_HS_07694,0.0031219883821904
68,8,4,4,351,Macrophage,Macrophage,CCL2,CCR1,CommuSpace_HS_00946,0.0030591639224439
68,9,1,8,583,Endothelial,T cell,COL4A1,CD44,CommuSpace_HS_01729,0.003038122318685
68,10,3,4,2530,Fibroblast,Macrophage,THY1,ITGAX,CommuSpace_HS_07427,0.0029300160240381
69,1,4,4,1359,Macrophage,Macrophage,GNAI2,C5AR1,CommuSpace_HS_03953,0.0050530368462204
69,2,3,8,583,Fibroblast,T cell,COL4A1,CD44,CommuSpace_HS_01729,0.0047180852852761
69,3,3,8,2670,Fibroblast,T cell,VEGFA,CD44,CommuSpace_HS_07694,0.0045290947891771
69,4,3,8,2541,Fibroblast,T cell,TIMP2,CD44,CommuSpace_HS_07444,0.0042034084908664
69,5,1,8,583,Endothelial,T cell,COL4A1,CD44,CommuSpace_HS_01729,0.0038922757375985
69,6,3,4,351,Fibroblast,Macrophage,CCL2,CCR1,CommuSpace_HS_00946,0.0031619076617062
69,7,1,8,2547,Endothelial,T cell,TIMP3,CD44,CommuSpace_HS_07452,0.0031465415377169
69,8,1,8,592,Endothelial,T cell,COL4A2,CD44,CommuSpace_HS_01750,0.0031020313035696
69,9,1,1,131,Endothelial,Endothelial,APP,FLT1,CommuSpace_HS_00391,0.003087292658165
69,10,3,4,2670,Fibroblast,Macrophage,VEGFA,CD44,CommuSpace_HS_07694,0.0030613662675023
70,1,4,4,1359,Macrophage,Macrophage,GNAI2,C5AR1,CommuSpace_HS_03953,0.0051916828379035
70,2,3,8,583,Fibroblast,T cell,COL4A1,CD44,CommuSpace_HS_01729,0.0048420154489576
70,3,3,8,2670,Fibroblast,T cell,VEGFA,CD44,CommuSpace_HS_07694,0.0046515031717717
70,4,3,8,2541,Fibroblast,T cell,TIMP2,CD44,CommuSpace_HS_07444,0.0043154377490282
70,5,3,4,351,Fibroblast,Macrophage,CCL2,CCR1,CommuSpace_HS_00946,0.003780280938372
70,6,3,4,2311,Fibroblast,Macrophage,SERPINE1,PLAUR,CommuSpace_HS_06869,0.0035899158101528
70,7,3,4,2670,Fibroblast,Macrophage,VEGFA,CD44,CommuSpace_HS_07694,0.0031219883821904
70,8,4,4,351,Macrophage,Macrophage,CCL2,CCR1,CommuSpace_HS_00946,0.0030591639224439
70,9,1,8,583,Endothelial,T cell,COL4A1,CD44,CommuSpace_HS_01729,0.0030381225515156
70,10,3,4,2530,Fibroblast,Macrophage,THY1,ITGAX,CommuSpace_HS_07427,0.0029300160240381
71,1,4,4,1359,Macrophage,Macrophage,GNAI2,C5AR1,CommuSpace_HS_03953,0.0051916828379035
71,2,3,8,583,Fibroblast,T cell,COL4A1,CD44,CommuSpace_HS_01729,0.0048420154489576
71,3,3,8,2670,Fibroblast,T cell,VEGFA,CD44,CommuSpace_HS_07694,0.004651503637433
71,4,3,8,2541,Fibroblast,T cell,TIMP2,CD44,CommuSpace_HS_07444,0.0043154377490282
71,5,3,4,351,Fibroblast,Macrophage,CCL2,CCR1,CommuSpace_HS_00946,0.0037802821025252
71,6,3,4,2311,Fibroblast,Macrophage,SERPINE1,PLAUR,CommuSpace_HS_06869,0.0035899169743061
71,7,3,4,2670,Fibroblast,Macrophage,VEGFA,CD44,CommuSpace_HS_07694,0.0031219883821904
71,8,4,4,351,Macrophage,Macrophage,CCL2,CCR1,CommuSpace_HS_00946,0.0030591641552746
71,9,1,8,583,Endothelial,T cell,COL4A1,CD44,CommuSpace_HS_01729,0.0030381234828382
71,10,3,4,2530,Fibroblast,Macrophage,THY1,ITGAX,CommuSpace_HS_07427,0.0029300160240381
72,1,4,4,1359,Macrophage,Macrophage,GNAI2,C5AR1,CommuSpace_HS_03953,0.0051916828379035
72,2,3,8,583,Fibroblast,T cell,COL4A1,CD44,CommuSpace_HS_01729,0.0048420154489576
72,3,3,8,2670,Fibroblast,T cell,VEGFA,CD44,CommuSpace_HS_07694,0.004651503637433
72,4,3,8,2541,Fibroblast,T cell,TIMP2,CD44,CommuSpace_HS_07444,0.0043154377490282
72,5,3,4,351,Fibroblast,Macrophage,CCL2,CCR1,CommuSpace_HS_00946,0.0037802825681865
72,6,3,4,2311,Fibroblast,Macrophage,SERPINE1,PLAUR,CommuSpace_HS_06869,0.0035899174399673
72,7,3,4,2670,Fibroblast,Macrophage,VEGFA,CD44,CommuSpace_HS_07694,0.0031219883821904
72,8,4,4,351,Macrophage,Macrophage,CCL2,CCR1,CommuSpace_HS_00946,0.0030591641552746
72,9,1,8,583,Endothelial,T cell,COL4A1,CD44,CommuSpace_HS_01729,0.0030381239484995
72,10,3,4,2530,Fibroblast,Macrophage,THY1,ITGAX,CommuSpace_HS_07427,0.0029300160240381
73,1,4,4,1359,Macrophage,Macrophage,GNAI2,C5AR1,CommuSpace_HS_03953,0.0051916828379035
73,2,3,8,583,Fibroblast,T cell,COL4A1,CD44,CommuSpace_HS_01729,0.0048420154489576
73,3,3,8,2670,Fibroblast,T cell,VEGFA,CD44,CommuSpace_HS_07694,0.004651503637433
73,4,3,8,2541,Fibroblast,T cell,TIMP2,CD44,CommuSpace_HS_07444,0.0043154377490282
73,5,3,4,351,Fibroblast,Macrophage,CCL2,CCR1,CommuSpace_HS_00946,0.0037802828010171
73,6,3,4,2311,Fibroblast,Macrophage,SERPINE1,PLAUR,CommuSpace_HS_06869,0.003589917672798
73,7,3,4,2670,Fibroblast,Macrophage,VEGFA,CD44,CommuSpace_HS_07694,0.0031219883821904
73,8,4,4,351,Macrophage,Macrophage,CCL2,CCR1,CommuSpace_HS_00946,0.0030591641552746
73,9,1,8,583,Endothelial,T cell,COL4A1,CD44,CommuSpace_HS_01729,0.0030381241813302
73,10,3,4,2530,Fibroblast,Macrophage,THY1,ITGAX,CommuSpace_HS_07427,0.0029300160240381
74,1,4,4,1359,Macrophage,Macrophage,GNAI2,C5AR1,CommuSpace_HS_03953,0.0051916828379035
74,2,3,8,583,Fibroblast,T cell,COL4A1,CD44,CommuSpace_HS_01729,0.0048420154489576
74,3,3,8,2670,Fibroblast,T cell,VEGFA,CD44,CommuSpace_HS_07694,0.004651503637433
74,4,3,8,2541,Fibroblast,T cell,TIMP2,CD44,CommuSpace_HS_07444,0.0043154377490282
74,5,3,4,351,Fibroblast,Macrophage,CCL2,CCR1,CommuSpace_HS_00946,0.003780283499509
74,6,3,4,2311,Fibroblast,Macrophage,SERPINE1,PLAUR,CommuSpace_HS_06869,0.0035899183712899
74,7,3,4,2670,Fibroblast,Macrophage,VEGFA,CD44,CommuSpace_HS_07694,0.0031219883821904
74,8,4,4,351,Macrophage,Macrophage,CCL2,CCR1,CommuSpace_HS_00946,0.0030591641552746
74,9,1,8,583,Endothelial,T cell,COL4A1,CD44,CommuSpace_HS_01729,0.0030381246469914
74,10,3,4,2530,Fibroblast,Macrophage,THY1,ITGAX,CommuSpace_HS_07427,0.0029300160240381
75,1,4,4,1359,Macrophage,Macrophage,GNAI2,C5AR1,CommuSpace_HS_03953,0.0051916833035647
75,2,3,8,583,Fibroblast,T cell,COL4A1,CD44,CommuSpace_HS_01729,0.0048420159146189
75,3,3,8,2670,Fibroblast,T cell,VEGFA,CD44,CommuSpace_HS_07694,0.0046515041030943
75,4,3,8,2541,Fibroblast,T cell,TIMP2,CD44,CommuSpace_HS_07444,0.0043154377490282
75,5,3,4,351,Fibroblast,Macrophage,CCL2,CCR1,CommuSpace_HS_00946,0.0037802844308316
75,6,3,4,2311,Fibroblast,Macrophage,SERPINE1,PLAUR,CommuSpace_HS_06869,0.0035899190697818
75,7,3,4,2670,Fibroblast,Macrophage,VEGFA,CD44,CommuSpace_HS_07694,0.0031219886150211
75,8,4,4,351,Macrophage,Macrophage,CCL2,CCR1,CommuSpace_HS_00946,0.0030591643881052
75,9,1,8,583,Endothelial,T cell,COL4A1,CD44,CommuSpace_HS_01729,0.003038125578314
75,10,3,4,2530,Fibroblast,Macrophage,THY1,ITGAX,CommuSpace_HS_07427,0.0029300162568688
76,1,4,4,1359,Macrophage,Macrophage,GNAI2,C5AR1,CommuSpace_HS_03953,0.0051916833035647
76,2,3,8,583,Fibroblast,T cell,COL4A1,CD44,CommuSpace_HS_01729,0.0048420159146189
76,3,3,8,2670,Fibroblast,T cell,VEGFA,CD44,CommuSpace_HS_07694,0.0046515041030943
76,4,3,8,2541,Fibroblast,T cell,TIMP2,CD44,CommuSpace_HS_07444,0.0043154377490282
76,5,3,4,351,Fibroblast,Macrophage,CCL2,CCR1,CommuSpace_HS_00946,0.0037802855949848
76,6,3,4,2311,Fibroblast,Macrophage,SERPINE1,PLAUR,CommuSpace_HS_06869,0.0035899202339351
76,7,3,4,2670,Fibroblast,Macrophage,VEGFA,CD44,CommuSpace_HS_07694,0.0031219886150211
76,8,4,4,351,Macrophage,Macrophage,CCL2,CCR1,CommuSpace_HS_00946,0.0030591643881052
76,9,1,8,583,Endothelial,T cell,COL4A1,CD44,CommuSpace_HS_01729,0.0030381267424672
76,10,3,4,2530,Fibroblast,Macrophage,THY1,ITGAX,CommuSpace_HS_07427,0.0029300162568688
77,1,7,1,585,Pericyte,Endothelial,COL4A1,CD93,CommuSpace_HS_01731,0.0103999665006995
77,2,3,1,2505,Fibroblast,Endothelial,THBS1,ITGB3,CommuSpace_HS_07380,0.010144155472517
77,3,3,1,2545,Fibroblast,Endothelial,TIMP3,ADAMTS4,CommuSpace_HS_07450,0.0057150460779666
77,4,4,4,1359,Macrophage,Macrophage,GNAI2,C5AR1,CommuSpace_HS_03953,0.0048367902636528
77,5,7,1,593,Pericyte,Endothelial,COL4A2,CD93,CommuSpace_HS_01751,0.0046396763063967
77,6,3,4,351,Fibroblast,Macrophage,CCL2,CCR1,CommuSpace_HS_00946,0.0045600817538797
77,7,3,8,583,Fibroblast,T cell,COL4A1,CD44,CommuSpace_HS_01729,0.004507640376687
77,8,3,4,2311,Fibroblast,Macrophage,SERPINE1,PLAUR,CommuSpace_HS_06869,0.0044479030184447
77,9,3,8,2670,Fibroblast,T cell,VEGFA,CD44,CommuSpace_HS_07694,0.004328696988523
77,10,3,8,2541,Fibroblast,T cell,TIMP2,CD44,CommuSpace_HS_07444,0.0040142820216715
78,1,4,4,1359,Macrophage,Macrophage,GNAI2,C5AR1,CommuSpace_HS_03953,0.0051916833035647
78,2,3,8,583,Fibroblast,T cell,COL4A1,CD44,CommuSpace_HS_01729,0.0048420159146189
78,3,3,8,2670,Fibroblast,T cell,VEGFA,CD44,CommuSpace_HS_07694,0.0046515041030943
78,4,3,8,2541,Fibroblast,T cell,TIMP2,CD44,CommuSpace_HS_07444,0.0043154377490282
78,5,3,4,351,Fibroblast,Macrophage,CCL2,CCR1,CommuSpace_HS_00946,0.0037802855949848
78,6,3,4,2311,Fibroblast,Macrophage,SERPINE1,PLAUR,CommuSpace_HS_06869,0.0035899204667657
78,7,3,4,2670,Fibroblast,Macrophage,VEGFA,CD44,CommuSpace_HS_07694,0.0031219886150211
78,8,4,4,351,Macrophage,Macrophage,CCL2,CCR1,CommuSpace_HS_00946,0.0030591643881052
78,9,1,8,583,Endothelial,T cell,COL4A1,CD44,CommuSpace_HS_01729,0.0030381267424672
78,10,3,4,2530,Fibroblast,Macrophage,THY1,ITGAX,CommuSpace_HS_07427,0.0029300162568688
79,1,3,5,2547,Fibroblast,Mast cell,TIMP3,CD44,CommuSpace_HS_07452,0.0156399644911289
79,2,3,4,2530,Fibroblast,Macrophage,THY1,ITGAX,CommuSpace_HS_07427,0.0066863507963716
79,3,4,4,1359,Macrophage,Macrophage,GNAI2,C5AR1,CommuSpace_HS_03953,0.0049472711980342
79,4,3,8,583,Fibroblast,T cell,COL4A1,CD44,CommuSpace_HS_01729,0.0046642567031085
79,5,3,8,2670,Fibroblast,T cell,VEGFA,CD44,CommuSpace_HS_07694,0.0045096171088516
79,6,3,8,2541,Fibroblast,T cell,TIMP2,CD44,CommuSpace_HS_07444,0.0041807135567069
79,7,3,5,2670,Fibroblast,Mast cell,VEGFA,CD44,CommuSpace_HS_07694,0.0037429719232022
79,8,3,5,2541,Fibroblast,Mast cell,TIMP2,CD44,CommuSpace_HS_07444,0.00359204900451
79,9,3,8,2547,Fibroblast,T cell,TIMP3,CD44,CommuSpace_HS_07452,0.0033742608502507
79,10,3,4,2670,Fibroblast,Macrophage,VEGFA,CD44,CommuSpace_HS_07694,0.0030919432174414
80,1,4,4,1359,Macrophage,Macrophage,GNAI2,C5AR1,CommuSpace_HS_03953,0.0051916833035647
80,2,3,8,583,Fibroblast,T cell,COL4A1,CD44,CommuSpace_HS_01729,0.0048420159146189
80,3,3,8,2670,Fibroblast,T cell,VEGFA,CD44,CommuSpace_HS_07694,0.0046515041030943
80,4,3,8,2541,Fibroblast,T cell,TIMP2,CD44,CommuSpace_HS_07444,0.0043154377490282
80,5,3,4,351,Fibroblast,Macrophage,CCL2,CCR1,CommuSpace_HS_00946,0.0037802867591381
80,6,3,4,2311,Fibroblast,Macrophage,SERPINE1,PLAUR,CommuSpace_HS_06869,0.0035899216309189
80,7,3,4,2670,Fibroblast,Macrophage,VEGFA,CD44,CommuSpace_HS_07694,0.0031219886150211
80,8,4,4,351,Macrophage,Macrophage,CCL2,CCR1,CommuSpace_HS_00946,0.0030591643881052
80,9,1,8,583,Endothelial,T cell,COL4A1,CD44,CommuSpace_HS_01729,0.0030381290707737
80,10,3,4,2530,Fibroblast,Macrophage,THY1,ITGAX,CommuSpace_HS_07427,0.0029300164896994
81,1,4,4,1359,Macrophage,Macrophage,GNAI2,C5AR1,CommuSpace_HS_03953,0.0051916833035647
81,2,3,8,583,Fibroblast,T cell,COL4A1,CD44,CommuSpace_HS_01729,0.0048420159146189
81,3,3,8,2670,Fibroblast,T cell,VEGFA,CD44,CommuSpace_HS_07694,0.0046515041030943
81,4,3,8,2541,Fibroblast,T cell,TIMP2,CD44,CommuSpace_HS_07444,0.0043154377490282
81,5,3,4,351,Fibroblast,Macrophage,CCL2,CCR1,CommuSpace_HS_00946,0.0037802869919687
81,6,3,4,2311,Fibroblast,Macrophage,SERPINE1,PLAUR,CommuSpace_HS_06869,0.0035899218637496
81,7,3,4,2670,Fibroblast,Macrophage,VEGFA,CD44,CommuSpace_HS_07694,0.0031219886150211
81,8,4,4,351,Macrophage,Macrophage,CCL2,CCR1,CommuSpace_HS_00946,0.0030591643881052
81,9,1,8,583,Endothelial,T cell,COL4A1,CD44,CommuSpace_HS_01729,0.0030381279066205
81,10,3,4,2530,Fibroblast,Macrophage,THY1,ITGAX,CommuSpace_HS_07427,0.0029300164896994
82,1,4,4,1359,Macrophage,Macrophage,GNAI2,C5AR1,CommuSpace_HS_03953,0.0051916833035647
82,2,3,8,583,Fibroblast,T cell,COL4A1,CD44,CommuSpace_HS_01729,0.0048420159146189
82,3,3,8,2670,Fibroblast,T cell,VEGFA,CD44,CommuSpace_HS_07694,0.0046515041030943
82,4,3,8,2541,Fibroblast,T cell,TIMP2,CD44,CommuSpace_HS_07444,0.0043154377490282
82,5,3,4,351,Fibroblast,Macrophage,CCL2,CCR1,CommuSpace_HS_00946,0.0037802869919687
82,6,3,4,2311,Fibroblast,Macrophage,SERPINE1,PLAUR,CommuSpace_HS_06869,0.0035899218637496
82,7,3,4,2670,Fibroblast,Macrophage,VEGFA,CD44,CommuSpace_HS_07694,0.0031219886150211
82,8,4,4,351,Macrophage,Macrophage,CCL2,CCR1,CommuSpace_HS_00946,0.0030591643881052
82,9,1,8,583,Endothelial,T cell,COL4A1,CD44,CommuSpace_HS_01729,0.0030381281394511
82,10,3,4,2530,Fibroblast,Macrophage,THY1,ITGAX,CommuSpace_HS_07427,0.0029300164896994
83,1,4,4,1359,Macrophage,Macrophage,GNAI2,C5AR1,CommuSpace_HS_03953,0.0051916977390646
83,2,3,8,583,Fibroblast,T cell,COL4A1,CD44,CommuSpace_HS_01729,0.0048420093953609
83,3,3,8,2670,Fibroblast,T cell,VEGFA,CD44,CommuSpace_HS_07694,0.004651500377804
83,4,3,8,2541,Fibroblast,T cell,TIMP2,CD44,CommuSpace_HS_07444,0.004315432626754
83,5,3,4,351,Fibroblast,Macrophage,CCL2,CCR1,CommuSpace_HS_00946,0.0037794590461999
83,6,3,4,2311,Fibroblast,Macrophage,SERPINE1,PLAUR,CommuSpace_HS_06869,0.0035890534054487
83,7,3,4,2670,Fibroblast,Macrophage,VEGFA,CD44,CommuSpace_HS_07694,0.0031219930388033
83,8,4,4,351,Macrophage,Macrophage,CCL2,CCR1,CommuSpace_HS_00946,0.0030591520480811
83,9,1,8,583,Endothelial,T cell,COL4A1,CD44,CommuSpace_HS_01729,0.0030351451132446
83,10,3,4,2530,Fibroblast,Macrophage,THY1,ITGAX,CommuSpace_HS_07427,0.002929980168119
84,1,4,4,1359,Macrophage,Macrophage,GNAI2,C5AR1,CommuSpace_HS_03953,0.0051916833035647
84,2,3,8,583,Fibroblast,T cell,COL4A1,CD44,CommuSpace_HS_01729,0.0048420159146189
84,3,3,8,2670,Fibroblast,T cell,VEGFA,CD44,CommuSpace_HS_07694,0.0046515041030943
84,4,3,8,2541,Fibroblast,T cell,TIMP2,CD44,CommuSpace_HS_07444,0.0043154377490282
84,5,3,4,351,Fibroblast,Macrophage,CCL2,CCR1,CommuSpace_HS_00946,0.00378028745763
84,6,3,4,2311,Fibroblast,Macrophage,SERPINE1,PLAUR,CommuSpace_HS_06869,0.0035899223294109
84,7,3,4,2670,Fibroblast,Macrophage,VEGFA,CD44,CommuSpace_HS_07694,0.0031219886150211
84,8,4,4,351,Macrophage,Macrophage,CCL2,CCR1,CommuSpace_HS_00946,0.0030591643881052
84,9,1,8,583,Endothelial,T cell,COL4A1,CD44,CommuSpace_HS_01729,0.0030381286051124
84,10,3,4,2530,Fibroblast,Macrophage,THY1,ITGAX,CommuSpace_HS_07427,0.0029300164896994
85,1,4,4,1359,Macrophage,Macrophage,GNAI2,C5AR1,CommuSpace_HS_03953,0.0051916833035647
85,2,3,8,583,Fibroblast,T cell,COL4A1,CD44,CommuSpace_HS_01729,0.0048420159146189
85,3,3,8,2670,Fibroblast,T cell,VEGFA,CD44,CommuSpace_HS_07694,0.0046515041030943
85,4,3,8,2541,Fibroblast,T cell,TIMP2,CD44,CommuSpace_HS_07444,0.0043154377490282
85,5,3,4,351,Fibroblast,Macrophage,CCL2,CCR1,CommuSpace_HS_00946,0.0037802879232913
85,6,3,4,2311,Fibroblast,Macrophage,SERPINE1,PLAUR,CommuSpace_HS_06869,0.0035899227950721
85,7,3,4,2670,Fibroblast,Macrophage,VEGFA,CD44,CommuSpace_HS_07694,0.0031219886150211
85,8,4,4,351,Macrophage,Macrophage,CCL2,CCR1,CommuSpace_HS_00946,0.0030591643881052
85,9,1,8,583,Endothelial,T cell,COL4A1,CD44,CommuSpace_HS_01729,0.0030381290707737
85,10,3,4,2530,Fibroblast,Macrophage,THY1,ITGAX,CommuSpace_HS_07427,0.0029300164896994
86,1,4,4,1359,Macrophage,Macrophage,GNAI2,C5AR1,CommuSpace_HS_03953,0.0051916833035647
86,2,3,8,583,Fibroblast,T cell,COL4A1,CD44,CommuSpace_HS_01729,0.0048420159146189
86,3,3,8,2670,Fibroblast,T cell,VEGFA,CD44,CommuSpace_HS_07694,0.004651503637433
86,4,3,8,2541,Fibroblast,T cell,TIMP2,CD44,CommuSpace_HS_07444,0.0043154377490282
86,5,3,4,351,Fibroblast,Macrophage,CCL2,CCR1,CommuSpace_HS_00946,0.0037802886217832
86,6,3,4,2311,Fibroblast,Macrophage,SERPINE1,PLAUR,CommuSpace_HS_06869,0.0035899234935641
86,7,3,4,2670,Fibroblast,Macrophage,VEGFA,CD44,CommuSpace_HS_07694,0.0031219886150211
86,8,4,4,351,Macrophage,Macrophage,CCL2,CCR1,CommuSpace_HS_00946,0.0030591643881052
86,9,1,8,583,Endothelial,T cell,COL4A1,CD44,CommuSpace_HS_01729,0.003038129536435
86,10,3,4,2530,Fibroblast,Macrophage,THY1,ITGAX,CommuSpace_HS_07427,0.0029300164896994
87,1,3,4,2547,Fibroblast,Macrophage,TIMP3,CD44,CommuSpace_HS_07452,0.0503788478672504
87,2,3,4,2532,Fibroblast,Macrophage,THY1,ITGB2,CommuSpace_HS_07429,0.0162694472819566
87,3,4,3,1733,Macrophage,Fibroblast,ITGB2,THY1,CommuSpace_HS_04798,0.0162216145545244
87,4,3,4,414,Fibroblast,Macrophage,CCN2,ITGB2,CommuSpace_HS_01093,0.0095119550824165
87,5,3,4,403,Fibroblast,Macrophage,CCN1,ITGB2,CommuSpace_HS_01081,0.0089923962950706
87,6,3,4,2530,Fibroblast,Macrophage,THY1,ITGAX,CommuSpace_HS_07427,0.0050581363029778
87,7,4,4,1359,Macrophage,Macrophage,GNAI2,C5AR1,CommuSpace_HS_03953,0.0046833348460495
87,8,3,8,583,Fibroblast,T cell,COL4A1,CD44,CommuSpace_HS_01729,0.0045947874896228
87,9,3,8,2670,Fibroblast,T cell,VEGFA,CD44,CommuSpace_HS_07694,0.0043409122154116
87,10,3,8,2541,Fibroblast,T cell,TIMP2,CD44,CommuSpace_HS_07444,0.0040301205590367
88,1,4,4,1359,Macrophage,Macrophage,GNAI2,C5AR1,CommuSpace_HS_03953,0.0051916833035647
88,2,3,8,583,Fibroblast,T cell,COL4A1,CD44,CommuSpace_HS_01729,0.0048420159146189
88,3,3,8,2670,Fibroblast,T cell,VEGFA,CD44,CommuSpace_HS_07694,0.004651503637433
88,4,3,8,2541,Fibroblast,T cell,TIMP2,CD44,CommuSpace_HS_07444,0.0043154377490282
88,5,3,4,351,Fibroblast,Macrophage,CCL2,CCR1,CommuSpace_HS_00946,0.0037802900187671
88,6,3,4,2311,Fibroblast,Macrophage,SERPINE1,PLAUR,CommuSpace_HS_06869,0.0035899248905479
88,7,3,4,2670,Fibroblast,Macrophage,VEGFA,CD44,CommuSpace_HS_07694,0.0031219886150211
88,8,4,4,351,Macrophage,Macrophage,CCL2,CCR1,CommuSpace_HS_00946,0.0030591643881052
88,9,1,8,583,Endothelial,T cell,COL4A1,CD44,CommuSpace_HS_01729,0.0030381309334188
88,10,3,4,2530,Fibroblast,Macrophage,THY1,ITGAX,CommuSpace_HS_07427,0.0029300164896994
89,1,3,5,2547,Fibroblast,Mast cell,TIMP3,CD44,CommuSpace_HS_07452,0.012434029020369
89,2,3,4,2530,Fibroblast,Macrophage,THY1,ITGAX,CommuSpace_HS_07427,0.0057916338555514
89,3,4,4,1359,Macrophage,Macrophage,GNAI2,C5AR1,CommuSpace_HS_03953,0.0050609475001692
89,4,3,8,583,Fibroblast,T cell,COL4A1,CD44,CommuSpace_HS_01729,0.004723934456706
89,5,3,8,2670,Fibroblast,T cell,VEGFA,CD44,CommuSpace_HS_07694,0.0045520290732383
89,6,3,8,2541,Fibroblast,T cell,TIMP2,CD44,CommuSpace_HS_07444,0.0042169434018433
89,7,3,4,351,Fibroblast,Macrophage,CCL2,CCR1,CommuSpace_HS_00946,0.0036710288841277
89,8,3,4,2311,Fibroblast,Macrophage,SERPINE1,PLAUR,CommuSpace_HS_06869,0.0034999828785657
89,9,3,5,2670,Fibroblast,Mast cell,VEGFA,CD44,CommuSpace_HS_07694,0.0033297298941761
89,10,3,5,2541,Fibroblast,Mast cell,TIMP2,CD44,CommuSpace_HS_07444,0.0032105122227221
90,1,4,4,1359,Macrophage,Macrophage,GNAI2,C5AR1,CommuSpace_HS_03953,0.0051916833035647
90,2,3,8,583,Fibroblast,T cell,COL4A1,CD44,CommuSpace_HS_01729,0.0048420159146189
90,3,3,8,2670,Fibroblast,T cell,VEGFA,CD44,CommuSpace_HS_07694,0.004651503637433
90,4,3,8,2541,Fibroblast,T cell,TIMP2,CD44,CommuSpace_HS_07444,0.0043154377490282
90,5,3,4,351,Fibroblast,Macrophage,CCL2,CCR1,CommuSpace_HS_00946,0.0037802918814122
90,6,3,4,2311,Fibroblast,Macrophage,SERPINE1,PLAUR,CommuSpace_HS_06869,0.0035899267531931
90,7,3,4,2670,Fibroblast,Macrophage,VEGFA,CD44,CommuSpace_HS_07694,0.0031219886150211
90,8,4,4,351,Macrophage,Macrophage,CCL2,CCR1,CommuSpace_HS_00946,0.0030591643881052
90,9,1,8,583,Endothelial,T cell,COL4A1,CD44,CommuSpace_HS_01729,0.003038132796064
90,10,3,4,2530,Fibroblast,Macrophage,THY1,ITGAX,CommuSpace_HS_07427,0.0029300164896994
91,1,3,1,2549,Fibroblast,Endothelial,TIMP3,KDR,CommuSpace_HS_07454,0.3581275939941406
91,2,3,1,785,Fibroblast,Endothelial,DCN,KDR,CommuSpace_HS_02342,0.2901440262794494
91,3,3,1,131,Fibroblast,Endothelial,APP,FLT1,CommuSpace_HS_00391,0.0200651586055755
91,4,3,1,2673,Fibroblast,Endothelial,VEGFA,FLT1,CommuSpace_HS_07697,0.0161754582077264
91,5,3,1,2678,Fibroblast,Endothelial,VEGFA,KDR,CommuSpace_HS_07705,0.0157266501337289
91,6,3,1,635,Fibroblast,Endothelial,COL5A1,CD93,CommuSpace_HS_01860,0.0064232004806399
91,7,1,1,2549,Endothelial,Endothelial,TIMP3,KDR,CommuSpace_HS_07454,0.0034274936188012
91,8,3,7,2497,Fibroblast,Pericyte,THBS1,CD36,CommuSpace_HS_07370,0.002688450505957
91,9,3,1,2545,Fibroblast,Endothelial,TIMP3,ADAMTS4,CommuSpace_HS_07450,0.0023150767665356
91,10,3,1,585,Fibroblast,Endothelial,COL4A1,CD93,CommuSpace_HS_01731,0.0021656530443578
92,1,4,4,1359,Macrophage,Macrophage,GNAI2,C5AR1,CommuSpace_HS_03953,0.0051916833035647
92,2,3,8,583,Fibroblast,T cell,COL4A1,CD44,CommuSpace_HS_01729,0.0048420159146189
92,3,3,8,2670,Fibroblast,T cell,VEGFA,CD44,CommuSpace_HS_07694,0.004651503637433
92,4,3,8,2541,Fibroblast,T cell,TIMP2,CD44,CommuSpace_HS_07444,0.0043154377490282
92,5,3,4,351,Fibroblast,Macrophage,CCL2,CCR1,CommuSpace_HS_00946,0.0037802953738719
92,6,3,4,2311,Fibroblast,Macrophage,SERPINE1,PLAUR,CommuSpace_HS_06869,0.0035899302456527
92,7,3,4,2670,Fibroblast,Macrophage,VEGFA,CD44,CommuSpace_HS_07694,0.0031219886150211
92,8,4,4,351,Macrophage,Macrophage,CCL2,CCR1,CommuSpace_HS_00946,0.0030591646209359
92,9,1,8,583,Endothelial,T cell,COL4A1,CD44,CommuSpace_HS_01729,0.003038136055693
92,10,3,4,2530,Fibroblast,Macrophage,THY1,ITGAX,CommuSpace_HS_07427,0.0029300164896994
93,1,4,4,1359,Macrophage,Macrophage,GNAI2,C5AR1,CommuSpace_HS_03953,0.0051916595548391
93,2,3,8,583,Fibroblast,T cell,COL4A1,CD44,CommuSpace_HS_01729,0.0048419968225061
93,3,3,8,2670,Fibroblast,T cell,VEGFA,CD44,CommuSpace_HS_07694,0.0046514882706105
93,4,3,8,2541,Fibroblast,T cell,TIMP2,CD44,CommuSpace_HS_07444,0.0043154237791895
93,5,3,4,351,Fibroblast,Macrophage,CCL2,CCR1,CommuSpace_HS_00946,0.003776942146942
93,6,3,4,2311,Fibroblast,Macrophage,SERPINE1,PLAUR,CommuSpace_HS_06869,0.0035864247474819
93,7,3,4,2670,Fibroblast,Macrophage,VEGFA,CD44,CommuSpace_HS_07694,0.0031219781376421
93,8,4,4,351,Macrophage,Macrophage,CCL2,CCR1,CommuSpace_HS_00946,0.0030590815003961
93,9,1,8,583,Endothelial,T cell,COL4A1,CD44,CommuSpace_HS_01729,0.0030349832959473
93,10,3,4,2530,Fibroblast,Macrophage,THY1,ITGAX,CommuSpace_HS_07427,0.0029296367429196
94,1,4,4,1359,Macrophage,Macrophage,GNAI2,C5AR1,CommuSpace_HS_03953,0.0051916833035647
94,2,3,8,583,Fibroblast,T cell,COL4A1,CD44,CommuSpace_HS_01729,0.0048420159146189
94,3,3,8,2670,Fibroblast,T cell,VEGFA,CD44,CommuSpace_HS_07694,0.004651503637433
94,4,3,8,2541,Fibroblast,T cell,TIMP2,CD44,CommuSpace_HS_07444,0.0043154377490282
94,5,3,4,351,Fibroblast,Macrophage,CCL2,CCR1,CommuSpace_HS_00946,0.0037802953738719
94,6,3,4,2311,Fibroblast,Macrophage,SERPINE1,PLAUR,CommuSpace_HS_06869,0.0035899302456527
94,7,3,4,2670,Fibroblast,Macrophage,VEGFA,CD44,CommuSpace_HS_07694,0.0031219886150211
94,8,4,4,351,Macrophage,Macrophage,CCL2,CCR1,CommuSpace_HS_00946,0.0030591646209359
94,9,1,8,583,Endothelial,T cell,COL4A1,CD44,CommuSpace_HS_01729,0.0030381362885236
94,10,3,4,2530,Fibroblast,Macrophage,THY1,ITGAX,CommuSpace_HS_07427,0.0029300164896994
95,1,4,4,1359,Macrophage,Macrophage,GNAI2,C5AR1,CommuSpace_HS_03953,0.0051916833035647
95,2,3,8,583,Fibroblast,T cell,COL4A1,CD44,CommuSpace_HS_01729,0.0048420159146189
95,3,3,8,2670,Fibroblast,T cell,VEGFA,CD44,CommuSpace_HS_07694,0.004651503637433
95,4,3,8,2541,Fibroblast,T cell,TIMP2,CD44,CommuSpace_HS_07444,0.0043154377490282
95,5,3,4,351,Fibroblast,Macrophage,CCL2,CCR1,CommuSpace_HS_00946,0.0037802951410412
95,6,3,4,2311,Fibroblast,Macrophage,SERPINE1,PLAUR,CommuSpace_HS_06869,0.0035899300128221
95,7,3,4,2670,Fibroblast,Macrophage,VEGFA,CD44,CommuSpace_HS_07694,0.0031219886150211
95,8,4,4,351,Macrophage,Macrophage,CCL2,CCR1,CommuSpace_HS_00946,0.0030591646209359
95,9,1,8,583,Endothelial,T cell,COL4A1,CD44,CommuSpace_HS_01729,0.0030381362885236
95,10,3,4,2530,Fibroblast,Macrophage,THY1,ITGAX,CommuSpace_HS_07427,0.0029300164896994
96,1,4,4,1359,Macrophage,Macrophage,GNAI2,C5AR1,CommuSpace_HS_03953,0.0051916833035647
96,2,3,8,583,Fibroblast,T cell,COL4A1,CD44,CommuSpace_HS_01729,0.0048420159146189
96,3,3,8,2670,Fibroblast,T cell,VEGFA,CD44,CommuSpace_HS_07694,0.004651503637433
96,4,3,8,2541,Fibroblast,T cell,TIMP2,CD44,CommuSpace_HS_07444,0.0043154377490282
96,5,3,4,351,Fibroblast,Macrophage,CCL2,CCR1,CommuSpace_HS_00946,0.0037802949082106
96,6,3,4,2311,Fibroblast,Macrophage,SERPINE1,PLAUR,CommuSpace_HS_06869,0.0035899297799915
96,7,3,4,2670,Fibroblast,Macrophage,VEGFA,CD44,CommuSpace_HS_07694,0.0031219886150211
96,8,4,4,351,Macrophage,Macrophage,CCL2,CCR1,CommuSpace_HS_00946,0.0030591646209359
96,9,1,8,583,Endothelial,T cell,COL4A1,CD44,CommuSpace_HS_01729,0.0030381362885236
96,10,3,4,2530,Fibroblast,Macrophage,THY1,ITGAX,CommuSpace_HS_07427,0.0029300164896994
97,1,4,4,1359,Macrophage,Macrophage,GNAI2,C5AR1,CommuSpace_HS_03953,0.0051916833035647
97,2,3,8,583,Fibroblast,T cell,COL4A1,CD44,CommuSpace_HS_01729,0.0048420159146189
97,3,3,8,2670,Fibroblast,T cell,VEGFA,CD44,CommuSpace_HS_07694,0.004651503637433
97,4,3,8,2541,Fibroblast,T cell,TIMP2,CD44,CommuSpace_HS_07444,0.0043154377490282
97,5,3,4,351,Fibroblast,Macrophage,CCL2,CCR1,CommuSpace_HS_00946,0.0037802949082106
97,6,3,4,2311,Fibroblast,Macrophage,SERPINE1,PLAUR,CommuSpace_HS_06869,0.0035899297799915
97,7,3,4,2670,Fibroblast,Macrophage,VEGFA,CD44,CommuSpace_HS_07694,0.0031219886150211
97,8,4,4,351,Macrophage,Macrophage,CCL2,CCR1,CommuSpace_HS_00946,0.0030591646209359
97,9,1,8,583,Endothelial,T cell,COL4A1,CD44,CommuSpace_HS_01729,0.0030381362885236
97,10,3,4,2530,Fibroblast,Macrophage,THY1,ITGAX,CommuSpace_HS_07427,0.0029300164896994
98,1,4,4,1359,Macrophage,Macrophage,GNAI2,C5AR1,CommuSpace_HS_03953,0.0051916828379035
98,2,3,8,583,Fibroblast,T cell,COL4A1,CD44,CommuSpace_HS_01729,0.0048420154489576
98,3,3,8,2670,Fibroblast,T cell,VEGFA,CD44,CommuSpace_HS_07694,0.0046515031717717
98,4,3,8,2541,Fibroblast,T cell,TIMP2,CD44,CommuSpace_HS_07444,0.0043154377490282
98,5,3,4,351,Fibroblast,Macrophage,CCL2,CCR1,CommuSpace_HS_00946,0.0037802942097187
98,6,3,4,2311,Fibroblast,Macrophage,SERPINE1,PLAUR,CommuSpace_HS_06869,0.0035899293143302
98,7,3,4,2670,Fibroblast,Macrophage,VEGFA,CD44,CommuSpace_HS_07694,0.0031219883821904
98,8,4,4,351,Macrophage,Macrophage,CCL2,CCR1,CommuSpace_HS_00946,0.0030591643881052
98,9,1,8,583,Endothelial,T cell,COL4A1,CD44,CommuSpace_HS_01729,0.003038136055693
98,10,3,4,2530,Fibroblast,Macrophage,THY1,ITGAX,CommuSpace_HS_07427,0.0029300162568688
99,1,4,4,1359,Macrophage,Macrophage,GNAI2,C5AR1,CommuSpace_HS_03953,0.0051916828379035
99,2,3,8,583,Fibroblast,T cell,COL4A1,CD44,CommuSpace_HS_01729,0.0048420154489576
99,3,3,8,2670,Fibroblast,T cell,VEGFA,CD44,CommuSpace_HS_07694,0.0046515031717717
99,4,3,8,2541,Fibroblast,T cell,TIMP2,CD44,CommuSpace_HS_07444,0.0043154377490282
99,5,3,4,351,Fibroblast,Macrophage,CCL2,CCR1,CommuSpace_HS_00946,0.0037802942097187
99,6,3,4,2311,Fibroblast,Macrophage,SERPINE1,PLAUR,CommuSpace_HS_06869,0.0035899293143302
99,7,3,4,2670,Fibroblast,Macrophage,VEGFA,CD44,CommuSpace_HS_07694,0.0031219883821904
99,8,4,4,351,Macrophage,Macrophage,CCL2,CCR1,CommuSpace_HS_00946,0.0030591643881052
99,9,1,8,583,Endothelial,T cell,COL4A1,CD44,CommuSpace_HS_01729,0.003038136055693
99,10,3,4,2530,Fibroblast,Macrophage,THY1,ITGAX,CommuSpace_HS_07427,0.0029300162568688
100,1,4,4,1359,Macrophage,Macrophage,GNAI2,C5AR1,CommuSpace_HS_03953,0.0051916828379035
100,2,3,8,583,Fibroblast,T cell,COL4A1,CD44,CommuSpace_HS_01729,0.0048420154489576
100,3,3,8,2670,Fibroblast,T cell,VEGFA,CD44,CommuSpace_HS_07694,0.0046515031717717
100,4,3,8,2541,Fibroblast,T cell,TIMP2,CD44,CommuSpace_HS_07444,0.0043154377490282
100,5,3,4,351,Fibroblast,Macrophage,CCL2,CCR1,CommuSpace_HS_00946,0.0037802935112267
100,6,3,4,2311,Fibroblast,Macrophage,SERPINE1,PLAUR,CommuSpace_HS_06869,0.0035899286158382
100,7,3,4,2670,Fibroblast,Macrophage,VEGFA,CD44,CommuSpace_HS_07694,0.0031219883821904
100,8,4,4,351,Macrophage,Macrophage,CCL2,CCR1,CommuSpace_HS_00946,0.0030591643881052
100,9,1,8,583,Endothelial,T cell,COL4A1,CD44,CommuSpace_HS_01729,0.003038136055693
100,10,3,4,2530,Fibroblast,Macrophage,THY1,ITGAX,CommuSpace_HS_07427,0.0029300164896994
101,1,4,4,1359,Macrophage,Macrophage,GNAI2,C5AR1,CommuSpace_HS_03953,0.0051916828379035
101,2,3,8,583,Fibroblast,T cell,COL4A1,CD44,CommuSpace_HS_01729,0.0048420154489576
101,3,3,8,2670,Fibroblast,T cell,VEGFA,CD44,CommuSpace_HS_07694,0.0046515031717717
101,4,3,8,2541,Fibroblast,T cell,TIMP2,CD44,CommuSpace_HS_07444,0.0043154377490282
101,5,3,4,351,Fibroblast,Macrophage,CCL2,CCR1,CommuSpace_HS_00946,0.0037802932783961
101,6,3,4,2311,Fibroblast,Macrophage,SERPINE1,PLAUR,CommuSpace_HS_06869,0.0035899283830076
101,7,3,4,2670,Fibroblast,Macrophage,VEGFA,CD44,CommuSpace_HS_07694,0.0031219883821904
101,8,4,4,351,Macrophage,Macrophage,CCL2,CCR1,CommuSpace_HS_00946,0.0030591643881052
101,9,1,8,583,Endothelial,T cell,COL4A1,CD44,CommuSpace_HS_01729,0.003038136055693
101,10,3,4,2530,Fibroblast,Macrophage,THY1,ITGAX,CommuSpace_HS_07427,0.0029300164896994
102,1,4,4,1359,Macrophage,Macrophage,GNAI2,C5AR1,CommuSpace_HS_03953,0.0051916828379035
102,2,3,8,583,Fibroblast,T cell,COL4A1,CD44,CommuSpace_HS_01729,0.0048420154489576
102,3,3,8,2670,Fibroblast,T cell,VEGFA,CD44,CommuSpace_HS_07694,0.0046515031717717
102,4,3,8,2541,Fibroblast,T cell,TIMP2,CD44,CommuSpace_HS_07444,0.0043154377490282
102,5,3,4,351,Fibroblast,Macrophage,CCL2,CCR1,CommuSpace_HS_00946,0.0037802932783961
102,6,3,4,2311,Fibroblast,Macrophage,SERPINE1,PLAUR,CommuSpace_HS_06869,0.0035899283830076
102,7,3,4,2670,Fibroblast,Macrophage,VEGFA,CD44,CommuSpace_HS_07694,0.0031219883821904
102,8,4,4,351,Macrophage,Macrophage,CCL2,CCR1,CommuSpace_HS_00946,0.0030591643881052
102,9,1,8,583,Endothelial,T cell,COL4A1,CD44,CommuSpace_HS_01729,0.003038136055693
102,10,3,4,2530,Fibroblast,Macrophage,THY1,ITGAX,CommuSpace_HS_07427,0.0029300164896994
103,1,4,4,1359,Macrophage,Macrophage,GNAI2,C5AR1,CommuSpace_HS_03953,0.0051917498931288
103,2,3,8,583,Fibroblast,T cell,COL4A1,CD44,CommuSpace_HS_01729,0.0048420024104416
103,3,3,8,2670,Fibroblast,T cell,VEGFA,CD44,CommuSpace_HS_07694,0.0046514980494976
103,4,3,8,2541,Fibroblast,T cell,TIMP2,CD44,CommuSpace_HS_07444,0.0043154223822057
103,5,3,4,351,Fibroblast,Macrophage,CCL2,CCR1,CommuSpace_HS_00946,0.0037881578318774
103,6,3,4,2311,Fibroblast,Macrophage,SERPINE1,PLAUR,CommuSpace_HS_06869,0.0035981340333819
103,7,3,4,2670,Fibroblast,Macrophage,VEGFA,CD44,CommuSpace_HS_07694,0.0031220123637467
103,8,4,4,351,Macrophage,Macrophage,CCL2,CCR1,CommuSpace_HS_00946,0.0030593764968216
103,9,1,8,583,Endothelial,T cell,COL4A1,CD44,CommuSpace_HS_01729,0.0030330889858305
103,10,3,4,2530,Fibroblast,Macrophage,THY1,ITGAX,CommuSpace_HS_07427,0.0029303915798664
104,1,4,4,1359,Macrophage,Macrophage,GNAI2,C5AR1,CommuSpace_HS_03953,0.0051916828379035
104,2,3,8,583,Fibroblast,T cell,COL4A1,CD44,CommuSpace_HS_01729,0.0048420154489576
104,3,3,8,2670,Fibroblast,T cell,VEGFA,CD44,CommuSpace_HS_07694,0.0046515031717717
104,4,3,8,2541,Fibroblast,T cell,TIMP2,CD44,CommuSpace_HS_07444,0.0043154377490282
104,5,3,4,351,Fibroblast,Macrophage,CCL2,CCR1,CommuSpace_HS_00946,0.0037802930455654
104,6,3,4,2311,Fibroblast,Macrophage,SERPINE1,PLAUR,CommuSpace_HS_06869,0.003589928150177
104,7,3,4,2670,Fibroblast,Macrophage,VEGFA,CD44,CommuSpace_HS_07694,0.0031219883821904
104,8,4,4,351,Macrophage,Macrophage,CCL2,CCR1,CommuSpace_HS_00946,0.0030591643881052
104,9,1,8,583,Endothelial,T cell,COL4A1,CD44,CommuSpace_HS_01729,0.003038136055693
104,10,3,4,2530,Fibroblast,Macrophage,THY1,ITGAX,CommuSpace_HS_07427,0.0029300164896994
105,1,4,4,1359,Macrophage,Macrophage,GNAI2,C5AR1,CommuSpace_HS_03953,0.0051916828379035
105,2,3,8,583,Fibroblast,T cell,COL4A1,CD44,CommuSpace_HS_01729,0.0048420154489576
105,3,3,8,2670,Fibroblast,T cell,VEGFA,CD44,CommuSpace_HS_07694,0.0046515031717717
105,4,3,8,2541,Fibroblast,T cell,TIMP2,CD44,CommuSpace_HS_07444,0.0043154377490282
105,5,3,4,351,Fibroblast,Macrophage,CCL2,CCR1,CommuSpace_HS_00946,0.0037802930455654
105,6,3,4,2311,Fibroblast,Macrophage,SERPINE1,PLAUR,CommuSpace_HS_06869,0.003589928150177
105,7,3,4,2670,Fibroblast,Macrophage,VEGFA,CD44,CommuSpace_HS_07694,0.0031219883821904
105,8,4,4,351,Macrophage,Macrophage,CCL2,CCR1,CommuSpace_HS_00946,0.0030591643881052
105,9,1,8,583,Endothelial,T cell,COL4A1,CD44,CommuSpace_HS_01729,0.003038136055693
105,10,3,4,2530,Fibroblast,Macrophage,THY1,ITGAX,CommuSpace_HS_07427,0.0029300164896994
106,1,4,4,1359,Macrophage,Macrophage,GNAI2,C5AR1,CommuSpace_HS_03953,0.0051916828379035
106,2,3,8,583,Fibroblast,T cell,COL4A1,CD44,CommuSpace_HS_01729,0.0048420154489576
106,3,3,8,2670,Fibroblast,T cell,VEGFA,CD44,CommuSpace_HS_07694,0.0046515031717717
106,4,3,8,2541,Fibroblast,T cell,TIMP2,CD44,CommuSpace_HS_07444,0.0043154377490282
106,5,3,4,351,Fibroblast,Macrophage,CCL2,CCR1,CommuSpace_HS_00946,0.0037802928127348
106,6,3,4,2311,Fibroblast,Macrophage,SERPINE1,PLAUR,CommuSpace_HS_06869,0.0035899279173463
106,7,3,4,2670,Fibroblast,Macrophage,VEGFA,CD44,CommuSpace_HS_07694,0.0031219883821904
106,8,4,4,351,Macrophage,Macrophage,CCL2,CCR1,CommuSpace_HS_00946,0.0030591643881052
106,9,1,8,583,Endothelial,T cell,COL4A1,CD44,CommuSpace_HS_01729,0.003038136055693
106,10,3,4,2530,Fibroblast,Macrophage,THY1,ITGAX,CommuSpace_HS_07427,0.0029300167225301
107,1,7,1,585,Pericyte,Endothelial,COL4A1,CD93,CommuSpace_HS_01731,0.0050276932306587
107,2,4,4,1359,Macrophage,Macrophage,GNAI2,C5AR1,CommuSpace_HS_03953,0.0050270063802599
107,3,3,1,2505,Fibroblast,Endothelial,THBS1,ITGB3,CommuSpace_HS_07380,0.0048807170242071
107,4,3,8,583,Fibroblast,T cell,COL4A1,CD44,CommuSpace_HS_01729,0.0047036008909344
107,5,3,8,2670,Fibroblast,T cell,VEGFA,CD44,CommuSpace_HS_07694,0.0045158276334404
107,6,1,1,131,Endothelial,Endothelial,APP,FLT1,CommuSpace_HS_00391,0.0042426018044352
107,7,3,8,2541,Fibroblast,T cell,TIMP2,CD44,CommuSpace_HS_07444,0.004189470782876
107,8,1,1,585,Endothelial,Endothelial,COL4A1,CD93,CommuSpace_HS_01731,0.0036747648846358
107,9,3,1,2545,Fibroblast,Endothelial,TIMP3,ADAMTS4,CommuSpace_HS_07450,0.0033886707387864
107,10,3,4,2670,Fibroblast,Macrophage,VEGFA,CD44,CommuSpace_HS_07694,0.0030627094674855
108,1,4,4,1359,Macrophage,Macrophage,GNAI2,C5AR1,CommuSpace_HS_03953,0.0051916828379035
108,2,3,8,583,Fibroblast,T cell,COL4A1,CD44,CommuSpace_HS_01729,0.0048420154489576
108,3,3,8,2670,Fibroblast,T cell,VEGFA,CD44,CommuSpace_HS_07694,0.0046515031717717
108,4,3,8,2541,Fibroblast,T cell,TIMP2,CD44,CommuSpace_HS_07444,0.0043154377490282
108,5,3,4,351,Fibroblast,Macrophage,CCL2,CCR1,CommuSpace_HS_00946,0.0037802921142429
108,6,3,4,2311,Fibroblast,Macrophage,SERPINE1,PLAUR,CommuSpace_HS_06869,0.0035899269860237
108,7,3,4,2670,Fibroblast,Macrophage,VEGFA,CD44,CommuSpace_HS_07694,0.0031219883821904
108,8,4,4,351,Macrophage,Macrophage,CCL2,CCR1,CommuSpace_HS_00946,0.0030591643881052
108,9,1,8,583,Endothelial,T cell,COL4A1,CD44,CommuSpace_HS_01729,0.003038136055693
108,10,3,4,2530,Fibroblast,Macrophage,THY1,ITGAX,CommuSpace_HS_07427,0.0029300167225301
109,1,4,4,1359,Macrophage,Macrophage,GNAI2,C5AR1,CommuSpace_HS_03953,0.0051916828379035
109,2,3,8,583,Fibroblast,T cell,COL4A1,CD44,CommuSpace_HS_01729,0.0048420154489576
109,3,3,8,2670,Fibroblast,T cell,VEGFA,CD44,CommuSpace_HS_07694,0.0046515031717717
109,4,3,8,2541,Fibroblast,T cell,TIMP2,CD44,CommuSpace_HS_07444,0.0043154377490282
109,5,3,4,351,Fibroblast,Macrophage,CCL2,CCR1,CommuSpace_HS_00946,0.0037802921142429
109,6,3,4,2311,Fibroblast,Macrophage,SERPINE1,PLAUR,CommuSpace_HS_06869,0.0035899269860237
109,7,3,4,2670,Fibroblast,Macrophage,VEGFA,CD44,CommuSpace_HS_07694,0.0031219883821904
109,8,4,4,351,Macrophage,Macrophage,CCL2,CCR1,CommuSpace_HS_00946,0.0030591643881052
109,9,1,8,583,Endothelial,T cell,COL4A1,CD44,CommuSpace_HS_01729,0.003038136055693
109,10,3,4,2530,Fibroblast,Macrophage,THY1,ITGAX,CommuSpace_HS_07427,0.0029300167225301
110,1,4,4,1359,Macrophage,Macrophage,GNAI2,C5AR1,CommuSpace_HS_03953,0.0051916828379035
110,2,3,8,583,Fibroblast,T cell,COL4A1,CD44,CommuSpace_HS_01729,0.0048420154489576
110,3,3,8,2670,Fibroblast,T cell,VEGFA,CD44,CommuSpace_HS_07694,0.0046515031717717
110,4,3,8,2541,Fibroblast,T cell,TIMP2,CD44,CommuSpace_HS_07444,0.0043154377490282
110,5,3,4,351,Fibroblast,Macrophage,CCL2,CCR1,CommuSpace_HS_00946,0.0037802916485816
110,6,3,4,2311,Fibroblast,Macrophage,SERPINE1,PLAUR,CommuSpace_HS_06869,0.0035899267531931
110,7,3,4,2670,Fibroblast,Macrophage,VEGFA,CD44,CommuSpace_HS_07694,0.0031219883821904
110,8,4,4,351,Macrophage,Macrophage,CCL2,CCR1,CommuSpace_HS_00946,0.0030591643881052
110,9,1,8,583,Endothelial,T cell,COL4A1,CD44,CommuSpace_HS_01729,0.003038136055693
110,10,3,4,2530,Fibroblast,Macrophage,THY1,ITGAX,CommuSpace_HS_07427,0.0029300167225301
111,1,4,4,1359,Macrophage,Macrophage,GNAI2,C5AR1,CommuSpace_HS_03953,0.0051916828379035
111,2,3,8,583,Fibroblast,T cell,COL4A1,CD44,CommuSpace_HS_01729,0.0048420154489576
111,3,3,8,2670,Fibroblast,T cell,VEGFA,CD44,CommuSpace_HS_07694,0.0046515031717717
111,4,3,8,2541,Fibroblast,T cell,TIMP2,CD44,CommuSpace_HS_07444,0.0043154377490282
111,5,3,4,351,Fibroblast,Macrophage,CCL2,CCR1,CommuSpace_HS_00946,0.0037802914157509
111,6,3,4,2311,Fibroblast,Macrophage,SERPINE1,PLAUR,CommuSpace_HS_06869,0.0035899265203624
111,7,3,4,2670,Fibroblast,Macrophage,VEGFA,CD44,CommuSpace_HS_07694,0.0031219883821904
111,8,4,4,351,Macrophage,Macrophage,CCL2,CCR1,CommuSpace_HS_00946,0.0030591643881052
111,9,1,8,583,Endothelial,T cell,COL4A1,CD44,CommuSpace_HS_01729,0.003038136055693
111,10,3,4,2530,Fibroblast,Macrophage,THY1,ITGAX,CommuSpace_HS_07427,0.0029300167225301
112,1,4,4,1359,Macrophage,Macrophage,GNAI2,C5AR1,CommuSpace_HS_03953,0.0051916828379035
112,2,3,8,583,Fibroblast,T cell,COL4A1,CD44,CommuSpace_HS_01729,0.0048420154489576
112,3,3,8,2670,Fibroblast,T cell,VEGFA,CD44,CommuSpace_HS_07694,0.0046515031717717
112,4,3,8,2541,Fibroblast,T cell,TIMP2,CD44,CommuSpace_HS_07444,0.0043154377490282
112,5,3,4,351,Fibroblast,Macrophage,CCL2,CCR1,CommuSpace_HS_00946,0.0037802911829203
112,6,3,4,2311,Fibroblast,Macrophage,SERPINE1,PLAUR,CommuSpace_HS_06869,0.0035899260547012
112,7,3,4,2670,Fibroblast,Macrophage,VEGFA,CD44,CommuSpace_HS_07694,0.0031219883821904
112,8,4,4,351,Macrophage,Macrophage,CCL2,CCR1,CommuSpace_HS_00946,0.0030591641552746
112,9,1,8,583,Endothelial,T cell,COL4A1,CD44,CommuSpace_HS_01729,0.003038136055693
112,10,3,4,2530,Fibroblast,Macrophage,THY1,ITGAX,CommuSpace_HS_07427,0.0029300167225301
113,1,4,4,1359,Macrophage,Macrophage,GNAI2,C5AR1,CommuSpace_HS_03953,0.0051916828379035
113,2,3,8,583,Fibroblast,T cell,COL4A1,CD44,CommuSpace_HS_01729,0.0048420154489576
113,3,3,8,2670,Fibroblast,T cell,VEGFA,CD44,CommuSpace_HS_07694,0.0046515031717717
113,4,3,8,2541,Fibroblast,T cell,TIMP2,CD44,CommuSpace_HS_07444,0.0043154377490282
113,5,3,4,351,Fibroblast,Macrophage,CCL2,CCR1,CommuSpace_HS_00946,0.0037802911829203
113,6,3,4,2311,Fibroblast,Macrophage,SERPINE1,PLAUR,CommuSpace_HS_06869,0.0035899260547012
113,7,3,4,2670,Fibroblast,Macrophage,VEGFA,CD44,CommuSpace_HS_07694,0.0031219883821904
113,8,4,4,351,Macrophage,Macrophage,CCL2,CCR1,CommuSpace_HS_00946,0.0030591641552746
113,9,1,8,583,Endothelial,T cell,COL4A1,CD44,CommuSpace_HS_01729,0.003038136055693
113,10,3,4,2530,Fibroblast,Macrophage,THY1,ITGAX,CommuSpace_HS_07427,0.0029300167225301
114,1,4,4,1359,Macrophage,Macrophage,GNAI2,C5AR1,CommuSpace_HS_03953,0.0051916828379035
114,2,3,8,583,Fibroblast,T cell,COL4A1,CD44,CommuSpace_HS_01729,0.0048420154489576
114,3,3,8,2670,Fibroblast,T cell,VEGFA,CD44,CommuSpace_HS_07694,0.0046515031717717
114,4,3,8,2541,Fibroblast,T cell,TIMP2,CD44,CommuSpace_HS_07444,0.0043154377490282
114,5,3,4,351,Fibroblast,Macrophage,CCL2,CCR1,CommuSpace_HS_00946,0.0037802909500896
114,6,3,4,2311,Fibroblast,Macrophage,SERPINE1,PLAUR,CommuSpace_HS_06869,0.0035899258218705
114,7,3,4,2670,Fibroblast,Macrophage,VEGFA,CD44,CommuSpace_HS_07694,0.0031219883821904
114,8,4,4,351,Macrophage,Macrophage,CCL2,CCR1,CommuSpace_HS_00946,0.0030591641552746
114,9,1,8,583,Endothelial,T cell,COL4A1,CD44,CommuSpace_HS_01729,0.003038136055693
114,10,3,4,2530,Fibroblast,Macrophage,THY1,ITGAX,CommuSpace_HS_07427,0.0029300167225301
115,1,3,8,2547,Fibroblast,T cell,TIMP3,CD44,CommuSpace_HS_07452,0.074954867362976
115,2,3,8,2670,Fibroblast,T cell,VEGFA,CD44,CommuSpace_HS_07694,0.0062270760536193
115,3,3,8,2541,Fibroblast,T cell,TIMP2,CD44,CommuSpace_HS_07444,0.0060407663695514
115,4,3,8,583,Fibroblast,T cell,COL4A1,CD44,CommuSpace_HS_01729,0.0059662964195013
115,5,4,4,1359,Macrophage,Macrophage,GNAI2,C5AR1,CommuSpace_HS_03953,0.0047422181814908
115,6,3,4,2311,Fibroblast,Macrophage,SERPINE1,PLAUR,CommuSpace_HS_06869,0.0035579660907387
115,7,3,4,351,Fibroblast,Macrophage,CCL2,CCR1,CommuSpace_HS_00946,0.003464983543381
115,8,3,4,2670,Fibroblast,Macrophage,VEGFA,CD44,CommuSpace_HS_07694,0.0028806147165596
115,9,4,4,351,Macrophage,Macrophage,CCL2,CCR1,CommuSpace_HS_00946,0.0027986841741949
115,10,1,8,583,Endothelial,T cell,COL4A1,CD44,CommuSpace_HS_01729,0.0027960396837443
116,1,4,4,1359,Macrophage,Macrophage,GNAI2,C5AR1,CommuSpace_HS_03953,0.0051916833035647
116,2,3,8,583,Fibroblast,T cell,COL4A1,CD44,CommuSpace_HS_01729,0.0048420159146189
116,3,3,8,2670,Fibroblast,T cell,VEGFA,CD44,CommuSpace_HS_07694,0.004651503637433
116,4,3,8,2541,Fibroblast,T cell,TIMP2,CD44,CommuSpace_HS_07444,0.0043154377490282
116,5,3,4,351,Fibroblast,Macrophage,CCL2,CCR1,CommuSpace_HS_00946,0.0037802900187671
116,6,3,4,2311,Fibroblast,Macrophage,SERPINE1,PLAUR,CommuSpace_HS_06869,0.0035899246577173
116,7,3,4,2670,Fibroblast,Macrophage,VEGFA,CD44,CommuSpace_HS_07694,0.0031219886150211
116,8,4,4,351,Macrophage,Macrophage,CCL2,CCR1,CommuSpace_HS_00946,0.0030591643881052
116,9,1,8,583,Endothelial,T cell,COL4A1,CD44,CommuSpace_HS_01729,0.0030381362885236
116,10,3,4,2530,Fibroblast,Macrophage,THY1,ITGAX,CommuSpace_HS_07427,0.0029300169553607
117,1,4,4,1359,Macrophage,Macrophage,GNAI2,C5AR1,CommuSpace_HS_03953,0.0051916833035647
117,2,3,8,583,Fibroblast,T cell,COL4A1,CD44,CommuSpace_HS_01729,0.0048420159146189
117,3,3,8,2670,Fibroblast,T cell,VEGFA,CD44,CommuSpace_HS_07694,0.004651503637433
117,4,3,8,2541,Fibroblast,T cell,TIMP2,CD44,CommuSpace_HS_07444,0.0043154377490282
117,5,3,4,351,Fibroblast,Macrophage,CCL2,CCR1,CommuSpace_HS_00946,0.0037802897859364
117,6,3,4,2311,Fibroblast,Macrophage,SERPINE1,PLAUR,CommuSpace_HS_06869,0.0035899244248867
117,7,3,4,2670,Fibroblast,Macrophage,VEGFA,CD44,CommuSpace_HS_07694,0.0031219886150211
117,8,4,4,351,Macrophage,Macrophage,CCL2,CCR1,CommuSpace_HS_00946,0.0030591643881052
117,9,1,8,583,Endothelial,T cell,COL4A1,CD44,CommuSpace_HS_01729,0.0030381362885236
117,10,3,4,2530,Fibroblast,Macrophage,THY1,ITGAX,CommuSpace_HS_07427,0.0029300169553607
118,1,4,4,1359,Macrophage,Macrophage,GNAI2,C5AR1,CommuSpace_HS_03953,0.0051916833035647
118,2,3,8,583,Fibroblast,T cell,COL4A1,CD44,CommuSpace_HS_01729,0.0048420159146189
118,3,3,8,2670,Fibroblast,T cell,VEGFA,CD44,CommuSpace_HS_07694,0.004651503637433
118,4,3,8,2541,Fibroblast,T cell,TIMP2,CD44,CommuSpace_HS_07444,0.0043154377490282
118,5,3,4,351,Fibroblast,Macrophage,CCL2,CCR1,CommuSpace_HS_00946,0.0037802895531058
118,6,3,4,2311,Fibroblast,Macrophage,SERPINE1,PLAUR,CommuSpace_HS_06869,0.0035899244248867
118,7,3,4,2670,Fibroblast,Macrophage,VEGFA,CD44,CommuSpace_HS_07694,0.0031219886150211
118,8,4,4,351,Macrophage,Macrophage,CCL2,CCR1,CommuSpace_HS_00946,0.0030591643881052
118,9,1,8,583,Endothelial,T cell,COL4A1,CD44,CommuSpace_HS_01729,0.0030381362885236
118,10,3,4,2530,Fibroblast,Macrophage,THY1,ITGAX,CommuSpace_HS_07427,0.0029300169553607
119,1,4,4,1359,Macrophage,Macrophage,GNAI2,C5AR1,CommuSpace_HS_03953,0.0051916833035647
119,2,3,8,583,Fibroblast,T cell,COL4A1,CD44,CommuSpace_HS_01729,0.0048420159146189
119,3,3,8,2670,Fibroblast,T cell,VEGFA,CD44,CommuSpace_HS_07694,0.004651503637433
119,4,3,8,2541,Fibroblast,T cell,TIMP2,CD44,CommuSpace_HS_07444,0.0043154377490282
119,5,3,4,351,Fibroblast,Macrophage,CCL2,CCR1,CommuSpace_HS_00946,0.0037802895531058
119,6,3,4,2311,Fibroblast,Macrophage,SERPINE1,PLAUR,CommuSpace_HS_06869,0.0035899244248867
119,7,3,4,2670,Fibroblast,Macrophage,VEGFA,CD44,CommuSpace_HS_07694,0.0031219886150211
119,8,4,4,351,Macrophage,Macrophage,CCL2,CCR1,CommuSpace_HS_00946,0.0030591643881052
119,9,1,8,583,Endothelial,T cell,COL4A1,CD44,CommuSpace_HS_01729,0.0030381362885236
119,10,3,4,2530,Fibroblast,Macrophage,THY1,ITGAX,CommuSpace_HS_07427,0.0029300169553607
120,1,4,4,1359,Macrophage,Macrophage,GNAI2,C5AR1,CommuSpace_HS_03953,0.0051916833035647
120,2,3,8,583,Fibroblast,T cell,COL4A1,CD44,CommuSpace_HS_01729,0.0048420159146189
120,3,3,8,2670,Fibroblast,T cell,VEGFA,CD44,CommuSpace_HS_07694,0.004651503637433
120,4,3,8,2541,Fibroblast,T cell,TIMP2,CD44,CommuSpace_HS_07444,0.0043154377490282
120,5,3,4,351,Fibroblast,Macrophage,CCL2,CCR1,CommuSpace_HS_00946,0.0037802895531058
120,6,3,4,2311,Fibroblast,Macrophage,SERPINE1,PLAUR,CommuSpace_HS_06869,0.0035899244248867
120,7,3,4,2670,Fibroblast,Macrophage,VEGFA,CD44,CommuSpace_HS_07694,0.0031219886150211
120,8,4,4,351,Macrophage,Macrophage,CCL2,CCR1,CommuSpace_HS_00946,0.0030591643881052
120,9,1,8,583,Endothelial,T cell,COL4A1,CD44,CommuSpace_HS_01729,0.0030381362885236
120,10,3,4,2530,Fibroblast,Macrophage,THY1,ITGAX,CommuSpace_HS_07427,0.0029300169553607
121,1,4,4,1359,Macrophage,Macrophage,GNAI2,C5AR1,CommuSpace_HS_03953,0.0051916833035647
121,2,3,8,583,Fibroblast,T cell,COL4A1,CD44,CommuSpace_HS_01729,0.0048420159146189
121,3,3,8,2670,Fibroblast,T cell,VEGFA,CD44,CommuSpace_HS_07694,0.004651503637433
121,4,3,8,2541,Fibroblast,T cell,TIMP2,CD44,CommuSpace_HS_07444,0.0043154377490282
121,5,3,4,351,Fibroblast,Macrophage,CCL2,CCR1,CommuSpace_HS_00946,0.0037802895531058
121,6,3,4,2311,Fibroblast,Macrophage,SERPINE1,PLAUR,CommuSpace_HS_06869,0.003589924192056
121,7,3,4,2670,Fibroblast,Macrophage,VEGFA,CD44,CommuSpace_HS_07694,0.0031219886150211
121,8,4,4,351,Macrophage,Macrophage,CCL2,CCR1,CommuSpace_HS_00946,0.0030591643881052
121,9,1,8,583,Endothelial,T cell,COL4A1,CD44,CommuSpace_HS_01729,0.0030381362885236
121,10,3,4,2530,Fibroblast,Macrophage,THY1,ITGAX,CommuSpace_HS_07427,0.0029300169553607
122,1,4,4,1359,Macrophage,Macrophage,GNAI2,C5AR1,CommuSpace_HS_03953,0.0051916833035647
122,2,3,8,583,Fibroblast,T cell,COL4A1,CD44,CommuSpace_HS_01729,0.0048420159146189
122,3,3,8,2670,Fibroblast,T cell,VEGFA,CD44,CommuSpace_HS_07694,0.004651503637433
122,4,3,8,2541,Fibroblast,T cell,TIMP2,CD44,CommuSpace_HS_07444,0.0043154377490282
122,5,3,4,351,Fibroblast,Macrophage,CCL2,CCR1,CommuSpace_HS_00946,0.0037802893202751
122,6,3,4,2311,Fibroblast,Macrophage,SERPINE1,PLAUR,CommuSpace_HS_06869,0.0035899239592254
122,7,3,4,2670,Fibroblast,Macrophage,VEGFA,CD44,CommuSpace_HS_07694,0.0031219886150211
122,8,4,4,351,Macrophage,Macrophage,CCL2,CCR1,CommuSpace_HS_00946,0.0030591643881052
122,9,1,8,583,Endothelial,T cell,COL4A1,CD44,CommuSpace_HS_01729,0.0030381362885236
122,10,3,4,2530,Fibroblast,Macrophage,THY1,ITGAX,CommuSpace_HS_07427,0.0029300169553607
123,1,4,4,1359,Macrophage,Macrophage,GNAI2,C5AR1,CommuSpace_HS_03953,0.0051916833035647
123,2,3,8,583,Fibroblast,T cell,COL4A1,CD44,CommuSpace_HS_01729,0.0048420159146189
123,3,3,8,2670,Fibroblast,T cell,VEGFA,CD44,CommuSpace_HS_07694,0.004651503637433
123,4,3,8,2541,Fibroblast,T cell,TIMP2,CD44,CommuSpace_HS_07444,0.0043154377490282
123,5,3,4,351,Fibroblast,Macrophage,CCL2,CCR1,CommuSpace_HS_00946,0.0037802893202751
123,6,3,4,2311,Fibroblast,Macrophage,SERPINE1,PLAUR,CommuSpace_HS_06869,0.0035899239592254
123,7,3,4,2670,Fibroblast,Macrophage,VEGFA,CD44,CommuSpace_HS_07694,0.0031219886150211
123,8,4,4,351,Macrophage,Macrophage,CCL2,CCR1,CommuSpace_HS_00946,0.0030591643881052
123,9,1,8,583,Endothelial,T cell,COL4A1,CD44,CommuSpace_HS_01729,0.0030381362885236
123,10,3,4,2530,Fibroblast,Macrophage,THY1,ITGAX,CommuSpace_HS_07427,0.0029300169553607
124,1,4,4,1359,Macrophage,Macrophage,GNAI2,C5AR1,CommuSpace_HS_03953,0.0051916833035647
124,2,3,8,583,Fibroblast,T cell,COL4A1,CD44,CommuSpace_HS_01729,0.0048420159146189
124,3,3,8,2670,Fibroblast,T cell,VEGFA,CD44,CommuSpace_HS_07694,0.004651503637433
124,4,3,8,2541,Fibroblast,T cell,TIMP2,CD44,CommuSpace_HS_07444,0.0043154377490282
124,5,3,4,351,Fibroblast,Macrophage,CCL2,CCR1,CommuSpace_HS_00946,0.0037802888546139
124,6,3,4,2311,Fibroblast,Macrophage,SERPINE1,PLAUR,CommuSpace_HS_06869,0.0035899234935641
124,7,3,4,2670,Fibroblast,Macrophage,VEGFA,CD44,CommuSpace_HS_07694,0.0031219886150211
124,8,4,4,351,Macrophage,Macrophage,CCL2,CCR1,CommuSpace_HS_00946,0.0030591643881052
124,9,1,8,583,Endothelial,T cell,COL4A1,CD44,CommuSpace_HS_01729,0.0030381362885236
124,10,3,4,2530,Fibroblast,Macrophage,THY1,ITGAX,CommuSpace_HS_07427,0.0029300169553607
125,1,4,4,1359,Macrophage,Macrophage,GNAI2,C5AR1,CommuSpace_HS_03953,0.0051916833035647
125,2,3,8,583,Fibroblast,T cell,COL4A1,CD44,CommuSpace_HS_01729,0.0048420159146189
125,3,3,8,2670,Fibroblast,T cell,VEGFA,CD44,CommuSpace_HS_07694,0.004651503637433
125,4,3,8,2541,Fibroblast,T cell,TIMP2,CD44,CommuSpace_HS_07444,0.0043154377490282
125,5,3,4,351,Fibroblast,Macrophage,CCL2,CCR1,CommuSpace_HS_00946,0.0037802888546139
125,6,3,4,2311,Fibroblast,Macrophage,SERPINE1,PLAUR,CommuSpace_HS_06869,0.0035899234935641
125,7,3,4,2670,Fibroblast,Macrophage,VEGFA,CD44,CommuSpace_HS_07694,0.0031219886150211
125,8,4,4,351,Macrophage,Macrophage,CCL2,CCR1,CommuSpace_HS_00946,0.0030591643881052
125,9,1,8,583,Endothelial,T cell,COL4A1,CD44,CommuSpace_HS_01729,0.0030381362885236
125,10,3,4,2530,Fibroblast,Macrophage,THY1,ITGAX,CommuSpace_HS_07427,0.0029300169553607
126,1,4,4,1359,Macrophage,Macrophage,GNAI2,C5AR1,CommuSpace_HS_03953,0.0051916833035647
126,2,3,8,583,Fibroblast,T cell,COL4A1,CD44,CommuSpace_HS_01729,0.0048420159146189
126,3,3,8,2670,Fibroblast,T cell,VEGFA,CD44,CommuSpace_HS_07694,0.004651503637433
126,4,3,8,2541,Fibroblast,T cell,TIMP2,CD44,CommuSpace_HS_07444,0.0043154377490282
126,5,3,4,351,Fibroblast,Macrophage,CCL2,CCR1,CommuSpace_HS_00946,0.0037802886217832
126,6,3,4,2311,Fibroblast,Macrophage,SERPINE1,PLAUR,CommuSpace_HS_06869,0.0035899232607334
126,7,3,4,2670,Fibroblast,Macrophage,VEGFA,CD44,CommuSpace_HS_07694,0.0031219886150211
126,8,4,4,351,Macrophage,Macrophage,CCL2,CCR1,CommuSpace_HS_00946,0.0030591643881052
126,9,1,8,583,Endothelial,T cell,COL4A1,CD44,CommuSpace_HS_01729,0.0030381362885236
126,10,3,4,2530,Fibroblast,Macrophage,THY1,ITGAX,CommuSpace_HS_07427,0.0029300169553607
127,1,4,4,1359,Macrophage,Macrophage,GNAI2,C5AR1,CommuSpace_HS_03953,0.0051916833035647
127,2,3,8,583,Fibroblast,T cell,COL4A1,CD44,CommuSpace_HS_01729,0.0048420159146189
127,3,3,8,2670,Fibroblast,T cell,VEGFA,CD44,CommuSpace_HS_07694,0.004651503637433
127,4,3,8,2541,Fibroblast,T cell,TIMP2,CD44,CommuSpace_HS_07444,0.0043154377490282
127,5,3,4,351,Fibroblast,Macrophage,CCL2,CCR1,CommuSpace_HS_00946,0.0037802886217832
127,6,3,4,2311,Fibroblast,Macrophage,SERPINE1,PLAUR,CommuSpace_HS_06869,0.0035899232607334
127,7,3,4,2670,Fibroblast,Macrophage,VEGFA,CD44,CommuSpace_HS_07694,0.0031219886150211
127,8,4,4,351,Macrophage,Macrophage,CCL2,CCR1,CommuSpace_HS_00946,0.0030591643881052
127,9,1,8,583,Endothelial,T cell,COL4A1,CD44,CommuSpace_HS_01729,0.0030381362885236
127,10,3,4,2530,Fibroblast,Macrophage,THY1,ITGAX,CommuSpace_HS_07427,0.0029300169553607
128,1,4,4,1359,Macrophage,Macrophage,GNAI2,C5AR1,CommuSpace_HS_03953,0.0051916833035647
128,2,3,8,583,Fibroblast,T cell,COL4A1,CD44,CommuSpace_HS_01729,0.0048420159146189
128,3,3,8,2670,Fibroblast,T cell,VEGFA,CD44,CommuSpace_HS_07694,0.004651503637433
128,4,3,8,2541,Fibroblast,T cell,TIMP2,CD44,CommuSpace_HS_07444,0.0043154377490282
128,5,3,4,351,Fibroblast,Macrophage,CCL2,CCR1,CommuSpace_HS_00946,0.0037802886217832
128,6,3,4,2311,Fibroblast,Macrophage,SERPINE1,PLAUR,CommuSpace_HS_06869,0.0035899232607334
128,7,3,4,2670,Fibroblast,Macrophage,VEGFA,CD44,CommuSpace_HS_07694,0.0031219886150211
128,8,4,4,351,Macrophage,Macrophage,CCL2,CCR1,CommuSpace_HS_00946,0.0030591643881052
128,9,1,8,583,Endothelial,T cell,COL4A1,CD44,CommuSpace_HS_01729,0.0030381362885236
128,10,3,4,2530,Fibroblast,Macrophage,THY1,ITGAX,CommuSpace_HS_07427,0.0029300169553607
129,1,4,4,1359,Macrophage,Macrophage,GNAI2,C5AR1,CommuSpace_HS_03953,0.0051916833035647
129,2,3,8,583,Fibroblast,T cell,COL4A1,CD44,CommuSpace_HS_01729,0.0048420159146189
129,3,3,8,2670,Fibroblast,T cell,VEGFA,CD44,CommuSpace_HS_07694,0.004651503637433
129,4,3,8,2541,Fibroblast,T cell,TIMP2,CD44,CommuSpace_HS_07444,0.0043154377490282
129,5,3,4,351,Fibroblast,Macrophage,CCL2,CCR1,CommuSpace_HS_00946,0.0037802886217832
129,6,3,4,2311,Fibroblast,Macrophage,SERPINE1,PLAUR,CommuSpace_HS_06869,0.0035899232607334
129,7,3,4,2670,Fibroblast,Macrophage,VEGFA,CD44,CommuSpace_HS_07694,0.0031219886150211
129,8,4,4,351,Macrophage,Macrophage,CCL2,CCR1,CommuSpace_HS_00946,0.0030591643881052
129,9,1,8,583,Endothelial,T cell,COL4A1,CD44,CommuSpace_HS_01729,0.0030381362885236
129,10,3,4,2530,Fibroblast,Macrophage,THY1,ITGAX,CommuSpace_HS_07427,0.0029300169553607
130,1,4,4,1359,Macrophage,Macrophage,GNAI2,C5AR1,CommuSpace_HS_03953,0.0051916833035647
130,2,3,8,583,Fibroblast,T cell,COL4A1,CD44,CommuSpace_HS_01729,0.0048420159146189
130,3,3,8,2670,Fibroblast,T cell,VEGFA,CD44,CommuSpace_HS_07694,0.004651503637433
130,4,3,8,2541,Fibroblast,T cell,TIMP2,CD44,CommuSpace_HS_07444,0.0043154377490282
130,5,3,4,351,Fibroblast,Macrophage,CCL2,CCR1,CommuSpace_HS_00946,0.0037802886217832
130,6,3,4,2311,Fibroblast,Macrophage,SERPINE1,PLAUR,CommuSpace_HS_06869,0.0035899232607334
130,7,3,4,2670,Fibroblast,Macrophage,VEGFA,CD44,CommuSpace_HS_07694,0.0031219886150211
130,8,4,4,351,Macrophage,Macrophage,CCL2,CCR1,CommuSpace_HS_00946,0.0030591643881052
130,9,1,8,583,Endothelial,T cell,COL4A1,CD44,CommuSpace_HS_01729,0.0030381362885236
130,10,3,4,2530,Fibroblast,Macrophage,THY1,ITGAX,CommuSpace_HS_07427,0.0029300169553607
131,1,4,4,1359,Macrophage,Macrophage,GNAI2,C5AR1,CommuSpace_HS_03953,0.0051916833035647
131,2,3,8,583,Fibroblast,T cell,COL4A1,CD44,CommuSpace_HS_01729,0.0048420159146189
131,3,3,8,2670,Fibroblast,T cell,VEGFA,CD44,CommuSpace_HS_07694,0.004651503637433
131,4,3,8,2541,Fibroblast,T cell,TIMP2,CD44,CommuSpace_HS_07444,0.0043154377490282
131,5,3,4,351,Fibroblast,Macrophage,CCL2,CCR1,CommuSpace_HS_00946,0.0037802883889526
131,6,3,4,2311,Fibroblast,Macrophage,SERPINE1,PLAUR,CommuSpace_HS_06869,0.0035899230279028
131,7,3,4,2670,Fibroblast,Macrophage,VEGFA,CD44,CommuSpace_HS_07694,0.0031219886150211
131,8,4,4,351,Macrophage,Macrophage,CCL2,CCR1,CommuSpace_HS_00946,0.0030591643881052
131,9,1,8,583,Endothelial,T cell,COL4A1,CD44,CommuSpace_HS_01729,0.0030381362885236
131,10,3,4,2530,Fibroblast,Macrophage,THY1,ITGAX,CommuSpace_HS_07427,0.0029300169553607
132,1,4,4,1359,Macrophage,Macrophage,GNAI2,C5AR1,CommuSpace_HS_03953,0.0051916833035647
132,2,3,8,583,Fibroblast,T cell,COL4A1,CD44,CommuSpace_HS_01729,0.0048420159146189
132,3,3,8,2670,Fibroblast,T cell,VEGFA,CD44,CommuSpace_HS_07694,0.004651503637433
132,4,3,8,2541,Fibroblast,T cell,TIMP2,CD44,CommuSpace_HS_07444,0.0043154377490282
132,5,3,4,351,Fibroblast,Macrophage,CCL2,CCR1,CommuSpace_HS_00946,0.0037802883889526
132,6,3,4,2311,Fibroblast,Macrophage,SERPINE1,PLAUR,CommuSpace_HS_06869,0.0035899230279028
132,7,3,4,2670,Fibroblast,Macrophage,VEGFA,CD44,CommuSpace_HS_07694,0.0031219886150211
132,8,4,4,351,Macrophage,Macrophage,CCL2,CCR1,CommuSpace_HS_00946,0.0030591643881052
132,9,1,8,583,Endothelial,T cell,COL4A1,CD44,CommuSpace_HS_01729,0.0030381362885236
132,10,3,4,2530,Fibroblast,Macrophage,THY1,ITGAX,CommuSpace_HS_07427,0.0029300169553607
133,1,3,8,2547,Fibroblast,T cell,TIMP3,CD44,CommuSpace_HS_07452,0.073149636387825
133,2,3,8,2670,Fibroblast,T cell,VEGFA,CD44,CommuSpace_HS_07694,0.0061882124282419
133,3,3,8,2541,Fibroblast,T cell,TIMP2,CD44,CommuSpace_HS_07444,0.0059982095845043
133,4,3,8,583,Fibroblast,T cell,COL4A1,CD44,CommuSpace_HS_01729,0.0059385648928582
133,5,4,4,1359,Macrophage,Macrophage,GNAI2,C5AR1,CommuSpace_HS_03953,0.0047533037140965
133,6,3,4,2311,Fibroblast,Macrophage,SERPINE1,PLAUR,CommuSpace_HS_06869,0.0035587509628385
133,7,3,4,351,Fibroblast,Macrophage,CCL2,CCR1,CommuSpace_HS_00946,0.0034727568272501
133,8,3,4,2670,Fibroblast,Macrophage,VEGFA,CD44,CommuSpace_HS_07694,0.0028865672647953
133,9,4,4,351,Macrophage,Macrophage,CCL2,CCR1,CommuSpace_HS_00946,0.0028051084373146
133,10,1,8,583,Endothelial,T cell,COL4A1,CD44,CommuSpace_HS_01729,0.0028020106256008
134,1,4,4,1359,Macrophage,Macrophage,GNAI2,C5AR1,CommuSpace_HS_03953,0.0051916833035647
134,2,3,8,583,Fibroblast,T cell,COL4A1,CD44,CommuSpace_HS_01729,0.0048420159146189
134,3,3,8,2670,Fibroblast,T cell,VEGFA,CD44,CommuSpace_HS_07694,0.004651503637433
134,4,3,8,2541,Fibroblast,T cell,TIMP2,CD44,CommuSpace_HS_07444,0.0043154377490282
134,5,3,4,351,Fibroblast,Macrophage,CCL2,CCR1,CommuSpace_HS_00946,0.0037802881561219
134,6,3,4,2311,Fibroblast,Macrophage,SERPINE1,PLAUR,CommuSpace_HS_06869,0.0035899227950721
134,7,3,4,2670,Fibroblast,Macrophage,VEGFA,CD44,CommuSpace_HS_07694,0.0031219886150211
134,8,4,4,351,Macrophage,Macrophage,CCL2,CCR1,CommuSpace_HS_00946,0.0030591643881052
134,9,1,8,583,Endothelial,T cell,COL4A1,CD44,CommuSpace_HS_01729,0.0030381362885236
134,10,3,4,2530,Fibroblast,Macrophage,THY1,ITGAX,CommuSpace_HS_07427,0.0029300169553607
135,1,4,4,1359,Macrophage,Macrophage,GNAI2,C5AR1,CommuSpace_HS_03953,0.0051916833035647
135,2,3,8,583,Fibroblast,T cell,COL4A1,CD44,CommuSpace_HS_01729,0.0048420159146189
135,3,3,8,2670,Fibroblast,T cell,VEGFA,CD44,CommuSpace_HS_07694,0.004651503637433
135,4,3,8,2541,Fibroblast,T cell,TIMP2,CD44,CommuSpace_HS_07444,0.0043154377490282
135,5,3,4,351,Fibroblast,Macrophage,CCL2,CCR1,CommuSpace_HS_00946,0.0037802879232913
135,6,3,4,2311,Fibroblast,Macrophage,SERPINE1,PLAUR,CommuSpace_HS_06869,0.0035899225622415
135,7,3,4,2670,Fibroblast,Macrophage,VEGFA,CD44,CommuSpace_HS_07694,0.0031219886150211
135,8,4,4,351,Macrophage,Macrophage,CCL2,CCR1,CommuSpace_HS_00946,0.0030591643881052
135,9,1,8,583,Endothelial,T cell,COL4A1,CD44,CommuSpace_HS_01729,0.0030381362885236
135,10,3,4,2530,Fibroblast,Macrophage,THY1,ITGAX,CommuSpace_HS_07427,0.0029300171881914
136,1,4,4,1359,Macrophage,Macrophage,GNAI2,C5AR1,CommuSpace_HS_03953,0.0051916833035647
136,2,3,8,583,Fibroblast,T cell,COL4A1,CD44,CommuSpace_HS_01729,0.0048420159146189
136,3,3,8,2670,Fibroblast,T cell,VEGFA,CD44,CommuSpace_HS_07694,0.004651503637433
136,4,3,8,2541,Fibroblast,T cell,TIMP2,CD44,CommuSpace_HS_07444,0.0043154377490282
136,5,3,4,351,Fibroblast,Macrophage,CCL2,CCR1,CommuSpace_HS_00946,0.0037802876904606
136,6,3,4,2311,Fibroblast,Macrophage,SERPINE1,PLAUR,CommuSpace_HS_06869,0.0035899223294109
136,7,3,4,2670,Fibroblast,Macrophage,VEGFA,CD44,CommuSpace_HS_07694,0.0031219886150211
136,8,4,4,351,Macrophage,Macrophage,CCL2,CCR1,CommuSpace_HS_00946,0.0030591643881052
136,9,1,8,583,Endothelial,T cell,COL4A1,CD44,CommuSpace_HS_01729,0.0030381362885236
136,10,3,4,2530,Fibroblast,Macrophage,THY1,ITGAX,CommuSpace_HS_07427,0.0029300171881914
137,1,4,4,1359,Macrophage,Macrophage,GNAI2,C5AR1,CommuSpace_HS_03953,0.0051916833035647
137,2,3,8,583,Fibroblast,T cell,COL4A1,CD44,CommuSpace_HS_01729,0.0048420159146189
137,3,3,8,2670,Fibroblast,T cell,VEGFA,CD44,CommuSpace_HS_07694,0.004651503637433
137,4,3,8,2541,Fibroblast,T cell,TIMP2,CD44,CommuSpace_HS_07444,0.0043154377490282
137,5,3,4,351,Fibroblast,Macrophage,CCL2,CCR1,CommuSpace_HS_00946,0.0037802876904606
137,6,3,4,2311,Fibroblast,Macrophage,SERPINE1,PLAUR,CommuSpace_HS_06869,0.0035899223294109
137,7,3,4,2670,Fibroblast,Macrophage,VEGFA,CD44,CommuSpace_HS_07694,0.0031219886150211
137,8,4,4,351,Macrophage,Macrophage,CCL2,CCR1,CommuSpace_HS_00946,0.0030591643881052
137,9,1,8,583,Endothelial,T cell,COL4A1,CD44,CommuSpace_HS_01729,0.0030381362885236
137,10,3,4,2530,Fibroblast,Macrophage,THY1,ITGAX,CommuSpace_HS_07427,0.0029300171881914
138,1,4,4,1359,Macrophage,Macrophage,GNAI2,C5AR1,CommuSpace_HS_03953,0.0051916833035647
138,2,3,8,583,Fibroblast,T cell,COL4A1,CD44,CommuSpace_HS_01729,0.0048420159146189
138,3,3,8,2670,Fibroblast,T cell,VEGFA,CD44,CommuSpace_HS_07694,0.004651503637433
138,4,3,8,2541,Fibroblast,T cell,TIMP2,CD44,CommuSpace_HS_07444,0.0043154377490282
138,5,3,4,351,Fibroblast,Macrophage,CCL2,CCR1,CommuSpace_HS_00946,0.0037802876904606
138,6,3,4,2311,Fibroblast,Macrophage,SERPINE1,PLAUR,CommuSpace_HS_06869,0.0035899223294109
138,7,3,4,2670,Fibroblast,Macrophage,VEGFA,CD44,CommuSpace_HS_07694,0.0031219886150211
138,8,4,4,351,Macrophage,Macrophage,CCL2,CCR1,CommuSpace_HS_00946,0.0030591643881052
138,9,1,8,583,Endothelial,T cell,COL4A1,CD44,CommuSpace_HS_01729,0.0030381362885236
138,10,3,4,2530,Fibroblast,Macrophage,THY1,ITGAX,CommuSpace_HS_07427,0.0029300171881914
139,1,4,4,1359,Macrophage,Macrophage,GNAI2,C5AR1,CommuSpace_HS_03953,0.0051916833035647
139,2,3,8,583,Fibroblast,T cell,COL4A1,CD44,CommuSpace_HS_01729,0.0048420159146189
139,3,3,8,2670,Fibroblast,T cell,VEGFA,CD44,CommuSpace_HS_07694,0.004651503637433
139,4,3,8,2541,Fibroblast,T cell,TIMP2,CD44,CommuSpace_HS_07444,0.0043154377490282
139,5,3,4,351,Fibroblast,Macrophage,CCL2,CCR1,CommuSpace_HS_00946,0.0037802876904606
139,6,3,4,2311,Fibroblast,Macrophage,SERPINE1,PLAUR,CommuSpace_HS_06869,0.0035899220965802
139,7,3,4,2670,Fibroblast,Macrophage,VEGFA,CD44,CommuSpace_HS_07694,0.0031219886150211
139,8,4,4,351,Macrophage,Macrophage,CCL2,CCR1,CommuSpace_HS_00946,0.0030591643881052
139,9,1,8,583,Endothelial,T cell,COL4A1,CD44,CommuSpace_HS_01729,0.0030381362885236
139,10,3,4,2530,Fibroblast,Macrophage,THY1,ITGAX,CommuSpace_HS_07427,0.0029300171881914
140,1,4,4,1359,Macrophage,Macrophage,GNAI2,C5AR1,CommuSpace_HS_03953,0.0051880073733627
140,2,3,8,583,Fibroblast,T cell,COL4A1,CD44,CommuSpace_HS_01729,0.0048390682786703
140,3,3,8,2670,Fibroblast,T cell,VEGFA,CD44,CommuSpace_HS_07694,0.0046486519277095
140,4,3,8,2541,Fibroblast,T cell,TIMP2,CD44,CommuSpace_HS_07444,0.004312687087804
140,5,3,4,351,Fibroblast,Macrophage,CCL2,CCR1,CommuSpace_HS_00946,0.0035527802538126
140,6,3,4,2311,Fibroblast,Macrophage,SERPINE1,PLAUR,CommuSpace_HS_06869,0.0033521144650876
140,7,3,4,2670,Fibroblast,Macrophage,VEGFA,CD44,CommuSpace_HS_07694,0.0031198954675346
140,8,4,4,351,Macrophage,Macrophage,CCL2,CCR1,CommuSpace_HS_00946,0.0030520868021994
140,9,3,4,2530,Fibroblast,Macrophage,THY1,ITGAX,CommuSpace_HS_07427,0.002912352560088
140,10,3,4,2541,Fibroblast,Macrophage,TIMP2,CD44,CommuSpace_HS_07444,0.0028731380589306
141,1,4,4,1359,Macrophage,Macrophage,GNAI2,C5AR1,CommuSpace_HS_03953,0.0051916833035647
141,2,3,8,583,Fibroblast,T cell,COL4A1,CD44,CommuSpace_HS_01729,0.0048420159146189
141,3,3,8,2670,Fibroblast,T cell,VEGFA,CD44,CommuSpace_HS_07694,0.004651503637433
141,4,3,8,2541,Fibroblast,T cell,TIMP2,CD44,CommuSpace_HS_07444,0.0043154377490282
141,5,3,4,351,Fibroblast,Macrophage,CCL2,CCR1,CommuSpace_HS_00946,0.0037802872247993
141,6,3,4,2311,Fibroblast,Macrophage,SERPINE1,PLAUR,CommuSpace_HS_06869,0.0035899218637496
141,7,3,4,2670,Fibroblast,Macrophage,VEGFA,CD44,CommuSpace_HS_07694,0.0031219886150211
141,8,4,4,351,Macrophage,Macrophage,CCL2,CCR1,CommuSpace_HS_00946,0.0030591643881052
141,9,1,8,583,Endothelial,T cell,COL4A1,CD44,CommuSpace_HS_01729,0.0030381362885236
141,10,3,4,2530,Fibroblast,Macrophage,THY1,ITGAX,CommuSpace_HS_07427,0.0029300171881914
142,1,4,4,1359,Macrophage,Macrophage,GNAI2,C5AR1,CommuSpace_HS_03953,0.0051916833035647
142,2,3,8,583,Fibroblast,T cell,COL4A1,CD44,CommuSpace_HS_01729,0.0048420159146189
142,3,3,8,2670,Fibroblast,T cell,VEGFA,CD44,CommuSpace_HS_07694,0.004651503637433
142,4,3,8,2541,Fibroblast,T cell,TIMP2,CD44,CommuSpace_HS_07444,0.0043154377490282
142,5,3,4,351,Fibroblast,Macrophage,CCL2,CCR1,CommuSpace_HS_00946,0.0037802872247993
142,6,3,4,2311,Fibroblast,Macrophage,SERPINE1,PLAUR,CommuSpace_HS_06869,0.0035899218637496
142,7,3,4,2670,Fibroblast,Macrophage,VEGFA,CD44,CommuSpace_HS_07694,0.0031219886150211
142,8,4,4,351,Macrophage,Macrophage,CCL2,CCR1,CommuSpace_HS_00946,0.0030591643881052
142,9,1,8,583,Endothelial,T cell,COL4A1,CD44,CommuSpace_HS_01729,0.0030381362885236
142,10,3,4,2530,Fibroblast,Macrophage,THY1,ITGAX,CommuSpace_HS_07427,0.0029300171881914
143,1,4,4,1359,Macrophage,Macrophage,GNAI2,C5AR1,CommuSpace_HS_03953,0.0051916833035647
143,2,3,8,583,Fibroblast,T cell,COL4A1,CD44,CommuSpace_HS_01729,0.0048420159146189
143,3,3,8,2670,Fibroblast,T cell,VEGFA,CD44,CommuSpace_HS_07694,0.004651503637433
143,4,3,8,2541,Fibroblast,T cell,TIMP2,CD44,CommuSpace_HS_07444,0.0043154377490282
143,5,3,4,351,Fibroblast,Macrophage,CCL2,CCR1,CommuSpace_HS_00946,0.0037802872247993
143,6,3,4,2311,Fibroblast,Macrophage,SERPINE1,PLAUR,CommuSpace_HS_06869,0.0035899218637496
143,7,3,4,2670,Fibroblast,Macrophage,VEGFA,CD44,CommuSpace_HS_07694,0.0031219886150211
143,8,4,4,351,Macrophage,Macrophage,CCL2,CCR1,CommuSpace_HS_00946,0.0030591643881052
143,9,1,8,583,Endothelial,T cell,COL4A1,CD44,CommuSpace_HS_01729,0.0030381362885236
143,10,3,4,2530,Fibroblast,Macrophage,THY1,ITGAX,CommuSpace_HS_07427,0.0029300171881914
144,1,1,1,131,Endothelial,Endothelial,APP,FLT1,CommuSpace_HS_00391,0.0422890484333038
144,2,1,1,585,Endothelial,Endothelial,COL4A1,CD93,CommuSpace_HS_01731,0.0334373451769351
144,3,1,1,593,Endothelial,Endothelial,COL4A2,CD93,CommuSpace_HS_01751,0.0166121255606412
144,4,4,4,1359,Macrophage,Macrophage,GNAI2,C5AR1,CommuSpace_HS_03953,0.0045705400407314
144,5,3,8,583,Fibroblast,T cell,COL4A1,CD44,CommuSpace_HS_01729,0.004261284135282
144,6,3,8,2670,Fibroblast,T cell,VEGFA,CD44,CommuSpace_HS_07694,0.0040887403301894
144,7,3,8,2541,Fibroblast,T cell,TIMP2,CD44,CommuSpace_HS_07444,0.0038022121880203
144,8,1,1,890,Endothelial,Endothelial,ENG,BMPR2,CommuSpace_HS_02648,0.0034466648939996
144,9,3,4,351,Fibroblast,Macrophage,CCL2,CCR1,CommuSpace_HS_00946,0.0032726291101425
144,10,3,4,2311,Fibroblast,Macrophage,SERPINE1,PLAUR,CommuSpace_HS_06869,0.0031163319945335
145,1,4,4,1359,Macrophage,Macrophage,GNAI2,C5AR1,CommuSpace_HS_03953,0.0051916833035647
145,2,3,8,583,Fibroblast,T cell,COL4A1,CD44,CommuSpace_HS_01729,0.0048420159146189
145,3,3,8,2670,Fibroblast,T cell,VEGFA,CD44,CommuSpace_HS_07694,0.004651503637433
145,4,3,8,2541,Fibroblast,T cell,TIMP2,CD44,CommuSpace_HS_07444,0.0043154377490282
145,5,3,4,351,Fibroblast,Macrophage,CCL2,CCR1,CommuSpace_HS_00946,0.0037802869919687
145,6,3,4,2311,Fibroblast,Macrophage,SERPINE1,PLAUR,CommuSpace_HS_06869,0.0035899216309189
145,7,3,4,2670,Fibroblast,Macrophage,VEGFA,CD44,CommuSpace_HS_07694,0.0031219886150211
145,8,4,4,351,Macrophage,Macrophage,CCL2,CCR1,CommuSpace_HS_00946,0.0030591643881052
145,9,1,8,583,Endothelial,T cell,COL4A1,CD44,CommuSpace_HS_01729,0.0030381362885236
145,10,3,4,2530,Fibroblast,Macrophage,THY1,ITGAX,CommuSpace_HS_07427,0.0029300171881914
146,1,4,4,1359,Macrophage,Macrophage,GNAI2,C5AR1,CommuSpace_HS_03953,0.0051916833035647
146,2,3,8,583,Fibroblast,T cell,COL4A1,CD44,CommuSpace_HS_01729,0.0048420159146189
146,3,3,8,2670,Fibroblast,T cell,VEGFA,CD44,CommuSpace_HS_07694,0.004651503637433
146,4,3,8,2541,Fibroblast,T cell,TIMP2,CD44,CommuSpace_HS_07444,0.0043154377490282
146,5,3,4,351,Fibroblast,Macrophage,CCL2,CCR1,CommuSpace_HS_00946,0.0037802869919687
146,6,3,4,2311,Fibroblast,Macrophage,SERPINE1,PLAUR,CommuSpace_HS_06869,0.0035899216309189
146,7,3,4,2670,Fibroblast,Macrophage,VEGFA,CD44,CommuSpace_HS_07694,0.0031219886150211
146,8,4,4,351,Macrophage,Macrophage,CCL2,CCR1,CommuSpace_HS_00946,0.0030591643881052
146,9,1,8,583,Endothelial,T cell,COL4A1,CD44,CommuSpace_HS_01729,0.0030381362885236
146,10,3,4,2530,Fibroblast,Macrophage,THY1,ITGAX,CommuSpace_HS_07427,0.0029300171881914
147,1,3,8,2547,Fibroblast,T cell,TIMP3,CD44,CommuSpace_HS_07452,0.0889381244778633
147,2,3,8,2670,Fibroblast,T cell,VEGFA,CD44,CommuSpace_HS_07694,0.0065281242132186
147,3,3,8,2541,Fibroblast,T cell,TIMP2,CD44,CommuSpace_HS_07444,0.00637042010203
147,4,3,8,583,Fibroblast,T cell,COL4A1,CD44,CommuSpace_HS_01729,0.0061811120249331
147,5,4,4,1359,Macrophage,Macrophage,GNAI2,C5AR1,CommuSpace_HS_03953,0.0046564545482397
147,6,3,4,2311,Fibroblast,Macrophage,SERPINE1,PLAUR,CommuSpace_HS_06869,0.0035602692514657
147,7,3,4,351,Fibroblast,Macrophage,CCL2,CCR1,CommuSpace_HS_00946,0.0034128271508961
147,8,3,4,2670,Fibroblast,Macrophage,VEGFA,CD44,CommuSpace_HS_07694,0.0028345063328742
147,9,4,4,351,Macrophage,Macrophage,CCL2,CCR1,CommuSpace_HS_00946,0.0027491499204188
147,10,1,8,583,Endothelial,T cell,COL4A1,CD44,CommuSpace_HS_01729,0.0027422101702541
148,1,4,4,1359,Macrophage,Macrophage,GNAI2,C5AR1,CommuSpace_HS_03953,0.0051916833035647
148,2,3,8,583,Fibroblast,T cell,COL4A1,CD44,CommuSpace_HS_01729,0.0048420159146189
148,3,3,8,2670,Fibroblast,T cell,VEGFA,CD44,CommuSpace_HS_07694,0.004651503637433
148,4,3,8,2541,Fibroblast,T cell,TIMP2,CD44,CommuSpace_HS_07444,0.0043154377490282
148,5,3,4,351,Fibroblast,Macrophage,CCL2,CCR1,CommuSpace_HS_00946,0.0037802867591381
148,6,3,4,2311,Fibroblast,Macrophage,SERPINE1,PLAUR,CommuSpace_HS_06869,0.0035899213980883
148,7,3,4,2670,Fibroblast,Macrophage,VEGFA,CD44,CommuSpace_HS_07694,0.0031219886150211
148,8,4,4,351,Macrophage,Macrophage,CCL2,CCR1,CommuSpace_HS_00946,0.0030591643881052
148,9,1,8,583,Endothelial,T cell,COL4A1,CD44,CommuSpace_HS_01729,0.0030381362885236
148,10,3,4,2530,Fibroblast,Macrophage,THY1,ITGAX,CommuSpace_HS_07427,0.0029300171881914
149,1,4,4,1359,Macrophage,Macrophage,GNAI2,C5AR1,CommuSpace_HS_03953,0.0051916833035647
149,2,3,8,583,Fibroblast,T cell,COL4A1,CD44,CommuSpace_HS_01729,0.0048420159146189
149,3,3,8,2670,Fibroblast,T cell,VEGFA,CD44,CommuSpace_HS_07694,0.004651503637433
149,4,3,8,2541,Fibroblast,T cell,TIMP2,CD44,CommuSpace_HS_07444,0.0043154377490282
149,5,3,4,351,Fibroblast,Macrophage,CCL2,CCR1,CommuSpace_HS_00946,0.0037802867591381
149,6,3,4,2311,Fibroblast,Macrophage,SERPINE1,PLAUR,CommuSpace_HS_06869,0.0035899213980883
149,7,3,4,2670,Fibroblast,Macrophage,VEGFA,CD44,CommuSpace_HS_07694,0.0031219886150211
149,8,4,4,351,Macrophage,Macrophage,CCL2,CCR1,CommuSpace_HS_00946,0.0030591643881052
149,9,1,8,583,Endothelial,T cell,COL4A1,CD44,CommuSpace_HS_01729,0.0030381362885236
149,10,3,4,2530,Fibroblast,Macrophage,THY1,ITGAX,CommuSpace_HS_07427,0.0029300171881914
150,1,4,4,1359,Macrophage,Macrophage,GNAI2,C5AR1,CommuSpace_HS_03953,0.0051916833035647
150,2,3,8,583,Fibroblast,T cell,COL4A1,CD44,CommuSpace_HS_01729,0.0048420159146189
150,3,3,8,2670,Fibroblast,T cell,VEGFA,CD44,CommuSpace_HS_07694,0.004651503637433
150,4,3,8,2541,Fibroblast,T cell,TIMP2,CD44,CommuSpace_HS_07444,0.0043154377490282
150,5,3,4,351,Fibroblast,Macrophage,CCL2,CCR1,CommuSpace_HS_00946,0.0037802867591381
150,6,3,4,2311,Fibroblast,Macrophage,SERPINE1,PLAUR,CommuSpace_HS_06869,0.0035899213980883
150,7,3,4,2670,Fibroblast,Macrophage,VEGFA,CD44,CommuSpace_HS_07694,0.0031219886150211
150,8,4,4,351,Macrophage,Macrophage,CCL2,CCR1,CommuSpace_HS_00946,0.0030591643881052
150,9,1,8,583,Endothelial,T cell,COL4A1,CD44,CommuSpace_HS_01729,0.0030381362885236
150,10,3,4,2530,Fibroblast,Macrophage,THY1,ITGAX,CommuSpace_HS_07427,0.0029300171881914
151,1,4,4,1359,Macrophage,Macrophage,GNAI2,C5AR1,CommuSpace_HS_03953,0.0051916833035647
151,2,3,8,583,Fibroblast,T cell,COL4A1,CD44,CommuSpace_HS_01729,0.0048420159146189
151,3,3,8,2670,Fibroblast,T cell,VEGFA,CD44,CommuSpace_HS_07694,0.004651503637433
151,4,3,8,2541,Fibroblast,T cell,TIMP2,CD44,CommuSpace_HS_07444,0.0043154377490282
151,5,3,4,351,Fibroblast,Macrophage,CCL2,CCR1,CommuSpace_HS_00946,0.0037802867591381
151,6,3,4,2311,Fibroblast,Macrophage,SERPINE1,PLAUR,CommuSpace_HS_06869,0.0035899213980883
151,7,3,4,2670,Fibroblast,Macrophage,VEGFA,CD44,CommuSpace_HS_07694,0.0031219886150211
151,8,4,4,351,Macrophage,Macrophage,CCL2,CCR1,CommuSpace_HS_00946,0.0030591643881052
151,9,1,8,583,Endothelial,T cell,COL4A1,CD44,CommuSpace_HS_01729,0.0030381362885236
151,10,3,4,2530,Fibroblast,Macrophage,THY1,ITGAX,CommuSpace_HS_07427,0.0029300171881914
152,1,4,4,1359,Macrophage,Macrophage,GNAI2,C5AR1,CommuSpace_HS_03953,0.0051916833035647
152,2,3,8,583,Fibroblast,T cell,COL4A1,CD44,CommuSpace_HS_01729,0.0048420159146189
152,3,3,8,2670,Fibroblast,T cell,VEGFA,CD44,CommuSpace_HS_07694,0.004651503637433
152,4,3,8,2541,Fibroblast,T cell,TIMP2,CD44,CommuSpace_HS_07444,0.0043154377490282
152,5,3,4,351,Fibroblast,Macrophage,CCL2,CCR1,CommuSpace_HS_00946,0.0037802867591381
152,6,3,4,2311,Fibroblast,Macrophage,SERPINE1,PLAUR,CommuSpace_HS_06869,0.0035899213980883
152,7,3,4,2670,Fibroblast,Macrophage,VEGFA,CD44,CommuSpace_HS_07694,0.0031219886150211
152,8,4,4,351,Macrophage,Macrophage,CCL2,CCR1,CommuSpace_HS_00946,0.0030591643881052
152,9,1,8,583,Endothelial,T cell,COL4A1,CD44,CommuSpace_HS_01729,0.0030381362885236
152,10,3,4,2530,Fibroblast,Macrophage,THY1,ITGAX,CommuSpace_HS_07427,0.0029300171881914
153,1,4,4,1359,Macrophage,Macrophage,GNAI2,C5AR1,CommuSpace_HS_03953,0.0051916833035647
153,2,3,8,583,Fibroblast,T cell,COL4A1,CD44,CommuSpace_HS_01729,0.0048420159146189
153,3,3,8,2670,Fibroblast,T cell,VEGFA,CD44,CommuSpace_HS_07694,0.004651503637433
153,4,3,8,2541,Fibroblast,T cell,TIMP2,CD44,CommuSpace_HS_07444,0.0043154377490282
153,5,3,4,351,Fibroblast,Macrophage,CCL2,CCR1,CommuSpace_HS_00946,0.0037802867591381
153,6,3,4,2311,Fibroblast,Macrophage,SERPINE1,PLAUR,CommuSpace_HS_06869,0.0035899213980883
153,7,3,4,2670,Fibroblast,Macrophage,VEGFA,CD44,CommuSpace_HS_07694,0.0031219886150211
153,8,4,4,351,Macrophage,Macrophage,CCL2,CCR1,CommuSpace_HS_00946,0.0030591643881052
153,9,1,8,583,Endothelial,T cell,COL4A1,CD44,CommuSpace_HS_01729,0.0030381362885236
153,10,3,4,2530,Fibroblast,Macrophage,THY1,ITGAX,CommuSpace_HS_07427,0.0029300171881914
154,1,4,4,1359,Macrophage,Macrophage,GNAI2,C5AR1,CommuSpace_HS_03953,0.0051916833035647
154,2,3,8,583,Fibroblast,T cell,COL4A1,CD44,CommuSpace_HS_01729,0.0048420159146189
154,3,3,8,2670,Fibroblast,T cell,VEGFA,CD44,CommuSpace_HS_07694,0.004651503637433
154,4,3,8,2541,Fibroblast,T cell,TIMP2,CD44,CommuSpace_HS_07444,0.0043154377490282
154,5,3,4,351,Fibroblast,Macrophage,CCL2,CCR1,CommuSpace_HS_00946,0.0037802867591381
154,6,3,4,2311,Fibroblast,Macrophage,SERPINE1,PLAUR,CommuSpace_HS_06869,0.0035899211652576
154,7,3,4,2670,Fibroblast,Macrophage,VEGFA,CD44,CommuSpace_HS_07694,0.0031219886150211
154,8,4,4,351,Macrophage,Macrophage,CCL2,CCR1,CommuSpace_HS_00946,0.0030591643881052
154,9,1,8,583,Endothelial,T cell,COL4A1,CD44,CommuSpace_HS_01729,0.0030381362885236
154,10,3,4,2530,Fibroblast,Macrophage,THY1,ITGAX,CommuSpace_HS_07427,0.0029300171881914
155,1,4,4,1359,Macrophage,Macrophage,GNAI2,C5AR1,CommuSpace_HS_03953,0.0051916833035647
155,2,3,8,583,Fibroblast,T cell,COL4A1,CD44,CommuSpace_HS_01729,0.0048420159146189
155,3,3,8,2670,Fibroblast,T cell,VEGFA,CD44,CommuSpace_HS_07694,0.004651503637433
155,4,3,8,2541,Fibroblast,T cell,TIMP2,CD44,CommuSpace_HS_07444,0.0043154377490282
155,5,3,4,351,Fibroblast,Macrophage,CCL2,CCR1,CommuSpace_HS_00946,0.0037802867591381
155,6,3,4,2311,Fibroblast,Macrophage,SERPINE1,PLAUR,CommuSpace_HS_06869,0.0035899211652576
155,7,3,4,2670,Fibroblast,Macrophage,VEGFA,CD44,CommuSpace_HS_07694,0.0031219886150211
155,8,4,4,351,Macrophage,Macrophage,CCL2,CCR1,CommuSpace_HS_00946,0.0030591643881052
155,9,1,8,583,Endothelial,T cell,COL4A1,CD44,CommuSpace_HS_01729,0.0030381362885236
155,10,3,4,2530,Fibroblast,Macrophage,THY1,ITGAX,CommuSpace_HS_07427,0.0029300171881914
156,1,4,4,1359,Macrophage,Macrophage,GNAI2,C5AR1,CommuSpace_HS_03953,0.0051916833035647
156,2,3,8,583,Fibroblast,T cell,COL4A1,CD44,CommuSpace_HS_01729,0.0048420159146189
156,3,3,8,2670,Fibroblast,T cell,VEGFA,CD44,CommuSpace_HS_07694,0.004651503637433
156,4,3,8,2541,Fibroblast,T cell,TIMP2,CD44,CommuSpace_HS_07444,0.0043154377490282
156,5,3,4,351,Fibroblast,Macrophage,CCL2,CCR1,CommuSpace_HS_00946,0.0037802865263074
156,6,3,4,2311,Fibroblast,Macrophage,SERPINE1,PLAUR,CommuSpace_HS_06869,0.003589920932427
156,7,3,4,2670,Fibroblast,Macrophage,VEGFA,CD44,CommuSpace_HS_07694,0.0031219886150211
156,8,4,4,351,Macrophage,Macrophage,CCL2,CCR1,CommuSpace_HS_00946,0.0030591643881052
156,9,1,8,583,Endothelial,T cell,COL4A1,CD44,CommuSpace_HS_01729,0.0030381362885236
156,10,3,4,2530,Fibroblast,Macrophage,THY1,ITGAX,CommuSpace_HS_07427,0.0029300171881914
157,1,3,8,2547,Fibroblast,T cell,TIMP3,CD44,CommuSpace_HS_07452,0.1071093901991844
157,2,3,8,2670,Fibroblast,T cell,VEGFA,CD44,CommuSpace_HS_07694,0.0069192792288959
157,3,3,8,2541,Fibroblast,T cell,TIMP2,CD44,CommuSpace_HS_07444,0.0067987637594342
157,4,3,8,583,Fibroblast,T cell,COL4A1,CD44,CommuSpace_HS_01729,0.006460232194513
157,5,4,4,1359,Macrophage,Macrophage,GNAI2,C5AR1,CommuSpace_HS_03953,0.0045447521843016
157,6,3,4,2311,Fibroblast,Macrophage,SERPINE1,PLAUR,CommuSpace_HS_06869,0.0035439203493297
157,7,3,4,351,Fibroblast,Macrophage,CCL2,CCR1,CommuSpace_HS_00946,0.0033264530356973
157,8,3,4,2670,Fibroblast,Macrophage,VEGFA,CD44,CommuSpace_HS_07694,0.0027745699044317
157,9,1,8,583,Endothelial,T cell,COL4A1,CD44,CommuSpace_HS_01729,0.0026896772906184
157,10,4,4,351,Macrophage,Macrophage,CCL2,CCR1,CommuSpace_HS_00946,0.0026842455845326
158,1,4,4,1359,Macrophage,Macrophage,GNAI2,C5AR1,CommuSpace_HS_03953,0.0051916833035647
158,2,3,8,583,Fibroblast,T cell,COL4A1,CD44,CommuSpace_HS_01729,0.0048420159146189
158,3,3,8,2670,Fibroblast,T cell,VEGFA,CD44,CommuSpace_HS_07694,0.004651503637433
158,4,3,8,2541,Fibroblast,T cell,TIMP2,CD44,CommuSpace_HS_07444,0.0043154377490282
158,5,3,4,351,Fibroblast,Macrophage,CCL2,CCR1,CommuSpace_HS_00946,0.0037802865263074
158,6,3,4,2311,Fibroblast,Macrophage,SERPINE1,PLAUR,CommuSpace_HS_06869,0.003589920932427
158,7,3,4,2670,Fibroblast,Macrophage,VEGFA,CD44,CommuSpace_HS_07694,0.0031219886150211
158,8,4,4,351,Macrophage,Macrophage,CCL2,CCR1,CommuSpace_HS_00946,0.0030591643881052
158,9,1,8,583,Endothelial,T cell,COL4A1,CD44,CommuSpace_HS_01729,0.0030381362885236
158,10,3,4,2530,Fibroblast,Macrophage,THY1,ITGAX,CommuSpace_HS_07427,0.0029300171881914
159,1,4,8,2085,Macrophage,T cell,PKM,CD44,CommuSpace_HS_06177,0.069999411702156
159,2,4,4,2085,Macrophage,Macrophage,PKM,CD44,CommuSpace_HS_06177,0.0388821475207805
159,3,4,4,1359,Macrophage,Macrophage,GNAI2,C5AR1,CommuSpace_HS_03953,0.0048523559235036
159,4,3,8,583,Fibroblast,T cell,COL4A1,CD44,CommuSpace_HS_01729,0.0042231888510286
159,5,3,8,2670,Fibroblast,T cell,VEGFA,CD44,CommuSpace_HS_07694,0.0040549598634243
159,6,7,8,583,Pericyte,T cell,COL4A1,CD44,CommuSpace_HS_01729,0.0039578434079885
159,7,3,8,2541,Fibroblast,T cell,TIMP2,CD44,CommuSpace_HS_07444,0.0037713747005909
159,8,7,8,2547,Pericyte,T cell,TIMP3,CD44,CommuSpace_HS_07452,0.0034411486703902
159,9,3,4,351,Fibroblast,Macrophage,CCL2,CCR1,CommuSpace_HS_00946,0.0032933689653873
159,10,3,4,2311,Fibroblast,Macrophage,SERPINE1,PLAUR,CommuSpace_HS_06869,0.0031600424554198
160,1,4,8,2085,Macrophage,T cell,PKM,CD44,CommuSpace_HS_06177,0.0497235767543315
160,2,4,4,2085,Macrophage,Macrophage,PKM,CD44,CommuSpace_HS_06177,0.0279428418725729
160,3,4,4,1359,Macrophage,Macrophage,GNAI2,C5AR1,CommuSpace_HS_03953,0.004952972754836
160,4,3,8,583,Fibroblast,T cell,COL4A1,CD44,CommuSpace_HS_01729,0.004406682215631
160,5,3,8,2670,Fibroblast,T cell,VEGFA,CD44,CommuSpace_HS_07694,0.004231845960021
160,6,3,8,2541,Fibroblast,T cell,TIMP2,CD44,CommuSpace_HS_07444,0.0039326990954577
160,7,7,8,583,Pericyte,T cell,COL4A1,CD44,CommuSpace_HS_01729,0.0035364115610718
160,8,3,4,351,Fibroblast,Macrophage,CCL2,CCR1,CommuSpace_HS_00946,0.003437747946009
160,9,3,4,2311,Fibroblast,Macrophage,SERPINE1,PLAUR,CommuSpace_HS_06869,0.0032875088509172
160,10,7,8,2547,Pericyte,T cell,TIMP3,CD44,CommuSpace_HS_07452,0.0031630950979888
161,1,4,4,1359,Macrophage,Macrophage,GNAI2,C5AR1,CommuSpace_HS_03953,0.0051916833035647
161,2,3,8,583,Fibroblast,T cell,COL4A1,CD44,CommuSpace_HS_01729,0.0048420159146189
161,3,3,8,2670,Fibroblast,T cell,VEGFA,CD44,CommuSpace_HS_07694,0.004651503637433
161,4,3,8,2541,Fibroblast,T cell,TIMP2,CD44,CommuSpace_HS_07444,0.0043154377490282
161,5,3,4,351,Fibroblast,Macrophage,CCL2,CCR1,CommuSpace_HS_00946,0.0037802860606461
161,6,3,4,2311,Fibroblast,Macrophage,SERPINE1,PLAUR,CommuSpace_HS_06869,0.0035899206995964
161,7,3,4,2670,Fibroblast,Macrophage,VEGFA,CD44,CommuSpace_HS_07694,0.0031219886150211
161,8,4,4,351,Macrophage,Macrophage,CCL2,CCR1,CommuSpace_HS_00946,0.0030591643881052
161,9,1,8,583,Endothelial,T cell,COL4A1,CD44,CommuSpace_HS_01729,0.0030381362885236
161,10,3,4,2530,Fibroblast,Macrophage,THY1,ITGAX,CommuSpace_HS_07427,0.0029300171881914
162,1,4,4,1359,Macrophage,Macrophage,GNAI2,C5AR1,CommuSpace_HS_03953,0.0051916833035647
162,2,3,8,583,Fibroblast,T cell,COL4A1,CD44,CommuSpace_HS_01729,0.0048420159146189
162,3,3,8,2670,Fibroblast,T cell,VEGFA,CD44,CommuSpace_HS_07694,0.004651503637433
162,4,3,8,2541,Fibroblast,T cell,TIMP2,CD44,CommuSpace_HS_07444,0.0043154377490282
162,5,3,4,351,Fibroblast,Macrophage,CCL2,CCR1,CommuSpace_HS_00946,0.0037802860606461
162,6,3,4,2311,Fibroblast,Macrophage,SERPINE1,PLAUR,CommuSpace_HS_06869,0.0035899206995964
162,7,3,4,2670,Fibroblast,Macrophage,VEGFA,CD44,CommuSpace_HS_07694,0.0031219886150211
162,8,4,4,351,Macrophage,Macrophage,CCL2,CCR1,CommuSpace_HS_00946,0.0030591643881052
162,9,1,8,583,Endothelial,T cell,COL4A1,CD44,CommuSpace_HS_01729,0.0030381362885236
162,10,3,4,2530,Fibroblast,Macrophage,THY1,ITGAX,CommuSpace_HS_07427,0.0029300171881914
163,1,3,2,2548,Fibroblast,Epithelial,TIMP3,DDR1,CommuSpace_HS_07453,0.1054252386093139
163,2,3,2,2547,Fibroblast,Epithelial,TIMP3,CD44,CommuSpace_HS_07452,0.074431374669075
163,3,3,2,636,Fibroblast,Epithelial,COL5A1,DDR1,CommuSpace_HS_01861,0.0400470905005931
163,4,3,2,2510,Fibroblast,Epithelial,THBS1,SDC4,CommuSpace_HS_07386,0.0272592641413211
163,5,3,2,643,Fibroblast,Epithelial,COL5A2,DDR1,CommuSpace_HS_01876,0.0196845605969429
163,6,3,2,2498,Fibroblast,Epithelial,THBS1,CD47,CommuSpace_HS_07371,0.0183846075087785
163,7,3,2,406,Fibroblast,Epithelial,CCN1,SDC4,CommuSpace_HS_01084,0.0151888383552432
163,8,3,2,2144,Fibroblast,Epithelial,POSTN,ITGB5,CommuSpace_HS_06282,0.0099471397697925
163,9,2,2,2548,Epithelial,Epithelial,TIMP3,DDR1,CommuSpace_HS_07453,0.0095005584880709
163,10,3,2,784,Fibroblast,Epithelial,DCN,IGF1R,CommuSpace_HS_02341,0.0080517809838056
164,1,4,8,2085,Macrophage,T cell,PKM,CD44,CommuSpace_HS_06177,0.0617754980921745
164,2,4,4,2085,Macrophage,Macrophage,PKM,CD44,CommuSpace_HS_06177,0.0344451442360878
164,3,4,4,1359,Macrophage,Macrophage,GNAI2,C5AR1,CommuSpace_HS_03953,0.004893166013062
164,4,3,8,583,Fibroblast,T cell,COL4A1,CD44,CommuSpace_HS_01729,0.0042976140975952
164,5,3,8,2670,Fibroblast,T cell,VEGFA,CD44,CommuSpace_HS_07694,0.0041267052292823
164,6,3,8,2541,Fibroblast,T cell,TIMP2,CD44,CommuSpace_HS_07444,0.0038368077948689
164,7,7,8,583,Pericyte,T cell,COL4A1,CD44,CommuSpace_HS_01729,0.0037869096267968
164,8,3,4,351,Fibroblast,Macrophage,CCL2,CCR1,CommuSpace_HS_00946,0.0033519293647259
164,9,7,8,2547,Pericyte,T cell,TIMP3,CD44,CommuSpace_HS_07452,0.0033283694647252
164,10,3,4,2311,Fibroblast,Macrophage,SERPINE1,PLAUR,CommuSpace_HS_06869,0.0032117431983351
165,1,4,4,1359,Macrophage,Macrophage,GNAI2,C5AR1,CommuSpace_HS_03953,0.0051916833035647
165,2,3,8,583,Fibroblast,T cell,COL4A1,CD44,CommuSpace_HS_01729,0.0048420159146189
165,3,3,8,2670,Fibroblast,T cell,VEGFA,CD44,CommuSpace_HS_07694,0.004651503637433
165,4,3,8,2541,Fibroblast,T cell,TIMP2,CD44,CommuSpace_HS_07444,0.0043154377490282
165,5,3,4,351,Fibroblast,Macrophage,CCL2,CCR1,CommuSpace_HS_00946,0.0037802858278155
165,6,3,4,2311,Fibroblast,Macrophage,SERPINE1,PLAUR,CommuSpace_HS_06869,0.0035899204667657
165,7,3,4,2670,Fibroblast,Macrophage,VEGFA,CD44,CommuSpace_HS_07694,0.0031219886150211
165,8,4,4,351,Macrophage,Macrophage,CCL2,CCR1,CommuSpace_HS_00946,0.0030591643881052
165,9,1,8,583,Endothelial,T cell,COL4A1,CD44,CommuSpace_HS_01729,0.0030381362885236
165,10,3,4,2530,Fibroblast,Macrophage,THY1,ITGAX,CommuSpace_HS_07427,0.0029300171881914
166,1,4,8,2085,Macrophage,T cell,PKM,CD44,CommuSpace_HS_06177,0.0481270477175712
166,2,4,4,2085,Macrophage,Macrophage,PKM,CD44,CommuSpace_HS_06177,0.0270814690738916
166,3,4,4,1359,Macrophage,Macrophage,GNAI2,C5AR1,CommuSpace_HS_03953,0.004960895050317
166,4,3,8,583,Fibroblast,T cell,COL4A1,CD44,CommuSpace_HS_01729,0.0044211302883923
166,5,3,8,2670,Fibroblast,T cell,VEGFA,CD44,CommuSpace_HS_07694,0.0042457734234631
166,6,3,8,2541,Fibroblast,T cell,TIMP2,CD44,CommuSpace_HS_07444,0.0039454018697142
166,7,7,8,583,Pericyte,T cell,COL4A1,CD44,CommuSpace_HS_01729,0.0035032273735851
166,8,3,4,351,Fibroblast,Macrophage,CCL2,CCR1,CommuSpace_HS_00946,0.0034491159021854
166,9,3,4,2311,Fibroblast,Macrophage,SERPINE1,PLAUR,CommuSpace_HS_06869,0.0032975450158119
166,10,7,8,2547,Pericyte,T cell,TIMP3,CD44,CommuSpace_HS_07452,0.0031412004027515
167,1,4,4,1359,Macrophage,Macrophage,GNAI2,C5AR1,CommuSpace_HS_03953,0.0051916833035647
167,2,3,8,583,Fibroblast,T cell,COL4A1,CD44,CommuSpace_HS_01729,0.0048420159146189
167,3,3,8,2670,Fibroblast,T cell,VEGFA,CD44,CommuSpace_HS_07694,0.004651503637433
167,4,3,8,2541,Fibroblast,T cell,TIMP2,CD44,CommuSpace_HS_07444,0.0043154377490282
167,5,3,4,351,Fibroblast,Macrophage,CCL2,CCR1,CommuSpace_HS_00946,0.0037802858278155
167,6,3,4,2311,Fibroblast,Macrophage,SERPINE1,PLAUR,CommuSpace_HS_06869,0.0035899204667657
167,7,3,4,2670,Fibroblast,Macrophage,VEGFA,CD44,CommuSpace_HS_07694,0.0031219886150211
167,8,4,4,351,Macrophage,Macrophage,CCL2,CCR1,CommuSpace_HS_00946,0.0030591643881052
167,9,1,8,583,Endothelial,T cell,COL4A1,CD44,CommuSpace_HS_01729,0.0030381362885236
167,10,3,4,2530,Fibroblast,Macrophage,THY1,ITGAX,CommuSpace_HS_07427,0.0029300171881914
168,1,4,4,1359,Macrophage,Macrophage,GNAI2,C5AR1,CommuSpace_HS_03953,0.0051916833035647
168,2,3,8,583,Fibroblast,T cell,COL4A1,CD44,CommuSpace_HS_01729,0.0048420159146189
168,3,3,8,2670,Fibroblast,T cell,VEGFA,CD44,CommuSpace_HS_07694,0.004651503637433
168,4,3,8,2541,Fibroblast,T cell,TIMP2,CD44,CommuSpace_HS_07444,0.0043154377490282
168,5,3,4,351,Fibroblast,Macrophage,CCL2,CCR1,CommuSpace_HS_00946,0.0037802858278155
168,6,3,4,2311,Fibroblast,Macrophage,SERPINE1,PLAUR,CommuSpace_HS_06869,0.0035899204667657
168,7,3,4,2670,Fibroblast,Macrophage,VEGFA,CD44,CommuSpace_HS_07694,0.0031219886150211
168,8,4,4,351,Macrophage,Macrophage,CCL2,CCR1,CommuSpace_HS_00946,0.0030591643881052
168,9,1,8,583,Endothelial,T cell,COL4A1,CD44,CommuSpace_HS_01729,0.0030381362885236
168,10,3,4,2530,Fibroblast,Macrophage,THY1,ITGAX,CommuSpace_HS_07427,0.0029300171881914
169,1,4,4,1359,Macrophage,Macrophage,GNAI2,C5AR1,CommuSpace_HS_03953,0.0051916833035647
169,2,3,8,583,Fibroblast,T cell,COL4A1,CD44,CommuSpace_HS_01729,0.0048420159146189
169,3,3,8,2670,Fibroblast,T cell,VEGFA,CD44,CommuSpace_HS_07694,0.004651503637433
169,4,3,8,2541,Fibroblast,T cell,TIMP2,CD44,CommuSpace_HS_07444,0.0043154377490282
169,5,3,4,351,Fibroblast,Macrophage,CCL2,CCR1,CommuSpace_HS_00946,0.0037802858278155
169,6,3,4,2311,Fibroblast,Macrophage,SERPINE1,PLAUR,CommuSpace_HS_06869,0.0035899204667657
169,7,3,4,2670,Fibroblast,Macrophage,VEGFA,CD44,CommuSpace_HS_07694,0.0031219886150211
169,8,4,4,351,Macrophage,Macrophage,CCL2,CCR1,CommuSpace_HS_00946,0.0030591643881052
169,9,1,8,583,Endothelial,T cell,COL4A1,CD44,CommuSpace_HS_01729,0.0030381362885236
169,10,3,4,2530,Fibroblast,Macrophage,THY1,ITGAX,CommuSpace_HS_07427,0.0029300171881914
170,1,4,4,1359,Macrophage,Macrophage,GNAI2,C5AR1,CommuSpace_HS_03953,0.0051925596781075
170,2,3,8,583,Fibroblast,T cell,COL4A1,CD44,CommuSpace_HS_01729,0.004850463476032
170,3,3,8,2670,Fibroblast,T cell,VEGFA,CD44,CommuSpace_HS_07694,0.0046576661989092
170,4,3,8,2541,Fibroblast,T cell,TIMP2,CD44,CommuSpace_HS_07444,0.004320940002799
170,5,3,4,2670,Fibroblast,Macrophage,VEGFA,CD44,CommuSpace_HS_07694,0.0031412276439368
170,6,4,4,351,Macrophage,Macrophage,CCL2,CCR1,CommuSpace_HS_00946,0.0030269813723862
170,7,3,4,2530,Fibroblast,Macrophage,THY1,ITGAX,CommuSpace_HS_07427,0.0028871328104287
170,8,3,4,2541,Fibroblast,Macrophage,TIMP2,CD44,CommuSpace_HS_07444,0.0028865933418273
170,9,3,4,583,Fibroblast,Macrophage,COL4A1,CD44,CommuSpace_HS_01729,0.0028545570094138
170,10,1,8,583,Endothelial,T cell,COL4A1,CD44,CommuSpace_HS_01729,0.0026726555079221
171,1,4,4,1359,Macrophage,Macrophage,GNAI2,C5AR1,CommuSpace_HS_03953,0.0051916833035647
171,2,3,8,583,Fibroblast,T cell,COL4A1,CD44,CommuSpace_HS_01729,0.0048420159146189
171,3,3,8,2670,Fibroblast,T cell,VEGFA,CD44,CommuSpace_HS_07694,0.004651503637433
171,4,3,8,2541,Fibroblast,T cell,TIMP2,CD44,CommuSpace_HS_07444,0.0043154377490282
171,5,3,4,351,Fibroblast,Macrophage,CCL2,CCR1,CommuSpace_HS_00946,0.0037802858278155
171,6,3,4,2311,Fibroblast,Macrophage,SERPINE1,PLAUR,CommuSpace_HS_06869,0.0035899202339351
171,7,3,4,2670,Fibroblast,Macrophage,VEGFA,CD44,CommuSpace_HS_07694,0.0031219886150211
171,8,4,4,351,Macrophage,Macrophage,CCL2,CCR1,CommuSpace_HS_00946,0.0030591643881052
171,9,1,8,583,Endothelial,T cell,COL4A1,CD44,CommuSpace_HS_01729,0.0030381362885236
171,10,3,4,2530,Fibroblast,Macrophage,THY1,ITGAX,CommuSpace_HS_07427,0.0029300171881914
172,1,4,4,1359,Macrophage,Macrophage,GNAI2,C5AR1,CommuSpace_HS_03953,0.0051916833035647
172,2,3,8,583,Fibroblast,T cell,COL4A1,CD44,CommuSpace_HS_01729,0.0048420159146189
172,3,3,8,2670,Fibroblast,T cell,VEGFA,CD44,CommuSpace_HS_07694,0.004651503637433
172,4,3,8,2541,Fibroblast,T cell,TIMP2,CD44,CommuSpace_HS_07444,0.0043154377490282
172,5,3,4,351,Fibroblast,Macrophage,CCL2,CCR1,CommuSpace_HS_00946,0.0037802855949848
172,6,3,4,2311,Fibroblast,Macrophage,SERPINE1,PLAUR,CommuSpace_HS_06869,0.0035899200011044
172,7,3,4,2670,Fibroblast,Macrophage,VEGFA,CD44,CommuSpace_HS_07694,0.0031219886150211
172,8,4,4,351,Macrophage,Macrophage,CCL2,CCR1,CommuSpace_HS_00946,0.0030591643881052
172,9,1,8,583,Endothelial,T cell,COL4A1,CD44,CommuSpace_HS_01729,0.0030381362885236
172,10,3,4,2530,Fibroblast,Macrophage,THY1,ITGAX,CommuSpace_HS_07427,0.0029300171881914
173,1,3,5,2547,Fibroblast,Mast cell,TIMP3,CD44,CommuSpace_HS_07452,0.0391865745186805
173,2,3,4,2530,Fibroblast,Macrophage,THY1,ITGAX,CommuSpace_HS_07427,0.0130284260958433
173,3,3,5,2670,Fibroblast,Mast cell,VEGFA,CD44,CommuSpace_HS_07694,0.0068722777068614
173,4,3,5,2541,Fibroblast,Mast cell,TIMP2,CD44,CommuSpace_HS_07444,0.0064920610748231
173,5,4,4,1359,Macrophage,Macrophage,GNAI2,C5AR1,CommuSpace_HS_03953,0.0047303270548582
173,6,3,8,583,Fibroblast,T cell,COL4A1,CD44,CommuSpace_HS_01729,0.0044253151863813
173,7,3,8,2670,Fibroblast,T cell,VEGFA,CD44,CommuSpace_HS_07694,0.0043004653416574
173,8,3,5,583,Fibroblast,Mast cell,COL4A1,CD44,CommuSpace_HS_01729,0.0040032938122749
173,9,3,8,2541,Fibroblast,T cell,TIMP2,CD44,CommuSpace_HS_07444,0.0039678574539721
173,10,3,4,351,Fibroblast,Macrophage,CCL2,CCR1,CommuSpace_HS_00946,0.0033947066403925
174,1,4,4,1359,Macrophage,Macrophage,GNAI2,C5AR1,CommuSpace_HS_03953,0.0051916833035647
174,2,3,8,583,Fibroblast,T cell,COL4A1,CD44,CommuSpace_HS_01729,0.0048420159146189
174,3,3,8,2670,Fibroblast,T cell,VEGFA,CD44,CommuSpace_HS_07694,0.004651503637433
174,4,3,8,2541,Fibroblast,T cell,TIMP2,CD44,CommuSpace_HS_07444,0.0043154377490282
174,5,3,4,351,Fibroblast,Macrophage,CCL2,CCR1,CommuSpace_HS_00946,0.0037802855949848
174,6,3,4,2311,Fibroblast,Macrophage,SERPINE1,PLAUR,CommuSpace_HS_06869,0.0035899200011044
174,7,3,4,2670,Fibroblast,Macrophage,VEGFA,CD44,CommuSpace_HS_07694,0.0031219886150211
174,8,4,4,351,Macrophage,Macrophage,CCL2,CCR1,CommuSpace_HS_00946,0.0030591643881052
174,9,1,8,583,Endothelial,T cell,COL4A1,CD44,CommuSpace_HS_01729,0.0030381362885236
174,10,3,4,2530,Fibroblast,Macrophage,THY1,ITGAX,CommuSpace_HS_07427,0.0029300171881914
175,1,4,4,1359,Macrophage,Macrophage,GNAI2,C5AR1,CommuSpace_HS_03953,0.0051916833035647
175,2,3,8,583,Fibroblast,T cell,COL4A1,CD44,CommuSpace_HS_01729,0.0048420159146189
175,3,3,8,2670,Fibroblast,T cell,VEGFA,CD44,CommuSpace_HS_07694,0.004651503637433
175,4,3,8,2541,Fibroblast,T cell,TIMP2,CD44,CommuSpace_HS_07444,0.0043154377490282
175,5,3,4,351,Fibroblast,Macrophage,CCL2,CCR1,CommuSpace_HS_00946,0.0037802855949848
175,6,3,4,2311,Fibroblast,Macrophage,SERPINE1,PLAUR,CommuSpace_HS_06869,0.0035899200011044
175,7,3,4,2670,Fibroblast,Macrophage,VEGFA,CD44,CommuSpace_HS_07694,0.0031219886150211
175,8,4,4,351,Macrophage,Macrophage,CCL2,CCR1,CommuSpace_HS_00946,0.0030591643881052
175,9,1,8,583,Endothelial,T cell,COL4A1,CD44,CommuSpace_HS_01729,0.0030381362885236
175,10,3,4,2530,Fibroblast,Macrophage,THY1,ITGAX,CommuSpace_HS_07427,0.0029300171881914
176,1,4,4,1359,Macrophage,Macrophage,GNAI2,C5AR1,CommuSpace_HS_03953,0.0051916833035647
176,2,3,8,583,Fibroblast,T cell,COL4A1,CD44,CommuSpace_HS_01729,0.0048420159146189
176,3,3,8,2670,Fibroblast,T cell,VEGFA,CD44,CommuSpace_HS_07694,0.004651503637433
176,4,3,8,2541,Fibroblast,T cell,TIMP2,CD44,CommuSpace_HS_07444,0.0043154377490282
176,5,3,4,351,Fibroblast,Macrophage,CCL2,CCR1,CommuSpace_HS_00946,0.0037802855949848
176,6,3,4,2311,Fibroblast,Macrophage,SERPINE1,PLAUR,CommuSpace_HS_06869,0.0035899200011044
176,7,3,4,2670,Fibroblast,Macrophage,VEGFA,CD44,CommuSpace_HS_07694,0.0031219886150211
176,8,4,4,351,Macrophage,Macrophage,CCL2,CCR1,CommuSpace_HS_00946,0.0030591643881052
176,9,1,8,583,Endothelial,T cell,COL4A1,CD44,CommuSpace_HS_01729,0.0030381362885236
176,10,3,4,2530,Fibroblast,Macrophage,THY1,ITGAX,CommuSpace_HS_07427,0.0029300171881914
177,1,3,8,2547,Fibroblast,T cell,TIMP3,CD44,CommuSpace_HS_07452,0.096128411591053
177,2,3,8,2670,Fibroblast,T cell,VEGFA,CD44,CommuSpace_HS_07694,0.0066828862763941
177,3,3,8,2541,Fibroblast,T cell,TIMP2,CD44,CommuSpace_HS_07444,0.0065399017184972
177,4,3,8,583,Fibroblast,T cell,COL4A1,CD44,CommuSpace_HS_01729,0.0062915491871535
177,5,4,4,1359,Macrophage,Macrophage,GNAI2,C5AR1,CommuSpace_HS_03953,0.004612186923623
177,6,3,4,2311,Fibroblast,Macrophage,SERPINE1,PLAUR,CommuSpace_HS_06869,0.0035487147979438
177,7,3,4,351,Fibroblast,Macrophage,CCL2,CCR1,CommuSpace_HS_00946,0.0033737597987055
177,8,3,4,2670,Fibroblast,Macrophage,VEGFA,CD44,CommuSpace_HS_07694,0.0028107839170843
177,9,1,8,583,Endothelial,T cell,COL4A1,CD44,CommuSpace_HS_01729,0.0027260002680122
177,10,4,4,351,Macrophage,Macrophage,CCL2,CCR1,CommuSpace_HS_00946,0.0027233264409005
178,1,4,4,1359,Macrophage,Macrophage,GNAI2,C5AR1,CommuSpace_HS_03953,0.0051916833035647
178,2,3,8,583,Fibroblast,T cell,COL4A1,CD44,CommuSpace_HS_01729,0.0048420159146189
178,3,3,8,2670,Fibroblast,T cell,VEGFA,CD44,CommuSpace_HS_07694,0.004651503637433
178,4,3,8,2541,Fibroblast,T cell,TIMP2,CD44,CommuSpace_HS_07444,0.0043154377490282
178,5,3,4,351,Fibroblast,Macrophage,CCL2,CCR1,CommuSpace_HS_00946,0.0037802853621542
178,6,3,4,2311,Fibroblast,Macrophage,SERPINE1,PLAUR,CommuSpace_HS_06869,0.0035899197682738
178,7,3,4,2670,Fibroblast,Macrophage,VEGFA,CD44,CommuSpace_HS_07694,0.0031219886150211
178,8,4,4,351,Macrophage,Macrophage,CCL2,CCR1,CommuSpace_HS_00946,0.0030591643881052
178,9,1,8,583,Endothelial,T cell,COL4A1,CD44,CommuSpace_HS_01729,0.0030381362885236
178,10,3,4,2530,Fibroblast,Macrophage,THY1,ITGAX,CommuSpace_HS_07427,0.0029300171881914
179,1,4,4,1359,Macrophage,Macrophage,GNAI2,C5AR1,CommuSpace_HS_03953,0.0051916833035647
179,2,3,8,583,Fibroblast,T cell,COL4A1,CD44,CommuSpace_HS_01729,0.0048420159146189
179,3,3,8,2670,Fibroblast,T cell,VEGFA,CD44,CommuSpace_HS_07694,0.004651503637433
179,4,3,8,2541,Fibroblast,T cell,TIMP2,CD44,CommuSpace_HS_07444,0.0043154377490282
179,5,3,4,351,Fibroblast,Macrophage,CCL2,CCR1,CommuSpace_HS_00946,0.0037802853621542
179,6,3,4,2311,Fibroblast,Macrophage,SERPINE1,PLAUR,CommuSpace_HS_06869,0.0035899197682738
179,7,3,4,2670,Fibroblast,Macrophage,VEGFA,CD44,CommuSpace_HS_07694,0.0031219886150211
179,8,4,4,351,Macrophage,Macrophage,CCL2,CCR1,CommuSpace_HS_00946,0.0030591643881052
179,9,1,8,583,Endothelial,T cell,COL4A1,CD44,CommuSpace_HS_01729,0.0030381362885236
179,10,3,4,2530,Fibroblast,Macrophage,THY1,ITGAX,CommuSpace_HS_07427,0.0029300171881914
180,1,4,4,1359,Macrophage,Macrophage,GNAI2,C5AR1,CommuSpace_HS_03953,0.0051916833035647
180,2,3,8,583,Fibroblast,T cell,COL4A1,CD44,CommuSpace_HS_01729,0.0048420159146189
180,3,3,8,2670,Fibroblast,T cell,VEGFA,CD44,CommuSpace_HS_07694,0.004651503637433
180,4,3,8,2541,Fibroblast,T cell,TIMP2,CD44,CommuSpace_HS_07444,0.0043154377490282
180,5,3,4,351,Fibroblast,Macrophage,CCL2,CCR1,CommuSpace_HS_00946,0.0037802853621542
180,6,3,4,2311,Fibroblast,Macrophage,SERPINE1,PLAUR,CommuSpace_HS_06869,0.0035899197682738
180,7,3,4,2670,Fibroblast,Macrophage,VEGFA,CD44,CommuSpace_HS_07694,0.0031219886150211
180,8,4,4,351,Macrophage,Macrophage,CCL2,CCR1,CommuSpace_HS_00946,0.0030591643881052
180,9,1,8,583,Endothelial,T cell,COL4A1,CD44,CommuSpace_HS_01729,0.0030381362885236
180,10,3,4,2530,Fibroblast,Macrophage,THY1,ITGAX,CommuSpace_HS_07427,0.0029300171881914
181,1,4,4,1359,Macrophage,Macrophage,GNAI2,C5AR1,CommuSpace_HS_03953,0.0051916833035647
181,2,3,8,583,Fibroblast,T cell,COL4A1,CD44,CommuSpace_HS_01729,0.0048420159146189
181,3,3,8,2670,Fibroblast,T cell,VEGFA,CD44,CommuSpace_HS_07694,0.004651503637433
181,4,3,8,2541,Fibroblast,T cell,TIMP2,CD44,CommuSpace_HS_07444,0.0043154377490282
181,5,3,4,351,Fibroblast,Macrophage,CCL2,CCR1,CommuSpace_HS_00946,0.0037802853621542
181,6,3,4,2311,Fibroblast,Macrophage,SERPINE1,PLAUR,CommuSpace_HS_06869,0.0035899197682738
181,7,3,4,2670,Fibroblast,Macrophage,VEGFA,CD44,CommuSpace_HS_07694,0.0031219886150211
181,8,4,4,351,Macrophage,Macrophage,CCL2,CCR1,CommuSpace_HS_00946,0.0030591643881052
181,9,1,8,583,Endothelial,T cell,COL4A1,CD44,CommuSpace_HS_01729,0.0030381362885236
181,10,3,4,2530,Fibroblast,Macrophage,THY1,ITGAX,CommuSpace_HS_07427,0.0029300171881914
182,1,4,8,2085,Macrophage,T cell,PKM,CD44,CommuSpace_HS_06177,0.0639686957001686
182,2,4,4,2085,Macrophage,Macrophage,PKM,CD44,CommuSpace_HS_06177,0.0356284230947494
182,3,4,4,1359,Macrophage,Macrophage,GNAI2,C5AR1,CommuSpace_HS_03953,0.0048822835087776
182,4,3,8,583,Fibroblast,T cell,COL4A1,CD44,CommuSpace_HS_01729,0.0042777666822075
182,5,3,8,2670,Fibroblast,T cell,VEGFA,CD44,CommuSpace_HS_07694,0.0041075721383094
182,6,7,8,583,Pericyte,T cell,COL4A1,CD44,CommuSpace_HS_01729,0.0038324950728565
182,7,3,8,2541,Fibroblast,T cell,TIMP2,CD44,CommuSpace_HS_07444,0.0038193583022803
182,8,7,8,2547,Pericyte,T cell,TIMP3,CD44,CommuSpace_HS_07452,0.0033584455959498
182,9,3,4,351,Fibroblast,Macrophage,CCL2,CCR1,CommuSpace_HS_00946,0.0033363122493028
182,10,3,4,2311,Fibroblast,Macrophage,SERPINE1,PLAUR,CommuSpace_HS_06869,0.0031979561317712
183,1,4,4,1359,Macrophage,Macrophage,GNAI2,C5AR1,CommuSpace_HS_03953,0.0051916833035647
183,2,3,8,583,Fibroblast,T cell,COL4A1,CD44,CommuSpace_HS_01729,0.0048420159146189
183,3,3,8,2670,Fibroblast,T cell,VEGFA,CD44,CommuSpace_HS_07694,0.004651503637433
183,4,3,8,2541,Fibroblast,T cell,TIMP2,CD44,CommuSpace_HS_07444,0.0043154377490282
183,5,3,4,351,Fibroblast,Macrophage,CCL2,CCR1,CommuSpace_HS_00946,0.0037802851293236
183,6,3,4,2311,Fibroblast,Macrophage,SERPINE1,PLAUR,CommuSpace_HS_06869,0.0035899195354431
183,7,3,4,2670,Fibroblast,Macrophage,VEGFA,CD44,CommuSpace_HS_07694,0.0031219886150211
183,8,4,4,351,Macrophage,Macrophage,CCL2,CCR1,CommuSpace_HS_00946,0.0030591643881052
183,9,1,8,583,Endothelial,T cell,COL4A1,CD44,CommuSpace_HS_01729,0.0030381362885236
183,10,3,4,2530,Fibroblast,Macrophage,THY1,ITGAX,CommuSpace_HS_07427,0.0029300171881914
184,1,4,4,1359,Macrophage,Macrophage,GNAI2,C5AR1,CommuSpace_HS_03953,0.0051916833035647
184,2,3,8,583,Fibroblast,T cell,COL4A1,CD44,CommuSpace_HS_01729,0.0048420159146189
184,3,3,8,2670,Fibroblast,T cell,VEGFA,CD44,CommuSpace_HS_07694,0.004651503637433
184,4,3,8,2541,Fibroblast,T cell,TIMP2,CD44,CommuSpace_HS_07444,0.0043154377490282
184,5,3,4,351,Fibroblast,Macrophage,CCL2,CCR1,CommuSpace_HS_00946,0.0037802851293236
184,6,3,4,2311,Fibroblast,Macrophage,SERPINE1,PLAUR,CommuSpace_HS_06869,0.0035899195354431
184,7,3,4,2670,Fibroblast,Macrophage,VEGFA,CD44,CommuSpace_HS_07694,0.0031219886150211
184,8,4,4,351,Macrophage,Macrophage,CCL2,CCR1,CommuSpace_HS_00946,0.0030591643881052
184,9,1,8,583,Endothelial,T cell,COL4A1,CD44,CommuSpace_HS_01729,0.0030381362885236
184,10,3,4,2530,Fibroblast,Macrophage,THY1,ITGAX,CommuSpace_HS_07427,0.0029300171881914
185,1,4,4,1359,Macrophage,Macrophage,GNAI2,C5AR1,CommuSpace_HS_03953,0.0051916833035647
185,2,3,8,583,Fibroblast,T cell,COL4A1,CD44,CommuSpace_HS_01729,0.0048420159146189
185,3,3,8,2670,Fibroblast,T cell,VEGFA,CD44,CommuSpace_HS_07694,0.004651503637433
185,4,3,8,2541,Fibroblast,T cell,TIMP2,CD44,CommuSpace_HS_07444,0.0043154377490282
185,5,3,4,351,Fibroblast,Macrophage,CCL2,CCR1,CommuSpace_HS_00946,0.0037802848964929
185,6,3,4,2311,Fibroblast,Macrophage,SERPINE1,PLAUR,CommuSpace_HS_06869,0.0035899195354431
185,7,3,4,2670,Fibroblast,Macrophage,VEGFA,CD44,CommuSpace_HS_07694,0.0031219886150211
185,8,4,4,351,Macrophage,Macrophage,CCL2,CCR1,CommuSpace_HS_00946,0.0030591643881052
185,9,1,8,583,Endothelial,T cell,COL4A1,CD44,CommuSpace_HS_01729,0.0030381362885236
185,10,3,4,2530,Fibroblast,Macrophage,THY1,ITGAX,CommuSpace_HS_07427,0.0029300171881914
186,1,4,4,1359,Macrophage,Macrophage,GNAI2,C5AR1,CommuSpace_HS_03953,0.0051916833035647
186,2,3,8,583,Fibroblast,T cell,COL4A1,CD44,CommuSpace_HS_01729,0.0048420159146189
186,3,3,8,2670,Fibroblast,T cell,VEGFA,CD44,CommuSpace_HS_07694,0.004651503637433
186,4,3,8,2541,Fibroblast,T cell,TIMP2,CD44,CommuSpace_HS_07444,0.0043154377490282
186,5,3,4,351,Fibroblast,Macrophage,CCL2,CCR1,CommuSpace_HS_00946,0.0037802848964929
186,6,3,4,2311,Fibroblast,Macrophage,SERPINE1,PLAUR,CommuSpace_HS_06869,0.0035899195354431
186,7,3,4,2670,Fibroblast,Macrophage,VEGFA,CD44,CommuSpace_HS_07694,0.0031219886150211
186,8,4,4,351,Macrophage,Macrophage,CCL2,CCR1,CommuSpace_HS_00946,0.0030591643881052
186,9,1,8,583,Endothelial,T cell,COL4A1,CD44,CommuSpace_HS_01729,0.0030381362885236
186,10,3,4,2530,Fibroblast,Macrophage,THY1,ITGAX,CommuSpace_HS_07427,0.0029300171881914
187,1,4,4,1359,Macrophage,Macrophage,GNAI2,C5AR1,CommuSpace_HS_03953,0.0051916833035647
187,2,3,8,583,Fibroblast,T cell,COL4A1,CD44,CommuSpace_HS_01729,0.0048420159146189
187,3,3,8,2670,Fibroblast,T cell,VEGFA,CD44,CommuSpace_HS_07694,0.004651503637433
187,4,3,8,2541,Fibroblast,T cell,TIMP2,CD44,CommuSpace_HS_07444,0.0043154377490282
187,5,3,4,351,Fibroblast,Macrophage,CCL2,CCR1,CommuSpace_HS_00946,0.0037802848964929
187,6,3,4,2311,Fibroblast,Macrophage,SERPINE1,PLAUR,CommuSpace_HS_06869,0.0035899195354431
187,7,3,4,2670,Fibroblast,Macrophage,VEGFA,CD44,CommuSpace_HS_07694,0.0031219886150211
187,8,4,4,351,Macrophage,Macrophage,CCL2,CCR1,CommuSpace_HS_00946,0.0030591643881052
187,9,1,8,583,Endothelial,T cell,COL4A1,CD44,CommuSpace_HS_01729,0.0030381362885236
187,10,3,4,2530,Fibroblast,Macrophage,THY1,ITGAX,CommuSpace_HS_07427,0.0029300171881914
188,1,4,4,1359,Macrophage,Macrophage,GNAI2,C5AR1,CommuSpace_HS_03953,0.0051916833035647
188,2,3,8,583,Fibroblast,T cell,COL4A1,CD44,CommuSpace_HS_01729,0.0048420159146189
188,3,3,8,2670,Fibroblast,T cell,VEGFA,CD44,CommuSpace_HS_07694,0.004651503637433
188,4,3,8,2541,Fibroblast,T cell,TIMP2,CD44,CommuSpace_HS_07444,0.0043154377490282
188,5,3,4,351,Fibroblast,Macrophage,CCL2,CCR1,CommuSpace_HS_00946,0.0037802848964929
188,6,3,4,2311,Fibroblast,Macrophage,SERPINE1,PLAUR,CommuSpace_HS_06869,0.0035899193026125
188,7,3,4,2670,Fibroblast,Macrophage,VEGFA,CD44,CommuSpace_HS_07694,0.0031219886150211
188,8,4,4,351,Macrophage,Macrophage,CCL2,CCR1,CommuSpace_HS_00946,0.0030591643881052
188,9,1,8,583,Endothelial,T cell,COL4A1,CD44,CommuSpace_HS_01729,0.0030381362885236
188,10,3,4,2530,Fibroblast,Macrophage,THY1,ITGAX,CommuSpace_HS_07427,0.0029300171881914
189,1,4,4,1359,Macrophage,Macrophage,GNAI2,C5AR1,CommuSpace_HS_03953,0.0051916833035647
189,2,3,8,583,Fibroblast,T cell,COL4A1,CD44,CommuSpace_HS_01729,0.0048420159146189
189,3,3,8,2670,Fibroblast,T cell,VEGFA,CD44,CommuSpace_HS_07694,0.004651503637433
189,4,3,8,2541,Fibroblast,T cell,TIMP2,CD44,CommuSpace_HS_07444,0.0043154377490282
189,5,3,4,351,Fibroblast,Macrophage,CCL2,CCR1,CommuSpace_HS_00946,0.0037802848964929
189,6,3,4,2311,Fibroblast,Macrophage,SERPINE1,PLAUR,CommuSpace_HS_06869,0.0035899193026125
189,7,3,4,2670,Fibroblast,Macrophage,VEGFA,CD44,CommuSpace_HS_07694,0.0031219886150211
189,8,4,4,351,Macrophage,Macrophage,CCL2,CCR1,CommuSpace_HS_00946,0.0030591643881052
189,9,1,8,583,Endothelial,T cell,COL4A1,CD44,CommuSpace_HS_01729,0.0030381362885236
189,10,3,4,2530,Fibroblast,Macrophage,THY1,ITGAX,CommuSpace_HS_07427,0.0029300171881914
190,1,4,8,2085,Macrophage,T cell,PKM,CD44,CommuSpace_HS_06177,0.0652952119708061
190,2,4,4,2085,Macrophage,Macrophage,PKM,CD44,CommuSpace_HS_06177,0.0363441221415996
190,3,4,4,1359,Macrophage,Macrophage,GNAI2,C5AR1,CommuSpace_HS_03953,0.0048756999894976
190,4,3,8,583,Fibroblast,T cell,COL4A1,CD44,CommuSpace_HS_01729,0.0042657610028982
190,5,3,8,2670,Fibroblast,T cell,VEGFA,CD44,CommuSpace_HS_07694,0.0040959985926747
190,6,7,8,583,Pericyte,T cell,COL4A1,CD44,CommuSpace_HS_01729,0.003860066877678
190,7,3,8,2541,Fibroblast,T cell,TIMP2,CD44,CommuSpace_HS_07444,0.0038088033907115
190,8,7,8,2547,Pericyte,T cell,TIMP3,CD44,CommuSpace_HS_07452,0.0033766371197998
190,9,3,4,351,Fibroblast,Macrophage,CCL2,CCR1,CommuSpace_HS_00946,0.0033268665429204
190,10,3,4,2311,Fibroblast,Macrophage,SERPINE1,PLAUR,CommuSpace_HS_06869,0.0031896159052848
191,1,4,4,1359,Macrophage,Macrophage,GNAI2,C5AR1,CommuSpace_HS_03953,0.0051916833035647
191,2,3,8,583,Fibroblast,T cell,COL4A1,CD44,CommuSpace_HS_01729,0.0048420159146189
191,3,3,8,2670,Fibroblast,T cell,VEGFA,CD44,CommuSpace_HS_07694,0.004651503637433
191,4,3,8,2541,Fibroblast,T cell,TIMP2,CD44,CommuSpace_HS_07444,0.0043154377490282
191,5,3,4,351,Fibroblast,Macrophage,CCL2,CCR1,CommuSpace_HS_00946,0.0037802848964929
191,6,3,4,2311,Fibroblast,Macrophage,SERPINE1,PLAUR,CommuSpace_HS_06869,0.0035899193026125
191,7,3,4,2670,Fibroblast,Macrophage,VEGFA,CD44,CommuSpace_HS_07694,0.0031219886150211
191,8,4,4,351,Macrophage,Macrophage,CCL2,CCR1,CommuSpace_HS_00946,0.0030591643881052
191,9,1,8,583,Endothelial,T cell,COL4A1,CD44,CommuSpace_HS_01729,0.0030381362885236
191,10,3,4,2530,Fibroblast,Macrophage,THY1,ITGAX,CommuSpace_HS_07427,0.0029300171881914
192,1,3,8,2547,Fibroblast,T cell,TIMP3,CD44,CommuSpace_HS_07452,0.1081734076142311
192,2,3,8,2670,Fibroblast,T cell,VEGFA,CD44,CommuSpace_HS_07694,0.0069421846419572
192,3,3,8,2541,Fibroblast,T cell,TIMP2,CD44,CommuSpace_HS_07444,0.006823846604675
192,4,3,8,583,Fibroblast,T cell,COL4A1,CD44,CommuSpace_HS_01729,0.0064765769056975
192,5,4,4,1359,Macrophage,Macrophage,GNAI2,C5AR1,CommuSpace_HS_03953,0.0045382180251181
192,6,3,4,2311,Fibroblast,Macrophage,SERPINE1,PLAUR,CommuSpace_HS_06869,0.0035434556193649
192,7,3,4,351,Fibroblast,Macrophage,CCL2,CCR1,CommuSpace_HS_00946,0.0033218692988157
192,8,3,4,2670,Fibroblast,Macrophage,VEGFA,CD44,CommuSpace_HS_07694,0.0027710609138011
192,9,1,8,583,Endothelial,T cell,COL4A1,CD44,CommuSpace_HS_01729,0.0026861575897783
192,10,4,4,351,Macrophage,Macrophage,CCL2,CCR1,CommuSpace_HS_00946,0.0026804583612829
193,1,4,4,1359,Macrophage,Macrophage,GNAI2,C5AR1,CommuSpace_HS_03953,0.0051916833035647
193,2,3,8,583,Fibroblast,T cell,COL4A1,CD44,CommuSpace_HS_01729,0.0048420159146189
193,3,3,8,2670,Fibroblast,T cell,VEGFA,CD44,CommuSpace_HS_07694,0.004651503637433
193,4,3,8,2541,Fibroblast,T cell,TIMP2,CD44,CommuSpace_HS_07444,0.0043154377490282
193,5,3,4,351,Fibroblast,Macrophage,CCL2,CCR1,CommuSpace_HS_00946,0.0037802846636623
193,6,3,4,2311,Fibroblast,Macrophage,SERPINE1,PLAUR,CommuSpace_HS_06869,0.0035899190697818
193,7,3,4,2670,Fibroblast,Macrophage,VEGFA,CD44,CommuSpace_HS_07694,0.0031219886150211
193,8,4,4,351,Macrophage,Macrophage,CCL2,CCR1,CommuSpace_HS_00946,0.0030591641552746
193,9,1,8,583,Endothelial,T cell,COL4A1,CD44,CommuSpace_HS_01729,0.0030381362885236
193,10,3,4,2530,Fibroblast,Macrophage,THY1,ITGAX,CommuSpace_HS_07427,0.0029300171881914
194,1,4,4,1359,Macrophage,Macrophage,GNAI2,C5AR1,CommuSpace_HS_03953,0.0051916833035647
194,2,3,8,583,Fibroblast,T cell,COL4A1,CD44,CommuSpace_HS_01729,0.0048420159146189
194,3,3,8,2670,Fibroblast,T cell,VEGFA,CD44,CommuSpace_HS_07694,0.004651503637433
194,4,3,8,2541,Fibroblast,T cell,TIMP2,CD44,CommuSpace_HS_07444,0.0043154377490282
194,5,3,4,351,Fibroblast,Macrophage,CCL2,CCR1,CommuSpace_HS_00946,0.0037802844308316
194,6,3,4,2311,Fibroblast,Macrophage,SERPINE1,PLAUR,CommuSpace_HS_06869,0.0035899188369512
194,7,3,4,2670,Fibroblast,Macrophage,VEGFA,CD44,CommuSpace_HS_07694,0.0031219886150211
194,8,4,4,351,Macrophage,Macrophage,CCL2,CCR1,CommuSpace_HS_00946,0.0030591641552746
194,9,1,8,583,Endothelial,T cell,COL4A1,CD44,CommuSpace_HS_01729,0.0030381362885236
194,10,3,4,2530,Fibroblast,Macrophage,THY1,ITGAX,CommuSpace_HS_07427,0.0029300171881914
195,1,4,4,1359,Macrophage,Macrophage,GNAI2,C5AR1,CommuSpace_HS_03953,0.0051916833035647
195,2,3,8,583,Fibroblast,T cell,COL4A1,CD44,CommuSpace_HS_01729,0.0048420159146189
195,3,3,8,2670,Fibroblast,T cell,VEGFA,CD44,CommuSpace_HS_07694,0.004651503637433
195,4,3,8,2541,Fibroblast,T cell,TIMP2,CD44,CommuSpace_HS_07444,0.0043154377490282
195,5,3,4,351,Fibroblast,Macrophage,CCL2,CCR1,CommuSpace_HS_00946,0.0037802844308316
195,6,3,4,2311,Fibroblast,Macrophage,SERPINE1,PLAUR,CommuSpace_HS_06869,0.0035899188369512
195,7,3,4,2670,Fibroblast,Macrophage,VEGFA,CD44,CommuSpace_HS_07694,0.0031219886150211
195,8,4,4,351,Macrophage,Macrophage,CCL2,CCR1,CommuSpace_HS_00946,0.0030591641552746
195,9,1,8,583,Endothelial,T cell,COL4A1,CD44,CommuSpace_HS_01729,0.0030381362885236
195,10,3,4,2530,Fibroblast,Macrophage,THY1,ITGAX,CommuSpace_HS_07427,0.0029300171881914
196,1,3,8,2547,Fibroblast,T cell,TIMP3,CD44,CommuSpace_HS_07452,0.1093237921595573
196,2,3,8,2670,Fibroblast,T cell,VEGFA,CD44,CommuSpace_HS_07694,0.0069669503718614
196,3,3,8,2541,Fibroblast,T cell,TIMP2,CD44,CommuSpace_HS_07444,0.0068509653210639
196,4,3,8,583,Fibroblast,T cell,COL4A1,CD44,CommuSpace_HS_01729,0.0064942492172122
196,5,4,4,1359,Macrophage,Macrophage,GNAI2,C5AR1,CommuSpace_HS_03953,0.0045311544090509
196,6,3,4,2311,Fibroblast,Macrophage,SERPINE1,PLAUR,CommuSpace_HS_06869,0.0035429538693279
196,7,3,4,351,Fibroblast,Macrophage,CCL2,CCR1,CommuSpace_HS_00946,0.0033169139642268
196,8,3,4,2670,Fibroblast,Macrophage,VEGFA,CD44,CommuSpace_HS_07694,0.0027672674041241
196,9,1,8,583,Endothelial,T cell,COL4A1,CD44,CommuSpace_HS_01729,0.0026823529042303
196,10,4,4,351,Macrophage,Macrophage,CCL2,CCR1,CommuSpace_HS_00946,0.0026763649657368
197,1,4,4,1359,Macrophage,Macrophage,GNAI2,C5AR1,CommuSpace_HS_03953,0.0051916833035647
197,2,3,8,583,Fibroblast,T cell,COL4A1,CD44,CommuSpace_HS_01729,0.0048420159146189
197,3,3,8,2670,Fibroblast,T cell,VEGFA,CD44,CommuSpace_HS_07694,0.004651503637433
197,4,3,8,2541,Fibroblast,T cell,TIMP2,CD44,CommuSpace_HS_07444,0.0043154377490282
197,5,3,4,351,Fibroblast,Macrophage,CCL2,CCR1,CommuSpace_HS_00946,0.0037802844308316
197,6,3,4,2311,Fibroblast,Macrophage,SERPINE1,PLAUR,CommuSpace_HS_06869,0.0035899188369512
197,7,3,4,2670,Fibroblast,Macrophage,VEGFA,CD44,CommuSpace_HS_07694,0.0031219886150211
197,8,4,4,351,Macrophage,Macrophage,CCL2,CCR1,CommuSpace_HS_00946,0.0030591641552746
197,9,1,8,583,Endothelial,T cell,COL4A1,CD44,CommuSpace_HS_01729,0.0030381362885236
197,10,3,4,2530,Fibroblast,Macrophage,THY1,ITGAX,CommuSpace_HS_07427,0.0029300171881914
198,1,4,4,1359,Macrophage,Macrophage,GNAI2,C5AR1,CommuSpace_HS_03953,0.0051916833035647
198,2,3,8,583,Fibroblast,T cell,COL4A1,CD44,CommuSpace_HS_01729,0.0048420159146189
198,3,3,8,2670,Fibroblast,T cell,VEGFA,CD44,CommuSpace_HS_07694,0.004651503637433
198,4,3,8,2541,Fibroblast,T cell,TIMP2,CD44,CommuSpace_HS_07444,0.0043154377490282
198,5,3,4,351,Fibroblast,Macrophage,CCL2,CCR1,CommuSpace_HS_00946,0.0037802844308316
198,6,3,4,2311,Fibroblast,Macrophage,SERPINE1,PLAUR,CommuSpace_HS_06869,0.0035899188369512
198,7,3,4,2670,Fibroblast,Macrophage,VEGFA,CD44,CommuSpace_HS_07694,0.0031219886150211
198,8,4,4,351,Macrophage,Macrophage,CCL2,CCR1,CommuSpace_HS_00946,0.0030591641552746
198,9,1,8,583,Endothelial,T cell,COL4A1,CD44,CommuSpace_HS_01729,0.0030381362885236
198,10,3,4,2530,Fibroblast,Macrophage,THY1,ITGAX,CommuSpace_HS_07427,0.0029300171881914
199,1,4,4,1359,Macrophage,Macrophage,GNAI2,C5AR1,CommuSpace_HS_03953,0.0051916833035647
199,2,3,8,583,Fibroblast,T cell,COL4A1,CD44,CommuSpace_HS_01729,0.0048420159146189
199,3,3,8,2670,Fibroblast,T cell,VEGFA,CD44,CommuSpace_HS_07694,0.004651503637433
199,4,3,8,2541,Fibroblast,T cell,TIMP2,CD44,CommuSpace_HS_07444,0.0043154377490282
199,5,3,4,351,Fibroblast,Macrophage,CCL2,CCR1,CommuSpace_HS_00946,0.0037802844308316
199,6,3,4,2311,Fibroblast,Macrophage,SERPINE1,PLAUR,CommuSpace_HS_06869,0.0035899188369512
199,7,3,4,2670,Fibroblast,Macrophage,VEGFA,CD44,CommuSpace_HS_07694,0.0031219886150211
199,8,4,4,351,Macrophage,Macrophage,CCL2,CCR1,CommuSpace_HS_00946,0.0030591641552746
199,9,1,8,583,Endothelial,T cell,COL4A1,CD44,CommuSpace_HS_01729,0.0030381362885236
199,10,3,4,2530,Fibroblast,Macrophage,THY1,ITGAX,CommuSpace_HS_07427,0.0029300171881914
200,1,4,4,1359,Macrophage,Macrophage,GNAI2,C5AR1,CommuSpace_HS_03953,0.0051916833035647
200,2,3,8,583,Fibroblast,T cell,COL4A1,CD44,CommuSpace_HS_01729,0.0048420159146189
200,3,3,8,2670,Fibroblast,T cell,VEGFA,CD44,CommuSpace_HS_07694,0.004651503637433
200,4,3,8,2541,Fibroblast,T cell,TIMP2,CD44,CommuSpace_HS_07444,0.0043154377490282
200,5,3,4,351,Fibroblast,Macrophage,CCL2,CCR1,CommuSpace_HS_00946,0.003780284198001
200,6,3,4,2311,Fibroblast,Macrophage,SERPINE1,PLAUR,CommuSpace_HS_06869,0.0035899186041206
200,7,3,4,2670,Fibroblast,Macrophage,VEGFA,CD44,CommuSpace_HS_07694,0.0031219886150211
200,8,4,4,351,Macrophage,Macrophage,CCL2,CCR1,CommuSpace_HS_00946,0.0030591641552746
200,9,1,8,583,Endothelial,T cell,COL4A1,CD44,CommuSpace_HS_01729,0.0030381362885236
200,10,3,4,2530,Fibroblast,Macrophage,THY1,ITGAX,CommuSpace_HS_07427,0.0029300171881914
201,1,4,4,1359,Macrophage,Macrophage,GNAI2,C5AR1,CommuSpace_HS_03953,0.0051916833035647
201,2,3,8,583,Fibroblast,T cell,COL4A1,CD44,CommuSpace_HS_01729,0.0048420159146189
201,3,3,8,2670,Fibroblast,T cell,VEGFA,CD44,CommuSpace_HS_07694,0.004651503637433
201,4,3,8,2541,Fibroblast,T cell,TIMP2,CD44,CommuSpace_HS_07444,0.0043154377490282
201,5,3,4,351,Fibroblast,Macrophage,CCL2,CCR1,CommuSpace_HS_00946,0.003780284198001
201,6,3,4,2311,Fibroblast,Macrophage,SERPINE1,PLAUR,CommuSpace_HS_06869,0.0035899186041206
201,7,3,4,2670,Fibroblast,Macrophage,VEGFA,CD44,CommuSpace_HS_07694,0.0031219886150211
201,8,4,4,351,Macrophage,Macrophage,CCL2,CCR1,CommuSpace_HS_00946,0.0030591641552746
201,9,1,8,583,Endothelial,T cell,COL4A1,CD44,CommuSpace_HS_01729,0.0030381362885236
201,10,3,4,2530,Fibroblast,Macrophage,THY1,ITGAX,CommuSpace_HS_07427,0.0029300171881914
202,1,4,4,1359,Macrophage,Macrophage,GNAI2,C5AR1,CommuSpace_HS_03953,0.0051916833035647
202,2,3,8,583,Fibroblast,T cell,COL4A1,CD44,CommuSpace_HS_01729,0.0048420159146189
202,3,3,8,2670,Fibroblast,T cell,VEGFA,CD44,CommuSpace_HS_07694,0.004651503637433
202,4,3,8,2541,Fibroblast,T cell,TIMP2,CD44,CommuSpace_HS_07444,0.0043154377490282
202,5,3,4,351,Fibroblast,Macrophage,CCL2,CCR1,CommuSpace_HS_00946,0.003780284198001
202,6,3,4,2311,Fibroblast,Macrophage,SERPINE1,PLAUR,CommuSpace_HS_06869,0.0035899186041206
202,7,3,4,2670,Fibroblast,Macrophage,VEGFA,CD44,CommuSpace_HS_07694,0.0031219886150211
202,8,4,4,351,Macrophage,Macrophage,CCL2,CCR1,CommuSpace_HS_00946,0.0030591641552746
202,9,1,8,583,Endothelial,T cell,COL4A1,CD44,CommuSpace_HS_01729,0.0030381362885236
202,10,3,4,2530,Fibroblast,Macrophage,THY1,ITGAX,CommuSpace_HS_07427,0.0029300171881914
203,1,4,4,1359,Macrophage,Macrophage,GNAI2,C5AR1,CommuSpace_HS_03953,0.0051916833035647
203,2,3,8,583,Fibroblast,T cell,COL4A1,CD44,CommuSpace_HS_01729,0.0048420159146189
203,3,3,8,2670,Fibroblast,T cell,VEGFA,CD44,CommuSpace_HS_07694,0.004651503637433
203,4,3,8,2541,Fibroblast,T cell,TIMP2,CD44,CommuSpace_HS_07444,0.0043154377490282
203,5,3,4,351,Fibroblast,Macrophage,CCL2,CCR1,CommuSpace_HS_00946,0.003780284198001
203,6,3,4,2311,Fibroblast,Macrophage,SERPINE1,PLAUR,CommuSpace_HS_06869,0.0035899186041206
203,7,3,4,2670,Fibroblast,Macrophage,VEGFA,CD44,CommuSpace_HS_07694,0.0031219886150211
203,8,4,4,351,Macrophage,Macrophage,CCL2,CCR1,CommuSpace_HS_00946,0.0030591641552746
203,9,1,8,583,Endothelial,T cell,COL4A1,CD44,CommuSpace_HS_01729,0.0030381362885236
203,10,3,4,2530,Fibroblast,Macrophage,THY1,ITGAX,CommuSpace_HS_07427,0.0029300171881914
204,1,4,4,1359,Macrophage,Macrophage,GNAI2,C5AR1,CommuSpace_HS_03953,0.005191721022129
204,2,3,8,583,Fibroblast,T cell,COL4A1,CD44,CommuSpace_HS_01729,0.0048420275561511
204,3,3,8,2670,Fibroblast,T cell,VEGFA,CD44,CommuSpace_HS_07694,0.0046515190042555
204,4,3,8,2541,Fibroblast,T cell,TIMP2,CD44,CommuSpace_HS_07444,0.0043154535815119
204,5,3,4,351,Fibroblast,Macrophage,CCL2,CCR1,CommuSpace_HS_00946,0.0037825419567525
204,6,3,4,2311,Fibroblast,Macrophage,SERPINE1,PLAUR,CommuSpace_HS_06869,0.0035924504045397
204,7,3,4,2670,Fibroblast,Macrophage,VEGFA,CD44,CommuSpace_HS_07694,0.0031220561359077
204,8,4,4,351,Macrophage,Macrophage,CCL2,CCR1,CommuSpace_HS_00946,0.003059213515371
204,9,1,8,583,Endothelial,T cell,COL4A1,CD44,CommuSpace_HS_01729,0.003034038003534
204,10,3,4,2530,Fibroblast,Macrophage,THY1,ITGAX,CommuSpace_HS_07427,0.0029296497814357
205,1,4,4,1359,Macrophage,Macrophage,GNAI2,C5AR1,CommuSpace_HS_03953,0.0051916833035647
205,2,3,8,583,Fibroblast,T cell,COL4A1,CD44,CommuSpace_HS_01729,0.0048420159146189
205,3,3,8,2670,Fibroblast,T cell,VEGFA,CD44,CommuSpace_HS_07694,0.004651503637433
205,4,3,8,2541,Fibroblast,T cell,TIMP2,CD44,CommuSpace_HS_07444,0.0043154377490282
205,5,3,4,351,Fibroblast,Macrophage,CCL2,CCR1,CommuSpace_HS_00946,0.003780284198001
205,6,3,4,2311,Fibroblast,Macrophage,SERPINE1,PLAUR,CommuSpace_HS_06869,0.0035899186041206
205,7,3,4,2670,Fibroblast,Macrophage,VEGFA,CD44,CommuSpace_HS_07694,0.0031219886150211
205,8,4,4,351,Macrophage,Macrophage,CCL2,CCR1,CommuSpace_HS_00946,0.0030591641552746
205,9,1,8,583,Endothelial,T cell,COL4A1,CD44,CommuSpace_HS_01729,0.0030381362885236
205,10,3,4,2530,Fibroblast,Macrophage,THY1,ITGAX,CommuSpace_HS_07427,0.0029300171881914
206,1,4,4,1359,Macrophage,Macrophage,GNAI2,C5AR1,CommuSpace_HS_03953,0.0051916833035647
206,2,3,8,583,Fibroblast,T cell,COL4A1,CD44,CommuSpace_HS_01729,0.0048420159146189
206,3,3,8,2670,Fibroblast,T cell,VEGFA,CD44,CommuSpace_HS_07694,0.004651503637433
206,4,3,8,2541,Fibroblast,T cell,TIMP2,CD44,CommuSpace_HS_07444,0.0043154377490282
206,5,3,4,351,Fibroblast,Macrophage,CCL2,CCR1,CommuSpace_HS_00946,0.0037802839651703
206,6,3,4,2311,Fibroblast,Macrophage,SERPINE1,PLAUR,CommuSpace_HS_06869,0.0035899183712899
206,7,3,4,2670,Fibroblast,Macrophage,VEGFA,CD44,CommuSpace_HS_07694,0.0031219886150211
206,8,4,4,351,Macrophage,Macrophage,CCL2,CCR1,CommuSpace_HS_00946,0.0030591641552746
206,9,1,8,583,Endothelial,T cell,COL4A1,CD44,CommuSpace_HS_01729,0.0030381362885236
206,10,3,4,2530,Fibroblast,Macrophage,THY1,ITGAX,CommuSpace_HS_07427,0.0029300171881914
207,1,4,4,1359,Macrophage,Macrophage,GNAI2,C5AR1,CommuSpace_HS_03953,0.0051916833035647
207,2,3,8,583,Fibroblast,T cell,COL4A1,CD44,CommuSpace_HS_01729,0.0048420159146189
207,3,3,8,2670,Fibroblast,T cell,VEGFA,CD44,CommuSpace_HS_07694,0.004651503637433
207,4,3,8,2541,Fibroblast,T cell,TIMP2,CD44,CommuSpace_HS_07444,0.0043154377490282
207,5,3,4,351,Fibroblast,Macrophage,CCL2,CCR1,CommuSpace_HS_00946,0.0037802839651703
207,6,3,4,2311,Fibroblast,Macrophage,SERPINE1,PLAUR,CommuSpace_HS_06869,0.0035899183712899
207,7,3,4,2670,Fibroblast,Macrophage,VEGFA,CD44,CommuSpace_HS_07694,0.0031219886150211
207,8,4,4,351,Macrophage,Macrophage,CCL2,CCR1,CommuSpace_HS_00946,0.0030591641552746
207,9,1,8,583,Endothelial,T cell,COL4A1,CD44,CommuSpace_HS_01729,0.0030381362885236
207,10,3,4,2530,Fibroblast,Macrophage,THY1,ITGAX,CommuSpace_HS_07427,0.0029300171881914
208,1,4,4,1359,Macrophage,Macrophage,GNAI2,C5AR1,CommuSpace_HS_03953,0.0051916833035647
208,2,3,8,583,Fibroblast,T cell,COL4A1,CD44,CommuSpace_HS_01729,0.0048420159146189
208,3,3,8,2670,Fibroblast,T cell,VEGFA,CD44,CommuSpace_HS_07694,0.004651503637433
208,4,3,8,2541,Fibroblast,T cell,TIMP2,CD44,CommuSpace_HS_07444,0.0043154377490282
208,5,3,4,351,Fibroblast,Macrophage,CCL2,CCR1,CommuSpace_HS_00946,0.0037802839651703
208,6,3,4,2311,Fibroblast,Macrophage,SERPINE1,PLAUR,CommuSpace_HS_06869,0.0035899183712899
208,7,3,4,2670,Fibroblast,Macrophage,VEGFA,CD44,CommuSpace_HS_07694,0.0031219886150211
208,8,4,4,351,Macrophage,Macrophage,CCL2,CCR1,CommuSpace_HS_00946,0.0030591641552746
208,9,1,8,583,Endothelial,T cell,COL4A1,CD44,CommuSpace_HS_01729,0.0030381362885236
208,10,3,4,2530,Fibroblast,Macrophage,THY1,ITGAX,CommuSpace_HS_07427,0.0029300171881914
209,1,4,4,1359,Macrophage,Macrophage,GNAI2,C5AR1,CommuSpace_HS_03953,0.0051916833035647
209,2,3,8,583,Fibroblast,T cell,COL4A1,CD44,CommuSpace_HS_01729,0.0048420159146189
209,3,3,8,2670,Fibroblast,T cell,VEGFA,CD44,CommuSpace_HS_07694,0.004651503637433
209,4,3,8,2541,Fibroblast,T cell,TIMP2,CD44,CommuSpace_HS_07444,0.0043154377490282
209,5,3,4,351,Fibroblast,Macrophage,CCL2,CCR1,CommuSpace_HS_00946,0.0037802839651703
209,6,3,4,2311,Fibroblast,Macrophage,SERPINE1,PLAUR,CommuSpace_HS_06869,0.0035899183712899
209,7,3,4,2670,Fibroblast,Macrophage,VEGFA,CD44,CommuSpace_HS_07694,0.0031219886150211
209,8,4,4,351,Macrophage,Macrophage,CCL2,CCR1,CommuSpace_HS_00946,0.0030591641552746
209,9,1,8,583,Endothelial,T cell,COL4A1,CD44,CommuSpace_HS_01729,0.0030381362885236
209,10,3,4,2530,Fibroblast,Macrophage,THY1,ITGAX,CommuSpace_HS_07427,0.0029300171881914
210,1,4,4,1359,Macrophage,Macrophage,GNAI2,C5AR1,CommuSpace_HS_03953,0.0051916833035647
210,2,3,8,583,Fibroblast,T cell,COL4A1,CD44,CommuSpace_HS_01729,0.0048420159146189
210,3,3,8,2670,Fibroblast,T cell,VEGFA,CD44,CommuSpace_HS_07694,0.004651503637433
210,4,3,8,2541,Fibroblast,T cell,TIMP2,CD44,CommuSpace_HS_07444,0.0043154377490282
210,5,3,4,351,Fibroblast,Macrophage,CCL2,CCR1,CommuSpace_HS_00946,0.0037802839651703
210,6,3,4,2311,Fibroblast,Macrophage,SERPINE1,PLAUR,CommuSpace_HS_06869,0.0035899183712899
210,7,3,4,2670,Fibroblast,Macrophage,VEGFA,CD44,CommuSpace_HS_07694,0.0031219886150211
210,8,4,4,351,Macrophage,Macrophage,CCL2,CCR1,CommuSpace_HS_00946,0.0030591641552746
210,9,1,8,583,Endothelial,T cell,COL4A1,CD44,CommuSpace_HS_01729,0.0030381362885236
210,10,3,4,2530,Fibroblast,Macrophage,THY1,ITGAX,CommuSpace_HS_07427,0.0029300171881914
211,1,4,4,1359,Macrophage,Macrophage,GNAI2,C5AR1,CommuSpace_HS_03953,0.0051916833035647
211,2,3,8,583,Fibroblast,T cell,COL4A1,CD44,CommuSpace_HS_01729,0.0048420159146189
211,3,3,8,2670,Fibroblast,T cell,VEGFA,CD44,CommuSpace_HS_07694,0.004651503637433
211,4,3,8,2541,Fibroblast,T cell,TIMP2,CD44,CommuSpace_HS_07444,0.0043154377490282
211,5,3,4,351,Fibroblast,Macrophage,CCL2,CCR1,CommuSpace_HS_00946,0.0037802839651703
211,6,3,4,2311,Fibroblast,Macrophage,SERPINE1,PLAUR,CommuSpace_HS_06869,0.0035899183712899
211,7,3,4,2670,Fibroblast,Macrophage,VEGFA,CD44,CommuSpace_HS_07694,0.0031219886150211
211,8,4,4,351,Macrophage,Macrophage,CCL2,CCR1,CommuSpace_HS_00946,0.0030591641552746
211,9,1,8,583,Endothelial,T cell,COL4A1,CD44,CommuSpace_HS_01729,0.0030381362885236
211,10,3,4,2530,Fibroblast,Macrophage,THY1,ITGAX,CommuSpace_HS_07427,0.0029300171881914
212,1,4,4,1359,Macrophage,Macrophage,GNAI2,C5AR1,CommuSpace_HS_03953,0.0051916833035647
212,2,3,8,583,Fibroblast,T cell,COL4A1,CD44,CommuSpace_HS_01729,0.0048420159146189
212,3,3,8,2670,Fibroblast,T cell,VEGFA,CD44,CommuSpace_HS_07694,0.004651503637433
212,4,3,8,2541,Fibroblast,T cell,TIMP2,CD44,CommuSpace_HS_07444,0.0043154377490282
212,5,3,4,351,Fibroblast,Macrophage,CCL2,CCR1,CommuSpace_HS_00946,0.0037802839651703
212,6,3,4,2311,Fibroblast,Macrophage,SERPINE1,PLAUR,CommuSpace_HS_06869,0.0035899183712899
212,7,3,4,2670,Fibroblast,Macrophage,VEGFA,CD44,CommuSpace_HS_07694,0.0031219886150211
212,8,4,4,351,Macrophage,Macrophage,CCL2,CCR1,CommuSpace_HS_00946,0.0030591641552746
212,9,1,8,583,Endothelial,T cell,COL4A1,CD44,CommuSpace_HS_01729,0.0030381362885236
212,10,3,4,2530,Fibroblast,Macrophage,THY1,ITGAX,CommuSpace_HS_07427,0.0029300171881914
213,1,4,4,1359,Macrophage,Macrophage,GNAI2,C5AR1,CommuSpace_HS_03953,0.0051916833035647
213,2,3,8,583,Fibroblast,T cell,COL4A1,CD44,CommuSpace_HS_01729,0.0048420159146189
213,3,3,8,2670,Fibroblast,T cell,VEGFA,CD44,CommuSpace_HS_07694,0.004651503637433
213,4,3,8,2541,Fibroblast,T cell,TIMP2,CD44,CommuSpace_HS_07444,0.0043154377490282
213,5,3,4,351,Fibroblast,Macrophage,CCL2,CCR1,CommuSpace_HS_00946,0.0037802839651703
213,6,3,4,2311,Fibroblast,Macrophage,SERPINE1,PLAUR,CommuSpace_HS_06869,0.0035899183712899
213,7,3,4,2670,Fibroblast,Macrophage,VEGFA,CD44,CommuSpace_HS_07694,0.0031219886150211
213,8,4,4,351,Macrophage,Macrophage,CCL2,CCR1,CommuSpace_HS_00946,0.0030591641552746
213,9,1,8,583,Endothelial,T cell,COL4A1,CD44,CommuSpace_HS_01729,0.0030381362885236
213,10,3,4,2530,Fibroblast,Macrophage,THY1,ITGAX,CommuSpace_HS_07427,0.0029300171881914
214,1,4,4,1359,Macrophage,Macrophage,GNAI2,C5AR1,CommuSpace_HS_03953,0.0051916833035647
214,2,3,8,583,Fibroblast,T cell,COL4A1,CD44,CommuSpace_HS_01729,0.0048420159146189
214,3,3,8,2670,Fibroblast,T cell,VEGFA,CD44,CommuSpace_HS_07694,0.004651503637433
214,4,3,8,2541,Fibroblast,T cell,TIMP2,CD44,CommuSpace_HS_07444,0.0043154377490282
214,5,3,4,351,Fibroblast,Macrophage,CCL2,CCR1,CommuSpace_HS_00946,0.0037802839651703
214,6,3,4,2311,Fibroblast,Macrophage,SERPINE1,PLAUR,CommuSpace_HS_06869,0.0035899183712899
214,7,3,4,2670,Fibroblast,Macrophage,VEGFA,CD44,CommuSpace_HS_07694,0.0031219886150211
214,8,4,4,351,Macrophage,Macrophage,CCL2,CCR1,CommuSpace_HS_00946,0.0030591641552746
214,9,1,8,583,Endothelial,T cell,COL4A1,CD44,CommuSpace_HS_01729,0.0030381362885236
214,10,3,4,2530,Fibroblast,Macrophage,THY1,ITGAX,CommuSpace_HS_07427,0.0029300171881914
215,1,4,4,1359,Macrophage,Macrophage,GNAI2,C5AR1,CommuSpace_HS_03953,0.0051916833035647
215,2,3,8,583,Fibroblast,T cell,COL4A1,CD44,CommuSpace_HS_01729,0.0048420159146189
215,3,3,8,2670,Fibroblast,T cell,VEGFA,CD44,CommuSpace_HS_07694,0.004651503637433
215,4,3,8,2541,Fibroblast,T cell,TIMP2,CD44,CommuSpace_HS_07444,0.0043154377490282
215,5,3,4,351,Fibroblast,Macrophage,CCL2,CCR1,CommuSpace_HS_00946,0.0037802839651703
215,6,3,4,2311,Fibroblast,Macrophage,SERPINE1,PLAUR,CommuSpace_HS_06869,0.0035899183712899
215,7,3,4,2670,Fibroblast,Macrophage,VEGFA,CD44,CommuSpace_HS_07694,0.0031219886150211
215,8,4,4,351,Macrophage,Macrophage,CCL2,CCR1,CommuSpace_HS_00946,0.0030591641552746
215,9,1,8,583,Endothelial,T cell,COL4A1,CD44,CommuSpace_HS_01729,0.0030381362885236
215,10,3,4,2530,Fibroblast,Macrophage,THY1,ITGAX,CommuSpace_HS_07427,0.0029300171881914
216,1,4,4,1359,Macrophage,Macrophage,GNAI2,C5AR1,CommuSpace_HS_03953,0.0051916833035647
216,2,3,8,583,Fibroblast,T cell,COL4A1,CD44,CommuSpace_HS_01729,0.0048420159146189
216,3,3,8,2670,Fibroblast,T cell,VEGFA,CD44,CommuSpace_HS_07694,0.004651503637433
216,4,3,8,2541,Fibroblast,T cell,TIMP2,CD44,CommuSpace_HS_07444,0.0043154377490282
216,5,3,4,351,Fibroblast,Macrophage,CCL2,CCR1,CommuSpace_HS_00946,0.0037802839651703
216,6,3,4,2311,Fibroblast,Macrophage,SERPINE1,PLAUR,CommuSpace_HS_06869,0.0035899183712899
216,7,3,4,2670,Fibroblast,Macrophage,VEGFA,CD44,CommuSpace_HS_07694,0.0031219886150211
216,8,4,4,351,Macrophage,Macrophage,CCL2,CCR1,CommuSpace_HS_00946,0.0030591641552746
216,9,1,8,583,Endothelial,T cell,COL4A1,CD44,CommuSpace_HS_01729,0.0030381362885236
216,10,3,4,2530,Fibroblast,Macrophage,THY1,ITGAX,CommuSpace_HS_07427,0.0029300171881914
217,1,4,4,1359,Macrophage,Macrophage,GNAI2,C5AR1,CommuSpace_HS_03953,0.0051916833035647
217,2,3,8,583,Fibroblast,T cell,COL4A1,CD44,CommuSpace_HS_01729,0.0048420159146189
217,3,3,8,2670,Fibroblast,T cell,VEGFA,CD44,CommuSpace_HS_07694,0.004651503637433
217,4,3,8,2541,Fibroblast,T cell,TIMP2,CD44,CommuSpace_HS_07444,0.0043154377490282
217,5,3,4,351,Fibroblast,Macrophage,CCL2,CCR1,CommuSpace_HS_00946,0.0037802839651703
217,6,3,4,2311,Fibroblast,Macrophage,SERPINE1,PLAUR,CommuSpace_HS_06869,0.0035899183712899
217,7,3,4,2670,Fibroblast,Macrophage,VEGFA,CD44,CommuSpace_HS_07694,0.0031219886150211
217,8,4,4,351,Macrophage,Macrophage,CCL2,CCR1,CommuSpace_HS_00946,0.0030591641552746
217,9,1,8,583,Endothelial,T cell,COL4A1,CD44,CommuSpace_HS_01729,0.0030381362885236
217,10,3,4,2530,Fibroblast,Macrophage,THY1,ITGAX,CommuSpace_HS_07427,0.0029300171881914
218,1,4,4,1359,Macrophage,Macrophage,GNAI2,C5AR1,CommuSpace_HS_03953,0.0051916833035647
218,2,3,8,583,Fibroblast,T cell,COL4A1,CD44,CommuSpace_HS_01729,0.0048420159146189
218,3,3,8,2670,Fibroblast,T cell,VEGFA,CD44,CommuSpace_HS_07694,0.004651503637433
218,4,3,8,2541,Fibroblast,T cell,TIMP2,CD44,CommuSpace_HS_07444,0.0043154377490282
218,5,3,4,351,Fibroblast,Macrophage,CCL2,CCR1,CommuSpace_HS_00946,0.0037802839651703
218,6,3,4,2311,Fibroblast,Macrophage,SERPINE1,PLAUR,CommuSpace_HS_06869,0.0035899183712899
218,7,3,4,2670,Fibroblast,Macrophage,VEGFA,CD44,CommuSpace_HS_07694,0.0031219886150211
218,8,4,4,351,Macrophage,Macrophage,CCL2,CCR1,CommuSpace_HS_00946,0.0030591641552746
218,9,1,8,583,Endothelial,T cell,COL4A1,CD44,CommuSpace_HS_01729,0.0030381362885236
218,10,3,4,2530,Fibroblast,Macrophage,THY1,ITGAX,CommuSpace_HS_07427,0.0029300171881914
219,1,4,4,1359,Macrophage,Macrophage,GNAI2,C5AR1,CommuSpace_HS_03953,0.0051916833035647
219,2,3,8,583,Fibroblast,T cell,COL4A1,CD44,CommuSpace_HS_01729,0.0048420159146189
219,3,3,8,2670,Fibroblast,T cell,VEGFA,CD44,CommuSpace_HS_07694,0.004651503637433
219,4,3,8,2541,Fibroblast,T cell,TIMP2,CD44,CommuSpace_HS_07444,0.0043154377490282
219,5,3,4,351,Fibroblast,Macrophage,CCL2,CCR1,CommuSpace_HS_00946,0.0037802839651703
219,6,3,4,2311,Fibroblast,Macrophage,SERPINE1,PLAUR,CommuSpace_HS_06869,0.0035899183712899
219,7,3,4,2670,Fibroblast,Macrophage,VEGFA,CD44,CommuSpace_HS_07694,0.0031219886150211
219,8,4,4,351,Macrophage,Macrophage,CCL2,CCR1,CommuSpace_HS_00946,0.0030591641552746
219,9,1,8,583,Endothelial,T cell,COL4A1,CD44,CommuSpace_HS_01729,0.0030381362885236
219,10,3,4,2530,Fibroblast,Macrophage,THY1,ITGAX,CommuSpace_HS_07427,0.0029300171881914
220,1,4,4,1359,Macrophage,Macrophage,GNAI2,C5AR1,CommuSpace_HS_03953,0.0051916833035647
220,2,3,8,583,Fibroblast,T cell,COL4A1,CD44,CommuSpace_HS_01729,0.0048420159146189
220,3,3,8,2670,Fibroblast,T cell,VEGFA,CD44,CommuSpace_HS_07694,0.004651503637433
220,4,3,8,2541,Fibroblast,T cell,TIMP2,CD44,CommuSpace_HS_07444,0.0043154377490282
220,5,3,4,351,Fibroblast,Macrophage,CCL2,CCR1,CommuSpace_HS_00946,0.0037802839651703
220,6,3,4,2311,Fibroblast,Macrophage,SERPINE1,PLAUR,CommuSpace_HS_06869,0.0035899183712899
220,7,3,4,2670,Fibroblast,Macrophage,VEGFA,CD44,CommuSpace_HS_07694,0.0031219886150211
220,8,4,4,351,Macrophage,Macrophage,CCL2,CCR1,CommuSpace_HS_00946,0.0030591641552746
220,9,1,8,583,Endothelial,T cell,COL4A1,CD44,CommuSpace_HS_01729,0.0030381362885236
220,10,3,4,2530,Fibroblast,Macrophage,THY1,ITGAX,CommuSpace_HS_07427,0.0029300171881914
221,1,3,5,2547,Fibroblast,Mast cell,TIMP3,CD44,CommuSpace_HS_07452,0.1926130950450897
221,2,3,4,2530,Fibroblast,Macrophage,THY1,ITGAX,CommuSpace_HS_07427,0.0545316040515899
221,3,3,5,2670,Fibroblast,Mast cell,VEGFA,CD44,CommuSpace_HS_07694,0.0271888729184865
221,4,3,5,2541,Fibroblast,Mast cell,TIMP2,CD44,CommuSpace_HS_07444,0.0253118202090263
221,5,3,5,583,Fibroblast,Mast cell,COL4A1,CD44,CommuSpace_HS_01729,0.0124356718733906
221,6,5,3,1835,Mast cell,Fibroblast,LIF,IL6ST,CommuSpace_HS_05222,0.0067654540762305
221,7,4,5,2085,Macrophage,Mast cell,PKM,CD44,CommuSpace_HS_06177,0.0034975656308233
221,8,3,8,2670,Fibroblast,T cell,VEGFA,CD44,CommuSpace_HS_07694,0.0028577323537319
221,9,4,4,1359,Macrophage,Macrophage,GNAI2,C5AR1,CommuSpace_HS_03953,0.0028342027217149
221,10,3,4,2670,Fibroblast,Macrophage,VEGFA,CD44,CommuSpace_HS_07694,0.0028183395043015
222,1,4,4,1359,Macrophage,Macrophage,GNAI2,C5AR1,CommuSpace_HS_03953,0.0051916833035647
222,2,3,8,583,Fibroblast,T cell,COL4A1,CD44,CommuSpace_HS_01729,0.0048420159146189
222,3,3,8,2670,Fibroblast,T cell,VEGFA,CD44,CommuSpace_HS_07694,0.004651503637433
222,4,3,8,2541,Fibroblast,T cell,TIMP2,CD44,CommuSpace_HS_07444,0.0043154377490282
222,5,3,4,351,Fibroblast,Macrophage,CCL2,CCR1,CommuSpace_HS_00946,0.0037802839651703
222,6,3,4,2311,Fibroblast,Macrophage,SERPINE1,PLAUR,CommuSpace_HS_06869,0.0035899183712899
222,7,3,4,2670,Fibroblast,Macrophage,VEGFA,CD44,CommuSpace_HS_07694,0.0031219886150211
222,8,4,4,351,Macrophage,Macrophage,CCL2,CCR1,CommuSpace_HS_00946,0.0030591641552746
222,9,1,8,583,Endothelial,T cell,COL4A1,CD44,CommuSpace_HS_01729,0.0030381362885236
222,10,3,4,2530,Fibroblast,Macrophage,THY1,ITGAX,CommuSpace_HS_07427,0.0029300171881914
223,1,4,4,1359,Macrophage,Macrophage,GNAI2,C5AR1,CommuSpace_HS_03953,0.0051916833035647
223,2,3,8,583,Fibroblast,T cell,COL4A1,CD44,CommuSpace_HS_01729,0.0048420159146189
223,3,3,8,2670,Fibroblast,T cell,VEGFA,CD44,CommuSpace_HS_07694,0.004651503637433
223,4,3,8,2541,Fibroblast,T cell,TIMP2,CD44,CommuSpace_HS_07444,0.0043154377490282
223,5,3,4,351,Fibroblast,Macrophage,CCL2,CCR1,CommuSpace_HS_00946,0.0037802839651703
223,6,3,4,2311,Fibroblast,Macrophage,SERPINE1,PLAUR,CommuSpace_HS_06869,0.0035899183712899
223,7,3,4,2670,Fibroblast,Macrophage,VEGFA,CD44,CommuSpace_HS_07694,0.0031219886150211
223,8,4,4,351,Macrophage,Macrophage,CCL2,CCR1,CommuSpace_HS_00946,0.0030591641552746
223,9,1,8,583,Endothelial,T cell,COL4A1,CD44,CommuSpace_HS_01729,0.0030381362885236
223,10,3,4,2530,Fibroblast,Macrophage,THY1,ITGAX,CommuSpace_HS_07427,0.0029300171881914
224,1,4,4,1359,Macrophage,Macrophage,GNAI2,C5AR1,CommuSpace_HS_03953,0.0051916833035647
224,2,3,8,583,Fibroblast,T cell,COL4A1,CD44,CommuSpace_HS_01729,0.0048420159146189
224,3,3,8,2670,Fibroblast,T cell,VEGFA,CD44,CommuSpace_HS_07694,0.004651503637433
224,4,3,8,2541,Fibroblast,T cell,TIMP2,CD44,CommuSpace_HS_07444,0.0043154377490282
224,5,3,4,351,Fibroblast,Macrophage,CCL2,CCR1,CommuSpace_HS_00946,0.0037802839651703
224,6,3,4,2311,Fibroblast,Macrophage,SERPINE1,PLAUR,CommuSpace_HS_06869,0.0035899183712899
224,7,3,4,2670,Fibroblast,Macrophage,VEGFA,CD44,CommuSpace_HS_07694,0.0031219886150211
224,8,4,4,351,Macrophage,Macrophage,CCL2,CCR1,CommuSpace_HS_00946,0.0030591641552746
224,9,1,8,583,Endothelial,T cell,COL4A1,CD44,CommuSpace_HS_01729,0.0030381362885236
224,10,3,4,2530,Fibroblast,Macrophage,THY1,ITGAX,CommuSpace_HS_07427,0.0029300171881914
225,1,4,4,1359,Macrophage,Macrophage,GNAI2,C5AR1,CommuSpace_HS_03953,0.0051916833035647
225,2,3,8,583,Fibroblast,T cell,COL4A1,CD44,CommuSpace_HS_01729,0.0048420159146189
225,3,3,8,2670,Fibroblast,T cell,VEGFA,CD44,CommuSpace_HS_07694,0.004651503637433
225,4,3,8,2541,Fibroblast,T cell,TIMP2,CD44,CommuSpace_HS_07444,0.0043154377490282
225,5,3,4,351,Fibroblast,Macrophage,CCL2,CCR1,CommuSpace_HS_00946,0.0037802839651703
225,6,3,4,2311,Fibroblast,Macrophage,SERPINE1,PLAUR,CommuSpace_HS_06869,0.0035899183712899
225,7,3,4,2670,Fibroblast,Macrophage,VEGFA,CD44,CommuSpace_HS_07694,0.0031219886150211
225,8,4,4,351,Macrophage,Macrophage,CCL2,CCR1,CommuSpace_HS_00946,0.0030591641552746
225,9,1,8,583,Endothelial,T cell,COL4A1,CD44,CommuSpace_HS_01729,0.0030381362885236
225,10,3,4,2530,Fibroblast,Macrophage,THY1,ITGAX,CommuSpace_HS_07427,0.0029300171881914
226,1,4,4,1359,Macrophage,Macrophage,GNAI2,C5AR1,CommuSpace_HS_03953,0.0051916833035647
226,2,3,8,583,Fibroblast,T cell,COL4A1,CD44,CommuSpace_HS_01729,0.0048420159146189
226,3,3,8,2670,Fibroblast,T cell,VEGFA,CD44,CommuSpace_HS_07694,0.004651503637433
226,4,3,8,2541,Fibroblast,T cell,TIMP2,CD44,CommuSpace_HS_07444,0.0043154377490282
226,5,3,4,351,Fibroblast,Macrophage,CCL2,CCR1,CommuSpace_HS_00946,0.0037802839651703
226,6,3,4,2311,Fibroblast,Macrophage,SERPINE1,PLAUR,CommuSpace_HS_06869,0.0035899183712899
226,7,3,4,2670,Fibroblast,Macrophage,VEGFA,CD44,CommuSpace_HS_07694,0.0031219886150211
226,8,4,4,351,Macrophage,Macrophage,CCL2,CCR1,CommuSpace_HS_00946,0.0030591641552746
226,9,1,8,583,Endothelial,T cell,COL4A1,CD44,CommuSpace_HS_01729,0.0030381362885236
226,10,3,4,2530,Fibroblast,Macrophage,THY1,ITGAX,CommuSpace_HS_07427,0.0029300171881914
227,1,4,4,1359,Macrophage,Macrophage,GNAI2,C5AR1,CommuSpace_HS_03953,0.0051916833035647
227,2,3,8,583,Fibroblast,T cell,COL4A1,CD44,CommuSpace_HS_01729,0.0048420159146189
227,3,3,8,2670,Fibroblast,T cell,VEGFA,CD44,CommuSpace_HS_07694,0.004651503637433
227,4,3,8,2541,Fibroblast,T cell,TIMP2,CD44,CommuSpace_HS_07444,0.0043154377490282
227,5,3,4,351,Fibroblast,Macrophage,CCL2,CCR1,CommuSpace_HS_00946,0.0037802839651703
227,6,3,4,2311,Fibroblast,Macrophage,SERPINE1,PLAUR,CommuSpace_HS_06869,0.0035899183712899
227,7,3,4,2670,Fibroblast,Macrophage,VEGFA,CD44,CommuSpace_HS_07694,0.0031219886150211
227,8,4,4,351,Macrophage,Macrophage,CCL2,CCR1,CommuSpace_HS_00946,0.0030591641552746
227,9,1,8,583,Endothelial,T cell,COL4A1,CD44,CommuSpace_HS_01729,0.0030381362885236
227,10,3,4,2530,Fibroblast,Macrophage,THY1,ITGAX,CommuSpace_HS_07427,0.0029300171881914
228,1,4,4,1359,Macrophage,Macrophage,GNAI2,C5AR1,CommuSpace_HS_03953,0.0051916833035647
228,2,3,8,583,Fibroblast,T cell,COL4A1,CD44,CommuSpace_HS_01729,0.0048420159146189
228,3,3,8,2670,Fibroblast,T cell,VEGFA,CD44,CommuSpace_HS_07694,0.004651503637433
228,4,3,8,2541,Fibroblast,T cell,TIMP2,CD44,CommuSpace_HS_07444,0.0043154377490282
228,5,3,4,351,Fibroblast,Macrophage,CCL2,CCR1,CommuSpace_HS_00946,0.0037802839651703
228,6,3,4,2311,Fibroblast,Macrophage,SERPINE1,PLAUR,CommuSpace_HS_06869,0.0035899183712899
228,7,3,4,2670,Fibroblast,Macrophage,VEGFA,CD44,CommuSpace_HS_07694,0.0031219886150211
228,8,4,4,351,Macrophage,Macrophage,CCL2,CCR1,CommuSpace_HS_00946,0.0030591641552746
228,9,1,8,583,Endothelial,T cell,COL4A1,CD44,CommuSpace_HS_01729,0.0030381362885236
228,10,3,4,2530,Fibroblast,Macrophage,THY1,ITGAX,CommuSpace_HS_07427,0.0029300171881914
229,1,4,4,1359,Macrophage,Macrophage,GNAI2,C5AR1,CommuSpace_HS_03953,0.0051916833035647
229,2,3,8,583,Fibroblast,T cell,COL4A1,CD44,CommuSpace_HS_01729,0.0048420159146189
229,3,3,8,2670,Fibroblast,T cell,VEGFA,CD44,CommuSpace_HS_07694,0.004651503637433
229,4,3,8,2541,Fibroblast,T cell,TIMP2,CD44,CommuSpace_HS_07444,0.0043154377490282
229,5,3,4,351,Fibroblast,Macrophage,CCL2,CCR1,CommuSpace_HS_00946,0.0037802839651703
229,6,3,4,2311,Fibroblast,Macrophage,SERPINE1,PLAUR,CommuSpace_HS_06869,0.0035899183712899
229,7,3,4,2670,Fibroblast,Macrophage,VEGFA,CD44,CommuSpace_HS_07694,0.0031219886150211
229,8,4,4,351,Macrophage,Macrophage,CCL2,CCR1,CommuSpace_HS_00946,0.0030591641552746
229,9,1,8,583,Endothelial,T cell,COL4A1,CD44,CommuSpace_HS_01729,0.0030381362885236
229,10,3,4,2530,Fibroblast,Macrophage,THY1,ITGAX,CommuSpace_HS_07427,0.0029300171881914
230,1,4,4,1359,Macrophage,Macrophage,GNAI2,C5AR1,CommuSpace_HS_03953,0.0051916833035647
230,2,3,8,583,Fibroblast,T cell,COL4A1,CD44,CommuSpace_HS_01729,0.0048420159146189
230,3,3,8,2670,Fibroblast,T cell,VEGFA,CD44,CommuSpace_HS_07694,0.004651503637433
230,4,3,8,2541,Fibroblast,T cell,TIMP2,CD44,CommuSpace_HS_07444,0.0043154377490282
230,5,3,4,351,Fibroblast,Macrophage,CCL2,CCR1,CommuSpace_HS_00946,0.0037802839651703
230,6,3,4,2311,Fibroblast,Macrophage,SERPINE1,PLAUR,CommuSpace_HS_06869,0.0035899183712899
230,7,3,4,2670,Fibroblast,Macrophage,VEGFA,CD44,CommuSpace_HS_07694,0.0031219886150211
230,8,4,4,351,Macrophage,Macrophage,CCL2,CCR1,CommuSpace_HS_00946,0.0030591641552746
230,9,1,8,583,Endothelial,T cell,COL4A1,CD44,CommuSpace_HS_01729,0.0030381362885236
230,10,3,4,2530,Fibroblast,Macrophage,THY1,ITGAX,CommuSpace_HS_07427,0.0029300171881914
231,1,4,4,1359,Macrophage,Macrophage,GNAI2,C5AR1,CommuSpace_HS_03953,0.0051916833035647
231,2,3,8,583,Fibroblast,T cell,COL4A1,CD44,CommuSpace_HS_01729,0.0048420159146189
231,3,3,8,2670,Fibroblast,T cell,VEGFA,CD44,CommuSpace_HS_07694,0.004651503637433
231,4,3,8,2541,Fibroblast,T cell,TIMP2,CD44,CommuSpace_HS_07444,0.0043154377490282
231,5,3,4,351,Fibroblast,Macrophage,CCL2,CCR1,CommuSpace_HS_00946,0.003780284198001
231,6,3,4,2311,Fibroblast,Macrophage,SERPINE1,PLAUR,CommuSpace_HS_06869,0.0035899186041206
231,7,3,4,2670,Fibroblast,Macrophage,VEGFA,CD44,CommuSpace_HS_07694,0.0031219886150211
231,8,4,4,351,Macrophage,Macrophage,CCL2,CCR1,CommuSpace_HS_00946,0.0030591641552746
231,9,1,8,583,Endothelial,T cell,COL4A1,CD44,CommuSpace_HS_01729,0.0030381362885236
231,10,3,4,2530,Fibroblast,Macrophage,THY1,ITGAX,CommuSpace_HS_07427,0.0029300171881914
232,1,4,4,1359,Macrophage,Macrophage,GNAI2,C5AR1,CommuSpace_HS_03953,0.0051916833035647
232,2,3,8,583,Fibroblast,T cell,COL4A1,CD44,CommuSpace_HS_01729,0.0048420159146189
232,3,3,8,2670,Fibroblast,T cell,VEGFA,CD44,CommuSpace_HS_07694,0.004651503637433
232,4,3,8,2541,Fibroblast,T cell,TIMP2,CD44,CommuSpace_HS_07444,0.0043154377490282
232,5,3,4,351,Fibroblast,Macrophage,CCL2,CCR1,CommuSpace_HS_00946,0.003780284198001
232,6,3,4,2311,Fibroblast,Macrophage,SERPINE1,PLAUR,CommuSpace_HS_06869,0.0035899186041206
232,7,3,4,2670,Fibroblast,Macrophage,VEGFA,CD44,CommuSpace_HS_07694,0.0031219886150211
232,8,4,4,351,Macrophage,Macrophage,CCL2,CCR1,CommuSpace_HS_00946,0.0030591641552746
232,9,1,8,583,Endothelial,T cell,COL4A1,CD44,CommuSpace_HS_01729,0.0030381362885236
232,10,3,4,2530,Fibroblast,Macrophage,THY1,ITGAX,CommuSpace_HS_07427,0.0029300171881914
233,1,4,4,1359,Macrophage,Macrophage,GNAI2,C5AR1,CommuSpace_HS_03953,0.0051916833035647
233,2,3,8,583,Fibroblast,T cell,COL4A1,CD44,CommuSpace_HS_01729,0.0048420159146189
233,3,3,8,2670,Fibroblast,T cell,VEGFA,CD44,CommuSpace_HS_07694,0.004651503637433
233,4,3,8,2541,Fibroblast,T cell,TIMP2,CD44,CommuSpace_HS_07444,0.0043154377490282
233,5,3,4,351,Fibroblast,Macrophage,CCL2,CCR1,CommuSpace_HS_00946,0.003780284198001
233,6,3,4,2311,Fibroblast,Macrophage,SERPINE1,PLAUR,CommuSpace_HS_06869,0.0035899186041206
233,7,3,4,2670,Fibroblast,Macrophage,VEGFA,CD44,CommuSpace_HS_07694,0.0031219886150211
233,8,4,4,351,Macrophage,Macrophage,CCL2,CCR1,CommuSpace_HS_00946,0.0030591641552746
233,9,1,8,583,Endothelial,T cell,COL4A1,CD44,CommuSpace_HS_01729,0.0030381362885236
233,10,3,4,2530,Fibroblast,Macrophage,THY1,ITGAX,CommuSpace_HS_07427,0.0029300171881914
234,1,4,4,1359,Macrophage,Macrophage,GNAI2,C5AR1,CommuSpace_HS_03953,0.0051916833035647
234,2,3,8,583,Fibroblast,T cell,COL4A1,CD44,CommuSpace_HS_01729,0.0048420159146189
234,3,3,8,2670,Fibroblast,T cell,VEGFA,CD44,CommuSpace_HS_07694,0.004651503637433
234,4,3,8,2541,Fibroblast,T cell,TIMP2,CD44,CommuSpace_HS_07444,0.0043154377490282
234,5,3,4,351,Fibroblast,Macrophage,CCL2,CCR1,CommuSpace_HS_00946,0.003780284198001
234,6,3,4,2311,Fibroblast,Macrophage,SERPINE1,PLAUR,CommuSpace_HS_06869,0.0035899186041206
234,7,3,4,2670,Fibroblast,Macrophage,VEGFA,CD44,CommuSpace_HS_07694,0.0031219886150211
234,8,4,4,351,Macrophage,Macrophage,CCL2,CCR1,CommuSpace_HS_00946,0.0030591641552746
234,9,1,8,583,Endothelial,T cell,COL4A1,CD44,CommuSpace_HS_01729,0.0030381362885236
234,10,3,4,2530,Fibroblast,Macrophage,THY1,ITGAX,CommuSpace_HS_07427,0.0029300171881914
235,1,4,4,1359,Macrophage,Macrophage,GNAI2,C5AR1,CommuSpace_HS_03953,0.0051916833035647
235,2,3,8,583,Fibroblast,T cell,COL4A1,CD44,CommuSpace_HS_01729,0.0048420159146189
235,3,3,8,2670,Fibroblast,T cell,VEGFA,CD44,CommuSpace_HS_07694,0.004651503637433
235,4,3,8,2541,Fibroblast,T cell,TIMP2,CD44,CommuSpace_HS_07444,0.0043154377490282
235,5,3,4,351,Fibroblast,Macrophage,CCL2,CCR1,CommuSpace_HS_00946,0.003780284198001
235,6,3,4,2311,Fibroblast,Macrophage,SERPINE1,PLAUR,CommuSpace_HS_06869,0.0035899186041206
235,7,3,4,2670,Fibroblast,Macrophage,VEGFA,CD44,CommuSpace_HS_07694,0.0031219886150211
235,8,4,4,351,Macrophage,Macrophage,CCL2,CCR1,CommuSpace_HS_00946,0.0030591641552746
235,9,1,8,583,Endothelial,T cell,COL4A1,CD44,CommuSpace_HS_01729,0.0030381362885236
235,10,3,4,2530,Fibroblast,Macrophage,THY1,ITGAX,CommuSpace_HS_07427,0.0029300171881914
236,1,4,4,1359,Macrophage,Macrophage,GNAI2,C5AR1,CommuSpace_HS_03953,0.0051916833035647
236,2,3,8,583,Fibroblast,T cell,COL4A1,CD44,CommuSpace_HS_01729,0.0048420159146189
236,3,3,8,2670,Fibroblast,T cell,VEGFA,CD44,CommuSpace_HS_07694,0.004651503637433
236,4,3,8,2541,Fibroblast,T cell,TIMP2,CD44,CommuSpace_HS_07444,0.0043154377490282
236,5,3,4,351,Fibroblast,Macrophage,CCL2,CCR1,CommuSpace_HS_00946,0.003780284198001
236,6,3,4,2311,Fibroblast,Macrophage,SERPINE1,PLAUR,CommuSpace_HS_06869,0.0035899186041206
236,7,3,4,2670,Fibroblast,Macrophage,VEGFA,CD44,CommuSpace_HS_07694,0.0031219886150211
236,8,4,4,351,Macrophage,Macrophage,CCL2,CCR1,CommuSpace_HS_00946,0.0030591641552746
236,9,1,8,583,Endothelial,T cell,COL4A1,CD44,CommuSpace_HS_01729,0.0030381362885236
236,10,3,4,2530,Fibroblast,Macrophage,THY1,ITGAX,CommuSpace_HS_07427,0.0029300171881914
237,1,4,4,1359,Macrophage,Macrophage,GNAI2,C5AR1,CommuSpace_HS_03953,0.0051916833035647
237,2,3,8,583,Fibroblast,T cell,COL4A1,CD44,CommuSpace_HS_01729,0.0048420159146189
237,3,3,8,2670,Fibroblast,T cell,VEGFA,CD44,CommuSpace_HS_07694,0.004651503637433
237,4,3,8,2541,Fibroblast,T cell,TIMP2,CD44,CommuSpace_HS_07444,0.0043154377490282
237,5,3,4,351,Fibroblast,Macrophage,CCL2,CCR1,CommuSpace_HS_00946,0.003780284198001
237,6,3,4,2311,Fibroblast,Macrophage,SERPINE1,PLAUR,CommuSpace_HS_06869,0.0035899186041206
237,7,3,4,2670,Fibroblast,Macrophage,VEGFA,CD44,CommuSpace_HS_07694,0.0031219886150211
237,8,4,4,351,Macrophage,Macrophage,CCL2,CCR1,CommuSpace_HS_00946,0.0030591641552746
237,9,1,8,583,Endothelial,T cell,COL4A1,CD44,CommuSpace_HS_01729,0.0030381362885236
237,10,3,4,2530,Fibroblast,Macrophage,THY1,ITGAX,CommuSpace_HS_07427,0.0029300171881914
238,1,4,4,1359,Macrophage,Macrophage,GNAI2,C5AR1,CommuSpace_HS_03953,0.0051916833035647
238,2,3,8,583,Fibroblast,T cell,COL4A1,CD44,CommuSpace_HS_01729,0.0048420159146189
238,3,3,8,2670,Fibroblast,T cell,VEGFA,CD44,CommuSpace_HS_07694,0.004651503637433
238,4,3,8,2541,Fibroblast,T cell,TIMP2,CD44,CommuSpace_HS_07444,0.0043154377490282
238,5,3,4,351,Fibroblast,Macrophage,CCL2,CCR1,CommuSpace_HS_00946,0.003780284198001
238,6,3,4,2311,Fibroblast,Macrophage,SERPINE1,PLAUR,CommuSpace_HS_06869,0.0035899186041206
238,7,3,4,2670,Fibroblast,Macrophage,VEGFA,CD44,CommuSpace_HS_07694,0.0031219886150211
238,8,4,4,351,Macrophage,Macrophage,CCL2,CCR1,CommuSpace_HS_00946,0.0030591641552746
238,9,1,8,583,Endothelial,T cell,COL4A1,CD44,CommuSpace_HS_01729,0.0030381362885236
238,10,3,4,2530,Fibroblast,Macrophage,THY1,ITGAX,CommuSpace_HS_07427,0.0029300171881914
239,1,4,4,1359,Macrophage,Macrophage,GNAI2,C5AR1,CommuSpace_HS_03953,0.0051916833035647
239,2,3,8,583,Fibroblast,T cell,COL4A1,CD44,CommuSpace_HS_01729,0.0048420159146189
239,3,3,8,2670,Fibroblast,T cell,VEGFA,CD44,CommuSpace_HS_07694,0.004651503637433
239,4,3,8,2541,Fibroblast,T cell,TIMP2,CD44,CommuSpace_HS_07444,0.0043154377490282
239,5,3,4,351,Fibroblast,Macrophage,CCL2,CCR1,CommuSpace_HS_00946,0.003780284198001
239,6,3,4,2311,Fibroblast,Macrophage,SERPINE1,PLAUR,CommuSpace_HS_06869,0.0035899186041206
239,7,3,4,2670,Fibroblast,Macrophage,VEGFA,CD44,CommuSpace_HS_07694,0.0031219886150211
239,8,4,4,351,Macrophage,Macrophage,CCL2,CCR1,CommuSpace_HS_00946,0.0030591641552746
239,9,1,8,583,Endothelial,T cell,COL4A1,CD44,CommuSpace_HS_01729,0.0030381362885236
239,10,3,4,2530,Fibroblast,Macrophage,THY1,ITGAX,CommuSpace_HS_07427,0.0029300171881914
240,1,4,4,1359,Macrophage,Macrophage,GNAI2,C5AR1,CommuSpace_HS_03953,0.0051916833035647
240,2,3,8,583,Fibroblast,T cell,COL4A1,CD44,CommuSpace_HS_01729,0.0048420159146189
240,3,3,8,2670,Fibroblast,T cell,VEGFA,CD44,CommuSpace_HS_07694,0.004651503637433
240,4,3,8,2541,Fibroblast,T cell,TIMP2,CD44,CommuSpace_HS_07444,0.0043154377490282
240,5,3,4,351,Fibroblast,Macrophage,CCL2,CCR1,CommuSpace_HS_00946,0.003780284198001
240,6,3,4,2311,Fibroblast,Macrophage,SERPINE1,PLAUR,CommuSpace_HS_06869,0.0035899186041206
240,7,3,4,2670,Fibroblast,Macrophage,VEGFA,CD44,CommuSpace_HS_07694,0.0031219886150211
240,8,4,4,351,Macrophage,Macrophage,CCL2,CCR1,CommuSpace_HS_00946,0.0030591641552746
240,9,1,8,583,Endothelial,T cell,COL4A1,CD44,CommuSpace_HS_01729,0.0030381362885236
240,10,3,4,2530,Fibroblast,Macrophage,THY1,ITGAX,CommuSpace_HS_07427,0.0029300171881914
241,1,4,4,1359,Macrophage,Macrophage,GNAI2,C5AR1,CommuSpace_HS_03953,0.0051916833035647
241,2,3,8,583,Fibroblast,T cell,COL4A1,CD44,CommuSpace_HS_01729,0.0048420159146189
241,3,3,8,2670,Fibroblast,T cell,VEGFA,CD44,CommuSpace_HS_07694,0.004651503637433
241,4,3,8,2541,Fibroblast,T cell,TIMP2,CD44,CommuSpace_HS_07444,0.0043154377490282
241,5,3,4,351,Fibroblast,Macrophage,CCL2,CCR1,CommuSpace_HS_00946,0.003780284198001
241,6,3,4,2311,Fibroblast,Macrophage,SERPINE1,PLAUR,CommuSpace_HS_06869,0.0035899186041206
241,7,3,4,2670,Fibroblast,Macrophage,VEGFA,CD44,CommuSpace_HS_07694,0.0031219886150211
241,8,4,4,351,Macrophage,Macrophage,CCL2,CCR1,CommuSpace_HS_00946,0.0030591641552746
241,9,1,8,583,Endothelial,T cell,COL4A1,CD44,CommuSpace_HS_01729,0.0030381362885236
241,10,3,4,2530,Fibroblast,Macrophage,THY1,ITGAX,CommuSpace_HS_07427,0.0029300171881914
242,1,4,4,1359,Macrophage,Macrophage,GNAI2,C5AR1,CommuSpace_HS_03953,0.0051916833035647
242,2,3,8,583,Fibroblast,T cell,COL4A1,CD44,CommuSpace_HS_01729,0.0048420159146189
242,3,3,8,2670,Fibroblast,T cell,VEGFA,CD44,CommuSpace_HS_07694,0.004651503637433
242,4,3,8,2541,Fibroblast,T cell,TIMP2,CD44,CommuSpace_HS_07444,0.0043154377490282
242,5,3,4,351,Fibroblast,Macrophage,CCL2,CCR1,CommuSpace_HS_00946,0.003780284198001
242,6,3,4,2311,Fibroblast,Macrophage,SERPINE1,PLAUR,CommuSpace_HS_06869,0.0035899186041206
242,7,3,4,2670,Fibroblast,Macrophage,VEGFA,CD44,CommuSpace_HS_07694,0.0031219886150211
242,8,4,4,351,Macrophage,Macrophage,CCL2,CCR1,CommuSpace_HS_00946,0.0030591641552746
242,9,1,8,583,Endothelial,T cell,COL4A1,CD44,CommuSpace_HS_01729,0.0030381362885236
242,10,3,4,2530,Fibroblast,Macrophage,THY1,ITGAX,CommuSpace_HS_07427,0.0029300171881914
243,1,4,4,1359,Macrophage,Macrophage,GNAI2,C5AR1,CommuSpace_HS_03953,0.0051916833035647
243,2,3,8,583,Fibroblast,T cell,COL4A1,CD44,CommuSpace_HS_01729,0.0048420159146189
243,3,3,8,2670,Fibroblast,T cell,VEGFA,CD44,CommuSpace_HS_07694,0.004651503637433
243,4,3,8,2541,Fibroblast,T cell,TIMP2,CD44,CommuSpace_HS_07444,0.0043154377490282
243,5,3,4,351,Fibroblast,Macrophage,CCL2,CCR1,CommuSpace_HS_00946,0.003780284198001
243,6,3,4,2311,Fibroblast,Macrophage,SERPINE1,PLAUR,CommuSpace_HS_06869,0.0035899186041206
243,7,3,4,2670,Fibroblast,Macrophage,VEGFA,CD44,CommuSpace_HS_07694,0.0031219886150211
243,8,4,4,351,Macrophage,Macrophage,CCL2,CCR1,CommuSpace_HS_00946,0.0030591641552746
243,9,1,8,583,Endothelial,T cell,COL4A1,CD44,CommuSpace_HS_01729,0.0030381362885236
243,10,3,4,2530,Fibroblast,Macrophage,THY1,ITGAX,CommuSpace_HS_07427,0.0029300171881914
244,1,4,4,1359,Macrophage,Macrophage,GNAI2,C5AR1,CommuSpace_HS_03953,0.0051916833035647
244,2,3,8,583,Fibroblast,T cell,COL4A1,CD44,CommuSpace_HS_01729,0.0048420159146189
244,3,3,8,2670,Fibroblast,T cell,VEGFA,CD44,CommuSpace_HS_07694,0.004651503637433
244,4,3,8,2541,Fibroblast,T cell,TIMP2,CD44,CommuSpace_HS_07444,0.0043154377490282
244,5,3,4,351,Fibroblast,Macrophage,CCL2,CCR1,CommuSpace_HS_00946,0.003780284198001
244,6,3,4,2311,Fibroblast,Macrophage,SERPINE1,PLAUR,CommuSpace_HS_06869,0.0035899186041206
244,7,3,4,2670,Fibroblast,Macrophage,VEGFA,CD44,CommuSpace_HS_07694,0.0031219886150211
244,8,4,4,351,Macrophage,Macrophage,CCL2,CCR1,CommuSpace_HS_00946,0.0030591641552746
244,9,1,8,583,Endothelial,T cell,COL4A1,CD44,CommuSpace_HS_01729,0.0030381362885236
244,10,3,4,2530,Fibroblast,Macrophage,THY1,ITGAX,CommuSpace_HS_07427,0.0029300171881914
245,1,4,4,1359,Macrophage,Macrophage,GNAI2,C5AR1,CommuSpace_HS_03953,0.0051916833035647
245,2,3,8,583,Fibroblast,T cell,COL4A1,CD44,CommuSpace_HS_01729,0.0048420159146189
245,3,3,8,2670,Fibroblast,T cell,VEGFA,CD44,CommuSpace_HS_07694,0.004651503637433
245,4,3,8,2541,Fibroblast,T cell,TIMP2,CD44,CommuSpace_HS_07444,0.0043154377490282
245,5,3,4,351,Fibroblast,Macrophage,CCL2,CCR1,CommuSpace_HS_00946,0.003780284198001
245,6,3,4,2311,Fibroblast,Macrophage,SERPINE1,PLAUR,CommuSpace_HS_06869,0.0035899186041206
245,7,3,4,2670,Fibroblast,Macrophage,VEGFA,CD44,CommuSpace_HS_07694,0.0031219886150211
245,8,4,4,351,Macrophage,Macrophage,CCL2,CCR1,CommuSpace_HS_00946,0.0030591641552746
245,9,1,8,583,Endothelial,T cell,COL4A1,CD44,CommuSpace_HS_01729,0.0030381362885236
245,10,3,4,2530,Fibroblast,Macrophage,THY1,ITGAX,CommuSpace_HS_07427,0.0029300171881914
246,1,4,4,1359,Macrophage,Macrophage,GNAI2,C5AR1,CommuSpace_HS_03953,0.0051916833035647
246,2,3,8,583,Fibroblast,T cell,COL4A1,CD44,CommuSpace_HS_01729,0.0048420159146189
246,3,3,8,2670,Fibroblast,T cell,VEGFA,CD44,CommuSpace_HS_07694,0.004651503637433
246,4,3,8,2541,Fibroblast,T cell,TIMP2,CD44,CommuSpace_HS_07444,0.0043154377490282
246,5,3,4,351,Fibroblast,Macrophage,CCL2,CCR1,CommuSpace_HS_00946,0.003780284198001
246,6,3,4,2311,Fibroblast,Macrophage,SERPINE1,PLAUR,CommuSpace_HS_06869,0.0035899186041206
246,7,3,4,2670,Fibroblast,Macrophage,VEGFA,CD44,CommuSpace_HS_07694,0.0031219886150211
246,8,4,4,351,Macrophage,Macrophage,CCL2,CCR1,CommuSpace_HS_00946,0.0030591641552746
246,9,1,8,583,Endothelial,T cell,COL4A1,CD44,CommuSpace_HS_01729,0.0030381362885236
246,10,3,4,2530,Fibroblast,Macrophage,THY1,ITGAX,CommuSpace_HS_07427,0.002930017421022
247,1,4,4,1359,Macrophage,Macrophage,GNAI2,C5AR1,CommuSpace_HS_03953,0.0051916833035647
247,2,3,8,583,Fibroblast,T cell,COL4A1,CD44,CommuSpace_HS_01729,0.0048420159146189
247,3,3,8,2670,Fibroblast,T cell,VEGFA,CD44,CommuSpace_HS_07694,0.004651503637433
247,4,3,8,2541,Fibroblast,T cell,TIMP2,CD44,CommuSpace_HS_07444,0.0043154377490282
247,5,3,4,351,Fibroblast,Macrophage,CCL2,CCR1,CommuSpace_HS_00946,0.003780284198001
247,6,3,4,2311,Fibroblast,Macrophage,SERPINE1,PLAUR,CommuSpace_HS_06869,0.0035899186041206
247,7,3,4,2670,Fibroblast,Macrophage,VEGFA,CD44,CommuSpace_HS_07694,0.0031219886150211
247,8,4,4,351,Macrophage,Macrophage,CCL2,CCR1,CommuSpace_HS_00946,0.0030591641552746
247,9,1,8,583,Endothelial,T cell,COL4A1,CD44,CommuSpace_HS_01729,0.0030381362885236
247,10,3,4,2530,Fibroblast,Macrophage,THY1,ITGAX,CommuSpace_HS_07427,0.002930017421022
248,1,4,4,1359,Macrophage,Macrophage,GNAI2,C5AR1,CommuSpace_HS_03953,0.0051916833035647
248,2,3,8,583,Fibroblast,T cell,COL4A1,CD44,CommuSpace_HS_01729,0.0048420159146189
248,3,3,8,2670,Fibroblast,T cell,VEGFA,CD44,CommuSpace_HS_07694,0.004651503637433
248,4,3,8,2541,Fibroblast,T cell,TIMP2,CD44,CommuSpace_HS_07444,0.0043154377490282
248,5,3,4,351,Fibroblast,Macrophage,CCL2,CCR1,CommuSpace_HS_00946,0.003780284198001
248,6,3,4,2311,Fibroblast,Macrophage,SERPINE1,PLAUR,CommuSpace_HS_06869,0.0035899186041206
248,7,3,4,2670,Fibroblast,Macrophage,VEGFA,CD44,CommuSpace_HS_07694,0.0031219886150211
248,8,4,4,351,Macrophage,Macrophage,CCL2,CCR1,CommuSpace_HS_00946,0.0030591641552746
248,9,1,8,583,Endothelial,T cell,COL4A1,CD44,CommuSpace_HS_01729,0.0030381362885236
248,10,3,4,2530,Fibroblast,Macrophage,THY1,ITGAX,CommuSpace_HS_07427,0.002930017421022
249,1,4,4,1359,Macrophage,Macrophage,GNAI2,C5AR1,CommuSpace_HS_03953,0.0051916833035647
249,2,3,8,583,Fibroblast,T cell,COL4A1,CD44,CommuSpace_HS_01729,0.0048420159146189
249,3,3,8,2670,Fibroblast,T cell,VEGFA,CD44,CommuSpace_HS_07694,0.004651503637433
249,4,3,8,2541,Fibroblast,T cell,TIMP2,CD44,CommuSpace_HS_07444,0.0043154377490282
249,5,3,4,351,Fibroblast,Macrophage,CCL2,CCR1,CommuSpace_HS_00946,0.003780284198001
249,6,3,4,2311,Fibroblast,Macrophage,SERPINE1,PLAUR,CommuSpace_HS_06869,0.0035899186041206
249,7,3,4,2670,Fibroblast,Macrophage,VEGFA,CD44,CommuSpace_HS_07694,0.0031219886150211
249,8,4,4,351,Macrophage,Macrophage,CCL2,CCR1,CommuSpace_HS_00946,0.0030591641552746
249,9,1,8,583,Endothelial,T cell,COL4A1,CD44,CommuSpace_HS_01729,0.0030381362885236
249,10,3,4,2530,Fibroblast,Macrophage,THY1,ITGAX,CommuSpace_HS_07427,0.002930017421022
250,1,4,4,1359,Macrophage,Macrophage,GNAI2,C5AR1,CommuSpace_HS_03953,0.0051916833035647
250,2,3,8,583,Fibroblast,T cell,COL4A1,CD44,CommuSpace_HS_01729,0.0048420159146189
250,3,3,8,2670,Fibroblast,T cell,VEGFA,CD44,CommuSpace_HS_07694,0.004651503637433
250,4,3,8,2541,Fibroblast,T cell,TIMP2,CD44,CommuSpace_HS_07444,0.0043154377490282
250,5,3,4,351,Fibroblast,Macrophage,CCL2,CCR1,CommuSpace_HS_00946,0.003780284198001
250,6,3,4,2311,Fibroblast,Macrophage,SERPINE1,PLAUR,CommuSpace_HS_06869,0.0035899186041206
250,7,3,4,2670,Fibroblast,Macrophage,VEGFA,CD44,CommuSpace_HS_07694,0.0031219886150211
250,8,4,4,351,Macrophage,Macrophage,CCL2,CCR1,CommuSpace_HS_00946,0.0030591641552746
250,9,1,8,583,Endothelial,T cell,COL4A1,CD44,CommuSpace_HS_01729,0.0030381362885236
250,10,3,4,2530,Fibroblast,Macrophage,THY1,ITGAX,CommuSpace_HS_07427,0.002930017421022
251,1,4,4,1359,Macrophage,Macrophage,GNAI2,C5AR1,CommuSpace_HS_03953,0.0051916833035647
251,2,3,8,583,Fibroblast,T cell,COL4A1,CD44,CommuSpace_HS_01729,0.0048420159146189
251,3,3,8,2670,Fibroblast,T cell,VEGFA,CD44,CommuSpace_HS_07694,0.004651503637433
251,4,3,8,2541,Fibroblast,T cell,TIMP2,CD44,CommuSpace_HS_07444,0.0043154377490282
251,5,3,4,351,Fibroblast,Macrophage,CCL2,CCR1,CommuSpace_HS_00946,0.003780284198001
251,6,3,4,2311,Fibroblast,Macrophage,SERPINE1,PLAUR,CommuSpace_HS_06869,0.0035899186041206
251,7,3,4,2670,Fibroblast,Macrophage,VEGFA,CD44,CommuSpace_HS_07694,0.0031219886150211
251,8,4,4,351,Macrophage,Macrophage,CCL2,CCR1,CommuSpace_HS_00946,0.0030591641552746
251,9,1,8,583,Endothelial,T cell,COL4A1,CD44,CommuSpace_HS_01729,0.0030381362885236
251,10,3,4,2530,Fibroblast,Macrophage,THY1,ITGAX,CommuSpace_HS_07427,0.002930017421022
252,1,4,4,1359,Macrophage,Macrophage,GNAI2,C5AR1,CommuSpace_HS_03953,0.0051916833035647
252,2,3,8,583,Fibroblast,T cell,COL4A1,CD44,CommuSpace_HS_01729,0.0048420159146189
252,3,3,8,2670,Fibroblast,T cell,VEGFA,CD44,CommuSpace_HS_07694,0.004651503637433
252,4,3,8,2541,Fibroblast,T cell,TIMP2,CD44,CommuSpace_HS_07444,0.0043154377490282
252,5,3,4,351,Fibroblast,Macrophage,CCL2,CCR1,CommuSpace_HS_00946,0.003780284198001
252,6,3,4,2311,Fibroblast,Macrophage,SERPINE1,PLAUR,CommuSpace_HS_06869,0.0035899186041206
252,7,3,4,2670,Fibroblast,Macrophage,VEGFA,CD44,CommuSpace_HS_07694,0.0031219886150211
252,8,4,4,351,Macrophage,Macrophage,CCL2,CCR1,CommuSpace_HS_00946,0.0030591641552746
252,9,1,8,583,Endothelial,T cell,COL4A1,CD44,CommuSpace_HS_01729,0.0030381362885236
252,10,3,4,2530,Fibroblast,Macrophage,THY1,ITGAX,CommuSpace_HS_07427,0.002930017421022
253,1,4,4,1359,Macrophage,Macrophage,GNAI2,C5AR1,CommuSpace_HS_03953,0.0051916833035647
253,2,3,8,583,Fibroblast,T cell,COL4A1,CD44,CommuSpace_HS_01729,0.0048420159146189
253,3,3,8,2670,Fibroblast,T cell,VEGFA,CD44,CommuSpace_HS_07694,0.004651503637433
253,4,3,8,2541,Fibroblast,T cell,TIMP2,CD44,CommuSpace_HS_07444,0.0043154377490282
253,5,3,4,351,Fibroblast,Macrophage,CCL2,CCR1,CommuSpace_HS_00946,0.003780284198001
253,6,3,4,2311,Fibroblast,Macrophage,SERPINE1,PLAUR,CommuSpace_HS_06869,0.0035899186041206
253,7,3,4,2670,Fibroblast,Macrophage,VEGFA,CD44,CommuSpace_HS_07694,0.0031219886150211
253,8,4,4,351,Macrophage,Macrophage,CCL2,CCR1,CommuSpace_HS_00946,0.0030591641552746
253,9,1,8,583,Endothelial,T cell,COL4A1,CD44,CommuSpace_HS_01729,0.0030381362885236
253,10,3,4,2530,Fibroblast,Macrophage,THY1,ITGAX,CommuSpace_HS_07427,0.002930017421022
254,1,4,4,1359,Macrophage,Macrophage,GNAI2,C5AR1,CommuSpace_HS_03953,0.0051916833035647
254,2,3,8,583,Fibroblast,T cell,COL4A1,CD44,CommuSpace_HS_01729,0.0048420159146189
254,3,3,8,2670,Fibroblast,T cell,VEGFA,CD44,CommuSpace_HS_07694,0.004651503637433
254,4,3,8,2541,Fibroblast,T cell,TIMP2,CD44,CommuSpace_HS_07444,0.0043154377490282
254,5,3,4,351,Fibroblast,Macrophage,CCL2,CCR1,CommuSpace_HS_00946,0.003780284198001
254,6,3,4,2311,Fibroblast,Macrophage,SERPINE1,PLAUR,CommuSpace_HS_06869,0.0035899186041206
254,7,3,4,2670,Fibroblast,Macrophage,VEGFA,CD44,CommuSpace_HS_07694,0.0031219886150211
254,8,4,4,351,Macrophage,Macrophage,CCL2,CCR1,CommuSpace_HS_00946,0.0030591641552746
254,9,1,8,583,Endothelial,T cell,COL4A1,CD44,CommuSpace_HS_01729,0.0030381362885236
254,10,3,4,2530,Fibroblast,Macrophage,THY1,ITGAX,CommuSpace_HS_07427,0.002930017421022
255,1,4,4,1359,Macrophage,Macrophage,GNAI2,C5AR1,CommuSpace_HS_03953,0.0051916833035647
255,2,3,8,583,Fibroblast,T cell,COL4A1,CD44,CommuSpace_HS_01729,0.0048420159146189
255,3,3,8,2670,Fibroblast,T cell,VEGFA,CD44,CommuSpace_HS_07694,0.004651503637433
255,4,3,8,2541,Fibroblast,T cell,TIMP2,CD44,CommuSpace_HS_07444,0.0043154377490282
255,5,3,4,351,Fibroblast,Macrophage,CCL2,CCR1,CommuSpace_HS_00946,0.003780284198001
255,6,3,4,2311,Fibroblast,Macrophage,SERPINE1,PLAUR,CommuSpace_HS_06869,0.0035899186041206
255,7,3,4,2670,Fibroblast,Macrophage,VEGFA,CD44,CommuSpace_HS_07694,0.0031219886150211
255,8,4,4,351,Macrophage,Macrophage,CCL2,CCR1,CommuSpace_HS_00946,0.0030591641552746
255,9,1,8,583,Endothelial,T cell,COL4A1,CD44,CommuSpace_HS_01729,0.0030381362885236
255,10,3,4,2530,Fibroblast,Macrophage,THY1,ITGAX,CommuSpace_HS_07427,0.002930017421022
256,1,4,4,1359,Macrophage,Macrophage,GNAI2,C5AR1,CommuSpace_HS_03953,0.0051916833035647
256,2,3,8,583,Fibroblast,T cell,COL4A1,CD44,CommuSpace_HS_01729,0.0048420159146189
256,3,3,8,2670,Fibroblast,T cell,VEGFA,CD44,CommuSpace_HS_07694,0.004651503637433
256,4,3,8,2541,Fibroblast,T cell,TIMP2,CD44,CommuSpace_HS_07444,0.0043154377490282
256,5,3,4,351,Fibroblast,Macrophage,CCL2,CCR1,CommuSpace_HS_00946,0.003780284198001
256,6,3,4,2311,Fibroblast,Macrophage,SERPINE1,PLAUR,CommuSpace_HS_06869,0.0035899186041206
256,7,3,4,2670,Fibroblast,Macrophage,VEGFA,CD44,CommuSpace_HS_07694,0.0031219886150211
256,8,4,4,351,Macrophage,Macrophage,CCL2,CCR1,CommuSpace_HS_00946,0.0030591641552746
256,9,1,8,583,Endothelial,T cell,COL4A1,CD44,CommuSpace_HS_01729,0.0030381362885236
256,10,3,4,2530,Fibroblast,Macrophage,THY1,ITGAX,CommuSpace_HS_07427,0.002930017421022
257,1,4,4,1359,Macrophage,Macrophage,GNAI2,C5AR1,CommuSpace_HS_03953,0.0051916833035647
257,2,3,8,583,Fibroblast,T cell,COL4A1,CD44,CommuSpace_HS_01729,0.0048420159146189
257,3,3,8,2670,Fibroblast,T cell,VEGFA,CD44,CommuSpace_HS_07694,0.004651503637433
257,4,3,8,2541,Fibroblast,T cell,TIMP2,CD44,CommuSpace_HS_07444,0.0043154377490282
257,5,3,4,351,Fibroblast,Macrophage,CCL2,CCR1,CommuSpace_HS_00946,0.003780284198001
257,6,3,4,2311,Fibroblast,Macrophage,SERPINE1,PLAUR,CommuSpace_HS_06869,0.0035899186041206
257,7,3,4,2670,Fibroblast,Macrophage,VEGFA,CD44,CommuSpace_HS_07694,0.0031219886150211
257,8,4,4,351,Macrophage,Macrophage,CCL2,CCR1,CommuSpace_HS_00946,0.0030591641552746
257,9,1,8,583,Endothelial,T cell,COL4A1,CD44,CommuSpace_HS_01729,0.0030381362885236
257,10,3,4,2530,Fibroblast,Macrophage,THY1,ITGAX,CommuSpace_HS_07427,0.002930017421022
258,1,4,4,1359,Macrophage,Macrophage,GNAI2,C5AR1,CommuSpace_HS_03953,0.0051916833035647
258,2,3,8,583,Fibroblast,T cell,COL4A1,CD44,CommuSpace_HS_01729,0.0048420159146189
258,3,3,8,2670,Fibroblast,T cell,VEGFA,CD44,CommuSpace_HS_07694,0.004651503637433
258,4,3,8,2541,Fibroblast,T cell,TIMP2,CD44,CommuSpace_HS_07444,0.0043154377490282
258,5,3,4,351,Fibroblast,Macrophage,CCL2,CCR1,CommuSpace_HS_00946,0.003780284198001
258,6,3,4,2311,Fibroblast,Macrophage,SERPINE1,PLAUR,CommuSpace_HS_06869,0.0035899186041206
258,7,3,4,2670,Fibroblast,Macrophage,VEGFA,CD44,CommuSpace_HS_07694,0.0031219886150211
258,8,4,4,351,Macrophage,Macrophage,CCL2,CCR1,CommuSpace_HS_00946,0.0030591641552746
258,9,1,8,583,Endothelial,T cell,COL4A1,CD44,CommuSpace_HS_01729,0.0030381362885236
258,10,3,4,2530,Fibroblast,Macrophage,THY1,ITGAX,CommuSpace_HS_07427,0.002930017421022
259,1,4,4,1359,Macrophage,Macrophage,GNAI2,C5AR1,CommuSpace_HS_03953,0.0051916833035647
259,2,3,8,583,Fibroblast,T cell,COL4A1,CD44,CommuSpace_HS_01729,0.0048420159146189
259,3,3,8,2670,Fibroblast,T cell,VEGFA,CD44,CommuSpace_HS_07694,0.004651503637433
259,4,3,8,2541,Fibroblast,T cell,TIMP2,CD44,CommuSpace_HS_07444,0.0043154377490282
259,5,3,4,351,Fibroblast,Macrophage,CCL2,CCR1,CommuSpace_HS_00946,0.003780284198001
259,6,3,4,2311,Fibroblast,Macrophage,SERPINE1,PLAUR,CommuSpace_HS_06869,0.0035899186041206
259,7,3,4,2670,Fibroblast,Macrophage,VEGFA,CD44,CommuSpace_HS_07694,0.0031219886150211
259,8,4,4,351,Macrophage,Macrophage,CCL2,CCR1,CommuSpace_HS_00946,0.0030591641552746
259,9,1,8,583,Endothelial,T cell,COL4A1,CD44,CommuSpace_HS_01729,0.0030381362885236
259,10,3,4,2530,Fibroblast,Macrophage,THY1,ITGAX,CommuSpace_HS_07427,0.002930017421022
260,1,4,4,1359,Macrophage,Macrophage,GNAI2,C5AR1,CommuSpace_HS_03953,0.0051916833035647
260,2,3,8,583,Fibroblast,T cell,COL4A1,CD44,CommuSpace_HS_01729,0.0048420159146189
260,3,3,8,2670,Fibroblast,T cell,VEGFA,CD44,CommuSpace_HS_07694,0.004651503637433
260,4,3,8,2541,Fibroblast,T cell,TIMP2,CD44,CommuSpace_HS_07444,0.0043154377490282
260,5,3,4,351,Fibroblast,Macrophage,CCL2,CCR1,CommuSpace_HS_00946,0.003780284198001
260,6,3,4,2311,Fibroblast,Macrophage,SERPINE1,PLAUR,CommuSpace_HS_06869,0.0035899186041206
260,7,3,4,2670,Fibroblast,Macrophage,VEGFA,CD44,CommuSpace_HS_07694,0.0031219886150211
260,8,4,4,351,Macrophage,Macrophage,CCL2,CCR1,CommuSpace_HS_00946,0.0030591641552746
260,9,1,8,583,Endothelial,T cell,COL4A1,CD44,CommuSpace_HS_01729,0.0030381362885236
260,10,3,4,2530,Fibroblast,Macrophage,THY1,ITGAX,CommuSpace_HS_07427,0.002930017421022
261,1,4,4,1359,Macrophage,Macrophage,GNAI2,C5AR1,CommuSpace_HS_03953,0.0051916833035647
261,2,3,8,583,Fibroblast,T cell,COL4A1,CD44,CommuSpace_HS_01729,0.0048420159146189
261,3,3,8,2670,Fibroblast,T cell,VEGFA,CD44,CommuSpace_HS_07694,0.004651503637433
261,4,3,8,2541,Fibroblast,T cell,TIMP2,CD44,CommuSpace_HS_07444,0.0043154377490282
261,5,3,4,351,Fibroblast,Macrophage,CCL2,CCR1,CommuSpace_HS_00946,0.003780284198001
261,6,3,4,2311,Fibroblast,Macrophage,SERPINE1,PLAUR,CommuSpace_HS_06869,0.0035899186041206
261,7,3,4,2670,Fibroblast,Macrophage,VEGFA,CD44,CommuSpace_HS_07694,0.0031219886150211
261,8,4,4,351,Macrophage,Macrophage,CCL2,CCR1,CommuSpace_HS_00946,0.0030591641552746
261,9,1,8,583,Endothelial,T cell,COL4A1,CD44,CommuSpace_HS_01729,0.0030381362885236
261,10,3,4,2530,Fibroblast,Macrophage,THY1,ITGAX,CommuSpace_HS_07427,0.002930017421022
262,1,4,4,1359,Macrophage,Macrophage,GNAI2,C5AR1,CommuSpace_HS_03953,0.0051916833035647
262,2,3,8,583,Fibroblast,T cell,COL4A1,CD44,CommuSpace_HS_01729,0.0048420159146189
262,3,3,8,2670,Fibroblast,T cell,VEGFA,CD44,CommuSpace_HS_07694,0.004651503637433
262,4,3,8,2541,Fibroblast,T cell,TIMP2,CD44,CommuSpace_HS_07444,0.0043154377490282
262,5,3,4,351,Fibroblast,Macrophage,CCL2,CCR1,CommuSpace_HS_00946,0.003780284198001
262,6,3,4,2311,Fibroblast,Macrophage,SERPINE1,PLAUR,CommuSpace_HS_06869,0.0035899186041206
262,7,3,4,2670,Fibroblast,Macrophage,VEGFA,CD44,CommuSpace_HS_07694,0.0031219886150211
262,8,4,4,351,Macrophage,Macrophage,CCL2,CCR1,CommuSpace_HS_00946,0.0030591641552746
262,9,1,8,583,Endothelial,T cell,COL4A1,CD44,CommuSpace_HS_01729,0.0030381362885236
262,10,3,4,2530,Fibroblast,Macrophage,THY1,ITGAX,CommuSpace_HS_07427,0.002930017421022
263,1,4,4,1359,Macrophage,Macrophage,GNAI2,C5AR1,CommuSpace_HS_03953,0.0051916833035647
263,2,3,8,583,Fibroblast,T cell,COL4A1,CD44,CommuSpace_HS_01729,0.0048420159146189
263,3,3,8,2670,Fibroblast,T cell,VEGFA,CD44,CommuSpace_HS_07694,0.004651503637433
263,4,3,8,2541,Fibroblast,T cell,TIMP2,CD44,CommuSpace_HS_07444,0.0043154377490282
263,5,3,4,351,Fibroblast,Macrophage,CCL2,CCR1,CommuSpace_HS_00946,0.003780284198001
263,6,3,4,2311,Fibroblast,Macrophage,SERPINE1,PLAUR,CommuSpace_HS_06869,0.0035899186041206
263,7,3,4,2670,Fibroblast,Macrophage,VEGFA,CD44,CommuSpace_HS_07694,0.0031219886150211
263,8,4,4,351,Macrophage,Macrophage,CCL2,CCR1,CommuSpace_HS_00946,0.0030591641552746
263,9,1,8,583,Endothelial,T cell,COL4A1,CD44,CommuSpace_HS_01729,0.0030381362885236
263,10,3,4,2530,Fibroblast,Macrophage,THY1,ITGAX,CommuSpace_HS_07427,0.002930017421022
264,1,4,4,1359,Macrophage,Macrophage,GNAI2,C5AR1,CommuSpace_HS_03953,0.0051916833035647
264,2,3,8,583,Fibroblast,T cell,COL4A1,CD44,CommuSpace_HS_01729,0.0048420159146189
264,3,3,8,2670,Fibroblast,T cell,VEGFA,CD44,CommuSpace_HS_07694,0.004651503637433
264,4,3,8,2541,Fibroblast,T cell,TIMP2,CD44,CommuSpace_HS_07444,0.0043154377490282
264,5,3,4,351,Fibroblast,Macrophage,CCL2,CCR1,CommuSpace_HS_00946,0.003780284198001
264,6,3,4,2311,Fibroblast,Macrophage,SERPINE1,PLAUR,CommuSpace_HS_06869,0.0035899186041206
264,7,3,4,2670,Fibroblast,Macrophage,VEGFA,CD44,CommuSpace_HS_07694,0.0031219886150211
264,8,4,4,351,Macrophage,Macrophage,CCL2,CCR1,CommuSpace_HS_00946,0.0030591641552746
264,9,1,8,583,Endothelial,T cell,COL4A1,CD44,CommuSpace_HS_01729,0.0030381362885236
264,10,3,4,2530,Fibroblast,Macrophage,THY1,ITGAX,CommuSpace_HS_07427,0.002930017421022
265,1,4,4,1359,Macrophage,Macrophage,GNAI2,C5AR1,CommuSpace_HS_03953,0.0051916833035647
265,2,3,8,583,Fibroblast,T cell,COL4A1,CD44,CommuSpace_HS_01729,0.0048420159146189
265,3,3,8,2670,Fibroblast,T cell,VEGFA,CD44,CommuSpace_HS_07694,0.004651503637433
265,4,3,8,2541,Fibroblast,T cell,TIMP2,CD44,CommuSpace_HS_07444,0.0043154377490282
265,5,3,4,351,Fibroblast,Macrophage,CCL2,CCR1,CommuSpace_HS_00946,0.003780284198001
265,6,3,4,2311,Fibroblast,Macrophage,SERPINE1,PLAUR,CommuSpace_HS_06869,0.0035899186041206
265,7,3,4,2670,Fibroblast,Macrophage,VEGFA,CD44,CommuSpace_HS_07694,0.0031219886150211
265,8,4,4,351,Macrophage,Macrophage,CCL2,CCR1,CommuSpace_HS_00946,0.0030591641552746
265,9,1,8,583,Endothelial,T cell,COL4A1,CD44,CommuSpace_HS_01729,0.0030381362885236
265,10,3,4,2530,Fibroblast,Macrophage,THY1,ITGAX,CommuSpace_HS_07427,0.002930017421022
266,1,4,4,1359,Macrophage,Macrophage,GNAI2,C5AR1,CommuSpace_HS_03953,0.0051916833035647
266,2,3,8,583,Fibroblast,T cell,COL4A1,CD44,CommuSpace_HS_01729,0.0048420159146189
266,3,3,8,2670,Fibroblast,T cell,VEGFA,CD44,CommuSpace_HS_07694,0.004651503637433
266,4,3,8,2541,Fibroblast,T cell,TIMP2,CD44,CommuSpace_HS_07444,0.0043154377490282
266,5,3,4,351,Fibroblast,Macrophage,CCL2,CCR1,CommuSpace_HS_00946,0.003780284198001
266,6,3,4,2311,Fibroblast,Macrophage,SERPINE1,PLAUR,CommuSpace_HS_06869,0.0035899186041206
266,7,3,4,2670,Fibroblast,Macrophage,VEGFA,CD44,CommuSpace_HS_07694,0.0031219886150211
266,8,4,4,351,Macrophage,Macrophage,CCL2,CCR1,CommuSpace_HS_00946,0.0030591641552746
266,9,1,8,583,Endothelial,T cell,COL4A1,CD44,CommuSpace_HS_01729,0.0030381362885236
266,10,3,4,2530,Fibroblast,Macrophage,THY1,ITGAX,CommuSpace_HS_07427,0.002930017421022
267,1,4,4,1359,Macrophage,Macrophage,GNAI2,C5AR1,CommuSpace_HS_03953,0.0051916833035647
267,2,3,8,583,Fibroblast,T cell,COL4A1,CD44,CommuSpace_HS_01729,0.0048420159146189
267,3,3,8,2670,Fibroblast,T cell,VEGFA,CD44,CommuSpace_HS_07694,0.004651503637433
267,4,3,8,2541,Fibroblast,T cell,TIMP2,CD44,CommuSpace_HS_07444,0.0043154377490282
267,5,3,4,351,Fibroblast,Macrophage,CCL2,CCR1,CommuSpace_HS_00946,0.003780284198001
267,6,3,4,2311,Fibroblast,Macrophage,SERPINE1,PLAUR,CommuSpace_HS_06869,0.0035899186041206
267,7,3,4,2670,Fibroblast,Macrophage,VEGFA,CD44,CommuSpace_HS_07694,0.0031219886150211
267,8,4,4,351,Macrophage,Macrophage,CCL2,CCR1,CommuSpace_HS_00946,0.0030591641552746
267,9,1,8,583,Endothelial,T cell,COL4A1,CD44,CommuSpace_HS_01729,0.0030381362885236
267,10,3,4,2530,Fibroblast,Macrophage,THY1,ITGAX,CommuSpace_HS_07427,0.002930017421022
268,1,4,4,1359,Macrophage,Macrophage,GNAI2,C5AR1,CommuSpace_HS_03953,0.0051916833035647
268,2,3,8,583,Fibroblast,T cell,COL4A1,CD44,CommuSpace_HS_01729,0.0048420159146189
268,3,3,8,2670,Fibroblast,T cell,VEGFA,CD44,CommuSpace_HS_07694,0.004651503637433
268,4,3,8,2541,Fibroblast,T cell,TIMP2,CD44,CommuSpace_HS_07444,0.0043154377490282
268,5,3,4,351,Fibroblast,Macrophage,CCL2,CCR1,CommuSpace_HS_00946,0.003780284198001
268,6,3,4,2311,Fibroblast,Macrophage,SERPINE1,PLAUR,CommuSpace_HS_06869,0.0035899186041206
268,7,3,4,2670,Fibroblast,Macrophage,VEGFA,CD44,CommuSpace_HS_07694,0.0031219886150211
268,8,4,4,351,Macrophage,Macrophage,CCL2,CCR1,CommuSpace_HS_00946,0.0030591641552746
268,9,1,8,583,Endothelial,T cell,COL4A1,CD44,CommuSpace_HS_01729,0.0030381362885236
268,10,3,4,2530,Fibroblast,Macrophage,THY1,ITGAX,CommuSpace_HS_07427,0.002930017421022
269,1,4,4,1359,Macrophage,Macrophage,GNAI2,C5AR1,CommuSpace_HS_03953,0.0051916833035647
269,2,3,8,583,Fibroblast,T cell,COL4A1,CD44,CommuSpace_HS_01729,0.0048420159146189
269,3,3,8,2670,Fibroblast,T cell,VEGFA,CD44,CommuSpace_HS_07694,0.004651503637433
269,4,3,8,2541,Fibroblast,T cell,TIMP2,CD44,CommuSpace_HS_07444,0.0043154377490282
269,5,3,4,351,Fibroblast,Macrophage,CCL2,CCR1,CommuSpace_HS_00946,0.003780284198001
269,6,3,4,2311,Fibroblast,Macrophage,SERPINE1,PLAUR,CommuSpace_HS_06869,0.0035899186041206
269,7,3,4,2670,Fibroblast,Macrophage,VEGFA,CD44,CommuSpace_HS_07694,0.0031219886150211
269,8,4,4,351,Macrophage,Macrophage,CCL2,CCR1,CommuSpace_HS_00946,0.0030591641552746
269,9,1,8,583,Endothelial,T cell,COL4A1,CD44,CommuSpace_HS_01729,0.0030381362885236
269,10,3,4,2530,Fibroblast,Macrophage,THY1,ITGAX,CommuSpace_HS_07427,0.002930017421022
270,1,4,4,1359,Macrophage,Macrophage,GNAI2,C5AR1,CommuSpace_HS_03953,0.0051916833035647
270,2,3,8,583,Fibroblast,T cell,COL4A1,CD44,CommuSpace_HS_01729,0.0048420159146189
270,3,3,8,2670,Fibroblast,T cell,VEGFA,CD44,CommuSpace_HS_07694,0.004651503637433
270,4,3,8,2541,Fibroblast,T cell,TIMP2,CD44,CommuSpace_HS_07444,0.0043154377490282
270,5,3,4,351,Fibroblast,Macrophage,CCL2,CCR1,CommuSpace_HS_00946,0.003780284198001
270,6,3,4,2311,Fibroblast,Macrophage,SERPINE1,PLAUR,CommuSpace_HS_06869,0.0035899186041206
270,7,3,4,2670,Fibroblast,Macrophage,VEGFA,CD44,CommuSpace_HS_07694,0.0031219886150211
270,8,4,4,351,Macrophage,Macrophage,CCL2,CCR1,CommuSpace_HS_00946,0.0030591641552746
270,9,1,8,583,Endothelial,T cell,COL4A1,CD44,CommuSpace_HS_01729,0.0030381362885236
270,10,3,4,2530,Fibroblast,Macrophage,THY1,ITGAX,CommuSpace_HS_07427,0.002930017421022
271,1,4,4,1359,Macrophage,Macrophage,GNAI2,C5AR1,CommuSpace_HS_03953,0.0051916833035647
271,2,3,8,583,Fibroblast,T cell,COL4A1,CD44,CommuSpace_HS_01729,0.0048420159146189
271,3,3,8,2670,Fibroblast,T cell,VEGFA,CD44,CommuSpace_HS_07694,0.004651503637433
271,4,3,8,2541,Fibroblast,T cell,TIMP2,CD44,CommuSpace_HS_07444,0.0043154377490282
271,5,3,4,351,Fibroblast,Macrophage,CCL2,CCR1,CommuSpace_HS_00946,0.003780284198001
271,6,3,4,2311,Fibroblast,Macrophage,SERPINE1,PLAUR,CommuSpace_HS_06869,0.0035899186041206
271,7,3,4,2670,Fibroblast,Macrophage,VEGFA,CD44,CommuSpace_HS_07694,0.0031219886150211
271,8,4,4,351,Macrophage,Macrophage,CCL2,CCR1,CommuSpace_HS_00946,0.0030591641552746
271,9,1,8,583,Endothelial,T cell,COL4A1,CD44,CommuSpace_HS_01729,0.0030381362885236
271,10,3,4,2530,Fibroblast,Macrophage,THY1,ITGAX,CommuSpace_HS_07427,0.002930017421022
272,1,4,4,1359,Macrophage,Macrophage,GNAI2,C5AR1,CommuSpace_HS_03953,0.0051916833035647
272,2,3,8,583,Fibroblast,T cell,COL4A1,CD44,CommuSpace_HS_01729,0.0048420159146189
272,3,3,8,2670,Fibroblast,T cell,VEGFA,CD44,CommuSpace_HS_07694,0.004651503637433
272,4,3,8,2541,Fibroblast,T cell,TIMP2,CD44,CommuSpace_HS_07444,0.0043154377490282
272,5,3,4,351,Fibroblast,Macrophage,CCL2,CCR1,CommuSpace_HS_00946,0.003780284198001
272,6,3,4,2311,Fibroblast,Macrophage,SERPINE1,PLAUR,CommuSpace_HS_06869,0.0035899186041206
272,7,3,4,2670,Fibroblast,Macrophage,VEGFA,CD44,CommuSpace_HS_07694,0.0031219886150211
272,8,4,4,351,Macrophage,Macrophage,CCL2,CCR1,CommuSpace_HS_00946,0.0030591641552746
272,9,1,8,583,Endothelial,T cell,COL4A1,CD44,CommuSpace_HS_01729,0.0030381362885236
272,10,3,4,2530,Fibroblast,Macrophage,THY1,ITGAX,CommuSpace_HS_07427,0.002930017421022
273,1,4,4,1359,Macrophage,Macrophage,GNAI2,C5AR1,CommuSpace_HS_03953,0.0051916828379035
273,2,3,8,583,Fibroblast,T cell,COL4A1,CD44,CommuSpace_HS_01729,0.0048420154489576
273,3,3,8,2670,Fibroblast,T cell,VEGFA,CD44,CommuSpace_HS_07694,0.0046515031717717
273,4,3,8,2541,Fibroblast,T cell,TIMP2,CD44,CommuSpace_HS_07444,0.0043154377490282
273,5,3,4,351,Fibroblast,Macrophage,CCL2,CCR1,CommuSpace_HS_00946,0.0037802839651703
273,6,3,4,2311,Fibroblast,Macrophage,SERPINE1,PLAUR,CommuSpace_HS_06869,0.0035899186041206
273,7,3,4,2670,Fibroblast,Macrophage,VEGFA,CD44,CommuSpace_HS_07694,0.0031219883821904
273,8,4,4,351,Macrophage,Macrophage,CCL2,CCR1,CommuSpace_HS_00946,0.0030591641552746
273,9,1,8,583,Endothelial,T cell,COL4A1,CD44,CommuSpace_HS_01729,0.003038136055693
273,10,3,4,2530,Fibroblast,Macrophage,THY1,ITGAX,CommuSpace_HS_07427,0.0029300171881914
274,1,4,4,1359,Macrophage,Macrophage,GNAI2,C5AR1,CommuSpace_HS_03953,0.0051916828379035
274,2,3,8,583,Fibroblast,T cell,COL4A1,CD44,CommuSpace_HS_01729,0.0048420154489576
274,3,3,8,2670,Fibroblast,T cell,VEGFA,CD44,CommuSpace_HS_07694,0.0046515031717717
274,4,3,8,2541,Fibroblast,T cell,TIMP2,CD44,CommuSpace_HS_07444,0.0043154377490282
274,5,3,4,351,Fibroblast,Macrophage,CCL2,CCR1,CommuSpace_HS_00946,0.0037802839651703
274,6,3,4,2311,Fibroblast,Macrophage,SERPINE1,PLAUR,CommuSpace_HS_06869,0.0035899186041206
274,7,3,4,2670,Fibroblast,Macrophage,VEGFA,CD44,CommuSpace_HS_07694,0.0031219883821904
274,8,4,4,351,Macrophage,Macrophage,CCL2,CCR1,CommuSpace_HS_00946,0.0030591641552746
274,9,1,8,583,Endothelial,T cell,COL4A1,CD44,CommuSpace_HS_01729,0.003038136055693
274,10,3,4,2530,Fibroblast,Macrophage,THY1,ITGAX,CommuSpace_HS_07427,0.0029300171881914
275,1,4,4,1359,Macrophage,Macrophage,GNAI2,C5AR1,CommuSpace_HS_03953,0.0051916828379035
275,2,3,8,583,Fibroblast,T cell,COL4A1,CD44,CommuSpace_HS_01729,0.0048420154489576
275,3,3,8,2670,Fibroblast,T cell,VEGFA,CD44,CommuSpace_HS_07694,0.0046515031717717
275,4,3,8,2541,Fibroblast,T cell,TIMP2,CD44,CommuSpace_HS_07444,0.0043154377490282
275,5,3,4,351,Fibroblast,Macrophage,CCL2,CCR1,CommuSpace_HS_00946,0.0037802839651703
275,6,3,4,2311,Fibroblast,Macrophage,SERPINE1,PLAUR,CommuSpace_HS_06869,0.0035899186041206
275,7,3,4,2670,Fibroblast,Macrophage,VEGFA,CD44,CommuSpace_HS_07694,0.0031219883821904
275,8,4,4,351,Macrophage,Macrophage,CCL2,CCR1,CommuSpace_HS_00946,0.0030591641552746
275,9,1,8,583,Endothelial,T cell,COL4A1,CD44,CommuSpace_HS_01729,0.003038136055693
275,10,3,4,2530,Fibroblast,Macrophage,THY1,ITGAX,CommuSpace_HS_07427,0.0029300171881914
276,1,4,4,1359,Macrophage,Macrophage,GNAI2,C5AR1,CommuSpace_HS_03953,0.0051916828379035
276,2,3,8,583,Fibroblast,T cell,COL4A1,CD44,CommuSpace_HS_01729,0.0048420154489576
276,3,3,8,2670,Fibroblast,T cell,VEGFA,CD44,CommuSpace_HS_07694,0.0046515031717717
276,4,3,8,2541,Fibroblast,T cell,TIMP2,CD44,CommuSpace_HS_07444,0.0043154377490282
276,5,3,4,351,Fibroblast,Macrophage,CCL2,CCR1,CommuSpace_HS_00946,0.0037802839651703
276,6,3,4,2311,Fibroblast,Macrophage,SERPINE1,PLAUR,CommuSpace_HS_06869,0.0035899186041206
276,7,3,4,2670,Fibroblast,Macrophage,VEGFA,CD44,CommuSpace_HS_07694,0.0031219883821904
276,8,4,4,351,Macrophage,Macrophage,CCL2,CCR1,CommuSpace_HS_00946,0.0030591641552746
276,9,1,8,583,Endothelial,T cell,COL4A1,CD44,CommuSpace_HS_01729,0.003038136055693
276,10,3,4,2530,Fibroblast,Macrophage,THY1,ITGAX,CommuSpace_HS_07427,0.0029300171881914
277,1,4,4,1359,Macrophage,Macrophage,GNAI2,C5AR1,CommuSpace_HS_03953,0.0051916828379035
277,2,3,8,583,Fibroblast,T cell,COL4A1,CD44,CommuSpace_HS_01729,0.0048420154489576
277,3,3,8,2670,Fibroblast,T cell,VEGFA,CD44,CommuSpace_HS_07694,0.0046515031717717
277,4,3,8,2541,Fibroblast,T cell,TIMP2,CD44,CommuSpace_HS_07444,0.0043154377490282
277,5,3,4,351,Fibroblast,Macrophage,CCL2,CCR1,CommuSpace_HS_00946,0.0037802839651703
277,6,3,4,2311,Fibroblast,Macrophage,SERPINE1,PLAUR,CommuSpace_HS_06869,0.0035899186041206
277,7,3,4,2670,Fibroblast,Macrophage,VEGFA,CD44,CommuSpace_HS_07694,0.0031219883821904
277,8,4,4,351,Macrophage,Macrophage,CCL2,CCR1,CommuSpace_HS_00946,0.0030591641552746
277,9,1,8,583,Endothelial,T cell,COL4A1,CD44,CommuSpace_HS_01729,0.003038136055693
277,10,3,4,2530,Fibroblast,Macrophage,THY1,ITGAX,CommuSpace_HS_07427,0.0029300171881914
278,1,4,4,1359,Macrophage,Macrophage,GNAI2,C5AR1,CommuSpace_HS_03953,0.0051916828379035
278,2,3,8,583,Fibroblast,T cell,COL4A1,CD44,CommuSpace_HS_01729,0.0048420154489576
278,3,3,8,2670,Fibroblast,T cell,VEGFA,CD44,CommuSpace_HS_07694,0.0046515031717717
278,4,3,8,2541,Fibroblast,T cell,TIMP2,CD44,CommuSpace_HS_07444,0.0043154377490282
278,5,3,4,351,Fibroblast,Macrophage,CCL2,CCR1,CommuSpace_HS_00946,0.0037802839651703
278,6,3,4,2311,Fibroblast,Macrophage,SERPINE1,PLAUR,CommuSpace_HS_06869,0.0035899186041206
278,7,3,4,2670,Fibroblast,Macrophage,VEGFA,CD44,CommuSpace_HS_07694,0.0031219883821904
278,8,4,4,351,Macrophage,Macrophage,CCL2,CCR1,CommuSpace_HS_00946,0.0030591641552746
278,9,1,8,583,Endothelial,T cell,COL4A1,CD44,CommuSpace_HS_01729,0.003038136055693
278,10,3,4,2530,Fibroblast,Macrophage,THY1,ITGAX,CommuSpace_HS_07427,0.0029300171881914
279,1,4,4,1359,Macrophage,Macrophage,GNAI2,C5AR1,CommuSpace_HS_03953,0.0051916828379035
279,2,3,8,583,Fibroblast,T cell,COL4A1,CD44,CommuSpace_HS_01729,0.0048420154489576
279,3,3,8,2670,Fibroblast,T cell,VEGFA,CD44,CommuSpace_HS_07694,0.0046515031717717
279,4,3,8,2541,Fibroblast,T cell,TIMP2,CD44,CommuSpace_HS_07444,0.0043154377490282
279,5,3,4,351,Fibroblast,Macrophage,CCL2,CCR1,CommuSpace_HS_00946,0.0037802839651703
279,6,3,4,2311,Fibroblast,Macrophage,SERPINE1,PLAUR,CommuSpace_HS_06869,0.0035899186041206
279,7,3,4,2670,Fibroblast,Macrophage,VEGFA,CD44,CommuSpace_HS_07694,0.0031219883821904
279,8,4,4,351,Macrophage,Macrophage,CCL2,CCR1,CommuSpace_HS_00946,0.0030591641552746
279,9,1,8,583,Endothelial,T cell,COL4A1,CD44,CommuSpace_HS_01729,0.003038136055693
279,10,3,4,2530,Fibroblast,Macrophage,THY1,ITGAX,CommuSpace_HS_07427,0.0029300171881914
280,1,4,4,1359,Macrophage,Macrophage,GNAI2,C5AR1,CommuSpace_HS_03953,0.0051916828379035
280,2,3,8,583,Fibroblast,T cell,COL4A1,CD44,CommuSpace_HS_01729,0.0048420154489576
280,3,3,8,2670,Fibroblast,T cell,VEGFA,CD44,CommuSpace_HS_07694,0.0046515031717717
280,4,3,8,2541,Fibroblast,T cell,TIMP2,CD44,CommuSpace_HS_07444,0.0043154377490282
280,5,3,4,351,Fibroblast,Macrophage,CCL2,CCR1,CommuSpace_HS_00946,0.0037802839651703
280,6,3,4,2311,Fibroblast,Macrophage,SERPINE1,PLAUR,CommuSpace_HS_06869,0.0035899186041206
280,7,3,4,2670,Fibroblast,Macrophage,VEGFA,CD44,CommuSpace_HS_07694,0.0031219883821904
280,8,4,4,351,Macrophage,Macrophage,CCL2,CCR1,CommuSpace_HS_00946,0.0030591641552746
280,9,1,8,583,Endothelial,T cell,COL4A1,CD44,CommuSpace_HS_01729,0.003038136055693
280,10,3,4,2530,Fibroblast,Macrophage,THY1,ITGAX,CommuSpace_HS_07427,0.0029300171881914
281,1,4,4,1359,Macrophage,Macrophage,GNAI2,C5AR1,CommuSpace_HS_03953,0.0051916828379035
281,2,3,8,583,Fibroblast,T cell,COL4A1,CD44,CommuSpace_HS_01729,0.0048420154489576
281,3,3,8,2670,Fibroblast,T cell,VEGFA,CD44,CommuSpace_HS_07694,0.0046515031717717
281,4,3,8,2541,Fibroblast,T cell,TIMP2,CD44,CommuSpace_HS_07444,0.0043154377490282
281,5,3,4,351,Fibroblast,Macrophage,CCL2,CCR1,CommuSpace_HS_00946,0.0037802839651703
281,6,3,4,2311,Fibroblast,Macrophage,SERPINE1,PLAUR,CommuSpace_HS_06869,0.0035899186041206
281,7,3,4,2670,Fibroblast,Macrophage,VEGFA,CD44,CommuSpace_HS_07694,0.0031219883821904
281,8,4,4,351,Macrophage,Macrophage,CCL2,CCR1,CommuSpace_HS_00946,0.0030591641552746
281,9,1,8,583,Endothelial,T cell,COL4A1,CD44,CommuSpace_HS_01729,0.003038136055693
281,10,3,4,2530,Fibroblast,Macrophage,THY1,ITGAX,CommuSpace_HS_07427,0.0029300171881914
282,1,4,4,1359,Macrophage,Macrophage,GNAI2,C5AR1,CommuSpace_HS_03953,0.0051916828379035
282,2,3,8,583,Fibroblast,T cell,COL4A1,CD44,CommuSpace_HS_01729,0.0048420154489576
282,3,3,8,2670,Fibroblast,T cell,VEGFA,CD44,CommuSpace_HS_07694,0.0046515031717717
282,4,3,8,2541,Fibroblast,T cell,TIMP2,CD44,CommuSpace_HS_07444,0.0043154377490282
282,5,3,4,351,Fibroblast,Macrophage,CCL2,CCR1,CommuSpace_HS_00946,0.0037802839651703
282,6,3,4,2311,Fibroblast,Macrophage,SERPINE1,PLAUR,CommuSpace_HS_06869,0.0035899186041206
282,7,3,4,2670,Fibroblast,Macrophage,VEGFA,CD44,CommuSpace_HS_07694,0.0031219883821904
282,8,4,4,351,Macrophage,Macrophage,CCL2,CCR1,CommuSpace_HS_00946,0.0030591641552746
282,9,1,8,583,Endothelial,T cell,COL4A1,CD44,CommuSpace_HS_01729,0.003038136055693
282,10,3,4,2530,Fibroblast,Macrophage,THY1,ITGAX,CommuSpace_HS_07427,0.0029300171881914
283,1,4,4,1359,Macrophage,Macrophage,GNAI2,C5AR1,CommuSpace_HS_03953,0.0051916828379035
283,2,3,8,583,Fibroblast,T cell,COL4A1,CD44,CommuSpace_HS_01729,0.0048420154489576
283,3,3,8,2670,Fibroblast,T cell,VEGFA,CD44,CommuSpace_HS_07694,0.0046515031717717
283,4,3,8,2541,Fibroblast,T cell,TIMP2,CD44,CommuSpace_HS_07444,0.0043154377490282
283,5,3,4,351,Fibroblast,Macrophage,CCL2,CCR1,CommuSpace_HS_00946,0.0037802839651703
283,6,3,4,2311,Fibroblast,Macrophage,SERPINE1,PLAUR,CommuSpace_HS_06869,0.0035899186041206
283,7,3,4,2670,Fibroblast,Macrophage,VEGFA,CD44,CommuSpace_HS_07694,0.0031219883821904
283,8,4,4,351,Macrophage,Macrophage,CCL2,CCR1,CommuSpace_HS_00946,0.0030591641552746
283,9,1,8,583,Endothelial,T cell,COL4A1,CD44,CommuSpace_HS_01729,0.003038136055693
283,10,3,4,2530,Fibroblast,Macrophage,THY1,ITGAX,CommuSpace_HS_07427,0.0029300171881914
284,1,4,4,1359,Macrophage,Macrophage,GNAI2,C5AR1,CommuSpace_HS_03953,0.0051916828379035
284,2,3,8,583,Fibroblast,T cell,COL4A1,CD44,CommuSpace_HS_01729,0.0048420154489576
284,3,3,8,2670,Fibroblast,T cell,VEGFA,CD44,CommuSpace_HS_07694,0.0046515031717717
284,4,3,8,2541,Fibroblast,T cell,TIMP2,CD44,CommuSpace_HS_07444,0.0043154377490282
284,5,3,4,351,Fibroblast,Macrophage,CCL2,CCR1,CommuSpace_HS_00946,0.0037802839651703
284,6,3,4,2311,Fibroblast,Macrophage,SERPINE1,PLAUR,CommuSpace_HS_06869,0.0035899186041206
284,7,3,4,2670,Fibroblast,Macrophage,VEGFA,CD44,CommuSpace_HS_07694,0.0031219883821904
284,8,4,4,351,Macrophage,Macrophage,CCL2,CCR1,CommuSpace_HS_00946,0.0030591641552746
284,9,1,8,583,Endothelial,T cell,COL4A1,CD44,CommuSpace_HS_01729,0.003038136055693
284,10,3,4,2530,Fibroblast,Macrophage,THY1,ITGAX,CommuSpace_HS_07427,0.0029300171881914
285,1,4,4,1359,Macrophage,Macrophage,GNAI2,C5AR1,CommuSpace_HS_03953,0.0051916828379035
285,2,3,8,583,Fibroblast,T cell,COL4A1,CD44,CommuSpace_HS_01729,0.0048420154489576
285,3,3,8,2670,Fibroblast,T cell,VEGFA,CD44,CommuSpace_HS_07694,0.0046515031717717
285,4,3,8,2541,Fibroblast,T cell,TIMP2,CD44,CommuSpace_HS_07444,0.0043154377490282
285,5,3,4,351,Fibroblast,Macrophage,CCL2,CCR1,CommuSpace_HS_00946,0.0037802839651703
285,6,3,4,2311,Fibroblast,Macrophage,SERPINE1,PLAUR,CommuSpace_HS_06869,0.0035899186041206
285,7,3,4,2670,Fibroblast,Macrophage,VEGFA,CD44,CommuSpace_HS_07694,0.0031219883821904
285,8,4,4,351,Macrophage,Macrophage,CCL2,CCR1,CommuSpace_HS_00946,0.0030591641552746
285,9,1,8,583,Endothelial,T cell,COL4A1,CD44,CommuSpace_HS_01729,0.003038136055693
285,10,3,4,2530,Fibroblast,Macrophage,THY1,ITGAX,CommuSpace_HS_07427,0.0029300171881914
286,1,4,4,1359,Macrophage,Macrophage,GNAI2,C5AR1,CommuSpace_HS_03953,0.0051916828379035
286,2,3,8,583,Fibroblast,T cell,COL4A1,CD44,CommuSpace_HS_01729,0.0048420154489576
286,3,3,8,2670,Fibroblast,T cell,VEGFA,CD44,CommuSpace_HS_07694,0.0046515031717717
286,4,3,8,2541,Fibroblast,T cell,TIMP2,CD44,CommuSpace_HS_07444,0.0043154377490282
286,5,3,4,351,Fibroblast,Macrophage,CCL2,CCR1,CommuSpace_HS_00946,0.0037802839651703
286,6,3,4,2311,Fibroblast,Macrophage,SERPINE1,PLAUR,CommuSpace_HS_06869,0.0035899186041206
286,7,3,4,2670,Fibroblast,Macrophage,VEGFA,CD44,CommuSpace_HS_07694,0.0031219883821904
286,8,4,4,351,Macrophage,Macrophage,CCL2,CCR1,CommuSpace_HS_00946,0.0030591641552746
286,9,1,8,583,Endothelial,T cell,COL4A1,CD44,CommuSpace_HS_01729,0.003038136055693
286,10,3,4,2530,Fibroblast,Macrophage,THY1,ITGAX,CommuSpace_HS_07427,0.0029300171881914
287,1,4,4,1359,Macrophage,Macrophage,GNAI2,C5AR1,CommuSpace_HS_03953,0.0051916828379035
287,2,3,8,583,Fibroblast,T cell,COL4A1,CD44,CommuSpace_HS_01729,0.0048420154489576
287,3,3,8,2670,Fibroblast,T cell,VEGFA,CD44,CommuSpace_HS_07694,0.0046515031717717
287,4,3,8,2541,Fibroblast,T cell,TIMP2,CD44,CommuSpace_HS_07444,0.0043154377490282
287,5,3,4,351,Fibroblast,Macrophage,CCL2,CCR1,CommuSpace_HS_00946,0.0037802839651703
287,6,3,4,2311,Fibroblast,Macrophage,SERPINE1,PLAUR,CommuSpace_HS_06869,0.0035899186041206
287,7,3,4,2670,Fibroblast,Macrophage,VEGFA,CD44,CommuSpace_HS_07694,0.0031219883821904
287,8,4,4,351,Macrophage,Macrophage,CCL2,CCR1,CommuSpace_HS_00946,0.0030591641552746
287,9,1,8,583,Endothelial,T cell,COL4A1,CD44,CommuSpace_HS_01729,0.003038136055693
287,10,3,4,2530,Fibroblast,Macrophage,THY1,ITGAX,CommuSpace_HS_07427,0.0029300171881914
288,1,4,4,1359,Macrophage,Macrophage,GNAI2,C5AR1,CommuSpace_HS_03953,0.0051916828379035
288,2,3,8,583,Fibroblast,T cell,COL4A1,CD44,CommuSpace_HS_01729,0.0048420154489576
288,3,3,8,2670,Fibroblast,T cell,VEGFA,CD44,CommuSpace_HS_07694,0.0046515031717717
288,4,3,8,2541,Fibroblast,T cell,TIMP2,CD44,CommuSpace_HS_07444,0.0043154377490282
288,5,3,4,351,Fibroblast,Macrophage,CCL2,CCR1,CommuSpace_HS_00946,0.0037802839651703
288,6,3,4,2311,Fibroblast,Macrophage,SERPINE1,PLAUR,CommuSpace_HS_06869,0.0035899186041206
288,7,3,4,2670,Fibroblast,Macrophage,VEGFA,CD44,CommuSpace_HS_07694,0.0031219883821904
288,8,4,4,351,Macrophage,Macrophage,CCL2,CCR1,CommuSpace_HS_00946,0.0030591641552746
288,9,1,8,583,Endothelial,T cell,COL4A1,CD44,CommuSpace_HS_01729,0.003038136055693
288,10,3,4,2530,Fibroblast,Macrophage,THY1,ITGAX,CommuSpace_HS_07427,0.0029300171881914
289,1,4,4,1359,Macrophage,Macrophage,GNAI2,C5AR1,CommuSpace_HS_03953,0.0051916828379035
289,2,3,8,583,Fibroblast,T cell,COL4A1,CD44,CommuSpace_HS_01729,0.0048420154489576
289,3,3,8,2670,Fibroblast,T cell,VEGFA,CD44,CommuSpace_HS_07694,0.0046515031717717
289,4,3,8,2541,Fibroblast,T cell,TIMP2,CD44,CommuSpace_HS_07444,0.0043154377490282
289,5,3,4,351,Fibroblast,Macrophage,CCL2,CCR1,CommuSpace_HS_00946,0.0037802839651703
289,6,3,4,2311,Fibroblast,Macrophage,SERPINE1,PLAUR,CommuSpace_HS_06869,0.0035899186041206
289,7,3,4,2670,Fibroblast,Macrophage,VEGFA,CD44,CommuSpace_HS_07694,0.0031219883821904
289,8,4,4,351,Macrophage,Macrophage,CCL2,CCR1,CommuSpace_HS_00946,0.0030591641552746
289,9,1,8,583,Endothelial,T cell,COL4A1,CD44,CommuSpace_HS_01729,0.003038136055693
289,10,3,4,2530,Fibroblast,Macrophage,THY1,ITGAX,CommuSpace_HS_07427,0.0029300171881914
290,1,4,4,1359,Macrophage,Macrophage,GNAI2,C5AR1,CommuSpace_HS_03953,0.0051916828379035
290,2,3,8,583,Fibroblast,T cell,COL4A1,CD44,CommuSpace_HS_01729,0.0048420154489576
290,3,3,8,2670,Fibroblast,T cell,VEGFA,CD44,CommuSpace_HS_07694,0.0046515031717717
290,4,3,8,2541,Fibroblast,T cell,TIMP2,CD44,CommuSpace_HS_07444,0.0043154377490282
290,5,3,4,351,Fibroblast,Macrophage,CCL2,CCR1,CommuSpace_HS_00946,0.0037802839651703
290,6,3,4,2311,Fibroblast,Macrophage,SERPINE1,PLAUR,CommuSpace_HS_06869,0.0035899186041206
290,7,3,4,2670,Fibroblast,Macrophage,VEGFA,CD44,CommuSpace_HS_07694,0.0031219883821904
290,8,4,4,351,Macrophage,Macrophage,CCL2,CCR1,CommuSpace_HS_00946,0.0030591641552746
290,9,1,8,583,Endothelial,T cell,COL4A1,CD44,CommuSpace_HS_01729,0.003038136055693
290,10,3,4,2530,Fibroblast,Macrophage,THY1,ITGAX,CommuSpace_HS_07427,0.0029300171881914
291,1,4,4,1359,Macrophage,Macrophage,GNAI2,C5AR1,CommuSpace_HS_03953,0.0051916828379035
291,2,3,8,583,Fibroblast,T cell,COL4A1,CD44,CommuSpace_HS_01729,0.0048420154489576
291,3,3,8,2670,Fibroblast,T cell,VEGFA,CD44,CommuSpace_HS_07694,0.0046515031717717
291,4,3,8,2541,Fibroblast,T cell,TIMP2,CD44,CommuSpace_HS_07444,0.0043154377490282
291,5,3,4,351,Fibroblast,Macrophage,CCL2,CCR1,CommuSpace_HS_00946,0.0037802839651703
291,6,3,4,2311,Fibroblast,Macrophage,SERPINE1,PLAUR,CommuSpace_HS_06869,0.0035899186041206
291,7,3,4,2670,Fibroblast,Macrophage,VEGFA,CD44,CommuSpace_HS_07694,0.0031219883821904
291,8,4,4,351,Macrophage,Macrophage,CCL2,CCR1,CommuSpace_HS_00946,0.0030591641552746
291,9,1,8,583,Endothelial,T cell,COL4A1,CD44,CommuSpace_HS_01729,0.003038136055693
291,10,3,4,2530,Fibroblast,Macrophage,THY1,ITGAX,CommuSpace_HS_07427,0.0029300171881914
292,1,4,4,1359,Macrophage,Macrophage,GNAI2,C5AR1,CommuSpace_HS_03953,0.0051916828379035
292,2,3,8,583,Fibroblast,T cell,COL4A1,CD44,CommuSpace_HS_01729,0.0048420154489576
292,3,3,8,2670,Fibroblast,T cell,VEGFA,CD44,CommuSpace_HS_07694,0.0046515031717717
292,4,3,8,2541,Fibroblast,T cell,TIMP2,CD44,CommuSpace_HS_07444,0.0043154377490282
292,5,3,4,351,Fibroblast,Macrophage,CCL2,CCR1,CommuSpace_HS_00946,0.0037802839651703
292,6,3,4,2311,Fibroblast,Macrophage,SERPINE1,PLAUR,CommuSpace_HS_06869,0.0035899186041206
292,7,3,4,2670,Fibroblast,Macrophage,VEGFA,CD44,CommuSpace_HS_07694,0.0031219883821904
292,8,4,4,351,Macrophage,Macrophage,CCL2,CCR1,CommuSpace_HS_00946,0.0030591641552746
292,9,1,8,583,Endothelial,T cell,COL4A1,CD44,CommuSpace_HS_01729,0.003038136055693
292,10,3,4,2530,Fibroblast,Macrophage,THY1,ITGAX,CommuSpace_HS_07427,0.0029300171881914
293,1,4,4,1359,Macrophage,Macrophage,GNAI2,C5AR1,CommuSpace_HS_03953,0.0051916828379035
293,2,3,8,583,Fibroblast,T cell,COL4A1,CD44,CommuSpace_HS_01729,0.0048420154489576
293,3,3,8,2670,Fibroblast,T cell,VEGFA,CD44,CommuSpace_HS_07694,0.0046515031717717
293,4,3,8,2541,Fibroblast,T cell,TIMP2,CD44,CommuSpace_HS_07444,0.0043154377490282
293,5,3,4,351,Fibroblast,Macrophage,CCL2,CCR1,CommuSpace_HS_00946,0.0037802839651703
293,6,3,4,2311,Fibroblast,Macrophage,SERPINE1,PLAUR,CommuSpace_HS_06869,0.0035899186041206
293,7,3,4,2670,Fibroblast,Macrophage,VEGFA,CD44,CommuSpace_HS_07694,0.0031219883821904
293,8,4,4,351,Macrophage,Macrophage,CCL2,CCR1,CommuSpace_HS_00946,0.0030591641552746
293,9,1,8,583,Endothelial,T cell,COL4A1,CD44,CommuSpace_HS_01729,0.003038136055693
293,10,3,4,2530,Fibroblast,Macrophage,THY1,ITGAX,CommuSpace_HS_07427,0.0029300171881914
294,1,4,4,1359,Macrophage,Macrophage,GNAI2,C5AR1,CommuSpace_HS_03953,0.0051916828379035
294,2,3,8,583,Fibroblast,T cell,COL4A1,CD44,CommuSpace_HS_01729,0.0048420154489576
294,3,3,8,2670,Fibroblast,T cell,VEGFA,CD44,CommuSpace_HS_07694,0.0046515031717717
294,4,3,8,2541,Fibroblast,T cell,TIMP2,CD44,CommuSpace_HS_07444,0.0043154377490282
294,5,3,4,351,Fibroblast,Macrophage,CCL2,CCR1,CommuSpace_HS_00946,0.0037802839651703
294,6,3,4,2311,Fibroblast,Macrophage,SERPINE1,PLAUR,CommuSpace_HS_06869,0.0035899186041206
294,7,3,4,2670,Fibroblast,Macrophage,VEGFA,CD44,CommuSpace_HS_07694,0.0031219883821904
294,8,4,4,351,Macrophage,Macrophage,CCL2,CCR1,CommuSpace_HS_00946,0.0030591641552746
294,9,1,8,583,Endothelial,T cell,COL4A1,CD44,CommuSpace_HS_01729,0.003038136055693
294,10,3,4,2530,Fibroblast,Macrophage,THY1,ITGAX,CommuSpace_HS_07427,0.0029300171881914
295,1,4,4,1359,Macrophage,Macrophage,GNAI2,C5AR1,CommuSpace_HS_03953,0.0051916828379035
295,2,3,8,583,Fibroblast,T cell,COL4A1,CD44,CommuSpace_HS_01729,0.0048420154489576
295,3,3,8,2670,Fibroblast,T cell,VEGFA,CD44,CommuSpace_HS_07694,0.0046515031717717
295,4,3,8,2541,Fibroblast,T cell,TIMP2,CD44,CommuSpace_HS_07444,0.0043154377490282
295,5,3,4,351,Fibroblast,Macrophage,CCL2,CCR1,CommuSpace_HS_00946,0.0037802839651703
295,6,3,4,2311,Fibroblast,Macrophage,SERPINE1,PLAUR,CommuSpace_HS_06869,0.0035899186041206
295,7,3,4,2670,Fibroblast,Macrophage,VEGFA,CD44,CommuSpace_HS_07694,0.0031219883821904
295,8,4,4,351,Macrophage,Macrophage,CCL2,CCR1,CommuSpace_HS_00946,0.0030591641552746
295,9,1,8,583,Endothelial,T cell,COL4A1,CD44,CommuSpace_HS_01729,0.003038136055693
295,10,3,4,2530,Fibroblast,Macrophage,THY1,ITGAX,CommuSpace_HS_07427,0.0029300171881914
296,1,4,4,1359,Macrophage,Macrophage,GNAI2,C5AR1,CommuSpace_HS_03953,0.0051916828379035
296,2,3,8,583,Fibroblast,T cell,COL4A1,CD44,CommuSpace_HS_01729,0.0048420154489576
296,3,3,8,2670,Fibroblast,T cell,VEGFA,CD44,CommuSpace_HS_07694,0.0046515031717717
296,4,3,8,2541,Fibroblast,T cell,TIMP2,CD44,CommuSpace_HS_07444,0.0043154377490282
296,5,3,4,351,Fibroblast,Macrophage,CCL2,CCR1,CommuSpace_HS_00946,0.0037802839651703
296,6,3,4,2311,Fibroblast,Macrophage,SERPINE1,PLAUR,CommuSpace_HS_06869,0.0035899186041206
296,7,3,4,2670,Fibroblast,Macrophage,VEGFA,CD44,CommuSpace_HS_07694,0.0031219883821904
296,8,4,4,351,Macrophage,Macrophage,CCL2,CCR1,CommuSpace_HS_00946,0.0030591641552746
296,9,1,8,583,Endothelial,T cell,COL4A1,CD44,CommuSpace_HS_01729,0.003038136055693
296,10,3,4,2530,Fibroblast,Macrophage,THY1,ITGAX,CommuSpace_HS_07427,0.0029300171881914
297,1,4,4,1359,Macrophage,Macrophage,GNAI2,C5AR1,CommuSpace_HS_03953,0.0051916828379035
297,2,3,8,583,Fibroblast,T cell,COL4A1,CD44,CommuSpace_HS_01729,0.0048420154489576
297,3,3,8,2670,Fibroblast,T cell,VEGFA,CD44,CommuSpace_HS_07694,0.0046515031717717
297,4,3,8,2541,Fibroblast,T cell,TIMP2,CD44,CommuSpace_HS_07444,0.0043154377490282
297,5,3,4,351,Fibroblast,Macrophage,CCL2,CCR1,CommuSpace_HS_00946,0.0037802839651703
297,6,3,4,2311,Fibroblast,Macrophage,SERPINE1,PLAUR,CommuSpace_HS_06869,0.0035899186041206
297,7,3,4,2670,Fibroblast,Macrophage,VEGFA,CD44,CommuSpace_HS_07694,0.0031219883821904
297,8,4,4,351,Macrophage,Macrophage,CCL2,CCR1,CommuSpace_HS_00946,0.0030591641552746
297,9,1,8,583,Endothelial,T cell,COL4A1,CD44,CommuSpace_HS_01729,0.003038136055693
297,10,3,4,2530,Fibroblast,Macrophage,THY1,ITGAX,CommuSpace_HS_07427,0.0029300171881914
298,1,4,4,1359,Macrophage,Macrophage,GNAI2,C5AR1,CommuSpace_HS_03953,0.0051916828379035
298,2,3,8,583,Fibroblast,T cell,COL4A1,CD44,CommuSpace_HS_01729,0.0048420154489576
298,3,3,8,2670,Fibroblast,T cell,VEGFA,CD44,CommuSpace_HS_07694,0.0046515031717717
298,4,3,8,2541,Fibroblast,T cell,TIMP2,CD44,CommuSpace_HS_07444,0.0043154377490282
298,5,3,4,351,Fibroblast,Macrophage,CCL2,CCR1,CommuSpace_HS_00946,0.0037802839651703
298,6,3,4,2311,Fibroblast,Macrophage,SERPINE1,PLAUR,CommuSpace_HS_06869,0.0035899186041206
298,7,3,4,2670,Fibroblast,Macrophage,VEGFA,CD44,CommuSpace_HS_07694,0.0031219883821904
298,8,4,4,351,Macrophage,Macrophage,CCL2,CCR1,CommuSpace_HS_00946,0.0030591641552746
298,9,1,8,583,Endothelial,T cell,COL4A1,CD44,CommuSpace_HS_01729,0.003038136055693
298,10,3,4,2530,Fibroblast,Macrophage,THY1,ITGAX,CommuSpace_HS_07427,0.0029300171881914
299,1,4,4,1359,Macrophage,Macrophage,GNAI2,C5AR1,CommuSpace_HS_03953,0.0051916828379035
299,2,3,8,583,Fibroblast,T cell,COL4A1,CD44,CommuSpace_HS_01729,0.0048420154489576
299,3,3,8,2670,Fibroblast,T cell,VEGFA,CD44,CommuSpace_HS_07694,0.0046515031717717
299,4,3,8,2541,Fibroblast,T cell,TIMP2,CD44,CommuSpace_HS_07444,0.0043154377490282
299,5,3,4,351,Fibroblast,Macrophage,CCL2,CCR1,CommuSpace_HS_00946,0.0037802839651703
299,6,3,4,2311,Fibroblast,Macrophage,SERPINE1,PLAUR,CommuSpace_HS_06869,0.0035899186041206
299,7,3,4,2670,Fibroblast,Macrophage,VEGFA,CD44,CommuSpace_HS_07694,0.0031219883821904
299,8,4,4,351,Macrophage,Macrophage,CCL2,CCR1,CommuSpace_HS_00946,0.0030591641552746
299,9,1,8,583,Endothelial,T cell,COL4A1,CD44,CommuSpace_HS_01729,0.003038136055693
299,10,3,4,2530,Fibroblast,Macrophage,THY1,ITGAX,CommuSpace_HS_07427,0.0029300171881914
300,1,3,8,2547,Fibroblast,T cell,TIMP3,CD44,CommuSpace_HS_07452,0.2559323906898498
300,2,3,8,2541,Fibroblast,T cell,TIMP2,CD44,CommuSpace_HS_07444,0.0103071667253971
300,3,3,8,2670,Fibroblast,T cell,VEGFA,CD44,CommuSpace_HS_07694,0.0101231774315238
300,4,3,8,583,Fibroblast,T cell,COL4A1,CD44,CommuSpace_HS_01729,0.0087464805692434
300,5,4,4,1359,Macrophage,Macrophage,GNAI2,C5AR1,CommuSpace_HS_03953,0.0036309179849922
300,6,3,4,2311,Fibroblast,Macrophage,SERPINE1,PLAUR,CommuSpace_HS_06869,0.0034730171319097
300,7,3,4,351,Fibroblast,Macrophage,CCL2,CCR1,CommuSpace_HS_00946,0.0026796185411512
300,8,3,4,2670,Fibroblast,Macrophage,VEGFA,CD44,CommuSpace_HS_07694,0.0022838385775685
300,9,1,8,583,Endothelial,T cell,COL4A1,CD44,CommuSpace_HS_01729,0.0021938779391348
300,10,4,4,351,Macrophage,Macrophage,CCL2,CCR1,CommuSpace_HS_00946,0.0021545095369219
301,1,4,4,1359,Macrophage,Macrophage,GNAI2,C5AR1,CommuSpace_HS_03953,0.0051916828379035
301,2,3,8,583,Fibroblast,T cell,COL4A1,CD44,CommuSpace_HS_01729,0.0048420154489576
301,3,3,8,2670,Fibroblast,T cell,VEGFA,CD44,CommuSpace_HS_07694,0.0046515031717717
301,4,3,8,2541,Fibroblast,T cell,TIMP2,CD44,CommuSpace_HS_07444,0.0043154377490282
301,5,3,4,351,Fibroblast,Macrophage,CCL2,CCR1,CommuSpace_HS_00946,0.0037802839651703
301,6,3,4,2311,Fibroblast,Macrophage,SERPINE1,PLAUR,CommuSpace_HS_06869,0.0035899186041206
301,7,3,4,2670,Fibroblast,Macrophage,VEGFA,CD44,CommuSpace_HS_07694,0.0031219883821904
301,8,4,4,351,Macrophage,Macrophage,CCL2,CCR1,CommuSpace_HS_00946,0.0030591641552746
301,9,1,8,583,Endothelial,T cell,COL4A1,CD44,CommuSpace_HS_01729,0.003038136055693
301,10,3,4,2530,Fibroblast,Macrophage,THY1,ITGAX,CommuSpace_HS_07427,0.0029300171881914
302,1,4,4,1359,Macrophage,Macrophage,GNAI2,C5AR1,CommuSpace_HS_03953,0.0051916828379035
302,2,3,8,583,Fibroblast,T cell,COL4A1,CD44,CommuSpace_HS_01729,0.0048420154489576
302,3,3,8,2670,Fibroblast,T cell,VEGFA,CD44,CommuSpace_HS_07694,0.0046515031717717
302,4,3,8,2541,Fibroblast,T cell,TIMP2,CD44,CommuSpace_HS_07444,0.0043154377490282
302,5,3,4,351,Fibroblast,Macrophage,CCL2,CCR1,CommuSpace_HS_00946,0.0037802839651703
302,6,3,4,2311,Fibroblast,Macrophage,SERPINE1,PLAUR,CommuSpace_HS_06869,0.0035899186041206
302,7,3,4,2670,Fibroblast,Macrophage,VEGFA,CD44,CommuSpace_HS_07694,0.0031219883821904
302,8,4,4,351,Macrophage,Macrophage,CCL2,CCR1,CommuSpace_HS_00946,0.0030591641552746
302,9,1,8,583,Endothelial,T cell,COL4A1,CD44,CommuSpace_HS_01729,0.003038136055693
302,10,3,4,2530,Fibroblast,Macrophage,THY1,ITGAX,CommuSpace_HS_07427,0.0029300171881914
303,1,4,4,1359,Macrophage,Macrophage,GNAI2,C5AR1,CommuSpace_HS_03953,0.0051916828379035
303,2,3,8,583,Fibroblast,T cell,COL4A1,CD44,CommuSpace_HS_01729,0.0048420154489576
303,3,3,8,2670,Fibroblast,T cell,VEGFA,CD44,CommuSpace_HS_07694,0.0046515031717717
303,4,3,8,2541,Fibroblast,T cell,TIMP2,CD44,CommuSpace_HS_07444,0.0043154377490282
303,5,3,4,351,Fibroblast,Macrophage,CCL2,CCR1,CommuSpace_HS_00946,0.0037802839651703
303,6,3,4,2311,Fibroblast,Macrophage,SERPINE1,PLAUR,CommuSpace_HS_06869,0.0035899186041206
303,7,3,4,2670,Fibroblast,Macrophage,VEGFA,CD44,CommuSpace_HS_07694,0.0031219883821904
303,8,4,4,351,Macrophage,Macrophage,CCL2,CCR1,CommuSpace_HS_00946,0.0030591641552746
303,9,1,8,583,Endothelial,T cell,COL4A1,CD44,CommuSpace_HS_01729,0.003038136055693
303,10,3,4,2530,Fibroblast,Macrophage,THY1,ITGAX,CommuSpace_HS_07427,0.0029300171881914
304,1,4,4,1359,Macrophage,Macrophage,GNAI2,C5AR1,CommuSpace_HS_03953,0.0051916828379035
304,2,3,8,583,Fibroblast,T cell,COL4A1,CD44,CommuSpace_HS_01729,0.0048420154489576
304,3,3,8,2670,Fibroblast,T cell,VEGFA,CD44,CommuSpace_HS_07694,0.0046515031717717
304,4,3,8,2541,Fibroblast,T cell,TIMP2,CD44,CommuSpace_HS_07444,0.0043154377490282
304,5,3,4,351,Fibroblast,Macrophage,CCL2,CCR1,CommuSpace_HS_00946,0.0037802839651703
304,6,3,4,2311,Fibroblast,Macrophage,SERPINE1,PLAUR,CommuSpace_HS_06869,0.0035899186041206
304,7,3,4,2670,Fibroblast,Macrophage,VEGFA,CD44,CommuSpace_HS_07694,0.0031219883821904
304,8,4,4,351,Macrophage,Macrophage,CCL2,CCR1,CommuSpace_HS_00946,0.0030591641552746
304,9,1,8,583,Endothelial,T cell,COL4A1,CD44,CommuSpace_HS_01729,0.003038136055693
304,10,3,4,2530,Fibroblast,Macrophage,THY1,ITGAX,CommuSpace_HS_07427,0.0029300171881914
305,1,4,4,1359,Macrophage,Macrophage,GNAI2,C5AR1,CommuSpace_HS_03953,0.0051916828379035
305,2,3,8,583,Fibroblast,T cell,COL4A1,CD44,CommuSpace_HS_01729,0.0048420154489576
305,3,3,8,2670,Fibroblast,T cell,VEGFA,CD44,CommuSpace_HS_07694,0.0046515031717717
305,4,3,8,2541,Fibroblast,T cell,TIMP2,CD44,CommuSpace_HS_07444,0.0043154377490282
305,5,3,4,351,Fibroblast,Macrophage,CCL2,CCR1,CommuSpace_HS_00946,0.0037802839651703
305,6,3,4,2311,Fibroblast,Macrophage,SERPINE1,PLAUR,CommuSpace_HS_06869,0.0035899186041206
305,7,3,4,2670,Fibroblast,Macrophage,VEGFA,CD44,CommuSpace_HS_07694,0.0031219883821904
305,8,4,4,351,Macrophage,Macrophage,CCL2,CCR1,CommuSpace_HS_00946,0.0030591641552746
305,9,1,8,583,Endothelial,T cell,COL4A1,CD44,CommuSpace_HS_01729,0.003038136055693
305,10,3,4,2530,Fibroblast,Macrophage,THY1,ITGAX,CommuSpace_HS_07427,0.0029300171881914
306,1,4,4,1359,Macrophage,Macrophage,GNAI2,C5AR1,CommuSpace_HS_03953,0.0051916828379035
306,2,3,8,583,Fibroblast,T cell,COL4A1,CD44,CommuSpace_HS_01729,0.0048420154489576
306,3,3,8,2670,Fibroblast,T cell,VEGFA,CD44,CommuSpace_HS_07694,0.0046515031717717
306,4,3,8,2541,Fibroblast,T cell,TIMP2,CD44,CommuSpace_HS_07444,0.0043154377490282
306,5,3,4,351,Fibroblast,Macrophage,CCL2,CCR1,CommuSpace_HS_00946,0.0037802839651703
306,6,3,4,2311,Fibroblast,Macrophage,SERPINE1,PLAUR,CommuSpace_HS_06869,0.0035899186041206
306,7,3,4,2670,Fibroblast,Macrophage,VEGFA,CD44,CommuSpace_HS_07694,0.0031219883821904
306,8,4,4,351,Macrophage,Macrophage,CCL2,CCR1,CommuSpace_HS_00946,0.0030591641552746
306,9,1,8,583,Endothelial,T cell,COL4A1,CD44,CommuSpace_HS_01729,0.003038136055693
306,10,3,4,2530,Fibroblast,Macrophage,THY1,ITGAX,CommuSpace_HS_07427,0.0029300171881914
307,1,4,4,1359,Macrophage,Macrophage,GNAI2,C5AR1,CommuSpace_HS_03953,0.0051916828379035
307,2,3,8,583,Fibroblast,T cell,COL4A1,CD44,CommuSpace_HS_01729,0.0048420154489576
307,3,3,8,2670,Fibroblast,T cell,VEGFA,CD44,CommuSpace_HS_07694,0.0046515031717717
307,4,3,8,2541,Fibroblast,T cell,TIMP2,CD44,CommuSpace_HS_07444,0.0043154377490282
307,5,3,4,351,Fibroblast,Macrophage,CCL2,CCR1,CommuSpace_HS_00946,0.0037802839651703
307,6,3,4,2311,Fibroblast,Macrophage,SERPINE1,PLAUR,CommuSpace_HS_06869,0.0035899186041206
307,7,3,4,2670,Fibroblast,Macrophage,VEGFA,CD44,CommuSpace_HS_07694,0.0031219883821904
307,8,4,4,351,Macrophage,Macrophage,CCL2,CCR1,CommuSpace_HS_00946,0.0030591641552746
307,9,1,8,583,Endothelial,T cell,COL4A1,CD44,CommuSpace_HS_01729,0.003038136055693
307,10,3,4,2530,Fibroblast,Macrophage,THY1,ITGAX,CommuSpace_HS_07427,0.0029300171881914
308,1,4,4,1359,Macrophage,Macrophage,GNAI2,C5AR1,CommuSpace_HS_03953,0.0051916828379035
308,2,3,8,583,Fibroblast,T cell,COL4A1,CD44,CommuSpace_HS_01729,0.0048420154489576
308,3,3,8,2670,Fibroblast,T cell,VEGFA,CD44,CommuSpace_HS_07694,0.0046515031717717
308,4,3,8,2541,Fibroblast,T cell,TIMP2,CD44,CommuSpace_HS_07444,0.0043154377490282
308,5,3,4,351,Fibroblast,Macrophage,CCL2,CCR1,CommuSpace_HS_00946,0.0037802839651703
308,6,3,4,2311,Fibroblast,Macrophage,SERPINE1,PLAUR,CommuSpace_HS_06869,0.0035899186041206
308,7,3,4,2670,Fibroblast,Macrophage,VEGFA,CD44,CommuSpace_HS_07694,0.0031219883821904
308,8,4,4,351,Macrophage,Macrophage,CCL2,CCR1,CommuSpace_HS_00946,0.0030591641552746
308,9,1,8,583,Endothelial,T cell,COL4A1,CD44,CommuSpace_HS_01729,0.003038136055693
308,10,3,4,2530,Fibroblast,Macrophage,THY1,ITGAX,CommuSpace_HS_07427,0.0029300171881914
309,1,4,4,1359,Macrophage,Macrophage,GNAI2,C5AR1,CommuSpace_HS_03953,0.0051916828379035
309,2,3,8,583,Fibroblast,T cell,COL4A1,CD44,CommuSpace_HS_01729,0.0048420154489576
309,3,3,8,2670,Fibroblast,T cell,VEGFA,CD44,CommuSpace_HS_07694,0.0046515031717717
309,4,3,8,2541,Fibroblast,T cell,TIMP2,CD44,CommuSpace_HS_07444,0.0043154377490282
309,5,3,4,351,Fibroblast,Macrophage,CCL2,CCR1,CommuSpace_HS_00946,0.0037802839651703
309,6,3,4,2311,Fibroblast,Macrophage,SERPINE1,PLAUR,CommuSpace_HS_06869,0.0035899186041206
309,7,3,4,2670,Fibroblast,Macrophage,VEGFA,CD44,CommuSpace_HS_07694,0.0031219883821904
309,8,4,4,351,Macrophage,Macrophage,CCL2,CCR1,CommuSpace_HS_00946,0.0030591641552746
309,9,1,8,583,Endothelial,T cell,COL4A1,CD44,CommuSpace_HS_01729,0.003038136055693
309,10,3,4,2530,Fibroblast,Macrophage,THY1,ITGAX,CommuSpace_HS_07427,0.0029300171881914
310,1,4,4,1359,Macrophage,Macrophage,GNAI2,C5AR1,CommuSpace_HS_03953,0.0051916828379035
310,2,3,8,583,Fibroblast,T cell,COL4A1,CD44,CommuSpace_HS_01729,0.0048420154489576
310,3,3,8,2670,Fibroblast,T cell,VEGFA,CD44,CommuSpace_HS_07694,0.0046515031717717
310,4,3,8,2541,Fibroblast,T cell,TIMP2,CD44,CommuSpace_HS_07444,0.0043154377490282
310,5,3,4,351,Fibroblast,Macrophage,CCL2,CCR1,CommuSpace_HS_00946,0.0037802839651703
310,6,3,4,2311,Fibroblast,Macrophage,SERPINE1,PLAUR,CommuSpace_HS_06869,0.0035899186041206
310,7,3,4,2670,Fibroblast,Macrophage,VEGFA,CD44,CommuSpace_HS_07694,0.0031219883821904
310,8,4,4,351,Macrophage,Macrophage,CCL2,CCR1,CommuSpace_HS_00946,0.0030591641552746
310,9,1,8,583,Endothelial,T cell,COL4A1,CD44,CommuSpace_HS_01729,0.003038136055693
310,10,3,4,2530,Fibroblast,Macrophage,THY1,ITGAX,CommuSpace_HS_07427,0.0029300171881914
311,1,4,4,1359,Macrophage,Macrophage,GNAI2,C5AR1,CommuSpace_HS_03953,0.0051916828379035
311,2,3,8,583,Fibroblast,T cell,COL4A1,CD44,CommuSpace_HS_01729,0.0048420154489576
311,3,3,8,2670,Fibroblast,T cell,VEGFA,CD44,CommuSpace_HS_07694,0.0046515031717717
311,4,3,8,2541,Fibroblast,T cell,TIMP2,CD44,CommuSpace_HS_07444,0.0043154377490282
311,5,3,4,351,Fibroblast,Macrophage,CCL2,CCR1,CommuSpace_HS_00946,0.0037802839651703
311,6,3,4,2311,Fibroblast,Macrophage,SERPINE1,PLAUR,CommuSpace_HS_06869,0.0035899186041206
311,7,3,4,2670,Fibroblast,Macrophage,VEGFA,CD44,CommuSpace_HS_07694,0.0031219883821904
311,8,4,4,351,Macrophage,Macrophage,CCL2,CCR1,CommuSpace_HS_00946,0.0030591641552746
311,9,1,8,583,Endothelial,T cell,COL4A1,CD44,CommuSpace_HS_01729,0.003038136055693
311,10,3,4,2530,Fibroblast,Macrophage,THY1,ITGAX,CommuSpace_HS_07427,0.0029300171881914
312,1,4,4,1359,Macrophage,Macrophage,GNAI2,C5AR1,CommuSpace_HS_03953,0.0051916828379035
312,2,3,8,583,Fibroblast,T cell,COL4A1,CD44,CommuSpace_HS_01729,0.0048420154489576
312,3,3,8,2670,Fibroblast,T cell,VEGFA,CD44,CommuSpace_HS_07694,0.0046515031717717
312,4,3,8,2541,Fibroblast,T cell,TIMP2,CD44,CommuSpace_HS_07444,0.0043154377490282
312,5,3,4,351,Fibroblast,Macrophage,CCL2,CCR1,CommuSpace_HS_00946,0.0037802839651703
312,6,3,4,2311,Fibroblast,Macrophage,SERPINE1,PLAUR,CommuSpace_HS_06869,0.0035899186041206
312,7,3,4,2670,Fibroblast,Macrophage,VEGFA,CD44,CommuSpace_HS_07694,0.0031219883821904
312,8,4,4,351,Macrophage,Macrophage,CCL2,CCR1,CommuSpace_HS_00946,0.0030591641552746
312,9,1,8,583,Endothelial,T cell,COL4A1,CD44,CommuSpace_HS_01729,0.003038136055693
312,10,3,4,2530,Fibroblast,Macrophage,THY1,ITGAX,CommuSpace_HS_07427,0.0029300171881914
313,1,4,4,1359,Macrophage,Macrophage,GNAI2,C5AR1,CommuSpace_HS_03953,0.0051916828379035
313,2,3,8,583,Fibroblast,T cell,COL4A1,CD44,CommuSpace_HS_01729,0.0048420154489576
313,3,3,8,2670,Fibroblast,T cell,VEGFA,CD44,CommuSpace_HS_07694,0.0046515031717717
313,4,3,8,2541,Fibroblast,T cell,TIMP2,CD44,CommuSpace_HS_07444,0.0043154377490282
313,5,3,4,351,Fibroblast,Macrophage,CCL2,CCR1,CommuSpace_HS_00946,0.0037802839651703
313,6,3,4,2311,Fibroblast,Macrophage,SERPINE1,PLAUR,CommuSpace_HS_06869,0.0035899186041206
313,7,3,4,2670,Fibroblast,Macrophage,VEGFA,CD44,CommuSpace_HS_07694,0.0031219883821904
313,8,4,4,351,Macrophage,Macrophage,CCL2,CCR1,CommuSpace_HS_00946,0.0030591641552746
313,9,1,8,583,Endothelial,T cell,COL4A1,CD44,CommuSpace_HS_01729,0.003038136055693
313,10,3,4,2530,Fibroblast,Macrophage,THY1,ITGAX,CommuSpace_HS_07427,0.0029300171881914
314,1,4,4,1359,Macrophage,Macrophage,GNAI2,C5AR1,CommuSpace_HS_03953,0.0051916828379035
314,2,3,8,583,Fibroblast,T cell,COL4A1,CD44,CommuSpace_HS_01729,0.0048420154489576
314,3,3,8,2670,Fibroblast,T cell,VEGFA,CD44,CommuSpace_HS_07694,0.0046515031717717
314,4,3,8,2541,Fibroblast,T cell,TIMP2,CD44,CommuSpace_HS_07444,0.0043154377490282
314,5,3,4,351,Fibroblast,Macrophage,CCL2,CCR1,CommuSpace_HS_00946,0.0037802839651703
314,6,3,4,2311,Fibroblast,Macrophage,SERPINE1,PLAUR,CommuSpace_HS_06869,0.0035899186041206
314,7,3,4,2670,Fibroblast,Macrophage,VEGFA,CD44,CommuSpace_HS_07694,0.0031219883821904
314,8,4,4,351,Macrophage,Macrophage,CCL2,CCR1,CommuSpace_HS_00946,0.0030591641552746
314,9,1,8,583,Endothelial,T cell,COL4A1,CD44,CommuSpace_HS_01729,0.003038136055693
314,10,3,4,2530,Fibroblast,Macrophage,THY1,ITGAX,CommuSpace_HS_07427,0.0029300171881914
315,1,4,4,1359,Macrophage,Macrophage,GNAI2,C5AR1,CommuSpace_HS_03953,0.0051916828379035
315,2,3,8,583,Fibroblast,T cell,COL4A1,CD44,CommuSpace_HS_01729,0.0048420154489576
315,3,3,8,2670,Fibroblast,T cell,VEGFA,CD44,CommuSpace_HS_07694,0.0046515031717717
315,4,3,8,2541,Fibroblast,T cell,TIMP2,CD44,CommuSpace_HS_07444,0.0043154377490282
315,5,3,4,351,Fibroblast,Macrophage,CCL2,CCR1,CommuSpace_HS_00946,0.0037802839651703
315,6,3,4,2311,Fibroblast,Macrophage,SERPINE1,PLAUR,CommuSpace_HS_06869,0.0035899186041206
315,7,3,4,2670,Fibroblast,Macrophage,VEGFA,CD44,CommuSpace_HS_07694,0.0031219883821904
315,8,4,4,351,Macrophage,Macrophage,CCL2,CCR1,CommuSpace_HS_00946,0.0030591641552746
315,9,1,8,583,Endothelial,T cell,COL4A1,CD44,CommuSpace_HS_01729,0.003038136055693
315,10,3,4,2530,Fibroblast,Macrophage,THY1,ITGAX,CommuSpace_HS_07427,0.0029300171881914
316,1,4,4,1359,Macrophage,Macrophage,GNAI2,C5AR1,CommuSpace_HS_03953,0.0051916828379035
316,2,3,8,583,Fibroblast,T cell,COL4A1,CD44,CommuSpace_HS_01729,0.0048420154489576
316,3,3,8,2670,Fibroblast,T cell,VEGFA,CD44,CommuSpace_HS_07694,0.0046515031717717
316,4,3,8,2541,Fibroblast,T cell,TIMP2,CD44,CommuSpace_HS_07444,0.0043154377490282
316,5,3,4,351,Fibroblast,Macrophage,CCL2,CCR1,CommuSpace_HS_00946,0.0037802839651703
316,6,3,4,2311,Fibroblast,Macrophage,SERPINE1,PLAUR,CommuSpace_HS_06869,0.0035899186041206
316,7,3,4,2670,Fibroblast,Macrophage,VEGFA,CD44,CommuSpace_HS_07694,0.0031219883821904
316,8,4,4,351,Macrophage,Macrophage,CCL2,CCR1,CommuSpace_HS_00946,0.0030591641552746
316,9,1,8,583,Endothelial,T cell,COL4A1,CD44,CommuSpace_HS_01729,0.003038136055693
316,10,3,4,2530,Fibroblast,Macrophage,THY1,ITGAX,CommuSpace_HS_07427,0.0029300171881914
317,1,4,4,1359,Macrophage,Macrophage,GNAI2,C5AR1,CommuSpace_HS_03953,0.0051916828379035
317,2,3,8,583,Fibroblast,T cell,COL4A1,CD44,CommuSpace_HS_01729,0.0048420154489576
317,3,3,8,2670,Fibroblast,T cell,VEGFA,CD44,CommuSpace_HS_07694,0.0046515031717717
317,4,3,8,2541,Fibroblast,T cell,TIMP2,CD44,CommuSpace_HS_07444,0.0043154377490282
317,5,3,4,351,Fibroblast,Macrophage,CCL2,CCR1,CommuSpace_HS_00946,0.0037802839651703
317,6,3,4,2311,Fibroblast,Macrophage,SERPINE1,PLAUR,CommuSpace_HS_06869,0.0035899186041206
317,7,3,4,2670,Fibroblast,Macrophage,VEGFA,CD44,CommuSpace_HS_07694,0.0031219883821904
317,8,4,4,351,Macrophage,Macrophage,CCL2,CCR1,CommuSpace_HS_00946,0.0030591641552746
317,9,1,8,583,Endothelial,T cell,COL4A1,CD44,CommuSpace_HS_01729,0.003038136055693
317,10,3,4,2530,Fibroblast,Macrophage,THY1,ITGAX,CommuSpace_HS_07427,0.0029300171881914
318,1,4,4,1359,Macrophage,Macrophage,GNAI2,C5AR1,CommuSpace_HS_03953,0.0051916828379035
318,2,3,8,583,Fibroblast,T cell,COL4A1,CD44,CommuSpace_HS_01729,0.0048420154489576
318,3,3,8,2670,Fibroblast,T cell,VEGFA,CD44,CommuSpace_HS_07694,0.0046515031717717
318,4,3,8,2541,Fibroblast,T cell,TIMP2,CD44,CommuSpace_HS_07444,0.0043154377490282
318,5,3,4,351,Fibroblast,Macrophage,CCL2,CCR1,CommuSpace_HS_00946,0.0037802839651703
318,6,3,4,2311,Fibroblast,Macrophage,SERPINE1,PLAUR,CommuSpace_HS_06869,0.0035899186041206
318,7,3,4,2670,Fibroblast,Macrophage,VEGFA,CD44,CommuSpace_HS_07694,0.0031219883821904
318,8,4,4,351,Macrophage,Macrophage,CCL2,CCR1,CommuSpace_HS_00946,0.0030591641552746
318,9,1,8,583,Endothelial,T cell,COL4A1,CD44,CommuSpace_HS_01729,0.003038136055693
318,10,3,4,2530,Fibroblast,Macrophage,THY1,ITGAX,CommuSpace_HS_07427,0.0029300171881914
319,1,4,4,1359,Macrophage,Macrophage,GNAI2,C5AR1,CommuSpace_HS_03953,0.0051916828379035
319,2,3,8,583,Fibroblast,T cell,COL4A1,CD44,CommuSpace_HS_01729,0.0048420154489576
319,3,3,8,2670,Fibroblast,T cell,VEGFA,CD44,CommuSpace_HS_07694,0.0046515031717717
319,4,3,8,2541,Fibroblast,T cell,TIMP2,CD44,CommuSpace_HS_07444,0.0043154377490282
319,5,3,4,351,Fibroblast,Macrophage,CCL2,CCR1,CommuSpace_HS_00946,0.0037802839651703
319,6,3,4,2311,Fibroblast,Macrophage,SERPINE1,PLAUR,CommuSpace_HS_06869,0.0035899186041206
319,7,3,4,2670,Fibroblast,Macrophage,VEGFA,CD44,CommuSpace_HS_07694,0.0031219883821904
319,8,4,4,351,Macrophage,Macrophage,CCL2,CCR1,CommuSpace_HS_00946,0.0030591641552746
319,9,1,8,583,Endothelial,T cell,COL4A1,CD44,CommuSpace_HS_01729,0.003038136055693
319,10,3,4,2530,Fibroblast,Macrophage,THY1,ITGAX,CommuSpace_HS_07427,0.0029300171881914
320,1,4,4,1359,Macrophage,Macrophage,GNAI2,C5AR1,CommuSpace_HS_03953,0.0051916828379035
320,2,3,8,583,Fibroblast,T cell,COL4A1,CD44,CommuSpace_HS_01729,0.0048420154489576
320,3,3,8,2670,Fibroblast,T cell,VEGFA,CD44,CommuSpace_HS_07694,0.0046515031717717
320,4,3,8,2541,Fibroblast,T cell,TIMP2,CD44,CommuSpace_HS_07444,0.0043154377490282
320,5,3,4,351,Fibroblast,Macrophage,CCL2,CCR1,CommuSpace_HS_00946,0.0037802839651703
320,6,3,4,2311,Fibroblast,Macrophage,SERPINE1,PLAUR,CommuSpace_HS_06869,0.0035899186041206
320,7,3,4,2670,Fibroblast,Macrophage,VEGFA,CD44,CommuSpace_HS_07694,0.0031219883821904
320,8,4,4,351,Macrophage,Macrophage,CCL2,CCR1,CommuSpace_HS_00946,0.0030591641552746
320,9,1,8,583,Endothelial,T cell,COL4A1,CD44,CommuSpace_HS_01729,0.003038136055693
320,10,3,4,2530,Fibroblast,Macrophage,THY1,ITGAX,CommuSpace_HS_07427,0.0029300171881914
321,1,4,4,1359,Macrophage,Macrophage,GNAI2,C5AR1,CommuSpace_HS_03953,0.0051916828379035
321,2,3,8,583,Fibroblast,T cell,COL4A1,CD44,CommuSpace_HS_01729,0.0048420154489576
321,3,3,8,2670,Fibroblast,T cell,VEGFA,CD44,CommuSpace_HS_07694,0.0046515031717717
321,4,3,8,2541,Fibroblast,T cell,TIMP2,CD44,CommuSpace_HS_07444,0.0043154377490282
321,5,3,4,351,Fibroblast,Macrophage,CCL2,CCR1,CommuSpace_HS_00946,0.0037802839651703
321,6,3,4,2311,Fibroblast,Macrophage,SERPINE1,PLAUR,CommuSpace_HS_06869,0.0035899186041206
321,7,3,4,2670,Fibroblast,Macrophage,VEGFA,CD44,CommuSpace_HS_07694,0.0031219883821904
321,8,4,4,351,Macrophage,Macrophage,CCL2,CCR1,CommuSpace_HS_00946,0.0030591641552746
321,9,1,8,583,Endothelial,T cell,COL4A1,CD44,CommuSpace_HS_01729,0.003038136055693
321,10,3,4,2530,Fibroblast,Macrophage,THY1,ITGAX,CommuSpace_HS_07427,0.0029300171881914
322,1,4,4,1359,Macrophage,Macrophage,GNAI2,C5AR1,CommuSpace_HS_03953,0.0051916828379035
322,2,3,8,583,Fibroblast,T cell,COL4A1,CD44,CommuSpace_HS_01729,0.0048420154489576
322,3,3,8,2670,Fibroblast,T cell,VEGFA,CD44,CommuSpace_HS_07694,0.0046515031717717
322,4,3,8,2541,Fibroblast,T cell,TIMP2,CD44,CommuSpace_HS_07444,0.0043154377490282
322,5,3,4,351,Fibroblast,Macrophage,CCL2,CCR1,CommuSpace_HS_00946,0.0037802839651703
322,6,3,4,2311,Fibroblast,Macrophage,SERPINE1,PLAUR,CommuSpace_HS_06869,0.0035899186041206
322,7,3,4,2670,Fibroblast,Macrophage,VEGFA,CD44,CommuSpace_HS_07694,0.0031219883821904
322,8,4,4,351,Macrophage,Macrophage,CCL2,CCR1,CommuSpace_HS_00946,0.0030591641552746
322,9,1,8,583,Endothelial,T cell,COL4A1,CD44,CommuSpace_HS_01729,0.003038136055693
322,10,3,4,2530,Fibroblast,Macrophage,THY1,ITGAX,CommuSpace_HS_07427,0.0029300171881914
323,1,4,4,1359,Macrophage,Macrophage,GNAI2,C5AR1,CommuSpace_HS_03953,0.0051916828379035
323,2,3,8,583,Fibroblast,T cell,COL4A1,CD44,CommuSpace_HS_01729,0.0048420154489576
323,3,3,8,2670,Fibroblast,T cell,VEGFA,CD44,CommuSpace_HS_07694,0.0046515031717717
323,4,3,8,2541,Fibroblast,T cell,TIMP2,CD44,CommuSpace_HS_07444,0.0043154377490282
323,5,3,4,351,Fibroblast,Macrophage,CCL2,CCR1,CommuSpace_HS_00946,0.0037802839651703
323,6,3,4,2311,Fibroblast,Macrophage,SERPINE1,PLAUR,CommuSpace_HS_06869,0.0035899186041206
323,7,3,4,2670,Fibroblast,Macrophage,VEGFA,CD44,CommuSpace_HS_07694,0.0031219883821904
323,8,4,4,351,Macrophage,Macrophage,CCL2,CCR1,CommuSpace_HS_00946,0.0030591641552746
323,9,1,8,583,Endothelial,T cell,COL4A1,CD44,CommuSpace_HS_01729,0.003038136055693
323,10,3,4,2530,Fibroblast,Macrophage,THY1,ITGAX,CommuSpace_HS_07427,0.0029300171881914
324,1,4,4,1359,Macrophage,Macrophage,GNAI2,C5AR1,CommuSpace_HS_03953,0.0051916828379035
324,2,3,8,583,Fibroblast,T cell,COL4A1,CD44,CommuSpace_HS_01729,0.0048420154489576
324,3,3,8,2670,Fibroblast,T cell,VEGFA,CD44,CommuSpace_HS_07694,0.0046515031717717
324,4,3,8,2541,Fibroblast,T cell,TIMP2,CD44,CommuSpace_HS_07444,0.0043154377490282
324,5,3,4,351,Fibroblast,Macrophage,CCL2,CCR1,CommuSpace_HS_00946,0.0037802839651703
324,6,3,4,2311,Fibroblast,Macrophage,SERPINE1,PLAUR,CommuSpace_HS_06869,0.0035899186041206
324,7,3,4,2670,Fibroblast,Macrophage,VEGFA,CD44,CommuSpace_HS_07694,0.0031219883821904
324,8,4,4,351,Macrophage,Macrophage,CCL2,CCR1,CommuSpace_HS_00946,0.0030591641552746
324,9,1,8,583,Endothelial,T cell,COL4A1,CD44,CommuSpace_HS_01729,0.003038136055693
324,10,3,4,2530,Fibroblast,Macrophage,THY1,ITGAX,CommuSpace_HS_07427,0.0029300171881914
325,1,4,4,1359,Macrophage,Macrophage,GNAI2,C5AR1,CommuSpace_HS_03953,0.0051916828379035
325,2,3,8,583,Fibroblast,T cell,COL4A1,CD44,CommuSpace_HS_01729,0.0048420154489576
325,3,3,8,2670,Fibroblast,T cell,VEGFA,CD44,CommuSpace_HS_07694,0.0046515031717717
325,4,3,8,2541,Fibroblast,T cell,TIMP2,CD44,CommuSpace_HS_07444,0.0043154377490282
325,5,3,4,351,Fibroblast,Macrophage,CCL2,CCR1,CommuSpace_HS_00946,0.0037802839651703
325,6,3,4,2311,Fibroblast,Macrophage,SERPINE1,PLAUR,CommuSpace_HS_06869,0.0035899186041206
325,7,3,4,2670,Fibroblast,Macrophage,VEGFA,CD44,CommuSpace_HS_07694,0.0031219883821904
325,8,4,4,351,Macrophage,Macrophage,CCL2,CCR1,CommuSpace_HS_00946,0.0030591641552746
325,9,1,8,583,Endothelial,T cell,COL4A1,CD44,CommuSpace_HS_01729,0.003038136055693
325,10,3,4,2530,Fibroblast,Macrophage,THY1,ITGAX,CommuSpace_HS_07427,0.0029300171881914
326,1,4,4,1359,Macrophage,Macrophage,GNAI2,C5AR1,CommuSpace_HS_03953,0.0051916828379035
326,2,3,8,583,Fibroblast,T cell,COL4A1,CD44,CommuSpace_HS_01729,0.0048420154489576
326,3,3,8,2670,Fibroblast,T cell,VEGFA,CD44,CommuSpace_HS_07694,0.0046515031717717
326,4,3,8,2541,Fibroblast,T cell,TIMP2,CD44,CommuSpace_HS_07444,0.0043154377490282
326,5,3,4,351,Fibroblast,Macrophage,CCL2,CCR1,CommuSpace_HS_00946,0.0037802839651703
326,6,3,4,2311,Fibroblast,Macrophage,SERPINE1,PLAUR,CommuSpace_HS_06869,0.0035899186041206
326,7,3,4,2670,Fibroblast,Macrophage,VEGFA,CD44,CommuSpace_HS_07694,0.0031219883821904
326,8,4,4,351,Macrophage,Macrophage,CCL2,CCR1,CommuSpace_HS_00946,0.0030591641552746
326,9,1,8,583,Endothelial,T cell,COL4A1,CD44,CommuSpace_HS_01729,0.003038136055693
326,10,3,4,2530,Fibroblast,Macrophage,THY1,ITGAX,CommuSpace_HS_07427,0.0029300171881914
327,1,4,4,1359,Macrophage,Macrophage,GNAI2,C5AR1,CommuSpace_HS_03953,0.0051916828379035
327,2,3,8,583,Fibroblast,T cell,COL4A1,CD44,CommuSpace_HS_01729,0.0048420154489576
327,3,3,8,2670,Fibroblast,T cell,VEGFA,CD44,CommuSpace_HS_07694,0.0046515031717717
327,4,3,8,2541,Fibroblast,T cell,TIMP2,CD44,CommuSpace_HS_07444,0.0043154377490282
327,5,3,4,351,Fibroblast,Macrophage,CCL2,CCR1,CommuSpace_HS_00946,0.0037802839651703
327,6,3,4,2311,Fibroblast,Macrophage,SERPINE1,PLAUR,CommuSpace_HS_06869,0.0035899186041206
327,7,3,4,2670,Fibroblast,Macrophage,VEGFA,CD44,CommuSpace_HS_07694,0.0031219883821904
327,8,4,4,351,Macrophage,Macrophage,CCL2,CCR1,CommuSpace_HS_00946,0.0030591641552746
327,9,1,8,583,Endothelial,T cell,COL4A1,CD44,CommuSpace_HS_01729,0.003038136055693
327,10,3,4,2530,Fibroblast,Macrophage,THY1,ITGAX,CommuSpace_HS_07427,0.0029300171881914
328,1,4,4,1359,Macrophage,Macrophage,GNAI2,C5AR1,CommuSpace_HS_03953,0.0051916828379035
328,2,3,8,583,Fibroblast,T cell,COL4A1,CD44,CommuSpace_HS_01729,0.0048420154489576
328,3,3,8,2670,Fibroblast,T cell,VEGFA,CD44,CommuSpace_HS_07694,0.0046515031717717
328,4,3,8,2541,Fibroblast,T cell,TIMP2,CD44,CommuSpace_HS_07444,0.0043154377490282
328,5,3,4,351,Fibroblast,Macrophage,CCL2,CCR1,CommuSpace_HS_00946,0.0037802839651703
328,6,3,4,2311,Fibroblast,Macrophage,SERPINE1,PLAUR,CommuSpace_HS_06869,0.0035899186041206
328,7,3,4,2670,Fibroblast,Macrophage,VEGFA,CD44,CommuSpace_HS_07694,0.0031219883821904
328,8,4,4,351,Macrophage,Macrophage,CCL2,CCR1,CommuSpace_HS_00946,0.0030591641552746
328,9,1,8,583,Endothelial,T cell,COL4A1,CD44,CommuSpace_HS_01729,0.003038136055693
328,10,3,4,2530,Fibroblast,Macrophage,THY1,ITGAX,CommuSpace_HS_07427,0.0029300171881914
329,1,4,4,1359,Macrophage,Macrophage,GNAI2,C5AR1,CommuSpace_HS_03953,0.0051916828379035
329,2,3,8,583,Fibroblast,T cell,COL4A1,CD44,CommuSpace_HS_01729,0.0048420154489576
329,3,3,8,2670,Fibroblast,T cell,VEGFA,CD44,CommuSpace_HS_07694,0.0046515031717717
329,4,3,8,2541,Fibroblast,T cell,TIMP2,CD44,CommuSpace_HS_07444,0.0043154377490282
329,5,3,4,351,Fibroblast,Macrophage,CCL2,CCR1,CommuSpace_HS_00946,0.0037802839651703
329,6,3,4,2311,Fibroblast,Macrophage,SERPINE1,PLAUR,CommuSpace_HS_06869,0.0035899186041206
329,7,3,4,2670,Fibroblast,Macrophage,VEGFA,CD44,CommuSpace_HS_07694,0.0031219883821904
329,8,4,4,351,Macrophage,Macrophage,CCL2,CCR1,CommuSpace_HS_00946,0.0030591641552746
329,9,1,8,583,Endothelial,T cell,COL4A1,CD44,CommuSpace_HS_01729,0.003038136055693
329,10,3,4,2530,Fibroblast,Macrophage,THY1,ITGAX,CommuSpace_HS_07427,0.0029300171881914
330,1,4,4,1359,Macrophage,Macrophage,GNAI2,C5AR1,CommuSpace_HS_03953,0.0051916828379035
330,2,3,8,583,Fibroblast,T cell,COL4A1,CD44,CommuSpace_HS_01729,0.0048420154489576
330,3,3,8,2670,Fibroblast,T cell,VEGFA,CD44,CommuSpace_HS_07694,0.0046515031717717
330,4,3,8,2541,Fibroblast,T cell,TIMP2,CD44,CommuSpace_HS_07444,0.0043154377490282
330,5,3,4,351,Fibroblast,Macrophage,CCL2,CCR1,CommuSpace_HS_00946,0.0037802839651703
330,6,3,4,2311,Fibroblast,Macrophage,SERPINE1,PLAUR,CommuSpace_HS_06869,0.0035899186041206
330,7,3,4,2670,Fibroblast,Macrophage,VEGFA,CD44,CommuSpace_HS_07694,0.0031219883821904
330,8,4,4,351,Macrophage,Macrophage,CCL2,CCR1,CommuSpace_HS_00946,0.0030591641552746
330,9,1,8,583,Endothelial,T cell,COL4A1,CD44,CommuSpace_HS_01729,0.003038136055693
330,10,3,4,2530,Fibroblast,Macrophage,THY1,ITGAX,CommuSpace_HS_07427,0.0029300171881914
331,1,4,4,1359,Macrophage,Macrophage,GNAI2,C5AR1,CommuSpace_HS_03953,0.0051916828379035
331,2,3,8,583,Fibroblast,T cell,COL4A1,CD44,CommuSpace_HS_01729,0.0048420154489576
331,3,3,8,2670,Fibroblast,T cell,VEGFA,CD44,CommuSpace_HS_07694,0.0046515031717717
331,4,3,8,2541,Fibroblast,T cell,TIMP2,CD44,CommuSpace_HS_07444,0.0043154377490282
331,5,3,4,351,Fibroblast,Macrophage,CCL2,CCR1,CommuSpace_HS_00946,0.0037802839651703
331,6,3,4,2311,Fibroblast,Macrophage,SERPINE1,PLAUR,CommuSpace_HS_06869,0.0035899186041206
331,7,3,4,2670,Fibroblast,Macrophage,VEGFA,CD44,CommuSpace_HS_07694,0.0031219883821904
331,8,4,4,351,Macrophage,Macrophage,CCL2,CCR1,CommuSpace_HS_00946,0.0030591641552746
331,9,1,8,583,Endothelial,T cell,COL4A1,CD44,CommuSpace_HS_01729,0.003038136055693
331,10,3,4,2530,Fibroblast,Macrophage,THY1,ITGAX,CommuSpace_HS_07427,0.0029300171881914
332,1,4,4,1359,Macrophage,Macrophage,GNAI2,C5AR1,CommuSpace_HS_03953,0.0051916828379035
332,2,3,8,583,Fibroblast,T cell,COL4A1,CD44,CommuSpace_HS_01729,0.0048420154489576
332,3,3,8,2670,Fibroblast,T cell,VEGFA,CD44,CommuSpace_HS_07694,0.0046515031717717
332,4,3,8,2541,Fibroblast,T cell,TIMP2,CD44,CommuSpace_HS_07444,0.0043154377490282
332,5,3,4,351,Fibroblast,Macrophage,CCL2,CCR1,CommuSpace_HS_00946,0.0037802839651703
332,6,3,4,2311,Fibroblast,Macrophage,SERPINE1,PLAUR,CommuSpace_HS_06869,0.0035899186041206
332,7,3,4,2670,Fibroblast,Macrophage,VEGFA,CD44,CommuSpace_HS_07694,0.0031219883821904
332,8,4,4,351,Macrophage,Macrophage,CCL2,CCR1,CommuSpace_HS_00946,0.0030591641552746
332,9,1,8,583,Endothelial,T cell,COL4A1,CD44,CommuSpace_HS_01729,0.003038136055693
332,10,3,4,2530,Fibroblast,Macrophage,THY1,ITGAX,CommuSpace_HS_07427,0.0029300171881914
333,1,4,8,2085,Macrophage,T cell,PKM,CD44,CommuSpace_HS_06177,0.1013293117284774
333,2,4,4,2085,Macrophage,Macrophage,PKM,CD44,CommuSpace_HS_06177,0.0557854101061821
333,3,4,4,1359,Macrophage,Macrophage,GNAI2,C5AR1,CommuSpace_HS_03953,0.0046968851238489
333,4,7,8,583,Pericyte,T cell,COL4A1,CD44,CommuSpace_HS_01729,0.0046090348623692
333,5,3,8,583,Fibroblast,T cell,COL4A1,CD44,CommuSpace_HS_01729,0.0039396593347191
333,6,7,8,2547,Pericyte,T cell,TIMP3,CD44,CommuSpace_HS_07452,0.0038707938510924
333,7,3,8,2670,Fibroblast,T cell,VEGFA,CD44,CommuSpace_HS_07694,0.0037816383410245
333,8,3,8,2541,Fibroblast,T cell,TIMP2,CD44,CommuSpace_HS_07444,0.0035220987629145
333,9,3,4,351,Fibroblast,Macrophage,CCL2,CCR1,CommuSpace_HS_00946,0.00307027855888
333,10,4,4,771,Macrophage,Macrophage,CXCL9,FCGR2A,CommuSpace_HS_02275,0.003038510447368
334,1,4,4,1359,Macrophage,Macrophage,GNAI2,C5AR1,CommuSpace_HS_03953,0.0051916828379035
334,2,3,8,583,Fibroblast,T cell,COL4A1,CD44,CommuSpace_HS_01729,0.0048420154489576
334,3,3,8,2670,Fibroblast,T cell,VEGFA,CD44,CommuSpace_HS_07694,0.0046515031717717
334,4,3,8,2541,Fibroblast,T cell,TIMP2,CD44,CommuSpace_HS_07444,0.0043154377490282
334,5,3,4,351,Fibroblast,Macrophage,CCL2,CCR1,CommuSpace_HS_00946,0.0037802839651703
334,6,3,4,2311,Fibroblast,Macrophage,SERPINE1,PLAUR,CommuSpace_HS_06869,0.0035899186041206
334,7,3,4,2670,Fibroblast,Macrophage,VEGFA,CD44,CommuSpace_HS_07694,0.0031219883821904
334,8,4,4,351,Macrophage,Macrophage,CCL2,CCR1,CommuSpace_HS_00946,0.0030591641552746
334,9,1,8,583,Endothelial,T cell,COL4A1,CD44,CommuSpace_HS_01729,0.003038136055693
334,10,3,4,2530,Fibroblast,Macrophage,THY1,ITGAX,CommuSpace_HS_07427,0.0029300171881914
335,1,4,4,1359,Macrophage,Macrophage,GNAI2,C5AR1,CommuSpace_HS_03953,0.0051916828379035
335,2,3,8,583,Fibroblast,T cell,COL4A1,CD44,CommuSpace_HS_01729,0.0048420154489576
335,3,3,8,2670,Fibroblast,T cell,VEGFA,CD44,CommuSpace_HS_07694,0.0046515031717717
335,4,3,8,2541,Fibroblast,T cell,TIMP2,CD44,CommuSpace_HS_07444,0.0043154377490282
335,5,3,4,351,Fibroblast,Macrophage,CCL2,CCR1,CommuSpace_HS_00946,0.0037802839651703
335,6,3,4,2311,Fibroblast,Macrophage,SERPINE1,PLAUR,CommuSpace_HS_06869,0.0035899186041206
335,7,3,4,2670,Fibroblast,Macrophage,VEGFA,CD44,CommuSpace_HS_07694,0.0031219883821904
335,8,4,4,351,Macrophage,Macrophage,CCL2,CCR1,CommuSpace_HS_00946,0.0030591641552746
335,9,1,8,583,Endothelial,T cell,COL4A1,CD44,CommuSpace_HS_01729,0.003038136055693
335,10,3,4,2530,Fibroblast,Macrophage,THY1,ITGAX,CommuSpace_HS_07427,0.0029300171881914
336,1,4,4,1359,Macrophage,Macrophage,GNAI2,C5AR1,CommuSpace_HS_03953,0.0051916828379035
336,2,3,8,583,Fibroblast,T cell,COL4A1,CD44,CommuSpace_HS_01729,0.0048420154489576
336,3,3,8,2670,Fibroblast,T cell,VEGFA,CD44,CommuSpace_HS_07694,0.0046515031717717
336,4,3,8,2541,Fibroblast,T cell,TIMP2,CD44,CommuSpace_HS_07444,0.0043154377490282
336,5,3,4,351,Fibroblast,Macrophage,CCL2,CCR1,CommuSpace_HS_00946,0.0037802839651703
336,6,3,4,2311,Fibroblast,Macrophage,SERPINE1,PLAUR,CommuSpace_HS_06869,0.0035899186041206
336,7,3,4,2670,Fibroblast,Macrophage,VEGFA,CD44,CommuSpace_HS_07694,0.0031219883821904
336,8,4,4,351,Macrophage,Macrophage,CCL2,CCR1,CommuSpace_HS_00946,0.0030591641552746
336,9,1,8,583,Endothelial,T cell,COL4A1,CD44,CommuSpace_HS_01729,0.003038136055693
336,10,3,4,2530,Fibroblast,Macrophage,THY1,ITGAX,CommuSpace_HS_07427,0.0029300171881914
337,1,4,4,1359,Macrophage,Macrophage,GNAI2,C5AR1,CommuSpace_HS_03953,0.0051916828379035
337,2,3,8,583,Fibroblast,T cell,COL4A1,CD44,CommuSpace_HS_01729,0.0048420154489576
337,3,3,8,2670,Fibroblast,T cell,VEGFA,CD44,CommuSpace_HS_07694,0.0046515031717717
337,4,3,8,2541,Fibroblast,T cell,TIMP2,CD44,CommuSpace_HS_07444,0.0043154377490282
337,5,3,4,351,Fibroblast,Macrophage,CCL2,CCR1,CommuSpace_HS_00946,0.0037802839651703
337,6,3,4,2311,Fibroblast,Macrophage,SERPINE1,PLAUR,CommuSpace_HS_06869,0.0035899186041206
337,7,3,4,2670,Fibroblast,Macrophage,VEGFA,CD44,CommuSpace_HS_07694,0.0031219883821904
337,8,4,4,351,Macrophage,Macrophage,CCL2,CCR1,CommuSpace_HS_00946,0.0030591641552746
337,9,1,8,583,Endothelial,T cell,COL4A1,CD44,CommuSpace_HS_01729,0.003038136055693
337,10,3,4,2530,Fibroblast,Macrophage,THY1,ITGAX,CommuSpace_HS_07427,0.0029300171881914
338,1,4,4,1359,Macrophage,Macrophage,GNAI2,C5AR1,CommuSpace_HS_03953,0.0051916828379035
338,2,3,8,583,Fibroblast,T cell,COL4A1,CD44,CommuSpace_HS_01729,0.0048420154489576
338,3,3,8,2670,Fibroblast,T cell,VEGFA,CD44,CommuSpace_HS_07694,0.0046515031717717
338,4,3,8,2541,Fibroblast,T cell,TIMP2,CD44,CommuSpace_HS_07444,0.0043154377490282
338,5,3,4,351,Fibroblast,Macrophage,CCL2,CCR1,CommuSpace_HS_00946,0.0037802839651703
338,6,3,4,2311,Fibroblast,Macrophage,SERPINE1,PLAUR,CommuSpace_HS_06869,0.0035899186041206
338,7,3,4,2670,Fibroblast,Macrophage,VEGFA,CD44,CommuSpace_HS_07694,0.0031219883821904
338,8,4,4,351,Macrophage,Macrophage,CCL2,CCR1,CommuSpace_HS_00946,0.0030591641552746
338,9,1,8,583,Endothelial,T cell,COL4A1,CD44,CommuSpace_HS_01729,0.003038136055693
338,10,3,4,2530,Fibroblast,Macrophage,THY1,ITGAX,CommuSpace_HS_07427,0.0029300171881914
339,1,4,4,1359,Macrophage,Macrophage,GNAI2,C5AR1,CommuSpace_HS_03953,0.0051916828379035
339,2,3,8,583,Fibroblast,T cell,COL4A1,CD44,CommuSpace_HS_01729,0.0048420154489576
339,3,3,8,2670,Fibroblast,T cell,VEGFA,CD44,CommuSpace_HS_07694,0.0046515031717717
339,4,3,8,2541,Fibroblast,T cell,TIMP2,CD44,CommuSpace_HS_07444,0.0043154377490282
339,5,3,4,351,Fibroblast,Macrophage,CCL2,CCR1,CommuSpace_HS_00946,0.0037802839651703
339,6,3,4,2311,Fibroblast,Macrophage,SERPINE1,PLAUR,CommuSpace_HS_06869,0.0035899186041206
339,7,3,4,2670,Fibroblast,Macrophage,VEGFA,CD44,CommuSpace_HS_07694,0.0031219883821904
339,8,4,4,351,Macrophage,Macrophage,CCL2,CCR1,CommuSpace_HS_00946,0.0030591641552746
339,9,1,8,583,Endothelial,T cell,COL4A1,CD44,CommuSpace_HS_01729,0.003038136055693
339,10,3,4,2530,Fibroblast,Macrophage,THY1,ITGAX,CommuSpace_HS_07427,0.0029300171881914
340,1,4,4,1359,Macrophage,Macrophage,GNAI2,C5AR1,CommuSpace_HS_03953,0.0051916828379035
340,2,3,8,583,Fibroblast,T cell,COL4A1,CD44,CommuSpace_HS_01729,0.0048420154489576
340,3,3,8,2670,Fibroblast,T cell,VEGFA,CD44,CommuSpace_HS_07694,0.0046515031717717
340,4,3,8,2541,Fibroblast,T cell,TIMP2,CD44,CommuSpace_HS_07444,0.0043154377490282
340,5,3,4,351,Fibroblast,Macrophage,CCL2,CCR1,CommuSpace_HS_00946,0.0037802839651703
340,6,3,4,2311,Fibroblast,Macrophage,SERPINE1,PLAUR,CommuSpace_HS_06869,0.0035899186041206
340,7,3,4,2670,Fibroblast,Macrophage,VEGFA,CD44,CommuSpace_HS_07694,0.0031219883821904
340,8,4,4,351,Macrophage,Macrophage,CCL2,CCR1,CommuSpace_HS_00946,0.0030591641552746
340,9,1,8,583,Endothelial,T cell,COL4A1,CD44,CommuSpace_HS_01729,0.003038136055693
340,10,3,4,2530,Fibroblast,Macrophage,THY1,ITGAX,CommuSpace_HS_07427,0.0029300171881914
341,1,4,4,1359,Macrophage,Macrophage,GNAI2,C5AR1,CommuSpace_HS_03953,0.0051916828379035
341,2,3,8,583,Fibroblast,T cell,COL4A1,CD44,CommuSpace_HS_01729,0.0048420154489576
341,3,3,8,2670,Fibroblast,T cell,VEGFA,CD44,CommuSpace_HS_07694,0.0046515031717717
341,4,3,8,2541,Fibroblast,T cell,TIMP2,CD44,CommuSpace_HS_07444,0.0043154377490282
341,5,3,4,351,Fibroblast,Macrophage,CCL2,CCR1,CommuSpace_HS_00946,0.0037802839651703
341,6,3,4,2311,Fibroblast,Macrophage,SERPINE1,PLAUR,CommuSpace_HS_06869,0.0035899186041206
341,7,3,4,2670,Fibroblast,Macrophage,VEGFA,CD44,CommuSpace_HS_07694,0.0031219883821904
341,8,4,4,351,Macrophage,Macrophage,CCL2,CCR1,CommuSpace_HS_00946,0.0030591641552746
341,9,1,8,583,Endothelial,T cell,COL4A1,CD44,CommuSpace_HS_01729,0.003038136055693
341,10,3,4,2530,Fibroblast,Macrophage,THY1,ITGAX,CommuSpace_HS_07427,0.0029300171881914
342,1,4,4,1359,Macrophage,Macrophage,GNAI2,C5AR1,CommuSpace_HS_03953,0.0051916828379035
342,2,3,8,583,Fibroblast,T cell,COL4A1,CD44,CommuSpace_HS_01729,0.0048420154489576
342,3,3,8,2670,Fibroblast,T cell,VEGFA,CD44,CommuSpace_HS_07694,0.0046515031717717
342,4,3,8,2541,Fibroblast,T cell,TIMP2,CD44,CommuSpace_HS_07444,0.0043154377490282
342,5,3,4,351,Fibroblast,Macrophage,CCL2,CCR1,CommuSpace_HS_00946,0.0037802839651703
342,6,3,4,2311,Fibroblast,Macrophage,SERPINE1,PLAUR,CommuSpace_HS_06869,0.0035899186041206
342,7,3,4,2670,Fibroblast,Macrophage,VEGFA,CD44,CommuSpace_HS_07694,0.0031219883821904
342,8,4,4,351,Macrophage,Macrophage,CCL2,CCR1,CommuSpace_HS_00946,0.0030591641552746
342,9,1,8,583,Endothelial,T cell,COL4A1,CD44,CommuSpace_HS_01729,0.003038136055693
342,10,3,4,2530,Fibroblast,Macrophage,THY1,ITGAX,CommuSpace_HS_07427,0.0029300171881914
343,1,4,4,1359,Macrophage,Macrophage,GNAI2,C5AR1,CommuSpace_HS_03953,0.0051916828379035
343,2,3,8,583,Fibroblast,T cell,COL4A1,CD44,CommuSpace_HS_01729,0.0048420154489576
343,3,3,8,2670,Fibroblast,T cell,VEGFA,CD44,CommuSpace_HS_07694,0.0046515031717717
343,4,3,8,2541,Fibroblast,T cell,TIMP2,CD44,CommuSpace_HS_07444,0.0043154377490282
343,5,3,4,351,Fibroblast,Macrophage,CCL2,CCR1,CommuSpace_HS_00946,0.0037802839651703
343,6,3,4,2311,Fibroblast,Macrophage,SERPINE1,PLAUR,CommuSpace_HS_06869,0.0035899186041206
343,7,3,4,2670,Fibroblast,Macrophage,VEGFA,CD44,CommuSpace_HS_07694,0.0031219883821904
343,8,4,4,351,Macrophage,Macrophage,CCL2,CCR1,CommuSpace_HS_00946,0.0030591641552746
343,9,1,8,583,Endothelial,T cell,COL4A1,CD44,CommuSpace_HS_01729,0.003038136055693
343,10,3,4,2530,Fibroblast,Macrophage,THY1,ITGAX,CommuSpace_HS_07427,0.0029300171881914
344,1,4,4,1359,Macrophage,Macrophage,GNAI2,C5AR1,CommuSpace_HS_03953,0.0051916828379035
344,2,3,8,583,Fibroblast,T cell,COL4A1,CD44,CommuSpace_HS_01729,0.0048420154489576
344,3,3,8,2670,Fibroblast,T cell,VEGFA,CD44,CommuSpace_HS_07694,0.0046515031717717
344,4,3,8,2541,Fibroblast,T cell,TIMP2,CD44,CommuSpace_HS_07444,0.0043154377490282
344,5,3,4,351,Fibroblast,Macrophage,CCL2,CCR1,CommuSpace_HS_00946,0.0037802839651703
344,6,3,4,2311,Fibroblast,Macrophage,SERPINE1,PLAUR,CommuSpace_HS_06869,0.0035899186041206
344,7,3,4,2670,Fibroblast,Macrophage,VEGFA,CD44,CommuSpace_HS_07694,0.0031219883821904
344,8,4,4,351,Macrophage,Macrophage,CCL2,CCR1,CommuSpace_HS_00946,0.0030591641552746
344,9,1,8,583,Endothelial,T cell,COL4A1,CD44,CommuSpace_HS_01729,0.003038136055693
344,10,3,4,2530,Fibroblast,Macrophage,THY1,ITGAX,CommuSpace_HS_07427,0.0029300171881914
345,1,4,4,1359,Macrophage,Macrophage,GNAI2,C5AR1,CommuSpace_HS_03953,0.0051916828379035
345,2,3,8,583,Fibroblast,T cell,COL4A1,CD44,CommuSpace_HS_01729,0.0048420154489576
345,3,3,8,2670,Fibroblast,T cell,VEGFA,CD44,CommuSpace_HS_07694,0.0046515031717717
345,4,3,8,2541,Fibroblast,T cell,TIMP2,CD44,CommuSpace_HS_07444,0.0043154377490282
345,5,3,4,351,Fibroblast,Macrophage,CCL2,CCR1,CommuSpace_HS_00946,0.0037802839651703
345,6,3,4,2311,Fibroblast,Macrophage,SERPINE1,PLAUR,CommuSpace_HS_06869,0.0035899186041206
345,7,3,4,2670,Fibroblast,Macrophage,VEGFA,CD44,CommuSpace_HS_07694,0.0031219883821904
345,8,4,4,351,Macrophage,Macrophage,CCL2,CCR1,CommuSpace_HS_00946,0.0030591641552746
345,9,1,8,583,Endothelial,T cell,COL4A1,CD44,CommuSpace_HS_01729,0.003038136055693
345,10,3,4,2530,Fibroblast,Macrophage,THY1,ITGAX,CommuSpace_HS_07427,0.0029300171881914
346,1,3,5,2547,Fibroblast,Mast cell,TIMP3,CD44,CommuSpace_HS_07452,0.0430327914655208
346,2,3,4,2530,Fibroblast,Macrophage,THY1,ITGAX,CommuSpace_HS_07427,0.014068859629333
346,3,3,5,2670,Fibroblast,Mast cell,VEGFA,CD44,CommuSpace_HS_07694,0.0073815891519188
346,4,3,5,2541,Fibroblast,Mast cell,TIMP2,CD44,CommuSpace_HS_07444,0.0069638481363654
346,5,4,4,1359,Macrophage,Macrophage,GNAI2,C5AR1,CommuSpace_HS_03953,0.0046827918849885
346,6,3,8,583,Fibroblast,T cell,COL4A1,CD44,CommuSpace_HS_01729,0.0043823816813528
346,7,3,8,2670,Fibroblast,T cell,VEGFA,CD44,CommuSpace_HS_07694,0.0042642960324883
346,8,3,5,583,Fibroblast,Mast cell,COL4A1,CD44,CommuSpace_HS_01729,0.0042146821506321
346,9,3,8,2541,Fibroblast,T cell,TIMP2,CD44,CommuSpace_HS_07444,0.0039320453070104
346,10,3,4,351,Fibroblast,Macrophage,CCL2,CCR1,CommuSpace_HS_00946,0.0033549815416336
347,1,4,4,1359,Macrophage,Macrophage,GNAI2,C5AR1,CommuSpace_HS_03953,0.0051916828379035
347,2,3,8,583,Fibroblast,T cell,COL4A1,CD44,CommuSpace_HS_01729,0.0048420154489576
347,3,3,8,2670,Fibroblast,T cell,VEGFA,CD44,CommuSpace_HS_07694,0.0046515031717717
347,4,3,8,2541,Fibroblast,T cell,TIMP2,CD44,CommuSpace_HS_07444,0.0043154377490282
347,5,3,4,351,Fibroblast,Macrophage,CCL2,CCR1,CommuSpace_HS_00946,0.003780284198001
347,6,3,4,2311,Fibroblast,Macrophage,SERPINE1,PLAUR,CommuSpace_HS_06869,0.0035899188369512
347,7,3,4,2670,Fibroblast,Macrophage,VEGFA,CD44,CommuSpace_HS_07694,0.0031219883821904
347,8,4,4,351,Macrophage,Macrophage,CCL2,CCR1,CommuSpace_HS_00946,0.0030591641552746
347,9,1,8,583,Endothelial,T cell,COL4A1,CD44,CommuSpace_HS_01729,0.003038136055693
347,10,3,4,2530,Fibroblast,Macrophage,THY1,ITGAX,CommuSpace_HS_07427,0.0029300171881914
348,1,4,8,2085,Macrophage,T cell,PKM,CD44,CommuSpace_HS_06177,0.070833683013916
348,2,4,4,2085,Macrophage,Macrophage,PKM,CD44,CommuSpace_HS_06177,0.0393322668969631
348,3,4,4,1359,Macrophage,Macrophage,GNAI2,C5AR1,CommuSpace_HS_03953,0.004848217125982
348,4,3,8,583,Fibroblast,T cell,COL4A1,CD44,CommuSpace_HS_01729,0.0042156395502388
348,5,3,8,2670,Fibroblast,T cell,VEGFA,CD44,CommuSpace_HS_07694,0.0040476825088262
348,6,7,8,583,Pericyte,T cell,COL4A1,CD44,CommuSpace_HS_01729,0.0039751841686666
348,7,3,8,2541,Fibroblast,T cell,TIMP2,CD44,CommuSpace_HS_07444,0.0037647371646016
348,8,7,8,2547,Pericyte,T cell,TIMP3,CD44,CommuSpace_HS_07452,0.0034525895025581
348,9,3,4,351,Fibroblast,Macrophage,CCL2,CCR1,CommuSpace_HS_00946,0.003287429222837
348,10,3,4,2311,Fibroblast,Macrophage,SERPINE1,PLAUR,CommuSpace_HS_06869,0.0031547988764941
349,1,4,8,2085,Macrophage,T cell,PKM,CD44,CommuSpace_HS_06177,0.07685237377882
349,2,4,4,2085,Macrophage,Macrophage,PKM,CD44,CommuSpace_HS_06177,0.0425794906914234
349,3,4,4,1359,Macrophage,Macrophage,GNAI2,C5AR1,CommuSpace_HS_03953,0.0048183500766754
349,4,3,8,583,Fibroblast,T cell,COL4A1,CD44,CommuSpace_HS_01729,0.0041611716151237
349,5,7,8,583,Pericyte,T cell,COL4A1,CD44,CommuSpace_HS_01729,0.0041002826765179
349,6,3,8,2670,Fibroblast,T cell,VEGFA,CD44,CommuSpace_HS_07694,0.0039951750077307
349,7,3,8,2541,Fibroblast,T cell,TIMP2,CD44,CommuSpace_HS_07444,0.0037168497219681
349,8,7,8,2547,Pericyte,T cell,TIMP3,CD44,CommuSpace_HS_07452,0.0035351277329027
349,9,3,4,351,Fibroblast,Macrophage,CCL2,CCR1,CommuSpace_HS_00946,0.003244572551921
349,10,3,4,2311,Fibroblast,Macrophage,SERPINE1,PLAUR,CommuSpace_HS_06869,0.0031169624999165
350,1,4,4,1359,Macrophage,Macrophage,GNAI2,C5AR1,CommuSpace_HS_03953,0.0051916828379035
350,2,3,8,583,Fibroblast,T cell,COL4A1,CD44,CommuSpace_HS_01729,0.0048420154489576
350,3,3,8,2670,Fibroblast,T cell,VEGFA,CD44,CommuSpace_HS_07694,0.0046515031717717
350,4,3,8,2541,Fibroblast,T cell,TIMP2,CD44,CommuSpace_HS_07444,0.0043154377490282
350,5,3,4,351,Fibroblast,Macrophage,CCL2,CCR1,CommuSpace_HS_00946,0.003780284198001
350,6,3,4,2311,Fibroblast,Macrophage,SERPINE1,PLAUR,CommuSpace_HS_06869,0.0035899188369512
350,7,3,4,2670,Fibroblast,Macrophage,VEGFA,CD44,CommuSpace_HS_07694,0.0031219883821904
350,8,4,4,351,Macrophage,Macrophage,CCL2,CCR1,CommuSpace_HS_00946,0.0030591641552746
350,9,1,8,583,Endothelial,T cell,COL4A1,CD44,CommuSpace_HS_01729,0.003038136055693
350,10,3,4,2530,Fibroblast,Macrophage,THY1,ITGAX,CommuSpace_HS_07427,0.0029300171881914
351,1,4,4,1359,Macrophage,Macrophage,GNAI2,C5AR1,CommuSpace_HS_03953,0.0051916828379035
351,2,3,8,583,Fibroblast,T cell,COL4A1,CD44,CommuSpace_HS_01729,0.0048420154489576
351,3,3,8,2670,Fibroblast,T cell,VEGFA,CD44,CommuSpace_HS_07694,0.0046515031717717
351,4,3,8,2541,Fibroblast,T cell,TIMP2,CD44,CommuSpace_HS_07444,0.0043154377490282
351,5,3,4,351,Fibroblast,Macrophage,CCL2,CCR1,CommuSpace_HS_00946,0.003780284198001
351,6,3,4,2311,Fibroblast,Macrophage,SERPINE1,PLAUR,CommuSpace_HS_06869,0.0035899188369512
351,7,3,4,2670,Fibroblast,Macrophage,VEGFA,CD44,CommuSpace_HS_07694,0.0031219883821904
351,8,4,4,351,Macrophage,Macrophage,CCL2,CCR1,CommuSpace_HS_00946,0.0030591641552746
351,9,1,8,583,Endothelial,T cell,COL4A1,CD44,CommuSpace_HS_01729,0.003038136055693
351,10,3,4,2530,Fibroblast,Macrophage,THY1,ITGAX,CommuSpace_HS_07427,0.0029300171881914
352,1,4,4,1359,Macrophage,Macrophage,GNAI2,C5AR1,CommuSpace_HS_03953,0.0051916828379035
352,2,3,8,583,Fibroblast,T cell,COL4A1,CD44,CommuSpace_HS_01729,0.0048420154489576
352,3,3,8,2670,Fibroblast,T cell,VEGFA,CD44,CommuSpace_HS_07694,0.0046515031717717
352,4,3,8,2541,Fibroblast,T cell,TIMP2,CD44,CommuSpace_HS_07444,0.0043154377490282
352,5,3,4,351,Fibroblast,Macrophage,CCL2,CCR1,CommuSpace_HS_00946,0.003780284198001
352,6,3,4,2311,Fibroblast,Macrophage,SERPINE1,PLAUR,CommuSpace_HS_06869,0.0035899188369512
352,7,3,4,2670,Fibroblast,Macrophage,VEGFA,CD44,CommuSpace_HS_07694,0.0031219883821904
352,8,4,4,351,Macrophage,Macrophage,CCL2,CCR1,CommuSpace_HS_00946,0.0030591641552746
352,9,1,8,583,Endothelial,T cell,COL4A1,CD44,CommuSpace_HS_01729,0.003038136055693
352,10,3,4,2530,Fibroblast,Macrophage,THY1,ITGAX,CommuSpace_HS_07427,0.0029300171881914
353,1,4,8,2085,Macrophage,T cell,PKM,CD44,CommuSpace_HS_06177,0.1015800461173057
353,2,4,4,2085,Macrophage,Macrophage,PKM,CD44,CommuSpace_HS_06177,0.0559206940233707
353,3,4,4,1359,Macrophage,Macrophage,GNAI2,C5AR1,CommuSpace_HS_03953,0.0046956408768892
353,4,7,8,583,Pericyte,T cell,COL4A1,CD44,CommuSpace_HS_01729,0.0046142460778355
353,5,3,8,583,Fibroblast,T cell,COL4A1,CD44,CommuSpace_HS_01729,0.0039373892359435
353,6,7,8,2547,Pericyte,T cell,TIMP3,CD44,CommuSpace_HS_07452,0.0038742320612072
353,7,3,8,2670,Fibroblast,T cell,VEGFA,CD44,CommuSpace_HS_07694,0.0037794508971273
353,8,3,8,2541,Fibroblast,T cell,TIMP2,CD44,CommuSpace_HS_07444,0.0035201031714677
353,9,3,4,351,Fibroblast,Macrophage,CCL2,CCR1,CommuSpace_HS_00946,0.0030684920493513
353,10,4,4,771,Macrophage,Macrophage,CXCL9,FCGR2A,CommuSpace_HS_02275,0.0030394673813134
354,1,4,4,1359,Macrophage,Macrophage,GNAI2,C5AR1,CommuSpace_HS_03953,0.0051916828379035
354,2,3,8,583,Fibroblast,T cell,COL4A1,CD44,CommuSpace_HS_01729,0.0048420154489576
354,3,3,8,2670,Fibroblast,T cell,VEGFA,CD44,CommuSpace_HS_07694,0.0046515031717717
354,4,3,8,2541,Fibroblast,T cell,TIMP2,CD44,CommuSpace_HS_07444,0.0043154377490282
354,5,3,4,351,Fibroblast,Macrophage,CCL2,CCR1,CommuSpace_HS_00946,0.003780284198001
354,6,3,4,2311,Fibroblast,Macrophage,SERPINE1,PLAUR,CommuSpace_HS_06869,0.0035899188369512
354,7,3,4,2670,Fibroblast,Macrophage,VEGFA,CD44,CommuSpace_HS_07694,0.0031219883821904
354,8,4,4,351,Macrophage,Macrophage,CCL2,CCR1,CommuSpace_HS_00946,0.0030591641552746
354,9,1,8,583,Endothelial,T cell,COL4A1,CD44,CommuSpace_HS_01729,0.003038136055693
354,10,3,4,2530,Fibroblast,Macrophage,THY1,ITGAX,CommuSpace_HS_07427,0.0029300171881914
355,1,4,4,1359,Macrophage,Macrophage,GNAI2,C5AR1,CommuSpace_HS_03953,0.0051916828379035
355,2,3,8,583,Fibroblast,T cell,COL4A1,CD44,CommuSpace_HS_01729,0.0048420154489576
355,3,3,8,2670,Fibroblast,T cell,VEGFA,CD44,CommuSpace_HS_07694,0.0046515031717717
355,4,3,8,2541,Fibroblast,T cell,TIMP2,CD44,CommuSpace_HS_07444,0.0043154377490282
355,5,3,4,351,Fibroblast,Macrophage,CCL2,CCR1,CommuSpace_HS_00946,0.003780284198001
355,6,3,4,2311,Fibroblast,Macrophage,SERPINE1,PLAUR,CommuSpace_HS_06869,0.0035899188369512
355,7,3,4,2670,Fibroblast,Macrophage,VEGFA,CD44,CommuSpace_HS_07694,0.0031219883821904
355,8,4,4,351,Macrophage,Macrophage,CCL2,CCR1,CommuSpace_HS_00946,0.0030591641552746
355,9,1,8,583,Endothelial,T cell,COL4A1,CD44,CommuSpace_HS_01729,0.003038136055693
355,10,3,4,2530,Fibroblast,Macrophage,THY1,ITGAX,CommuSpace_HS_07427,0.0029300171881914
356,1,4,4,1359,Macrophage,Macrophage,GNAI2,C5AR1,CommuSpace_HS_03953,0.0051916828379035
356,2,3,8,583,Fibroblast,T cell,COL4A1,CD44,CommuSpace_HS_01729,0.0048420154489576
356,3,3,8,2670,Fibroblast,T cell,VEGFA,CD44,CommuSpace_HS_07694,0.0046515031717717
356,4,3,8,2541,Fibroblast,T cell,TIMP2,CD44,CommuSpace_HS_07444,0.0043154377490282
356,5,3,4,351,Fibroblast,Macrophage,CCL2,CCR1,CommuSpace_HS_00946,0.003780284198001
356,6,3,4,2311,Fibroblast,Macrophage,SERPINE1,PLAUR,CommuSpace_HS_06869,0.0035899188369512
356,7,3,4,2670,Fibroblast,Macrophage,VEGFA,CD44,CommuSpace_HS_07694,0.0031219883821904
356,8,4,4,351,Macrophage,Macrophage,CCL2,CCR1,CommuSpace_HS_00946,0.0030591641552746
356,9,1,8,583,Endothelial,T cell,COL4A1,CD44,CommuSpace_HS_01729,0.003038136055693
356,10,3,4,2530,Fibroblast,Macrophage,THY1,ITGAX,CommuSpace_HS_07427,0.0029300171881914
357,1,4,4,1359,Macrophage,Macrophage,GNAI2,C5AR1,CommuSpace_HS_03953,0.0051916828379035
357,2,3,8,583,Fibroblast,T cell,COL4A1,CD44,CommuSpace_HS_01729,0.0048420154489576
357,3,3,8,2670,Fibroblast,T cell,VEGFA,CD44,CommuSpace_HS_07694,0.0046515031717717
357,4,3,8,2541,Fibroblast,T cell,TIMP2,CD44,CommuSpace_HS_07444,0.0043154377490282
357,5,3,4,351,Fibroblast,Macrophage,CCL2,CCR1,CommuSpace_HS_00946,0.003780284198001
357,6,3,4,2311,Fibroblast,Macrophage,SERPINE1,PLAUR,CommuSpace_HS_06869,0.0035899188369512
357,7,3,4,2670,Fibroblast,Macrophage,VEGFA,CD44,CommuSpace_HS_07694,0.0031219883821904
357,8,4,4,351,Macrophage,Macrophage,CCL2,CCR1,CommuSpace_HS_00946,0.0030591641552746
357,9,1,8,583,Endothelial,T cell,COL4A1,CD44,CommuSpace_HS_01729,0.003038136055693
357,10,3,4,2530,Fibroblast,Macrophage,THY1,ITGAX,CommuSpace_HS_07427,0.0029300171881914
358,1,4,4,1359,Macrophage,Macrophage,GNAI2,C5AR1,CommuSpace_HS_03953,0.0051916828379035
358,2,3,8,583,Fibroblast,T cell,COL4A1,CD44,CommuSpace_HS_01729,0.0048420154489576
358,3,3,8,2670,Fibroblast,T cell,VEGFA,CD44,CommuSpace_HS_07694,0.0046515031717717
358,4,3,8,2541,Fibroblast,T cell,TIMP2,CD44,CommuSpace_HS_07444,0.0043154377490282
358,5,3,4,351,Fibroblast,Macrophage,CCL2,CCR1,CommuSpace_HS_00946,0.003780284198001
358,6,3,4,2311,Fibroblast,Macrophage,SERPINE1,PLAUR,CommuSpace_HS_06869,0.0035899188369512
358,7,3,4,2670,Fibroblast,Macrophage,VEGFA,CD44,CommuSpace_HS_07694,0.0031219883821904
358,8,4,4,351,Macrophage,Macrophage,CCL2,CCR1,CommuSpace_HS_00946,0.0030591641552746
358,9,1,8,583,Endothelial,T cell,COL4A1,CD44,CommuSpace_HS_01729,0.003038136055693
358,10,3,4,2530,Fibroblast,Macrophage,THY1,ITGAX,CommuSpace_HS_07427,0.0029300171881914
359,1,4,4,1359,Macrophage,Macrophage,GNAI2,C5AR1,CommuSpace_HS_03953,0.0051751649007201
359,2,3,8,583,Fibroblast,T cell,COL4A1,CD44,CommuSpace_HS_01729,0.0048324181698262
359,3,3,8,2670,Fibroblast,T cell,VEGFA,CD44,CommuSpace_HS_07694,0.0046443920582532
359,4,3,8,2541,Fibroblast,T cell,TIMP2,CD44,CommuSpace_HS_07444,0.0043091089464724
359,5,3,4,351,Fibroblast,Macrophage,CCL2,CCR1,CommuSpace_HS_00946,0.0035988443996757
359,6,3,4,2311,Fibroblast,Macrophage,SERPINE1,PLAUR,CommuSpace_HS_06869,0.0034082168713212
359,7,3,4,2670,Fibroblast,Macrophage,VEGFA,CD44,CommuSpace_HS_07694,0.0031200384255498
359,8,3,4,2530,Fibroblast,Macrophage,THY1,ITGAX,CommuSpace_HS_07427,0.003094342071563
359,9,4,4,351,Macrophage,Macrophage,CCL2,CCR1,CommuSpace_HS_00946,0.0030471964273601
359,10,1,8,583,Endothelial,T cell,COL4A1,CD44,CommuSpace_HS_01729,0.0028753217775374
360,1,4,4,1359,Macrophage,Macrophage,GNAI2,C5AR1,CommuSpace_HS_03953,0.0051916828379035
360,2,3,8,583,Fibroblast,T cell,COL4A1,CD44,CommuSpace_HS_01729,0.0048420154489576
360,3,3,8,2670,Fibroblast,T cell,VEGFA,CD44,CommuSpace_HS_07694,0.0046515031717717
360,4,3,8,2541,Fibroblast,T cell,TIMP2,CD44,CommuSpace_HS_07444,0.0043154377490282
360,5,3,4,351,Fibroblast,Macrophage,CCL2,CCR1,CommuSpace_HS_00946,0.003780284198001
360,6,3,4,2311,Fibroblast,Macrophage,SERPINE1,PLAUR,CommuSpace_HS_06869,0.0035899188369512
360,7,3,4,2670,Fibroblast,Macrophage,VEGFA,CD44,CommuSpace_HS_07694,0.0031219883821904
360,8,4,4,351,Macrophage,Macrophage,CCL2,CCR1,CommuSpace_HS_00946,0.0030591641552746
360,9,1,8,583,Endothelial,T cell,COL4A1,CD44,CommuSpace_HS_01729,0.003038136055693
360,10,3,4,2530,Fibroblast,Macrophage,THY1,ITGAX,CommuSpace_HS_07427,0.0029300171881914
361,1,4,4,1359,Macrophage,Macrophage,GNAI2,C5AR1,CommuSpace_HS_03953,0.0051916828379035
361,2,3,8,583,Fibroblast,T cell,COL4A1,CD44,CommuSpace_HS_01729,0.0048420154489576
361,3,3,8,2670,Fibroblast,T cell,VEGFA,CD44,CommuSpace_HS_07694,0.0046515031717717
361,4,3,8,2541,Fibroblast,T cell,TIMP2,CD44,CommuSpace_HS_07444,0.0043154377490282
361,5,3,4,351,Fibroblast,Macrophage,CCL2,CCR1,CommuSpace_HS_00946,0.003780284198001
361,6,3,4,2311,Fibroblast,Macrophage,SERPINE1,PLAUR,CommuSpace_HS_06869,0.0035899188369512
361,7,3,4,2670,Fibroblast,Macrophage,VEGFA,CD44,CommuSpace_HS_07694,0.0031219883821904
361,8,4,4,351,Macrophage,Macrophage,CCL2,CCR1,CommuSpace_HS_00946,0.0030591641552746
361,9,1,8,583,Endothelial,T cell,COL4A1,CD44,CommuSpace_HS_01729,0.003038136055693
361,10,3,4,2530,Fibroblast,Macrophage,THY1,ITGAX,CommuSpace_HS_07427,0.0029300171881914
362,1,4,4,1359,Macrophage,Macrophage,GNAI2,C5AR1,CommuSpace_HS_03953,0.0051916828379035
362,2,3,8,583,Fibroblast,T cell,COL4A1,CD44,CommuSpace_HS_01729,0.0048420154489576
362,3,3,8,2670,Fibroblast,T cell,VEGFA,CD44,CommuSpace_HS_07694,0.0046515031717717
362,4,3,8,2541,Fibroblast,T cell,TIMP2,CD44,CommuSpace_HS_07444,0.0043154377490282
362,5,3,4,351,Fibroblast,Macrophage,CCL2,CCR1,CommuSpace_HS_00946,0.003780284198001
362,6,3,4,2311,Fibroblast,Macrophage,SERPINE1,PLAUR,CommuSpace_HS_06869,0.0035899188369512
362,7,3,4,2670,Fibroblast,Macrophage,VEGFA,CD44,CommuSpace_HS_07694,0.0031219883821904
362,8,4,4,351,Macrophage,Macrophage,CCL2,CCR1,CommuSpace_HS_00946,0.0030591641552746
362,9,1,8,583,Endothelial,T cell,COL4A1,CD44,CommuSpace_HS_01729,0.003038136055693
362,10,3,4,2530,Fibroblast,Macrophage,THY1,ITGAX,CommuSpace_HS_07427,0.0029300171881914
363,1,3,4,2547,Fibroblast,Macrophage,TIMP3,CD44,CommuSpace_HS_07452,0.0492636188864707
363,2,3,4,2532,Fibroblast,Macrophage,THY1,ITGB2,CommuSpace_HS_07429,0.0159159488976001
363,3,4,3,1733,Macrophage,Fibroblast,ITGB2,THY1,CommuSpace_HS_04798,0.01586907915771
363,4,3,4,414,Fibroblast,Macrophage,CCN2,ITGB2,CommuSpace_HS_01093,0.0093170553445816
363,5,3,4,403,Fibroblast,Macrophage,CCN1,ITGB2,CommuSpace_HS_01081,0.0088099408894777
363,6,3,5,2547,Fibroblast,Mast cell,TIMP3,CD44,CommuSpace_HS_07452,0.0073963562026619
363,7,3,4,2530,Fibroblast,Macrophage,THY1,ITGAX,CommuSpace_HS_07427,0.0066387658007442
363,8,4,4,1359,Macrophage,Macrophage,GNAI2,C5AR1,CommuSpace_HS_03953,0.0045972215011715
363,9,3,8,583,Fibroblast,T cell,COL4A1,CD44,CommuSpace_HS_01729,0.0044734594412148
363,10,3,8,2670,Fibroblast,T cell,VEGFA,CD44,CommuSpace_HS_07694,0.0042296233586966
364,1,4,4,1359,Macrophage,Macrophage,GNAI2,C5AR1,CommuSpace_HS_03953,0.0051916828379035
364,2,3,8,583,Fibroblast,T cell,COL4A1,CD44,CommuSpace_HS_01729,0.0048420154489576
364,3,3,8,2670,Fibroblast,T cell,VEGFA,CD44,CommuSpace_HS_07694,0.0046515031717717
364,4,3,8,2541,Fibroblast,T cell,TIMP2,CD44,CommuSpace_HS_07444,0.0043154377490282
364,5,3,4,351,Fibroblast,Macrophage,CCL2,CCR1,CommuSpace_HS_00946,0.003780284198001
364,6,3,4,2311,Fibroblast,Macrophage,SERPINE1,PLAUR,CommuSpace_HS_06869,0.0035899188369512
364,7,3,4,2670,Fibroblast,Macrophage,VEGFA,CD44,CommuSpace_HS_07694,0.0031219883821904
364,8,4,4,351,Macrophage,Macrophage,CCL2,CCR1,CommuSpace_HS_00946,0.0030591641552746
364,9,1,8,583,Endothelial,T cell,COL4A1,CD44,CommuSpace_HS_01729,0.003038136055693
364,10,3,4,2530,Fibroblast,Macrophage,THY1,ITGAX,CommuSpace_HS_07427,0.0029300171881914
365,1,4,4,1359,Macrophage,Macrophage,GNAI2,C5AR1,CommuSpace_HS_03953,0.0051916828379035
365,2,3,8,583,Fibroblast,T cell,COL4A1,CD44,CommuSpace_HS_01729,0.0048420154489576
365,3,3,8,2670,Fibroblast,T cell,VEGFA,CD44,CommuSpace_HS_07694,0.0046515031717717
365,4,3,8,2541,Fibroblast,T cell,TIMP2,CD44,CommuSpace_HS_07444,0.0043154377490282
365,5,3,4,351,Fibroblast,Macrophage,CCL2,CCR1,CommuSpace_HS_00946,0.003780284198001
365,6,3,4,2311,Fibroblast,Macrophage,SERPINE1,PLAUR,CommuSpace_HS_06869,0.0035899188369512
365,7,3,4,2670,Fibroblast,Macrophage,VEGFA,CD44,CommuSpace_HS_07694,0.0031219883821904
365,8,4,4,351,Macrophage,Macrophage,CCL2,CCR1,CommuSpace_HS_00946,0.0030591641552746
365,9,1,8,583,Endothelial,T cell,COL4A1,CD44,CommuSpace_HS_01729,0.003038136055693
365,10,3,4,2530,Fibroblast,Macrophage,THY1,ITGAX,CommuSpace_HS_07427,0.0029300171881914
366,1,4,4,1359,Macrophage,Macrophage,GNAI2,C5AR1,CommuSpace_HS_03953,0.0051916828379035
366,2,3,8,583,Fibroblast,T cell,COL4A1,CD44,CommuSpace_HS_01729,0.0048420154489576
366,3,3,8,2670,Fibroblast,T cell,VEGFA,CD44,CommuSpace_HS_07694,0.0046515031717717
366,4,3,8,2541,Fibroblast,T cell,TIMP2,CD44,CommuSpace_HS_07444,0.0043154377490282
366,5,3,4,351,Fibroblast,Macrophage,CCL2,CCR1,CommuSpace_HS_00946,0.003780284198001
366,6,3,4,2311,Fibroblast,Macrophage,SERPINE1,PLAUR,CommuSpace_HS_06869,0.0035899188369512
366,7,3,4,2670,Fibroblast,Macrophage,VEGFA,CD44,CommuSpace_HS_07694,0.0031219883821904
366,8,4,4,351,Macrophage,Macrophage,CCL2,CCR1,CommuSpace_HS_00946,0.0030591641552746
366,9,1,8,583,Endothelial,T cell,COL4A1,CD44,CommuSpace_HS_01729,0.003038136055693
366,10,3,4,2530,Fibroblast,Macrophage,THY1,ITGAX,CommuSpace_HS_07427,0.0029300171881914
367,1,4,4,1359,Macrophage,Macrophage,GNAI2,C5AR1,CommuSpace_HS_03953,0.0051916828379035
367,2,3,8,583,Fibroblast,T cell,COL4A1,CD44,CommuSpace_HS_01729,0.0048420154489576
367,3,3,8,2670,Fibroblast,T cell,VEGFA,CD44,CommuSpace_HS_07694,0.0046515031717717
367,4,3,8,2541,Fibroblast,T cell,TIMP2,CD44,CommuSpace_HS_07444,0.0043154377490282
367,5,3,4,351,Fibroblast,Macrophage,CCL2,CCR1,CommuSpace_HS_00946,0.003780284198001
367,6,3,4,2311,Fibroblast,Macrophage,SERPINE1,PLAUR,CommuSpace_HS_06869,0.0035899188369512
367,7,3,4,2670,Fibroblast,Macrophage,VEGFA,CD44,CommuSpace_HS_07694,0.0031219883821904
367,8,4,4,351,Macrophage,Macrophage,CCL2,CCR1,CommuSpace_HS_00946,0.0030591641552746
367,9,1,8,583,Endothelial,T cell,COL4A1,CD44,CommuSpace_HS_01729,0.003038136055693
367,10,3,4,2530,Fibroblast,Macrophage,THY1,ITGAX,CommuSpace_HS_07427,0.0029300171881914
368,1,3,4,2311,Fibroblast,Macrophage,SERPINE1,PLAUR,CommuSpace_HS_06869,0.0511070825159549
368,2,3,4,351,Fibroblast,Macrophage,CCL2,CCR1,CommuSpace_HS_00946,0.0492686107754707
368,3,4,4,1359,Macrophage,Macrophage,GNAI2,C5AR1,CommuSpace_HS_03953,0.0049998117610812
368,4,3,8,583,Fibroblast,T cell,COL4A1,CD44,CommuSpace_HS_01729,0.0043296553194522
368,5,3,8,2670,Fibroblast,T cell,VEGFA,CD44,CommuSpace_HS_07694,0.0041660089045763
368,6,4,4,351,Macrophage,Macrophage,CCL2,CCR1,CommuSpace_HS_00946,0.0039419177919626
368,7,3,8,2541,Fibroblast,T cell,TIMP2,CD44,CommuSpace_HS_07444,0.0038594158831983
368,8,3,4,2530,Fibroblast,Macrophage,THY1,ITGAX,CommuSpace_HS_07427,0.0029575929511338
368,9,3,4,2670,Fibroblast,Macrophage,VEGFA,CD44,CommuSpace_HS_07694,0.002839540829882
368,10,1,8,583,Endothelial,T cell,COL4A1,CD44,CommuSpace_HS_01729,0.002724262420088
369,1,3,8,2547,Fibroblast,T cell,TIMP3,CD44,CommuSpace_HS_07452,0.1587857753038406
369,2,3,8,2670,Fibroblast,T cell,VEGFA,CD44,CommuSpace_HS_07694,0.0080317398533225
369,3,3,8,2541,Fibroblast,T cell,TIMP2,CD44,CommuSpace_HS_07444,0.008016962558031
369,4,3,8,583,Fibroblast,T cell,COL4A1,CD44,CommuSpace_HS_01729,0.0072540510445833
369,5,4,4,1359,Macrophage,Macrophage,GNAI2,C5AR1,CommuSpace_HS_03953,0.0042274007573723
369,6,3,4,2311,Fibroblast,Macrophage,SERPINE1,PLAUR,CommuSpace_HS_06869,0.0035213564988225
369,7,3,4,351,Fibroblast,Macrophage,CCL2,CCR1,CommuSpace_HS_00946,0.0031038266606628
369,8,3,4,2670,Fibroblast,Macrophage,VEGFA,CD44,CommuSpace_HS_07694,0.0026041441597044
369,9,1,8,583,Endothelial,T cell,COL4A1,CD44,CommuSpace_HS_01729,0.002518740016967
369,10,4,4,351,Macrophage,Macrophage,CCL2,CCR1,CommuSpace_HS_00946,0.002500329632312
370,1,4,8,2085,Macrophage,T cell,PKM,CD44,CommuSpace_HS_06177,0.0861872881650924
370,2,4,4,2085,Macrophage,Macrophage,PKM,CD44,CommuSpace_HS_06177,0.0476159080862998
370,3,4,4,1359,Macrophage,Macrophage,GNAI2,C5AR1,CommuSpace_HS_03953,0.004772026091814
370,4,7,8,583,Pericyte,T cell,COL4A1,CD44,CommuSpace_HS_01729,0.0042943083681166
370,5,3,8,583,Fibroblast,T cell,COL4A1,CD44,CommuSpace_HS_01729,0.0040766918100416
370,6,3,8,2670,Fibroblast,T cell,VEGFA,CD44,CommuSpace_HS_07694,0.0039137369021773
370,7,7,8,2547,Pericyte,T cell,TIMP3,CD44,CommuSpace_HS_07452,0.0036631424445658
370,8,3,8,2541,Fibroblast,T cell,TIMP2,CD44,CommuSpace_HS_07444,0.0036425762809813
370,9,3,4,351,Fibroblast,Macrophage,CCL2,CCR1,CommuSpace_HS_00946,0.0031781003344804
370,10,3,4,2311,Fibroblast,Macrophage,SERPINE1,PLAUR,CommuSpace_HS_06869,0.0030582780018448
371,1,4,4,1359,Macrophage,Macrophage,GNAI2,C5AR1,CommuSpace_HS_03953,0.0051916828379035
371,2,3,8,583,Fibroblast,T cell,COL4A1,CD44,CommuSpace_HS_01729,0.0048420154489576
371,3,3,8,2670,Fibroblast,T cell,VEGFA,CD44,CommuSpace_HS_07694,0.0046515031717717
371,4,3,8,2541,Fibroblast,T cell,TIMP2,CD44,CommuSpace_HS_07444,0.0043154377490282
371,5,3,4,351,Fibroblast,Macrophage,CCL2,CCR1,CommuSpace_HS_00946,0.003780284198001
371,6,3,4,2311,Fibroblast,Macrophage,SERPINE1,PLAUR,CommuSpace_HS_06869,0.0035899188369512
371,7,3,4,2670,Fibroblast,Macrophage,VEGFA,CD44,CommuSpace_HS_07694,0.0031219883821904
371,8,4,4,351,Macrophage,Macrophage,CCL2,CCR1,CommuSpace_HS_00946,0.0030591641552746
371,9,1,8,583,Endothelial,T cell,COL4A1,CD44,CommuSpace_HS_01729,0.003038136055693
371,10,3,4,2530,Fibroblast,Macrophage,THY1,ITGAX,CommuSpace_HS_07427,0.0029300171881914
372,1,4,4,1359,Macrophage,Macrophage,GNAI2,C5AR1,CommuSpace_HS_03953,0.0051844604313373
372,2,3,8,583,Fibroblast,T cell,COL4A1,CD44,CommuSpace_HS_01729,0.0048400810919702
372,3,3,8,2670,Fibroblast,T cell,VEGFA,CD44,CommuSpace_HS_07694,0.0046487511135637
372,4,3,8,2541,Fibroblast,T cell,TIMP2,CD44,CommuSpace_HS_07444,0.0043124645017087
372,5,3,4,2670,Fibroblast,Macrophage,VEGFA,CD44,CommuSpace_HS_07694,0.0031356387771666
372,6,4,4,351,Macrophage,Macrophage,CCL2,CCR1,CommuSpace_HS_00946,0.0030400345567613
372,7,3,4,351,Fibroblast,Macrophage,CCL2,CCR1,CommuSpace_HS_00946,0.0030399912502616
372,8,3,4,2530,Fibroblast,Macrophage,THY1,ITGAX,CommuSpace_HS_07427,0.0029224434401839
372,9,3,4,2541,Fibroblast,Macrophage,TIMP2,CD44,CommuSpace_HS_07444,0.0028825527988374
372,10,3,4,583,Fibroblast,Macrophage,COL4A1,CD44,CommuSpace_HS_01729,0.0028490596450865
373,1,4,4,1359,Macrophage,Macrophage,GNAI2,C5AR1,CommuSpace_HS_03953,0.0051916828379035
373,2,3,8,583,Fibroblast,T cell,COL4A1,CD44,CommuSpace_HS_01729,0.0048420154489576
373,3,3,8,2670,Fibroblast,T cell,VEGFA,CD44,CommuSpace_HS_07694,0.0046515031717717
373,4,3,8,2541,Fibroblast,T cell,TIMP2,CD44,CommuSpace_HS_07444,0.0043154377490282
373,5,3,4,351,Fibroblast,Macrophage,CCL2,CCR1,CommuSpace_HS_00946,0.003780284198001
373,6,3,4,2311,Fibroblast,Macrophage,SERPINE1,PLAUR,CommuSpace_HS_06869,0.0035899188369512
373,7,3,4,2670,Fibroblast,Macrophage,VEGFA,CD44,CommuSpace_HS_07694,0.0031219883821904
373,8,4,4,351,Macrophage,Macrophage,CCL2,CCR1,CommuSpace_HS_00946,0.0030591641552746
373,9,1,8,583,Endothelial,T cell,COL4A1,CD44,CommuSpace_HS_01729,0.003038136055693
373,10,3,4,2530,Fibroblast,Macrophage,THY1,ITGAX,CommuSpace_HS_07427,0.0029300171881914
374,1,4,4,1359,Macrophage,Macrophage,GNAI2,C5AR1,CommuSpace_HS_03953,0.0051916828379035
374,2,3,8,583,Fibroblast,T cell,COL4A1,CD44,CommuSpace_HS_01729,0.0048420154489576
374,3,3,8,2670,Fibroblast,T cell,VEGFA,CD44,CommuSpace_HS_07694,0.0046515031717717
374,4,3,8,2541,Fibroblast,T cell,TIMP2,CD44,CommuSpace_HS_07444,0.0043154377490282
374,5,3,4,351,Fibroblast,Macrophage,CCL2,CCR1,CommuSpace_HS_00946,0.003780284198001
374,6,3,4,2311,Fibroblast,Macrophage,SERPINE1,PLAUR,CommuSpace_HS_06869,0.0035899188369512
374,7,3,4,2670,Fibroblast,Macrophage,VEGFA,CD44,CommuSpace_HS_07694,0.0031219883821904
374,8,4,4,351,Macrophage,Macrophage,CCL2,CCR1,CommuSpace_HS_00946,0.0030591641552746
374,9,1,8,583,Endothelial,T cell,COL4A1,CD44,CommuSpace_HS_01729,0.003038136055693
374,10,3,4,2530,Fibroblast,Macrophage,THY1,ITGAX,CommuSpace_HS_07427,0.0029300171881914
375,1,4,4,1359,Macrophage,Macrophage,GNAI2,C5AR1,CommuSpace_HS_03953,0.0051916828379035
375,2,3,8,583,Fibroblast,T cell,COL4A1,CD44,CommuSpace_HS_01729,0.0048420154489576
375,3,3,8,2670,Fibroblast,T cell,VEGFA,CD44,CommuSpace_HS_07694,0.0046515031717717
375,4,3,8,2541,Fibroblast,T cell,TIMP2,CD44,CommuSpace_HS_07444,0.0043154377490282
375,5,3,4,351,Fibroblast,Macrophage,CCL2,CCR1,CommuSpace_HS_00946,0.003780284198001
375,6,3,4,2311,Fibroblast,Macrophage,SERPINE1,PLAUR,CommuSpace_HS_06869,0.0035899188369512
375,7,3,4,2670,Fibroblast,Macrophage,VEGFA,CD44,CommuSpace_HS_07694,0.0031219883821904
375,8,4,4,351,Macrophage,Macrophage,CCL2,CCR1,CommuSpace_HS_00946,0.0030591641552746
375,9,1,8,583,Endothelial,T cell,COL4A1,CD44,CommuSpace_HS_01729,0.003038136055693
375,10,3,4,2530,Fibroblast,Macrophage,THY1,ITGAX,CommuSpace_HS_07427,0.0029300171881914
376,1,4,4,1359,Macrophage,Macrophage,GNAI2,C5AR1,CommuSpace_HS_03953,0.0051916828379035
376,2,3,8,583,Fibroblast,T cell,COL4A1,CD44,CommuSpace_HS_01729,0.0048420154489576
376,3,3,8,2670,Fibroblast,T cell,VEGFA,CD44,CommuSpace_HS_07694,0.0046515031717717
376,4,3,8,2541,Fibroblast,T cell,TIMP2,CD44,CommuSpace_HS_07444,0.0043154377490282
376,5,3,4,351,Fibroblast,Macrophage,CCL2,CCR1,CommuSpace_HS_00946,0.003780284198001
376,6,3,4,2311,Fibroblast,Macrophage,SERPINE1,PLAUR,CommuSpace_HS_06869,0.0035899188369512
376,7,3,4,2670,Fibroblast,Macrophage,VEGFA,CD44,CommuSpace_HS_07694,0.0031219883821904
376,8,4,4,351,Macrophage,Macrophage,CCL2,CCR1,CommuSpace_HS_00946,0.0030591641552746
376,9,1,8,583,Endothelial,T cell,COL4A1,CD44,CommuSpace_HS_01729,0.003038136055693
376,10,3,4,2530,Fibroblast,Macrophage,THY1,ITGAX,CommuSpace_HS_07427,0.0029300171881914
377,1,4,8,2085,Macrophage,T cell,PKM,CD44,CommuSpace_HS_06177,0.0697104856371879
377,2,4,4,2085,Macrophage,Macrophage,PKM,CD44,CommuSpace_HS_06177,0.0387262739241123
377,3,4,4,1359,Macrophage,Macrophage,GNAI2,C5AR1,CommuSpace_HS_03953,0.0048537901602685
377,4,3,8,583,Fibroblast,T cell,COL4A1,CD44,CommuSpace_HS_01729,0.0042258040048182
377,5,3,8,2670,Fibroblast,T cell,VEGFA,CD44,CommuSpace_HS_07694,0.0040574809536337
377,6,7,8,583,Pericyte,T cell,COL4A1,CD44,CommuSpace_HS_01729,0.0039518387056887
377,7,3,8,2541,Fibroblast,T cell,TIMP2,CD44,CommuSpace_HS_07444,0.0037736734375357
377,8,7,8,2547,Pericyte,T cell,TIMP3,CD44,CommuSpace_HS_07452,0.0034371868241578
377,9,3,4,351,Fibroblast,Macrophage,CCL2,CCR1,CommuSpace_HS_00946,0.0032954271882772
377,10,3,4,2311,Fibroblast,Macrophage,SERPINE1,PLAUR,CommuSpace_HS_06869,0.0031618601642549
378,1,4,4,1359,Macrophage,Macrophage,GNAI2,C5AR1,CommuSpace_HS_03953,0.0051916828379035
378,2,3,8,583,Fibroblast,T cell,COL4A1,CD44,CommuSpace_HS_01729,0.0048420154489576
378,3,3,8,2670,Fibroblast,T cell,VEGFA,CD44,CommuSpace_HS_07694,0.0046515031717717
378,4,3,8,2541,Fibroblast,T cell,TIMP2,CD44,CommuSpace_HS_07444,0.0043154377490282
378,5,3,4,351,Fibroblast,Macrophage,CCL2,CCR1,CommuSpace_HS_00946,0.003780284198001
378,6,3,4,2311,Fibroblast,Macrophage,SERPINE1,PLAUR,CommuSpace_HS_06869,0.0035899188369512
378,7,3,4,2670,Fibroblast,Macrophage,VEGFA,CD44,CommuSpace_HS_07694,0.0031219883821904
378,8,4,4,351,Macrophage,Macrophage,CCL2,CCR1,CommuSpace_HS_00946,0.0030591641552746
378,9,1,8,583,Endothelial,T cell,COL4A1,CD44,CommuSpace_HS_01729,0.003038136055693
378,10,3,4,2530,Fibroblast,Macrophage,THY1,ITGAX,CommuSpace_HS_07427,0.0029300171881914
379,1,4,4,1359,Macrophage,Macrophage,GNAI2,C5AR1,CommuSpace_HS_03953,0.0051916828379035
379,2,3,8,583,Fibroblast,T cell,COL4A1,CD44,CommuSpace_HS_01729,0.0048420154489576
379,3,3,8,2670,Fibroblast,T cell,VEGFA,CD44,CommuSpace_HS_07694,0.0046515031717717
379,4,3,8,2541,Fibroblast,T cell,TIMP2,CD44,CommuSpace_HS_07444,0.0043154377490282
379,5,3,4,351,Fibroblast,Macrophage,CCL2,CCR1,CommuSpace_HS_00946,0.003780284198001
379,6,3,4,2311,Fibroblast,Macrophage,SERPINE1,PLAUR,CommuSpace_HS_06869,0.0035899188369512
379,7,3,4,2670,Fibroblast,Macrophage,VEGFA,CD44,CommuSpace_HS_07694,0.0031219883821904
379,8,4,4,351,Macrophage,Macrophage,CCL2,CCR1,CommuSpace_HS_00946,0.0030591641552746
379,9,1,8,583,Endothelial,T cell,COL4A1,CD44,CommuSpace_HS_01729,0.003038136055693
379,10,3,4,2530,Fibroblast,Macrophage,THY1,ITGAX,CommuSpace_HS_07427,0.0029300171881914
380,1,4,4,1359,Macrophage,Macrophage,GNAI2,C5AR1,CommuSpace_HS_03953,0.0051916828379035
380,2,3,8,583,Fibroblast,T cell,COL4A1,CD44,CommuSpace_HS_01729,0.0048420154489576
380,3,3,8,2670,Fibroblast,T cell,VEGFA,CD44,CommuSpace_HS_07694,0.0046515031717717
380,4,3,8,2541,Fibroblast,T cell,TIMP2,CD44,CommuSpace_HS_07444,0.0043154377490282
380,5,3,4,351,Fibroblast,Macrophage,CCL2,CCR1,CommuSpace_HS_00946,0.003780284198001
380,6,3,4,2311,Fibroblast,Macrophage,SERPINE1,PLAUR,CommuSpace_HS_06869,0.0035899188369512
380,7,3,4,2670,Fibroblast,Macrophage,VEGFA,CD44,CommuSpace_HS_07694,0.0031219883821904
380,8,4,4,351,Macrophage,Macrophage,CCL2,CCR1,CommuSpace_HS_00946,0.0030591641552746
380,9,1,8,583,Endothelial,T cell,COL4A1,CD44,CommuSpace_HS_01729,0.003038136055693
380,10,3,4,2530,Fibroblast,Macrophage,THY1,ITGAX,CommuSpace_HS_07427,0.0029300171881914
381,1,4,4,1359,Macrophage,Macrophage,GNAI2,C5AR1,CommuSpace_HS_03953,0.0051916828379035
381,2,3,8,583,Fibroblast,T cell,COL4A1,CD44,CommuSpace_HS_01729,0.0048420154489576
381,3,3,8,2670,Fibroblast,T cell,VEGFA,CD44,CommuSpace_HS_07694,0.0046515031717717
381,4,3,8,2541,Fibroblast,T cell,TIMP2,CD44,CommuSpace_HS_07444,0.0043154377490282
381,5,3,4,351,Fibroblast,Macrophage,CCL2,CCR1,CommuSpace_HS_00946,0.003780284198001
381,6,3,4,2311,Fibroblast,Macrophage,SERPINE1,PLAUR,CommuSpace_HS_06869,0.0035899188369512
381,7,3,4,2670,Fibroblast,Macrophage,VEGFA,CD44,CommuSpace_HS_07694,0.0031219883821904
381,8,4,4,351,Macrophage,Macrophage,CCL2,CCR1,CommuSpace_HS_00946,0.0030591641552746
381,9,1,8,583,Endothelial,T cell,COL4A1,CD44,CommuSpace_HS_01729,0.003038136055693
381,10,3,4,2530,Fibroblast,Macrophage,THY1,ITGAX,CommuSpace_HS_07427,0.0029300171881914
382,1,3,8,2547,Fibroblast,T cell,TIMP3,CD44,CommuSpace_HS_07452,0.131598100066185
382,2,3,8,2670,Fibroblast,T cell,VEGFA,CD44,CommuSpace_HS_07694,0.0074464580975472
382,3,3,8,2541,Fibroblast,T cell,TIMP2,CD44,CommuSpace_HS_07444,0.0073760510422289
382,4,3,8,583,Fibroblast,T cell,COL4A1,CD44,CommuSpace_HS_01729,0.0068364120088517
382,5,4,4,1359,Macrophage,Macrophage,GNAI2,C5AR1,CommuSpace_HS_03953,0.0043943645432591
382,6,3,4,2311,Fibroblast,Macrophage,SERPINE1,PLAUR,CommuSpace_HS_06869,0.0035332276020199
382,7,3,4,351,Fibroblast,Macrophage,CCL2,CCR1,CommuSpace_HS_00946,0.0032209539785981
382,8,3,4,2670,Fibroblast,Macrophage,VEGFA,CD44,CommuSpace_HS_07694,0.0026938072405755
382,9,1,8,583,Endothelial,T cell,COL4A1,CD44,CommuSpace_HS_01729,0.0026086720172315
382,10,4,4,351,Macrophage,Macrophage,CCL2,CCR1,CommuSpace_HS_00946,0.0025970903225243
383,1,3,8,2547,Fibroblast,T cell,TIMP3,CD44,CommuSpace_HS_07452,0.1428879052400589
383,2,3,8,2670,Fibroblast,T cell,VEGFA,CD44,CommuSpace_HS_07694,0.0076894983649253
383,3,3,8,2541,Fibroblast,T cell,TIMP2,CD44,CommuSpace_HS_07444,0.0076421927660703
383,4,3,8,583,Fibroblast,T cell,COL4A1,CD44,CommuSpace_HS_01729,0.0070098382420837
383,5,4,4,1359,Macrophage,Macrophage,GNAI2,C5AR1,CommuSpace_HS_03953,0.0043250313028693
383,6,3,4,2311,Fibroblast,Macrophage,SERPINE1,PLAUR,CommuSpace_HS_06869,0.0035282981116324
383,7,3,4,351,Fibroblast,Macrophage,CCL2,CCR1,CommuSpace_HS_00946,0.003172316821292
383,8,3,4,2670,Fibroblast,Macrophage,VEGFA,CD44,CommuSpace_HS_07694,0.0026565743610262
383,9,1,8,583,Endothelial,T cell,COL4A1,CD44,CommuSpace_HS_01729,0.002571326913312
383,10,4,4,351,Macrophage,Macrophage,CCL2,CCR1,CommuSpace_HS_00946,0.0025569102726876
384,1,4,4,1359,Macrophage,Macrophage,GNAI2,C5AR1,CommuSpace_HS_03953,0.0051916828379035
384,2,3,8,583,Fibroblast,T cell,COL4A1,CD44,CommuSpace_HS_01729,0.0048420154489576
384,3,3,8,2670,Fibroblast,T cell,VEGFA,CD44,CommuSpace_HS_07694,0.0046515031717717
384,4,3,8,2541,Fibroblast,T cell,TIMP2,CD44,CommuSpace_HS_07444,0.0043154377490282
384,5,3,4,351,Fibroblast,Macrophage,CCL2,CCR1,CommuSpace_HS_00946,0.003780284198001
384,6,3,4,2311,Fibroblast,Macrophage,SERPINE1,PLAUR,CommuSpace_HS_06869,0.0035899188369512
384,7,3,4,2670,Fibroblast,Macrophage,VEGFA,CD44,CommuSpace_HS_07694,0.0031219883821904
384,8,4,4,351,Macrophage,Macrophage,CCL2,CCR1,CommuSpace_HS_00946,0.0030591641552746
384,9,1,8,583,Endothelial,T cell,COL4A1,CD44,CommuSpace_HS_01729,0.003038136055693
384,10,3,4,2530,Fibroblast,Macrophage,THY1,ITGAX,CommuSpace_HS_07427,0.0029300171881914
385,1,4,4,1359,Macrophage,Macrophage,GNAI2,C5AR1,CommuSpace_HS_03953,0.0052024014294147
385,2,3,8,583,Fibroblast,T cell,COL4A1,CD44,CommuSpace_HS_01729,0.0048552379012107
385,3,3,8,2670,Fibroblast,T cell,VEGFA,CD44,CommuSpace_HS_07694,0.0046640643849968
385,4,3,8,2541,Fibroblast,T cell,TIMP2,CD44,CommuSpace_HS_07444,0.0043271020986139
385,5,3,4,351,Fibroblast,Macrophage,CCL2,CCR1,CommuSpace_HS_00946,0.0033895527012646
385,6,3,4,2311,Fibroblast,Macrophage,SERPINE1,PLAUR,CommuSpace_HS_06869,0.0031797308474779
385,7,3,4,2670,Fibroblast,Macrophage,VEGFA,CD44,CommuSpace_HS_07694,0.0031282813288271
385,8,1,8,583,Endothelial,T cell,COL4A1,CD44,CommuSpace_HS_01729,0.0030828425660729
385,9,4,4,351,Macrophage,Macrophage,CCL2,CCR1,CommuSpace_HS_00946,0.0030560586601495
385,10,3,4,2530,Fibroblast,Macrophage,THY1,ITGAX,CommuSpace_HS_07427,0.0029071578755974
386,1,3,5,2547,Fibroblast,Mast cell,TIMP3,CD44,CommuSpace_HS_07452,0.0597590021789073
386,2,3,4,2530,Fibroblast,Macrophage,THY1,ITGAX,CommuSpace_HS_07427,0.01859344355762
386,3,3,5,2670,Fibroblast,Mast cell,VEGFA,CD44,CommuSpace_HS_07694,0.0095964577049016
386,4,3,5,2541,Fibroblast,Mast cell,TIMP2,CD44,CommuSpace_HS_07444,0.0090155359357595
386,5,3,5,583,Fibroblast,Mast cell,COL4A1,CD44,CommuSpace_HS_01729,0.0051339613273739
386,6,4,4,1359,Macrophage,Macrophage,GNAI2,C5AR1,CommuSpace_HS_03953,0.0044760811142623
386,7,3,8,583,Fibroblast,T cell,COL4A1,CD44,CommuSpace_HS_01729,0.0041956785134971
386,8,3,8,2670,Fibroblast,T cell,VEGFA,CD44,CommuSpace_HS_07694,0.0041070138104259
386,9,3,8,2541,Fibroblast,T cell,TIMP2,CD44,CommuSpace_HS_07444,0.0037763118743896
386,10,5,3,1835,Mast cell,Fibroblast,LIF,IL6ST,CommuSpace_HS_05222,0.0034941090270876
387,1,4,4,1359,Macrophage,Macrophage,GNAI2,C5AR1,CommuSpace_HS_03953,0.0051916828379035
387,2,3,8,583,Fibroblast,T cell,COL4A1,CD44,CommuSpace_HS_01729,0.0048420154489576
387,3,3,8,2670,Fibroblast,T cell,VEGFA,CD44,CommuSpace_HS_07694,0.0046515031717717
387,4,3,8,2541,Fibroblast,T cell,TIMP2,CD44,CommuSpace_HS_07444,0.0043154377490282
387,5,3,4,351,Fibroblast,Macrophage,CCL2,CCR1,CommuSpace_HS_00946,0.003780284198001
387,6,3,4,2311,Fibroblast,Macrophage,SERPINE1,PLAUR,CommuSpace_HS_06869,0.0035899188369512
387,7,3,4,2670,Fibroblast,Macrophage,VEGFA,CD44,CommuSpace_HS_07694,0.0031219883821904
387,8,4,4,351,Macrophage,Macrophage,CCL2,CCR1,CommuSpace_HS_00946,0.0030591641552746
387,9,1,8,583,Endothelial,T cell,COL4A1,CD44,CommuSpace_HS_01729,0.003038136055693
387,10,3,4,2530,Fibroblast,Macrophage,THY1,ITGAX,CommuSpace_HS_07427,0.0029300171881914
388,1,4,4,1359,Macrophage,Macrophage,GNAI2,C5AR1,CommuSpace_HS_03953,0.0051916828379035
388,2,3,8,583,Fibroblast,T cell,COL4A1,CD44,CommuSpace_HS_01729,0.0048420154489576
388,3,3,8,2670,Fibroblast,T cell,VEGFA,CD44,CommuSpace_HS_07694,0.0046515031717717
388,4,3,8,2541,Fibroblast,T cell,TIMP2,CD44,CommuSpace_HS_07444,0.0043154377490282
388,5,3,4,351,Fibroblast,Macrophage,CCL2,CCR1,CommuSpace_HS_00946,0.003780284198001
388,6,3,4,2311,Fibroblast,Macrophage,SERPINE1,PLAUR,CommuSpace_HS_06869,0.0035899188369512
388,7,3,4,2670,Fibroblast,Macrophage,VEGFA,CD44,CommuSpace_HS_07694,0.0031219883821904
388,8,4,4,351,Macrophage,Macrophage,CCL2,CCR1,CommuSpace_HS_00946,0.0030591641552746
388,9,1,8,583,Endothelial,T cell,COL4A1,CD44,CommuSpace_HS_01729,0.003038136055693
388,10,3,4,2530,Fibroblast,Macrophage,THY1,ITGAX,CommuSpace_HS_07427,0.0029300171881914
389,1,4,4,1359,Macrophage,Macrophage,GNAI2,C5AR1,CommuSpace_HS_03953,0.0051916828379035
389,2,3,8,583,Fibroblast,T cell,COL4A1,CD44,CommuSpace_HS_01729,0.0048420154489576
389,3,3,8,2670,Fibroblast,T cell,VEGFA,CD44,CommuSpace_HS_07694,0.0046515031717717
389,4,3,8,2541,Fibroblast,T cell,TIMP2,CD44,CommuSpace_HS_07444,0.0043154377490282
389,5,3,4,351,Fibroblast,Macrophage,CCL2,CCR1,CommuSpace_HS_00946,0.003780284198001
389,6,3,4,2311,Fibroblast,Macrophage,SERPINE1,PLAUR,CommuSpace_HS_06869,0.0035899188369512
389,7,3,4,2670,Fibroblast,Macrophage,VEGFA,CD44,CommuSpace_HS_07694,0.0031219883821904
389,8,4,4,351,Macrophage,Macrophage,CCL2,CCR1,CommuSpace_HS_00946,0.0030591641552746
389,9,1,8,583,Endothelial,T cell,COL4A1,CD44,CommuSpace_HS_01729,0.003038136055693
389,10,3,4,2530,Fibroblast,Macrophage,THY1,ITGAX,CommuSpace_HS_07427,0.0029300171881914
390,1,4,4,1359,Macrophage,Macrophage,GNAI2,C5AR1,CommuSpace_HS_03953,0.0051916828379035
390,2,3,8,583,Fibroblast,T cell,COL4A1,CD44,CommuSpace_HS_01729,0.0048420154489576
390,3,3,8,2670,Fibroblast,T cell,VEGFA,CD44,CommuSpace_HS_07694,0.0046515031717717
390,4,3,8,2541,Fibroblast,T cell,TIMP2,CD44,CommuSpace_HS_07444,0.0043154377490282
390,5,3,4,351,Fibroblast,Macrophage,CCL2,CCR1,CommuSpace_HS_00946,0.003780284198001
390,6,3,4,2311,Fibroblast,Macrophage,SERPINE1,PLAUR,CommuSpace_HS_06869,0.0035899188369512
390,7,3,4,2670,Fibroblast,Macrophage,VEGFA,CD44,CommuSpace_HS_07694,0.0031219883821904
390,8,4,4,351,Macrophage,Macrophage,CCL2,CCR1,CommuSpace_HS_00946,0.0030591641552746
390,9,1,8,583,Endothelial,T cell,COL4A1,CD44,CommuSpace_HS_01729,0.003038136055693
390,10,3,4,2530,Fibroblast,Macrophage,THY1,ITGAX,CommuSpace_HS_07427,0.0029300171881914
391,1,4,4,1359,Macrophage,Macrophage,GNAI2,C5AR1,CommuSpace_HS_03953,0.0051916828379035
391,2,3,8,583,Fibroblast,T cell,COL4A1,CD44,CommuSpace_HS_01729,0.0048420154489576
391,3,3,8,2670,Fibroblast,T cell,VEGFA,CD44,CommuSpace_HS_07694,0.0046515031717717
391,4,3,8,2541,Fibroblast,T cell,TIMP2,CD44,CommuSpace_HS_07444,0.0043154377490282
391,5,3,4,351,Fibroblast,Macrophage,CCL2,CCR1,CommuSpace_HS_00946,0.003780284198001
391,6,3,4,2311,Fibroblast,Macrophage,SERPINE1,PLAUR,CommuSpace_HS_06869,0.0035899188369512
391,7,3,4,2670,Fibroblast,Macrophage,VEGFA,CD44,CommuSpace_HS_07694,0.0031219883821904
391,8,4,4,351,Macrophage,Macrophage,CCL2,CCR1,CommuSpace_HS_00946,0.0030591641552746
391,9,1,8,583,Endothelial,T cell,COL4A1,CD44,CommuSpace_HS_01729,0.003038136055693
391,10,3,4,2530,Fibroblast,Macrophage,THY1,ITGAX,CommuSpace_HS_07427,0.0029300171881914
392,1,4,4,1359,Macrophage,Macrophage,GNAI2,C5AR1,CommuSpace_HS_03953,0.0051916828379035
392,2,3,8,583,Fibroblast,T cell,COL4A1,CD44,CommuSpace_HS_01729,0.0048420154489576
392,3,3,8,2670,Fibroblast,T cell,VEGFA,CD44,CommuSpace_HS_07694,0.0046515031717717
392,4,3,8,2541,Fibroblast,T cell,TIMP2,CD44,CommuSpace_HS_07444,0.0043154377490282
392,5,3,4,351,Fibroblast,Macrophage,CCL2,CCR1,CommuSpace_HS_00946,0.003780284198001
392,6,3,4,2311,Fibroblast,Macrophage,SERPINE1,PLAUR,CommuSpace_HS_06869,0.0035899188369512
392,7,3,4,2670,Fibroblast,Macrophage,VEGFA,CD44,CommuSpace_HS_07694,0.0031219883821904
392,8,4,4,351,Macrophage,Macrophage,CCL2,CCR1,CommuSpace_HS_00946,0.0030591641552746
392,9,1,8,583,Endothelial,T cell,COL4A1,CD44,CommuSpace_HS_01729,0.003038136055693
392,10,3,4,2530,Fibroblast,Macrophage,THY1,ITGAX,CommuSpace_HS_07427,0.0029300171881914
393,1,4,4,1359,Macrophage,Macrophage,GNAI2,C5AR1,CommuSpace_HS_03953,0.0051916828379035
393,2,3,8,583,Fibroblast,T cell,COL4A1,CD44,CommuSpace_HS_01729,0.0048420154489576
393,3,3,8,2670,Fibroblast,T cell,VEGFA,CD44,CommuSpace_HS_07694,0.0046515031717717
393,4,3,8,2541,Fibroblast,T cell,TIMP2,CD44,CommuSpace_HS_07444,0.0043154377490282
393,5,3,4,351,Fibroblast,Macrophage,CCL2,CCR1,CommuSpace_HS_00946,0.003780284198001
393,6,3,4,2311,Fibroblast,Macrophage,SERPINE1,PLAUR,CommuSpace_HS_06869,0.0035899188369512
393,7,3,4,2670,Fibroblast,Macrophage,VEGFA,CD44,CommuSpace_HS_07694,0.0031219883821904
393,8,4,4,351,Macrophage,Macrophage,CCL2,CCR1,CommuSpace_HS_00946,0.0030591641552746
393,9,1,8,583,Endothelial,T cell,COL4A1,CD44,CommuSpace_HS_01729,0.003038136055693
393,10,3,4,2530,Fibroblast,Macrophage,THY1,ITGAX,CommuSpace_HS_07427,0.0029300171881914
394,1,4,4,1359,Macrophage,Macrophage,GNAI2,C5AR1,CommuSpace_HS_03953,0.0051916828379035
394,2,3,8,583,Fibroblast,T cell,COL4A1,CD44,CommuSpace_HS_01729,0.0048420154489576
394,3,3,8,2670,Fibroblast,T cell,VEGFA,CD44,CommuSpace_HS_07694,0.0046515031717717
394,4,3,8,2541,Fibroblast,T cell,TIMP2,CD44,CommuSpace_HS_07444,0.0043154377490282
394,5,3,4,351,Fibroblast,Macrophage,CCL2,CCR1,CommuSpace_HS_00946,0.003780284198001
394,6,3,4,2311,Fibroblast,Macrophage,SERPINE1,PLAUR,CommuSpace_HS_06869,0.0035899188369512
394,7,3,4,2670,Fibroblast,Macrophage,VEGFA,CD44,CommuSpace_HS_07694,0.0031219883821904
394,8,4,4,351,Macrophage,Macrophage,CCL2,CCR1,CommuSpace_HS_00946,0.0030591641552746
394,9,1,8,583,Endothelial,T cell,COL4A1,CD44,CommuSpace_HS_01729,0.003038136055693
394,10,3,4,2530,Fibroblast,Macrophage,THY1,ITGAX,CommuSpace_HS_07427,0.0029300171881914
395,1,4,4,1359,Macrophage,Macrophage,GNAI2,C5AR1,CommuSpace_HS_03953,0.0051916828379035
395,2,3,8,583,Fibroblast,T cell,COL4A1,CD44,CommuSpace_HS_01729,0.0048420154489576
395,3,3,8,2670,Fibroblast,T cell,VEGFA,CD44,CommuSpace_HS_07694,0.0046515031717717
395,4,3,8,2541,Fibroblast,T cell,TIMP2,CD44,CommuSpace_HS_07444,0.0043154377490282
395,5,3,4,351,Fibroblast,Macrophage,CCL2,CCR1,CommuSpace_HS_00946,0.003780284198001
395,6,3,4,2311,Fibroblast,Macrophage,SERPINE1,PLAUR,CommuSpace_HS_06869,0.0035899188369512
395,7,3,4,2670,Fibroblast,Macrophage,VEGFA,CD44,CommuSpace_HS_07694,0.0031219883821904
395,8,4,4,351,Macrophage,Macrophage,CCL2,CCR1,CommuSpace_HS_00946,0.0030591641552746
395,9,1,8,583,Endothelial,T cell,COL4A1,CD44,CommuSpace_HS_01729,0.003038136055693
395,10,3,4,2530,Fibroblast,Macrophage,THY1,ITGAX,CommuSpace_HS_07427,0.0029300171881914
396,1,4,4,1359,Macrophage,Macrophage,GNAI2,C5AR1,CommuSpace_HS_03953,0.0051916828379035
396,2,3,8,583,Fibroblast,T cell,COL4A1,CD44,CommuSpace_HS_01729,0.0048420154489576
396,3,3,8,2670,Fibroblast,T cell,VEGFA,CD44,CommuSpace_HS_07694,0.0046515031717717
396,4,3,8,2541,Fibroblast,T cell,TIMP2,CD44,CommuSpace_HS_07444,0.0043154377490282
396,5,3,4,351,Fibroblast,Macrophage,CCL2,CCR1,CommuSpace_HS_00946,0.003780284198001
396,6,3,4,2311,Fibroblast,Macrophage,SERPINE1,PLAUR,CommuSpace_HS_06869,0.0035899188369512
396,7,3,4,2670,Fibroblast,Macrophage,VEGFA,CD44,CommuSpace_HS_07694,0.0031219883821904
396,8,4,4,351,Macrophage,Macrophage,CCL2,CCR1,CommuSpace_HS_00946,0.0030591641552746
396,9,1,8,583,Endothelial,T cell,COL4A1,CD44,CommuSpace_HS_01729,0.003038136055693
396,10,3,4,2530,Fibroblast,Macrophage,THY1,ITGAX,CommuSpace_HS_07427,0.0029300171881914
397,1,4,4,1359,Macrophage,Macrophage,GNAI2,C5AR1,CommuSpace_HS_03953,0.0051916828379035
397,2,3,8,583,Fibroblast,T cell,COL4A1,CD44,CommuSpace_HS_01729,0.0048420154489576
397,3,3,8,2670,Fibroblast,T cell,VEGFA,CD44,CommuSpace_HS_07694,0.0046515031717717
397,4,3,8,2541,Fibroblast,T cell,TIMP2,CD44,CommuSpace_HS_07444,0.0043154377490282
397,5,3,4,351,Fibroblast,Macrophage,CCL2,CCR1,CommuSpace_HS_00946,0.003780284198001
397,6,3,4,2311,Fibroblast,Macrophage,SERPINE1,PLAUR,CommuSpace_HS_06869,0.0035899188369512
397,7,3,4,2670,Fibroblast,Macrophage,VEGFA,CD44,CommuSpace_HS_07694,0.0031219883821904
397,8,4,4,351,Macrophage,Macrophage,CCL2,CCR1,CommuSpace_HS_00946,0.0030591641552746
397,9,1,8,583,Endothelial,T cell,COL4A1,CD44,CommuSpace_HS_01729,0.003038136055693
397,10,3,4,2530,Fibroblast,Macrophage,THY1,ITGAX,CommuSpace_HS_07427,0.0029300171881914
398,1,4,4,1359,Macrophage,Macrophage,GNAI2,C5AR1,CommuSpace_HS_03953,0.0051916828379035
398,2,3,8,583,Fibroblast,T cell,COL4A1,CD44,CommuSpace_HS_01729,0.0048420154489576
398,3,3,8,2670,Fibroblast,T cell,VEGFA,CD44,CommuSpace_HS_07694,0.0046515031717717
398,4,3,8,2541,Fibroblast,T cell,TIMP2,CD44,CommuSpace_HS_07444,0.0043154377490282
398,5,3,4,351,Fibroblast,Macrophage,CCL2,CCR1,CommuSpace_HS_00946,0.003780284198001
398,6,3,4,2311,Fibroblast,Macrophage,SERPINE1,PLAUR,CommuSpace_HS_06869,0.0035899188369512
398,7,3,4,2670,Fibroblast,Macrophage,VEGFA,CD44,CommuSpace_HS_07694,0.0031219883821904
398,8,4,4,351,Macrophage,Macrophage,CCL2,CCR1,CommuSpace_HS_00946,0.0030591641552746
398,9,1,8,583,Endothelial,T cell,COL4A1,CD44,CommuSpace_HS_01729,0.003038136055693
398,10,3,4,2530,Fibroblast,Macrophage,THY1,ITGAX,CommuSpace_HS_07427,0.0029300171881914
399,1,4,4,1359,Macrophage,Macrophage,GNAI2,C5AR1,CommuSpace_HS_03953,0.0051916828379035
399,2,3,8,583,Fibroblast,T cell,COL4A1,CD44,CommuSpace_HS_01729,0.0048420154489576
399,3,3,8,2670,Fibroblast,T cell,VEGFA,CD44,CommuSpace_HS_07694,0.0046515031717717
399,4,3,8,2541,Fibroblast,T cell,TIMP2,CD44,CommuSpace_HS_07444,0.0043154377490282
399,5,3,4,351,Fibroblast,Macrophage,CCL2,CCR1,CommuSpace_HS_00946,0.003780284198001
399,6,3,4,2311,Fibroblast,Macrophage,SERPINE1,PLAUR,CommuSpace_HS_06869,0.0035899188369512
399,7,3,4,2670,Fibroblast,Macrophage,VEGFA,CD44,CommuSpace_HS_07694,0.0031219883821904
399,8,4,4,351,Macrophage,Macrophage,CCL2,CCR1,CommuSpace_HS_00946,0.0030591641552746
399,9,1,8,583,Endothelial,T cell,COL4A1,CD44,CommuSpace_HS_01729,0.003038136055693
399,10,3,4,2530,Fibroblast,Macrophage,THY1,ITGAX,CommuSpace_HS_07427,0.0029300171881914
400,1,4,4,1359,Macrophage,Macrophage,GNAI2,C5AR1,CommuSpace_HS_03953,0.0051916828379035
400,2,3,8,583,Fibroblast,T cell,COL4A1,CD44,CommuSpace_HS_01729,0.0048420154489576
400,3,3,8,2670,Fibroblast,T cell,VEGFA,CD44,CommuSpace_HS_07694,0.0046515031717717
400,4,3,8,2541,Fibroblast,T cell,TIMP2,CD44,CommuSpace_HS_07444,0.0043154377490282
400,5,3,4,351,Fibroblast,Macrophage,CCL2,CCR1,CommuSpace_HS_00946,0.003780284198001
400,6,3,4,2311,Fibroblast,Macrophage,SERPINE1,PLAUR,CommuSpace_HS_06869,0.0035899188369512
400,7,3,4,2670,Fibroblast,Macrophage,VEGFA,CD44,CommuSpace_HS_07694,0.0031219883821904
400,8,4,4,351,Macrophage,Macrophage,CCL2,CCR1,CommuSpace_HS_00946,0.0030591641552746
400,9,1,8,583,Endothelial,T cell,COL4A1,CD44,CommuSpace_HS_01729,0.003038136055693
400,10,3,4,2530,Fibroblast,Macrophage,THY1,ITGAX,CommuSpace_HS_07427,0.0029300171881914
401,1,4,4,1359,Macrophage,Macrophage,GNAI2,C5AR1,CommuSpace_HS_03953,0.0051230718381702
401,2,3,8,583,Fibroblast,T cell,COL4A1,CD44,CommuSpace_HS_01729,0.0048067923635244
401,3,3,8,2670,Fibroblast,T cell,VEGFA,CD44,CommuSpace_HS_07694,0.0046211811713874
401,4,3,8,2541,Fibroblast,T cell,TIMP2,CD44,CommuSpace_HS_07444,0.004287710878998
401,5,7,1,585,Pericyte,Endothelial,COL4A1,CD93,CommuSpace_HS_01731,0.0037536974996328
401,6,3,1,2505,Fibroblast,Endothelial,THBS1,ITGB3,CommuSpace_HS_07380,0.0036581528838723
401,7,3,4,2670,Fibroblast,Macrophage,VEGFA,CD44,CommuSpace_HS_07694,0.003118795575574
401,8,3,4,2530,Fibroblast,Macrophage,THY1,ITGAX,CommuSpace_HS_07427,0.0030098103452473
401,9,4,4,351,Macrophage,Macrophage,CCL2,CCR1,CommuSpace_HS_00946,0.002991551766172
401,10,3,4,2541,Fibroblast,Macrophage,TIMP2,CD44,CommuSpace_HS_07444,0.0028670895844697
402,1,4,4,1359,Macrophage,Macrophage,GNAI2,C5AR1,CommuSpace_HS_03953,0.0051916828379035
402,2,3,8,583,Fibroblast,T cell,COL4A1,CD44,CommuSpace_HS_01729,0.0048420154489576
402,3,3,8,2670,Fibroblast,T cell,VEGFA,CD44,CommuSpace_HS_07694,0.0046515031717717
402,4,3,8,2541,Fibroblast,T cell,TIMP2,CD44,CommuSpace_HS_07444,0.0043154377490282
402,5,3,4,351,Fibroblast,Macrophage,CCL2,CCR1,CommuSpace_HS_00946,0.0037802844308316
402,6,3,4,2311,Fibroblast,Macrophage,SERPINE1,PLAUR,CommuSpace_HS_06869,0.0035899190697818
402,7,3,4,2670,Fibroblast,Macrophage,VEGFA,CD44,CommuSpace_HS_07694,0.0031219883821904
402,8,4,4,351,Macrophage,Macrophage,CCL2,CCR1,CommuSpace_HS_00946,0.0030591641552746
402,9,1,8,583,Endothelial,T cell,COL4A1,CD44,CommuSpace_HS_01729,0.003038136055693
402,10,3,4,2530,Fibroblast,Macrophage,THY1,ITGAX,CommuSpace_HS_07427,0.0029300171881914
403,1,4,4,1359,Macrophage,Macrophage,GNAI2,C5AR1,CommuSpace_HS_03953,0.0051916828379035
403,2,3,8,583,Fibroblast,T cell,COL4A1,CD44,CommuSpace_HS_01729,0.0048420154489576
403,3,3,8,2670,Fibroblast,T cell,VEGFA,CD44,CommuSpace_HS_07694,0.0046515031717717
403,4,3,8,2541,Fibroblast,T cell,TIMP2,CD44,CommuSpace_HS_07444,0.0043154377490282
403,5,3,4,351,Fibroblast,Macrophage,CCL2,CCR1,CommuSpace_HS_00946,0.0037802844308316
403,6,3,4,2311,Fibroblast,Macrophage,SERPINE1,PLAUR,CommuSpace_HS_06869,0.0035899190697818
403,7,3,4,2670,Fibroblast,Macrophage,VEGFA,CD44,CommuSpace_HS_07694,0.0031219883821904
403,8,4,4,351,Macrophage,Macrophage,CCL2,CCR1,CommuSpace_HS_00946,0.0030591641552746
403,9,1,8,583,Endothelial,T cell,COL4A1,CD44,CommuSpace_HS_01729,0.003038136055693
403,10,3,4,2530,Fibroblast,Macrophage,THY1,ITGAX,CommuSpace_HS_07427,0.0029300171881914
404,1,3,5,2547,Fibroblast,Mast cell,TIMP3,CD44,CommuSpace_HS_07452,0.0416015684604644
404,2,3,4,2530,Fibroblast,Macrophage,THY1,ITGAX,CommuSpace_HS_07427,0.0136817013844847
404,3,3,5,2670,Fibroblast,Mast cell,VEGFA,CD44,CommuSpace_HS_07694,0.0071920682676136
404,4,3,5,2541,Fibroblast,Mast cell,TIMP2,CD44,CommuSpace_HS_07444,0.0067882905714213
404,5,4,4,1359,Macrophage,Macrophage,GNAI2,C5AR1,CommuSpace_HS_03953,0.0047004800289869
404,6,3,8,583,Fibroblast,T cell,COL4A1,CD44,CommuSpace_HS_01729,0.0043983575887978
404,7,3,8,2670,Fibroblast,T cell,VEGFA,CD44,CommuSpace_HS_07694,0.0042777555063366
404,8,3,5,583,Fibroblast,Mast cell,COL4A1,CD44,CommuSpace_HS_01729,0.0041360221803188
404,9,3,8,2541,Fibroblast,T cell,TIMP2,CD44,CommuSpace_HS_07444,0.0039453720673918
404,10,3,4,351,Fibroblast,Macrophage,CCL2,CCR1,CommuSpace_HS_00946,0.0033697641920298
405,1,3,5,2547,Fibroblast,Mast cell,TIMP3,CD44,CommuSpace_HS_07452,0.0542481206357479
405,2,3,4,2530,Fibroblast,Macrophage,THY1,ITGAX,CommuSpace_HS_07427,0.0171027015894651
405,3,3,5,2670,Fibroblast,Mast cell,VEGFA,CD44,CommuSpace_HS_07694,0.0088667133823037
405,4,3,5,2541,Fibroblast,Mast cell,TIMP2,CD44,CommuSpace_HS_07444,0.0083395559340715
405,5,3,5,583,Fibroblast,Mast cell,COL4A1,CD44,CommuSpace_HS_01729,0.0048310812562704
405,6,4,4,1359,Macrophage,Macrophage,GNAI2,C5AR1,CommuSpace_HS_03953,0.0045441878028213
405,7,3,8,583,Fibroblast,T cell,COL4A1,CD44,CommuSpace_HS_01729,0.004257193300873
405,8,3,8,2670,Fibroblast,T cell,VEGFA,CD44,CommuSpace_HS_07694,0.0041588344611227
405,9,3,8,2541,Fibroblast,T cell,TIMP2,CD44,CommuSpace_HS_07444,0.0038276223931461
405,10,5,3,1835,Mast cell,Fibroblast,LIF,IL6ST,CommuSpace_HS_05222,0.0033584118355065
406,1,4,4,1359,Macrophage,Macrophage,GNAI2,C5AR1,CommuSpace_HS_03953,0.0051916828379035
406,2,3,8,583,Fibroblast,T cell,COL4A1,CD44,CommuSpace_HS_01729,0.0048420154489576
406,3,3,8,2670,Fibroblast,T cell,VEGFA,CD44,CommuSpace_HS_07694,0.0046515031717717
406,4,3,8,2541,Fibroblast,T cell,TIMP2,CD44,CommuSpace_HS_07444,0.0043154377490282
406,5,3,4,351,Fibroblast,Macrophage,CCL2,CCR1,CommuSpace_HS_00946,0.0037802844308316
406,6,3,4,2311,Fibroblast,Macrophage,SERPINE1,PLAUR,CommuSpace_HS_06869,0.0035899190697818
406,7,3,4,2670,Fibroblast,Macrophage,VEGFA,CD44,CommuSpace_HS_07694,0.0031219883821904
406,8,4,4,351,Macrophage,Macrophage,CCL2,CCR1,CommuSpace_HS_00946,0.0030591641552746
406,9,1,8,583,Endothelial,T cell,COL4A1,CD44,CommuSpace_HS_01729,0.003038136055693
406,10,3,4,2530,Fibroblast,Macrophage,THY1,ITGAX,CommuSpace_HS_07427,0.0029300171881914
407,1,4,4,1359,Macrophage,Macrophage,GNAI2,C5AR1,CommuSpace_HS_03953,0.0051916828379035
407,2,3,8,583,Fibroblast,T cell,COL4A1,CD44,CommuSpace_HS_01729,0.0048420154489576
407,3,3,8,2670,Fibroblast,T cell,VEGFA,CD44,CommuSpace_HS_07694,0.0046515031717717
407,4,3,8,2541,Fibroblast,T cell,TIMP2,CD44,CommuSpace_HS_07444,0.0043154377490282
407,5,3,4,351,Fibroblast,Macrophage,CCL2,CCR1,CommuSpace_HS_00946,0.0037802844308316
407,6,3,4,2311,Fibroblast,Macrophage,SERPINE1,PLAUR,CommuSpace_HS_06869,0.0035899190697818
407,7,3,4,2670,Fibroblast,Macrophage,VEGFA,CD44,CommuSpace_HS_07694,0.0031219883821904
407,8,4,4,351,Macrophage,Macrophage,CCL2,CCR1,CommuSpace_HS_00946,0.0030591641552746
407,9,1,8,583,Endothelial,T cell,COL4A1,CD44,CommuSpace_HS_01729,0.003038136055693
407,10,3,4,2530,Fibroblast,Macrophage,THY1,ITGAX,CommuSpace_HS_07427,0.0029300171881914
408,1,4,4,1359,Macrophage,Macrophage,GNAI2,C5AR1,CommuSpace_HS_03953,0.0051916828379035
408,2,3,8,583,Fibroblast,T cell,COL4A1,CD44,CommuSpace_HS_01729,0.0048420154489576
408,3,3,8,2670,Fibroblast,T cell,VEGFA,CD44,CommuSpace_HS_07694,0.0046515031717717
408,4,3,8,2541,Fibroblast,T cell,TIMP2,CD44,CommuSpace_HS_07444,0.0043154377490282
408,5,3,4,351,Fibroblast,Macrophage,CCL2,CCR1,CommuSpace_HS_00946,0.0037802844308316
408,6,3,4,2311,Fibroblast,Macrophage,SERPINE1,PLAUR,CommuSpace_HS_06869,0.0035899190697818
408,7,3,4,2670,Fibroblast,Macrophage,VEGFA,CD44,CommuSpace_HS_07694,0.0031219883821904
408,8,4,4,351,Macrophage,Macrophage,CCL2,CCR1,CommuSpace_HS_00946,0.0030591641552746
408,9,1,8,583,Endothelial,T cell,COL4A1,CD44,CommuSpace_HS_01729,0.003038136055693
408,10,3,4,2530,Fibroblast,Macrophage,THY1,ITGAX,CommuSpace_HS_07427,0.0029300171881914
409,1,4,4,1359,Macrophage,Macrophage,GNAI2,C5AR1,CommuSpace_HS_03953,0.0051916828379035
409,2,3,8,583,Fibroblast,T cell,COL4A1,CD44,CommuSpace_HS_01729,0.0048420154489576
409,3,3,8,2670,Fibroblast,T cell,VEGFA,CD44,CommuSpace_HS_07694,0.0046515031717717
409,4,3,8,2541,Fibroblast,T cell,TIMP2,CD44,CommuSpace_HS_07444,0.0043154377490282
409,5,3,4,351,Fibroblast,Macrophage,CCL2,CCR1,CommuSpace_HS_00946,0.0037802844308316
409,6,3,4,2311,Fibroblast,Macrophage,SERPINE1,PLAUR,CommuSpace_HS_06869,0.0035899190697818
409,7,3,4,2670,Fibroblast,Macrophage,VEGFA,CD44,CommuSpace_HS_07694,0.0031219883821904
409,8,4,4,351,Macrophage,Macrophage,CCL2,CCR1,CommuSpace_HS_00946,0.0030591641552746
409,9,1,8,583,Endothelial,T cell,COL4A1,CD44,CommuSpace_HS_01729,0.003038136055693
409,10,3,4,2530,Fibroblast,Macrophage,THY1,ITGAX,CommuSpace_HS_07427,0.0029300171881914
410,1,4,4,1359,Macrophage,Macrophage,GNAI2,C5AR1,CommuSpace_HS_03953,0.0051916828379035
410,2,3,8,583,Fibroblast,T cell,COL4A1,CD44,CommuSpace_HS_01729,0.0048420154489576
410,3,3,8,2670,Fibroblast,T cell,VEGFA,CD44,CommuSpace_HS_07694,0.0046515031717717
410,4,3,8,2541,Fibroblast,T cell,TIMP2,CD44,CommuSpace_HS_07444,0.0043154377490282
410,5,3,4,351,Fibroblast,Macrophage,CCL2,CCR1,CommuSpace_HS_00946,0.0037802844308316
410,6,3,4,2311,Fibroblast,Macrophage,SERPINE1,PLAUR,CommuSpace_HS_06869,0.0035899190697818
410,7,3,4,2670,Fibroblast,Macrophage,VEGFA,CD44,CommuSpace_HS_07694,0.0031219883821904
410,8,4,4,351,Macrophage,Macrophage,CCL2,CCR1,CommuSpace_HS_00946,0.0030591641552746
410,9,1,8,583,Endothelial,T cell,COL4A1,CD44,CommuSpace_HS_01729,0.003038136055693
410,10,3,4,2530,Fibroblast,Macrophage,THY1,ITGAX,CommuSpace_HS_07427,0.0029300171881914
411,1,4,4,1359,Macrophage,Macrophage,GNAI2,C5AR1,CommuSpace_HS_03953,0.0051916828379035
411,2,3,8,583,Fibroblast,T cell,COL4A1,CD44,CommuSpace_HS_01729,0.0048420154489576
411,3,3,8,2670,Fibroblast,T cell,VEGFA,CD44,CommuSpace_HS_07694,0.0046515031717717
411,4,3,8,2541,Fibroblast,T cell,TIMP2,CD44,CommuSpace_HS_07444,0.0043154377490282
411,5,3,4,351,Fibroblast,Macrophage,CCL2,CCR1,CommuSpace_HS_00946,0.0037802844308316
411,6,3,4,2311,Fibroblast,Macrophage,SERPINE1,PLAUR,CommuSpace_HS_06869,0.0035899190697818
411,7,3,4,2670,Fibroblast,Macrophage,VEGFA,CD44,CommuSpace_HS_07694,0.0031219883821904
411,8,4,4,351,Macrophage,Macrophage,CCL2,CCR1,CommuSpace_HS_00946,0.0030591641552746
411,9,1,8,583,Endothelial,T cell,COL4A1,CD44,CommuSpace_HS_01729,0.003038136055693
411,10,3,4,2530,Fibroblast,Macrophage,THY1,ITGAX,CommuSpace_HS_07427,0.0029300171881914
412,1,4,4,1359,Macrophage,Macrophage,GNAI2,C5AR1,CommuSpace_HS_03953,0.0051916828379035
412,2,3,8,583,Fibroblast,T cell,COL4A1,CD44,CommuSpace_HS_01729,0.0048420154489576
412,3,3,8,2670,Fibroblast,T cell,VEGFA,CD44,CommuSpace_HS_07694,0.0046515031717717
412,4,3,8,2541,Fibroblast,T cell,TIMP2,CD44,CommuSpace_HS_07444,0.0043154377490282
412,5,3,4,351,Fibroblast,Macrophage,CCL2,CCR1,CommuSpace_HS_00946,0.0037802844308316
412,6,3,4,2311,Fibroblast,Macrophage,SERPINE1,PLAUR,CommuSpace_HS_06869,0.0035899190697818
412,7,3,4,2670,Fibroblast,Macrophage,VEGFA,CD44,CommuSpace_HS_07694,0.0031219883821904
412,8,4,4,351,Macrophage,Macrophage,CCL2,CCR1,CommuSpace_HS_00946,0.0030591641552746
412,9,1,8,583,Endothelial,T cell,COL4A1,CD44,CommuSpace_HS_01729,0.003038136055693
412,10,3,4,2530,Fibroblast,Macrophage,THY1,ITGAX,CommuSpace_HS_07427,0.0029300171881914
413,1,4,4,1359,Macrophage,Macrophage,GNAI2,C5AR1,CommuSpace_HS_03953,0.0051916828379035
413,2,3,8,583,Fibroblast,T cell,COL4A1,CD44,CommuSpace_HS_01729,0.0048420154489576
413,3,3,8,2670,Fibroblast,T cell,VEGFA,CD44,CommuSpace_HS_07694,0.0046515031717717
413,4,3,8,2541,Fibroblast,T cell,TIMP2,CD44,CommuSpace_HS_07444,0.0043154377490282
413,5,3,4,351,Fibroblast,Macrophage,CCL2,CCR1,CommuSpace_HS_00946,0.0037802844308316
413,6,3,4,2311,Fibroblast,Macrophage,SERPINE1,PLAUR,CommuSpace_HS_06869,0.0035899190697818
413,7,3,4,2670,Fibroblast,Macrophage,VEGFA,CD44,CommuSpace_HS_07694,0.0031219883821904
413,8,4,4,351,Macrophage,Macrophage,CCL2,CCR1,CommuSpace_HS_00946,0.0030591641552746
413,9,1,8,583,Endothelial,T cell,COL4A1,CD44,CommuSpace_HS_01729,0.003038136055693
413,10,3,4,2530,Fibroblast,Macrophage,THY1,ITGAX,CommuSpace_HS_07427,0.0029300171881914
414,1,4,4,1359,Macrophage,Macrophage,GNAI2,C5AR1,CommuSpace_HS_03953,0.0051916828379035
414,2,3,8,583,Fibroblast,T cell,COL4A1,CD44,CommuSpace_HS_01729,0.0048420154489576
414,3,3,8,2670,Fibroblast,T cell,VEGFA,CD44,CommuSpace_HS_07694,0.0046515031717717
414,4,3,8,2541,Fibroblast,T cell,TIMP2,CD44,CommuSpace_HS_07444,0.0043154377490282
414,5,3,4,351,Fibroblast,Macrophage,CCL2,CCR1,CommuSpace_HS_00946,0.0037802844308316
414,6,3,4,2311,Fibroblast,Macrophage,SERPINE1,PLAUR,CommuSpace_HS_06869,0.0035899190697818
414,7,3,4,2670,Fibroblast,Macrophage,VEGFA,CD44,CommuSpace_HS_07694,0.0031219883821904
414,8,4,4,351,Macrophage,Macrophage,CCL2,CCR1,CommuSpace_HS_00946,0.0030591641552746
414,9,1,8,583,Endothelial,T cell,COL4A1,CD44,CommuSpace_HS_01729,0.003038136055693
414,10,3,4,2530,Fibroblast,Macrophage,THY1,ITGAX,CommuSpace_HS_07427,0.0029300171881914
415,1,4,4,1359,Macrophage,Macrophage,GNAI2,C5AR1,CommuSpace_HS_03953,0.0051916828379035
415,2,3,8,583,Fibroblast,T cell,COL4A1,CD44,CommuSpace_HS_01729,0.0048420154489576
415,3,3,8,2670,Fibroblast,T cell,VEGFA,CD44,CommuSpace_HS_07694,0.0046515031717717
415,4,3,8,2541,Fibroblast,T cell,TIMP2,CD44,CommuSpace_HS_07444,0.0043154377490282
415,5,3,4,351,Fibroblast,Macrophage,CCL2,CCR1,CommuSpace_HS_00946,0.0037802844308316
415,6,3,4,2311,Fibroblast,Macrophage,SERPINE1,PLAUR,CommuSpace_HS_06869,0.0035899190697818
415,7,3,4,2670,Fibroblast,Macrophage,VEGFA,CD44,CommuSpace_HS_07694,0.0031219883821904
415,8,4,4,351,Macrophage,Macrophage,CCL2,CCR1,CommuSpace_HS_00946,0.0030591641552746
415,9,1,8,583,Endothelial,T cell,COL4A1,CD44,CommuSpace_HS_01729,0.003038136055693
415,10,3,4,2530,Fibroblast,Macrophage,THY1,ITGAX,CommuSpace_HS_07427,0.0029300171881914
416,1,3,5,2547,Fibroblast,Mast cell,TIMP3,CD44,CommuSpace_HS_07452,0.0458668731153011
416,2,3,4,2530,Fibroblast,Macrophage,THY1,ITGAX,CommuSpace_HS_07427,0.0148355020210146
416,3,3,5,2670,Fibroblast,Mast cell,VEGFA,CD44,CommuSpace_HS_07694,0.0077568748965859
416,4,3,5,2541,Fibroblast,Mast cell,TIMP2,CD44,CommuSpace_HS_07444,0.0073114852420985
416,5,4,4,1359,Macrophage,Macrophage,GNAI2,C5AR1,CommuSpace_HS_03953,0.0046477671712636
416,6,3,5,583,Fibroblast,Mast cell,COL4A1,CD44,CommuSpace_HS_01729,0.004370444919914
416,7,3,8,583,Fibroblast,T cell,COL4A1,CD44,CommuSpace_HS_01729,0.0043507465161383
416,8,3,8,2670,Fibroblast,T cell,VEGFA,CD44,CommuSpace_HS_07694,0.0042376462370157
416,9,3,8,2541,Fibroblast,T cell,TIMP2,CD44,CommuSpace_HS_07444,0.0039056579116731
416,10,3,4,351,Fibroblast,Macrophage,CCL2,CCR1,CommuSpace_HS_00946,0.0033257100731134
417,1,4,4,1359,Macrophage,Macrophage,GNAI2,C5AR1,CommuSpace_HS_03953,0.0050991061143577
417,2,3,8,583,Fibroblast,T cell,COL4A1,CD44,CommuSpace_HS_01729,0.0047582518309354
417,3,3,8,2670,Fibroblast,T cell,VEGFA,CD44,CommuSpace_HS_07694,0.0045715500600636
417,4,3,8,2541,Fibroblast,T cell,TIMP2,CD44,CommuSpace_HS_07444,0.0042411210015416
417,5,3,4,351,Fibroblast,Macrophage,CCL2,CCR1,CommuSpace_HS_00946,0.0036677836906164
417,6,7,1,585,Pericyte,Endothelial,COL4A1,CD93,CommuSpace_HS_01731,0.0036610788665711
417,7,3,1,2505,Fibroblast,Endothelial,THBS1,ITGB3,CommuSpace_HS_07380,0.0035718611907213
417,8,3,4,2311,Fibroblast,Macrophage,SERPINE1,PLAUR,CommuSpace_HS_06869,0.0034864014014601
417,9,3,4,2670,Fibroblast,Macrophage,VEGFA,CD44,CommuSpace_HS_07694,0.0030830409377813
417,10,4,4,351,Macrophage,Macrophage,CCL2,CCR1,CommuSpace_HS_00946,0.0030146203935146
418,1,3,5,2547,Fibroblast,Mast cell,TIMP3,CD44,CommuSpace_HS_07452,0.0572865270078182
418,2,3,4,2530,Fibroblast,Macrophage,THY1,ITGAX,CommuSpace_HS_07427,0.017924616113305
418,3,3,5,2670,Fibroblast,Mast cell,VEGFA,CD44,CommuSpace_HS_07694,0.0092690559104084
418,4,3,5,2541,Fibroblast,Mast cell,TIMP2,CD44,CommuSpace_HS_07444,0.0087122544646263
418,5,3,5,583,Fibroblast,Mast cell,COL4A1,CD44,CommuSpace_HS_01729,0.0049980725161731
418,6,4,4,1359,Macrophage,Macrophage,GNAI2,C5AR1,CommuSpace_HS_03953,0.0045066378079354
418,7,3,8,583,Fibroblast,T cell,COL4A1,CD44,CommuSpace_HS_01729,0.0042232768610119
418,8,3,8,2670,Fibroblast,T cell,VEGFA,CD44,CommuSpace_HS_07694,0.0041302628815174
418,9,3,8,2541,Fibroblast,T cell,TIMP2,CD44,CommuSpace_HS_07444,0.0037993323057889
418,10,5,3,1835,Mast cell,Fibroblast,LIF,IL6ST,CommuSpace_HS_05222,0.0034332275390625
419,1,4,4,1359,Macrophage,Macrophage,GNAI2,C5AR1,CommuSpace_HS_03953,0.0051916828379035
419,2,3,8,583,Fibroblast,T cell,COL4A1,CD44,CommuSpace_HS_01729,0.0048420154489576
419,3,3,8,2670,Fibroblast,T cell,VEGFA,CD44,CommuSpace_HS_07694,0.0046515031717717
419,4,3,8,2541,Fibroblast,T cell,TIMP2,CD44,CommuSpace_HS_07444,0.0043154377490282
419,5,3,4,351,Fibroblast,Macrophage,CCL2,CCR1,CommuSpace_HS_00946,0.0037802844308316
419,6,3,4,2311,Fibroblast,Macrophage,SERPINE1,PLAUR,CommuSpace_HS_06869,0.0035899190697818
419,7,3,4,2670,Fibroblast,Macrophage,VEGFA,CD44,CommuSpace_HS_07694,0.0031219883821904
419,8,4,4,351,Macrophage,Macrophage,CCL2,CCR1,CommuSpace_HS_00946,0.0030591641552746
419,9,1,8,583,Endothelial,T cell,COL4A1,CD44,CommuSpace_HS_01729,0.003038136055693
419,10,3,4,2530,Fibroblast,Macrophage,THY1,ITGAX,CommuSpace_HS_07427,0.0029300171881914
420,1,4,4,1359,Macrophage,Macrophage,GNAI2,C5AR1,CommuSpace_HS_03953,0.0051916828379035
420,2,3,8,583,Fibroblast,T cell,COL4A1,CD44,CommuSpace_HS_01729,0.0048420154489576
420,3,3,8,2670,Fibroblast,T cell,VEGFA,CD44,CommuSpace_HS_07694,0.0046515031717717
420,4,3,8,2541,Fibroblast,T cell,TIMP2,CD44,CommuSpace_HS_07444,0.0043154377490282
420,5,3,4,351,Fibroblast,Macrophage,CCL2,CCR1,CommuSpace_HS_00946,0.0037802844308316
420,6,3,4,2311,Fibroblast,Macrophage,SERPINE1,PLAUR,CommuSpace_HS_06869,0.0035899190697818
420,7,3,4,2670,Fibroblast,Macrophage,VEGFA,CD44,CommuSpace_HS_07694,0.0031219883821904
420,8,4,4,351,Macrophage,Macrophage,CCL2,CCR1,CommuSpace_HS_00946,0.0030591641552746
420,9,1,8,583,Endothelial,T cell,COL4A1,CD44,CommuSpace_HS_01729,0.003038136055693
420,10,3,4,2530,Fibroblast,Macrophage,THY1,ITGAX,CommuSpace_HS_07427,0.0029300171881914
421,1,4,4,1359,Macrophage,Macrophage,GNAI2,C5AR1,CommuSpace_HS_03953,0.0051916828379035
421,2,3,8,583,Fibroblast,T cell,COL4A1,CD44,CommuSpace_HS_01729,0.0048420154489576
421,3,3,8,2670,Fibroblast,T cell,VEGFA,CD44,CommuSpace_HS_07694,0.0046515031717717
421,4,3,8,2541,Fibroblast,T cell,TIMP2,CD44,CommuSpace_HS_07444,0.0043154377490282
421,5,3,4,351,Fibroblast,Macrophage,CCL2,CCR1,CommuSpace_HS_00946,0.0037802844308316
421,6,3,4,2311,Fibroblast,Macrophage,SERPINE1,PLAUR,CommuSpace_HS_06869,0.0035899190697818
421,7,3,4,2670,Fibroblast,Macrophage,VEGFA,CD44,CommuSpace_HS_07694,0.0031219883821904
421,8,4,4,351,Macrophage,Macrophage,CCL2,CCR1,CommuSpace_HS_00946,0.0030591641552746
421,9,1,8,583,Endothelial,T cell,COL4A1,CD44,CommuSpace_HS_01729,0.003038136055693
421,10,3,4,2530,Fibroblast,Macrophage,THY1,ITGAX,CommuSpace_HS_07427,0.0029300171881914
422,1,4,4,1359,Macrophage,Macrophage,GNAI2,C5AR1,CommuSpace_HS_03953,0.0051916828379035
422,2,3,8,583,Fibroblast,T cell,COL4A1,CD44,CommuSpace_HS_01729,0.0048420154489576
422,3,3,8,2670,Fibroblast,T cell,VEGFA,CD44,CommuSpace_HS_07694,0.0046515031717717
422,4,3,8,2541,Fibroblast,T cell,TIMP2,CD44,CommuSpace_HS_07444,0.0043154377490282
422,5,3,4,351,Fibroblast,Macrophage,CCL2,CCR1,CommuSpace_HS_00946,0.0037802844308316
422,6,3,4,2311,Fibroblast,Macrophage,SERPINE1,PLAUR,CommuSpace_HS_06869,0.0035899190697818
422,7,3,4,2670,Fibroblast,Macrophage,VEGFA,CD44,CommuSpace_HS_07694,0.0031219883821904
422,8,4,4,351,Macrophage,Macrophage,CCL2,CCR1,CommuSpace_HS_00946,0.0030591641552746
422,9,1,8,583,Endothelial,T cell,COL4A1,CD44,CommuSpace_HS_01729,0.003038136055693
422,10,3,4,2530,Fibroblast,Macrophage,THY1,ITGAX,CommuSpace_HS_07427,0.0029300171881914
423,1,4,4,1359,Macrophage,Macrophage,GNAI2,C5AR1,CommuSpace_HS_03953,0.0051916828379035
423,2,3,8,583,Fibroblast,T cell,COL4A1,CD44,CommuSpace_HS_01729,0.0048420154489576
423,3,3,8,2670,Fibroblast,T cell,VEGFA,CD44,CommuSpace_HS_07694,0.0046515031717717
423,4,3,8,2541,Fibroblast,T cell,TIMP2,CD44,CommuSpace_HS_07444,0.0043154377490282
423,5,3,4,351,Fibroblast,Macrophage,CCL2,CCR1,CommuSpace_HS_00946,0.0037802844308316
423,6,3,4,2311,Fibroblast,Macrophage,SERPINE1,PLAUR,CommuSpace_HS_06869,0.0035899190697818
423,7,3,4,2670,Fibroblast,Macrophage,VEGFA,CD44,CommuSpace_HS_07694,0.0031219883821904
423,8,4,4,351,Macrophage,Macrophage,CCL2,CCR1,CommuSpace_HS_00946,0.0030591641552746
423,9,1,8,583,Endothelial,T cell,COL4A1,CD44,CommuSpace_HS_01729,0.003038136055693
423,10,3,4,2530,Fibroblast,Macrophage,THY1,ITGAX,CommuSpace_HS_07427,0.0029300171881914
424,1,4,4,1359,Macrophage,Macrophage,GNAI2,C5AR1,CommuSpace_HS_03953,0.0051916828379035
424,2,3,8,583,Fibroblast,T cell,COL4A1,CD44,CommuSpace_HS_01729,0.0048420154489576
424,3,3,8,2670,Fibroblast,T cell,VEGFA,CD44,CommuSpace_HS_07694,0.0046515031717717
424,4,3,8,2541,Fibroblast,T cell,TIMP2,CD44,CommuSpace_HS_07444,0.0043154377490282
424,5,3,4,351,Fibroblast,Macrophage,CCL2,CCR1,CommuSpace_HS_00946,0.0037802844308316
424,6,3,4,2311,Fibroblast,Macrophage,SERPINE1,PLAUR,CommuSpace_HS_06869,0.0035899190697818
424,7,3,4,2670,Fibroblast,Macrophage,VEGFA,CD44,CommuSpace_HS_07694,0.0031219883821904
424,8,4,4,351,Macrophage,Macrophage,CCL2,CCR1,CommuSpace_HS_00946,0.0030591641552746
424,9,1,8,583,Endothelial,T cell,COL4A1,CD44,CommuSpace_HS_01729,0.003038136055693
424,10,3,4,2530,Fibroblast,Macrophage,THY1,ITGAX,CommuSpace_HS_07427,0.0029300171881914
425,1,4,4,1359,Macrophage,Macrophage,GNAI2,C5AR1,CommuSpace_HS_03953,0.0051917685195803
425,2,3,8,583,Fibroblast,T cell,COL4A1,CD44,CommuSpace_HS_01729,0.0048420159146189
425,3,3,8,2670,Fibroblast,T cell,VEGFA,CD44,CommuSpace_HS_07694,0.0046515115536749
425,4,3,8,2541,Fibroblast,T cell,TIMP2,CD44,CommuSpace_HS_07444,0.0043154382146894
425,5,3,4,351,Fibroblast,Macrophage,CCL2,CCR1,CommuSpace_HS_00946,0.0037802385631948
425,6,3,4,2311,Fibroblast,Macrophage,SERPINE1,PLAUR,CommuSpace_HS_06869,0.0035898454952985
425,7,3,4,2670,Fibroblast,Macrophage,VEGFA,CD44,CommuSpace_HS_07694,0.0031220051459968
425,8,4,4,351,Macrophage,Macrophage,CCL2,CCR1,CommuSpace_HS_00946,0.0030592053662985
425,9,1,8,583,Endothelial,T cell,COL4A1,CD44,CommuSpace_HS_01729,0.003027350641787
425,10,3,4,2530,Fibroblast,Macrophage,THY1,ITGAX,CommuSpace_HS_07427,0.0029294220730662
426,1,4,4,1359,Macrophage,Macrophage,GNAI2,C5AR1,CommuSpace_HS_03953,0.0051916828379035
426,2,3,8,583,Fibroblast,T cell,COL4A1,CD44,CommuSpace_HS_01729,0.0048420154489576
426,3,3,8,2670,Fibroblast,T cell,VEGFA,CD44,CommuSpace_HS_07694,0.0046515031717717
426,4,3,8,2541,Fibroblast,T cell,TIMP2,CD44,CommuSpace_HS_07444,0.0043154377490282
426,5,3,4,351,Fibroblast,Macrophage,CCL2,CCR1,CommuSpace_HS_00946,0.0037802844308316
426,6,3,4,2311,Fibroblast,Macrophage,SERPINE1,PLAUR,CommuSpace_HS_06869,0.0035899190697818
426,7,3,4,2670,Fibroblast,Macrophage,VEGFA,CD44,CommuSpace_HS_07694,0.0031219883821904
426,8,4,4,351,Macrophage,Macrophage,CCL2,CCR1,CommuSpace_HS_00946,0.0030591641552746
426,9,1,8,583,Endothelial,T cell,COL4A1,CD44,CommuSpace_HS_01729,0.003038136055693
426,10,3,4,2530,Fibroblast,Macrophage,THY1,ITGAX,CommuSpace_HS_07427,0.0029300171881914
427,1,4,4,1359,Macrophage,Macrophage,GNAI2,C5AR1,CommuSpace_HS_03953,0.0051916833035647
427,2,3,8,583,Fibroblast,T cell,COL4A1,CD44,CommuSpace_HS_01729,0.0048420159146189
427,3,3,8,2670,Fibroblast,T cell,VEGFA,CD44,CommuSpace_HS_07694,0.004651503637433
427,4,3,8,2541,Fibroblast,T cell,TIMP2,CD44,CommuSpace_HS_07444,0.0043154377490282
427,5,3,4,351,Fibroblast,Macrophage,CCL2,CCR1,CommuSpace_HS_00946,0.0037802846636623
427,6,3,4,2311,Fibroblast,Macrophage,SERPINE1,PLAUR,CommuSpace_HS_06869,0.0035899190697818
427,7,3,4,2670,Fibroblast,Macrophage,VEGFA,CD44,CommuSpace_HS_07694,0.0031219886150211
427,8,4,4,351,Macrophage,Macrophage,CCL2,CCR1,CommuSpace_HS_00946,0.0030591641552746
427,9,1,8,583,Endothelial,T cell,COL4A1,CD44,CommuSpace_HS_01729,0.0030381362885236
427,10,3,4,2530,Fibroblast,Macrophage,THY1,ITGAX,CommuSpace_HS_07427,0.002930017421022
428,1,4,4,1359,Macrophage,Macrophage,GNAI2,C5AR1,CommuSpace_HS_03953,0.0051916833035647
428,2,3,8,583,Fibroblast,T cell,COL4A1,CD44,CommuSpace_HS_01729,0.0048420159146189
428,3,3,8,2670,Fibroblast,T cell,VEGFA,CD44,CommuSpace_HS_07694,0.004651503637433
428,4,3,8,2541,Fibroblast,T cell,TIMP2,CD44,CommuSpace_HS_07444,0.0043154377490282
428,5,3,4,351,Fibroblast,Macrophage,CCL2,CCR1,CommuSpace_HS_00946,0.0037802846636623
428,6,3,4,2311,Fibroblast,Macrophage,SERPINE1,PLAUR,CommuSpace_HS_06869,0.0035899190697818
428,7,3,4,2670,Fibroblast,Macrophage,VEGFA,CD44,CommuSpace_HS_07694,0.0031219886150211
428,8,4,4,351,Macrophage,Macrophage,CCL2,CCR1,CommuSpace_HS_00946,0.0030591641552746
428,9,1,8,583,Endothelial,T cell,COL4A1,CD44,CommuSpace_HS_01729,0.0030381362885236
428,10,3,4,2530,Fibroblast,Macrophage,THY1,ITGAX,CommuSpace_HS_07427,0.002930017421022
429,1,4,4,1359,Macrophage,Macrophage,GNAI2,C5AR1,CommuSpace_HS_03953,0.0051916833035647
429,2,3,8,583,Fibroblast,T cell,COL4A1,CD44,CommuSpace_HS_01729,0.0048420159146189
429,3,3,8,2670,Fibroblast,T cell,VEGFA,CD44,CommuSpace_HS_07694,0.004651503637433
429,4,3,8,2541,Fibroblast,T cell,TIMP2,CD44,CommuSpace_HS_07444,0.0043154377490282
429,5,3,4,351,Fibroblast,Macrophage,CCL2,CCR1,CommuSpace_HS_00946,0.0037802846636623
429,6,3,4,2311,Fibroblast,Macrophage,SERPINE1,PLAUR,CommuSpace_HS_06869,0.0035899190697818
429,7,3,4,2670,Fibroblast,Macrophage,VEGFA,CD44,CommuSpace_HS_07694,0.0031219886150211
429,8,4,4,351,Macrophage,Macrophage,CCL2,CCR1,CommuSpace_HS_00946,0.0030591641552746
429,9,1,8,583,Endothelial,T cell,COL4A1,CD44,CommuSpace_HS_01729,0.0030381362885236
429,10,3,4,2530,Fibroblast,Macrophage,THY1,ITGAX,CommuSpace_HS_07427,0.002930017421022
430,1,4,4,1359,Macrophage,Macrophage,GNAI2,C5AR1,CommuSpace_HS_03953,0.0051916833035647
430,2,3,8,583,Fibroblast,T cell,COL4A1,CD44,CommuSpace_HS_01729,0.0048420159146189
430,3,3,8,2670,Fibroblast,T cell,VEGFA,CD44,CommuSpace_HS_07694,0.004651503637433
430,4,3,8,2541,Fibroblast,T cell,TIMP2,CD44,CommuSpace_HS_07444,0.0043154377490282
430,5,3,4,351,Fibroblast,Macrophage,CCL2,CCR1,CommuSpace_HS_00946,0.0037802846636623
430,6,3,4,2311,Fibroblast,Macrophage,SERPINE1,PLAUR,CommuSpace_HS_06869,0.0035899190697818
430,7,3,4,2670,Fibroblast,Macrophage,VEGFA,CD44,CommuSpace_HS_07694,0.0031219886150211
430,8,4,4,351,Macrophage,Macrophage,CCL2,CCR1,CommuSpace_HS_00946,0.0030591641552746
430,9,1,8,583,Endothelial,T cell,COL4A1,CD44,CommuSpace_HS_01729,0.0030381362885236
430,10,3,4,2530,Fibroblast,Macrophage,THY1,ITGAX,CommuSpace_HS_07427,0.002930017421022
431,1,4,4,1359,Macrophage,Macrophage,GNAI2,C5AR1,CommuSpace_HS_03953,0.0051916833035647
431,2,3,8,583,Fibroblast,T cell,COL4A1,CD44,CommuSpace_HS_01729,0.0048420159146189
431,3,3,8,2670,Fibroblast,T cell,VEGFA,CD44,CommuSpace_HS_07694,0.004651503637433
431,4,3,8,2541,Fibroblast,T cell,TIMP2,CD44,CommuSpace_HS_07444,0.0043154377490282
431,5,3,4,351,Fibroblast,Macrophage,CCL2,CCR1,CommuSpace_HS_00946,0.0037802846636623
431,6,3,4,2311,Fibroblast,Macrophage,SERPINE1,PLAUR,CommuSpace_HS_06869,0.0035899190697818
431,7,3,4,2670,Fibroblast,Macrophage,VEGFA,CD44,CommuSpace_HS_07694,0.0031219886150211
431,8,4,4,351,Macrophage,Macrophage,CCL2,CCR1,CommuSpace_HS_00946,0.0030591641552746
431,9,1,8,583,Endothelial,T cell,COL4A1,CD44,CommuSpace_HS_01729,0.0030381362885236
431,10,3,4,2530,Fibroblast,Macrophage,THY1,ITGAX,CommuSpace_HS_07427,0.002930017421022
432,1,4,4,1359,Macrophage,Macrophage,GNAI2,C5AR1,CommuSpace_HS_03953,0.0051916833035647
432,2,3,8,583,Fibroblast,T cell,COL4A1,CD44,CommuSpace_HS_01729,0.0048420159146189
432,3,3,8,2670,Fibroblast,T cell,VEGFA,CD44,CommuSpace_HS_07694,0.004651503637433
432,4,3,8,2541,Fibroblast,T cell,TIMP2,CD44,CommuSpace_HS_07444,0.0043154377490282
432,5,3,4,351,Fibroblast,Macrophage,CCL2,CCR1,CommuSpace_HS_00946,0.0037802846636623
432,6,3,4,2311,Fibroblast,Macrophage,SERPINE1,PLAUR,CommuSpace_HS_06869,0.0035899190697818
432,7,3,4,2670,Fibroblast,Macrophage,VEGFA,CD44,CommuSpace_HS_07694,0.0031219886150211
432,8,4,4,351,Macrophage,Macrophage,CCL2,CCR1,CommuSpace_HS_00946,0.0030591641552746
432,9,1,8,583,Endothelial,T cell,COL4A1,CD44,CommuSpace_HS_01729,0.0030381362885236
432,10,3,4,2530,Fibroblast,Macrophage,THY1,ITGAX,CommuSpace_HS_07427,0.002930017421022
433,1,4,4,1359,Macrophage,Macrophage,GNAI2,C5AR1,CommuSpace_HS_03953,0.0051916833035647
433,2,3,8,583,Fibroblast,T cell,COL4A1,CD44,CommuSpace_HS_01729,0.0048420159146189
433,3,3,8,2670,Fibroblast,T cell,VEGFA,CD44,CommuSpace_HS_07694,0.004651503637433
433,4,3,8,2541,Fibroblast,T cell,TIMP2,CD44,CommuSpace_HS_07444,0.0043154377490282
433,5,3,4,351,Fibroblast,Macrophage,CCL2,CCR1,CommuSpace_HS_00946,0.0037802846636623
433,6,3,4,2311,Fibroblast,Macrophage,SERPINE1,PLAUR,CommuSpace_HS_06869,0.0035899190697818
433,7,3,4,2670,Fibroblast,Macrophage,VEGFA,CD44,CommuSpace_HS_07694,0.0031219886150211
433,8,4,4,351,Macrophage,Macrophage,CCL2,CCR1,CommuSpace_HS_00946,0.0030591641552746
433,9,1,8,583,Endothelial,T cell,COL4A1,CD44,CommuSpace_HS_01729,0.0030381362885236
433,10,3,4,2530,Fibroblast,Macrophage,THY1,ITGAX,CommuSpace_HS_07427,0.002930017421022
434,1,4,4,1359,Macrophage,Macrophage,GNAI2,C5AR1,CommuSpace_HS_03953,0.0051916833035647
434,2,3,8,583,Fibroblast,T cell,COL4A1,CD44,CommuSpace_HS_01729,0.0048420159146189
434,3,3,8,2670,Fibroblast,T cell,VEGFA,CD44,CommuSpace_HS_07694,0.004651503637433
434,4,3,8,2541,Fibroblast,T cell,TIMP2,CD44,CommuSpace_HS_07444,0.0043154377490282
434,5,3,4,351,Fibroblast,Macrophage,CCL2,CCR1,CommuSpace_HS_00946,0.0037802846636623
434,6,3,4,2311,Fibroblast,Macrophage,SERPINE1,PLAUR,CommuSpace_HS_06869,0.0035899190697818
434,7,3,4,2670,Fibroblast,Macrophage,VEGFA,CD44,CommuSpace_HS_07694,0.0031219886150211
434,8,4,4,351,Macrophage,Macrophage,CCL2,CCR1,CommuSpace_HS_00946,0.0030591641552746
434,9,1,8,583,Endothelial,T cell,COL4A1,CD44,CommuSpace_HS_01729,0.0030381362885236
434,10,3,4,2530,Fibroblast,Macrophage,THY1,ITGAX,CommuSpace_HS_07427,0.002930017421022
435,1,4,4,1359,Macrophage,Macrophage,GNAI2,C5AR1,CommuSpace_HS_03953,0.0051916833035647
435,2,3,8,583,Fibroblast,T cell,COL4A1,CD44,CommuSpace_HS_01729,0.0048420159146189
435,3,3,8,2670,Fibroblast,T cell,VEGFA,CD44,CommuSpace_HS_07694,0.004651503637433
435,4,3,8,2541,Fibroblast,T cell,TIMP2,CD44,CommuSpace_HS_07444,0.0043154377490282
435,5,3,4,351,Fibroblast,Macrophage,CCL2,CCR1,CommuSpace_HS_00946,0.0037802846636623
435,6,3,4,2311,Fibroblast,Macrophage,SERPINE1,PLAUR,CommuSpace_HS_06869,0.0035899190697818
435,7,3,4,2670,Fibroblast,Macrophage,VEGFA,CD44,CommuSpace_HS_07694,0.0031219886150211
435,8,4,4,351,Macrophage,Macrophage,CCL2,CCR1,CommuSpace_HS_00946,0.0030591641552746
435,9,1,8,583,Endothelial,T cell,COL4A1,CD44,CommuSpace_HS_01729,0.0030381362885236
435,10,3,4,2530,Fibroblast,Macrophage,THY1,ITGAX,CommuSpace_HS_07427,0.002930017421022
436,1,4,4,1359,Macrophage,Macrophage,GNAI2,C5AR1,CommuSpace_HS_03953,0.0051916833035647
436,2,3,8,583,Fibroblast,T cell,COL4A1,CD44,CommuSpace_HS_01729,0.0048420159146189
436,3,3,8,2670,Fibroblast,T cell,VEGFA,CD44,CommuSpace_HS_07694,0.004651503637433
436,4,3,8,2541,Fibroblast,T cell,TIMP2,CD44,CommuSpace_HS_07444,0.0043154377490282
436,5,3,4,351,Fibroblast,Macrophage,CCL2,CCR1,CommuSpace_HS_00946,0.0037802846636623
436,6,3,4,2311,Fibroblast,Macrophage,SERPINE1,PLAUR,CommuSpace_HS_06869,0.0035899190697818
436,7,3,4,2670,Fibroblast,Macrophage,VEGFA,CD44,CommuSpace_HS_07694,0.0031219886150211
436,8,4,4,351,Macrophage,Macrophage,CCL2,CCR1,CommuSpace_HS_00946,0.0030591641552746
436,9,1,8,583,Endothelial,T cell,COL4A1,CD44,CommuSpace_HS_01729,0.0030381362885236
436,10,3,4,2530,Fibroblast,Macrophage,THY1,ITGAX,CommuSpace_HS_07427,0.002930017421022
437,1,4,4,1359,Macrophage,Macrophage,GNAI2,C5AR1,CommuSpace_HS_03953,0.0051916833035647
437,2,3,8,583,Fibroblast,T cell,COL4A1,CD44,CommuSpace_HS_01729,0.0048420159146189
437,3,3,8,2670,Fibroblast,T cell,VEGFA,CD44,CommuSpace_HS_07694,0.004651503637433
437,4,3,8,2541,Fibroblast,T cell,TIMP2,CD44,CommuSpace_HS_07444,0.0043154377490282
437,5,3,4,351,Fibroblast,Macrophage,CCL2,CCR1,CommuSpace_HS_00946,0.0037802846636623
437,6,3,4,2311,Fibroblast,Macrophage,SERPINE1,PLAUR,CommuSpace_HS_06869,0.0035899190697818
437,7,3,4,2670,Fibroblast,Macrophage,VEGFA,CD44,CommuSpace_HS_07694,0.0031219886150211
437,8,4,4,351,Macrophage,Macrophage,CCL2,CCR1,CommuSpace_HS_00946,0.0030591641552746
437,9,1,8,583,Endothelial,T cell,COL4A1,CD44,CommuSpace_HS_01729,0.0030381362885236
437,10,3,4,2530,Fibroblast,Macrophage,THY1,ITGAX,CommuSpace_HS_07427,0.002930017421022
438,1,4,4,1359,Macrophage,Macrophage,GNAI2,C5AR1,CommuSpace_HS_03953,0.0051916833035647
438,2,3,8,583,Fibroblast,T cell,COL4A1,CD44,CommuSpace_HS_01729,0.0048420159146189
438,3,3,8,2670,Fibroblast,T cell,VEGFA,CD44,CommuSpace_HS_07694,0.004651503637433
438,4,3,8,2541,Fibroblast,T cell,TIMP2,CD44,CommuSpace_HS_07444,0.0043154377490282
438,5,3,4,351,Fibroblast,Macrophage,CCL2,CCR1,CommuSpace_HS_00946,0.0037802846636623
438,6,3,4,2311,Fibroblast,Macrophage,SERPINE1,PLAUR,CommuSpace_HS_06869,0.0035899190697818
438,7,3,4,2670,Fibroblast,Macrophage,VEGFA,CD44,CommuSpace_HS_07694,0.0031219886150211
438,8,4,4,351,Macrophage,Macrophage,CCL2,CCR1,CommuSpace_HS_00946,0.0030591641552746
438,9,1,8,583,Endothelial,T cell,COL4A1,CD44,CommuSpace_HS_01729,0.0030381362885236
438,10,3,4,2530,Fibroblast,Macrophage,THY1,ITGAX,CommuSpace_HS_07427,0.002930017421022
439,1,4,4,1359,Macrophage,Macrophage,GNAI2,C5AR1,CommuSpace_HS_03953,0.0051916833035647
439,2,3,8,583,Fibroblast,T cell,COL4A1,CD44,CommuSpace_HS_01729,0.0048420159146189
439,3,3,8,2670,Fibroblast,T cell,VEGFA,CD44,CommuSpace_HS_07694,0.004651503637433
439,4,3,8,2541,Fibroblast,T cell,TIMP2,CD44,CommuSpace_HS_07444,0.0043154377490282
439,5,3,4,351,Fibroblast,Macrophage,CCL2,CCR1,CommuSpace_HS_00946,0.0037802846636623
439,6,3,4,2311,Fibroblast,Macrophage,SERPINE1,PLAUR,CommuSpace_HS_06869,0.0035899190697818
439,7,3,4,2670,Fibroblast,Macrophage,VEGFA,CD44,CommuSpace_HS_07694,0.0031219886150211
439,8,4,4,351,Macrophage,Macrophage,CCL2,CCR1,CommuSpace_HS_00946,0.0030591641552746
439,9,1,8,583,Endothelial,T cell,COL4A1,CD44,CommuSpace_HS_01729,0.0030381362885236
439,10,3,4,2530,Fibroblast,Macrophage,THY1,ITGAX,CommuSpace_HS_07427,0.002930017421022
440,1,4,4,1359,Macrophage,Macrophage,GNAI2,C5AR1,CommuSpace_HS_03953,0.0051916833035647
440,2,3,8,583,Fibroblast,T cell,COL4A1,CD44,CommuSpace_HS_01729,0.0048420159146189
440,3,3,8,2670,Fibroblast,T cell,VEGFA,CD44,CommuSpace_HS_07694,0.004651503637433
440,4,3,8,2541,Fibroblast,T cell,TIMP2,CD44,CommuSpace_HS_07444,0.0043154377490282
440,5,3,4,351,Fibroblast,Macrophage,CCL2,CCR1,CommuSpace_HS_00946,0.0037802846636623
440,6,3,4,2311,Fibroblast,Macrophage,SERPINE1,PLAUR,CommuSpace_HS_06869,0.0035899190697818
440,7,3,4,2670,Fibroblast,Macrophage,VEGFA,CD44,CommuSpace_HS_07694,0.0031219886150211
440,8,4,4,351,Macrophage,Macrophage,CCL2,CCR1,CommuSpace_HS_00946,0.0030591641552746
440,9,1,8,583,Endothelial,T cell,COL4A1,CD44,CommuSpace_HS_01729,0.0030381362885236
440,10,3,4,2530,Fibroblast,Macrophage,THY1,ITGAX,CommuSpace_HS_07427,0.002930017421022
441,1,4,4,1359,Macrophage,Macrophage,GNAI2,C5AR1,CommuSpace_HS_03953,0.0051916833035647
441,2,3,8,583,Fibroblast,T cell,COL4A1,CD44,CommuSpace_HS_01729,0.0048420159146189
441,3,3,8,2670,Fibroblast,T cell,VEGFA,CD44,CommuSpace_HS_07694,0.004651503637433
441,4,3,8,2541,Fibroblast,T cell,TIMP2,CD44,CommuSpace_HS_07444,0.0043154377490282
441,5,3,4,351,Fibroblast,Macrophage,CCL2,CCR1,CommuSpace_HS_00946,0.0037802846636623
441,6,3,4,2311,Fibroblast,Macrophage,SERPINE1,PLAUR,CommuSpace_HS_06869,0.0035899190697818
441,7,3,4,2670,Fibroblast,Macrophage,VEGFA,CD44,CommuSpace_HS_07694,0.0031219886150211
441,8,4,4,351,Macrophage,Macrophage,CCL2,CCR1,CommuSpace_HS_00946,0.0030591641552746
441,9,1,8,583,Endothelial,T cell,COL4A1,CD44,CommuSpace_HS_01729,0.0030381362885236
441,10,3,4,2530,Fibroblast,Macrophage,THY1,ITGAX,CommuSpace_HS_07427,0.002930017421022
442,1,4,4,1359,Macrophage,Macrophage,GNAI2,C5AR1,CommuSpace_HS_03953,0.0051916833035647
442,2,3,8,583,Fibroblast,T cell,COL4A1,CD44,CommuSpace_HS_01729,0.0048420159146189
442,3,3,8,2670,Fibroblast,T cell,VEGFA,CD44,CommuSpace_HS_07694,0.004651503637433
442,4,3,8,2541,Fibroblast,T cell,TIMP2,CD44,CommuSpace_HS_07444,0.0043154377490282
442,5,3,4,351,Fibroblast,Macrophage,CCL2,CCR1,CommuSpace_HS_00946,0.0037802846636623
442,6,3,4,2311,Fibroblast,Macrophage,SERPINE1,PLAUR,CommuSpace_HS_06869,0.0035899190697818
442,7,3,4,2670,Fibroblast,Macrophage,VEGFA,CD44,CommuSpace_HS_07694,0.0031219886150211
442,8,4,4,351,Macrophage,Macrophage,CCL2,CCR1,CommuSpace_HS_00946,0.0030591641552746
442,9,1,8,583,Endothelial,T cell,COL4A1,CD44,CommuSpace_HS_01729,0.0030381362885236
442,10,3,4,2530,Fibroblast,Macrophage,THY1,ITGAX,CommuSpace_HS_07427,0.002930017421022
443,1,4,4,1359,Macrophage,Macrophage,GNAI2,C5AR1,CommuSpace_HS_03953,0.0051916833035647
443,2,3,8,583,Fibroblast,T cell,COL4A1,CD44,CommuSpace_HS_01729,0.0048420159146189
443,3,3,8,2670,Fibroblast,T cell,VEGFA,CD44,CommuSpace_HS_07694,0.004651503637433
443,4,3,8,2541,Fibroblast,T cell,TIMP2,CD44,CommuSpace_HS_07444,0.0043154377490282
443,5,3,4,351,Fibroblast,Macrophage,CCL2,CCR1,CommuSpace_HS_00946,0.0037802846636623
443,6,3,4,2311,Fibroblast,Macrophage,SERPINE1,PLAUR,CommuSpace_HS_06869,0.0035899190697818
443,7,3,4,2670,Fibroblast,Macrophage,VEGFA,CD44,CommuSpace_HS_07694,0.0031219886150211
443,8,4,4,351,Macrophage,Macrophage,CCL2,CCR1,CommuSpace_HS_00946,0.0030591641552746
443,9,1,8,583,Endothelial,T cell,COL4A1,CD44,CommuSpace_HS_01729,0.0030381362885236
443,10,3,4,2530,Fibroblast,Macrophage,THY1,ITGAX,CommuSpace_HS_07427,0.002930017421022
444,1,4,4,1359,Macrophage,Macrophage,GNAI2,C5AR1,CommuSpace_HS_03953,0.0051916833035647
444,2,3,8,583,Fibroblast,T cell,COL4A1,CD44,CommuSpace_HS_01729,0.0048420159146189
444,3,3,8,2670,Fibroblast,T cell,VEGFA,CD44,CommuSpace_HS_07694,0.004651503637433
444,4,3,8,2541,Fibroblast,T cell,TIMP2,CD44,CommuSpace_HS_07444,0.0043154377490282
444,5,3,4,351,Fibroblast,Macrophage,CCL2,CCR1,CommuSpace_HS_00946,0.0037802846636623
444,6,3,4,2311,Fibroblast,Macrophage,SERPINE1,PLAUR,CommuSpace_HS_06869,0.0035899190697818
444,7,3,4,2670,Fibroblast,Macrophage,VEGFA,CD44,CommuSpace_HS_07694,0.0031219886150211
444,8,4,4,351,Macrophage,Macrophage,CCL2,CCR1,CommuSpace_HS_00946,0.0030591641552746
444,9,1,8,583,Endothelial,T cell,COL4A1,CD44,CommuSpace_HS_01729,0.0030381362885236
444,10,3,4,2530,Fibroblast,Macrophage,THY1,ITGAX,CommuSpace_HS_07427,0.002930017421022
445,1,4,4,1359,Macrophage,Macrophage,GNAI2,C5AR1,CommuSpace_HS_03953,0.0051916833035647
445,2,3,8,583,Fibroblast,T cell,COL4A1,CD44,CommuSpace_HS_01729,0.0048420159146189
445,3,3,8,2670,Fibroblast,T cell,VEGFA,CD44,CommuSpace_HS_07694,0.004651503637433
445,4,3,8,2541,Fibroblast,T cell,TIMP2,CD44,CommuSpace_HS_07444,0.0043154377490282
445,5,3,4,351,Fibroblast,Macrophage,CCL2,CCR1,CommuSpace_HS_00946,0.0037802846636623
445,6,3,4,2311,Fibroblast,Macrophage,SERPINE1,PLAUR,CommuSpace_HS_06869,0.0035899190697818
445,7,3,4,2670,Fibroblast,Macrophage,VEGFA,CD44,CommuSpace_HS_07694,0.0031219886150211
445,8,4,4,351,Macrophage,Macrophage,CCL2,CCR1,CommuSpace_HS_00946,0.0030591641552746
445,9,1,8,583,Endothelial,T cell,COL4A1,CD44,CommuSpace_HS_01729,0.0030381362885236
445,10,3,4,2530,Fibroblast,Macrophage,THY1,ITGAX,CommuSpace_HS_07427,0.002930017421022
446,1,4,4,1359,Macrophage,Macrophage,GNAI2,C5AR1,CommuSpace_HS_03953,0.0051916833035647
446,2,3,8,583,Fibroblast,T cell,COL4A1,CD44,CommuSpace_HS_01729,0.0048420159146189
446,3,3,8,2670,Fibroblast,T cell,VEGFA,CD44,CommuSpace_HS_07694,0.004651503637433
446,4,3,8,2541,Fibroblast,T cell,TIMP2,CD44,CommuSpace_HS_07444,0.0043154377490282
446,5,3,4,351,Fibroblast,Macrophage,CCL2,CCR1,CommuSpace_HS_00946,0.0037802846636623
446,6,3,4,2311,Fibroblast,Macrophage,SERPINE1,PLAUR,CommuSpace_HS_06869,0.0035899190697818
446,7,3,4,2670,Fibroblast,Macrophage,VEGFA,CD44,CommuSpace_HS_07694,0.0031219886150211
446,8,4,4,351,Macrophage,Macrophage,CCL2,CCR1,CommuSpace_HS_00946,0.0030591641552746
446,9,1,8,583,Endothelial,T cell,COL4A1,CD44,CommuSpace_HS_01729,0.0030381362885236
446,10,3,4,2530,Fibroblast,Macrophage,THY1,ITGAX,CommuSpace_HS_07427,0.002930017421022
447,1,4,4,1359,Macrophage,Macrophage,GNAI2,C5AR1,CommuSpace_HS_03953,0.0051916833035647
447,2,3,8,583,Fibroblast,T cell,COL4A1,CD44,CommuSpace_HS_01729,0.0048420159146189
447,3,3,8,2670,Fibroblast,T cell,VEGFA,CD44,CommuSpace_HS_07694,0.004651503637433
447,4,3,8,2541,Fibroblast,T cell,TIMP2,CD44,CommuSpace_HS_07444,0.0043154377490282
447,5,3,4,351,Fibroblast,Macrophage,CCL2,CCR1,CommuSpace_HS_00946,0.0037802846636623
447,6,3,4,2311,Fibroblast,Macrophage,SERPINE1,PLAUR,CommuSpace_HS_06869,0.0035899190697818
447,7,3,4,2670,Fibroblast,Macrophage,VEGFA,CD44,CommuSpace_HS_07694,0.0031219886150211
447,8,4,4,351,Macrophage,Macrophage,CCL2,CCR1,CommuSpace_HS_00946,0.0030591641552746
447,9,1,8,583,Endothelial,T cell,COL4A1,CD44,CommuSpace_HS_01729,0.0030381362885236
447,10,3,4,2530,Fibroblast,Macrophage,THY1,ITGAX,CommuSpace_HS_07427,0.002930017421022
448,1,4,4,1359,Macrophage,Macrophage,GNAI2,C5AR1,CommuSpace_HS_03953,0.0051916833035647
448,2,3,8,583,Fibroblast,T cell,COL4A1,CD44,CommuSpace_HS_01729,0.0048420159146189
448,3,3,8,2670,Fibroblast,T cell,VEGFA,CD44,CommuSpace_HS_07694,0.004651503637433
448,4,3,8,2541,Fibroblast,T cell,TIMP2,CD44,CommuSpace_HS_07444,0.0043154377490282
448,5,3,4,351,Fibroblast,Macrophage,CCL2,CCR1,CommuSpace_HS_00946,0.0037802846636623
448,6,3,4,2311,Fibroblast,Macrophage,SERPINE1,PLAUR,CommuSpace_HS_06869,0.0035899190697818
448,7,3,4,2670,Fibroblast,Macrophage,VEGFA,CD44,CommuSpace_HS_07694,0.0031219886150211
448,8,4,4,351,Macrophage,Macrophage,CCL2,CCR1,CommuSpace_HS_00946,0.0030591641552746
448,9,1,8,583,Endothelial,T cell,COL4A1,CD44,CommuSpace_HS_01729,0.0030381362885236
448,10,3,4,2530,Fibroblast,Macrophage,THY1,ITGAX,CommuSpace_HS_07427,0.002930017421022
449,1,4,4,1359,Macrophage,Macrophage,GNAI2,C5AR1,CommuSpace_HS_03953,0.0051916833035647
449,2,3,8,583,Fibroblast,T cell,COL4A1,CD44,CommuSpace_HS_01729,0.0048420159146189
449,3,3,8,2670,Fibroblast,T cell,VEGFA,CD44,CommuSpace_HS_07694,0.004651503637433
449,4,3,8,2541,Fibroblast,T cell,TIMP2,CD44,CommuSpace_HS_07444,0.0043154377490282
449,5,3,4,351,Fibroblast,Macrophage,CCL2,CCR1,CommuSpace_HS_00946,0.0037802846636623
449,6,3,4,2311,Fibroblast,Macrophage,SERPINE1,PLAUR,CommuSpace_HS_06869,0.0035899190697818
449,7,3,4,2670,Fibroblast,Macrophage,VEGFA,CD44,CommuSpace_HS_07694,0.0031219886150211
449,8,4,4,351,Macrophage,Macrophage,CCL2,CCR1,CommuSpace_HS_00946,0.0030591641552746
449,9,1,8,583,Endothelial,T cell,COL4A1,CD44,CommuSpace_HS_01729,0.0030381362885236
449,10,3,4,2530,Fibroblast,Macrophage,THY1,ITGAX,CommuSpace_HS_07427,0.002930017421022
450,1,4,4,1359,Macrophage,Macrophage,GNAI2,C5AR1,CommuSpace_HS_03953,0.0051916833035647
450,2,3,8,583,Fibroblast,T cell,COL4A1,CD44,CommuSpace_HS_01729,0.0048420159146189
450,3,3,8,2670,Fibroblast,T cell,VEGFA,CD44,CommuSpace_HS_07694,0.004651503637433
450,4,3,8,2541,Fibroblast,T cell,TIMP2,CD44,CommuSpace_HS_07444,0.0043154377490282
450,5,3,4,351,Fibroblast,Macrophage,CCL2,CCR1,CommuSpace_HS_00946,0.0037802846636623
450,6,3,4,2311,Fibroblast,Macrophage,SERPINE1,PLAUR,CommuSpace_HS_06869,0.0035899190697818
450,7,3,4,2670,Fibroblast,Macrophage,VEGFA,CD44,CommuSpace_HS_07694,0.0031219886150211
450,8,4,4,351,Macrophage,Macrophage,CCL2,CCR1,CommuSpace_HS_00946,0.0030591641552746
450,9,1,8,583,Endothelial,T cell,COL4A1,CD44,CommuSpace_HS_01729,0.0030381362885236
450,10,3,4,2530,Fibroblast,Macrophage,THY1,ITGAX,CommuSpace_HS_07427,0.002930017421022
451,1,4,4,1359,Macrophage,Macrophage,GNAI2,C5AR1,CommuSpace_HS_03953,0.0051916833035647
451,2,3,8,583,Fibroblast,T cell,COL4A1,CD44,CommuSpace_HS_01729,0.0048420159146189
451,3,3,8,2670,Fibroblast,T cell,VEGFA,CD44,CommuSpace_HS_07694,0.004651503637433
451,4,3,8,2541,Fibroblast,T cell,TIMP2,CD44,CommuSpace_HS_07444,0.0043154377490282
451,5,3,4,351,Fibroblast,Macrophage,CCL2,CCR1,CommuSpace_HS_00946,0.0037802846636623
451,6,3,4,2311,Fibroblast,Macrophage,SERPINE1,PLAUR,CommuSpace_HS_06869,0.0035899190697818
451,7,3,4,2670,Fibroblast,Macrophage,VEGFA,CD44,CommuSpace_HS_07694,0.0031219886150211
451,8,4,4,351,Macrophage,Macrophage,CCL2,CCR1,CommuSpace_HS_00946,0.0030591641552746
451,9,1,8,583,Endothelial,T cell,COL4A1,CD44,CommuSpace_HS_01729,0.0030381362885236
451,10,3,4,2530,Fibroblast,Macrophage,THY1,ITGAX,CommuSpace_HS_07427,0.002930017421022
452,1,4,4,1359,Macrophage,Macrophage,GNAI2,C5AR1,CommuSpace_HS_03953,0.0051916833035647
452,2,3,8,583,Fibroblast,T cell,COL4A1,CD44,CommuSpace_HS_01729,0.0048420159146189
452,3,3,8,2670,Fibroblast,T cell,VEGFA,CD44,CommuSpace_HS_07694,0.004651503637433
452,4,3,8,2541,Fibroblast,T cell,TIMP2,CD44,CommuSpace_HS_07444,0.0043154377490282
452,5,3,4,351,Fibroblast,Macrophage,CCL2,CCR1,CommuSpace_HS_00946,0.0037802846636623
452,6,3,4,2311,Fibroblast,Macrophage,SERPINE1,PLAUR,CommuSpace_HS_06869,0.0035899190697818
452,7,3,4,2670,Fibroblast,Macrophage,VEGFA,CD44,CommuSpace_HS_07694,0.0031219886150211
452,8,4,4,351,Macrophage,Macrophage,CCL2,CCR1,CommuSpace_HS_00946,0.0030591641552746
452,9,1,8,583,Endothelial,T cell,COL4A1,CD44,CommuSpace_HS_01729,0.0030381362885236
452,10,3,4,2530,Fibroblast,Macrophage,THY1,ITGAX,CommuSpace_HS_07427,0.002930017421022
453,1,4,4,1359,Macrophage,Macrophage,GNAI2,C5AR1,CommuSpace_HS_03953,0.0051916833035647
453,2,3,8,583,Fibroblast,T cell,COL4A1,CD44,CommuSpace_HS_01729,0.0048420159146189
453,3,3,8,2670,Fibroblast,T cell,VEGFA,CD44,CommuSpace_HS_07694,0.004651503637433
453,4,3,8,2541,Fibroblast,T cell,TIMP2,CD44,CommuSpace_HS_07444,0.0043154377490282
453,5,3,4,351,Fibroblast,Macrophage,CCL2,CCR1,CommuSpace_HS_00946,0.0037802846636623
453,6,3,4,2311,Fibroblast,Macrophage,SERPINE1,PLAUR,CommuSpace_HS_06869,0.0035899190697818
453,7,3,4,2670,Fibroblast,Macrophage,VEGFA,CD44,CommuSpace_HS_07694,0.0031219886150211
453,8,4,4,351,Macrophage,Macrophage,CCL2,CCR1,CommuSpace_HS_00946,0.0030591641552746
453,9,1,8,583,Endothelial,T cell,COL4A1,CD44,CommuSpace_HS_01729,0.0030381362885236
453,10,3,4,2530,Fibroblast,Macrophage,THY1,ITGAX,CommuSpace_HS_07427,0.002930017421022
454,1,4,4,1359,Macrophage,Macrophage,GNAI2,C5AR1,CommuSpace_HS_03953,0.0051916833035647
454,2,3,8,583,Fibroblast,T cell,COL4A1,CD44,CommuSpace_HS_01729,0.0048420159146189
454,3,3,8,2670,Fibroblast,T cell,VEGFA,CD44,CommuSpace_HS_07694,0.004651503637433
454,4,3,8,2541,Fibroblast,T cell,TIMP2,CD44,CommuSpace_HS_07444,0.0043154377490282
454,5,3,4,351,Fibroblast,Macrophage,CCL2,CCR1,CommuSpace_HS_00946,0.0037802846636623
454,6,3,4,2311,Fibroblast,Macrophage,SERPINE1,PLAUR,CommuSpace_HS_06869,0.0035899190697818
454,7,3,4,2670,Fibroblast,Macrophage,VEGFA,CD44,CommuSpace_HS_07694,0.0031219886150211
454,8,4,4,351,Macrophage,Macrophage,CCL2,CCR1,CommuSpace_HS_00946,0.0030591641552746
454,9,1,8,583,Endothelial,T cell,COL4A1,CD44,CommuSpace_HS_01729,0.0030381362885236
454,10,3,4,2530,Fibroblast,Macrophage,THY1,ITGAX,CommuSpace_HS_07427,0.002930017421022
455,1,4,4,1359,Macrophage,Macrophage,GNAI2,C5AR1,CommuSpace_HS_03953,0.0051916833035647
455,2,3,8,583,Fibroblast,T cell,COL4A1,CD44,CommuSpace_HS_01729,0.0048420159146189
455,3,3,8,2670,Fibroblast,T cell,VEGFA,CD44,CommuSpace_HS_07694,0.004651503637433
455,4,3,8,2541,Fibroblast,T cell,TIMP2,CD44,CommuSpace_HS_07444,0.0043154377490282
455,5,3,4,351,Fibroblast,Macrophage,CCL2,CCR1,CommuSpace_HS_00946,0.0037802846636623
455,6,3,4,2311,Fibroblast,Macrophage,SERPINE1,PLAUR,CommuSpace_HS_06869,0.0035899190697818
455,7,3,4,2670,Fibroblast,Macrophage,VEGFA,CD44,CommuSpace_HS_07694,0.0031219886150211
455,8,4,4,351,Macrophage,Macrophage,CCL2,CCR1,CommuSpace_HS_00946,0.0030591641552746
455,9,1,8,583,Endothelial,T cell,COL4A1,CD44,CommuSpace_HS_01729,0.0030381362885236
455,10,3,4,2530,Fibroblast,Macrophage,THY1,ITGAX,CommuSpace_HS_07427,0.002930017421022
456,1,4,4,1359,Macrophage,Macrophage,GNAI2,C5AR1,CommuSpace_HS_03953,0.0051916833035647
456,2,3,8,583,Fibroblast,T cell,COL4A1,CD44,CommuSpace_HS_01729,0.0048420159146189
456,3,3,8,2670,Fibroblast,T cell,VEGFA,CD44,CommuSpace_HS_07694,0.004651503637433
456,4,3,8,2541,Fibroblast,T cell,TIMP2,CD44,CommuSpace_HS_07444,0.0043154377490282
456,5,3,4,351,Fibroblast,Macrophage,CCL2,CCR1,CommuSpace_HS_00946,0.0037802846636623
456,6,3,4,2311,Fibroblast,Macrophage,SERPINE1,PLAUR,CommuSpace_HS_06869,0.0035899190697818
456,7,3,4,2670,Fibroblast,Macrophage,VEGFA,CD44,CommuSpace_HS_07694,0.0031219886150211
456,8,4,4,351,Macrophage,Macrophage,CCL2,CCR1,CommuSpace_HS_00946,0.0030591641552746
456,9,1,8,583,Endothelial,T cell,COL4A1,CD44,CommuSpace_HS_01729,0.0030381362885236
456,10,3,4,2530,Fibroblast,Macrophage,THY1,ITGAX,CommuSpace_HS_07427,0.002930017421022
457,1,4,4,1359,Macrophage,Macrophage,GNAI2,C5AR1,CommuSpace_HS_03953,0.0051916833035647
457,2,3,8,583,Fibroblast,T cell,COL4A1,CD44,CommuSpace_HS_01729,0.0048420159146189
457,3,3,8,2670,Fibroblast,T cell,VEGFA,CD44,CommuSpace_HS_07694,0.004651503637433
457,4,3,8,2541,Fibroblast,T cell,TIMP2,CD44,CommuSpace_HS_07444,0.0043154377490282
457,5,3,4,351,Fibroblast,Macrophage,CCL2,CCR1,CommuSpace_HS_00946,0.0037802846636623
457,6,3,4,2311,Fibroblast,Macrophage,SERPINE1,PLAUR,CommuSpace_HS_06869,0.0035899190697818
457,7,3,4,2670,Fibroblast,Macrophage,VEGFA,CD44,CommuSpace_HS_07694,0.0031219886150211
457,8,4,4,351,Macrophage,Macrophage,CCL2,CCR1,CommuSpace_HS_00946,0.0030591641552746
457,9,1,8,583,Endothelial,T cell,COL4A1,CD44,CommuSpace_HS_01729,0.0030381362885236
457,10,3,4,2530,Fibroblast,Macrophage,THY1,ITGAX,CommuSpace_HS_07427,0.002930017421022
458,1,4,4,1359,Macrophage,Macrophage,GNAI2,C5AR1,CommuSpace_HS_03953,0.0051916833035647
458,2,3,8,583,Fibroblast,T cell,COL4A1,CD44,CommuSpace_HS_01729,0.0048420159146189
458,3,3,8,2670,Fibroblast,T cell,VEGFA,CD44,CommuSpace_HS_07694,0.004651503637433
458,4,3,8,2541,Fibroblast,T cell,TIMP2,CD44,CommuSpace_HS_07444,0.0043154377490282
458,5,3,4,351,Fibroblast,Macrophage,CCL2,CCR1,CommuSpace_HS_00946,0.0037802846636623
458,6,3,4,2311,Fibroblast,Macrophage,SERPINE1,PLAUR,CommuSpace_HS_06869,0.0035899190697818
458,7,3,4,2670,Fibroblast,Macrophage,VEGFA,CD44,CommuSpace_HS_07694,0.0031219886150211
458,8,4,4,351,Macrophage,Macrophage,CCL2,CCR1,CommuSpace_HS_00946,0.0030591641552746
458,9,1,8,583,Endothelial,T cell,COL4A1,CD44,CommuSpace_HS_01729,0.0030381362885236
458,10,3,4,2530,Fibroblast,Macrophage,THY1,ITGAX,CommuSpace_HS_07427,0.002930017421022
459,1,4,4,1359,Macrophage,Macrophage,GNAI2,C5AR1,CommuSpace_HS_03953,0.0051916833035647
459,2,3,8,583,Fibroblast,T cell,COL4A1,CD44,CommuSpace_HS_01729,0.0048420159146189
459,3,3,8,2670,Fibroblast,T cell,VEGFA,CD44,CommuSpace_HS_07694,0.004651503637433
459,4,3,8,2541,Fibroblast,T cell,TIMP2,CD44,CommuSpace_HS_07444,0.0043154377490282
459,5,3,4,351,Fibroblast,Macrophage,CCL2,CCR1,CommuSpace_HS_00946,0.0037802846636623
459,6,3,4,2311,Fibroblast,Macrophage,SERPINE1,PLAUR,CommuSpace_HS_06869,0.0035899190697818
459,7,3,4,2670,Fibroblast,Macrophage,VEGFA,CD44,CommuSpace_HS_07694,0.0031219886150211
459,8,4,4,351,Macrophage,Macrophage,CCL2,CCR1,CommuSpace_HS_00946,0.0030591641552746
459,9,1,8,583,Endothelial,T cell,COL4A1,CD44,CommuSpace_HS_01729,0.0030381362885236
459,10,3,4,2530,Fibroblast,Macrophage,THY1,ITGAX,CommuSpace_HS_07427,0.002930017421022
460,1,4,4,1359,Macrophage,Macrophage,GNAI2,C5AR1,CommuSpace_HS_03953,0.0051916833035647
460,2,3,8,583,Fibroblast,T cell,COL4A1,CD44,CommuSpace_HS_01729,0.0048420159146189
460,3,3,8,2670,Fibroblast,T cell,VEGFA,CD44,CommuSpace_HS_07694,0.004651503637433
460,4,3,8,2541,Fibroblast,T cell,TIMP2,CD44,CommuSpace_HS_07444,0.0043154377490282
460,5,3,4,351,Fibroblast,Macrophage,CCL2,CCR1,CommuSpace_HS_00946,0.0037802846636623
460,6,3,4,2311,Fibroblast,Macrophage,SERPINE1,PLAUR,CommuSpace_HS_06869,0.0035899190697818
460,7,3,4,2670,Fibroblast,Macrophage,VEGFA,CD44,CommuSpace_HS_07694,0.0031219886150211
460,8,4,4,351,Macrophage,Macrophage,CCL2,CCR1,CommuSpace_HS_00946,0.0030591641552746
460,9,1,8,583,Endothelial,T cell,COL4A1,CD44,CommuSpace_HS_01729,0.0030381362885236
460,10,3,4,2530,Fibroblast,Macrophage,THY1,ITGAX,CommuSpace_HS_07427,0.002930017421022
461,1,4,4,1359,Macrophage,Macrophage,GNAI2,C5AR1,CommuSpace_HS_03953,0.0051916833035647
461,2,3,8,583,Fibroblast,T cell,COL4A1,CD44,CommuSpace_HS_01729,0.0048420159146189
461,3,3,8,2670,Fibroblast,T cell,VEGFA,CD44,CommuSpace_HS_07694,0.004651503637433
461,4,3,8,2541,Fibroblast,T cell,TIMP2,CD44,CommuSpace_HS_07444,0.0043154377490282
461,5,3,4,351,Fibroblast,Macrophage,CCL2,CCR1,CommuSpace_HS_00946,0.0037802846636623
461,6,3,4,2311,Fibroblast,Macrophage,SERPINE1,PLAUR,CommuSpace_HS_06869,0.0035899190697818
461,7,3,4,2670,Fibroblast,Macrophage,VEGFA,CD44,CommuSpace_HS_07694,0.0031219886150211
461,8,4,4,351,Macrophage,Macrophage,CCL2,CCR1,CommuSpace_HS_00946,0.0030591641552746
461,9,1,8,583,Endothelial,T cell,COL4A1,CD44,CommuSpace_HS_01729,0.0030381362885236
461,10,3,4,2530,Fibroblast,Macrophage,THY1,ITGAX,CommuSpace_HS_07427,0.002930017421022
462,1,4,4,1359,Macrophage,Macrophage,GNAI2,C5AR1,CommuSpace_HS_03953,0.0051916833035647
462,2,3,8,583,Fibroblast,T cell,COL4A1,CD44,CommuSpace_HS_01729,0.0048420159146189
462,3,3,8,2670,Fibroblast,T cell,VEGFA,CD44,CommuSpace_HS_07694,0.004651503637433
462,4,3,8,2541,Fibroblast,T cell,TIMP2,CD44,CommuSpace_HS_07444,0.0043154377490282
462,5,3,4,351,Fibroblast,Macrophage,CCL2,CCR1,CommuSpace_HS_00946,0.0037802846636623
462,6,3,4,2311,Fibroblast,Macrophage,SERPINE1,PLAUR,CommuSpace_HS_06869,0.0035899190697818
462,7,3,4,2670,Fibroblast,Macrophage,VEGFA,CD44,CommuSpace_HS_07694,0.0031219886150211
462,8,4,4,351,Macrophage,Macrophage,CCL2,CCR1,CommuSpace_HS_00946,0.0030591641552746
462,9,1,8,583,Endothelial,T cell,COL4A1,CD44,CommuSpace_HS_01729,0.0030381362885236
462,10,3,4,2530,Fibroblast,Macrophage,THY1,ITGAX,CommuSpace_HS_07427,0.002930017421022
463,1,4,4,1359,Macrophage,Macrophage,GNAI2,C5AR1,CommuSpace_HS_03953,0.0051916833035647
463,2,3,8,583,Fibroblast,T cell,COL4A1,CD44,CommuSpace_HS_01729,0.0048420159146189
463,3,3,8,2670,Fibroblast,T cell,VEGFA,CD44,CommuSpace_HS_07694,0.004651503637433
463,4,3,8,2541,Fibroblast,T cell,TIMP2,CD44,CommuSpace_HS_07444,0.0043154377490282
463,5,3,4,351,Fibroblast,Macrophage,CCL2,CCR1,CommuSpace_HS_00946,0.0037802846636623
463,6,3,4,2311,Fibroblast,Macrophage,SERPINE1,PLAUR,CommuSpace_HS_06869,0.0035899190697818
463,7,3,4,2670,Fibroblast,Macrophage,VEGFA,CD44,CommuSpace_HS_07694,0.0031219886150211
463,8,4,4,351,Macrophage,Macrophage,CCL2,CCR1,CommuSpace_HS_00946,0.0030591641552746
463,9,1,8,583,Endothelial,T cell,COL4A1,CD44,CommuSpace_HS_01729,0.0030381362885236
463,10,3,4,2530,Fibroblast,Macrophage,THY1,ITGAX,CommuSpace_HS_07427,0.002930017421022
464,1,4,4,1359,Macrophage,Macrophage,GNAI2,C5AR1,CommuSpace_HS_03953,0.0051916833035647
464,2,3,8,583,Fibroblast,T cell,COL4A1,CD44,CommuSpace_HS_01729,0.0048420159146189
464,3,3,8,2670,Fibroblast,T cell,VEGFA,CD44,CommuSpace_HS_07694,0.004651503637433
464,4,3,8,2541,Fibroblast,T cell,TIMP2,CD44,CommuSpace_HS_07444,0.0043154377490282
464,5,3,4,351,Fibroblast,Macrophage,CCL2,CCR1,CommuSpace_HS_00946,0.0037802846636623
464,6,3,4,2311,Fibroblast,Macrophage,SERPINE1,PLAUR,CommuSpace_HS_06869,0.0035899190697818
464,7,3,4,2670,Fibroblast,Macrophage,VEGFA,CD44,CommuSpace_HS_07694,0.0031219886150211
464,8,4,4,351,Macrophage,Macrophage,CCL2,CCR1,CommuSpace_HS_00946,0.0030591641552746
464,9,1,8,583,Endothelial,T cell,COL4A1,CD44,CommuSpace_HS_01729,0.0030381362885236
464,10,3,4,2530,Fibroblast,Macrophage,THY1,ITGAX,CommuSpace_HS_07427,0.002930017421022
465,1,4,4,1359,Macrophage,Macrophage,GNAI2,C5AR1,CommuSpace_HS_03953,0.0051916833035647
465,2,3,8,583,Fibroblast,T cell,COL4A1,CD44,CommuSpace_HS_01729,0.0048420159146189
465,3,3,8,2670,Fibroblast,T cell,VEGFA,CD44,CommuSpace_HS_07694,0.004651503637433
465,4,3,8,2541,Fibroblast,T cell,TIMP2,CD44,CommuSpace_HS_07444,0.0043154377490282
465,5,3,4,351,Fibroblast,Macrophage,CCL2,CCR1,CommuSpace_HS_00946,0.0037802846636623
465,6,3,4,2311,Fibroblast,Macrophage,SERPINE1,PLAUR,CommuSpace_HS_06869,0.0035899190697818
465,7,3,4,2670,Fibroblast,Macrophage,VEGFA,CD44,CommuSpace_HS_07694,0.0031219886150211
465,8,4,4,351,Macrophage,Macrophage,CCL2,CCR1,CommuSpace_HS_00946,0.0030591641552746
465,9,1,8,583,Endothelial,T cell,COL4A1,CD44,CommuSpace_HS_01729,0.0030381362885236
465,10,3,4,2530,Fibroblast,Macrophage,THY1,ITGAX,CommuSpace_HS_07427,0.002930017421022
466,1,4,4,1359,Macrophage,Macrophage,GNAI2,C5AR1,CommuSpace_HS_03953,0.0051916833035647
466,2,3,8,583,Fibroblast,T cell,COL4A1,CD44,CommuSpace_HS_01729,0.0048420159146189
466,3,3,8,2670,Fibroblast,T cell,VEGFA,CD44,CommuSpace_HS_07694,0.004651503637433
466,4,3,8,2541,Fibroblast,T cell,TIMP2,CD44,CommuSpace_HS_07444,0.0043154377490282
466,5,3,4,351,Fibroblast,Macrophage,CCL2,CCR1,CommuSpace_HS_00946,0.0037802846636623
466,6,3,4,2311,Fibroblast,Macrophage,SERPINE1,PLAUR,CommuSpace_HS_06869,0.0035899190697818
466,7,3,4,2670,Fibroblast,Macrophage,VEGFA,CD44,CommuSpace_HS_07694,0.0031219886150211
466,8,4,4,351,Macrophage,Macrophage,CCL2,CCR1,CommuSpace_HS_00946,0.0030591641552746
466,9,1,8,583,Endothelial,T cell,COL4A1,CD44,CommuSpace_HS_01729,0.0030381362885236
466,10,3,4,2530,Fibroblast,Macrophage,THY1,ITGAX,CommuSpace_HS_07427,0.002930017421022
467,1,4,4,1359,Macrophage,Macrophage,GNAI2,C5AR1,CommuSpace_HS_03953,0.0051916833035647
467,2,3,8,583,Fibroblast,T cell,COL4A1,CD44,CommuSpace_HS_01729,0.0048420159146189
467,3,3,8,2670,Fibroblast,T cell,VEGFA,CD44,CommuSpace_HS_07694,0.004651503637433
467,4,3,8,2541,Fibroblast,T cell,TIMP2,CD44,CommuSpace_HS_07444,0.0043154377490282
467,5,3,4,351,Fibroblast,Macrophage,CCL2,CCR1,CommuSpace_HS_00946,0.0037802846636623
467,6,3,4,2311,Fibroblast,Macrophage,SERPINE1,PLAUR,CommuSpace_HS_06869,0.0035899190697818
467,7,3,4,2670,Fibroblast,Macrophage,VEGFA,CD44,CommuSpace_HS_07694,0.0031219886150211
467,8,4,4,351,Macrophage,Macrophage,CCL2,CCR1,CommuSpace_HS_00946,0.0030591641552746
467,9,1,8,583,Endothelial,T cell,COL4A1,CD44,CommuSpace_HS_01729,0.0030381362885236
467,10,3,4,2530,Fibroblast,Macrophage,THY1,ITGAX,CommuSpace_HS_07427,0.002930017421022
468,1,4,4,1359,Macrophage,Macrophage,GNAI2,C5AR1,CommuSpace_HS_03953,0.0051916833035647
468,2,3,8,583,Fibroblast,T cell,COL4A1,CD44,CommuSpace_HS_01729,0.0048420159146189
468,3,3,8,2670,Fibroblast,T cell,VEGFA,CD44,CommuSpace_HS_07694,0.004651503637433
468,4,3,8,2541,Fibroblast,T cell,TIMP2,CD44,CommuSpace_HS_07444,0.0043154377490282
468,5,3,4,351,Fibroblast,Macrophage,CCL2,CCR1,CommuSpace_HS_00946,0.0037802846636623
468,6,3,4,2311,Fibroblast,Macrophage,SERPINE1,PLAUR,CommuSpace_HS_06869,0.0035899190697818
468,7,3,4,2670,Fibroblast,Macrophage,VEGFA,CD44,CommuSpace_HS_07694,0.0031219886150211
468,8,4,4,351,Macrophage,Macrophage,CCL2,CCR1,CommuSpace_HS_00946,0.0030591641552746
468,9,1,8,583,Endothelial,T cell,COL4A1,CD44,CommuSpace_HS_01729,0.0030381362885236
468,10,3,4,2530,Fibroblast,Macrophage,THY1,ITGAX,CommuSpace_HS_07427,0.002930017421022
469,1,4,4,1359,Macrophage,Macrophage,GNAI2,C5AR1,CommuSpace_HS_03953,0.0051916833035647
469,2,3,8,583,Fibroblast,T cell,COL4A1,CD44,CommuSpace_HS_01729,0.0048420159146189
469,3,3,8,2670,Fibroblast,T cell,VEGFA,CD44,CommuSpace_HS_07694,0.004651503637433
469,4,3,8,2541,Fibroblast,T cell,TIMP2,CD44,CommuSpace_HS_07444,0.0043154377490282
469,5,3,4,351,Fibroblast,Macrophage,CCL2,CCR1,CommuSpace_HS_00946,0.0037802846636623
469,6,3,4,2311,Fibroblast,Macrophage,SERPINE1,PLAUR,CommuSpace_HS_06869,0.0035899190697818
469,7,3,4,2670,Fibroblast,Macrophage,VEGFA,CD44,CommuSpace_HS_07694,0.0031219886150211
469,8,4,4,351,Macrophage,Macrophage,CCL2,CCR1,CommuSpace_HS_00946,0.0030591641552746
469,9,1,8,583,Endothelial,T cell,COL4A1,CD44,CommuSpace_HS_01729,0.0030381362885236
469,10,3,4,2530,Fibroblast,Macrophage,THY1,ITGAX,CommuSpace_HS_07427,0.002930017421022
470,1,4,4,1359,Macrophage,Macrophage,GNAI2,C5AR1,CommuSpace_HS_03953,0.0051916833035647
470,2,3,8,583,Fibroblast,T cell,COL4A1,CD44,CommuSpace_HS_01729,0.0048420159146189
470,3,3,8,2670,Fibroblast,T cell,VEGFA,CD44,CommuSpace_HS_07694,0.004651503637433
470,4,3,8,2541,Fibroblast,T cell,TIMP2,CD44,CommuSpace_HS_07444,0.0043154377490282
470,5,3,4,351,Fibroblast,Macrophage,CCL2,CCR1,CommuSpace_HS_00946,0.0037802846636623
470,6,3,4,2311,Fibroblast,Macrophage,SERPINE1,PLAUR,CommuSpace_HS_06869,0.0035899190697818
470,7,3,4,2670,Fibroblast,Macrophage,VEGFA,CD44,CommuSpace_HS_07694,0.0031219886150211
470,8,4,4,351,Macrophage,Macrophage,CCL2,CCR1,CommuSpace_HS_00946,0.0030591641552746
470,9,1,8,583,Endothelial,T cell,COL4A1,CD44,CommuSpace_HS_01729,0.0030381362885236
470,10,3,4,2530,Fibroblast,Macrophage,THY1,ITGAX,CommuSpace_HS_07427,0.002930017421022
471,1,4,4,1359,Macrophage,Macrophage,GNAI2,C5AR1,CommuSpace_HS_03953,0.0051916833035647
471,2,3,8,583,Fibroblast,T cell,COL4A1,CD44,CommuSpace_HS_01729,0.0048420159146189
471,3,3,8,2670,Fibroblast,T cell,VEGFA,CD44,CommuSpace_HS_07694,0.004651503637433
471,4,3,8,2541,Fibroblast,T cell,TIMP2,CD44,CommuSpace_HS_07444,0.0043154377490282
471,5,3,4,351,Fibroblast,Macrophage,CCL2,CCR1,CommuSpace_HS_00946,0.0037802846636623
471,6,3,4,2311,Fibroblast,Macrophage,SERPINE1,PLAUR,CommuSpace_HS_06869,0.0035899190697818
471,7,3,4,2670,Fibroblast,Macrophage,VEGFA,CD44,CommuSpace_HS_07694,0.0031219886150211
471,8,4,4,351,Macrophage,Macrophage,CCL2,CCR1,CommuSpace_HS_00946,0.0030591641552746
471,9,1,8,583,Endothelial,T cell,COL4A1,CD44,CommuSpace_HS_01729,0.0030381362885236
471,10,3,4,2530,Fibroblast,Macrophage,THY1,ITGAX,CommuSpace_HS_07427,0.002930017421022
472,1,4,4,1359,Macrophage,Macrophage,GNAI2,C5AR1,CommuSpace_HS_03953,0.0051916833035647
472,2,3,8,583,Fibroblast,T cell,COL4A1,CD44,CommuSpace_HS_01729,0.0048420159146189
472,3,3,8,2670,Fibroblast,T cell,VEGFA,CD44,CommuSpace_HS_07694,0.004651503637433
472,4,3,8,2541,Fibroblast,T cell,TIMP2,CD44,CommuSpace_HS_07444,0.0043154377490282
472,5,3,4,351,Fibroblast,Macrophage,CCL2,CCR1,CommuSpace_HS_00946,0.0037802846636623
472,6,3,4,2311,Fibroblast,Macrophage,SERPINE1,PLAUR,CommuSpace_HS_06869,0.0035899190697818
472,7,3,4,2670,Fibroblast,Macrophage,VEGFA,CD44,CommuSpace_HS_07694,0.0031219886150211
472,8,4,4,351,Macrophage,Macrophage,CCL2,CCR1,CommuSpace_HS_00946,0.0030591641552746
472,9,1,8,583,Endothelial,T cell,COL4A1,CD44,CommuSpace_HS_01729,0.0030381362885236
472,10,3,4,2530,Fibroblast,Macrophage,THY1,ITGAX,CommuSpace_HS_07427,0.002930017421022
473,1,4,4,1359,Macrophage,Macrophage,GNAI2,C5AR1,CommuSpace_HS_03953,0.0051916833035647
473,2,3,8,583,Fibroblast,T cell,COL4A1,CD44,CommuSpace_HS_01729,0.0048420159146189
473,3,3,8,2670,Fibroblast,T cell,VEGFA,CD44,CommuSpace_HS_07694,0.004651503637433
473,4,3,8,2541,Fibroblast,T cell,TIMP2,CD44,CommuSpace_HS_07444,0.0043154377490282
473,5,3,4,351,Fibroblast,Macrophage,CCL2,CCR1,CommuSpace_HS_00946,0.0037802846636623
473,6,3,4,2311,Fibroblast,Macrophage,SERPINE1,PLAUR,CommuSpace_HS_06869,0.0035899190697818
473,7,3,4,2670,Fibroblast,Macrophage,VEGFA,CD44,CommuSpace_HS_07694,0.0031219886150211
473,8,4,4,351,Macrophage,Macrophage,CCL2,CCR1,CommuSpace_HS_00946,0.0030591641552746
473,9,1,8,583,Endothelial,T cell,COL4A1,CD44,CommuSpace_HS_01729,0.0030381362885236
473,10,3,4,2530,Fibroblast,Macrophage,THY1,ITGAX,CommuSpace_HS_07427,0.002930017421022
474,1,3,8,2547,Fibroblast,T cell,TIMP3,CD44,CommuSpace_HS_07452,0.15968818962574
474,2,3,8,2670,Fibroblast,T cell,VEGFA,CD44,CommuSpace_HS_07694,0.0080511653795838
474,3,3,8,2541,Fibroblast,T cell,TIMP2,CD44,CommuSpace_HS_07444,0.0080382358282804
474,4,3,8,583,Fibroblast,T cell,COL4A1,CD44,CommuSpace_HS_01729,0.0072679133154451
474,5,4,4,1359,Macrophage,Macrophage,GNAI2,C5AR1,CommuSpace_HS_03953,0.0042218584567308
474,6,3,4,2311,Fibroblast,Macrophage,SERPINE1,PLAUR,CommuSpace_HS_06869,0.0035209625493735
474,7,3,4,351,Fibroblast,Macrophage,CCL2,CCR1,CommuSpace_HS_00946,0.0030999393202364
474,8,3,4,2670,Fibroblast,Macrophage,VEGFA,CD44,CommuSpace_HS_07694,0.0026011676527559
474,9,1,8,583,Endothelial,T cell,COL4A1,CD44,CommuSpace_HS_01729,0.0025157544296234
474,10,4,4,351,Macrophage,Macrophage,CCL2,CCR1,CommuSpace_HS_00946,0.0024971177335828
475,1,4,4,1359,Macrophage,Macrophage,GNAI2,C5AR1,CommuSpace_HS_03953,0.0051916833035647
475,2,3,8,583,Fibroblast,T cell,COL4A1,CD44,CommuSpace_HS_01729,0.0048420159146189
475,3,3,8,2670,Fibroblast,T cell,VEGFA,CD44,CommuSpace_HS_07694,0.004651503637433
475,4,3,8,2541,Fibroblast,T cell,TIMP2,CD44,CommuSpace_HS_07444,0.0043154377490282
475,5,3,4,351,Fibroblast,Macrophage,CCL2,CCR1,CommuSpace_HS_00946,0.0037802846636623
475,6,3,4,2311,Fibroblast,Macrophage,SERPINE1,PLAUR,CommuSpace_HS_06869,0.0035899190697818
475,7,3,4,2670,Fibroblast,Macrophage,VEGFA,CD44,CommuSpace_HS_07694,0.0031219886150211
475,8,4,4,351,Macrophage,Macrophage,CCL2,CCR1,CommuSpace_HS_00946,0.0030591641552746
475,9,1,8,583,Endothelial,T cell,COL4A1,CD44,CommuSpace_HS_01729,0.0030381362885236
475,10,3,4,2530,Fibroblast,Macrophage,THY1,ITGAX,CommuSpace_HS_07427,0.002930017421022
476,1,4,4,1359,Macrophage,Macrophage,GNAI2,C5AR1,CommuSpace_HS_03953,0.0051916833035647
476,2,3,8,583,Fibroblast,T cell,COL4A1,CD44,CommuSpace_HS_01729,0.0048420159146189
476,3,3,8,2670,Fibroblast,T cell,VEGFA,CD44,CommuSpace_HS_07694,0.004651503637433
476,4,3,8,2541,Fibroblast,T cell,TIMP2,CD44,CommuSpace_HS_07444,0.0043154377490282
476,5,3,4,351,Fibroblast,Macrophage,CCL2,CCR1,CommuSpace_HS_00946,0.0037802846636623
476,6,3,4,2311,Fibroblast,Macrophage,SERPINE1,PLAUR,CommuSpace_HS_06869,0.0035899190697818
476,7,3,4,2670,Fibroblast,Macrophage,VEGFA,CD44,CommuSpace_HS_07694,0.0031219886150211
476,8,4,4,351,Macrophage,Macrophage,CCL2,CCR1,CommuSpace_HS_00946,0.0030591641552746
476,9,1,8,583,Endothelial,T cell,COL4A1,CD44,CommuSpace_HS_01729,0.0030381362885236
476,10,3,4,2530,Fibroblast,Macrophage,THY1,ITGAX,CommuSpace_HS_07427,0.002930017421022
477,1,4,4,1359,Macrophage,Macrophage,GNAI2,C5AR1,CommuSpace_HS_03953,0.0051916833035647
477,2,3,8,583,Fibroblast,T cell,COL4A1,CD44,CommuSpace_HS_01729,0.0048420159146189
477,3,3,8,2670,Fibroblast,T cell,VEGFA,CD44,CommuSpace_HS_07694,0.004651503637433
477,4,3,8,2541,Fibroblast,T cell,TIMP2,CD44,CommuSpace_HS_07444,0.0043154377490282
477,5,3,4,351,Fibroblast,Macrophage,CCL2,CCR1,CommuSpace_HS_00946,0.0037802846636623
477,6,3,4,2311,Fibroblast,Macrophage,SERPINE1,PLAUR,CommuSpace_HS_06869,0.0035899190697818
477,7,3,4,2670,Fibroblast,Macrophage,VEGFA,CD44,CommuSpace_HS_07694,0.0031219886150211
477,8,4,4,351,Macrophage,Macrophage,CCL2,CCR1,CommuSpace_HS_00946,0.0030591641552746
477,9,1,8,583,Endothelial,T cell,COL4A1,CD44,CommuSpace_HS_01729,0.0030381362885236
477,10,3,4,2530,Fibroblast,Macrophage,THY1,ITGAX,CommuSpace_HS_07427,0.002930017421022
478,1,4,4,1359,Macrophage,Macrophage,GNAI2,C5AR1,CommuSpace_HS_03953,0.0051916833035647
478,2,3,8,583,Fibroblast,T cell,COL4A1,CD44,CommuSpace_HS_01729,0.0048420159146189
478,3,3,8,2670,Fibroblast,T cell,VEGFA,CD44,CommuSpace_HS_07694,0.004651503637433
478,4,3,8,2541,Fibroblast,T cell,TIMP2,CD44,CommuSpace_HS_07444,0.0043154377490282
478,5,3,4,351,Fibroblast,Macrophage,CCL2,CCR1,CommuSpace_HS_00946,0.0037802846636623
478,6,3,4,2311,Fibroblast,Macrophage,SERPINE1,PLAUR,CommuSpace_HS_06869,0.0035899190697818
478,7,3,4,2670,Fibroblast,Macrophage,VEGFA,CD44,CommuSpace_HS_07694,0.0031219886150211
478,8,4,4,351,Macrophage,Macrophage,CCL2,CCR1,CommuSpace_HS_00946,0.0030591641552746
478,9,1,8,583,Endothelial,T cell,COL4A1,CD44,CommuSpace_HS_01729,0.0030381362885236
478,10,3,4,2530,Fibroblast,Macrophage,THY1,ITGAX,CommuSpace_HS_07427,0.002930017421022
479,1,4,4,1359,Macrophage,Macrophage,GNAI2,C5AR1,CommuSpace_HS_03953,0.0051916833035647
479,2,3,8,583,Fibroblast,T cell,COL4A1,CD44,CommuSpace_HS_01729,0.0048420159146189
479,3,3,8,2670,Fibroblast,T cell,VEGFA,CD44,CommuSpace_HS_07694,0.004651503637433
479,4,3,8,2541,Fibroblast,T cell,TIMP2,CD44,CommuSpace_HS_07444,0.0043154377490282
479,5,3,4,351,Fibroblast,Macrophage,CCL2,CCR1,CommuSpace_HS_00946,0.0037802846636623
479,6,3,4,2311,Fibroblast,Macrophage,SERPINE1,PLAUR,CommuSpace_HS_06869,0.0035899190697818
479,7,3,4,2670,Fibroblast,Macrophage,VEGFA,CD44,CommuSpace_HS_07694,0.0031219886150211
479,8,4,4,351,Macrophage,Macrophage,CCL2,CCR1,CommuSpace_HS_00946,0.0030591641552746
479,9,1,8,583,Endothelial,T cell,COL4A1,CD44,CommuSpace_HS_01729,0.0030381362885236
479,10,3,4,2530,Fibroblast,Macrophage,THY1,ITGAX,CommuSpace_HS_07427,0.002930017421022
480,1,4,4,1359,Macrophage,Macrophage,GNAI2,C5AR1,CommuSpace_HS_03953,0.0051916833035647
480,2,3,8,583,Fibroblast,T cell,COL4A1,CD44,CommuSpace_HS_01729,0.0048420159146189
480,3,3,8,2670,Fibroblast,T cell,VEGFA,CD44,CommuSpace_HS_07694,0.004651503637433
480,4,3,8,2541,Fibroblast,T cell,TIMP2,CD44,CommuSpace_HS_07444,0.0043154377490282
480,5,3,4,351,Fibroblast,Macrophage,CCL2,CCR1,CommuSpace_HS_00946,0.0037802846636623
480,6,3,4,2311,Fibroblast,Macrophage,SERPINE1,PLAUR,CommuSpace_HS_06869,0.0035899190697818
480,7,3,4,2670,Fibroblast,Macrophage,VEGFA,CD44,CommuSpace_HS_07694,0.0031219886150211
480,8,4,4,351,Macrophage,Macrophage,CCL2,CCR1,CommuSpace_HS_00946,0.0030591641552746
480,9,1,8,583,Endothelial,T cell,COL4A1,CD44,CommuSpace_HS_01729,0.0030381362885236
480,10,3,4,2530,Fibroblast,Macrophage,THY1,ITGAX,CommuSpace_HS_07427,0.002930017421022
481,1,4,4,1359,Macrophage,Macrophage,GNAI2,C5AR1,CommuSpace_HS_03953,0.0051916833035647
481,2,3,8,583,Fibroblast,T cell,COL4A1,CD44,CommuSpace_HS_01729,0.0048420159146189
481,3,3,8,2670,Fibroblast,T cell,VEGFA,CD44,CommuSpace_HS_07694,0.004651503637433
481,4,3,8,2541,Fibroblast,T cell,TIMP2,CD44,CommuSpace_HS_07444,0.0043154377490282
481,5,3,4,351,Fibroblast,Macrophage,CCL2,CCR1,CommuSpace_HS_00946,0.0037802846636623
481,6,3,4,2311,Fibroblast,Macrophage,SERPINE1,PLAUR,CommuSpace_HS_06869,0.0035899190697818
481,7,3,4,2670,Fibroblast,Macrophage,VEGFA,CD44,CommuSpace_HS_07694,0.0031219886150211
481,8,4,4,351,Macrophage,Macrophage,CCL2,CCR1,CommuSpace_HS_00946,0.0030591641552746
481,9,1,8,583,Endothelial,T cell,COL4A1,CD44,CommuSpace_HS_01729,0.0030381362885236
481,10,3,4,2530,Fibroblast,Macrophage,THY1,ITGAX,CommuSpace_HS_07427,0.002930017421022
482,1,4,4,1359,Macrophage,Macrophage,GNAI2,C5AR1,CommuSpace_HS_03953,0.0051916833035647
482,2,3,8,583,Fibroblast,T cell,COL4A1,CD44,CommuSpace_HS_01729,0.0048420159146189
482,3,3,8,2670,Fibroblast,T cell,VEGFA,CD44,CommuSpace_HS_07694,0.004651503637433
482,4,3,8,2541,Fibroblast,T cell,TIMP2,CD44,CommuSpace_HS_07444,0.0043154377490282
482,5,3,4,351,Fibroblast,Macrophage,CCL2,CCR1,CommuSpace_HS_00946,0.0037802846636623
482,6,3,4,2311,Fibroblast,Macrophage,SERPINE1,PLAUR,CommuSpace_HS_06869,0.0035899190697818
482,7,3,4,2670,Fibroblast,Macrophage,VEGFA,CD44,CommuSpace_HS_07694,0.0031219886150211
482,8,4,4,351,Macrophage,Macrophage,CCL2,CCR1,CommuSpace_HS_00946,0.0030591641552746
482,9,1,8,583,Endothelial,T cell,COL4A1,CD44,CommuSpace_HS_01729,0.0030381362885236
482,10,3,4,2530,Fibroblast,Macrophage,THY1,ITGAX,CommuSpace_HS_07427,0.002930017421022
483,1,4,4,1359,Macrophage,Macrophage,GNAI2,C5AR1,CommuSpace_HS_03953,0.0051916833035647
483,2,3,8,583,Fibroblast,T cell,COL4A1,CD44,CommuSpace_HS_01729,0.0048420159146189
483,3,3,8,2670,Fibroblast,T cell,VEGFA,CD44,CommuSpace_HS_07694,0.004651503637433
483,4,3,8,2541,Fibroblast,T cell,TIMP2,CD44,CommuSpace_HS_07444,0.0043154377490282
483,5,3,4,351,Fibroblast,Macrophage,CCL2,CCR1,CommuSpace_HS_00946,0.0037802846636623
483,6,3,4,2311,Fibroblast,Macrophage,SERPINE1,PLAUR,CommuSpace_HS_06869,0.0035899190697818
483,7,3,4,2670,Fibroblast,Macrophage,VEGFA,CD44,CommuSpace_HS_07694,0.0031219886150211
483,8,4,4,351,Macrophage,Macrophage,CCL2,CCR1,CommuSpace_HS_00946,0.0030591641552746
483,9,1,8,583,Endothelial,T cell,COL4A1,CD44,CommuSpace_HS_01729,0.0030381362885236
483,10,3,4,2530,Fibroblast,Macrophage,THY1,ITGAX,CommuSpace_HS_07427,0.002930017421022
484,1,4,4,1359,Macrophage,Macrophage,GNAI2,C5AR1,CommuSpace_HS_03953,0.0051916833035647
484,2,3,8,583,Fibroblast,T cell,COL4A1,CD44,CommuSpace_HS_01729,0.0048420159146189
484,3,3,8,2670,Fibroblast,T cell,VEGFA,CD44,CommuSpace_HS_07694,0.004651503637433
484,4,3,8,2541,Fibroblast,T cell,TIMP2,CD44,CommuSpace_HS_07444,0.0043154377490282
484,5,3,4,351,Fibroblast,Macrophage,CCL2,CCR1,CommuSpace_HS_00946,0.0037802846636623
484,6,3,4,2311,Fibroblast,Macrophage,SERPINE1,PLAUR,CommuSpace_HS_06869,0.0035899190697818
484,7,3,4,2670,Fibroblast,Macrophage,VEGFA,CD44,CommuSpace_HS_07694,0.0031219886150211
484,8,4,4,351,Macrophage,Macrophage,CCL2,CCR1,CommuSpace_HS_00946,0.0030591641552746
484,9,1,8,583,Endothelial,T cell,COL4A1,CD44,CommuSpace_HS_01729,0.0030381362885236
484,10,3,4,2530,Fibroblast,Macrophage,THY1,ITGAX,CommuSpace_HS_07427,0.002930017421022
485,1,4,4,1359,Macrophage,Macrophage,GNAI2,C5AR1,CommuSpace_HS_03953,0.0051916833035647
485,2,3,8,583,Fibroblast,T cell,COL4A1,CD44,CommuSpace_HS_01729,0.0048420159146189
485,3,3,8,2670,Fibroblast,T cell,VEGFA,CD44,CommuSpace_HS_07694,0.004651503637433
485,4,3,8,2541,Fibroblast,T cell,TIMP2,CD44,CommuSpace_HS_07444,0.0043154377490282
485,5,3,4,351,Fibroblast,Macrophage,CCL2,CCR1,CommuSpace_HS_00946,0.0037802846636623
485,6,3,4,2311,Fibroblast,Macrophage,SERPINE1,PLAUR,CommuSpace_HS_06869,0.0035899190697818
485,7,3,4,2670,Fibroblast,Macrophage,VEGFA,CD44,CommuSpace_HS_07694,0.0031219886150211
485,8,4,4,351,Macrophage,Macrophage,CCL2,CCR1,CommuSpace_HS_00946,0.0030591641552746
485,9,1,8,583,Endothelial,T cell,COL4A1,CD44,CommuSpace_HS_01729,0.0030381362885236
485,10,3,4,2530,Fibroblast,Macrophage,THY1,ITGAX,CommuSpace_HS_07427,0.002930017421022
486,1,4,4,1359,Macrophage,Macrophage,GNAI2,C5AR1,CommuSpace_HS_03953,0.0051916833035647
486,2,3,8,583,Fibroblast,T cell,COL4A1,CD44,CommuSpace_HS_01729,0.0048420159146189
486,3,3,8,2670,Fibroblast,T cell,VEGFA,CD44,CommuSpace_HS_07694,0.004651503637433
486,4,3,8,2541,Fibroblast,T cell,TIMP2,CD44,CommuSpace_HS_07444,0.0043154377490282
486,5,3,4,351,Fibroblast,Macrophage,CCL2,CCR1,CommuSpace_HS_00946,0.0037802846636623
486,6,3,4,2311,Fibroblast,Macrophage,SERPINE1,PLAUR,CommuSpace_HS_06869,0.0035899190697818
486,7,3,4,2670,Fibroblast,Macrophage,VEGFA,CD44,CommuSpace_HS_07694,0.0031219886150211
486,8,4,4,351,Macrophage,Macrophage,CCL2,CCR1,CommuSpace_HS_00946,0.0030591641552746
486,9,1,8,583,Endothelial,T cell,COL4A1,CD44,CommuSpace_HS_01729,0.0030381362885236
486,10,3,4,2530,Fibroblast,Macrophage,THY1,ITGAX,CommuSpace_HS_07427,0.002930017421022
487,1,4,4,1359,Macrophage,Macrophage,GNAI2,C5AR1,CommuSpace_HS_03953,0.0051916833035647
487,2,3,8,583,Fibroblast,T cell,COL4A1,CD44,CommuSpace_HS_01729,0.0048420159146189
487,3,3,8,2670,Fibroblast,T cell,VEGFA,CD44,CommuSpace_HS_07694,0.004651503637433
487,4,3,8,2541,Fibroblast,T cell,TIMP2,CD44,CommuSpace_HS_07444,0.0043154377490282
487,5,3,4,351,Fibroblast,Macrophage,CCL2,CCR1,CommuSpace_HS_00946,0.0037802846636623
487,6,3,4,2311,Fibroblast,Macrophage,SERPINE1,PLAUR,CommuSpace_HS_06869,0.0035899190697818
487,7,3,4,2670,Fibroblast,Macrophage,VEGFA,CD44,CommuSpace_HS_07694,0.0031219886150211
487,8,4,4,351,Macrophage,Macrophage,CCL2,CCR1,CommuSpace_HS_00946,0.0030591641552746
487,9,1,8,583,Endothelial,T cell,COL4A1,CD44,CommuSpace_HS_01729,0.0030381362885236
487,10,3,4,2530,Fibroblast,Macrophage,THY1,ITGAX,CommuSpace_HS_07427,0.002930017421022
488,1,4,4,1359,Macrophage,Macrophage,GNAI2,C5AR1,CommuSpace_HS_03953,0.0051916833035647
488,2,3,8,583,Fibroblast,T cell,COL4A1,CD44,CommuSpace_HS_01729,0.0048420159146189
488,3,3,8,2670,Fibroblast,T cell,VEGFA,CD44,CommuSpace_HS_07694,0.004651503637433
488,4,3,8,2541,Fibroblast,T cell,TIMP2,CD44,CommuSpace_HS_07444,0.0043154377490282
488,5,3,4,351,Fibroblast,Macrophage,CCL2,CCR1,CommuSpace_HS_00946,0.0037802846636623
488,6,3,4,2311,Fibroblast,Macrophage,SERPINE1,PLAUR,CommuSpace_HS_06869,0.0035899190697818
488,7,3,4,2670,Fibroblast,Macrophage,VEGFA,CD44,CommuSpace_HS_07694,0.0031219886150211
488,8,4,4,351,Macrophage,Macrophage,CCL2,CCR1,CommuSpace_HS_00946,0.0030591641552746
488,9,1,8,583,Endothelial,T cell,COL4A1,CD44,CommuSpace_HS_01729,0.0030381362885236
488,10,3,4,2530,Fibroblast,Macrophage,THY1,ITGAX,CommuSpace_HS_07427,0.002930017421022
489,1,4,4,1359,Macrophage,Macrophage,GNAI2,C5AR1,CommuSpace_HS_03953,0.0051916833035647
489,2,3,8,583,Fibroblast,T cell,COL4A1,CD44,CommuSpace_HS_01729,0.0048420159146189
489,3,3,8,2670,Fibroblast,T cell,VEGFA,CD44,CommuSpace_HS_07694,0.004651503637433
489,4,3,8,2541,Fibroblast,T cell,TIMP2,CD44,CommuSpace_HS_07444,0.0043154377490282
489,5,3,4,351,Fibroblast,Macrophage,CCL2,CCR1,CommuSpace_HS_00946,0.0037802846636623
489,6,3,4,2311,Fibroblast,Macrophage,SERPINE1,PLAUR,CommuSpace_HS_06869,0.0035899190697818
489,7,3,4,2670,Fibroblast,Macrophage,VEGFA,CD44,CommuSpace_HS_07694,0.0031219886150211
489,8,4,4,351,Macrophage,Macrophage,CCL2,CCR1,CommuSpace_HS_00946,0.0030591641552746
489,9,1,8,583,Endothelial,T cell,COL4A1,CD44,CommuSpace_HS_01729,0.0030381362885236
489,10,3,4,2530,Fibroblast,Macrophage,THY1,ITGAX,CommuSpace_HS_07427,0.002930017421022
490,1,4,4,1359,Macrophage,Macrophage,GNAI2,C5AR1,CommuSpace_HS_03953,0.0051916833035647
490,2,3,8,583,Fibroblast,T cell,COL4A1,CD44,CommuSpace_HS_01729,0.0048420159146189
490,3,3,8,2670,Fibroblast,T cell,VEGFA,CD44,CommuSpace_HS_07694,0.004651503637433
490,4,3,8,2541,Fibroblast,T cell,TIMP2,CD44,CommuSpace_HS_07444,0.0043154377490282
490,5,3,4,351,Fibroblast,Macrophage,CCL2,CCR1,CommuSpace_HS_00946,0.0037802846636623
490,6,3,4,2311,Fibroblast,Macrophage,SERPINE1,PLAUR,CommuSpace_HS_06869,0.0035899190697818
490,7,3,4,2670,Fibroblast,Macrophage,VEGFA,CD44,CommuSpace_HS_07694,0.0031219886150211
490,8,4,4,351,Macrophage,Macrophage,CCL2,CCR1,CommuSpace_HS_00946,0.0030591641552746
490,9,1,8,583,Endothelial,T cell,COL4A1,CD44,CommuSpace_HS_01729,0.0030381362885236
490,10,3,4,2530,Fibroblast,Macrophage,THY1,ITGAX,CommuSpace_HS_07427,0.002930017421022
491,1,4,4,1359,Macrophage,Macrophage,GNAI2,C5AR1,CommuSpace_HS_03953,0.0051916833035647
491,2,3,8,583,Fibroblast,T cell,COL4A1,CD44,CommuSpace_HS_01729,0.0048420159146189
491,3,3,8,2670,Fibroblast,T cell,VEGFA,CD44,CommuSpace_HS_07694,0.004651503637433
491,4,3,8,2541,Fibroblast,T cell,TIMP2,CD44,CommuSpace_HS_07444,0.0043154377490282
491,5,3,4,351,Fibroblast,Macrophage,CCL2,CCR1,CommuSpace_HS_00946,0.0037802846636623
491,6,3,4,2311,Fibroblast,Macrophage,SERPINE1,PLAUR,CommuSpace_HS_06869,0.0035899190697818
491,7,3,4,2670,Fibroblast,Macrophage,VEGFA,CD44,CommuSpace_HS_07694,0.0031219886150211
491,8,4,4,351,Macrophage,Macrophage,CCL2,CCR1,CommuSpace_HS_00946,0.0030591641552746
491,9,1,8,583,Endothelial,T cell,COL4A1,CD44,CommuSpace_HS_01729,0.0030381362885236
491,10,3,4,2530,Fibroblast,Macrophage,THY1,ITGAX,CommuSpace_HS_07427,0.002930017421022
492,1,4,4,1359,Macrophage,Macrophage,GNAI2,C5AR1,CommuSpace_HS_03953,0.0051916833035647
492,2,3,8,583,Fibroblast,T cell,COL4A1,CD44,CommuSpace_HS_01729,0.0048420159146189
492,3,3,8,2670,Fibroblast,T cell,VEGFA,CD44,CommuSpace_HS_07694,0.004651503637433
492,4,3,8,2541,Fibroblast,T cell,TIMP2,CD44,CommuSpace_HS_07444,0.0043154377490282
492,5,3,4,351,Fibroblast,Macrophage,CCL2,CCR1,CommuSpace_HS_00946,0.0037802846636623
492,6,3,4,2311,Fibroblast,Macrophage,SERPINE1,PLAUR,CommuSpace_HS_06869,0.0035899190697818
492,7,3,4,2670,Fibroblast,Macrophage,VEGFA,CD44,CommuSpace_HS_07694,0.0031219886150211
492,8,4,4,351,Macrophage,Macrophage,CCL2,CCR1,CommuSpace_HS_00946,0.0030591641552746
492,9,1,8,583,Endothelial,T cell,COL4A1,CD44,CommuSpace_HS_01729,0.0030381362885236
492,10,3,4,2530,Fibroblast,Macrophage,THY1,ITGAX,CommuSpace_HS_07427,0.002930017421022
493,1,4,4,1359,Macrophage,Macrophage,GNAI2,C5AR1,CommuSpace_HS_03953,0.0051916833035647
493,2,3,8,583,Fibroblast,T cell,COL4A1,CD44,CommuSpace_HS_01729,0.0048420159146189
493,3,3,8,2670,Fibroblast,T cell,VEGFA,CD44,CommuSpace_HS_07694,0.004651503637433
493,4,3,8,2541,Fibroblast,T cell,TIMP2,CD44,CommuSpace_HS_07444,0.0043154377490282
493,5,3,4,351,Fibroblast,Macrophage,CCL2,CCR1,CommuSpace_HS_00946,0.0037802846636623
493,6,3,4,2311,Fibroblast,Macrophage,SERPINE1,PLAUR,CommuSpace_HS_06869,0.0035899190697818
493,7,3,4,2670,Fibroblast,Macrophage,VEGFA,CD44,CommuSpace_HS_07694,0.0031219886150211
493,8,4,4,351,Macrophage,Macrophage,CCL2,CCR1,CommuSpace_HS_00946,0.0030591641552746
493,9,1,8,583,Endothelial,T cell,COL4A1,CD44,CommuSpace_HS_01729,0.0030381362885236
493,10,3,4,2530,Fibroblast,Macrophage,THY1,ITGAX,CommuSpace_HS_07427,0.002930017421022
494,1,4,4,1359,Macrophage,Macrophage,GNAI2,C5AR1,CommuSpace_HS_03953,0.0051916833035647
494,2,3,8,583,Fibroblast,T cell,COL4A1,CD44,CommuSpace_HS_01729,0.0048420159146189
494,3,3,8,2670,Fibroblast,T cell,VEGFA,CD44,CommuSpace_HS_07694,0.004651503637433
494,4,3,8,2541,Fibroblast,T cell,TIMP2,CD44,CommuSpace_HS_07444,0.0043154377490282
494,5,3,4,351,Fibroblast,Macrophage,CCL2,CCR1,CommuSpace_HS_00946,0.0037802846636623
494,6,3,4,2311,Fibroblast,Macrophage,SERPINE1,PLAUR,CommuSpace_HS_06869,0.0035899190697818
494,7,3,4,2670,Fibroblast,Macrophage,VEGFA,CD44,CommuSpace_HS_07694,0.0031219886150211
494,8,4,4,351,Macrophage,Macrophage,CCL2,CCR1,CommuSpace_HS_00946,0.0030591641552746
494,9,1,8,583,Endothelial,T cell,COL4A1,CD44,CommuSpace_HS_01729,0.0030381362885236
494,10,3,4,2530,Fibroblast,Macrophage,THY1,ITGAX,CommuSpace_HS_07427,0.002930017421022
495,1,4,4,1359,Macrophage,Macrophage,GNAI2,C5AR1,CommuSpace_HS_03953,0.0051916833035647
495,2,3,8,583,Fibroblast,T cell,COL4A1,CD44,CommuSpace_HS_01729,0.0048420159146189
495,3,3,8,2670,Fibroblast,T cell,VEGFA,CD44,CommuSpace_HS_07694,0.004651503637433
495,4,3,8,2541,Fibroblast,T cell,TIMP2,CD44,CommuSpace_HS_07444,0.0043154377490282
495,5,3,4,351,Fibroblast,Macrophage,CCL2,CCR1,CommuSpace_HS_00946,0.0037802846636623
495,6,3,4,2311,Fibroblast,Macrophage,SERPINE1,PLAUR,CommuSpace_HS_06869,0.0035899190697818
495,7,3,4,2670,Fibroblast,Macrophage,VEGFA,CD44,CommuSpace_HS_07694,0.0031219886150211
495,8,4,4,351,Macrophage,Macrophage,CCL2,CCR1,CommuSpace_HS_00946,0.0030591641552746
495,9,1,8,583,Endothelial,T cell,COL4A1,CD44,CommuSpace_HS_01729,0.0030381362885236
495,10,3,4,2530,Fibroblast,Macrophage,THY1,ITGAX,CommuSpace_HS_07427,0.002930017421022
496,1,4,4,1359,Macrophage,Macrophage,GNAI2,C5AR1,CommuSpace_HS_03953,0.0051916833035647
496,2,3,8,583,Fibroblast,T cell,COL4A1,CD44,CommuSpace_HS_01729,0.0048420159146189
496,3,3,8,2670,Fibroblast,T cell,VEGFA,CD44,CommuSpace_HS_07694,0.004651503637433
496,4,3,8,2541,Fibroblast,T cell,TIMP2,CD44,CommuSpace_HS_07444,0.0043154377490282
496,5,3,4,351,Fibroblast,Macrophage,CCL2,CCR1,CommuSpace_HS_00946,0.0037802846636623
496,6,3,4,2311,Fibroblast,Macrophage,SERPINE1,PLAUR,CommuSpace_HS_06869,0.0035899190697818
496,7,3,4,2670,Fibroblast,Macrophage,VEGFA,CD44,CommuSpace_HS_07694,0.0031219886150211
496,8,4,4,351,Macrophage,Macrophage,CCL2,CCR1,CommuSpace_HS_00946,0.0030591641552746
496,9,1,8,583,Endothelial,T cell,COL4A1,CD44,CommuSpace_HS_01729,0.0030381362885236
496,10,3,4,2530,Fibroblast,Macrophage,THY1,ITGAX,CommuSpace_HS_07427,0.002930017421022
497,1,4,4,1359,Macrophage,Macrophage,GNAI2,C5AR1,CommuSpace_HS_03953,0.0051916833035647
497,2,3,8,583,Fibroblast,T cell,COL4A1,CD44,CommuSpace_HS_01729,0.0048420159146189
497,3,3,8,2670,Fibroblast,T cell,VEGFA,CD44,CommuSpace_HS_07694,0.004651503637433
497,4,3,8,2541,Fibroblast,T cell,TIMP2,CD44,CommuSpace_HS_07444,0.0043154377490282
497,5,3,4,351,Fibroblast,Macrophage,CCL2,CCR1,CommuSpace_HS_00946,0.0037802846636623
497,6,3,4,2311,Fibroblast,Macrophage,SERPINE1,PLAUR,CommuSpace_HS_06869,0.0035899190697818
497,7,3,4,2670,Fibroblast,Macrophage,VEGFA,CD44,CommuSpace_HS_07694,0.0031219886150211
497,8,4,4,351,Macrophage,Macrophage,CCL2,CCR1,CommuSpace_HS_00946,0.0030591641552746
497,9,1,8,583,Endothelial,T cell,COL4A1,CD44,CommuSpace_HS_01729,0.0030381362885236
497,10,3,4,2530,Fibroblast,Macrophage,THY1,ITGAX,CommuSpace_HS_07427,0.002930017421022
498,1,4,4,1359,Macrophage,Macrophage,GNAI2,C5AR1,CommuSpace_HS_03953,0.0051916833035647
498,2,3,8,583,Fibroblast,T cell,COL4A1,CD44,CommuSpace_HS_01729,0.0048420159146189
498,3,3,8,2670,Fibroblast,T cell,VEGFA,CD44,CommuSpace_HS_07694,0.004651503637433
498,4,3,8,2541,Fibroblast,T cell,TIMP2,CD44,CommuSpace_HS_07444,0.0043154377490282
498,5,3,4,351,Fibroblast,Macrophage,CCL2,CCR1,CommuSpace_HS_00946,0.0037802846636623
498,6,3,4,2311,Fibroblast,Macrophage,SERPINE1,PLAUR,CommuSpace_HS_06869,0.0035899190697818
498,7,3,4,2670,Fibroblast,Macrophage,VEGFA,CD44,CommuSpace_HS_07694,0.0031219886150211
498,8,4,4,351,Macrophage,Macrophage,CCL2,CCR1,CommuSpace_HS_00946,0.0030591641552746
498,9,1,8,583,Endothelial,T cell,COL4A1,CD44,CommuSpace_HS_01729,0.0030381362885236
498,10,3,4,2530,Fibroblast,Macrophage,THY1,ITGAX,CommuSpace_HS_07427,0.002930017421022
499,1,4,4,1359,Macrophage,Macrophage,GNAI2,C5AR1,CommuSpace_HS_03953,0.0051916833035647
499,2,3,8,583,Fibroblast,T cell,COL4A1,CD44,CommuSpace_HS_01729,0.0048420159146189
499,3,3,8,2670,Fibroblast,T cell,VEGFA,CD44,CommuSpace_HS_07694,0.004651503637433
499,4,3,8,2541,Fibroblast,T cell,TIMP2,CD44,CommuSpace_HS_07444,0.0043154377490282
499,5,3,4,351,Fibroblast,Macrophage,CCL2,CCR1,CommuSpace_HS_00946,0.0037802846636623
499,6,3,4,2311,Fibroblast,Macrophage,SERPINE1,PLAUR,CommuSpace_HS_06869,0.0035899190697818
499,7,3,4,2670,Fibroblast,Macrophage,VEGFA,CD44,CommuSpace_HS_07694,0.0031219886150211
499,8,4,4,351,Macrophage,Macrophage,CCL2,CCR1,CommuSpace_HS_00946,0.0030591641552746
499,9,1,8,583,Endothelial,T cell,COL4A1,CD44,CommuSpace_HS_01729,0.0030381362885236
499,10,3,4,2530,Fibroblast,Macrophage,THY1,ITGAX,CommuSpace_HS_07427,0.002930017421022
500,1,4,4,1359,Macrophage,Macrophage,GNAI2,C5AR1,CommuSpace_HS_03953,0.0051916833035647
500,2,3,8,583,Fibroblast,T cell,COL4A1,CD44,CommuSpace_HS_01729,0.0048420159146189
500,3,3,8,2670,Fibroblast,T cell,VEGFA,CD44,CommuSpace_HS_07694,0.004651503637433
500,4,3,8,2541,Fibroblast,T cell,TIMP2,CD44,CommuSpace_HS_07444,0.0043154377490282
500,5,3,4,351,Fibroblast,Macrophage,CCL2,CCR1,CommuSpace_HS_00946,0.0037802846636623
500,6,3,4,2311,Fibroblast,Macrophage,SERPINE1,PLAUR,CommuSpace_HS_06869,0.0035899190697818
500,7,3,4,2670,Fibroblast,Macrophage,VEGFA,CD44,CommuSpace_HS_07694,0.0031219886150211
500,8,4,4,351,Macrophage,Macrophage,CCL2,CCR1,CommuSpace_HS_00946,0.0030591641552746
500,9,1,8,583,Endothelial,T cell,COL4A1,CD44,CommuSpace_HS_01729,0.0030381362885236
500,10,3,4,2530,Fibroblast,Macrophage,THY1,ITGAX,CommuSpace_HS_07427,0.002930017421022
501,1,4,4,1359,Macrophage,Macrophage,GNAI2,C5AR1,CommuSpace_HS_03953,0.0051916833035647
501,2,3,8,583,Fibroblast,T cell,COL4A1,CD44,CommuSpace_HS_01729,0.0048420159146189
501,3,3,8,2670,Fibroblast,T cell,VEGFA,CD44,CommuSpace_HS_07694,0.004651503637433
501,4,3,8,2541,Fibroblast,T cell,TIMP2,CD44,CommuSpace_HS_07444,0.0043154377490282
501,5,3,4,351,Fibroblast,Macrophage,CCL2,CCR1,CommuSpace_HS_00946,0.0037802846636623
501,6,3,4,2311,Fibroblast,Macrophage,SERPINE1,PLAUR,CommuSpace_HS_06869,0.0035899190697818
501,7,3,4,2670,Fibroblast,Macrophage,VEGFA,CD44,CommuSpace_HS_07694,0.0031219886150211
501,8,4,4,351,Macrophage,Macrophage,CCL2,CCR1,CommuSpace_HS_00946,0.0030591641552746
501,9,1,8,583,Endothelial,T cell,COL4A1,CD44,CommuSpace_HS_01729,0.0030381362885236
501,10,3,4,2530,Fibroblast,Macrophage,THY1,ITGAX,CommuSpace_HS_07427,0.002930017421022
502,1,4,4,1359,Macrophage,Macrophage,GNAI2,C5AR1,CommuSpace_HS_03953,0.0051916833035647
502,2,3,8,583,Fibroblast,T cell,COL4A1,CD44,CommuSpace_HS_01729,0.0048420159146189
502,3,3,8,2670,Fibroblast,T cell,VEGFA,CD44,CommuSpace_HS_07694,0.004651503637433
502,4,3,8,2541,Fibroblast,T cell,TIMP2,CD44,CommuSpace_HS_07444,0.0043154377490282
502,5,3,4,351,Fibroblast,Macrophage,CCL2,CCR1,CommuSpace_HS_00946,0.0037802846636623
502,6,3,4,2311,Fibroblast,Macrophage,SERPINE1,PLAUR,CommuSpace_HS_06869,0.0035899190697818
502,7,3,4,2670,Fibroblast,Macrophage,VEGFA,CD44,CommuSpace_HS_07694,0.0031219886150211
502,8,4,4,351,Macrophage,Macrophage,CCL2,CCR1,CommuSpace_HS_00946,0.0030591641552746
502,9,1,8,583,Endothelial,T cell,COL4A1,CD44,CommuSpace_HS_01729,0.0030381362885236
502,10,3,4,2530,Fibroblast,Macrophage,THY1,ITGAX,CommuSpace_HS_07427,0.002930017421022
503,1,4,4,1359,Macrophage,Macrophage,GNAI2,C5AR1,CommuSpace_HS_03953,0.0051916833035647
503,2,3,8,583,Fibroblast,T cell,COL4A1,CD44,CommuSpace_HS_01729,0.0048420159146189
503,3,3,8,2670,Fibroblast,T cell,VEGFA,CD44,CommuSpace_HS_07694,0.004651503637433
503,4,3,8,2541,Fibroblast,T cell,TIMP2,CD44,CommuSpace_HS_07444,0.0043154377490282
503,5,3,4,351,Fibroblast,Macrophage,CCL2,CCR1,CommuSpace_HS_00946,0.0037802846636623
503,6,3,4,2311,Fibroblast,Macrophage,SERPINE1,PLAUR,CommuSpace_HS_06869,0.0035899190697818
503,7,3,4,2670,Fibroblast,Macrophage,VEGFA,CD44,CommuSpace_HS_07694,0.0031219886150211
503,8,4,4,351,Macrophage,Macrophage,CCL2,CCR1,CommuSpace_HS_00946,0.0030591641552746
503,9,1,8,583,Endothelial,T cell,COL4A1,CD44,CommuSpace_HS_01729,0.0030381362885236
503,10,3,4,2530,Fibroblast,Macrophage,THY1,ITGAX,CommuSpace_HS_07427,0.002930017421022
504,1,4,4,1359,Macrophage,Macrophage,GNAI2,C5AR1,CommuSpace_HS_03953,0.0051916833035647
504,2,3,8,583,Fibroblast,T cell,COL4A1,CD44,CommuSpace_HS_01729,0.0048420159146189
504,3,3,8,2670,Fibroblast,T cell,VEGFA,CD44,CommuSpace_HS_07694,0.004651503637433
504,4,3,8,2541,Fibroblast,T cell,TIMP2,CD44,CommuSpace_HS_07444,0.0043154377490282
504,5,3,4,351,Fibroblast,Macrophage,CCL2,CCR1,CommuSpace_HS_00946,0.0037802846636623
504,6,3,4,2311,Fibroblast,Macrophage,SERPINE1,PLAUR,CommuSpace_HS_06869,0.0035899190697818
504,7,3,4,2670,Fibroblast,Macrophage,VEGFA,CD44,CommuSpace_HS_07694,0.0031219886150211
504,8,4,4,351,Macrophage,Macrophage,CCL2,CCR1,CommuSpace_HS_00946,0.0030591641552746
504,9,1,8,583,Endothelial,T cell,COL4A1,CD44,CommuSpace_HS_01729,0.0030381362885236
504,10,3,4,2530,Fibroblast,Macrophage,THY1,ITGAX,CommuSpace_HS_07427,0.002930017421022
505,1,4,4,1359,Macrophage,Macrophage,GNAI2,C5AR1,CommuSpace_HS_03953,0.0051916833035647
505,2,3,8,583,Fibroblast,T cell,COL4A1,CD44,CommuSpace_HS_01729,0.0048420159146189
505,3,3,8,2670,Fibroblast,T cell,VEGFA,CD44,CommuSpace_HS_07694,0.004651503637433
505,4,3,8,2541,Fibroblast,T cell,TIMP2,CD44,CommuSpace_HS_07444,0.0043154377490282
505,5,3,4,351,Fibroblast,Macrophage,CCL2,CCR1,CommuSpace_HS_00946,0.0037802846636623
505,6,3,4,2311,Fibroblast,Macrophage,SERPINE1,PLAUR,CommuSpace_HS_06869,0.0035899190697818
505,7,3,4,2670,Fibroblast,Macrophage,VEGFA,CD44,CommuSpace_HS_07694,0.0031219886150211
505,8,4,4,351,Macrophage,Macrophage,CCL2,CCR1,CommuSpace_HS_00946,0.0030591641552746
505,9,1,8,583,Endothelial,T cell,COL4A1,CD44,CommuSpace_HS_01729,0.0030381362885236
505,10,3,4,2530,Fibroblast,Macrophage,THY1,ITGAX,CommuSpace_HS_07427,0.002930017421022
506,1,4,4,1359,Macrophage,Macrophage,GNAI2,C5AR1,CommuSpace_HS_03953,0.0051916833035647
506,2,3,8,583,Fibroblast,T cell,COL4A1,CD44,CommuSpace_HS_01729,0.0048420159146189
506,3,3,8,2670,Fibroblast,T cell,VEGFA,CD44,CommuSpace_HS_07694,0.004651503637433
506,4,3,8,2541,Fibroblast,T cell,TIMP2,CD44,CommuSpace_HS_07444,0.0043154377490282
506,5,3,4,351,Fibroblast,Macrophage,CCL2,CCR1,CommuSpace_HS_00946,0.0037802846636623
506,6,3,4,2311,Fibroblast,Macrophage,SERPINE1,PLAUR,CommuSpace_HS_06869,0.0035899190697818
506,7,3,4,2670,Fibroblast,Macrophage,VEGFA,CD44,CommuSpace_HS_07694,0.0031219886150211
506,8,4,4,351,Macrophage,Macrophage,CCL2,CCR1,CommuSpace_HS_00946,0.0030591641552746
506,9,1,8,583,Endothelial,T cell,COL4A1,CD44,CommuSpace_HS_01729,0.0030381362885236
506,10,3,4,2530,Fibroblast,Macrophage,THY1,ITGAX,CommuSpace_HS_07427,0.002930017421022
507,1,4,4,1359,Macrophage,Macrophage,GNAI2,C5AR1,CommuSpace_HS_03953,0.0051916833035647
507,2,3,8,583,Fibroblast,T cell,COL4A1,CD44,CommuSpace_HS_01729,0.0048420159146189
507,3,3,8,2670,Fibroblast,T cell,VEGFA,CD44,CommuSpace_HS_07694,0.004651503637433
507,4,3,8,2541,Fibroblast,T cell,TIMP2,CD44,CommuSpace_HS_07444,0.0043154377490282
507,5,3,4,351,Fibroblast,Macrophage,CCL2,CCR1,CommuSpace_HS_00946,0.0037802846636623
507,6,3,4,2311,Fibroblast,Macrophage,SERPINE1,PLAUR,CommuSpace_HS_06869,0.0035899190697818
507,7,3,4,2670,Fibroblast,Macrophage,VEGFA,CD44,CommuSpace_HS_07694,0.0031219886150211
507,8,4,4,351,Macrophage,Macrophage,CCL2,CCR1,CommuSpace_HS_00946,0.0030591643881052
507,9,1,8,583,Endothelial,T cell,COL4A1,CD44,CommuSpace_HS_01729,0.0030381362885236
507,10,3,4,2530,Fibroblast,Macrophage,THY1,ITGAX,CommuSpace_HS_07427,0.002930017421022
508,1,4,4,1359,Macrophage,Macrophage,GNAI2,C5AR1,CommuSpace_HS_03953,0.0051916833035647
508,2,3,8,583,Fibroblast,T cell,COL4A1,CD44,CommuSpace_HS_01729,0.0048420159146189
508,3,3,8,2670,Fibroblast,T cell,VEGFA,CD44,CommuSpace_HS_07694,0.004651503637433
508,4,3,8,2541,Fibroblast,T cell,TIMP2,CD44,CommuSpace_HS_07444,0.0043154377490282
508,5,3,4,351,Fibroblast,Macrophage,CCL2,CCR1,CommuSpace_HS_00946,0.0037802846636623
508,6,3,4,2311,Fibroblast,Macrophage,SERPINE1,PLAUR,CommuSpace_HS_06869,0.0035899190697818
508,7,3,4,2670,Fibroblast,Macrophage,VEGFA,CD44,CommuSpace_HS_07694,0.0031219886150211
508,8,4,4,351,Macrophage,Macrophage,CCL2,CCR1,CommuSpace_HS_00946,0.0030591643881052
508,9,1,8,583,Endothelial,T cell,COL4A1,CD44,CommuSpace_HS_01729,0.0030381362885236
508,10,3,4,2530,Fibroblast,Macrophage,THY1,ITGAX,CommuSpace_HS_07427,0.002930017421022
509,1,4,4,1359,Macrophage,Macrophage,GNAI2,C5AR1,CommuSpace_HS_03953,0.0051916833035647
509,2,3,8,583,Fibroblast,T cell,COL4A1,CD44,CommuSpace_HS_01729,0.0048420159146189
509,3,3,8,2670,Fibroblast,T cell,VEGFA,CD44,CommuSpace_HS_07694,0.004651503637433
509,4,3,8,2541,Fibroblast,T cell,TIMP2,CD44,CommuSpace_HS_07444,0.0043154377490282
509,5,3,4,351,Fibroblast,Macrophage,CCL2,CCR1,CommuSpace_HS_00946,0.0037802846636623
509,6,3,4,2311,Fibroblast,Macrophage,SERPINE1,PLAUR,CommuSpace_HS_06869,0.0035899190697818
509,7,3,4,2670,Fibroblast,Macrophage,VEGFA,CD44,CommuSpace_HS_07694,0.0031219886150211
509,8,4,4,351,Macrophage,Macrophage,CCL2,CCR1,CommuSpace_HS_00946,0.0030591643881052
509,9,1,8,583,Endothelial,T cell,COL4A1,CD44,CommuSpace_HS_01729,0.0030381362885236
509,10,3,4,2530,Fibroblast,Macrophage,THY1,ITGAX,CommuSpace_HS_07427,0.002930017421022
510,1,4,4,1359,Macrophage,Macrophage,GNAI2,C5AR1,CommuSpace_HS_03953,0.0051916833035647
510,2,3,8,583,Fibroblast,T cell,COL4A1,CD44,CommuSpace_HS_01729,0.0048420159146189
510,3,3,8,2670,Fibroblast,T cell,VEGFA,CD44,CommuSpace_HS_07694,0.004651503637433
510,4,3,8,2541,Fibroblast,T cell,TIMP2,CD44,CommuSpace_HS_07444,0.0043154377490282
510,5,3,4,351,Fibroblast,Macrophage,CCL2,CCR1,CommuSpace_HS_00946,0.0037802846636623
510,6,3,4,2311,Fibroblast,Macrophage,SERPINE1,PLAUR,CommuSpace_HS_06869,0.0035899190697818
510,7,3,4,2670,Fibroblast,Macrophage,VEGFA,CD44,CommuSpace_HS_07694,0.0031219886150211
510,8,4,4,351,Macrophage,Macrophage,CCL2,CCR1,CommuSpace_HS_00946,0.0030591643881052
510,9,1,8,583,Endothelial,T cell,COL4A1,CD44,CommuSpace_HS_01729,0.0030381362885236
510,10,3,4,2530,Fibroblast,Macrophage,THY1,ITGAX,CommuSpace_HS_07427,0.002930017421022
511,1,4,4,1359,Macrophage,Macrophage,GNAI2,C5AR1,CommuSpace_HS_03953,0.0051916833035647
511,2,3,8,583,Fibroblast,T cell,COL4A1,CD44,CommuSpace_HS_01729,0.0048420159146189
511,3,3,8,2670,Fibroblast,T cell,VEGFA,CD44,CommuSpace_HS_07694,0.004651503637433
511,4,3,8,2541,Fibroblast,T cell,TIMP2,CD44,CommuSpace_HS_07444,0.0043154377490282
511,5,3,4,351,Fibroblast,Macrophage,CCL2,CCR1,CommuSpace_HS_00946,0.0037802848964929
511,6,3,4,2311,Fibroblast,Macrophage,SERPINE1,PLAUR,CommuSpace_HS_06869,0.0035899193026125
511,7,3,4,2670,Fibroblast,Macrophage,VEGFA,CD44,CommuSpace_HS_07694,0.0031219886150211
511,8,4,4,351,Macrophage,Macrophage,CCL2,CCR1,CommuSpace_HS_00946,0.0030591643881052
511,9,1,8,583,Endothelial,T cell,COL4A1,CD44,CommuSpace_HS_01729,0.0030381362885236
511,10,3,4,2530,Fibroblast,Macrophage,THY1,ITGAX,CommuSpace_HS_07427,0.002930017421022
512,1,4,4,1359,Macrophage,Macrophage,GNAI2,C5AR1,CommuSpace_HS_03953,0.0051916833035647
512,2,3,8,583,Fibroblast,T cell,COL4A1,CD44,CommuSpace_HS_01729,0.0048420159146189
512,3,3,8,2670,Fibroblast,T cell,VEGFA,CD44,CommuSpace_HS_07694,0.004651503637433
512,4,3,8,2541,Fibroblast,T cell,TIMP2,CD44,CommuSpace_HS_07444,0.0043154377490282
512,5,3,4,351,Fibroblast,Macrophage,CCL2,CCR1,CommuSpace_HS_00946,0.0037802848964929
512,6,3,4,2311,Fibroblast,Macrophage,SERPINE1,PLAUR,CommuSpace_HS_06869,0.0035899193026125
512,7,3,4,2670,Fibroblast,Macrophage,VEGFA,CD44,CommuSpace_HS_07694,0.0031219886150211
512,8,4,4,351,Macrophage,Macrophage,CCL2,CCR1,CommuSpace_HS_00946,0.0030591643881052
512,9,1,8,583,Endothelial,T cell,COL4A1,CD44,CommuSpace_HS_01729,0.0030381362885236
512,10,3,4,2530,Fibroblast,Macrophage,THY1,ITGAX,CommuSpace_HS_07427,0.002930017421022
513,1,4,4,1359,Macrophage,Macrophage,GNAI2,C5AR1,CommuSpace_HS_03953,0.0051916833035647
513,2,3,8,583,Fibroblast,T cell,COL4A1,CD44,CommuSpace_HS_01729,0.0048420159146189
513,3,3,8,2670,Fibroblast,T cell,VEGFA,CD44,CommuSpace_HS_07694,0.004651503637433
513,4,3,8,2541,Fibroblast,T cell,TIMP2,CD44,CommuSpace_HS_07444,0.0043154377490282
513,5,3,4,351,Fibroblast,Macrophage,CCL2,CCR1,CommuSpace_HS_00946,0.0037802848964929
513,6,3,4,2311,Fibroblast,Macrophage,SERPINE1,PLAUR,CommuSpace_HS_06869,0.0035899193026125
513,7,3,4,2670,Fibroblast,Macrophage,VEGFA,CD44,CommuSpace_HS_07694,0.0031219886150211
513,8,4,4,351,Macrophage,Macrophage,CCL2,CCR1,CommuSpace_HS_00946,0.0030591643881052
513,9,1,8,583,Endothelial,T cell,COL4A1,CD44,CommuSpace_HS_01729,0.0030381362885236
513,10,3,4,2530,Fibroblast,Macrophage,THY1,ITGAX,CommuSpace_HS_07427,0.002930017421022
514,1,4,4,1359,Macrophage,Macrophage,GNAI2,C5AR1,CommuSpace_HS_03953,0.0051916833035647
514,2,3,8,583,Fibroblast,T cell,COL4A1,CD44,CommuSpace_HS_01729,0.0048420159146189
514,3,3,8,2670,Fibroblast,T cell,VEGFA,CD44,CommuSpace_HS_07694,0.004651503637433
514,4,3,8,2541,Fibroblast,T cell,TIMP2,CD44,CommuSpace_HS_07444,0.0043154377490282
514,5,3,4,351,Fibroblast,Macrophage,CCL2,CCR1,CommuSpace_HS_00946,0.0037802848964929
514,6,3,4,2311,Fibroblast,Macrophage,SERPINE1,PLAUR,CommuSpace_HS_06869,0.0035899193026125
514,7,3,4,2670,Fibroblast,Macrophage,VEGFA,CD44,CommuSpace_HS_07694,0.0031219886150211
514,8,4,4,351,Macrophage,Macrophage,CCL2,CCR1,CommuSpace_HS_00946,0.0030591643881052
514,9,1,8,583,Endothelial,T cell,COL4A1,CD44,CommuSpace_HS_01729,0.0030381362885236
514,10,3,4,2530,Fibroblast,Macrophage,THY1,ITGAX,CommuSpace_HS_07427,0.002930017421022
515,1,4,4,1359,Macrophage,Macrophage,GNAI2,C5AR1,CommuSpace_HS_03953,0.0051915436051785
515,2,3,8,583,Fibroblast,T cell,COL4A1,CD44,CommuSpace_HS_01729,0.0048419097438454
515,3,3,8,2670,Fibroblast,T cell,VEGFA,CD44,CommuSpace_HS_07694,0.0046514216810464
515,4,3,8,2541,Fibroblast,T cell,TIMP2,CD44,CommuSpace_HS_07444,0.004315358120948
515,5,3,4,351,Fibroblast,Macrophage,CCL2,CCR1,CommuSpace_HS_00946,0.0037686554715037
515,6,3,4,2311,Fibroblast,Macrophage,SERPINE1,PLAUR,CommuSpace_HS_06869,0.0035778395831584
515,7,3,4,2670,Fibroblast,Macrophage,VEGFA,CD44,CommuSpace_HS_07694,0.0031219450756907
515,8,4,4,351,Macrophage,Macrophage,CCL2,CCR1,CommuSpace_HS_00946,0.0030588218942284
515,9,1,8,583,Endothelial,T cell,COL4A1,CD44,CommuSpace_HS_01729,0.0030250279232859
515,10,3,4,2530,Fibroblast,Macrophage,THY1,ITGAX,CommuSpace_HS_07427,0.0029301117174327
516,1,4,4,1359,Macrophage,Macrophage,GNAI2,C5AR1,CommuSpace_HS_03953,0.0051916833035647
516,2,3,8,583,Fibroblast,T cell,COL4A1,CD44,CommuSpace_HS_01729,0.0048420159146189
516,3,3,8,2670,Fibroblast,T cell,VEGFA,CD44,CommuSpace_HS_07694,0.004651503637433
516,4,3,8,2541,Fibroblast,T cell,TIMP2,CD44,CommuSpace_HS_07444,0.0043154377490282
516,5,3,4,351,Fibroblast,Macrophage,CCL2,CCR1,CommuSpace_HS_00946,0.0037802848964929
516,6,3,4,2311,Fibroblast,Macrophage,SERPINE1,PLAUR,CommuSpace_HS_06869,0.0035899193026125
516,7,3,4,2670,Fibroblast,Macrophage,VEGFA,CD44,CommuSpace_HS_07694,0.0031219886150211
516,8,4,4,351,Macrophage,Macrophage,CCL2,CCR1,CommuSpace_HS_00946,0.0030591643881052
516,9,1,8,583,Endothelial,T cell,COL4A1,CD44,CommuSpace_HS_01729,0.0030381362885236
516,10,3,4,2530,Fibroblast,Macrophage,THY1,ITGAX,CommuSpace_HS_07427,0.002930017421022
517,1,4,4,1359,Macrophage,Macrophage,GNAI2,C5AR1,CommuSpace_HS_03953,0.0051916833035647
517,2,3,8,583,Fibroblast,T cell,COL4A1,CD44,CommuSpace_HS_01729,0.0048420159146189
517,3,3,8,2670,Fibroblast,T cell,VEGFA,CD44,CommuSpace_HS_07694,0.004651503637433
517,4,3,8,2541,Fibroblast,T cell,TIMP2,CD44,CommuSpace_HS_07444,0.0043154377490282
517,5,3,4,351,Fibroblast,Macrophage,CCL2,CCR1,CommuSpace_HS_00946,0.0037802848964929
517,6,3,4,2311,Fibroblast,Macrophage,SERPINE1,PLAUR,CommuSpace_HS_06869,0.0035899193026125
517,7,3,4,2670,Fibroblast,Macrophage,VEGFA,CD44,CommuSpace_HS_07694,0.0031219886150211
517,8,4,4,351,Macrophage,Macrophage,CCL2,CCR1,CommuSpace_HS_00946,0.0030591643881052
517,9,1,8,583,Endothelial,T cell,COL4A1,CD44,CommuSpace_HS_01729,0.0030381362885236
517,10,3,4,2530,Fibroblast,Macrophage,THY1,ITGAX,CommuSpace_HS_07427,0.002930017421022
518,1,4,4,1359,Macrophage,Macrophage,GNAI2,C5AR1,CommuSpace_HS_03953,0.0051916833035647
518,2,3,8,583,Fibroblast,T cell,COL4A1,CD44,CommuSpace_HS_01729,0.0048420159146189
518,3,3,8,2670,Fibroblast,T cell,VEGFA,CD44,CommuSpace_HS_07694,0.004651503637433
518,4,3,8,2541,Fibroblast,T cell,TIMP2,CD44,CommuSpace_HS_07444,0.0043154377490282
518,5,3,4,351,Fibroblast,Macrophage,CCL2,CCR1,CommuSpace_HS_00946,0.0037802848964929
518,6,3,4,2311,Fibroblast,Macrophage,SERPINE1,PLAUR,CommuSpace_HS_06869,0.0035899193026125
518,7,3,4,2670,Fibroblast,Macrophage,VEGFA,CD44,CommuSpace_HS_07694,0.0031219886150211
518,8,4,4,351,Macrophage,Macrophage,CCL2,CCR1,CommuSpace_HS_00946,0.0030591643881052
518,9,1,8,583,Endothelial,T cell,COL4A1,CD44,CommuSpace_HS_01729,0.0030381362885236
518,10,3,4,2530,Fibroblast,Macrophage,THY1,ITGAX,CommuSpace_HS_07427,0.002930017421022
519,1,4,4,1359,Macrophage,Macrophage,GNAI2,C5AR1,CommuSpace_HS_03953,0.0051916833035647
519,2,3,8,583,Fibroblast,T cell,COL4A1,CD44,CommuSpace_HS_01729,0.0048420159146189
519,3,3,8,2670,Fibroblast,T cell,VEGFA,CD44,CommuSpace_HS_07694,0.004651503637433
519,4,3,8,2541,Fibroblast,T cell,TIMP2,CD44,CommuSpace_HS_07444,0.0043154377490282
519,5,3,4,351,Fibroblast,Macrophage,CCL2,CCR1,CommuSpace_HS_00946,0.0037802848964929
519,6,3,4,2311,Fibroblast,Macrophage,SERPINE1,PLAUR,CommuSpace_HS_06869,0.0035899193026125
519,7,3,4,2670,Fibroblast,Macrophage,VEGFA,CD44,CommuSpace_HS_07694,0.0031219886150211
519,8,4,4,351,Macrophage,Macrophage,CCL2,CCR1,CommuSpace_HS_00946,0.0030591643881052
519,9,1,8,583,Endothelial,T cell,COL4A1,CD44,CommuSpace_HS_01729,0.0030381362885236
519,10,3,4,2530,Fibroblast,Macrophage,THY1,ITGAX,CommuSpace_HS_07427,0.002930017421022
520,1,4,4,1359,Macrophage,Macrophage,GNAI2,C5AR1,CommuSpace_HS_03953,0.0051916833035647
520,2,3,8,583,Fibroblast,T cell,COL4A1,CD44,CommuSpace_HS_01729,0.0048420159146189
520,3,3,8,2670,Fibroblast,T cell,VEGFA,CD44,CommuSpace_HS_07694,0.004651503637433
520,4,3,8,2541,Fibroblast,T cell,TIMP2,CD44,CommuSpace_HS_07444,0.0043154377490282
520,5,3,4,351,Fibroblast,Macrophage,CCL2,CCR1,CommuSpace_HS_00946,0.0037802848964929
520,6,3,4,2311,Fibroblast,Macrophage,SERPINE1,PLAUR,CommuSpace_HS_06869,0.0035899193026125
520,7,3,4,2670,Fibroblast,Macrophage,VEGFA,CD44,CommuSpace_HS_07694,0.0031219886150211
520,8,4,4,351,Macrophage,Macrophage,CCL2,CCR1,CommuSpace_HS_00946,0.0030591643881052
520,9,1,8,583,Endothelial,T cell,COL4A1,CD44,CommuSpace_HS_01729,0.0030381362885236
520,10,3,4,2530,Fibroblast,Macrophage,THY1,ITGAX,CommuSpace_HS_07427,0.002930017421022
521,1,4,4,1359,Macrophage,Macrophage,GNAI2,C5AR1,CommuSpace_HS_03953,0.0051916833035647
521,2,3,8,583,Fibroblast,T cell,COL4A1,CD44,CommuSpace_HS_01729,0.0048420159146189
521,3,3,8,2670,Fibroblast,T cell,VEGFA,CD44,CommuSpace_HS_07694,0.004651503637433
521,4,3,8,2541,Fibroblast,T cell,TIMP2,CD44,CommuSpace_HS_07444,0.0043154377490282
521,5,3,4,351,Fibroblast,Macrophage,CCL2,CCR1,CommuSpace_HS_00946,0.0037802848964929
521,6,3,4,2311,Fibroblast,Macrophage,SERPINE1,PLAUR,CommuSpace_HS_06869,0.0035899193026125
521,7,3,4,2670,Fibroblast,Macrophage,VEGFA,CD44,CommuSpace_HS_07694,0.0031219886150211
521,8,4,4,351,Macrophage,Macrophage,CCL2,CCR1,CommuSpace_HS_00946,0.0030591643881052
521,9,1,8,583,Endothelial,T cell,COL4A1,CD44,CommuSpace_HS_01729,0.0030381362885236
521,10,3,4,2530,Fibroblast,Macrophage,THY1,ITGAX,CommuSpace_HS_07427,0.002930017421022
522,1,4,4,1359,Macrophage,Macrophage,GNAI2,C5AR1,CommuSpace_HS_03953,0.0051916833035647
522,2,3,8,583,Fibroblast,T cell,COL4A1,CD44,CommuSpace_HS_01729,0.0048420159146189
522,3,3,8,2670,Fibroblast,T cell,VEGFA,CD44,CommuSpace_HS_07694,0.004651503637433
522,4,3,8,2541,Fibroblast,T cell,TIMP2,CD44,CommuSpace_HS_07444,0.0043154377490282
522,5,3,4,351,Fibroblast,Macrophage,CCL2,CCR1,CommuSpace_HS_00946,0.0037802848964929
522,6,3,4,2311,Fibroblast,Macrophage,SERPINE1,PLAUR,CommuSpace_HS_06869,0.0035899193026125
522,7,3,4,2670,Fibroblast,Macrophage,VEGFA,CD44,CommuSpace_HS_07694,0.0031219886150211
522,8,4,4,351,Macrophage,Macrophage,CCL2,CCR1,CommuSpace_HS_00946,0.0030591643881052
522,9,1,8,583,Endothelial,T cell,COL4A1,CD44,CommuSpace_HS_01729,0.0030381362885236
522,10,3,4,2530,Fibroblast,Macrophage,THY1,ITGAX,CommuSpace_HS_07427,0.002930017421022
523,1,4,4,1359,Macrophage,Macrophage,GNAI2,C5AR1,CommuSpace_HS_03953,0.0051916833035647
523,2,3,8,583,Fibroblast,T cell,COL4A1,CD44,CommuSpace_HS_01729,0.0048420159146189
523,3,3,8,2670,Fibroblast,T cell,VEGFA,CD44,CommuSpace_HS_07694,0.004651503637433
523,4,3,8,2541,Fibroblast,T cell,TIMP2,CD44,CommuSpace_HS_07444,0.0043154377490282
523,5,3,4,351,Fibroblast,Macrophage,CCL2,CCR1,CommuSpace_HS_00946,0.0037802848964929
523,6,3,4,2311,Fibroblast,Macrophage,SERPINE1,PLAUR,CommuSpace_HS_06869,0.0035899193026125
523,7,3,4,2670,Fibroblast,Macrophage,VEGFA,CD44,CommuSpace_HS_07694,0.0031219886150211
523,8,4,4,351,Macrophage,Macrophage,CCL2,CCR1,CommuSpace_HS_00946,0.0030591643881052
523,9,1,8,583,Endothelial,T cell,COL4A1,CD44,CommuSpace_HS_01729,0.0030381362885236
523,10,3,4,2530,Fibroblast,Macrophage,THY1,ITGAX,CommuSpace_HS_07427,0.002930017421022
524,1,4,4,1359,Macrophage,Macrophage,GNAI2,C5AR1,CommuSpace_HS_03953,0.0051916833035647
524,2,3,8,583,Fibroblast,T cell,COL4A1,CD44,CommuSpace_HS_01729,0.0048420159146189
524,3,3,8,2670,Fibroblast,T cell,VEGFA,CD44,CommuSpace_HS_07694,0.004651503637433
524,4,3,8,2541,Fibroblast,T cell,TIMP2,CD44,CommuSpace_HS_07444,0.0043154377490282
524,5,3,4,351,Fibroblast,Macrophage,CCL2,CCR1,CommuSpace_HS_00946,0.0037802848964929
524,6,3,4,2311,Fibroblast,Macrophage,SERPINE1,PLAUR,CommuSpace_HS_06869,0.0035899193026125
524,7,3,4,2670,Fibroblast,Macrophage,VEGFA,CD44,CommuSpace_HS_07694,0.0031219886150211
524,8,4,4,351,Macrophage,Macrophage,CCL2,CCR1,CommuSpace_HS_00946,0.0030591643881052
524,9,1,8,583,Endothelial,T cell,COL4A1,CD44,CommuSpace_HS_01729,0.0030381362885236
524,10,3,4,2530,Fibroblast,Macrophage,THY1,ITGAX,CommuSpace_HS_07427,0.002930017421022
525,1,4,4,1359,Macrophage,Macrophage,GNAI2,C5AR1,CommuSpace_HS_03953,0.0051916833035647
525,2,3,8,583,Fibroblast,T cell,COL4A1,CD44,CommuSpace_HS_01729,0.0048420159146189
525,3,3,8,2670,Fibroblast,T cell,VEGFA,CD44,CommuSpace_HS_07694,0.004651503637433
525,4,3,8,2541,Fibroblast,T cell,TIMP2,CD44,CommuSpace_HS_07444,0.0043154377490282
525,5,3,4,351,Fibroblast,Macrophage,CCL2,CCR1,CommuSpace_HS_00946,0.0037802848964929
525,6,3,4,2311,Fibroblast,Macrophage,SERPINE1,PLAUR,CommuSpace_HS_06869,0.0035899193026125
525,7,3,4,2670,Fibroblast,Macrophage,VEGFA,CD44,CommuSpace_HS_07694,0.0031219886150211
525,8,4,4,351,Macrophage,Macrophage,CCL2,CCR1,CommuSpace_HS_00946,0.0030591643881052
525,9,1,8,583,Endothelial,T cell,COL4A1,CD44,CommuSpace_HS_01729,0.0030381362885236
525,10,3,4,2530,Fibroblast,Macrophage,THY1,ITGAX,CommuSpace_HS_07427,0.002930017421022
526,1,4,4,1359,Macrophage,Macrophage,GNAI2,C5AR1,CommuSpace_HS_03953,0.0051914495415985
526,2,3,8,583,Fibroblast,T cell,COL4A1,CD44,CommuSpace_HS_01729,0.0048441905528306
526,3,3,8,2670,Fibroblast,T cell,VEGFA,CD44,CommuSpace_HS_07694,0.004654346499592
526,4,3,8,2541,Fibroblast,T cell,TIMP2,CD44,CommuSpace_HS_07444,0.004318468272686
526,5,3,4,351,Fibroblast,Macrophage,CCL2,CCR1,CommuSpace_HS_00946,0.003777106758207
526,6,3,4,2311,Fibroblast,Macrophage,SERPINE1,PLAUR,CommuSpace_HS_06869,0.0035870904102921
526,7,3,4,2670,Fibroblast,Macrophage,VEGFA,CD44,CommuSpace_HS_07694,0.0031219217926263
526,8,4,4,351,Macrophage,Macrophage,CCL2,CCR1,CommuSpace_HS_00946,0.0030589515808969
526,9,1,8,583,Endothelial,T cell,COL4A1,CD44,CommuSpace_HS_01729,0.003032686188817
526,10,3,4,2530,Fibroblast,Macrophage,THY1,ITGAX,CommuSpace_HS_07427,0.0029290441889315
527,1,4,4,1359,Macrophage,Macrophage,GNAI2,C5AR1,CommuSpace_HS_03953,0.0051916833035647
527,2,3,8,583,Fibroblast,T cell,COL4A1,CD44,CommuSpace_HS_01729,0.0048420159146189
527,3,3,8,2670,Fibroblast,T cell,VEGFA,CD44,CommuSpace_HS_07694,0.004651503637433
527,4,3,8,2541,Fibroblast,T cell,TIMP2,CD44,CommuSpace_HS_07444,0.0043154377490282
527,5,3,4,351,Fibroblast,Macrophage,CCL2,CCR1,CommuSpace_HS_00946,0.0037802848964929
527,6,3,4,2311,Fibroblast,Macrophage,SERPINE1,PLAUR,CommuSpace_HS_06869,0.0035899193026125
527,7,3,4,2670,Fibroblast,Macrophage,VEGFA,CD44,CommuSpace_HS_07694,0.0031219886150211
527,8,4,4,351,Macrophage,Macrophage,CCL2,CCR1,CommuSpace_HS_00946,0.0030591643881052
527,9,1,8,583,Endothelial,T cell,COL4A1,CD44,CommuSpace_HS_01729,0.0030381362885236
527,10,3,4,2530,Fibroblast,Macrophage,THY1,ITGAX,CommuSpace_HS_07427,0.002930017421022
528,1,4,4,1359,Macrophage,Macrophage,GNAI2,C5AR1,CommuSpace_HS_03953,0.0051916833035647
528,2,3,8,583,Fibroblast,T cell,COL4A1,CD44,CommuSpace_HS_01729,0.0048420159146189
528,3,3,8,2670,Fibroblast,T cell,VEGFA,CD44,CommuSpace_HS_07694,0.004651503637433
528,4,3,8,2541,Fibroblast,T cell,TIMP2,CD44,CommuSpace_HS_07444,0.0043154377490282
528,5,3,4,351,Fibroblast,Macrophage,CCL2,CCR1,CommuSpace_HS_00946,0.0037802848964929
528,6,3,4,2311,Fibroblast,Macrophage,SERPINE1,PLAUR,CommuSpace_HS_06869,0.0035899193026125
528,7,3,4,2670,Fibroblast,Macrophage,VEGFA,CD44,CommuSpace_HS_07694,0.0031219886150211
528,8,4,4,351,Macrophage,Macrophage,CCL2,CCR1,CommuSpace_HS_00946,0.0030591643881052
528,9,1,8,583,Endothelial,T cell,COL4A1,CD44,CommuSpace_HS_01729,0.0030381362885236
528,10,3,4,2530,Fibroblast,Macrophage,THY1,ITGAX,CommuSpace_HS_07427,0.002930017421022
529,1,4,4,1359,Macrophage,Macrophage,GNAI2,C5AR1,CommuSpace_HS_03953,0.0051916833035647
529,2,3,8,583,Fibroblast,T cell,COL4A1,CD44,CommuSpace_HS_01729,0.0048420159146189
529,3,3,8,2670,Fibroblast,T cell,VEGFA,CD44,CommuSpace_HS_07694,0.004651503637433
529,4,3,8,2541,Fibroblast,T cell,TIMP2,CD44,CommuSpace_HS_07444,0.0043154377490282
529,5,3,4,351,Fibroblast,Macrophage,CCL2,CCR1,CommuSpace_HS_00946,0.0037802848964929
529,6,3,4,2311,Fibroblast,Macrophage,SERPINE1,PLAUR,CommuSpace_HS_06869,0.0035899193026125
529,7,3,4,2670,Fibroblast,Macrophage,VEGFA,CD44,CommuSpace_HS_07694,0.0031219886150211
529,8,4,4,351,Macrophage,Macrophage,CCL2,CCR1,CommuSpace_HS_00946,0.0030591643881052
529,9,1,8,583,Endothelial,T cell,COL4A1,CD44,CommuSpace_HS_01729,0.0030381362885236
529,10,3,4,2530,Fibroblast,Macrophage,THY1,ITGAX,CommuSpace_HS_07427,0.002930017421022
530,1,4,4,1359,Macrophage,Macrophage,GNAI2,C5AR1,CommuSpace_HS_03953,0.0051916833035647
530,2,3,8,583,Fibroblast,T cell,COL4A1,CD44,CommuSpace_HS_01729,0.0048420159146189
530,3,3,8,2670,Fibroblast,T cell,VEGFA,CD44,CommuSpace_HS_07694,0.004651503637433
530,4,3,8,2541,Fibroblast,T cell,TIMP2,CD44,CommuSpace_HS_07444,0.0043154377490282
530,5,3,4,351,Fibroblast,Macrophage,CCL2,CCR1,CommuSpace_HS_00946,0.0037802848964929
530,6,3,4,2311,Fibroblast,Macrophage,SERPINE1,PLAUR,CommuSpace_HS_06869,0.0035899193026125
530,7,3,4,2670,Fibroblast,Macrophage,VEGFA,CD44,CommuSpace_HS_07694,0.0031219886150211
530,8,4,4,351,Macrophage,Macrophage,CCL2,CCR1,CommuSpace_HS_00946,0.0030591643881052
530,9,1,8,583,Endothelial,T cell,COL4A1,CD44,CommuSpace_HS_01729,0.0030381362885236
530,10,3,4,2530,Fibroblast,Macrophage,THY1,ITGAX,CommuSpace_HS_07427,0.002930017421022
531,1,4,4,1359,Macrophage,Macrophage,GNAI2,C5AR1,CommuSpace_HS_03953,0.0051916833035647
531,2,3,8,583,Fibroblast,T cell,COL4A1,CD44,CommuSpace_HS_01729,0.0048420159146189
531,3,3,8,2670,Fibroblast,T cell,VEGFA,CD44,CommuSpace_HS_07694,0.004651503637433
531,4,3,8,2541,Fibroblast,T cell,TIMP2,CD44,CommuSpace_HS_07444,0.0043154377490282
531,5,3,4,351,Fibroblast,Macrophage,CCL2,CCR1,CommuSpace_HS_00946,0.0037802848964929
531,6,3,4,2311,Fibroblast,Macrophage,SERPINE1,PLAUR,CommuSpace_HS_06869,0.0035899193026125
531,7,3,4,2670,Fibroblast,Macrophage,VEGFA,CD44,CommuSpace_HS_07694,0.0031219886150211
531,8,4,4,351,Macrophage,Macrophage,CCL2,CCR1,CommuSpace_HS_00946,0.0030591643881052
531,9,1,8,583,Endothelial,T cell,COL4A1,CD44,CommuSpace_HS_01729,0.0030381362885236
531,10,3,4,2530,Fibroblast,Macrophage,THY1,ITGAX,CommuSpace_HS_07427,0.002930017421022
532,1,4,4,1359,Macrophage,Macrophage,GNAI2,C5AR1,CommuSpace_HS_03953,0.0051916833035647
532,2,3,8,583,Fibroblast,T cell,COL4A1,CD44,CommuSpace_HS_01729,0.0048420159146189
532,3,3,8,2670,Fibroblast,T cell,VEGFA,CD44,CommuSpace_HS_07694,0.004651503637433
532,4,3,8,2541,Fibroblast,T cell,TIMP2,CD44,CommuSpace_HS_07444,0.0043154377490282
532,5,3,4,351,Fibroblast,Macrophage,CCL2,CCR1,CommuSpace_HS_00946,0.0037802848964929
532,6,3,4,2311,Fibroblast,Macrophage,SERPINE1,PLAUR,CommuSpace_HS_06869,0.0035899193026125
532,7,3,4,2670,Fibroblast,Macrophage,VEGFA,CD44,CommuSpace_HS_07694,0.0031219886150211
532,8,4,4,351,Macrophage,Macrophage,CCL2,CCR1,CommuSpace_HS_00946,0.0030591643881052
532,9,1,8,583,Endothelial,T cell,COL4A1,CD44,CommuSpace_HS_01729,0.0030381362885236
532,10,3,4,2530,Fibroblast,Macrophage,THY1,ITGAX,CommuSpace_HS_07427,0.002930017421022
533,1,4,4,1359,Macrophage,Macrophage,GNAI2,C5AR1,CommuSpace_HS_03953,0.0051916833035647
533,2,3,8,583,Fibroblast,T cell,COL4A1,CD44,CommuSpace_HS_01729,0.0048420159146189
533,3,3,8,2670,Fibroblast,T cell,VEGFA,CD44,CommuSpace_HS_07694,0.004651503637433
533,4,3,8,2541,Fibroblast,T cell,TIMP2,CD44,CommuSpace_HS_07444,0.0043154377490282
533,5,3,4,351,Fibroblast,Macrophage,CCL2,CCR1,CommuSpace_HS_00946,0.0037802848964929
533,6,3,4,2311,Fibroblast,Macrophage,SERPINE1,PLAUR,CommuSpace_HS_06869,0.0035899193026125
533,7,3,4,2670,Fibroblast,Macrophage,VEGFA,CD44,CommuSpace_HS_07694,0.0031219886150211
533,8,4,4,351,Macrophage,Macrophage,CCL2,CCR1,CommuSpace_HS_00946,0.0030591643881052
533,9,1,8,583,Endothelial,T cell,COL4A1,CD44,CommuSpace_HS_01729,0.0030381362885236
533,10,3,4,2530,Fibroblast,Macrophage,THY1,ITGAX,CommuSpace_HS_07427,0.002930017421022
534,1,4,4,1359,Macrophage,Macrophage,GNAI2,C5AR1,CommuSpace_HS_03953,0.0051916833035647
534,2,3,8,583,Fibroblast,T cell,COL4A1,CD44,CommuSpace_HS_01729,0.0048420159146189
534,3,3,8,2670,Fibroblast,T cell,VEGFA,CD44,CommuSpace_HS_07694,0.004651503637433
534,4,3,8,2541,Fibroblast,T cell,TIMP2,CD44,CommuSpace_HS_07444,0.0043154377490282
534,5,3,4,351,Fibroblast,Macrophage,CCL2,CCR1,CommuSpace_HS_00946,0.0037802848964929
534,6,3,4,2311,Fibroblast,Macrophage,SERPINE1,PLAUR,CommuSpace_HS_06869,0.0035899193026125
534,7,3,4,2670,Fibroblast,Macrophage,VEGFA,CD44,CommuSpace_HS_07694,0.0031219886150211
534,8,4,4,351,Macrophage,Macrophage,CCL2,CCR1,CommuSpace_HS_00946,0.0030591643881052
534,9,1,8,583,Endothelial,T cell,COL4A1,CD44,CommuSpace_HS_01729,0.0030381362885236
534,10,3,4,2530,Fibroblast,Macrophage,THY1,ITGAX,CommuSpace_HS_07427,0.002930017421022
535,1,4,4,1359,Macrophage,Macrophage,GNAI2,C5AR1,CommuSpace_HS_03953,0.0051916833035647
535,2,3,8,583,Fibroblast,T cell,COL4A1,CD44,CommuSpace_HS_01729,0.0048420159146189
535,3,3,8,2670,Fibroblast,T cell,VEGFA,CD44,CommuSpace_HS_07694,0.004651503637433
535,4,3,8,2541,Fibroblast,T cell,TIMP2,CD44,CommuSpace_HS_07444,0.0043154377490282
535,5,3,4,351,Fibroblast,Macrophage,CCL2,CCR1,CommuSpace_HS_00946,0.0037802848964929
535,6,3,4,2311,Fibroblast,Macrophage,SERPINE1,PLAUR,CommuSpace_HS_06869,0.0035899193026125
535,7,3,4,2670,Fibroblast,Macrophage,VEGFA,CD44,CommuSpace_HS_07694,0.0031219886150211
535,8,4,4,351,Macrophage,Macrophage,CCL2,CCR1,CommuSpace_HS_00946,0.0030591643881052
535,9,1,8,583,Endothelial,T cell,COL4A1,CD44,CommuSpace_HS_01729,0.0030381362885236
535,10,3,4,2530,Fibroblast,Macrophage,THY1,ITGAX,CommuSpace_HS_07427,0.002930017421022
536,1,4,4,1359,Macrophage,Macrophage,GNAI2,C5AR1,CommuSpace_HS_03953,0.0051916833035647
536,2,3,8,583,Fibroblast,T cell,COL4A1,CD44,CommuSpace_HS_01729,0.0048420159146189
536,3,3,8,2670,Fibroblast,T cell,VEGFA,CD44,CommuSpace_HS_07694,0.004651503637433
536,4,3,8,2541,Fibroblast,T cell,TIMP2,CD44,CommuSpace_HS_07444,0.0043154377490282
536,5,3,4,351,Fibroblast,Macrophage,CCL2,CCR1,CommuSpace_HS_00946,0.0037802848964929
536,6,3,4,2311,Fibroblast,Macrophage,SERPINE1,PLAUR,CommuSpace_HS_06869,0.0035899193026125
536,7,3,4,2670,Fibroblast,Macrophage,VEGFA,CD44,CommuSpace_HS_07694,0.0031219886150211
536,8,4,4,351,Macrophage,Macrophage,CCL2,CCR1,CommuSpace_HS_00946,0.0030591643881052
536,9,1,8,583,Endothelial,T cell,COL4A1,CD44,CommuSpace_HS_01729,0.0030381362885236
536,10,3,4,2530,Fibroblast,Macrophage,THY1,ITGAX,CommuSpace_HS_07427,0.002930017421022
537,1,4,4,1359,Macrophage,Macrophage,GNAI2,C5AR1,CommuSpace_HS_03953,0.0051916833035647
537,2,3,8,583,Fibroblast,T cell,COL4A1,CD44,CommuSpace_HS_01729,0.0048420159146189
537,3,3,8,2670,Fibroblast,T cell,VEGFA,CD44,CommuSpace_HS_07694,0.004651503637433
537,4,3,8,2541,Fibroblast,T cell,TIMP2,CD44,CommuSpace_HS_07444,0.0043154377490282
537,5,3,4,351,Fibroblast,Macrophage,CCL2,CCR1,CommuSpace_HS_00946,0.0037802848964929
537,6,3,4,2311,Fibroblast,Macrophage,SERPINE1,PLAUR,CommuSpace_HS_06869,0.0035899193026125
537,7,3,4,2670,Fibroblast,Macrophage,VEGFA,CD44,CommuSpace_HS_07694,0.0031219886150211
537,8,4,4,351,Macrophage,Macrophage,CCL2,CCR1,CommuSpace_HS_00946,0.0030591643881052
537,9,1,8,583,Endothelial,T cell,COL4A1,CD44,CommuSpace_HS_01729,0.0030381362885236
537,10,3,4,2530,Fibroblast,Macrophage,THY1,ITGAX,CommuSpace_HS_07427,0.002930017421022
538,1,3,8,2547,Fibroblast,T cell,TIMP3,CD44,CommuSpace_HS_07452,0.4298275411128998
538,2,3,8,2541,Fibroblast,T cell,TIMP2,CD44,CommuSpace_HS_07444,0.01440638769418
538,3,3,8,2670,Fibroblast,T cell,VEGFA,CD44,CommuSpace_HS_07694,0.0138665661215782
538,4,3,8,583,Fibroblast,T cell,COL4A1,CD44,CommuSpace_HS_01729,0.0114176077768206
538,5,3,4,2311,Fibroblast,Macrophage,SERPINE1,PLAUR,CommuSpace_HS_06869,0.0034030030947178
538,6,4,4,1359,Macrophage,Macrophage,GNAI2,C5AR1,CommuSpace_HS_03953,0.002562889130786
538,7,3,4,351,Fibroblast,Macrophage,CCL2,CCR1,CommuSpace_HS_00946,0.0019361501326784
538,8,3,4,2670,Fibroblast,Macrophage,VEGFA,CD44,CommuSpace_HS_07694,0.0017102573765441
538,9,1,8,583,Endothelial,T cell,COL4A1,CD44,CommuSpace_HS_01729,0.0016221745172515
538,10,3,4,2530,Fibroblast,Macrophage,THY1,ITGAX,CommuSpace_HS_07427,0.0015720915980637
539,1,4,4,1359,Macrophage,Macrophage,GNAI2,C5AR1,CommuSpace_HS_03953,0.0051916833035647
539,2,3,8,583,Fibroblast,T cell,COL4A1,CD44,CommuSpace_HS_01729,0.0048420159146189
539,3,3,8,2670,Fibroblast,T cell,VEGFA,CD44,CommuSpace_HS_07694,0.004651503637433
539,4,3,8,2541,Fibroblast,T cell,TIMP2,CD44,CommuSpace_HS_07444,0.0043154377490282
539,5,3,4,351,Fibroblast,Macrophage,CCL2,CCR1,CommuSpace_HS_00946,0.0037802848964929
539,6,3,4,2311,Fibroblast,Macrophage,SERPINE1,PLAUR,CommuSpace_HS_06869,0.0035899193026125
539,7,3,4,2670,Fibroblast,Macrophage,VEGFA,CD44,CommuSpace_HS_07694,0.0031219886150211
539,8,4,4,351,Macrophage,Macrophage,CCL2,CCR1,CommuSpace_HS_00946,0.0030591643881052
539,9,1,8,583,Endothelial,T cell,COL4A1,CD44,CommuSpace_HS_01729,0.0030381362885236
539,10,3,4,2530,Fibroblast,Macrophage,THY1,ITGAX,CommuSpace_HS_07427,0.002930017421022
540,1,4,4,1359,Macrophage,Macrophage,GNAI2,C5AR1,CommuSpace_HS_03953,0.0051916833035647
540,2,3,8,583,Fibroblast,T cell,COL4A1,CD44,CommuSpace_HS_01729,0.0048420159146189
540,3,3,8,2670,Fibroblast,T cell,VEGFA,CD44,CommuSpace_HS_07694,0.004651503637433
540,4,3,8,2541,Fibroblast,T cell,TIMP2,CD44,CommuSpace_HS_07444,0.0043154377490282
540,5,3,4,351,Fibroblast,Macrophage,CCL2,CCR1,CommuSpace_HS_00946,0.0037802848964929
540,6,3,4,2311,Fibroblast,Macrophage,SERPINE1,PLAUR,CommuSpace_HS_06869,0.0035899193026125
540,7,3,4,2670,Fibroblast,Macrophage,VEGFA,CD44,CommuSpace_HS_07694,0.0031219886150211
540,8,4,4,351,Macrophage,Macrophage,CCL2,CCR1,CommuSpace_HS_00946,0.0030591643881052
540,9,1,8,583,Endothelial,T cell,COL4A1,CD44,CommuSpace_HS_01729,0.0030381362885236
540,10,3,4,2530,Fibroblast,Macrophage,THY1,ITGAX,CommuSpace_HS_07427,0.002930017421022
541,1,4,4,1359,Macrophage,Macrophage,GNAI2,C5AR1,CommuSpace_HS_03953,0.0051916833035647
541,2,3,8,583,Fibroblast,T cell,COL4A1,CD44,CommuSpace_HS_01729,0.0048420159146189
541,3,3,8,2670,Fibroblast,T cell,VEGFA,CD44,CommuSpace_HS_07694,0.004651503637433
541,4,3,8,2541,Fibroblast,T cell,TIMP2,CD44,CommuSpace_HS_07444,0.0043154377490282
541,5,3,4,351,Fibroblast,Macrophage,CCL2,CCR1,CommuSpace_HS_00946,0.0037802848964929
541,6,3,4,2311,Fibroblast,Macrophage,SERPINE1,PLAUR,CommuSpace_HS_06869,0.0035899193026125
541,7,3,4,2670,Fibroblast,Macrophage,VEGFA,CD44,CommuSpace_HS_07694,0.0031219886150211
541,8,4,4,351,Macrophage,Macrophage,CCL2,CCR1,CommuSpace_HS_00946,0.0030591643881052
541,9,1,8,583,Endothelial,T cell,COL4A1,CD44,CommuSpace_HS_01729,0.0030381362885236
541,10,3,4,2530,Fibroblast,Macrophage,THY1,ITGAX,CommuSpace_HS_07427,0.002930017421022
542,1,4,4,1359,Macrophage,Macrophage,GNAI2,C5AR1,CommuSpace_HS_03953,0.005191727541387
542,2,3,8,583,Fibroblast,T cell,COL4A1,CD44,CommuSpace_HS_01729,0.0048420624807477
542,3,3,8,2670,Fibroblast,T cell,VEGFA,CD44,CommuSpace_HS_07694,0.0046515385620296
542,4,3,8,2541,Fibroblast,T cell,TIMP2,CD44,CommuSpace_HS_07444,0.0043154661543667
542,5,3,4,351,Fibroblast,Macrophage,CCL2,CCR1,CommuSpace_HS_00946,0.0037740180268883
542,6,3,4,2311,Fibroblast,Macrophage,SERPINE1,PLAUR,CommuSpace_HS_06869,0.0035834074951708
542,7,3,4,2670,Fibroblast,Macrophage,VEGFA,CD44,CommuSpace_HS_07694,0.0031220433302223
542,8,4,4,351,Macrophage,Macrophage,CCL2,CCR1,CommuSpace_HS_00946,0.0030590486712753
542,9,1,8,583,Endothelial,T cell,COL4A1,CD44,CommuSpace_HS_01729,0.0030365043785423
542,10,3,4,2530,Fibroblast,Macrophage,THY1,ITGAX,CommuSpace_HS_07427,0.002929427428171
543,1,4,4,1359,Macrophage,Macrophage,GNAI2,C5AR1,CommuSpace_HS_03953,0.0051916833035647
543,2,3,8,583,Fibroblast,T cell,COL4A1,CD44,CommuSpace_HS_01729,0.0048420159146189
543,3,3,8,2670,Fibroblast,T cell,VEGFA,CD44,CommuSpace_HS_07694,0.004651503637433
543,4,3,8,2541,Fibroblast,T cell,TIMP2,CD44,CommuSpace_HS_07444,0.0043154377490282
543,5,3,4,351,Fibroblast,Macrophage,CCL2,CCR1,CommuSpace_HS_00946,0.0037802848964929
543,6,3,4,2311,Fibroblast,Macrophage,SERPINE1,PLAUR,CommuSpace_HS_06869,0.0035899193026125
543,7,3,4,2670,Fibroblast,Macrophage,VEGFA,CD44,CommuSpace_HS_07694,0.0031219886150211
543,8,4,4,351,Macrophage,Macrophage,CCL2,CCR1,CommuSpace_HS_00946,0.0030591643881052
543,9,1,8,583,Endothelial,T cell,COL4A1,CD44,CommuSpace_HS_01729,0.0030381362885236
543,10,3,4,2530,Fibroblast,Macrophage,THY1,ITGAX,CommuSpace_HS_07427,0.002930017421022
544,1,4,4,1359,Macrophage,Macrophage,GNAI2,C5AR1,CommuSpace_HS_03953,0.0051916833035647
544,2,3,8,583,Fibroblast,T cell,COL4A1,CD44,CommuSpace_HS_01729,0.0048420159146189
544,3,3,8,2670,Fibroblast,T cell,VEGFA,CD44,CommuSpace_HS_07694,0.004651503637433
544,4,3,8,2541,Fibroblast,T cell,TIMP2,CD44,CommuSpace_HS_07444,0.0043154377490282
544,5,3,4,351,Fibroblast,Macrophage,CCL2,CCR1,CommuSpace_HS_00946,0.0037802848964929
544,6,3,4,2311,Fibroblast,Macrophage,SERPINE1,PLAUR,CommuSpace_HS_06869,0.0035899193026125
544,7,3,4,2670,Fibroblast,Macrophage,VEGFA,CD44,CommuSpace_HS_07694,0.0031219886150211
544,8,4,4,351,Macrophage,Macrophage,CCL2,CCR1,CommuSpace_HS_00946,0.0030591643881052
544,9,1,8,583,Endothelial,T cell,COL4A1,CD44,CommuSpace_HS_01729,0.0030381362885236
544,10,3,4,2530,Fibroblast,Macrophage,THY1,ITGAX,CommuSpace_HS_07427,0.002930017421022
545,1,4,4,1359,Macrophage,Macrophage,GNAI2,C5AR1,CommuSpace_HS_03953,0.0051916833035647
545,2,3,8,583,Fibroblast,T cell,COL4A1,CD44,CommuSpace_HS_01729,0.0048420159146189
545,3,3,8,2670,Fibroblast,T cell,VEGFA,CD44,CommuSpace_HS_07694,0.004651503637433
545,4,3,8,2541,Fibroblast,T cell,TIMP2,CD44,CommuSpace_HS_07444,0.0043154377490282
545,5,3,4,351,Fibroblast,Macrophage,CCL2,CCR1,CommuSpace_HS_00946,0.0037802848964929
545,6,3,4,2311,Fibroblast,Macrophage,SERPINE1,PLAUR,CommuSpace_HS_06869,0.0035899193026125
545,7,3,4,2670,Fibroblast,Macrophage,VEGFA,CD44,CommuSpace_HS_07694,0.0031219886150211
545,8,4,4,351,Macrophage,Macrophage,CCL2,CCR1,CommuSpace_HS_00946,0.0030591643881052
545,9,1,8,583,Endothelial,T cell,COL4A1,CD44,CommuSpace_HS_01729,0.0030381362885236
545,10,3,4,2530,Fibroblast,Macrophage,THY1,ITGAX,CommuSpace_HS_07427,0.002930017421022
546,1,4,4,1359,Macrophage,Macrophage,GNAI2,C5AR1,CommuSpace_HS_03953,0.0051916833035647
546,2,3,8,583,Fibroblast,T cell,COL4A1,CD44,CommuSpace_HS_01729,0.0048420159146189
546,3,3,8,2670,Fibroblast,T cell,VEGFA,CD44,CommuSpace_HS_07694,0.004651503637433
546,4,3,8,2541,Fibroblast,T cell,TIMP2,CD44,CommuSpace_HS_07444,0.0043154377490282
546,5,3,4,351,Fibroblast,Macrophage,CCL2,CCR1,CommuSpace_HS_00946,0.0037802848964929
546,6,3,4,2311,Fibroblast,Macrophage,SERPINE1,PLAUR,CommuSpace_HS_06869,0.0035899193026125
546,7,3,4,2670,Fibroblast,Macrophage,VEGFA,CD44,CommuSpace_HS_07694,0.0031219886150211
546,8,4,4,351,Macrophage,Macrophage,CCL2,CCR1,CommuSpace_HS_00946,0.0030591643881052
546,9,1,8,583,Endothelial,T cell,COL4A1,CD44,CommuSpace_HS_01729,0.0030381362885236
546,10,3,4,2530,Fibroblast,Macrophage,THY1,ITGAX,CommuSpace_HS_07427,0.002930017421022
547,1,4,4,1359,Macrophage,Macrophage,GNAI2,C5AR1,CommuSpace_HS_03953,0.0051916833035647
547,2,3,8,583,Fibroblast,T cell,COL4A1,CD44,CommuSpace_HS_01729,0.0048420159146189
547,3,3,8,2670,Fibroblast,T cell,VEGFA,CD44,CommuSpace_HS_07694,0.004651503637433
547,4,3,8,2541,Fibroblast,T cell,TIMP2,CD44,CommuSpace_HS_07444,0.0043154377490282
547,5,3,4,351,Fibroblast,Macrophage,CCL2,CCR1,CommuSpace_HS_00946,0.0037802848964929
547,6,3,4,2311,Fibroblast,Macrophage,SERPINE1,PLAUR,CommuSpace_HS_06869,0.0035899193026125
547,7,3,4,2670,Fibroblast,Macrophage,VEGFA,CD44,CommuSpace_HS_07694,0.0031219886150211
547,8,4,4,351,Macrophage,Macrophage,CCL2,CCR1,CommuSpace_HS_00946,0.0030591643881052
547,9,1,8,583,Endothelial,T cell,COL4A1,CD44,CommuSpace_HS_01729,0.0030381362885236
547,10,3,4,2530,Fibroblast,Macrophage,THY1,ITGAX,CommuSpace_HS_07427,0.002930017421022
548,1,4,4,1359,Macrophage,Macrophage,GNAI2,C5AR1,CommuSpace_HS_03953,0.0051916833035647
548,2,3,8,583,Fibroblast,T cell,COL4A1,CD44,CommuSpace_HS_01729,0.0048420159146189
548,3,3,8,2670,Fibroblast,T cell,VEGFA,CD44,CommuSpace_HS_07694,0.004651503637433
548,4,3,8,2541,Fibroblast,T cell,TIMP2,CD44,CommuSpace_HS_07444,0.0043154377490282
548,5,3,4,351,Fibroblast,Macrophage,CCL2,CCR1,CommuSpace_HS_00946,0.0037802848964929
548,6,3,4,2311,Fibroblast,Macrophage,SERPINE1,PLAUR,CommuSpace_HS_06869,0.0035899193026125
548,7,3,4,2670,Fibroblast,Macrophage,VEGFA,CD44,CommuSpace_HS_07694,0.0031219886150211
548,8,4,4,351,Macrophage,Macrophage,CCL2,CCR1,CommuSpace_HS_00946,0.0030591643881052
548,9,1,8,583,Endothelial,T cell,COL4A1,CD44,CommuSpace_HS_01729,0.0030381362885236
548,10,3,4,2530,Fibroblast,Macrophage,THY1,ITGAX,CommuSpace_HS_07427,0.002930017421022
549,1,4,4,1359,Macrophage,Macrophage,GNAI2,C5AR1,CommuSpace_HS_03953,0.0051916833035647
549,2,3,8,583,Fibroblast,T cell,COL4A1,CD44,CommuSpace_HS_01729,0.0048420159146189
549,3,3,8,2670,Fibroblast,T cell,VEGFA,CD44,CommuSpace_HS_07694,0.004651503637433
549,4,3,8,2541,Fibroblast,T cell,TIMP2,CD44,CommuSpace_HS_07444,0.0043154377490282
549,5,3,4,351,Fibroblast,Macrophage,CCL2,CCR1,CommuSpace_HS_00946,0.0037802848964929
549,6,3,4,2311,Fibroblast,Macrophage,SERPINE1,PLAUR,CommuSpace_HS_06869,0.0035899193026125
549,7,3,4,2670,Fibroblast,Macrophage,VEGFA,CD44,CommuSpace_HS_07694,0.0031219886150211
549,8,4,4,351,Macrophage,Macrophage,CCL2,CCR1,CommuSpace_HS_00946,0.0030591643881052
549,9,1,8,583,Endothelial,T cell,COL4A1,CD44,CommuSpace_HS_01729,0.0030381362885236
549,10,3,4,2530,Fibroblast,Macrophage,THY1,ITGAX,CommuSpace_HS_07427,0.002930017421022
550,1,4,4,1359,Macrophage,Macrophage,GNAI2,C5AR1,CommuSpace_HS_03953,0.0051916833035647
550,2,3,8,583,Fibroblast,T cell,COL4A1,CD44,CommuSpace_HS_01729,0.0048420159146189
550,3,3,8,2670,Fibroblast,T cell,VEGFA,CD44,CommuSpace_HS_07694,0.004651503637433
550,4,3,8,2541,Fibroblast,T cell,TIMP2,CD44,CommuSpace_HS_07444,0.0043154377490282
550,5,3,4,351,Fibroblast,Macrophage,CCL2,CCR1,CommuSpace_HS_00946,0.0037802848964929
550,6,3,4,2311,Fibroblast,Macrophage,SERPINE1,PLAUR,CommuSpace_HS_06869,0.0035899193026125
550,7,3,4,2670,Fibroblast,Macrophage,VEGFA,CD44,CommuSpace_HS_07694,0.0031219886150211
550,8,4,4,351,Macrophage,Macrophage,CCL2,CCR1,CommuSpace_HS_00946,0.0030591643881052
550,9,1,8,583,Endothelial,T cell,COL4A1,CD44,CommuSpace_HS_01729,0.0030381362885236
550,10,3,4,2530,Fibroblast,Macrophage,THY1,ITGAX,CommuSpace_HS_07427,0.002930017421022
551,1,4,4,1359,Macrophage,Macrophage,GNAI2,C5AR1,CommuSpace_HS_03953,0.0051916833035647
551,2,3,8,583,Fibroblast,T cell,COL4A1,CD44,CommuSpace_HS_01729,0.0048420159146189
551,3,3,8,2670,Fibroblast,T cell,VEGFA,CD44,CommuSpace_HS_07694,0.004651503637433
551,4,3,8,2541,Fibroblast,T cell,TIMP2,CD44,CommuSpace_HS_07444,0.0043154377490282
551,5,3,4,351,Fibroblast,Macrophage,CCL2,CCR1,CommuSpace_HS_00946,0.0037802848964929
551,6,3,4,2311,Fibroblast,Macrophage,SERPINE1,PLAUR,CommuSpace_HS_06869,0.0035899193026125
551,7,3,4,2670,Fibroblast,Macrophage,VEGFA,CD44,CommuSpace_HS_07694,0.0031219886150211
551,8,4,4,351,Macrophage,Macrophage,CCL2,CCR1,CommuSpace_HS_00946,0.0030591643881052
551,9,1,8,583,Endothelial,T cell,COL4A1,CD44,CommuSpace_HS_01729,0.0030381362885236
551,10,3,4,2530,Fibroblast,Macrophage,THY1,ITGAX,CommuSpace_HS_07427,0.002930017421022
552,1,4,4,1359,Macrophage,Macrophage,GNAI2,C5AR1,CommuSpace_HS_03953,0.0051916833035647
552,2,3,8,583,Fibroblast,T cell,COL4A1,CD44,CommuSpace_HS_01729,0.0048420159146189
552,3,3,8,2670,Fibroblast,T cell,VEGFA,CD44,CommuSpace_HS_07694,0.004651503637433
552,4,3,8,2541,Fibroblast,T cell,TIMP2,CD44,CommuSpace_HS_07444,0.0043154377490282
552,5,3,4,351,Fibroblast,Macrophage,CCL2,CCR1,CommuSpace_HS_00946,0.0037802848964929
552,6,3,4,2311,Fibroblast,Macrophage,SERPINE1,PLAUR,CommuSpace_HS_06869,0.0035899193026125
552,7,3,4,2670,Fibroblast,Macrophage,VEGFA,CD44,CommuSpace_HS_07694,0.0031219886150211
552,8,4,4,351,Macrophage,Macrophage,CCL2,CCR1,CommuSpace_HS_00946,0.0030591643881052
552,9,1,8,583,Endothelial,T cell,COL4A1,CD44,CommuSpace_HS_01729,0.0030381362885236
552,10,3,4,2530,Fibroblast,Macrophage,THY1,ITGAX,CommuSpace_HS_07427,0.002930017421022
553,1,4,4,1359,Macrophage,Macrophage,GNAI2,C5AR1,CommuSpace_HS_03953,0.0051916833035647
553,2,3,8,583,Fibroblast,T cell,COL4A1,CD44,CommuSpace_HS_01729,0.0048420159146189
553,3,3,8,2670,Fibroblast,T cell,VEGFA,CD44,CommuSpace_HS_07694,0.004651503637433
553,4,3,8,2541,Fibroblast,T cell,TIMP2,CD44,CommuSpace_HS_07444,0.0043154377490282
553,5,3,4,351,Fibroblast,Macrophage,CCL2,CCR1,CommuSpace_HS_00946,0.0037802848964929
553,6,3,4,2311,Fibroblast,Macrophage,SERPINE1,PLAUR,CommuSpace_HS_06869,0.0035899193026125
553,7,3,4,2670,Fibroblast,Macrophage,VEGFA,CD44,CommuSpace_HS_07694,0.0031219886150211
553,8,4,4,351,Macrophage,Macrophage,CCL2,CCR1,CommuSpace_HS_00946,0.0030591643881052
553,9,1,8,583,Endothelial,T cell,COL4A1,CD44,CommuSpace_HS_01729,0.0030381362885236
553,10,3,4,2530,Fibroblast,Macrophage,THY1,ITGAX,CommuSpace_HS_07427,0.002930017421022
554,1,4,4,1359,Macrophage,Macrophage,GNAI2,C5AR1,CommuSpace_HS_03953,0.0051916833035647
554,2,3,8,583,Fibroblast,T cell,COL4A1,CD44,CommuSpace_HS_01729,0.0048420159146189
554,3,3,8,2670,Fibroblast,T cell,VEGFA,CD44,CommuSpace_HS_07694,0.004651503637433
554,4,3,8,2541,Fibroblast,T cell,TIMP2,CD44,CommuSpace_HS_07444,0.0043154377490282
554,5,3,4,351,Fibroblast,Macrophage,CCL2,CCR1,CommuSpace_HS_00946,0.0037802848964929
554,6,3,4,2311,Fibroblast,Macrophage,SERPINE1,PLAUR,CommuSpace_HS_06869,0.0035899193026125
554,7,3,4,2670,Fibroblast,Macrophage,VEGFA,CD44,CommuSpace_HS_07694,0.0031219886150211
554,8,4,4,351,Macrophage,Macrophage,CCL2,CCR1,CommuSpace_HS_00946,0.0030591643881052
554,9,1,8,583,Endothelial,T cell,COL4A1,CD44,CommuSpace_HS_01729,0.0030381362885236
554,10,3,4,2530,Fibroblast,Macrophage,THY1,ITGAX,CommuSpace_HS_07427,0.002930017421022
555,1,4,4,1359,Macrophage,Macrophage,GNAI2,C5AR1,CommuSpace_HS_03953,0.0051916833035647
555,2,3,8,583,Fibroblast,T cell,COL4A1,CD44,CommuSpace_HS_01729,0.0048420159146189
555,3,3,8,2670,Fibroblast,T cell,VEGFA,CD44,CommuSpace_HS_07694,0.004651503637433
555,4,3,8,2541,Fibroblast,T cell,TIMP2,CD44,CommuSpace_HS_07444,0.0043154377490282
555,5,3,4,351,Fibroblast,Macrophage,CCL2,CCR1,CommuSpace_HS_00946,0.0037802848964929
555,6,3,4,2311,Fibroblast,Macrophage,SERPINE1,PLAUR,CommuSpace_HS_06869,0.0035899193026125
555,7,3,4,2670,Fibroblast,Macrophage,VEGFA,CD44,CommuSpace_HS_07694,0.0031219886150211
555,8,4,4,351,Macrophage,Macrophage,CCL2,CCR1,CommuSpace_HS_00946,0.0030591643881052
555,9,1,8,583,Endothelial,T cell,COL4A1,CD44,CommuSpace_HS_01729,0.0030381362885236
555,10,3,4,2530,Fibroblast,Macrophage,THY1,ITGAX,CommuSpace_HS_07427,0.002930017421022
556,1,4,4,1359,Macrophage,Macrophage,GNAI2,C5AR1,CommuSpace_HS_03953,0.0051916833035647
556,2,3,8,583,Fibroblast,T cell,COL4A1,CD44,CommuSpace_HS_01729,0.0048420159146189
556,3,3,8,2670,Fibroblast,T cell,VEGFA,CD44,CommuSpace_HS_07694,0.004651503637433
556,4,3,8,2541,Fibroblast,T cell,TIMP2,CD44,CommuSpace_HS_07444,0.0043154377490282
556,5,3,4,351,Fibroblast,Macrophage,CCL2,CCR1,CommuSpace_HS_00946,0.0037802848964929
556,6,3,4,2311,Fibroblast,Macrophage,SERPINE1,PLAUR,CommuSpace_HS_06869,0.0035899193026125
556,7,3,4,2670,Fibroblast,Macrophage,VEGFA,CD44,CommuSpace_HS_07694,0.0031219886150211
556,8,4,4,351,Macrophage,Macrophage,CCL2,CCR1,CommuSpace_HS_00946,0.0030591643881052
556,9,1,8,583,Endothelial,T cell,COL4A1,CD44,CommuSpace_HS_01729,0.0030381362885236
556,10,3,4,2530,Fibroblast,Macrophage,THY1,ITGAX,CommuSpace_HS_07427,0.002930017421022
557,1,4,4,1359,Macrophage,Macrophage,GNAI2,C5AR1,CommuSpace_HS_03953,0.0051916833035647
557,2,3,8,583,Fibroblast,T cell,COL4A1,CD44,CommuSpace_HS_01729,0.0048420159146189
557,3,3,8,2670,Fibroblast,T cell,VEGFA,CD44,CommuSpace_HS_07694,0.004651503637433
557,4,3,8,2541,Fibroblast,T cell,TIMP2,CD44,CommuSpace_HS_07444,0.0043154377490282
557,5,3,4,351,Fibroblast,Macrophage,CCL2,CCR1,CommuSpace_HS_00946,0.0037802848964929
557,6,3,4,2311,Fibroblast,Macrophage,SERPINE1,PLAUR,CommuSpace_HS_06869,0.0035899193026125
557,7,3,4,2670,Fibroblast,Macrophage,VEGFA,CD44,CommuSpace_HS_07694,0.0031219886150211
557,8,4,4,351,Macrophage,Macrophage,CCL2,CCR1,CommuSpace_HS_00946,0.0030591643881052
557,9,1,8,583,Endothelial,T cell,COL4A1,CD44,CommuSpace_HS_01729,0.0030381362885236
557,10,3,4,2530,Fibroblast,Macrophage,THY1,ITGAX,CommuSpace_HS_07427,0.002930017421022
558,1,4,4,1359,Macrophage,Macrophage,GNAI2,C5AR1,CommuSpace_HS_03953,0.0051916833035647
558,2,3,8,583,Fibroblast,T cell,COL4A1,CD44,CommuSpace_HS_01729,0.0048420159146189
558,3,3,8,2670,Fibroblast,T cell,VEGFA,CD44,CommuSpace_HS_07694,0.004651503637433
558,4,3,8,2541,Fibroblast,T cell,TIMP2,CD44,CommuSpace_HS_07444,0.0043154377490282
558,5,3,4,351,Fibroblast,Macrophage,CCL2,CCR1,CommuSpace_HS_00946,0.0037802848964929
558,6,3,4,2311,Fibroblast,Macrophage,SERPINE1,PLAUR,CommuSpace_HS_06869,0.0035899193026125
558,7,3,4,2670,Fibroblast,Macrophage,VEGFA,CD44,CommuSpace_HS_07694,0.0031219886150211
558,8,4,4,351,Macrophage,Macrophage,CCL2,CCR1,CommuSpace_HS_00946,0.0030591643881052
558,9,1,8,583,Endothelial,T cell,COL4A1,CD44,CommuSpace_HS_01729,0.0030381362885236
558,10,3,4,2530,Fibroblast,Macrophage,THY1,ITGAX,CommuSpace_HS_07427,0.002930017421022
559,1,4,4,1359,Macrophage,Macrophage,GNAI2,C5AR1,CommuSpace_HS_03953,0.0051916833035647
559,2,3,8,583,Fibroblast,T cell,COL4A1,CD44,CommuSpace_HS_01729,0.0048420159146189
559,3,3,8,2670,Fibroblast,T cell,VEGFA,CD44,CommuSpace_HS_07694,0.004651503637433
559,4,3,8,2541,Fibroblast,T cell,TIMP2,CD44,CommuSpace_HS_07444,0.0043154377490282
559,5,3,4,351,Fibroblast,Macrophage,CCL2,CCR1,CommuSpace_HS_00946,0.0037802848964929
559,6,3,4,2311,Fibroblast,Macrophage,SERPINE1,PLAUR,CommuSpace_HS_06869,0.0035899193026125
559,7,3,4,2670,Fibroblast,Macrophage,VEGFA,CD44,CommuSpace_HS_07694,0.0031219886150211
559,8,4,4,351,Macrophage,Macrophage,CCL2,CCR1,CommuSpace_HS_00946,0.0030591643881052
559,9,1,8,583,Endothelial,T cell,COL4A1,CD44,CommuSpace_HS_01729,0.0030381362885236
559,10,3,4,2530,Fibroblast,Macrophage,THY1,ITGAX,CommuSpace_HS_07427,0.002930017421022
560,1,4,4,1359,Macrophage,Macrophage,GNAI2,C5AR1,CommuSpace_HS_03953,0.0051916833035647
560,2,3,8,583,Fibroblast,T cell,COL4A1,CD44,CommuSpace_HS_01729,0.0048420159146189
560,3,3,8,2670,Fibroblast,T cell,VEGFA,CD44,CommuSpace_HS_07694,0.004651503637433
560,4,3,8,2541,Fibroblast,T cell,TIMP2,CD44,CommuSpace_HS_07444,0.0043154377490282
560,5,3,4,351,Fibroblast,Macrophage,CCL2,CCR1,CommuSpace_HS_00946,0.0037802848964929
560,6,3,4,2311,Fibroblast,Macrophage,SERPINE1,PLAUR,CommuSpace_HS_06869,0.0035899193026125
560,7,3,4,2670,Fibroblast,Macrophage,VEGFA,CD44,CommuSpace_HS_07694,0.0031219886150211
560,8,4,4,351,Macrophage,Macrophage,CCL2,CCR1,CommuSpace_HS_00946,0.0030591643881052
560,9,1,8,583,Endothelial,T cell,COL4A1,CD44,CommuSpace_HS_01729,0.0030381362885236
560,10,3,4,2530,Fibroblast,Macrophage,THY1,ITGAX,CommuSpace_HS_07427,0.002930017421022
561,1,4,4,1359,Macrophage,Macrophage,GNAI2,C5AR1,CommuSpace_HS_03953,0.0051918607205152
561,2,3,8,583,Fibroblast,T cell,COL4A1,CD44,CommuSpace_HS_01729,0.0048420508392155
561,3,3,8,2670,Fibroblast,T cell,VEGFA,CD44,CommuSpace_HS_07694,0.0046515436843037
561,4,3,8,2541,Fibroblast,T cell,TIMP2,CD44,CommuSpace_HS_07444,0.0043154661543667
561,5,3,4,351,Fibroblast,Macrophage,CCL2,CCR1,CommuSpace_HS_00946,0.0037912141997367
561,6,3,4,2311,Fibroblast,Macrophage,SERPINE1,PLAUR,CommuSpace_HS_06869,0.003601313335821
561,7,3,4,2670,Fibroblast,Macrophage,VEGFA,CD44,CommuSpace_HS_07694,0.0031220067758113
561,8,4,4,351,Macrophage,Macrophage,CCL2,CCR1,CommuSpace_HS_00946,0.0030594759155064
561,9,1,8,583,Endothelial,T cell,COL4A1,CD44,CommuSpace_HS_01729,0.0030316689517349
561,10,3,4,2530,Fibroblast,Macrophage,THY1,ITGAX,CommuSpace_HS_07427,0.0029291333630681
562,1,4,4,1359,Macrophage,Macrophage,GNAI2,C5AR1,CommuSpace_HS_03953,0.0051916833035647
562,2,3,8,583,Fibroblast,T cell,COL4A1,CD44,CommuSpace_HS_01729,0.0048420159146189
562,3,3,8,2670,Fibroblast,T cell,VEGFA,CD44,CommuSpace_HS_07694,0.004651503637433
562,4,3,8,2541,Fibroblast,T cell,TIMP2,CD44,CommuSpace_HS_07444,0.0043154377490282
562,5,3,4,351,Fibroblast,Macrophage,CCL2,CCR1,CommuSpace_HS_00946,0.0037802848964929
562,6,3,4,2311,Fibroblast,Macrophage,SERPINE1,PLAUR,CommuSpace_HS_06869,0.0035899193026125
562,7,3,4,2670,Fibroblast,Macrophage,VEGFA,CD44,CommuSpace_HS_07694,0.0031219886150211
562,8,4,4,351,Macrophage,Macrophage,CCL2,CCR1,CommuSpace_HS_00946,0.0030591643881052
562,9,1,8,583,Endothelial,T cell,COL4A1,CD44,CommuSpace_HS_01729,0.0030381362885236
562,10,3,4,2530,Fibroblast,Macrophage,THY1,ITGAX,CommuSpace_HS_07427,0.002930017421022
563,1,4,4,1359,Macrophage,Macrophage,GNAI2,C5AR1,CommuSpace_HS_03953,0.0051916833035647
563,2,3,8,583,Fibroblast,T cell,COL4A1,CD44,CommuSpace_HS_01729,0.0048420159146189
563,3,3,8,2670,Fibroblast,T cell,VEGFA,CD44,CommuSpace_HS_07694,0.004651503637433
563,4,3,8,2541,Fibroblast,T cell,TIMP2,CD44,CommuSpace_HS_07444,0.0043154377490282
563,5,3,4,351,Fibroblast,Macrophage,CCL2,CCR1,CommuSpace_HS_00946,0.0037802848964929
563,6,3,4,2311,Fibroblast,Macrophage,SERPINE1,PLAUR,CommuSpace_HS_06869,0.0035899193026125
563,7,3,4,2670,Fibroblast,Macrophage,VEGFA,CD44,CommuSpace_HS_07694,0.0031219886150211
563,8,4,4,351,Macrophage,Macrophage,CCL2,CCR1,CommuSpace_HS_00946,0.0030591643881052
563,9,1,8,583,Endothelial,T cell,COL4A1,CD44,CommuSpace_HS_01729,0.0030381362885236
563,10,3,4,2530,Fibroblast,Macrophage,THY1,ITGAX,CommuSpace_HS_07427,0.002930017421022
564,1,4,4,1359,Macrophage,Macrophage,GNAI2,C5AR1,CommuSpace_HS_03953,0.0051916833035647
564,2,3,8,583,Fibroblast,T cell,COL4A1,CD44,CommuSpace_HS_01729,0.0048420159146189
564,3,3,8,2670,Fibroblast,T cell,VEGFA,CD44,CommuSpace_HS_07694,0.004651503637433
564,4,3,8,2541,Fibroblast,T cell,TIMP2,CD44,CommuSpace_HS_07444,0.0043154377490282
564,5,3,4,351,Fibroblast,Macrophage,CCL2,CCR1,CommuSpace_HS_00946,0.0037802848964929
564,6,3,4,2311,Fibroblast,Macrophage,SERPINE1,PLAUR,CommuSpace_HS_06869,0.0035899193026125
564,7,3,4,2670,Fibroblast,Macrophage,VEGFA,CD44,CommuSpace_HS_07694,0.0031219886150211
564,8,4,4,351,Macrophage,Macrophage,CCL2,CCR1,CommuSpace_HS_00946,0.0030591643881052
564,9,1,8,583,Endothelial,T cell,COL4A1,CD44,CommuSpace_HS_01729,0.0030381362885236
564,10,3,4,2530,Fibroblast,Macrophage,THY1,ITGAX,CommuSpace_HS_07427,0.002930017421022
565,1,4,4,1359,Macrophage,Macrophage,GNAI2,C5AR1,CommuSpace_HS_03953,0.0051916833035647
565,2,3,8,583,Fibroblast,T cell,COL4A1,CD44,CommuSpace_HS_01729,0.0048420159146189
565,3,3,8,2670,Fibroblast,T cell,VEGFA,CD44,CommuSpace_HS_07694,0.004651503637433
565,4,3,8,2541,Fibroblast,T cell,TIMP2,CD44,CommuSpace_HS_07444,0.0043154377490282
565,5,3,4,351,Fibroblast,Macrophage,CCL2,CCR1,CommuSpace_HS_00946,0.0037802848964929
565,6,3,4,2311,Fibroblast,Macrophage,SERPINE1,PLAUR,CommuSpace_HS_06869,0.0035899193026125
565,7,3,4,2670,Fibroblast,Macrophage,VEGFA,CD44,CommuSpace_HS_07694,0.0031219886150211
565,8,4,4,351,Macrophage,Macrophage,CCL2,CCR1,CommuSpace_HS_00946,0.0030591643881052
565,9,1,8,583,Endothelial,T cell,COL4A1,CD44,CommuSpace_HS_01729,0.0030381362885236
565,10,3,4,2530,Fibroblast,Macrophage,THY1,ITGAX,CommuSpace_HS_07427,0.002930017421022
566,1,4,4,1359,Macrophage,Macrophage,GNAI2,C5AR1,CommuSpace_HS_03953,0.0051916833035647
566,2,3,8,583,Fibroblast,T cell,COL4A1,CD44,CommuSpace_HS_01729,0.0048420159146189
566,3,3,8,2670,Fibroblast,T cell,VEGFA,CD44,CommuSpace_HS_07694,0.004651503637433
566,4,3,8,2541,Fibroblast,T cell,TIMP2,CD44,CommuSpace_HS_07444,0.0043154377490282
566,5,3,4,351,Fibroblast,Macrophage,CCL2,CCR1,CommuSpace_HS_00946,0.0037802848964929
566,6,3,4,2311,Fibroblast,Macrophage,SERPINE1,PLAUR,CommuSpace_HS_06869,0.0035899193026125
566,7,3,4,2670,Fibroblast,Macrophage,VEGFA,CD44,CommuSpace_HS_07694,0.0031219886150211
566,8,4,4,351,Macrophage,Macrophage,CCL2,CCR1,CommuSpace_HS_00946,0.0030591643881052
566,9,1,8,583,Endothelial,T cell,COL4A1,CD44,CommuSpace_HS_01729,0.0030381362885236
566,10,3,4,2530,Fibroblast,Macrophage,THY1,ITGAX,CommuSpace_HS_07427,0.002930017421022
567,1,4,4,1359,Macrophage,Macrophage,GNAI2,C5AR1,CommuSpace_HS_03953,0.0051916833035647
567,2,3,8,583,Fibroblast,T cell,COL4A1,CD44,CommuSpace_HS_01729,0.0048420159146189
567,3,3,8,2670,Fibroblast,T cell,VEGFA,CD44,CommuSpace_HS_07694,0.004651503637433
567,4,3,8,2541,Fibroblast,T cell,TIMP2,CD44,CommuSpace_HS_07444,0.0043154377490282
567,5,3,4,351,Fibroblast,Macrophage,CCL2,CCR1,CommuSpace_HS_00946,0.0037802848964929
567,6,3,4,2311,Fibroblast,Macrophage,SERPINE1,PLAUR,CommuSpace_HS_06869,0.0035899193026125
567,7,3,4,2670,Fibroblast,Macrophage,VEGFA,CD44,CommuSpace_HS_07694,0.0031219886150211
567,8,4,4,351,Macrophage,Macrophage,CCL2,CCR1,CommuSpace_HS_00946,0.0030591643881052
567,9,1,8,583,Endothelial,T cell,COL4A1,CD44,CommuSpace_HS_01729,0.0030381362885236
567,10,3,4,2530,Fibroblast,Macrophage,THY1,ITGAX,CommuSpace_HS_07427,0.002930017421022
568,1,4,4,1359,Macrophage,Macrophage,GNAI2,C5AR1,CommuSpace_HS_03953,0.0051916833035647
568,2,3,8,583,Fibroblast,T cell,COL4A1,CD44,CommuSpace_HS_01729,0.0048420159146189
568,3,3,8,2670,Fibroblast,T cell,VEGFA,CD44,CommuSpace_HS_07694,0.004651503637433
568,4,3,8,2541,Fibroblast,T cell,TIMP2,CD44,CommuSpace_HS_07444,0.0043154377490282
568,5,3,4,351,Fibroblast,Macrophage,CCL2,CCR1,CommuSpace_HS_00946,0.0037802848964929
568,6,3,4,2311,Fibroblast,Macrophage,SERPINE1,PLAUR,CommuSpace_HS_06869,0.0035899193026125
568,7,3,4,2670,Fibroblast,Macrophage,VEGFA,CD44,CommuSpace_HS_07694,0.0031219886150211
568,8,4,4,351,Macrophage,Macrophage,CCL2,CCR1,CommuSpace_HS_00946,0.0030591643881052
568,9,1,8,583,Endothelial,T cell,COL4A1,CD44,CommuSpace_HS_01729,0.0030381362885236
568,10,3,4,2530,Fibroblast,Macrophage,THY1,ITGAX,CommuSpace_HS_07427,0.002930017421022
569,1,3,4,2547,Fibroblast,Macrophage,TIMP3,CD44,CommuSpace_HS_07452,0.0681595802307128
569,2,3,4,2532,Fibroblast,Macrophage,THY1,ITGB2,CommuSpace_HS_07429,0.021553223952651
569,3,4,3,1733,Macrophage,Fibroblast,ITGB2,THY1,CommuSpace_HS_04798,0.0214895661920309
569,4,3,4,414,Fibroblast,Macrophage,CCN2,ITGB2,CommuSpace_HS_01093,0.0120341163128614
569,5,3,4,403,Fibroblast,Macrophage,CCN1,ITGB2,CommuSpace_HS_01081,0.0113451350480318
569,6,3,4,2530,Fibroblast,Macrophage,THY1,ITGAX,CommuSpace_HS_07427,0.0059451218694448
569,7,3,4,2311,Fibroblast,Macrophage,SERPINE1,PLAUR,CommuSpace_HS_06869,0.0058024730533361
569,8,4,4,1359,Macrophage,Macrophage,GNAI2,C5AR1,CommuSpace_HS_03953,0.004443269688636
569,9,3,8,583,Fibroblast,T cell,COL4A1,CD44,CommuSpace_HS_01729,0.004402729216963
569,10,3,8,2670,Fibroblast,T cell,VEGFA,CD44,CommuSpace_HS_07694,0.0041210409253835
570,1,4,4,1359,Macrophage,Macrophage,GNAI2,C5AR1,CommuSpace_HS_03953,0.0051916833035647
570,2,3,8,583,Fibroblast,T cell,COL4A1,CD44,CommuSpace_HS_01729,0.0048420159146189
570,3,3,8,2670,Fibroblast,T cell,VEGFA,CD44,CommuSpace_HS_07694,0.004651503637433
570,4,3,8,2541,Fibroblast,T cell,TIMP2,CD44,CommuSpace_HS_07444,0.0043154377490282
570,5,3,4,351,Fibroblast,Macrophage,CCL2,CCR1,CommuSpace_HS_00946,0.0037802848964929
570,6,3,4,2311,Fibroblast,Macrophage,SERPINE1,PLAUR,CommuSpace_HS_06869,0.0035899193026125
570,7,3,4,2670,Fibroblast,Macrophage,VEGFA,CD44,CommuSpace_HS_07694,0.0031219886150211
570,8,4,4,351,Macrophage,Macrophage,CCL2,CCR1,CommuSpace_HS_00946,0.0030591643881052
570,9,1,8,583,Endothelial,T cell,COL4A1,CD44,CommuSpace_HS_01729,0.0030381362885236
570,10,3,4,2530,Fibroblast,Macrophage,THY1,ITGAX,CommuSpace_HS_07427,0.002930017421022
571,1,4,4,1359,Macrophage,Macrophage,GNAI2,C5AR1,CommuSpace_HS_03953,0.0051916833035647
571,2,3,8,583,Fibroblast,T cell,COL4A1,CD44,CommuSpace_HS_01729,0.0048420159146189
571,3,3,8,2670,Fibroblast,T cell,VEGFA,CD44,CommuSpace_HS_07694,0.004651503637433
571,4,3,8,2541,Fibroblast,T cell,TIMP2,CD44,CommuSpace_HS_07444,0.0043154377490282
571,5,3,4,351,Fibroblast,Macrophage,CCL2,CCR1,CommuSpace_HS_00946,0.0037802848964929
571,6,3,4,2311,Fibroblast,Macrophage,SERPINE1,PLAUR,CommuSpace_HS_06869,0.0035899193026125
571,7,3,4,2670,Fibroblast,Macrophage,VEGFA,CD44,CommuSpace_HS_07694,0.0031219886150211
571,8,4,4,351,Macrophage,Macrophage,CCL2,CCR1,CommuSpace_HS_00946,0.0030591643881052
571,9,1,8,583,Endothelial,T cell,COL4A1,CD44,CommuSpace_HS_01729,0.0030381362885236
571,10,3,4,2530,Fibroblast,Macrophage,THY1,ITGAX,CommuSpace_HS_07427,0.002930017421022
572,1,4,4,1359,Macrophage,Macrophage,GNAI2,C5AR1,CommuSpace_HS_03953,0.0051916833035647
572,2,3,8,583,Fibroblast,T cell,COL4A1,CD44,CommuSpace_HS_01729,0.0048420159146189
572,3,3,8,2670,Fibroblast,T cell,VEGFA,CD44,CommuSpace_HS_07694,0.004651503637433
572,4,3,8,2541,Fibroblast,T cell,TIMP2,CD44,CommuSpace_HS_07444,0.0043154377490282
572,5,3,4,351,Fibroblast,Macrophage,CCL2,CCR1,CommuSpace_HS_00946,0.0037802848964929
572,6,3,4,2311,Fibroblast,Macrophage,SERPINE1,PLAUR,CommuSpace_HS_06869,0.0035899193026125
572,7,3,4,2670,Fibroblast,Macrophage,VEGFA,CD44,CommuSpace_HS_07694,0.0031219886150211
572,8,4,4,351,Macrophage,Macrophage,CCL2,CCR1,CommuSpace_HS_00946,0.0030591643881052
572,9,1,8,583,Endothelial,T cell,COL4A1,CD44,CommuSpace_HS_01729,0.0030381362885236
572,10,3,4,2530,Fibroblast,Macrophage,THY1,ITGAX,CommuSpace_HS_07427,0.002930017421022
573,1,4,4,1359,Macrophage,Macrophage,GNAI2,C5AR1,CommuSpace_HS_03953,0.0051916833035647
573,2,3,8,583,Fibroblast,T cell,COL4A1,CD44,CommuSpace_HS_01729,0.0048420159146189
573,3,3,8,2670,Fibroblast,T cell,VEGFA,CD44,CommuSpace_HS_07694,0.004651503637433
573,4,3,8,2541,Fibroblast,T cell,TIMP2,CD44,CommuSpace_HS_07444,0.0043154377490282
573,5,3,4,351,Fibroblast,Macrophage,CCL2,CCR1,CommuSpace_HS_00946,0.0037802848964929
573,6,3,4,2311,Fibroblast,Macrophage,SERPINE1,PLAUR,CommuSpace_HS_06869,0.0035899193026125
573,7,3,4,2670,Fibroblast,Macrophage,VEGFA,CD44,CommuSpace_HS_07694,0.0031219886150211
573,8,4,4,351,Macrophage,Macrophage,CCL2,CCR1,CommuSpace_HS_00946,0.0030591643881052
573,9,1,8,583,Endothelial,T cell,COL4A1,CD44,CommuSpace_HS_01729,0.0030381362885236
573,10,3,4,2530,Fibroblast,Macrophage,THY1,ITGAX,CommuSpace_HS_07427,0.002930017421022
574,1,4,4,1359,Macrophage,Macrophage,GNAI2,C5AR1,CommuSpace_HS_03953,0.0051916833035647
574,2,3,8,583,Fibroblast,T cell,COL4A1,CD44,CommuSpace_HS_01729,0.0048420159146189
574,3,3,8,2670,Fibroblast,T cell,VEGFA,CD44,CommuSpace_HS_07694,0.004651503637433
574,4,3,8,2541,Fibroblast,T cell,TIMP2,CD44,CommuSpace_HS_07444,0.0043154377490282
574,5,3,4,351,Fibroblast,Macrophage,CCL2,CCR1,CommuSpace_HS_00946,0.0037802848964929
574,6,3,4,2311,Fibroblast,Macrophage,SERPINE1,PLAUR,CommuSpace_HS_06869,0.0035899193026125
574,7,3,4,2670,Fibroblast,Macrophage,VEGFA,CD44,CommuSpace_HS_07694,0.0031219886150211
574,8,4,4,351,Macrophage,Macrophage,CCL2,CCR1,CommuSpace_HS_00946,0.0030591643881052
574,9,1,8,583,Endothelial,T cell,COL4A1,CD44,CommuSpace_HS_01729,0.0030381362885236
574,10,3,4,2530,Fibroblast,Macrophage,THY1,ITGAX,CommuSpace_HS_07427,0.002930017421022
575,1,4,4,1359,Macrophage,Macrophage,GNAI2,C5AR1,CommuSpace_HS_03953,0.0051916833035647
575,2,3,8,583,Fibroblast,T cell,COL4A1,CD44,CommuSpace_HS_01729,0.0048420159146189
575,3,3,8,2670,Fibroblast,T cell,VEGFA,CD44,CommuSpace_HS_07694,0.004651503637433
575,4,3,8,2541,Fibroblast,T cell,TIMP2,CD44,CommuSpace_HS_07444,0.0043154377490282
575,5,3,4,351,Fibroblast,Macrophage,CCL2,CCR1,CommuSpace_HS_00946,0.0037802848964929
575,6,3,4,2311,Fibroblast,Macrophage,SERPINE1,PLAUR,CommuSpace_HS_06869,0.0035899193026125
575,7,3,4,2670,Fibroblast,Macrophage,VEGFA,CD44,CommuSpace_HS_07694,0.0031219886150211
575,8,4,4,351,Macrophage,Macrophage,CCL2,CCR1,CommuSpace_HS_00946,0.0030591643881052
575,9,1,8,583,Endothelial,T cell,COL4A1,CD44,CommuSpace_HS_01729,0.0030381362885236
575,10,3,4,2530,Fibroblast,Macrophage,THY1,ITGAX,CommuSpace_HS_07427,0.002930017421022
576,1,4,4,1359,Macrophage,Macrophage,GNAI2,C5AR1,CommuSpace_HS_03953,0.0051916833035647
576,2,3,8,583,Fibroblast,T cell,COL4A1,CD44,CommuSpace_HS_01729,0.0048420159146189
576,3,3,8,2670,Fibroblast,T cell,VEGFA,CD44,CommuSpace_HS_07694,0.004651503637433
576,4,3,8,2541,Fibroblast,T cell,TIMP2,CD44,CommuSpace_HS_07444,0.0043154377490282
576,5,3,4,351,Fibroblast,Macrophage,CCL2,CCR1,CommuSpace_HS_00946,0.0037802848964929
576,6,3,4,2311,Fibroblast,Macrophage,SERPINE1,PLAUR,CommuSpace_HS_06869,0.0035899193026125
576,7,3,4,2670,Fibroblast,Macrophage,VEGFA,CD44,CommuSpace_HS_07694,0.0031219886150211
576,8,4,4,351,Macrophage,Macrophage,CCL2,CCR1,CommuSpace_HS_00946,0.0030591643881052
576,9,1,8,583,Endothelial,T cell,COL4A1,CD44,CommuSpace_HS_01729,0.0030381362885236
576,10,3,4,2530,Fibroblast,Macrophage,THY1,ITGAX,CommuSpace_HS_07427,0.002930017421022
577,1,4,4,1359,Macrophage,Macrophage,GNAI2,C5AR1,CommuSpace_HS_03953,0.0051916833035647
577,2,3,8,583,Fibroblast,T cell,COL4A1,CD44,CommuSpace_HS_01729,0.0048420159146189
577,3,3,8,2670,Fibroblast,T cell,VEGFA,CD44,CommuSpace_HS_07694,0.004651503637433
577,4,3,8,2541,Fibroblast,T cell,TIMP2,CD44,CommuSpace_HS_07444,0.0043154377490282
577,5,3,4,351,Fibroblast,Macrophage,CCL2,CCR1,CommuSpace_HS_00946,0.0037802848964929
577,6,3,4,2311,Fibroblast,Macrophage,SERPINE1,PLAUR,CommuSpace_HS_06869,0.0035899193026125
577,7,3,4,2670,Fibroblast,Macrophage,VEGFA,CD44,CommuSpace_HS_07694,0.0031219886150211
577,8,4,4,351,Macrophage,Macrophage,CCL2,CCR1,CommuSpace_HS_00946,0.0030591643881052
577,9,1,8,583,Endothelial,T cell,COL4A1,CD44,CommuSpace_HS_01729,0.0030381362885236
577,10,3,4,2530,Fibroblast,Macrophage,THY1,ITGAX,CommuSpace_HS_07427,0.002930017421022
578,1,4,4,1359,Macrophage,Macrophage,GNAI2,C5AR1,CommuSpace_HS_03953,0.0051916833035647
578,2,3,8,583,Fibroblast,T cell,COL4A1,CD44,CommuSpace_HS_01729,0.0048420159146189
578,3,3,8,2670,Fibroblast,T cell,VEGFA,CD44,CommuSpace_HS_07694,0.004651503637433
578,4,3,8,2541,Fibroblast,T cell,TIMP2,CD44,CommuSpace_HS_07444,0.0043154377490282
578,5,3,4,351,Fibroblast,Macrophage,CCL2,CCR1,CommuSpace_HS_00946,0.0037802848964929
578,6,3,4,2311,Fibroblast,Macrophage,SERPINE1,PLAUR,CommuSpace_HS_06869,0.0035899193026125
578,7,3,4,2670,Fibroblast,Macrophage,VEGFA,CD44,CommuSpace_HS_07694,0.0031219886150211
578,8,4,4,351,Macrophage,Macrophage,CCL2,CCR1,CommuSpace_HS_00946,0.0030591643881052
578,9,1,8,583,Endothelial,T cell,COL4A1,CD44,CommuSpace_HS_01729,0.0030381362885236
578,10,3,4,2530,Fibroblast,Macrophage,THY1,ITGAX,CommuSpace_HS_07427,0.002930017421022
579,1,4,4,1359,Macrophage,Macrophage,GNAI2,C5AR1,CommuSpace_HS_03953,0.0051916833035647
579,2,3,8,583,Fibroblast,T cell,COL4A1,CD44,CommuSpace_HS_01729,0.0048420159146189
579,3,3,8,2670,Fibroblast,T cell,VEGFA,CD44,CommuSpace_HS_07694,0.004651503637433
579,4,3,8,2541,Fibroblast,T cell,TIMP2,CD44,CommuSpace_HS_07444,0.0043154377490282
579,5,3,4,351,Fibroblast,Macrophage,CCL2,CCR1,CommuSpace_HS_00946,0.0037802848964929
579,6,3,4,2311,Fibroblast,Macrophage,SERPINE1,PLAUR,CommuSpace_HS_06869,0.0035899193026125
579,7,3,4,2670,Fibroblast,Macrophage,VEGFA,CD44,CommuSpace_HS_07694,0.0031219886150211
579,8,4,4,351,Macrophage,Macrophage,CCL2,CCR1,CommuSpace_HS_00946,0.0030591643881052
579,9,1,8,583,Endothelial,T cell,COL4A1,CD44,CommuSpace_HS_01729,0.0030381362885236
579,10,3,4,2530,Fibroblast,Macrophage,THY1,ITGAX,CommuSpace_HS_07427,0.002930017421022
580,1,4,4,1359,Macrophage,Macrophage,GNAI2,C5AR1,CommuSpace_HS_03953,0.0051916833035647
580,2,3,8,583,Fibroblast,T cell,COL4A1,CD44,CommuSpace_HS_01729,0.0048420159146189
580,3,3,8,2670,Fibroblast,T cell,VEGFA,CD44,CommuSpace_HS_07694,0.004651503637433
580,4,3,8,2541,Fibroblast,T cell,TIMP2,CD44,CommuSpace_HS_07444,0.0043154377490282
580,5,3,4,351,Fibroblast,Macrophage,CCL2,CCR1,CommuSpace_HS_00946,0.0037802848964929
580,6,3,4,2311,Fibroblast,Macrophage,SERPINE1,PLAUR,CommuSpace_HS_06869,0.0035899193026125
580,7,3,4,2670,Fibroblast,Macrophage,VEGFA,CD44,CommuSpace_HS_07694,0.0031219886150211
580,8,4,4,351,Macrophage,Macrophage,CCL2,CCR1,CommuSpace_HS_00946,0.0030591643881052
580,9,1,8,583,Endothelial,T cell,COL4A1,CD44,CommuSpace_HS_01729,0.0030381362885236
580,10,3,4,2530,Fibroblast,Macrophage,THY1,ITGAX,CommuSpace_HS_07427,0.002930017421022
581,1,4,4,1359,Macrophage,Macrophage,GNAI2,C5AR1,CommuSpace_HS_03953,0.0051916833035647
581,2,3,8,583,Fibroblast,T cell,COL4A1,CD44,CommuSpace_HS_01729,0.0048420159146189
581,3,3,8,2670,Fibroblast,T cell,VEGFA,CD44,CommuSpace_HS_07694,0.004651503637433
581,4,3,8,2541,Fibroblast,T cell,TIMP2,CD44,CommuSpace_HS_07444,0.0043154377490282
581,5,3,4,351,Fibroblast,Macrophage,CCL2,CCR1,CommuSpace_HS_00946,0.0037802848964929
581,6,3,4,2311,Fibroblast,Macrophage,SERPINE1,PLAUR,CommuSpace_HS_06869,0.0035899193026125
581,7,3,4,2670,Fibroblast,Macrophage,VEGFA,CD44,CommuSpace_HS_07694,0.0031219886150211
581,8,4,4,351,Macrophage,Macrophage,CCL2,CCR1,CommuSpace_HS_00946,0.0030591643881052
581,9,1,8,583,Endothelial,T cell,COL4A1,CD44,CommuSpace_HS_01729,0.0030381362885236
581,10,3,4,2530,Fibroblast,Macrophage,THY1,ITGAX,CommuSpace_HS_07427,0.002930017421022
582,1,4,4,1359,Macrophage,Macrophage,GNAI2,C5AR1,CommuSpace_HS_03953,0.0051916833035647
582,2,3,8,583,Fibroblast,T cell,COL4A1,CD44,CommuSpace_HS_01729,0.0048420159146189
582,3,3,8,2670,Fibroblast,T cell,VEGFA,CD44,CommuSpace_HS_07694,0.004651503637433
582,4,3,8,2541,Fibroblast,T cell,TIMP2,CD44,CommuSpace_HS_07444,0.0043154377490282
582,5,3,4,351,Fibroblast,Macrophage,CCL2,CCR1,CommuSpace_HS_00946,0.0037802848964929
582,6,3,4,2311,Fibroblast,Macrophage,SERPINE1,PLAUR,CommuSpace_HS_06869,0.0035899193026125
582,7,3,4,2670,Fibroblast,Macrophage,VEGFA,CD44,CommuSpace_HS_07694,0.0031219886150211
582,8,4,4,351,Macrophage,Macrophage,CCL2,CCR1,CommuSpace_HS_00946,0.0030591643881052
582,9,1,8,583,Endothelial,T cell,COL4A1,CD44,CommuSpace_HS_01729,0.0030381362885236
582,10,3,4,2530,Fibroblast,Macrophage,THY1,ITGAX,CommuSpace_HS_07427,0.002930017421022
583,1,4,4,1359,Macrophage,Macrophage,GNAI2,C5AR1,CommuSpace_HS_03953,0.0051916833035647
583,2,3,8,583,Fibroblast,T cell,COL4A1,CD44,CommuSpace_HS_01729,0.0048420159146189
583,3,3,8,2670,Fibroblast,T cell,VEGFA,CD44,CommuSpace_HS_07694,0.004651503637433
583,4,3,8,2541,Fibroblast,T cell,TIMP2,CD44,CommuSpace_HS_07444,0.0043154377490282
583,5,3,4,351,Fibroblast,Macrophage,CCL2,CCR1,CommuSpace_HS_00946,0.0037802848964929
583,6,3,4,2311,Fibroblast,Macrophage,SERPINE1,PLAUR,CommuSpace_HS_06869,0.0035899193026125
583,7,3,4,2670,Fibroblast,Macrophage,VEGFA,CD44,CommuSpace_HS_07694,0.0031219886150211
583,8,4,4,351,Macrophage,Macrophage,CCL2,CCR1,CommuSpace_HS_00946,0.0030591643881052
583,9,1,8,583,Endothelial,T cell,COL4A1,CD44,CommuSpace_HS_01729,0.0030381362885236
583,10,3,4,2530,Fibroblast,Macrophage,THY1,ITGAX,CommuSpace_HS_07427,0.002930017421022
584,1,4,4,1359,Macrophage,Macrophage,GNAI2,C5AR1,CommuSpace_HS_03953,0.0051916833035647
584,2,3,8,583,Fibroblast,T cell,COL4A1,CD44,CommuSpace_HS_01729,0.0048420159146189
584,3,3,8,2670,Fibroblast,T cell,VEGFA,CD44,CommuSpace_HS_07694,0.004651503637433
584,4,3,8,2541,Fibroblast,T cell,TIMP2,CD44,CommuSpace_HS_07444,0.0043154377490282
584,5,3,4,351,Fibroblast,Macrophage,CCL2,CCR1,CommuSpace_HS_00946,0.0037802848964929
584,6,3,4,2311,Fibroblast,Macrophage,SERPINE1,PLAUR,CommuSpace_HS_06869,0.0035899193026125
584,7,3,4,2670,Fibroblast,Macrophage,VEGFA,CD44,CommuSpace_HS_07694,0.0031219886150211
584,8,4,4,351,Macrophage,Macrophage,CCL2,CCR1,CommuSpace_HS_00946,0.0030591643881052
584,9,1,8,583,Endothelial,T cell,COL4A1,CD44,CommuSpace_HS_01729,0.0030381362885236
584,10,3,4,2530,Fibroblast,Macrophage,THY1,ITGAX,CommuSpace_HS_07427,0.002930017421022
585,1,4,4,1359,Macrophage,Macrophage,GNAI2,C5AR1,CommuSpace_HS_03953,0.0051916833035647
585,2,3,8,583,Fibroblast,T cell,COL4A1,CD44,CommuSpace_HS_01729,0.0048420159146189
585,3,3,8,2670,Fibroblast,T cell,VEGFA,CD44,CommuSpace_HS_07694,0.004651503637433
585,4,3,8,2541,Fibroblast,T cell,TIMP2,CD44,CommuSpace_HS_07444,0.0043154377490282
585,5,3,4,351,Fibroblast,Macrophage,CCL2,CCR1,CommuSpace_HS_00946,0.0037802848964929
585,6,3,4,2311,Fibroblast,Macrophage,SERPINE1,PLAUR,CommuSpace_HS_06869,0.0035899193026125
585,7,3,4,2670,Fibroblast,Macrophage,VEGFA,CD44,CommuSpace_HS_07694,0.0031219886150211
585,8,4,4,351,Macrophage,Macrophage,CCL2,CCR1,CommuSpace_HS_00946,0.0030591643881052
585,9,1,8,583,Endothelial,T cell,COL4A1,CD44,CommuSpace_HS_01729,0.0030381362885236
585,10,3,4,2530,Fibroblast,Macrophage,THY1,ITGAX,CommuSpace_HS_07427,0.002930017421022
586,1,4,4,1359,Macrophage,Macrophage,GNAI2,C5AR1,CommuSpace_HS_03953,0.0051916833035647
586,2,3,8,583,Fibroblast,T cell,COL4A1,CD44,CommuSpace_HS_01729,0.0048420159146189
586,3,3,8,2670,Fibroblast,T cell,VEGFA,CD44,CommuSpace_HS_07694,0.004651503637433
586,4,3,8,2541,Fibroblast,T cell,TIMP2,CD44,CommuSpace_HS_07444,0.0043154377490282
586,5,3,4,351,Fibroblast,Macrophage,CCL2,CCR1,CommuSpace_HS_00946,0.0037802848964929
586,6,3,4,2311,Fibroblast,Macrophage,SERPINE1,PLAUR,CommuSpace_HS_06869,0.0035899193026125
586,7,3,4,2670,Fibroblast,Macrophage,VEGFA,CD44,CommuSpace_HS_07694,0.0031219886150211
586,8,4,4,351,Macrophage,Macrophage,CCL2,CCR1,CommuSpace_HS_00946,0.0030591643881052
586,9,1,8,583,Endothelial,T cell,COL4A1,CD44,CommuSpace_HS_01729,0.0030381362885236
586,10,3,4,2530,Fibroblast,Macrophage,THY1,ITGAX,CommuSpace_HS_07427,0.002930017421022
587,1,4,4,1359,Macrophage,Macrophage,GNAI2,C5AR1,CommuSpace_HS_03953,0.0051916833035647
587,2,3,8,583,Fibroblast,T cell,COL4A1,CD44,CommuSpace_HS_01729,0.0048420159146189
587,3,3,8,2670,Fibroblast,T cell,VEGFA,CD44,CommuSpace_HS_07694,0.004651503637433
587,4,3,8,2541,Fibroblast,T cell,TIMP2,CD44,CommuSpace_HS_07444,0.0043154377490282
587,5,3,4,351,Fibroblast,Macrophage,CCL2,CCR1,CommuSpace_HS_00946,0.0037802848964929
587,6,3,4,2311,Fibroblast,Macrophage,SERPINE1,PLAUR,CommuSpace_HS_06869,0.0035899193026125
587,7,3,4,2670,Fibroblast,Macrophage,VEGFA,CD44,CommuSpace_HS_07694,0.0031219886150211
587,8,4,4,351,Macrophage,Macrophage,CCL2,CCR1,CommuSpace_HS_00946,0.0030591643881052
587,9,1,8,583,Endothelial,T cell,COL4A1,CD44,CommuSpace_HS_01729,0.0030381362885236
587,10,3,4,2530,Fibroblast,Macrophage,THY1,ITGAX,CommuSpace_HS_07427,0.002930017421022
588,1,4,4,1359,Macrophage,Macrophage,GNAI2,C5AR1,CommuSpace_HS_03953,0.0051916833035647
588,2,3,8,583,Fibroblast,T cell,COL4A1,CD44,CommuSpace_HS_01729,0.0048420159146189
588,3,3,8,2670,Fibroblast,T cell,VEGFA,CD44,CommuSpace_HS_07694,0.004651503637433
588,4,3,8,2541,Fibroblast,T cell,TIMP2,CD44,CommuSpace_HS_07444,0.0043154377490282
588,5,3,4,351,Fibroblast,Macrophage,CCL2,CCR1,CommuSpace_HS_00946,0.0037802848964929
588,6,3,4,2311,Fibroblast,Macrophage,SERPINE1,PLAUR,CommuSpace_HS_06869,0.0035899193026125
588,7,3,4,2670,Fibroblast,Macrophage,VEGFA,CD44,CommuSpace_HS_07694,0.0031219886150211
588,8,4,4,351,Macrophage,Macrophage,CCL2,CCR1,CommuSpace_HS_00946,0.0030591643881052
588,9,1,8,583,Endothelial,T cell,COL4A1,CD44,CommuSpace_HS_01729,0.0030381362885236
588,10,3,4,2530,Fibroblast,Macrophage,THY1,ITGAX,CommuSpace_HS_07427,0.002930017421022
589,1,4,4,1359,Macrophage,Macrophage,GNAI2,C5AR1,CommuSpace_HS_03953,0.0051917196251451
589,2,3,8,583,Fibroblast,T cell,COL4A1,CD44,CommuSpace_HS_01729,0.0048419274389743
589,3,3,8,2670,Fibroblast,T cell,VEGFA,CD44,CommuSpace_HS_07694,0.0046514370478689
589,4,3,8,2541,Fibroblast,T cell,TIMP2,CD44,CommuSpace_HS_07444,0.0043153571896255
589,5,3,4,351,Fibroblast,Macrophage,CCL2,CCR1,CommuSpace_HS_00946,0.0037877724971622
589,6,3,4,2311,Fibroblast,Macrophage,SERPINE1,PLAUR,CommuSpace_HS_06869,0.0035977424122393
589,7,3,4,2670,Fibroblast,Macrophage,VEGFA,CD44,CommuSpace_HS_07694,0.0031220198143273
589,8,4,4,351,Macrophage,Macrophage,CCL2,CCR1,CommuSpace_HS_00946,0.0030593532137572
589,9,1,8,583,Endothelial,T cell,COL4A1,CD44,CommuSpace_HS_01729,0.0030268062837421
589,10,3,4,2530,Fibroblast,Macrophage,THY1,ITGAX,CommuSpace_HS_07427,0.0029315205756574
590,1,4,4,1359,Macrophage,Macrophage,GNAI2,C5AR1,CommuSpace_HS_03953,0.0051916833035647
590,2,3,8,583,Fibroblast,T cell,COL4A1,CD44,CommuSpace_HS_01729,0.0048420159146189
590,3,3,8,2670,Fibroblast,T cell,VEGFA,CD44,CommuSpace_HS_07694,0.004651503637433
590,4,3,8,2541,Fibroblast,T cell,TIMP2,CD44,CommuSpace_HS_07444,0.0043154377490282
590,5,3,4,351,Fibroblast,Macrophage,CCL2,CCR1,CommuSpace_HS_00946,0.0037802848964929
590,6,3,4,2311,Fibroblast,Macrophage,SERPINE1,PLAUR,CommuSpace_HS_06869,0.0035899193026125
590,7,3,4,2670,Fibroblast,Macrophage,VEGFA,CD44,CommuSpace_HS_07694,0.0031219886150211
590,8,4,4,351,Macrophage,Macrophage,CCL2,CCR1,CommuSpace_HS_00946,0.0030591643881052
590,9,1,8,583,Endothelial,T cell,COL4A1,CD44,CommuSpace_HS_01729,0.0030381362885236
590,10,3,4,2530,Fibroblast,Macrophage,THY1,ITGAX,CommuSpace_HS_07427,0.002930017421022
591,1,4,4,1359,Macrophage,Macrophage,GNAI2,C5AR1,CommuSpace_HS_03953,0.0051916833035647
591,2,3,8,583,Fibroblast,T cell,COL4A1,CD44,CommuSpace_HS_01729,0.0048420159146189
591,3,3,8,2670,Fibroblast,T cell,VEGFA,CD44,CommuSpace_HS_07694,0.004651503637433
591,4,3,8,2541,Fibroblast,T cell,TIMP2,CD44,CommuSpace_HS_07444,0.0043154377490282
591,5,3,4,351,Fibroblast,Macrophage,CCL2,CCR1,CommuSpace_HS_00946,0.0037802848964929
591,6,3,4,2311,Fibroblast,Macrophage,SERPINE1,PLAUR,CommuSpace_HS_06869,0.0035899193026125
591,7,3,4,2670,Fibroblast,Macrophage,VEGFA,CD44,CommuSpace_HS_07694,0.0031219886150211
591,8,4,4,351,Macrophage,Macrophage,CCL2,CCR1,CommuSpace_HS_00946,0.0030591643881052
591,9,1,8,583,Endothelial,T cell,COL4A1,CD44,CommuSpace_HS_01729,0.0030381362885236
591,10,3,4,2530,Fibroblast,Macrophage,THY1,ITGAX,CommuSpace_HS_07427,0.002930017421022
592,1,4,4,1359,Macrophage,Macrophage,GNAI2,C5AR1,CommuSpace_HS_03953,0.0051916833035647
592,2,3,8,583,Fibroblast,T cell,COL4A1,CD44,CommuSpace_HS_01729,0.0048420159146189
592,3,3,8,2670,Fibroblast,T cell,VEGFA,CD44,CommuSpace_HS_07694,0.004651503637433
592,4,3,8,2541,Fibroblast,T cell,TIMP2,CD44,CommuSpace_HS_07444,0.0043154377490282
592,5,3,4,351,Fibroblast,Macrophage,CCL2,CCR1,CommuSpace_HS_00946,0.0037802848964929
592,6,3,4,2311,Fibroblast,Macrophage,SERPINE1,PLAUR,CommuSpace_HS_06869,0.0035899193026125
592,7,3,4,2670,Fibroblast,Macrophage,VEGFA,CD44,CommuSpace_HS_07694,0.0031219886150211
592,8,4,4,351,Macrophage,Macrophage,CCL2,CCR1,CommuSpace_HS_00946,0.0030591643881052
592,9,1,8,583,Endothelial,T cell,COL4A1,CD44,CommuSpace_HS_01729,0.0030381362885236
592,10,3,4,2530,Fibroblast,Macrophage,THY1,ITGAX,CommuSpace_HS_07427,0.002930017421022
593,1,4,4,1359,Macrophage,Macrophage,GNAI2,C5AR1,CommuSpace_HS_03953,0.0051916833035647
593,2,3,8,583,Fibroblast,T cell,COL4A1,CD44,CommuSpace_HS_01729,0.0048420159146189
593,3,3,8,2670,Fibroblast,T cell,VEGFA,CD44,CommuSpace_HS_07694,0.004651503637433
593,4,3,8,2541,Fibroblast,T cell,TIMP2,CD44,CommuSpace_HS_07444,0.0043154377490282
593,5,3,4,351,Fibroblast,Macrophage,CCL2,CCR1,CommuSpace_HS_00946,0.0037802848964929
593,6,3,4,2311,Fibroblast,Macrophage,SERPINE1,PLAUR,CommuSpace_HS_06869,0.0035899193026125
593,7,3,4,2670,Fibroblast,Macrophage,VEGFA,CD44,CommuSpace_HS_07694,0.0031219886150211
593,8,4,4,351,Macrophage,Macrophage,CCL2,CCR1,CommuSpace_HS_00946,0.0030591643881052
593,9,1,8,583,Endothelial,T cell,COL4A1,CD44,CommuSpace_HS_01729,0.0030381362885236
593,10,3,4,2530,Fibroblast,Macrophage,THY1,ITGAX,CommuSpace_HS_07427,0.002930017421022
594,1,4,4,1359,Macrophage,Macrophage,GNAI2,C5AR1,CommuSpace_HS_03953,0.0051916833035647
594,2,3,8,583,Fibroblast,T cell,COL4A1,CD44,CommuSpace_HS_01729,0.0048420159146189
594,3,3,8,2670,Fibroblast,T cell,VEGFA,CD44,CommuSpace_HS_07694,0.004651503637433
594,4,3,8,2541,Fibroblast,T cell,TIMP2,CD44,CommuSpace_HS_07444,0.0043154377490282
594,5,3,4,351,Fibroblast,Macrophage,CCL2,CCR1,CommuSpace_HS_00946,0.0037802848964929
594,6,3,4,2311,Fibroblast,Macrophage,SERPINE1,PLAUR,CommuSpace_HS_06869,0.0035899193026125
594,7,3,4,2670,Fibroblast,Macrophage,VEGFA,CD44,CommuSpace_HS_07694,0.0031219886150211
594,8,4,4,351,Macrophage,Macrophage,CCL2,CCR1,CommuSpace_HS_00946,0.0030591643881052
594,9,1,8,583,Endothelial,T cell,COL4A1,CD44,CommuSpace_HS_01729,0.0030381362885236
594,10,3,4,2530,Fibroblast,Macrophage,THY1,ITGAX,CommuSpace_HS_07427,0.002930017421022
595,1,4,4,1359,Macrophage,Macrophage,GNAI2,C5AR1,CommuSpace_HS_03953,0.0051916833035647
595,2,3,8,583,Fibroblast,T cell,COL4A1,CD44,CommuSpace_HS_01729,0.0048420159146189
595,3,3,8,2670,Fibroblast,T cell,VEGFA,CD44,CommuSpace_HS_07694,0.004651503637433
595,4,3,8,2541,Fibroblast,T cell,TIMP2,CD44,CommuSpace_HS_07444,0.0043154377490282
595,5,3,4,351,Fibroblast,Macrophage,CCL2,CCR1,CommuSpace_HS_00946,0.0037802848964929
595,6,3,4,2311,Fibroblast,Macrophage,SERPINE1,PLAUR,CommuSpace_HS_06869,0.0035899193026125
595,7,3,4,2670,Fibroblast,Macrophage,VEGFA,CD44,CommuSpace_HS_07694,0.0031219886150211
595,8,4,4,351,Macrophage,Macrophage,CCL2,CCR1,CommuSpace_HS_00946,0.0030591643881052
595,9,1,8,583,Endothelial,T cell,COL4A1,CD44,CommuSpace_HS_01729,0.0030381362885236
595,10,3,4,2530,Fibroblast,Macrophage,THY1,ITGAX,CommuSpace_HS_07427,0.002930017421022
596,1,4,4,1359,Macrophage,Macrophage,GNAI2,C5AR1,CommuSpace_HS_03953,0.0051916833035647
596,2,3,8,583,Fibroblast,T cell,COL4A1,CD44,CommuSpace_HS_01729,0.0048420159146189
596,3,3,8,2670,Fibroblast,T cell,VEGFA,CD44,CommuSpace_HS_07694,0.004651503637433
596,4,3,8,2541,Fibroblast,T cell,TIMP2,CD44,CommuSpace_HS_07444,0.0043154377490282
596,5,3,4,351,Fibroblast,Macrophage,CCL2,CCR1,CommuSpace_HS_00946,0.0037802848964929
596,6,3,4,2311,Fibroblast,Macrophage,SERPINE1,PLAUR,CommuSpace_HS_06869,0.0035899193026125
596,7,3,4,2670,Fibroblast,Macrophage,VEGFA,CD44,CommuSpace_HS_07694,0.0031219886150211
596,8,4,4,351,Macrophage,Macrophage,CCL2,CCR1,CommuSpace_HS_00946,0.0030591643881052
596,9,1,8,583,Endothelial,T cell,COL4A1,CD44,CommuSpace_HS_01729,0.0030381362885236
596,10,3,4,2530,Fibroblast,Macrophage,THY1,ITGAX,CommuSpace_HS_07427,0.002930017421022
597,1,4,4,1359,Macrophage,Macrophage,GNAI2,C5AR1,CommuSpace_HS_03953,0.0051916833035647
597,2,3,8,583,Fibroblast,T cell,COL4A1,CD44,CommuSpace_HS_01729,0.0048420159146189
597,3,3,8,2670,Fibroblast,T cell,VEGFA,CD44,CommuSpace_HS_07694,0.004651503637433
597,4,3,8,2541,Fibroblast,T cell,TIMP2,CD44,CommuSpace_HS_07444,0.0043154377490282
597,5,3,4,351,Fibroblast,Macrophage,CCL2,CCR1,CommuSpace_HS_00946,0.0037802848964929
597,6,3,4,2311,Fibroblast,Macrophage,SERPINE1,PLAUR,CommuSpace_HS_06869,0.0035899193026125
597,7,3,4,2670,Fibroblast,Macrophage,VEGFA,CD44,CommuSpace_HS_07694,0.0031219886150211
597,8,4,4,351,Macrophage,Macrophage,CCL2,CCR1,CommuSpace_HS_00946,0.0030591643881052
597,9,1,8,583,Endothelial,T cell,COL4A1,CD44,CommuSpace_HS_01729,0.0030381362885236
597,10,3,4,2530,Fibroblast,Macrophage,THY1,ITGAX,CommuSpace_HS_07427,0.002930017421022
598,1,4,4,1359,Macrophage,Macrophage,GNAI2,C5AR1,CommuSpace_HS_03953,0.0051916833035647
598,2,3,8,583,Fibroblast,T cell,COL4A1,CD44,CommuSpace_HS_01729,0.0048420159146189
598,3,3,8,2670,Fibroblast,T cell,VEGFA,CD44,CommuSpace_HS_07694,0.004651503637433
598,4,3,8,2541,Fibroblast,T cell,TIMP2,CD44,CommuSpace_HS_07444,0.0043154377490282
598,5,3,4,351,Fibroblast,Macrophage,CCL2,CCR1,CommuSpace_HS_00946,0.0037802848964929
598,6,3,4,2311,Fibroblast,Macrophage,SERPINE1,PLAUR,CommuSpace_HS_06869,0.0035899193026125
598,7,3,4,2670,Fibroblast,Macrophage,VEGFA,CD44,CommuSpace_HS_07694,0.0031219886150211
598,8,4,4,351,Macrophage,Macrophage,CCL2,CCR1,CommuSpace_HS_00946,0.0030591643881052
598,9,1,8,583,Endothelial,T cell,COL4A1,CD44,CommuSpace_HS_01729,0.0030381362885236
598,10,3,4,2530,Fibroblast,Macrophage,THY1,ITGAX,CommuSpace_HS_07427,0.002930017421022
599,1,3,5,2547,Fibroblast,Mast cell,TIMP3,CD44,CommuSpace_HS_07452,0.0889614671468734
599,2,3,4,2530,Fibroblast,Macrophage,THY1,ITGAX,CommuSpace_HS_07427,0.0264929570257663
599,3,3,5,2670,Fibroblast,Mast cell,VEGFA,CD44,CommuSpace_HS_07694,0.0134634198620915
599,4,3,5,2541,Fibroblast,Mast cell,TIMP2,CD44,CommuSpace_HS_07444,0.0125975981354713
599,5,3,5,583,Fibroblast,Mast cell,COL4A1,CD44,CommuSpace_HS_01729,0.0067389383912086
599,6,5,3,1835,Mast cell,Fibroblast,LIF,IL6ST,CommuSpace_HS_05222,0.0042131780646741
599,7,4,4,1359,Macrophage,Macrophage,GNAI2,C5AR1,CommuSpace_HS_03953,0.0041151805780828
599,8,3,8,583,Fibroblast,T cell,COL4A1,CD44,CommuSpace_HS_01729,0.0038697109557688
599,9,3,8,2670,Fibroblast,T cell,VEGFA,CD44,CommuSpace_HS_07694,0.0038324093911796
599,10,3,8,2541,Fibroblast,T cell,TIMP2,CD44,CommuSpace_HS_07444,0.0035044131800532
600,1,4,4,1359,Macrophage,Macrophage,GNAI2,C5AR1,CommuSpace_HS_03953,0.0051916833035647
600,2,3,8,583,Fibroblast,T cell,COL4A1,CD44,CommuSpace_HS_01729,0.0048420159146189
600,3,3,8,2670,Fibroblast,T cell,VEGFA,CD44,CommuSpace_HS_07694,0.004651503637433
600,4,3,8,2541,Fibroblast,T cell,TIMP2,CD44,CommuSpace_HS_07444,0.0043154377490282
600,5,3,4,351,Fibroblast,Macrophage,CCL2,CCR1,CommuSpace_HS_00946,0.0037802848964929
600,6,3,4,2311,Fibroblast,Macrophage,SERPINE1,PLAUR,CommuSpace_HS_06869,0.0035899193026125
600,7,3,4,2670,Fibroblast,Macrophage,VEGFA,CD44,CommuSpace_HS_07694,0.0031219886150211
600,8,4,4,351,Macrophage,Macrophage,CCL2,CCR1,CommuSpace_HS_00946,0.0030591643881052
600,9,1,8,583,Endothelial,T cell,COL4A1,CD44,CommuSpace_HS_01729,0.0030381362885236
600,10,3,4,2530,Fibroblast,Macrophage,THY1,ITGAX,CommuSpace_HS_07427,0.002930017421022
601,1,4,4,1359,Macrophage,Macrophage,GNAI2,C5AR1,CommuSpace_HS_03953,0.0051916833035647
601,2,3,8,583,Fibroblast,T cell,COL4A1,CD44,CommuSpace_HS_01729,0.0048420159146189
601,3,3,8,2670,Fibroblast,T cell,VEGFA,CD44,CommuSpace_HS_07694,0.004651503637433
601,4,3,8,2541,Fibroblast,T cell,TIMP2,CD44,CommuSpace_HS_07444,0.0043154377490282
601,5,3,4,351,Fibroblast,Macrophage,CCL2,CCR1,CommuSpace_HS_00946,0.0037802848964929
601,6,3,4,2311,Fibroblast,Macrophage,SERPINE1,PLAUR,CommuSpace_HS_06869,0.0035899193026125
601,7,3,4,2670,Fibroblast,Macrophage,VEGFA,CD44,CommuSpace_HS_07694,0.0031219886150211
601,8,4,4,351,Macrophage,Macrophage,CCL2,CCR1,CommuSpace_HS_00946,0.0030591643881052
601,9,1,8,583,Endothelial,T cell,COL4A1,CD44,CommuSpace_HS_01729,0.0030381362885236
601,10,3,4,2530,Fibroblast,Macrophage,THY1,ITGAX,CommuSpace_HS_07427,0.002930017421022
602,1,4,4,1359,Macrophage,Macrophage,GNAI2,C5AR1,CommuSpace_HS_03953,0.0051916833035647
602,2,3,8,583,Fibroblast,T cell,COL4A1,CD44,CommuSpace_HS_01729,0.0048420159146189
602,3,3,8,2670,Fibroblast,T cell,VEGFA,CD44,CommuSpace_HS_07694,0.004651503637433
602,4,3,8,2541,Fibroblast,T cell,TIMP2,CD44,CommuSpace_HS_07444,0.0043154377490282
602,5,3,4,351,Fibroblast,Macrophage,CCL2,CCR1,CommuSpace_HS_00946,0.0037802848964929
602,6,3,4,2311,Fibroblast,Macrophage,SERPINE1,PLAUR,CommuSpace_HS_06869,0.0035899193026125
602,7,3,4,2670,Fibroblast,Macrophage,VEGFA,CD44,CommuSpace_HS_07694,0.0031219886150211
602,8,4,4,351,Macrophage,Macrophage,CCL2,CCR1,CommuSpace_HS_00946,0.0030591643881052
602,9,1,8,583,Endothelial,T cell,COL4A1,CD44,CommuSpace_HS_01729,0.0030381362885236
602,10,3,4,2530,Fibroblast,Macrophage,THY1,ITGAX,CommuSpace_HS_07427,0.002930017421022
603,1,4,4,1359,Macrophage,Macrophage,GNAI2,C5AR1,CommuSpace_HS_03953,0.0051916833035647
603,2,3,8,583,Fibroblast,T cell,COL4A1,CD44,CommuSpace_HS_01729,0.0048420159146189
603,3,3,8,2670,Fibroblast,T cell,VEGFA,CD44,CommuSpace_HS_07694,0.004651503637433
603,4,3,8,2541,Fibroblast,T cell,TIMP2,CD44,CommuSpace_HS_07444,0.0043154377490282
603,5,3,4,351,Fibroblast,Macrophage,CCL2,CCR1,CommuSpace_HS_00946,0.0037802848964929
603,6,3,4,2311,Fibroblast,Macrophage,SERPINE1,PLAUR,CommuSpace_HS_06869,0.0035899193026125
603,7,3,4,2670,Fibroblast,Macrophage,VEGFA,CD44,CommuSpace_HS_07694,0.0031219886150211
603,8,4,4,351,Macrophage,Macrophage,CCL2,CCR1,CommuSpace_HS_00946,0.0030591643881052
603,9,1,8,583,Endothelial,T cell,COL4A1,CD44,CommuSpace_HS_01729,0.0030381362885236
603,10,3,4,2530,Fibroblast,Macrophage,THY1,ITGAX,CommuSpace_HS_07427,0.002930017421022
604,1,4,4,1359,Macrophage,Macrophage,GNAI2,C5AR1,CommuSpace_HS_03953,0.0051916833035647
604,2,3,8,583,Fibroblast,T cell,COL4A1,CD44,CommuSpace_HS_01729,0.0048420159146189
604,3,3,8,2670,Fibroblast,T cell,VEGFA,CD44,CommuSpace_HS_07694,0.004651503637433
604,4,3,8,2541,Fibroblast,T cell,TIMP2,CD44,CommuSpace_HS_07444,0.0043154377490282
604,5,3,4,351,Fibroblast,Macrophage,CCL2,CCR1,CommuSpace_HS_00946,0.0037802848964929
604,6,3,4,2311,Fibroblast,Macrophage,SERPINE1,PLAUR,CommuSpace_HS_06869,0.0035899193026125
604,7,3,4,2670,Fibroblast,Macrophage,VEGFA,CD44,CommuSpace_HS_07694,0.0031219886150211
604,8,4,4,351,Macrophage,Macrophage,CCL2,CCR1,CommuSpace_HS_00946,0.0030591643881052
604,9,1,8,583,Endothelial,T cell,COL4A1,CD44,CommuSpace_HS_01729,0.0030381362885236
604,10,3,4,2530,Fibroblast,Macrophage,THY1,ITGAX,CommuSpace_HS_07427,0.002930017421022
605,1,4,4,1359,Macrophage,Macrophage,GNAI2,C5AR1,CommuSpace_HS_03953,0.0051916833035647
605,2,3,8,583,Fibroblast,T cell,COL4A1,CD44,CommuSpace_HS_01729,0.0048420159146189
605,3,3,8,2670,Fibroblast,T cell,VEGFA,CD44,CommuSpace_HS_07694,0.004651503637433
605,4,3,8,2541,Fibroblast,T cell,TIMP2,CD44,CommuSpace_HS_07444,0.0043154377490282
605,5,3,4,351,Fibroblast,Macrophage,CCL2,CCR1,CommuSpace_HS_00946,0.0037802848964929
605,6,3,4,2311,Fibroblast,Macrophage,SERPINE1,PLAUR,CommuSpace_HS_06869,0.0035899193026125
605,7,3,4,2670,Fibroblast,Macrophage,VEGFA,CD44,CommuSpace_HS_07694,0.0031219886150211
605,8,4,4,351,Macrophage,Macrophage,CCL2,CCR1,CommuSpace_HS_00946,0.0030591643881052
605,9,1,8,583,Endothelial,T cell,COL4A1,CD44,CommuSpace_HS_01729,0.0030381362885236
605,10,3,4,2530,Fibroblast,Macrophage,THY1,ITGAX,CommuSpace_HS_07427,0.002930017421022
606,1,4,4,1359,Macrophage,Macrophage,GNAI2,C5AR1,CommuSpace_HS_03953,0.0051916833035647
606,2,3,8,583,Fibroblast,T cell,COL4A1,CD44,CommuSpace_HS_01729,0.0048420159146189
606,3,3,8,2670,Fibroblast,T cell,VEGFA,CD44,CommuSpace_HS_07694,0.004651503637433
606,4,3,8,2541,Fibroblast,T cell,TIMP2,CD44,CommuSpace_HS_07444,0.0043154377490282
606,5,3,4,351,Fibroblast,Macrophage,CCL2,CCR1,CommuSpace_HS_00946,0.0037802848964929
606,6,3,4,2311,Fibroblast,Macrophage,SERPINE1,PLAUR,CommuSpace_HS_06869,0.0035899193026125
606,7,3,4,2670,Fibroblast,Macrophage,VEGFA,CD44,CommuSpace_HS_07694,0.0031219886150211
606,8,4,4,351,Macrophage,Macrophage,CCL2,CCR1,CommuSpace_HS_00946,0.0030591643881052
606,9,1,8,583,Endothelial,T cell,COL4A1,CD44,CommuSpace_HS_01729,0.0030381362885236
606,10,3,4,2530,Fibroblast,Macrophage,THY1,ITGAX,CommuSpace_HS_07427,0.002930017421022
607,1,4,4,1359,Macrophage,Macrophage,GNAI2,C5AR1,CommuSpace_HS_03953,0.0051916833035647
607,2,3,8,583,Fibroblast,T cell,COL4A1,CD44,CommuSpace_HS_01729,0.0048420159146189
607,3,3,8,2670,Fibroblast,T cell,VEGFA,CD44,CommuSpace_HS_07694,0.004651503637433
607,4,3,8,2541,Fibroblast,T cell,TIMP2,CD44,CommuSpace_HS_07444,0.0043154377490282
607,5,3,4,351,Fibroblast,Macrophage,CCL2,CCR1,CommuSpace_HS_00946,0.0037802848964929
607,6,3,4,2311,Fibroblast,Macrophage,SERPINE1,PLAUR,CommuSpace_HS_06869,0.0035899193026125
607,7,3,4,2670,Fibroblast,Macrophage,VEGFA,CD44,CommuSpace_HS_07694,0.0031219886150211
607,8,4,4,351,Macrophage,Macrophage,CCL2,CCR1,CommuSpace_HS_00946,0.0030591643881052
607,9,1,8,583,Endothelial,T cell,COL4A1,CD44,CommuSpace_HS_01729,0.0030381362885236
607,10,3,4,2530,Fibroblast,Macrophage,THY1,ITGAX,CommuSpace_HS_07427,0.002930017421022
608,1,4,4,1359,Macrophage,Macrophage,GNAI2,C5AR1,CommuSpace_HS_03953,0.0051916833035647
608,2,3,8,583,Fibroblast,T cell,COL4A1,CD44,CommuSpace_HS_01729,0.0048420159146189
608,3,3,8,2670,Fibroblast,T cell,VEGFA,CD44,CommuSpace_HS_07694,0.004651503637433
608,4,3,8,2541,Fibroblast,T cell,TIMP2,CD44,CommuSpace_HS_07444,0.0043154377490282
608,5,3,4,351,Fibroblast,Macrophage,CCL2,CCR1,CommuSpace_HS_00946,0.0037802848964929
608,6,3,4,2311,Fibroblast,Macrophage,SERPINE1,PLAUR,CommuSpace_HS_06869,0.0035899193026125
608,7,3,4,2670,Fibroblast,Macrophage,VEGFA,CD44,CommuSpace_HS_07694,0.0031219886150211
608,8,4,4,351,Macrophage,Macrophage,CCL2,CCR1,CommuSpace_HS_00946,0.0030591643881052
608,9,1,8,583,Endothelial,T cell,COL4A1,CD44,CommuSpace_HS_01729,0.0030381362885236
608,10,3,4,2530,Fibroblast,Macrophage,THY1,ITGAX,CommuSpace_HS_07427,0.002930017421022
609,1,4,4,1359,Macrophage,Macrophage,GNAI2,C5AR1,CommuSpace_HS_03953,0.0051916833035647
609,2,3,8,583,Fibroblast,T cell,COL4A1,CD44,CommuSpace_HS_01729,0.0048420159146189
609,3,3,8,2670,Fibroblast,T cell,VEGFA,CD44,CommuSpace_HS_07694,0.004651503637433
609,4,3,8,2541,Fibroblast,T cell,TIMP2,CD44,CommuSpace_HS_07444,0.0043154377490282
609,5,3,4,351,Fibroblast,Macrophage,CCL2,CCR1,CommuSpace_HS_00946,0.0037802848964929
609,6,3,4,2311,Fibroblast,Macrophage,SERPINE1,PLAUR,CommuSpace_HS_06869,0.0035899193026125
609,7,3,4,2670,Fibroblast,Macrophage,VEGFA,CD44,CommuSpace_HS_07694,0.0031219886150211
609,8,4,4,351,Macrophage,Macrophage,CCL2,CCR1,CommuSpace_HS_00946,0.0030591643881052
609,9,1,8,583,Endothelial,T cell,COL4A1,CD44,CommuSpace_HS_01729,0.0030381362885236
609,10,3,4,2530,Fibroblast,Macrophage,THY1,ITGAX,CommuSpace_HS_07427,0.002930017421022
610,1,4,4,1359,Macrophage,Macrophage,GNAI2,C5AR1,CommuSpace_HS_03953,0.0051916833035647
610,2,3,8,583,Fibroblast,T cell,COL4A1,CD44,CommuSpace_HS_01729,0.0048420159146189
610,3,3,8,2670,Fibroblast,T cell,VEGFA,CD44,CommuSpace_HS_07694,0.004651503637433
610,4,3,8,2541,Fibroblast,T cell,TIMP2,CD44,CommuSpace_HS_07444,0.0043154377490282
610,5,3,4,351,Fibroblast,Macrophage,CCL2,CCR1,CommuSpace_HS_00946,0.0037802848964929
610,6,3,4,2311,Fibroblast,Macrophage,SERPINE1,PLAUR,CommuSpace_HS_06869,0.0035899193026125
610,7,3,4,2670,Fibroblast,Macrophage,VEGFA,CD44,CommuSpace_HS_07694,0.0031219886150211
610,8,4,4,351,Macrophage,Macrophage,CCL2,CCR1,CommuSpace_HS_00946,0.0030591643881052
610,9,1,8,583,Endothelial,T cell,COL4A1,CD44,CommuSpace_HS_01729,0.0030381362885236
610,10,3,4,2530,Fibroblast,Macrophage,THY1,ITGAX,CommuSpace_HS_07427,0.002930017421022
611,1,4,4,1359,Macrophage,Macrophage,GNAI2,C5AR1,CommuSpace_HS_03953,0.0051916833035647
611,2,3,8,583,Fibroblast,T cell,COL4A1,CD44,CommuSpace_HS_01729,0.0048420159146189
611,3,3,8,2670,Fibroblast,T cell,VEGFA,CD44,CommuSpace_HS_07694,0.004651503637433
611,4,3,8,2541,Fibroblast,T cell,TIMP2,CD44,CommuSpace_HS_07444,0.0043154377490282
611,5,3,4,351,Fibroblast,Macrophage,CCL2,CCR1,CommuSpace_HS_00946,0.0037802848964929
611,6,3,4,2311,Fibroblast,Macrophage,SERPINE1,PLAUR,CommuSpace_HS_06869,0.0035899193026125
611,7,3,4,2670,Fibroblast,Macrophage,VEGFA,CD44,CommuSpace_HS_07694,0.0031219886150211
611,8,4,4,351,Macrophage,Macrophage,CCL2,CCR1,CommuSpace_HS_00946,0.0030591643881052
611,9,1,8,583,Endothelial,T cell,COL4A1,CD44,CommuSpace_HS_01729,0.0030381362885236
611,10,3,4,2530,Fibroblast,Macrophage,THY1,ITGAX,CommuSpace_HS_07427,0.002930017421022
612,1,4,4,1359,Macrophage,Macrophage,GNAI2,C5AR1,CommuSpace_HS_03953,0.0051916833035647
612,2,3,8,583,Fibroblast,T cell,COL4A1,CD44,CommuSpace_HS_01729,0.0048420159146189
612,3,3,8,2670,Fibroblast,T cell,VEGFA,CD44,CommuSpace_HS_07694,0.004651503637433
612,4,3,8,2541,Fibroblast,T cell,TIMP2,CD44,CommuSpace_HS_07444,0.0043154377490282
612,5,3,4,351,Fibroblast,Macrophage,CCL2,CCR1,CommuSpace_HS_00946,0.0037802848964929
612,6,3,4,2311,Fibroblast,Macrophage,SERPINE1,PLAUR,CommuSpace_HS_06869,0.0035899193026125
612,7,3,4,2670,Fibroblast,Macrophage,VEGFA,CD44,CommuSpace_HS_07694,0.0031219886150211
612,8,4,4,351,Macrophage,Macrophage,CCL2,CCR1,CommuSpace_HS_00946,0.0030591643881052
612,9,1,8,583,Endothelial,T cell,COL4A1,CD44,CommuSpace_HS_01729,0.0030381362885236
612,10,3,4,2530,Fibroblast,Macrophage,THY1,ITGAX,CommuSpace_HS_07427,0.002930017421022
613,1,4,4,1359,Macrophage,Macrophage,GNAI2,C5AR1,CommuSpace_HS_03953,0.0051916833035647
613,2,3,8,583,Fibroblast,T cell,COL4A1,CD44,CommuSpace_HS_01729,0.0048420159146189
613,3,3,8,2670,Fibroblast,T cell,VEGFA,CD44,CommuSpace_HS_07694,0.004651503637433
613,4,3,8,2541,Fibroblast,T cell,TIMP2,CD44,CommuSpace_HS_07444,0.0043154377490282
613,5,3,4,351,Fibroblast,Macrophage,CCL2,CCR1,CommuSpace_HS_00946,0.0037802848964929
613,6,3,4,2311,Fibroblast,Macrophage,SERPINE1,PLAUR,CommuSpace_HS_06869,0.0035899193026125
613,7,3,4,2670,Fibroblast,Macrophage,VEGFA,CD44,CommuSpace_HS_07694,0.0031219886150211
613,8,4,4,351,Macrophage,Macrophage,CCL2,CCR1,CommuSpace_HS_00946,0.0030591643881052
613,9,1,8,583,Endothelial,T cell,COL4A1,CD44,CommuSpace_HS_01729,0.0030381362885236
613,10,3,4,2530,Fibroblast,Macrophage,THY1,ITGAX,CommuSpace_HS_07427,0.002930017421022
614,1,4,4,1359,Macrophage,Macrophage,GNAI2,C5AR1,CommuSpace_HS_03953,0.0051916833035647
614,2,3,8,583,Fibroblast,T cell,COL4A1,CD44,CommuSpace_HS_01729,0.0048420159146189
614,3,3,8,2670,Fibroblast,T cell,VEGFA,CD44,CommuSpace_HS_07694,0.004651503637433
614,4,3,8,2541,Fibroblast,T cell,TIMP2,CD44,CommuSpace_HS_07444,0.0043154377490282
614,5,3,4,351,Fibroblast,Macrophage,CCL2,CCR1,CommuSpace_HS_00946,0.0037802848964929
614,6,3,4,2311,Fibroblast,Macrophage,SERPINE1,PLAUR,CommuSpace_HS_06869,0.0035899193026125
614,7,3,4,2670,Fibroblast,Macrophage,VEGFA,CD44,CommuSpace_HS_07694,0.0031219886150211
614,8,4,4,351,Macrophage,Macrophage,CCL2,CCR1,CommuSpace_HS_00946,0.0030591643881052
614,9,1,8,583,Endothelial,T cell,COL4A1,CD44,CommuSpace_HS_01729,0.0030381362885236
614,10,3,4,2530,Fibroblast,Macrophage,THY1,ITGAX,CommuSpace_HS_07427,0.002930017421022
615,1,4,4,1359,Macrophage,Macrophage,GNAI2,C5AR1,CommuSpace_HS_03953,0.0051916833035647
615,2,3,8,583,Fibroblast,T cell,COL4A1,CD44,CommuSpace_HS_01729,0.0048420159146189
615,3,3,8,2670,Fibroblast,T cell,VEGFA,CD44,CommuSpace_HS_07694,0.004651503637433
615,4,3,8,2541,Fibroblast,T cell,TIMP2,CD44,CommuSpace_HS_07444,0.0043154377490282
615,5,3,4,351,Fibroblast,Macrophage,CCL2,CCR1,CommuSpace_HS_00946,0.0037802848964929
615,6,3,4,2311,Fibroblast,Macrophage,SERPINE1,PLAUR,CommuSpace_HS_06869,0.0035899193026125
615,7,3,4,2670,Fibroblast,Macrophage,VEGFA,CD44,CommuSpace_HS_07694,0.0031219886150211
615,8,4,4,351,Macrophage,Macrophage,CCL2,CCR1,CommuSpace_HS_00946,0.0030591643881052
615,9,1,8,583,Endothelial,T cell,COL4A1,CD44,CommuSpace_HS_01729,0.0030381362885236
615,10,3,4,2530,Fibroblast,Macrophage,THY1,ITGAX,CommuSpace_HS_07427,0.002930017421022
616,1,4,4,1359,Macrophage,Macrophage,GNAI2,C5AR1,CommuSpace_HS_03953,0.0051916833035647
616,2,3,8,583,Fibroblast,T cell,COL4A1,CD44,CommuSpace_HS_01729,0.0048420159146189
616,3,3,8,2670,Fibroblast,T cell,VEGFA,CD44,CommuSpace_HS_07694,0.004651503637433
616,4,3,8,2541,Fibroblast,T cell,TIMP2,CD44,CommuSpace_HS_07444,0.0043154377490282
616,5,3,4,351,Fibroblast,Macrophage,CCL2,CCR1,CommuSpace_HS_00946,0.0037802848964929
616,6,3,4,2311,Fibroblast,Macrophage,SERPINE1,PLAUR,CommuSpace_HS_06869,0.0035899195354431
616,7,3,4,2670,Fibroblast,Macrophage,VEGFA,CD44,CommuSpace_HS_07694,0.0031219886150211
616,8,4,4,351,Macrophage,Macrophage,CCL2,CCR1,CommuSpace_HS_00946,0.0030591643881052
616,9,1,8,583,Endothelial,T cell,COL4A1,CD44,CommuSpace_HS_01729,0.0030381362885236
616,10,3,4,2530,Fibroblast,Macrophage,THY1,ITGAX,CommuSpace_HS_07427,0.002930017421022
617,1,4,4,1359,Macrophage,Macrophage,GNAI2,C5AR1,CommuSpace_HS_03953,0.0051916833035647
617,2,3,8,583,Fibroblast,T cell,COL4A1,CD44,CommuSpace_HS_01729,0.0048420159146189
617,3,3,8,2670,Fibroblast,T cell,VEGFA,CD44,CommuSpace_HS_07694,0.004651503637433
617,4,3,8,2541,Fibroblast,T cell,TIMP2,CD44,CommuSpace_HS_07444,0.0043154377490282
617,5,3,4,351,Fibroblast,Macrophage,CCL2,CCR1,CommuSpace_HS_00946,0.0037802848964929
617,6,3,4,2311,Fibroblast,Macrophage,SERPINE1,PLAUR,CommuSpace_HS_06869,0.0035899195354431
617,7,3,4,2670,Fibroblast,Macrophage,VEGFA,CD44,CommuSpace_HS_07694,0.0031219886150211
617,8,4,4,351,Macrophage,Macrophage,CCL2,CCR1,CommuSpace_HS_00946,0.0030591643881052
617,9,1,8,583,Endothelial,T cell,COL4A1,CD44,CommuSpace_HS_01729,0.0030381362885236
617,10,3,4,2530,Fibroblast,Macrophage,THY1,ITGAX,CommuSpace_HS_07427,0.002930017421022
618,1,4,4,1359,Macrophage,Macrophage,GNAI2,C5AR1,CommuSpace_HS_03953,0.0051916833035647
618,2,3,8,583,Fibroblast,T cell,COL4A1,CD44,CommuSpace_HS_01729,0.0048420159146189
618,3,3,8,2670,Fibroblast,T cell,VEGFA,CD44,CommuSpace_HS_07694,0.004651503637433
618,4,3,8,2541,Fibroblast,T cell,TIMP2,CD44,CommuSpace_HS_07444,0.0043154377490282
618,5,3,4,351,Fibroblast,Macrophage,CCL2,CCR1,CommuSpace_HS_00946,0.0037802848964929
618,6,3,4,2311,Fibroblast,Macrophage,SERPINE1,PLAUR,CommuSpace_HS_06869,0.0035899195354431
618,7,3,4,2670,Fibroblast,Macrophage,VEGFA,CD44,CommuSpace_HS_07694,0.0031219886150211
618,8,4,4,351,Macrophage,Macrophage,CCL2,CCR1,CommuSpace_HS_00946,0.0030591643881052
618,9,1,8,583,Endothelial,T cell,COL4A1,CD44,CommuSpace_HS_01729,0.0030381362885236
618,10,3,4,2530,Fibroblast,Macrophage,THY1,ITGAX,CommuSpace_HS_07427,0.002930017421022
619,1,4,4,1359,Macrophage,Macrophage,GNAI2,C5AR1,CommuSpace_HS_03953,0.0051916833035647
619,2,3,8,583,Fibroblast,T cell,COL4A1,CD44,CommuSpace_HS_01729,0.0048420159146189
619,3,3,8,2670,Fibroblast,T cell,VEGFA,CD44,CommuSpace_HS_07694,0.004651503637433
619,4,3,8,2541,Fibroblast,T cell,TIMP2,CD44,CommuSpace_HS_07444,0.0043154377490282
619,5,3,4,351,Fibroblast,Macrophage,CCL2,CCR1,CommuSpace_HS_00946,0.0037802848964929
619,6,3,4,2311,Fibroblast,Macrophage,SERPINE1,PLAUR,CommuSpace_HS_06869,0.0035899195354431
619,7,3,4,2670,Fibroblast,Macrophage,VEGFA,CD44,CommuSpace_HS_07694,0.0031219886150211
619,8,4,4,351,Macrophage,Macrophage,CCL2,CCR1,CommuSpace_HS_00946,0.0030591643881052
619,9,1,8,583,Endothelial,T cell,COL4A1,CD44,CommuSpace_HS_01729,0.0030381362885236
619,10,3,4,2530,Fibroblast,Macrophage,THY1,ITGAX,CommuSpace_HS_07427,0.002930017421022
620,1,4,4,1359,Macrophage,Macrophage,GNAI2,C5AR1,CommuSpace_HS_03953,0.0051916833035647
620,2,3,8,583,Fibroblast,T cell,COL4A1,CD44,CommuSpace_HS_01729,0.0048420159146189
620,3,3,8,2670,Fibroblast,T cell,VEGFA,CD44,CommuSpace_HS_07694,0.004651503637433
620,4,3,8,2541,Fibroblast,T cell,TIMP2,CD44,CommuSpace_HS_07444,0.0043154377490282
620,5,3,4,351,Fibroblast,Macrophage,CCL2,CCR1,CommuSpace_HS_00946,0.0037802848964929
620,6,3,4,2311,Fibroblast,Macrophage,SERPINE1,PLAUR,CommuSpace_HS_06869,0.0035899195354431
620,7,3,4,2670,Fibroblast,Macrophage,VEGFA,CD44,CommuSpace_HS_07694,0.0031219886150211
620,8,4,4,351,Macrophage,Macrophage,CCL2,CCR1,CommuSpace_HS_00946,0.0030591643881052
620,9,1,8,583,Endothelial,T cell,COL4A1,CD44,CommuSpace_HS_01729,0.0030381362885236
620,10,3,4,2530,Fibroblast,Macrophage,THY1,ITGAX,CommuSpace_HS_07427,0.002930017421022
621,1,4,4,1359,Macrophage,Macrophage,GNAI2,C5AR1,CommuSpace_HS_03953,0.0051916833035647
621,2,3,8,583,Fibroblast,T cell,COL4A1,CD44,CommuSpace_HS_01729,0.0048420159146189
621,3,3,8,2670,Fibroblast,T cell,VEGFA,CD44,CommuSpace_HS_07694,0.004651503637433
621,4,3,8,2541,Fibroblast,T cell,TIMP2,CD44,CommuSpace_HS_07444,0.0043154377490282
621,5,3,4,351,Fibroblast,Macrophage,CCL2,CCR1,CommuSpace_HS_00946,0.0037802848964929
621,6,3,4,2311,Fibroblast,Macrophage,SERPINE1,PLAUR,CommuSpace_HS_06869,0.0035899195354431
621,7,3,4,2670,Fibroblast,Macrophage,VEGFA,CD44,CommuSpace_HS_07694,0.0031219886150211
621,8,4,4,351,Macrophage,Macrophage,CCL2,CCR1,CommuSpace_HS_00946,0.0030591643881052
621,9,1,8,583,Endothelial,T cell,COL4A1,CD44,CommuSpace_HS_01729,0.0030381362885236
621,10,3,4,2530,Fibroblast,Macrophage,THY1,ITGAX,CommuSpace_HS_07427,0.002930017421022
622,1,4,4,1359,Macrophage,Macrophage,GNAI2,C5AR1,CommuSpace_HS_03953,0.0051916833035647
622,2,3,8,583,Fibroblast,T cell,COL4A1,CD44,CommuSpace_HS_01729,0.0048420159146189
622,3,3,8,2670,Fibroblast,T cell,VEGFA,CD44,CommuSpace_HS_07694,0.004651503637433
622,4,3,8,2541,Fibroblast,T cell,TIMP2,CD44,CommuSpace_HS_07444,0.0043154377490282
622,5,3,4,351,Fibroblast,Macrophage,CCL2,CCR1,CommuSpace_HS_00946,0.0037802848964929
622,6,3,4,2311,Fibroblast,Macrophage,SERPINE1,PLAUR,CommuSpace_HS_06869,0.0035899195354431
622,7,3,4,2670,Fibroblast,Macrophage,VEGFA,CD44,CommuSpace_HS_07694,0.0031219886150211
622,8,4,4,351,Macrophage,Macrophage,CCL2,CCR1,CommuSpace_HS_00946,0.0030591643881052
622,9,1,8,583,Endothelial,T cell,COL4A1,CD44,CommuSpace_HS_01729,0.0030381362885236
622,10,3,4,2530,Fibroblast,Macrophage,THY1,ITGAX,CommuSpace_HS_07427,0.002930017421022
623,1,4,4,1359,Macrophage,Macrophage,GNAI2,C5AR1,CommuSpace_HS_03953,0.0051916833035647
623,2,3,8,583,Fibroblast,T cell,COL4A1,CD44,CommuSpace_HS_01729,0.0048420159146189
623,3,3,8,2670,Fibroblast,T cell,VEGFA,CD44,CommuSpace_HS_07694,0.004651503637433
623,4,3,8,2541,Fibroblast,T cell,TIMP2,CD44,CommuSpace_HS_07444,0.0043154377490282
623,5,3,4,351,Fibroblast,Macrophage,CCL2,CCR1,CommuSpace_HS_00946,0.0037802848964929
623,6,3,4,2311,Fibroblast,Macrophage,SERPINE1,PLAUR,CommuSpace_HS_06869,0.0035899195354431
623,7,3,4,2670,Fibroblast,Macrophage,VEGFA,CD44,CommuSpace_HS_07694,0.0031219886150211
623,8,4,4,351,Macrophage,Macrophage,CCL2,CCR1,CommuSpace_HS_00946,0.0030591643881052
623,9,1,8,583,Endothelial,T cell,COL4A1,CD44,CommuSpace_HS_01729,0.0030381362885236
623,10,3,4,2530,Fibroblast,Macrophage,THY1,ITGAX,CommuSpace_HS_07427,0.002930017421022
624,1,4,4,1359,Macrophage,Macrophage,GNAI2,C5AR1,CommuSpace_HS_03953,0.0051916833035647
624,2,3,8,583,Fibroblast,T cell,COL4A1,CD44,CommuSpace_HS_01729,0.0048420159146189
624,3,3,8,2670,Fibroblast,T cell,VEGFA,CD44,CommuSpace_HS_07694,0.004651503637433
624,4,3,8,2541,Fibroblast,T cell,TIMP2,CD44,CommuSpace_HS_07444,0.0043154377490282
624,5,3,4,351,Fibroblast,Macrophage,CCL2,CCR1,CommuSpace_HS_00946,0.0037802848964929
624,6,3,4,2311,Fibroblast,Macrophage,SERPINE1,PLAUR,CommuSpace_HS_06869,0.0035899195354431
624,7,3,4,2670,Fibroblast,Macrophage,VEGFA,CD44,CommuSpace_HS_07694,0.0031219886150211
624,8,4,4,351,Macrophage,Macrophage,CCL2,CCR1,CommuSpace_HS_00946,0.0030591643881052
624,9,1,8,583,Endothelial,T cell,COL4A1,CD44,CommuSpace_HS_01729,0.0030381362885236
624,10,3,4,2530,Fibroblast,Macrophage,THY1,ITGAX,CommuSpace_HS_07427,0.002930017421022
625,1,4,4,1359,Macrophage,Macrophage,GNAI2,C5AR1,CommuSpace_HS_03953,0.0051916833035647
625,2,3,8,583,Fibroblast,T cell,COL4A1,CD44,CommuSpace_HS_01729,0.0048420159146189
625,3,3,8,2670,Fibroblast,T cell,VEGFA,CD44,CommuSpace_HS_07694,0.004651503637433
625,4,3,8,2541,Fibroblast,T cell,TIMP2,CD44,CommuSpace_HS_07444,0.0043154377490282
625,5,3,4,351,Fibroblast,Macrophage,CCL2,CCR1,CommuSpace_HS_00946,0.0037802848964929
625,6,3,4,2311,Fibroblast,Macrophage,SERPINE1,PLAUR,CommuSpace_HS_06869,0.0035899195354431
625,7,3,4,2670,Fibroblast,Macrophage,VEGFA,CD44,CommuSpace_HS_07694,0.0031219886150211
625,8,4,4,351,Macrophage,Macrophage,CCL2,CCR1,CommuSpace_HS_00946,0.0030591643881052
625,9,1,8,583,Endothelial,T cell,COL4A1,CD44,CommuSpace_HS_01729,0.0030381362885236
625,10,3,4,2530,Fibroblast,Macrophage,THY1,ITGAX,CommuSpace_HS_07427,0.002930017421022
626,1,4,4,1359,Macrophage,Macrophage,GNAI2,C5AR1,CommuSpace_HS_03953,0.0051916833035647
626,2,3,8,583,Fibroblast,T cell,COL4A1,CD44,CommuSpace_HS_01729,0.0048420159146189
626,3,3,8,2670,Fibroblast,T cell,VEGFA,CD44,CommuSpace_HS_07694,0.004651503637433
626,4,3,8,2541,Fibroblast,T cell,TIMP2,CD44,CommuSpace_HS_07444,0.0043154377490282
626,5,3,4,351,Fibroblast,Macrophage,CCL2,CCR1,CommuSpace_HS_00946,0.0037802848964929
626,6,3,4,2311,Fibroblast,Macrophage,SERPINE1,PLAUR,CommuSpace_HS_06869,0.0035899195354431
626,7,3,4,2670,Fibroblast,Macrophage,VEGFA,CD44,CommuSpace_HS_07694,0.0031219886150211
626,8,4,4,351,Macrophage,Macrophage,CCL2,CCR1,CommuSpace_HS_00946,0.0030591643881052
626,9,1,8,583,Endothelial,T cell,COL4A1,CD44,CommuSpace_HS_01729,0.0030381362885236
626,10,3,4,2530,Fibroblast,Macrophage,THY1,ITGAX,CommuSpace_HS_07427,0.002930017421022
627,1,4,4,1359,Macrophage,Macrophage,GNAI2,C5AR1,CommuSpace_HS_03953,0.0051916833035647
627,2,3,8,583,Fibroblast,T cell,COL4A1,CD44,CommuSpace_HS_01729,0.0048420159146189
627,3,3,8,2670,Fibroblast,T cell,VEGFA,CD44,CommuSpace_HS_07694,0.004651503637433
627,4,3,8,2541,Fibroblast,T cell,TIMP2,CD44,CommuSpace_HS_07444,0.0043154377490282
627,5,3,4,351,Fibroblast,Macrophage,CCL2,CCR1,CommuSpace_HS_00946,0.0037802848964929
627,6,3,4,2311,Fibroblast,Macrophage,SERPINE1,PLAUR,CommuSpace_HS_06869,0.0035899195354431
627,7,3,4,2670,Fibroblast,Macrophage,VEGFA,CD44,CommuSpace_HS_07694,0.0031219886150211
627,8,4,4,351,Macrophage,Macrophage,CCL2,CCR1,CommuSpace_HS_00946,0.0030591643881052
627,9,1,8,583,Endothelial,T cell,COL4A1,CD44,CommuSpace_HS_01729,0.0030381362885236
627,10,3,4,2530,Fibroblast,Macrophage,THY1,ITGAX,CommuSpace_HS_07427,0.002930017421022
628,1,4,4,1359,Macrophage,Macrophage,GNAI2,C5AR1,CommuSpace_HS_03953,0.0051916833035647
628,2,3,8,583,Fibroblast,T cell,COL4A1,CD44,CommuSpace_HS_01729,0.0048420159146189
628,3,3,8,2670,Fibroblast,T cell,VEGFA,CD44,CommuSpace_HS_07694,0.004651503637433
628,4,3,8,2541,Fibroblast,T cell,TIMP2,CD44,CommuSpace_HS_07444,0.0043154377490282
628,5,3,4,351,Fibroblast,Macrophage,CCL2,CCR1,CommuSpace_HS_00946,0.0037802848964929
628,6,3,4,2311,Fibroblast,Macrophage,SERPINE1,PLAUR,CommuSpace_HS_06869,0.0035899195354431
628,7,3,4,2670,Fibroblast,Macrophage,VEGFA,CD44,CommuSpace_HS_07694,0.0031219886150211
628,8,4,4,351,Macrophage,Macrophage,CCL2,CCR1,CommuSpace_HS_00946,0.0030591643881052
628,9,1,8,583,Endothelial,T cell,COL4A1,CD44,CommuSpace_HS_01729,0.0030381362885236
628,10,3,4,2530,Fibroblast,Macrophage,THY1,ITGAX,CommuSpace_HS_07427,0.002930017421022
629,1,4,4,1359,Macrophage,Macrophage,GNAI2,C5AR1,CommuSpace_HS_03953,0.0051916833035647
629,2,3,8,583,Fibroblast,T cell,COL4A1,CD44,CommuSpace_HS_01729,0.0048420159146189
629,3,3,8,2670,Fibroblast,T cell,VEGFA,CD44,CommuSpace_HS_07694,0.004651503637433
629,4,3,8,2541,Fibroblast,T cell,TIMP2,CD44,CommuSpace_HS_07444,0.0043154377490282
629,5,3,4,351,Fibroblast,Macrophage,CCL2,CCR1,CommuSpace_HS_00946,0.0037802848964929
629,6,3,4,2311,Fibroblast,Macrophage,SERPINE1,PLAUR,CommuSpace_HS_06869,0.0035899195354431
629,7,3,4,2670,Fibroblast,Macrophage,VEGFA,CD44,CommuSpace_HS_07694,0.0031219886150211
629,8,4,4,351,Macrophage,Macrophage,CCL2,CCR1,CommuSpace_HS_00946,0.0030591643881052
629,9,1,8,583,Endothelial,T cell,COL4A1,CD44,CommuSpace_HS_01729,0.0030381362885236
629,10,3,4,2530,Fibroblast,Macrophage,THY1,ITGAX,CommuSpace_HS_07427,0.002930017421022
630,1,4,4,1359,Macrophage,Macrophage,GNAI2,C5AR1,CommuSpace_HS_03953,0.0051916833035647
630,2,3,8,583,Fibroblast,T cell,COL4A1,CD44,CommuSpace_HS_01729,0.0048420159146189
630,3,3,8,2670,Fibroblast,T cell,VEGFA,CD44,CommuSpace_HS_07694,0.004651503637433
630,4,3,8,2541,Fibroblast,T cell,TIMP2,CD44,CommuSpace_HS_07444,0.0043154377490282
630,5,3,4,351,Fibroblast,Macrophage,CCL2,CCR1,CommuSpace_HS_00946,0.0037802848964929
630,6,3,4,2311,Fibroblast,Macrophage,SERPINE1,PLAUR,CommuSpace_HS_06869,0.0035899195354431
630,7,3,4,2670,Fibroblast,Macrophage,VEGFA,CD44,CommuSpace_HS_07694,0.0031219886150211
630,8,4,4,351,Macrophage,Macrophage,CCL2,CCR1,CommuSpace_HS_00946,0.0030591643881052
630,9,1,8,583,Endothelial,T cell,COL4A1,CD44,CommuSpace_HS_01729,0.0030381362885236
630,10,3,4,2530,Fibroblast,Macrophage,THY1,ITGAX,CommuSpace_HS_07427,0.002930017421022
631,1,4,4,1359,Macrophage,Macrophage,GNAI2,C5AR1,CommuSpace_HS_03953,0.0051916833035647
631,2,3,8,583,Fibroblast,T cell,COL4A1,CD44,CommuSpace_HS_01729,0.0048420159146189
631,3,3,8,2670,Fibroblast,T cell,VEGFA,CD44,CommuSpace_HS_07694,0.004651503637433
631,4,3,8,2541,Fibroblast,T cell,TIMP2,CD44,CommuSpace_HS_07444,0.0043154377490282
631,5,3,4,351,Fibroblast,Macrophage,CCL2,CCR1,CommuSpace_HS_00946,0.0037802848964929
631,6,3,4,2311,Fibroblast,Macrophage,SERPINE1,PLAUR,CommuSpace_HS_06869,0.0035899195354431
631,7,3,4,2670,Fibroblast,Macrophage,VEGFA,CD44,CommuSpace_HS_07694,0.0031219886150211
631,8,4,4,351,Macrophage,Macrophage,CCL2,CCR1,CommuSpace_HS_00946,0.0030591643881052
631,9,1,8,583,Endothelial,T cell,COL4A1,CD44,CommuSpace_HS_01729,0.0030381362885236
631,10,3,4,2530,Fibroblast,Macrophage,THY1,ITGAX,CommuSpace_HS_07427,0.002930017421022
632,1,4,4,1359,Macrophage,Macrophage,GNAI2,C5AR1,CommuSpace_HS_03953,0.005191664211452
632,2,3,8,583,Fibroblast,T cell,COL4A1,CD44,CommuSpace_HS_01729,0.0048419060185551
632,3,3,8,2670,Fibroblast,T cell,VEGFA,CD44,CommuSpace_HS_07694,0.0046513946726918
632,4,3,8,2541,Fibroblast,T cell,TIMP2,CD44,CommuSpace_HS_07444,0.0043153222650289
632,5,3,4,351,Fibroblast,Macrophage,CCL2,CCR1,CommuSpace_HS_00946,0.0037852411624044
632,6,3,4,2311,Fibroblast,Macrophage,SERPINE1,PLAUR,CommuSpace_HS_06869,0.0035953926853835
632,7,3,4,2670,Fibroblast,Macrophage,VEGFA,CD44,CommuSpace_HS_07694,0.0031221099197864
632,8,4,4,351,Macrophage,Macrophage,CCL2,CCR1,CommuSpace_HS_00946,0.0030592444818466
632,9,1,8,583,Endothelial,T cell,COL4A1,CD44,CommuSpace_HS_01729,0.0030305546242743
632,10,3,4,2530,Fibroblast,Macrophage,THY1,ITGAX,CommuSpace_HS_07427,0.0029313908889889
633,1,4,4,1359,Macrophage,Macrophage,GNAI2,C5AR1,CommuSpace_HS_03953,0.0051916833035647
633,2,3,8,583,Fibroblast,T cell,COL4A1,CD44,CommuSpace_HS_01729,0.0048420159146189
633,3,3,8,2670,Fibroblast,T cell,VEGFA,CD44,CommuSpace_HS_07694,0.004651503637433
633,4,3,8,2541,Fibroblast,T cell,TIMP2,CD44,CommuSpace_HS_07444,0.0043154377490282
633,5,3,4,351,Fibroblast,Macrophage,CCL2,CCR1,CommuSpace_HS_00946,0.0037802848964929
633,6,3,4,2311,Fibroblast,Macrophage,SERPINE1,PLAUR,CommuSpace_HS_06869,0.0035899195354431
633,7,3,4,2670,Fibroblast,Macrophage,VEGFA,CD44,CommuSpace_HS_07694,0.0031219886150211
633,8,4,4,351,Macrophage,Macrophage,CCL2,CCR1,CommuSpace_HS_00946,0.0030591643881052
633,9,1,8,583,Endothelial,T cell,COL4A1,CD44,CommuSpace_HS_01729,0.0030381362885236
633,10,3,4,2530,Fibroblast,Macrophage,THY1,ITGAX,CommuSpace_HS_07427,0.002930017421022
634,1,4,4,1359,Macrophage,Macrophage,GNAI2,C5AR1,CommuSpace_HS_03953,0.0051916833035647
634,2,3,8,583,Fibroblast,T cell,COL4A1,CD44,CommuSpace_HS_01729,0.0048420159146189
634,3,3,8,2670,Fibroblast,T cell,VEGFA,CD44,CommuSpace_HS_07694,0.004651503637433
634,4,3,8,2541,Fibroblast,T cell,TIMP2,CD44,CommuSpace_HS_07444,0.0043154377490282
634,5,3,4,351,Fibroblast,Macrophage,CCL2,CCR1,CommuSpace_HS_00946,0.0037802848964929
634,6,3,4,2311,Fibroblast,Macrophage,SERPINE1,PLAUR,CommuSpace_HS_06869,0.0035899195354431
634,7,3,4,2670,Fibroblast,Macrophage,VEGFA,CD44,CommuSpace_HS_07694,0.0031219886150211
634,8,4,4,351,Macrophage,Macrophage,CCL2,CCR1,CommuSpace_HS_00946,0.0030591643881052
634,9,1,8,583,Endothelial,T cell,COL4A1,CD44,CommuSpace_HS_01729,0.0030381362885236
634,10,3,4,2530,Fibroblast,Macrophage,THY1,ITGAX,CommuSpace_HS_07427,0.002930017421022
635,1,3,8,2547,Fibroblast,T cell,TIMP3,CD44,CommuSpace_HS_07452,0.2291738837957382
635,2,3,8,2541,Fibroblast,T cell,TIMP2,CD44,CommuSpace_HS_07444,0.0096762627363204
635,3,3,8,2670,Fibroblast,T cell,VEGFA,CD44,CommuSpace_HS_07694,0.0095470137894153
635,4,3,8,583,Fibroblast,T cell,COL4A1,CD44,CommuSpace_HS_01729,0.0083353044465184
635,5,4,4,1359,Macrophage,Macrophage,GNAI2,C5AR1,CommuSpace_HS_03953,0.0037951364647597
635,6,3,4,2311,Fibroblast,Macrophage,SERPINE1,PLAUR,CommuSpace_HS_06869,0.0034906212240457
635,7,3,4,351,Fibroblast,Macrophage,CCL2,CCR1,CommuSpace_HS_00946,0.0028005884960293
635,8,3,4,2670,Fibroblast,Macrophage,VEGFA,CD44,CommuSpace_HS_07694,0.0023720068857073
635,9,1,8,583,Endothelial,T cell,COL4A1,CD44,CommuSpace_HS_01729,0.0022859070450067
635,10,4,4,351,Macrophage,Macrophage,CCL2,CCR1,CommuSpace_HS_00946,0.0022498175967484
636,1,4,4,1359,Macrophage,Macrophage,GNAI2,C5AR1,CommuSpace_HS_03953,0.0051916833035647
636,2,3,8,583,Fibroblast,T cell,COL4A1,CD44,CommuSpace_HS_01729,0.0048420159146189
636,3,3,8,2670,Fibroblast,T cell,VEGFA,CD44,CommuSpace_HS_07694,0.004651503637433
636,4,3,8,2541,Fibroblast,T cell,TIMP2,CD44,CommuSpace_HS_07444,0.0043154377490282
636,5,3,4,351,Fibroblast,Macrophage,CCL2,CCR1,CommuSpace_HS_00946,0.0037802848964929
636,6,3,4,2311,Fibroblast,Macrophage,SERPINE1,PLAUR,CommuSpace_HS_06869,0.0035899195354431
636,7,3,4,2670,Fibroblast,Macrophage,VEGFA,CD44,CommuSpace_HS_07694,0.0031219886150211
636,8,4,4,351,Macrophage,Macrophage,CCL2,CCR1,CommuSpace_HS_00946,0.0030591643881052
636,9,1,8,583,Endothelial,T cell,COL4A1,CD44,CommuSpace_HS_01729,0.0030381362885236
636,10,3,4,2530,Fibroblast,Macrophage,THY1,ITGAX,CommuSpace_HS_07427,0.002930017421022
637,1,4,4,1359,Macrophage,Macrophage,GNAI2,C5AR1,CommuSpace_HS_03953,0.0051916833035647
637,2,3,8,583,Fibroblast,T cell,COL4A1,CD44,CommuSpace_HS_01729,0.0048420159146189
637,3,3,8,2670,Fibroblast,T cell,VEGFA,CD44,CommuSpace_HS_07694,0.004651503637433
637,4,3,8,2541,Fibroblast,T cell,TIMP2,CD44,CommuSpace_HS_07444,0.0043154377490282
637,5,3,4,351,Fibroblast,Macrophage,CCL2,CCR1,CommuSpace_HS_00946,0.0037802848964929
637,6,3,4,2311,Fibroblast,Macrophage,SERPINE1,PLAUR,CommuSpace_HS_06869,0.0035899195354431
637,7,3,4,2670,Fibroblast,Macrophage,VEGFA,CD44,CommuSpace_HS_07694,0.0031219886150211
637,8,4,4,351,Macrophage,Macrophage,CCL2,CCR1,CommuSpace_HS_00946,0.0030591643881052
637,9,1,8,583,Endothelial,T cell,COL4A1,CD44,CommuSpace_HS_01729,0.0030381362885236
637,10,3,4,2530,Fibroblast,Macrophage,THY1,ITGAX,CommuSpace_HS_07427,0.002930017421022
638,1,4,4,1359,Macrophage,Macrophage,GNAI2,C5AR1,CommuSpace_HS_03953,0.0051916833035647
638,2,3,8,583,Fibroblast,T cell,COL4A1,CD44,CommuSpace_HS_01729,0.0048420159146189
638,3,3,8,2670,Fibroblast,T cell,VEGFA,CD44,CommuSpace_HS_07694,0.004651503637433
638,4,3,8,2541,Fibroblast,T cell,TIMP2,CD44,CommuSpace_HS_07444,0.0043154377490282
638,5,3,4,351,Fibroblast,Macrophage,CCL2,CCR1,CommuSpace_HS_00946,0.0037802848964929
638,6,3,4,2311,Fibroblast,Macrophage,SERPINE1,PLAUR,CommuSpace_HS_06869,0.0035899195354431
638,7,3,4,2670,Fibroblast,Macrophage,VEGFA,CD44,CommuSpace_HS_07694,0.0031219886150211
638,8,4,4,351,Macrophage,Macrophage,CCL2,CCR1,CommuSpace_HS_00946,0.0030591643881052
638,9,1,8,583,Endothelial,T cell,COL4A1,CD44,CommuSpace_HS_01729,0.0030381362885236
638,10,3,4,2530,Fibroblast,Macrophage,THY1,ITGAX,CommuSpace_HS_07427,0.002930017421022
639,1,4,4,1359,Macrophage,Macrophage,GNAI2,C5AR1,CommuSpace_HS_03953,0.0051916833035647
639,2,3,8,583,Fibroblast,T cell,COL4A1,CD44,CommuSpace_HS_01729,0.0048420159146189
639,3,3,8,2670,Fibroblast,T cell,VEGFA,CD44,CommuSpace_HS_07694,0.004651503637433
639,4,3,8,2541,Fibroblast,T cell,TIMP2,CD44,CommuSpace_HS_07444,0.0043154377490282
639,5,3,4,351,Fibroblast,Macrophage,CCL2,CCR1,CommuSpace_HS_00946,0.0037802848964929
639,6,3,4,2311,Fibroblast,Macrophage,SERPINE1,PLAUR,CommuSpace_HS_06869,0.0035899195354431
639,7,3,4,2670,Fibroblast,Macrophage,VEGFA,CD44,CommuSpace_HS_07694,0.0031219886150211
639,8,4,4,351,Macrophage,Macrophage,CCL2,CCR1,CommuSpace_HS_00946,0.0030591643881052
639,9,1,8,583,Endothelial,T cell,COL4A1,CD44,CommuSpace_HS_01729,0.0030381362885236
639,10,3,4,2530,Fibroblast,Macrophage,THY1,ITGAX,CommuSpace_HS_07427,0.002930017421022
640,1,4,4,1359,Macrophage,Macrophage,GNAI2,C5AR1,CommuSpace_HS_03953,0.0051916833035647
640,2,3,8,583,Fibroblast,T cell,COL4A1,CD44,CommuSpace_HS_01729,0.0048420159146189
640,3,3,8,2670,Fibroblast,T cell,VEGFA,CD44,CommuSpace_HS_07694,0.004651503637433
640,4,3,8,2541,Fibroblast,T cell,TIMP2,CD44,CommuSpace_HS_07444,0.0043154377490282
640,5,3,4,351,Fibroblast,Macrophage,CCL2,CCR1,CommuSpace_HS_00946,0.0037802848964929
640,6,3,4,2311,Fibroblast,Macrophage,SERPINE1,PLAUR,CommuSpace_HS_06869,0.0035899195354431
640,7,3,4,2670,Fibroblast,Macrophage,VEGFA,CD44,CommuSpace_HS_07694,0.0031219886150211
640,8,4,4,351,Macrophage,Macrophage,CCL2,CCR1,CommuSpace_HS_00946,0.0030591643881052
640,9,1,8,583,Endothelial,T cell,COL4A1,CD44,CommuSpace_HS_01729,0.0030381362885236
640,10,3,4,2530,Fibroblast,Macrophage,THY1,ITGAX,CommuSpace_HS_07427,0.002930017421022
641,1,4,4,1359,Macrophage,Macrophage,GNAI2,C5AR1,CommuSpace_HS_03953,0.0051916833035647
641,2,3,8,583,Fibroblast,T cell,COL4A1,CD44,CommuSpace_HS_01729,0.0048420159146189
641,3,3,8,2670,Fibroblast,T cell,VEGFA,CD44,CommuSpace_HS_07694,0.004651503637433
641,4,3,8,2541,Fibroblast,T cell,TIMP2,CD44,CommuSpace_HS_07444,0.0043154377490282
641,5,3,4,351,Fibroblast,Macrophage,CCL2,CCR1,CommuSpace_HS_00946,0.0037802848964929
641,6,3,4,2311,Fibroblast,Macrophage,SERPINE1,PLAUR,CommuSpace_HS_06869,0.0035899195354431
641,7,3,4,2670,Fibroblast,Macrophage,VEGFA,CD44,CommuSpace_HS_07694,0.0031219886150211
641,8,4,4,351,Macrophage,Macrophage,CCL2,CCR1,CommuSpace_HS_00946,0.0030591643881052
641,9,1,8,583,Endothelial,T cell,COL4A1,CD44,CommuSpace_HS_01729,0.0030381362885236
641,10,3,4,2530,Fibroblast,Macrophage,THY1,ITGAX,CommuSpace_HS_07427,0.002930017421022
642,1,4,4,1359,Macrophage,Macrophage,GNAI2,C5AR1,CommuSpace_HS_03953,0.0051916833035647
642,2,3,8,583,Fibroblast,T cell,COL4A1,CD44,CommuSpace_HS_01729,0.0048420159146189
642,3,3,8,2670,Fibroblast,T cell,VEGFA,CD44,CommuSpace_HS_07694,0.004651503637433
642,4,3,8,2541,Fibroblast,T cell,TIMP2,CD44,CommuSpace_HS_07444,0.0043154377490282
642,5,3,4,351,Fibroblast,Macrophage,CCL2,CCR1,CommuSpace_HS_00946,0.0037802848964929
642,6,3,4,2311,Fibroblast,Macrophage,SERPINE1,PLAUR,CommuSpace_HS_06869,0.0035899195354431
642,7,3,4,2670,Fibroblast,Macrophage,VEGFA,CD44,CommuSpace_HS_07694,0.0031219886150211
642,8,4,4,351,Macrophage,Macrophage,CCL2,CCR1,CommuSpace_HS_00946,0.0030591643881052
642,9,1,8,583,Endothelial,T cell,COL4A1,CD44,CommuSpace_HS_01729,0.0030381362885236
642,10,3,4,2530,Fibroblast,Macrophage,THY1,ITGAX,CommuSpace_HS_07427,0.002930017421022
643,1,4,4,1359,Macrophage,Macrophage,GNAI2,C5AR1,CommuSpace_HS_03953,0.0051916833035647
643,2,3,8,583,Fibroblast,T cell,COL4A1,CD44,CommuSpace_HS_01729,0.0048420159146189
643,3,3,8,2670,Fibroblast,T cell,VEGFA,CD44,CommuSpace_HS_07694,0.004651503637433
643,4,3,8,2541,Fibroblast,T cell,TIMP2,CD44,CommuSpace_HS_07444,0.0043154377490282
643,5,3,4,351,Fibroblast,Macrophage,CCL2,CCR1,CommuSpace_HS_00946,0.0037802848964929
643,6,3,4,2311,Fibroblast,Macrophage,SERPINE1,PLAUR,CommuSpace_HS_06869,0.0035899195354431
643,7,3,4,2670,Fibroblast,Macrophage,VEGFA,CD44,CommuSpace_HS_07694,0.0031219886150211
643,8,4,4,351,Macrophage,Macrophage,CCL2,CCR1,CommuSpace_HS_00946,0.0030591643881052
643,9,1,8,583,Endothelial,T cell,COL4A1,CD44,CommuSpace_HS_01729,0.0030381362885236
643,10,3,4,2530,Fibroblast,Macrophage,THY1,ITGAX,CommuSpace_HS_07427,0.002930017421022
644,1,4,4,1359,Macrophage,Macrophage,GNAI2,C5AR1,CommuSpace_HS_03953,0.0051916833035647
644,2,3,8,583,Fibroblast,T cell,COL4A1,CD44,CommuSpace_HS_01729,0.0048420159146189
644,3,3,8,2670,Fibroblast,T cell,VEGFA,CD44,CommuSpace_HS_07694,0.004651503637433
644,4,3,8,2541,Fibroblast,T cell,TIMP2,CD44,CommuSpace_HS_07444,0.0043154377490282
644,5,3,4,351,Fibroblast,Macrophage,CCL2,CCR1,CommuSpace_HS_00946,0.0037802848964929
644,6,3,4,2311,Fibroblast,Macrophage,SERPINE1,PLAUR,CommuSpace_HS_06869,0.0035899195354431
644,7,3,4,2670,Fibroblast,Macrophage,VEGFA,CD44,CommuSpace_HS_07694,0.0031219886150211
644,8,4,4,351,Macrophage,Macrophage,CCL2,CCR1,CommuSpace_HS_00946,0.0030591643881052
644,9,1,8,583,Endothelial,T cell,COL4A1,CD44,CommuSpace_HS_01729,0.0030381362885236
644,10,3,4,2530,Fibroblast,Macrophage,THY1,ITGAX,CommuSpace_HS_07427,0.002930017421022
645,1,4,4,1359,Macrophage,Macrophage,GNAI2,C5AR1,CommuSpace_HS_03953,0.0051916833035647
645,2,3,8,583,Fibroblast,T cell,COL4A1,CD44,CommuSpace_HS_01729,0.0048420159146189
645,3,3,8,2670,Fibroblast,T cell,VEGFA,CD44,CommuSpace_HS_07694,0.004651503637433
645,4,3,8,2541,Fibroblast,T cell,TIMP2,CD44,CommuSpace_HS_07444,0.0043154377490282
645,5,3,4,351,Fibroblast,Macrophage,CCL2,CCR1,CommuSpace_HS_00946,0.0037802851293236
645,6,3,4,2311,Fibroblast,Macrophage,SERPINE1,PLAUR,CommuSpace_HS_06869,0.0035899195354431
645,7,3,4,2670,Fibroblast,Macrophage,VEGFA,CD44,CommuSpace_HS_07694,0.0031219886150211
645,8,4,4,351,Macrophage,Macrophage,CCL2,CCR1,CommuSpace_HS_00946,0.0030591643881052
645,9,1,8,583,Endothelial,T cell,COL4A1,CD44,CommuSpace_HS_01729,0.0030381362885236
645,10,3,4,2530,Fibroblast,Macrophage,THY1,ITGAX,CommuSpace_HS_07427,0.002930017421022
646,1,4,4,1359,Macrophage,Macrophage,GNAI2,C5AR1,CommuSpace_HS_03953,0.0051916833035647
646,2,3,8,583,Fibroblast,T cell,COL4A1,CD44,CommuSpace_HS_01729,0.0048420159146189
646,3,3,8,2670,Fibroblast,T cell,VEGFA,CD44,CommuSpace_HS_07694,0.004651503637433
646,4,3,8,2541,Fibroblast,T cell,TIMP2,CD44,CommuSpace_HS_07444,0.0043154377490282
646,5,3,4,351,Fibroblast,Macrophage,CCL2,CCR1,CommuSpace_HS_00946,0.0037802851293236
646,6,3,4,2311,Fibroblast,Macrophage,SERPINE1,PLAUR,CommuSpace_HS_06869,0.0035899195354431
646,7,3,4,2670,Fibroblast,Macrophage,VEGFA,CD44,CommuSpace_HS_07694,0.0031219886150211
646,8,4,4,351,Macrophage,Macrophage,CCL2,CCR1,CommuSpace_HS_00946,0.0030591643881052
646,9,1,8,583,Endothelial,T cell,COL4A1,CD44,CommuSpace_HS_01729,0.0030381362885236
646,10,3,4,2530,Fibroblast,Macrophage,THY1,ITGAX,CommuSpace_HS_07427,0.002930017421022
647,1,4,4,1359,Macrophage,Macrophage,GNAI2,C5AR1,CommuSpace_HS_03953,0.0051916833035647
647,2,3,8,583,Fibroblast,T cell,COL4A1,CD44,CommuSpace_HS_01729,0.0048420159146189
647,3,3,8,2670,Fibroblast,T cell,VEGFA,CD44,CommuSpace_HS_07694,0.004651503637433
647,4,3,8,2541,Fibroblast,T cell,TIMP2,CD44,CommuSpace_HS_07444,0.0043154377490282
647,5,3,4,351,Fibroblast,Macrophage,CCL2,CCR1,CommuSpace_HS_00946,0.0037802851293236
647,6,3,4,2311,Fibroblast,Macrophage,SERPINE1,PLAUR,CommuSpace_HS_06869,0.0035899195354431
647,7,3,4,2670,Fibroblast,Macrophage,VEGFA,CD44,CommuSpace_HS_07694,0.0031219886150211
647,8,4,4,351,Macrophage,Macrophage,CCL2,CCR1,CommuSpace_HS_00946,0.0030591643881052
647,9,1,8,583,Endothelial,T cell,COL4A1,CD44,CommuSpace_HS_01729,0.0030381362885236
647,10,3,4,2530,Fibroblast,Macrophage,THY1,ITGAX,CommuSpace_HS_07427,0.002930017421022
648,1,4,4,1359,Macrophage,Macrophage,GNAI2,C5AR1,CommuSpace_HS_03953,0.0051420894451439
648,2,3,8,583,Fibroblast,T cell,COL4A1,CD44,CommuSpace_HS_01729,0.0048131993971765
648,3,3,8,2670,Fibroblast,T cell,VEGFA,CD44,CommuSpace_HS_07694,0.0046301484107971
648,4,3,8,2541,Fibroblast,T cell,TIMP2,CD44,CommuSpace_HS_07444,0.0042964359745383
648,5,3,5,2547,Fibroblast,Mast cell,TIMP3,CD44,CommuSpace_HS_07452,0.0036414465866982
648,6,3,4,2530,Fibroblast,Macrophage,THY1,ITGAX,CommuSpace_HS_07427,0.0034233764745295
648,7,3,4,351,Fibroblast,Macrophage,CCL2,CCR1,CommuSpace_HS_00946,0.0032355438452214
648,8,3,4,2670,Fibroblast,Macrophage,VEGFA,CD44,CommuSpace_HS_07694,0.0031161329243332
648,9,3,4,2311,Fibroblast,Macrophage,SERPINE1,PLAUR,CommuSpace_HS_06869,0.0030443873256444
648,10,4,4,351,Macrophage,Macrophage,CCL2,CCR1,CommuSpace_HS_00946,0.0030232314020395
649,1,3,5,2547,Fibroblast,Mast cell,TIMP3,CD44,CommuSpace_HS_07452,0.0822610035538673
649,2,3,4,2530,Fibroblast,Macrophage,THY1,ITGAX,CommuSpace_HS_07427,0.0246804226189851
649,3,3,5,2670,Fibroblast,Mast cell,VEGFA,CD44,CommuSpace_HS_07694,0.0125761497765779
649,4,3,5,2541,Fibroblast,Mast cell,TIMP2,CD44,CommuSpace_HS_07444,0.0117756966501474
649,5,3,5,583,Fibroblast,Mast cell,COL4A1,CD44,CommuSpace_HS_01729,0.0063706780783832
649,6,4,4,1359,Macrophage,Macrophage,GNAI2,C5AR1,CommuSpace_HS_03953,0.0041979881934821
649,7,5,3,1835,Mast cell,Fibroblast,LIF,IL6ST,CommuSpace_HS_05222,0.0040481886826455
649,8,3,8,583,Fibroblast,T cell,COL4A1,CD44,CommuSpace_HS_01729,0.0039445031434297
649,9,3,8,2670,Fibroblast,T cell,VEGFA,CD44,CommuSpace_HS_07694,0.0038954161573201
649,10,3,8,2541,Fibroblast,T cell,TIMP2,CD44,CommuSpace_HS_07444,0.0035667987540364
650,1,3,5,2547,Fibroblast,Mast cell,TIMP3,CD44,CommuSpace_HS_07452,0.0777344852685928
650,2,3,4,2530,Fibroblast,Macrophage,THY1,ITGAX,CommuSpace_HS_07427,0.023455960676074
650,3,3,5,2670,Fibroblast,Mast cell,VEGFA,CD44,CommuSpace_HS_07694,0.0119767533615231
650,4,3,5,2541,Fibroblast,Mast cell,TIMP2,CD44,CommuSpace_HS_07444,0.0112204626202583
650,5,3,5,583,Fibroblast,Mast cell,COL4A1,CD44,CommuSpace_HS_01729,0.0061218994669616
650,6,4,4,1359,Macrophage,Macrophage,GNAI2,C5AR1,CommuSpace_HS_03953,0.004253929015249
650,7,3,8,583,Fibroblast,T cell,COL4A1,CD44,CommuSpace_HS_01729,0.003995029721409
650,8,3,8,2670,Fibroblast,T cell,VEGFA,CD44,CommuSpace_HS_07694,0.0039379810914397
650,9,5,3,1835,Mast cell,Fibroblast,LIF,IL6ST,CommuSpace_HS_05222,0.0039367293938994
650,10,3,8,2541,Fibroblast,T cell,TIMP2,CD44,CommuSpace_HS_07444,0.0036089450586587
651,1,3,5,2547,Fibroblast,Mast cell,TIMP3,CD44,CommuSpace_HS_07452,0.0831544026732444
651,2,3,4,2530,Fibroblast,Macrophage,THY1,ITGAX,CommuSpace_HS_07427,0.0249220933765172
651,3,3,5,2670,Fibroblast,Mast cell,VEGFA,CD44,CommuSpace_HS_07694,0.0126944538205862
651,4,3,5,2541,Fibroblast,Mast cell,TIMP2,CD44,CommuSpace_HS_07444,0.0118852853775024
651,5,3,5,583,Fibroblast,Mast cell,COL4A1,CD44,CommuSpace_HS_01729,0.0064197797328233
651,6,4,4,1359,Macrophage,Macrophage,GNAI2,C5AR1,CommuSpace_HS_03953,0.00418694736436
651,7,5,3,1835,Mast cell,Fibroblast,LIF,IL6ST,CommuSpace_HS_05222,0.0040701869875192
651,8,3,8,583,Fibroblast,T cell,COL4A1,CD44,CommuSpace_HS_01729,0.003934531006962
651,9,3,8,2670,Fibroblast,T cell,VEGFA,CD44,CommuSpace_HS_07694,0.0038870153948664
651,10,3,8,2541,Fibroblast,T cell,TIMP2,CD44,CommuSpace_HS_07444,0.0035584808792918
652,1,3,8,2547,Fibroblast,T cell,TIMP3,CD44,CommuSpace_HS_07452,0.2305952310562133
652,2,3,8,2541,Fibroblast,T cell,TIMP2,CD44,CommuSpace_HS_07444,0.0097097689285874
652,3,3,8,2670,Fibroblast,T cell,VEGFA,CD44,CommuSpace_HS_07694,0.0095776114612817
652,4,3,8,583,Fibroblast,T cell,COL4A1,CD44,CommuSpace_HS_01729,0.0083571383729577
652,5,4,4,1359,Macrophage,Macrophage,GNAI2,C5AR1,CommuSpace_HS_03953,0.0037864081095904
652,6,3,4,2311,Fibroblast,Macrophage,SERPINE1,PLAUR,CommuSpace_HS_06869,0.0034900014288723
652,7,3,4,351,Fibroblast,Macrophage,CCL2,CCR1,CommuSpace_HS_00946,0.0027944655157625
652,8,3,4,2670,Fibroblast,Macrophage,VEGFA,CD44,CommuSpace_HS_07694,0.0023673193063586
652,9,1,8,583,Endothelial,T cell,COL4A1,CD44,CommuSpace_HS_01729,0.0022812050301581
652,10,4,4,351,Macrophage,Macrophage,CCL2,CCR1,CommuSpace_HS_00946,0.0022447588853538
653,1,4,4,1359,Macrophage,Macrophage,GNAI2,C5AR1,CommuSpace_HS_03953,0.0051916828379035
653,2,3,8,583,Fibroblast,T cell,COL4A1,CD44,CommuSpace_HS_01729,0.0048420154489576
653,3,3,8,2670,Fibroblast,T cell,VEGFA,CD44,CommuSpace_HS_07694,0.0046515031717717
653,4,3,8,2541,Fibroblast,T cell,TIMP2,CD44,CommuSpace_HS_07444,0.0043154377490282
653,5,3,4,351,Fibroblast,Macrophage,CCL2,CCR1,CommuSpace_HS_00946,0.0037802855949848
653,6,3,4,2311,Fibroblast,Macrophage,SERPINE1,PLAUR,CommuSpace_HS_06869,0.0035899202339351
653,7,3,4,2670,Fibroblast,Macrophage,VEGFA,CD44,CommuSpace_HS_07694,0.0031219883821904
653,8,4,4,351,Macrophage,Macrophage,CCL2,CCR1,CommuSpace_HS_00946,0.0030591641552746
653,9,1,8,583,Endothelial,T cell,COL4A1,CD44,CommuSpace_HS_01729,0.003038136055693
653,10,3,4,2530,Fibroblast,Macrophage,THY1,ITGAX,CommuSpace_HS_07427,0.0029300171881914
654,1,4,4,1359,Macrophage,Macrophage,GNAI2,C5AR1,CommuSpace_HS_03953,0.0051916828379035
654,2,3,8,583,Fibroblast,T cell,COL4A1,CD44,CommuSpace_HS_01729,0.0048420154489576
654,3,3,8,2670,Fibroblast,T cell,VEGFA,CD44,CommuSpace_HS_07694,0.0046515031717717
654,4,3,8,2541,Fibroblast,T cell,TIMP2,CD44,CommuSpace_HS_07444,0.0043154377490282
654,5,3,4,351,Fibroblast,Macrophage,CCL2,CCR1,CommuSpace_HS_00946,0.0037802855949848
654,6,3,4,2311,Fibroblast,Macrophage,SERPINE1,PLAUR,CommuSpace_HS_06869,0.0035899202339351
654,7,3,4,2670,Fibroblast,Macrophage,VEGFA,CD44,CommuSpace_HS_07694,0.0031219883821904
654,8,4,4,351,Macrophage,Macrophage,CCL2,CCR1,CommuSpace_HS_00946,0.0030591641552746
654,9,1,8,583,Endothelial,T cell,COL4A1,CD44,CommuSpace_HS_01729,0.003038136055693
654,10,3,4,2530,Fibroblast,Macrophage,THY1,ITGAX,CommuSpace_HS_07427,0.0029300171881914
655,1,4,4,1359,Macrophage,Macrophage,GNAI2,C5AR1,CommuSpace_HS_03953,0.0051916828379035
655,2,3,8,583,Fibroblast,T cell,COL4A1,CD44,CommuSpace_HS_01729,0.0048420154489576
655,3,3,8,2670,Fibroblast,T cell,VEGFA,CD44,CommuSpace_HS_07694,0.0046515031717717
655,4,3,8,2541,Fibroblast,T cell,TIMP2,CD44,CommuSpace_HS_07444,0.0043154377490282
655,5,3,4,351,Fibroblast,Macrophage,CCL2,CCR1,CommuSpace_HS_00946,0.0037802855949848
655,6,3,4,2311,Fibroblast,Macrophage,SERPINE1,PLAUR,CommuSpace_HS_06869,0.0035899202339351
655,7,3,4,2670,Fibroblast,Macrophage,VEGFA,CD44,CommuSpace_HS_07694,0.0031219883821904
655,8,4,4,351,Macrophage,Macrophage,CCL2,CCR1,CommuSpace_HS_00946,0.0030591641552746
655,9,1,8,583,Endothelial,T cell,COL4A1,CD44,CommuSpace_HS_01729,0.003038136055693
655,10,3,4,2530,Fibroblast,Macrophage,THY1,ITGAX,CommuSpace_HS_07427,0.0029300171881914
656,1,4,4,1359,Macrophage,Macrophage,GNAI2,C5AR1,CommuSpace_HS_03953,0.0051916828379035
656,2,3,8,583,Fibroblast,T cell,COL4A1,CD44,CommuSpace_HS_01729,0.0048420154489576
656,3,3,8,2670,Fibroblast,T cell,VEGFA,CD44,CommuSpace_HS_07694,0.0046515031717717
656,4,3,8,2541,Fibroblast,T cell,TIMP2,CD44,CommuSpace_HS_07444,0.0043154377490282
656,5,3,4,351,Fibroblast,Macrophage,CCL2,CCR1,CommuSpace_HS_00946,0.0037802855949848
656,6,3,4,2311,Fibroblast,Macrophage,SERPINE1,PLAUR,CommuSpace_HS_06869,0.0035899202339351
656,7,3,4,2670,Fibroblast,Macrophage,VEGFA,CD44,CommuSpace_HS_07694,0.0031219883821904
656,8,4,4,351,Macrophage,Macrophage,CCL2,CCR1,CommuSpace_HS_00946,0.0030591641552746
656,9,1,8,583,Endothelial,T cell,COL4A1,CD44,CommuSpace_HS_01729,0.003038136055693
656,10,3,4,2530,Fibroblast,Macrophage,THY1,ITGAX,CommuSpace_HS_07427,0.0029300171881914
657,1,4,4,1359,Macrophage,Macrophage,GNAI2,C5AR1,CommuSpace_HS_03953,0.0051916828379035
657,2,3,8,583,Fibroblast,T cell,COL4A1,CD44,CommuSpace_HS_01729,0.0048420154489576
657,3,3,8,2670,Fibroblast,T cell,VEGFA,CD44,CommuSpace_HS_07694,0.0046515031717717
657,4,3,8,2541,Fibroblast,T cell,TIMP2,CD44,CommuSpace_HS_07444,0.0043154377490282
657,5,3,4,351,Fibroblast,Macrophage,CCL2,CCR1,CommuSpace_HS_00946,0.0037802855949848
657,6,3,4,2311,Fibroblast,Macrophage,SERPINE1,PLAUR,CommuSpace_HS_06869,0.0035899204667657
657,7,3,4,2670,Fibroblast,Macrophage,VEGFA,CD44,CommuSpace_HS_07694,0.0031219883821904
657,8,4,4,351,Macrophage,Macrophage,CCL2,CCR1,CommuSpace_HS_00946,0.0030591641552746
657,9,1,8,583,Endothelial,T cell,COL4A1,CD44,CommuSpace_HS_01729,0.003038136055693
657,10,3,4,2530,Fibroblast,Macrophage,THY1,ITGAX,CommuSpace_HS_07427,0.0029300171881914
658,1,4,4,1359,Macrophage,Macrophage,GNAI2,C5AR1,CommuSpace_HS_03953,0.0051916828379035
658,2,3,8,583,Fibroblast,T cell,COL4A1,CD44,CommuSpace_HS_01729,0.0048420154489576
658,3,3,8,2670,Fibroblast,T cell,VEGFA,CD44,CommuSpace_HS_07694,0.0046515031717717
658,4,3,8,2541,Fibroblast,T cell,TIMP2,CD44,CommuSpace_HS_07444,0.0043154377490282
658,5,3,4,351,Fibroblast,Macrophage,CCL2,CCR1,CommuSpace_HS_00946,0.0037802855949848
658,6,3,4,2311,Fibroblast,Macrophage,SERPINE1,PLAUR,CommuSpace_HS_06869,0.0035899204667657
658,7,3,4,2670,Fibroblast,Macrophage,VEGFA,CD44,CommuSpace_HS_07694,0.0031219883821904
658,8,4,4,351,Macrophage,Macrophage,CCL2,CCR1,CommuSpace_HS_00946,0.0030591641552746
658,9,1,8,583,Endothelial,T cell,COL4A1,CD44,CommuSpace_HS_01729,0.003038136055693
658,10,3,4,2530,Fibroblast,Macrophage,THY1,ITGAX,CommuSpace_HS_07427,0.0029300171881914
659,1,4,4,1359,Macrophage,Macrophage,GNAI2,C5AR1,CommuSpace_HS_03953,0.0051916828379035
659,2,3,8,583,Fibroblast,T cell,COL4A1,CD44,CommuSpace_HS_01729,0.0048420154489576
659,3,3,8,2670,Fibroblast,T cell,VEGFA,CD44,CommuSpace_HS_07694,0.0046515031717717
659,4,3,8,2541,Fibroblast,T cell,TIMP2,CD44,CommuSpace_HS_07444,0.0043154377490282
659,5,3,4,351,Fibroblast,Macrophage,CCL2,CCR1,CommuSpace_HS_00946,0.0037802855949848
659,6,3,4,2311,Fibroblast,Macrophage,SERPINE1,PLAUR,CommuSpace_HS_06869,0.0035899204667657
659,7,3,4,2670,Fibroblast,Macrophage,VEGFA,CD44,CommuSpace_HS_07694,0.0031219883821904
659,8,4,4,351,Macrophage,Macrophage,CCL2,CCR1,CommuSpace_HS_00946,0.0030591641552746
659,9,1,8,583,Endothelial,T cell,COL4A1,CD44,CommuSpace_HS_01729,0.003038136055693
659,10,3,4,2530,Fibroblast,Macrophage,THY1,ITGAX,CommuSpace_HS_07427,0.0029300171881914
660,1,4,4,1359,Macrophage,Macrophage,GNAI2,C5AR1,CommuSpace_HS_03953,0.0051916828379035
660,2,3,8,583,Fibroblast,T cell,COL4A1,CD44,CommuSpace_HS_01729,0.0048420154489576
660,3,3,8,2670,Fibroblast,T cell,VEGFA,CD44,CommuSpace_HS_07694,0.0046515031717717
660,4,3,8,2541,Fibroblast,T cell,TIMP2,CD44,CommuSpace_HS_07444,0.0043154377490282
660,5,3,4,351,Fibroblast,Macrophage,CCL2,CCR1,CommuSpace_HS_00946,0.0037802855949848
660,6,3,4,2311,Fibroblast,Macrophage,SERPINE1,PLAUR,CommuSpace_HS_06869,0.0035899204667657
660,7,3,4,2670,Fibroblast,Macrophage,VEGFA,CD44,CommuSpace_HS_07694,0.0031219883821904
660,8,4,4,351,Macrophage,Macrophage,CCL2,CCR1,CommuSpace_HS_00946,0.0030591641552746
660,9,1,8,583,Endothelial,T cell,COL4A1,CD44,CommuSpace_HS_01729,0.003038136055693
660,10,3,4,2530,Fibroblast,Macrophage,THY1,ITGAX,CommuSpace_HS_07427,0.0029300171881914
661,1,4,4,1359,Macrophage,Macrophage,GNAI2,C5AR1,CommuSpace_HS_03953,0.0051916828379035
661,2,3,8,583,Fibroblast,T cell,COL4A1,CD44,CommuSpace_HS_01729,0.0048420154489576
661,3,3,8,2670,Fibroblast,T cell,VEGFA,CD44,CommuSpace_HS_07694,0.0046515031717717
661,4,3,8,2541,Fibroblast,T cell,TIMP2,CD44,CommuSpace_HS_07444,0.0043154377490282
661,5,3,4,351,Fibroblast,Macrophage,CCL2,CCR1,CommuSpace_HS_00946,0.0037802855949848
661,6,3,4,2311,Fibroblast,Macrophage,SERPINE1,PLAUR,CommuSpace_HS_06869,0.0035899204667657
661,7,3,4,2670,Fibroblast,Macrophage,VEGFA,CD44,CommuSpace_HS_07694,0.0031219883821904
661,8,4,4,351,Macrophage,Macrophage,CCL2,CCR1,CommuSpace_HS_00946,0.0030591641552746
661,9,1,8,583,Endothelial,T cell,COL4A1,CD44,CommuSpace_HS_01729,0.003038136055693
661,10,3,4,2530,Fibroblast,Macrophage,THY1,ITGAX,CommuSpace_HS_07427,0.0029300171881914
662,1,4,4,1359,Macrophage,Macrophage,GNAI2,C5AR1,CommuSpace_HS_03953,0.0051916828379035
662,2,3,8,583,Fibroblast,T cell,COL4A1,CD44,CommuSpace_HS_01729,0.0048420154489576
662,3,3,8,2670,Fibroblast,T cell,VEGFA,CD44,CommuSpace_HS_07694,0.0046515031717717
662,4,3,8,2541,Fibroblast,T cell,TIMP2,CD44,CommuSpace_HS_07444,0.0043154377490282
662,5,3,4,351,Fibroblast,Macrophage,CCL2,CCR1,CommuSpace_HS_00946,0.0037802858278155
662,6,3,4,2311,Fibroblast,Macrophage,SERPINE1,PLAUR,CommuSpace_HS_06869,0.0035899206995964
662,7,3,4,2670,Fibroblast,Macrophage,VEGFA,CD44,CommuSpace_HS_07694,0.0031219883821904
662,8,4,4,351,Macrophage,Macrophage,CCL2,CCR1,CommuSpace_HS_00946,0.0030591641552746
662,9,1,8,583,Endothelial,T cell,COL4A1,CD44,CommuSpace_HS_01729,0.003038136055693
662,10,3,4,2530,Fibroblast,Macrophage,THY1,ITGAX,CommuSpace_HS_07427,0.0029300171881914
663,1,4,4,1359,Macrophage,Macrophage,GNAI2,C5AR1,CommuSpace_HS_03953,0.0051916828379035
663,2,3,8,583,Fibroblast,T cell,COL4A1,CD44,CommuSpace_HS_01729,0.0048420154489576
663,3,3,8,2670,Fibroblast,T cell,VEGFA,CD44,CommuSpace_HS_07694,0.0046515031717717
663,4,3,8,2541,Fibroblast,T cell,TIMP2,CD44,CommuSpace_HS_07444,0.0043154377490282
663,5,3,4,351,Fibroblast,Macrophage,CCL2,CCR1,CommuSpace_HS_00946,0.0037802858278155
663,6,3,4,2311,Fibroblast,Macrophage,SERPINE1,PLAUR,CommuSpace_HS_06869,0.0035899206995964
663,7,3,4,2670,Fibroblast,Macrophage,VEGFA,CD44,CommuSpace_HS_07694,0.0031219883821904
663,8,4,4,351,Macrophage,Macrophage,CCL2,CCR1,CommuSpace_HS_00946,0.0030591641552746
663,9,1,8,583,Endothelial,T cell,COL4A1,CD44,CommuSpace_HS_01729,0.003038136055693
663,10,3,4,2530,Fibroblast,Macrophage,THY1,ITGAX,CommuSpace_HS_07427,0.0029300171881914
664,1,4,4,1359,Macrophage,Macrophage,GNAI2,C5AR1,CommuSpace_HS_03953,0.0051916828379035
664,2,3,8,583,Fibroblast,T cell,COL4A1,CD44,CommuSpace_HS_01729,0.0048420154489576
664,3,3,8,2670,Fibroblast,T cell,VEGFA,CD44,CommuSpace_HS_07694,0.0046515031717717
664,4,3,8,2541,Fibroblast,T cell,TIMP2,CD44,CommuSpace_HS_07444,0.0043154377490282
664,5,3,4,351,Fibroblast,Macrophage,CCL2,CCR1,CommuSpace_HS_00946,0.0037802858278155
664,6,3,4,2311,Fibroblast,Macrophage,SERPINE1,PLAUR,CommuSpace_HS_06869,0.0035899206995964
664,7,3,4,2670,Fibroblast,Macrophage,VEGFA,CD44,CommuSpace_HS_07694,0.0031219883821904
664,8,4,4,351,Macrophage,Macrophage,CCL2,CCR1,CommuSpace_HS_00946,0.0030591641552746
664,9,1,8,583,Endothelial,T cell,COL4A1,CD44,CommuSpace_HS_01729,0.003038136055693
664,10,3,4,2530,Fibroblast,Macrophage,THY1,ITGAX,CommuSpace_HS_07427,0.0029300171881914
665,1,4,4,1359,Macrophage,Macrophage,GNAI2,C5AR1,CommuSpace_HS_03953,0.0051916828379035
665,2,3,8,583,Fibroblast,T cell,COL4A1,CD44,CommuSpace_HS_01729,0.0048420154489576
665,3,3,8,2670,Fibroblast,T cell,VEGFA,CD44,CommuSpace_HS_07694,0.0046515031717717
665,4,3,8,2541,Fibroblast,T cell,TIMP2,CD44,CommuSpace_HS_07444,0.0043154377490282
665,5,3,4,351,Fibroblast,Macrophage,CCL2,CCR1,CommuSpace_HS_00946,0.0037802858278155
665,6,3,4,2311,Fibroblast,Macrophage,SERPINE1,PLAUR,CommuSpace_HS_06869,0.0035899206995964
665,7,3,4,2670,Fibroblast,Macrophage,VEGFA,CD44,CommuSpace_HS_07694,0.0031219883821904
665,8,4,4,351,Macrophage,Macrophage,CCL2,CCR1,CommuSpace_HS_00946,0.0030591641552746
665,9,1,8,583,Endothelial,T cell,COL4A1,CD44,CommuSpace_HS_01729,0.003038136055693
665,10,3,4,2530,Fibroblast,Macrophage,THY1,ITGAX,CommuSpace_HS_07427,0.0029300171881914
666,1,4,4,1359,Macrophage,Macrophage,GNAI2,C5AR1,CommuSpace_HS_03953,0.0051916828379035
666,2,3,8,583,Fibroblast,T cell,COL4A1,CD44,CommuSpace_HS_01729,0.0048420154489576
666,3,3,8,2670,Fibroblast,T cell,VEGFA,CD44,CommuSpace_HS_07694,0.0046515031717717
666,4,3,8,2541,Fibroblast,T cell,TIMP2,CD44,CommuSpace_HS_07444,0.0043154377490282
666,5,3,4,351,Fibroblast,Macrophage,CCL2,CCR1,CommuSpace_HS_00946,0.0037802858278155
666,6,3,4,2311,Fibroblast,Macrophage,SERPINE1,PLAUR,CommuSpace_HS_06869,0.0035899206995964
666,7,3,4,2670,Fibroblast,Macrophage,VEGFA,CD44,CommuSpace_HS_07694,0.0031219883821904
666,8,4,4,351,Macrophage,Macrophage,CCL2,CCR1,CommuSpace_HS_00946,0.0030591641552746
666,9,1,8,583,Endothelial,T cell,COL4A1,CD44,CommuSpace_HS_01729,0.003038136055693
666,10,3,4,2530,Fibroblast,Macrophage,THY1,ITGAX,CommuSpace_HS_07427,0.0029300171881914
667,1,4,4,1359,Macrophage,Macrophage,GNAI2,C5AR1,CommuSpace_HS_03953,0.0051916828379035
667,2,3,8,583,Fibroblast,T cell,COL4A1,CD44,CommuSpace_HS_01729,0.0048420154489576
667,3,3,8,2670,Fibroblast,T cell,VEGFA,CD44,CommuSpace_HS_07694,0.0046515031717717
667,4,3,8,2541,Fibroblast,T cell,TIMP2,CD44,CommuSpace_HS_07444,0.0043154377490282
667,5,3,4,351,Fibroblast,Macrophage,CCL2,CCR1,CommuSpace_HS_00946,0.0037802858278155
667,6,3,4,2311,Fibroblast,Macrophage,SERPINE1,PLAUR,CommuSpace_HS_06869,0.0035899206995964
667,7,3,4,2670,Fibroblast,Macrophage,VEGFA,CD44,CommuSpace_HS_07694,0.0031219883821904
667,8,4,4,351,Macrophage,Macrophage,CCL2,CCR1,CommuSpace_HS_00946,0.0030591641552746
667,9,1,8,583,Endothelial,T cell,COL4A1,CD44,CommuSpace_HS_01729,0.003038136055693
667,10,3,4,2530,Fibroblast,Macrophage,THY1,ITGAX,CommuSpace_HS_07427,0.0029300171881914
668,1,4,4,1359,Macrophage,Macrophage,GNAI2,C5AR1,CommuSpace_HS_03953,0.0051916828379035
668,2,3,8,583,Fibroblast,T cell,COL4A1,CD44,CommuSpace_HS_01729,0.0048420154489576
668,3,3,8,2670,Fibroblast,T cell,VEGFA,CD44,CommuSpace_HS_07694,0.0046515031717717
668,4,3,8,2541,Fibroblast,T cell,TIMP2,CD44,CommuSpace_HS_07444,0.0043154377490282
668,5,3,4,351,Fibroblast,Macrophage,CCL2,CCR1,CommuSpace_HS_00946,0.0037802858278155
668,6,3,4,2311,Fibroblast,Macrophage,SERPINE1,PLAUR,CommuSpace_HS_06869,0.0035899206995964
668,7,3,4,2670,Fibroblast,Macrophage,VEGFA,CD44,CommuSpace_HS_07694,0.0031219883821904
668,8,4,4,351,Macrophage,Macrophage,CCL2,CCR1,CommuSpace_HS_00946,0.0030591641552746
668,9,1,8,583,Endothelial,T cell,COL4A1,CD44,CommuSpace_HS_01729,0.003038136055693
668,10,3,4,2530,Fibroblast,Macrophage,THY1,ITGAX,CommuSpace_HS_07427,0.0029300171881914
669,1,4,4,1359,Macrophage,Macrophage,GNAI2,C5AR1,CommuSpace_HS_03953,0.0051916828379035
669,2,3,8,583,Fibroblast,T cell,COL4A1,CD44,CommuSpace_HS_01729,0.0048420154489576
669,3,3,8,2670,Fibroblast,T cell,VEGFA,CD44,CommuSpace_HS_07694,0.0046515031717717
669,4,3,8,2541,Fibroblast,T cell,TIMP2,CD44,CommuSpace_HS_07444,0.0043154377490282
669,5,3,4,351,Fibroblast,Macrophage,CCL2,CCR1,CommuSpace_HS_00946,0.0037802858278155
669,6,3,4,2311,Fibroblast,Macrophage,SERPINE1,PLAUR,CommuSpace_HS_06869,0.0035899206995964
669,7,3,4,2670,Fibroblast,Macrophage,VEGFA,CD44,CommuSpace_HS_07694,0.0031219883821904
669,8,4,4,351,Macrophage,Macrophage,CCL2,CCR1,CommuSpace_HS_00946,0.0030591641552746
669,9,1,8,583,Endothelial,T cell,COL4A1,CD44,CommuSpace_HS_01729,0.003038136055693
669,10,3,4,2530,Fibroblast,Macrophage,THY1,ITGAX,CommuSpace_HS_07427,0.0029300171881914
670,1,4,4,1359,Macrophage,Macrophage,GNAI2,C5AR1,CommuSpace_HS_03953,0.0051916828379035
670,2,3,8,583,Fibroblast,T cell,COL4A1,CD44,CommuSpace_HS_01729,0.0048420154489576
670,3,3,8,2670,Fibroblast,T cell,VEGFA,CD44,CommuSpace_HS_07694,0.0046515031717717
670,4,3,8,2541,Fibroblast,T cell,TIMP2,CD44,CommuSpace_HS_07444,0.0043154377490282
670,5,3,4,351,Fibroblast,Macrophage,CCL2,CCR1,CommuSpace_HS_00946,0.0037802858278155
670,6,3,4,2311,Fibroblast,Macrophage,SERPINE1,PLAUR,CommuSpace_HS_06869,0.0035899206995964
670,7,3,4,2670,Fibroblast,Macrophage,VEGFA,CD44,CommuSpace_HS_07694,0.0031219883821904
670,8,4,4,351,Macrophage,Macrophage,CCL2,CCR1,CommuSpace_HS_00946,0.0030591641552746
670,9,1,8,583,Endothelial,T cell,COL4A1,CD44,CommuSpace_HS_01729,0.003038136055693
670,10,3,4,2530,Fibroblast,Macrophage,THY1,ITGAX,CommuSpace_HS_07427,0.0029300171881914
671,1,4,4,1359,Macrophage,Macrophage,GNAI2,C5AR1,CommuSpace_HS_03953,0.0051916828379035
671,2,3,8,583,Fibroblast,T cell,COL4A1,CD44,CommuSpace_HS_01729,0.0048420154489576
671,3,3,8,2670,Fibroblast,T cell,VEGFA,CD44,CommuSpace_HS_07694,0.0046515031717717
671,4,3,8,2541,Fibroblast,T cell,TIMP2,CD44,CommuSpace_HS_07444,0.0043154377490282
671,5,3,4,351,Fibroblast,Macrophage,CCL2,CCR1,CommuSpace_HS_00946,0.0037802858278155
671,6,3,4,2311,Fibroblast,Macrophage,SERPINE1,PLAUR,CommuSpace_HS_06869,0.0035899206995964
671,7,3,4,2670,Fibroblast,Macrophage,VEGFA,CD44,CommuSpace_HS_07694,0.0031219883821904
671,8,4,4,351,Macrophage,Macrophage,CCL2,CCR1,CommuSpace_HS_00946,0.0030591641552746
671,9,1,8,583,Endothelial,T cell,COL4A1,CD44,CommuSpace_HS_01729,0.003038136055693
671,10,3,4,2530,Fibroblast,Macrophage,THY1,ITGAX,CommuSpace_HS_07427,0.0029300171881914
672,1,4,4,1359,Macrophage,Macrophage,GNAI2,C5AR1,CommuSpace_HS_03953,0.0051916833035647
672,2,3,8,583,Fibroblast,T cell,COL4A1,CD44,CommuSpace_HS_01729,0.0048420159146189
672,3,3,8,2670,Fibroblast,T cell,VEGFA,CD44,CommuSpace_HS_07694,0.004651503637433
672,4,3,8,2541,Fibroblast,T cell,TIMP2,CD44,CommuSpace_HS_07444,0.0043154377490282
672,5,3,4,351,Fibroblast,Macrophage,CCL2,CCR1,CommuSpace_HS_00946,0.0037802862934768
672,6,3,4,2311,Fibroblast,Macrophage,SERPINE1,PLAUR,CommuSpace_HS_06869,0.0035899206995964
672,7,3,4,2670,Fibroblast,Macrophage,VEGFA,CD44,CommuSpace_HS_07694,0.0031219886150211
672,8,4,4,351,Macrophage,Macrophage,CCL2,CCR1,CommuSpace_HS_00946,0.0030591643881052
672,9,1,8,583,Endothelial,T cell,COL4A1,CD44,CommuSpace_HS_01729,0.003038136055693
672,10,3,4,2530,Fibroblast,Macrophage,THY1,ITGAX,CommuSpace_HS_07427,0.002930017421022
673,1,4,4,1359,Macrophage,Macrophage,GNAI2,C5AR1,CommuSpace_HS_03953,0.0051916833035647
673,2,3,8,583,Fibroblast,T cell,COL4A1,CD44,CommuSpace_HS_01729,0.0048420159146189
673,3,3,8,2670,Fibroblast,T cell,VEGFA,CD44,CommuSpace_HS_07694,0.004651503637433
673,4,3,8,2541,Fibroblast,T cell,TIMP2,CD44,CommuSpace_HS_07444,0.0043154377490282
673,5,3,4,351,Fibroblast,Macrophage,CCL2,CCR1,CommuSpace_HS_00946,0.0037802862934768
673,6,3,4,2311,Fibroblast,Macrophage,SERPINE1,PLAUR,CommuSpace_HS_06869,0.0035899206995964
673,7,3,4,2670,Fibroblast,Macrophage,VEGFA,CD44,CommuSpace_HS_07694,0.0031219886150211
673,8,4,4,351,Macrophage,Macrophage,CCL2,CCR1,CommuSpace_HS_00946,0.0030591643881052
673,9,1,8,583,Endothelial,T cell,COL4A1,CD44,CommuSpace_HS_01729,0.003038136055693
673,10,3,4,2530,Fibroblast,Macrophage,THY1,ITGAX,CommuSpace_HS_07427,0.002930017421022
674,1,4,4,1359,Macrophage,Macrophage,GNAI2,C5AR1,CommuSpace_HS_03953,0.0051916833035647
674,2,3,8,583,Fibroblast,T cell,COL4A1,CD44,CommuSpace_HS_01729,0.0048420159146189
674,3,3,8,2670,Fibroblast,T cell,VEGFA,CD44,CommuSpace_HS_07694,0.004651503637433
674,4,3,8,2541,Fibroblast,T cell,TIMP2,CD44,CommuSpace_HS_07444,0.0043154377490282
674,5,3,4,351,Fibroblast,Macrophage,CCL2,CCR1,CommuSpace_HS_00946,0.0037802862934768
674,6,3,4,2311,Fibroblast,Macrophage,SERPINE1,PLAUR,CommuSpace_HS_06869,0.0035899206995964
674,7,3,4,2670,Fibroblast,Macrophage,VEGFA,CD44,CommuSpace_HS_07694,0.0031219886150211
674,8,4,4,351,Macrophage,Macrophage,CCL2,CCR1,CommuSpace_HS_00946,0.0030591643881052
674,9,1,8,583,Endothelial,T cell,COL4A1,CD44,CommuSpace_HS_01729,0.003038136055693
674,10,3,4,2530,Fibroblast,Macrophage,THY1,ITGAX,CommuSpace_HS_07427,0.002930017421022
675,1,4,4,1359,Macrophage,Macrophage,GNAI2,C5AR1,CommuSpace_HS_03953,0.0051916833035647
675,2,3,8,583,Fibroblast,T cell,COL4A1,CD44,CommuSpace_HS_01729,0.0048420159146189
675,3,3,8,2670,Fibroblast,T cell,VEGFA,CD44,CommuSpace_HS_07694,0.004651503637433
675,4,3,8,2541,Fibroblast,T cell,TIMP2,CD44,CommuSpace_HS_07444,0.0043154377490282
675,5,3,4,351,Fibroblast,Macrophage,CCL2,CCR1,CommuSpace_HS_00946,0.0037802862934768
675,6,3,4,2311,Fibroblast,Macrophage,SERPINE1,PLAUR,CommuSpace_HS_06869,0.0035899206995964
675,7,3,4,2670,Fibroblast,Macrophage,VEGFA,CD44,CommuSpace_HS_07694,0.0031219886150211
675,8,4,4,351,Macrophage,Macrophage,CCL2,CCR1,CommuSpace_HS_00946,0.0030591643881052
675,9,1,8,583,Endothelial,T cell,COL4A1,CD44,CommuSpace_HS_01729,0.003038136055693
675,10,3,4,2530,Fibroblast,Macrophage,THY1,ITGAX,CommuSpace_HS_07427,0.002930017421022
676,1,4,4,1359,Macrophage,Macrophage,GNAI2,C5AR1,CommuSpace_HS_03953,0.0051916833035647
676,2,3,8,583,Fibroblast,T cell,COL4A1,CD44,CommuSpace_HS_01729,0.0048420159146189
676,3,3,8,2670,Fibroblast,T cell,VEGFA,CD44,CommuSpace_HS_07694,0.004651503637433
676,4,3,8,2541,Fibroblast,T cell,TIMP2,CD44,CommuSpace_HS_07444,0.0043154377490282
676,5,3,4,351,Fibroblast,Macrophage,CCL2,CCR1,CommuSpace_HS_00946,0.0037802862934768
676,6,3,4,2311,Fibroblast,Macrophage,SERPINE1,PLAUR,CommuSpace_HS_06869,0.0035899206995964
676,7,3,4,2670,Fibroblast,Macrophage,VEGFA,CD44,CommuSpace_HS_07694,0.0031219886150211
676,8,4,4,351,Macrophage,Macrophage,CCL2,CCR1,CommuSpace_HS_00946,0.0030591643881052
676,9,1,8,583,Endothelial,T cell,COL4A1,CD44,CommuSpace_HS_01729,0.003038136055693
676,10,3,4,2530,Fibroblast,Macrophage,THY1,ITGAX,CommuSpace_HS_07427,0.002930017421022
677,1,4,4,1359,Macrophage,Macrophage,GNAI2,C5AR1,CommuSpace_HS_03953,0.0051916833035647
677,2,3,8,583,Fibroblast,T cell,COL4A1,CD44,CommuSpace_HS_01729,0.0048420159146189
677,3,3,8,2670,Fibroblast,T cell,VEGFA,CD44,CommuSpace_HS_07694,0.004651503637433
677,4,3,8,2541,Fibroblast,T cell,TIMP2,CD44,CommuSpace_HS_07444,0.0043154377490282
677,5,3,4,351,Fibroblast,Macrophage,CCL2,CCR1,CommuSpace_HS_00946,0.0037802862934768
677,6,3,4,2311,Fibroblast,Macrophage,SERPINE1,PLAUR,CommuSpace_HS_06869,0.0035899206995964
677,7,3,4,2670,Fibroblast,Macrophage,VEGFA,CD44,CommuSpace_HS_07694,0.0031219886150211
677,8,4,4,351,Macrophage,Macrophage,CCL2,CCR1,CommuSpace_HS_00946,0.0030591643881052
677,9,1,8,583,Endothelial,T cell,COL4A1,CD44,CommuSpace_HS_01729,0.003038136055693
677,10,3,4,2530,Fibroblast,Macrophage,THY1,ITGAX,CommuSpace_HS_07427,0.002930017421022
678,1,4,4,1359,Macrophage,Macrophage,GNAI2,C5AR1,CommuSpace_HS_03953,0.0051916833035647
678,2,3,8,583,Fibroblast,T cell,COL4A1,CD44,CommuSpace_HS_01729,0.0048420159146189
678,3,3,8,2670,Fibroblast,T cell,VEGFA,CD44,CommuSpace_HS_07694,0.004651503637433
678,4,3,8,2541,Fibroblast,T cell,TIMP2,CD44,CommuSpace_HS_07444,0.0043154377490282
678,5,3,4,351,Fibroblast,Macrophage,CCL2,CCR1,CommuSpace_HS_00946,0.0037802862934768
678,6,3,4,2311,Fibroblast,Macrophage,SERPINE1,PLAUR,CommuSpace_HS_06869,0.0035899206995964
678,7,3,4,2670,Fibroblast,Macrophage,VEGFA,CD44,CommuSpace_HS_07694,0.0031219886150211
678,8,4,4,351,Macrophage,Macrophage,CCL2,CCR1,CommuSpace_HS_00946,0.0030591643881052
678,9,1,8,583,Endothelial,T cell,COL4A1,CD44,CommuSpace_HS_01729,0.003038136055693
678,10,3,4,2530,Fibroblast,Macrophage,THY1,ITGAX,CommuSpace_HS_07427,0.002930017421022
679,1,4,4,1359,Macrophage,Macrophage,GNAI2,C5AR1,CommuSpace_HS_03953,0.0051916833035647
679,2,3,8,583,Fibroblast,T cell,COL4A1,CD44,CommuSpace_HS_01729,0.0048420159146189
679,3,3,8,2670,Fibroblast,T cell,VEGFA,CD44,CommuSpace_HS_07694,0.004651503637433
679,4,3,8,2541,Fibroblast,T cell,TIMP2,CD44,CommuSpace_HS_07444,0.0043154377490282
679,5,3,4,351,Fibroblast,Macrophage,CCL2,CCR1,CommuSpace_HS_00946,0.0037802862934768
679,6,3,4,2311,Fibroblast,Macrophage,SERPINE1,PLAUR,CommuSpace_HS_06869,0.0035899206995964
679,7,3,4,2670,Fibroblast,Macrophage,VEGFA,CD44,CommuSpace_HS_07694,0.0031219886150211
679,8,4,4,351,Macrophage,Macrophage,CCL2,CCR1,CommuSpace_HS_00946,0.0030591643881052
679,9,1,8,583,Endothelial,T cell,COL4A1,CD44,CommuSpace_HS_01729,0.003038136055693
679,10,3,4,2530,Fibroblast,Macrophage,THY1,ITGAX,CommuSpace_HS_07427,0.002930017421022
680,1,4,4,1359,Macrophage,Macrophage,GNAI2,C5AR1,CommuSpace_HS_03953,0.0051916833035647
680,2,3,8,583,Fibroblast,T cell,COL4A1,CD44,CommuSpace_HS_01729,0.0048420159146189
680,3,3,8,2670,Fibroblast,T cell,VEGFA,CD44,CommuSpace_HS_07694,0.004651503637433
680,4,3,8,2541,Fibroblast,T cell,TIMP2,CD44,CommuSpace_HS_07444,0.0043154377490282
680,5,3,4,351,Fibroblast,Macrophage,CCL2,CCR1,CommuSpace_HS_00946,0.0037802862934768
680,6,3,4,2311,Fibroblast,Macrophage,SERPINE1,PLAUR,CommuSpace_HS_06869,0.0035899206995964
680,7,3,4,2670,Fibroblast,Macrophage,VEGFA,CD44,CommuSpace_HS_07694,0.0031219886150211
680,8,4,4,351,Macrophage,Macrophage,CCL2,CCR1,CommuSpace_HS_00946,0.0030591643881052
680,9,1,8,583,Endothelial,T cell,COL4A1,CD44,CommuSpace_HS_01729,0.003038136055693
680,10,3,4,2530,Fibroblast,Macrophage,THY1,ITGAX,CommuSpace_HS_07427,0.002930017421022
681,1,4,4,1359,Macrophage,Macrophage,GNAI2,C5AR1,CommuSpace_HS_03953,0.0051916833035647
681,2,3,8,583,Fibroblast,T cell,COL4A1,CD44,CommuSpace_HS_01729,0.0048420159146189
681,3,3,8,2670,Fibroblast,T cell,VEGFA,CD44,CommuSpace_HS_07694,0.004651503637433
681,4,3,8,2541,Fibroblast,T cell,TIMP2,CD44,CommuSpace_HS_07444,0.0043154377490282
681,5,3,4,351,Fibroblast,Macrophage,CCL2,CCR1,CommuSpace_HS_00946,0.0037802862934768
681,6,3,4,2311,Fibroblast,Macrophage,SERPINE1,PLAUR,CommuSpace_HS_06869,0.0035899206995964
681,7,3,4,2670,Fibroblast,Macrophage,VEGFA,CD44,CommuSpace_HS_07694,0.0031219886150211
681,8,4,4,351,Macrophage,Macrophage,CCL2,CCR1,CommuSpace_HS_00946,0.0030591643881052
681,9,1,8,583,Endothelial,T cell,COL4A1,CD44,CommuSpace_HS_01729,0.003038136055693
681,10,3,4,2530,Fibroblast,Macrophage,THY1,ITGAX,CommuSpace_HS_07427,0.002930017421022
682,1,4,4,1359,Macrophage,Macrophage,GNAI2,C5AR1,CommuSpace_HS_03953,0.0051916833035647
682,2,3,8,583,Fibroblast,T cell,COL4A1,CD44,CommuSpace_HS_01729,0.0048420159146189
682,3,3,8,2670,Fibroblast,T cell,VEGFA,CD44,CommuSpace_HS_07694,0.004651503637433
682,4,3,8,2541,Fibroblast,T cell,TIMP2,CD44,CommuSpace_HS_07444,0.0043154377490282
682,5,3,4,351,Fibroblast,Macrophage,CCL2,CCR1,CommuSpace_HS_00946,0.0037802862934768
682,6,3,4,2311,Fibroblast,Macrophage,SERPINE1,PLAUR,CommuSpace_HS_06869,0.0035899206995964
682,7,3,4,2670,Fibroblast,Macrophage,VEGFA,CD44,CommuSpace_HS_07694,0.0031219886150211
682,8,4,4,351,Macrophage,Macrophage,CCL2,CCR1,CommuSpace_HS_00946,0.0030591643881052
682,9,1,8,583,Endothelial,T cell,COL4A1,CD44,CommuSpace_HS_01729,0.003038136055693
682,10,3,4,2530,Fibroblast,Macrophage,THY1,ITGAX,CommuSpace_HS_07427,0.002930017421022
683,1,4,4,1359,Macrophage,Macrophage,GNAI2,C5AR1,CommuSpace_HS_03953,0.0051916833035647
683,2,3,8,583,Fibroblast,T cell,COL4A1,CD44,CommuSpace_HS_01729,0.0048420159146189
683,3,3,8,2670,Fibroblast,T cell,VEGFA,CD44,CommuSpace_HS_07694,0.004651503637433
683,4,3,8,2541,Fibroblast,T cell,TIMP2,CD44,CommuSpace_HS_07444,0.0043154377490282
683,5,3,4,351,Fibroblast,Macrophage,CCL2,CCR1,CommuSpace_HS_00946,0.0037802865263074
683,6,3,4,2311,Fibroblast,Macrophage,SERPINE1,PLAUR,CommuSpace_HS_06869,0.003589920932427
683,7,3,4,2670,Fibroblast,Macrophage,VEGFA,CD44,CommuSpace_HS_07694,0.0031219886150211
683,8,4,4,351,Macrophage,Macrophage,CCL2,CCR1,CommuSpace_HS_00946,0.0030591643881052
683,9,1,8,583,Endothelial,T cell,COL4A1,CD44,CommuSpace_HS_01729,0.003038136055693
683,10,3,4,2530,Fibroblast,Macrophage,THY1,ITGAX,CommuSpace_HS_07427,0.002930017421022
684,1,4,4,1359,Macrophage,Macrophage,GNAI2,C5AR1,CommuSpace_HS_03953,0.0051916833035647
684,2,3,8,583,Fibroblast,T cell,COL4A1,CD44,CommuSpace_HS_01729,0.0048420159146189
684,3,3,8,2670,Fibroblast,T cell,VEGFA,CD44,CommuSpace_HS_07694,0.004651503637433
684,4,3,8,2541,Fibroblast,T cell,TIMP2,CD44,CommuSpace_HS_07444,0.0043154377490282
684,5,3,4,351,Fibroblast,Macrophage,CCL2,CCR1,CommuSpace_HS_00946,0.0037802867591381
684,6,3,4,2311,Fibroblast,Macrophage,SERPINE1,PLAUR,CommuSpace_HS_06869,0.0035899211652576
684,7,3,4,2670,Fibroblast,Macrophage,VEGFA,CD44,CommuSpace_HS_07694,0.0031219886150211
684,8,4,4,351,Macrophage,Macrophage,CCL2,CCR1,CommuSpace_HS_00946,0.0030591643881052
684,9,1,8,583,Endothelial,T cell,COL4A1,CD44,CommuSpace_HS_01729,0.003038136055693
684,10,3,4,2530,Fibroblast,Macrophage,THY1,ITGAX,CommuSpace_HS_07427,0.002930017421022
685,1,4,4,1359,Macrophage,Macrophage,GNAI2,C5AR1,CommuSpace_HS_03953,0.0051916833035647
685,2,3,8,583,Fibroblast,T cell,COL4A1,CD44,CommuSpace_HS_01729,0.0048420159146189
685,3,3,8,2670,Fibroblast,T cell,VEGFA,CD44,CommuSpace_HS_07694,0.004651503637433
685,4,3,8,2541,Fibroblast,T cell,TIMP2,CD44,CommuSpace_HS_07444,0.0043154377490282
685,5,3,4,351,Fibroblast,Macrophage,CCL2,CCR1,CommuSpace_HS_00946,0.0037802867591381
685,6,3,4,2311,Fibroblast,Macrophage,SERPINE1,PLAUR,CommuSpace_HS_06869,0.0035899211652576
685,7,3,4,2670,Fibroblast,Macrophage,VEGFA,CD44,CommuSpace_HS_07694,0.0031219886150211
685,8,4,4,351,Macrophage,Macrophage,CCL2,CCR1,CommuSpace_HS_00946,0.0030591643881052
685,9,1,8,583,Endothelial,T cell,COL4A1,CD44,CommuSpace_HS_01729,0.003038136055693
685,10,3,4,2530,Fibroblast,Macrophage,THY1,ITGAX,CommuSpace_HS_07427,0.002930017421022
686,1,4,4,1359,Macrophage,Macrophage,GNAI2,C5AR1,CommuSpace_HS_03953,0.0051916833035647
686,2,3,8,583,Fibroblast,T cell,COL4A1,CD44,CommuSpace_HS_01729,0.0048420159146189
686,3,3,8,2670,Fibroblast,T cell,VEGFA,CD44,CommuSpace_HS_07694,0.004651503637433
686,4,3,8,2541,Fibroblast,T cell,TIMP2,CD44,CommuSpace_HS_07444,0.0043154377490282
686,5,3,4,351,Fibroblast,Macrophage,CCL2,CCR1,CommuSpace_HS_00946,0.0037802867591381
686,6,3,4,2311,Fibroblast,Macrophage,SERPINE1,PLAUR,CommuSpace_HS_06869,0.0035899211652576
686,7,3,4,2670,Fibroblast,Macrophage,VEGFA,CD44,CommuSpace_HS_07694,0.0031219886150211
686,8,4,4,351,Macrophage,Macrophage,CCL2,CCR1,CommuSpace_HS_00946,0.0030591643881052
686,9,1,8,583,Endothelial,T cell,COL4A1,CD44,CommuSpace_HS_01729,0.003038136055693
686,10,3,4,2530,Fibroblast,Macrophage,THY1,ITGAX,CommuSpace_HS_07427,0.002930017421022
687,1,4,4,1359,Macrophage,Macrophage,GNAI2,C5AR1,CommuSpace_HS_03953,0.0051916833035647
687,2,3,8,583,Fibroblast,T cell,COL4A1,CD44,CommuSpace_HS_01729,0.0048420159146189
687,3,3,8,2670,Fibroblast,T cell,VEGFA,CD44,CommuSpace_HS_07694,0.004651503637433
687,4,3,8,2541,Fibroblast,T cell,TIMP2,CD44,CommuSpace_HS_07444,0.0043154377490282
687,5,3,4,351,Fibroblast,Macrophage,CCL2,CCR1,CommuSpace_HS_00946,0.0037802867591381
687,6,3,4,2311,Fibroblast,Macrophage,SERPINE1,PLAUR,CommuSpace_HS_06869,0.0035899213980883
687,7,3,4,2670,Fibroblast,Macrophage,VEGFA,CD44,CommuSpace_HS_07694,0.0031219886150211
687,8,4,4,351,Macrophage,Macrophage,CCL2,CCR1,CommuSpace_HS_00946,0.0030591643881052
687,9,1,8,583,Endothelial,T cell,COL4A1,CD44,CommuSpace_HS_01729,0.003038136055693
687,10,3,4,2530,Fibroblast,Macrophage,THY1,ITGAX,CommuSpace_HS_07427,0.002930017421022
688,1,4,4,1359,Macrophage,Macrophage,GNAI2,C5AR1,CommuSpace_HS_03953,0.0051916833035647
688,2,3,8,583,Fibroblast,T cell,COL4A1,CD44,CommuSpace_HS_01729,0.0048420159146189
688,3,3,8,2670,Fibroblast,T cell,VEGFA,CD44,CommuSpace_HS_07694,0.004651503637433
688,4,3,8,2541,Fibroblast,T cell,TIMP2,CD44,CommuSpace_HS_07444,0.0043154377490282
688,5,3,4,351,Fibroblast,Macrophage,CCL2,CCR1,CommuSpace_HS_00946,0.0037802867591381
688,6,3,4,2311,Fibroblast,Macrophage,SERPINE1,PLAUR,CommuSpace_HS_06869,0.0035899213980883
688,7,3,4,2670,Fibroblast,Macrophage,VEGFA,CD44,CommuSpace_HS_07694,0.0031219886150211
688,8,4,4,351,Macrophage,Macrophage,CCL2,CCR1,CommuSpace_HS_00946,0.0030591643881052
688,9,1,8,583,Endothelial,T cell,COL4A1,CD44,CommuSpace_HS_01729,0.003038136055693
688,10,3,4,2530,Fibroblast,Macrophage,THY1,ITGAX,CommuSpace_HS_07427,0.002930017421022
689,1,4,4,1359,Macrophage,Macrophage,GNAI2,C5AR1,CommuSpace_HS_03953,0.0051916833035647
689,2,3,8,583,Fibroblast,T cell,COL4A1,CD44,CommuSpace_HS_01729,0.0048420159146189
689,3,3,8,2670,Fibroblast,T cell,VEGFA,CD44,CommuSpace_HS_07694,0.004651503637433
689,4,3,8,2541,Fibroblast,T cell,TIMP2,CD44,CommuSpace_HS_07444,0.0043154377490282
689,5,3,4,351,Fibroblast,Macrophage,CCL2,CCR1,CommuSpace_HS_00946,0.0037802869919687
689,6,3,4,2311,Fibroblast,Macrophage,SERPINE1,PLAUR,CommuSpace_HS_06869,0.0035899216309189
689,7,3,4,2670,Fibroblast,Macrophage,VEGFA,CD44,CommuSpace_HS_07694,0.0031219886150211
689,8,4,4,351,Macrophage,Macrophage,CCL2,CCR1,CommuSpace_HS_00946,0.0030591643881052
689,9,1,8,583,Endothelial,T cell,COL4A1,CD44,CommuSpace_HS_01729,0.003038136055693
689,10,3,4,2530,Fibroblast,Macrophage,THY1,ITGAX,CommuSpace_HS_07427,0.002930017421022
690,1,4,4,1359,Macrophage,Macrophage,GNAI2,C5AR1,CommuSpace_HS_03953,0.0051916833035647
690,2,3,8,583,Fibroblast,T cell,COL4A1,CD44,CommuSpace_HS_01729,0.0048420159146189
690,3,3,8,2670,Fibroblast,T cell,VEGFA,CD44,CommuSpace_HS_07694,0.004651503637433
690,4,3,8,2541,Fibroblast,T cell,TIMP2,CD44,CommuSpace_HS_07444,0.0043154377490282
690,5,3,4,351,Fibroblast,Macrophage,CCL2,CCR1,CommuSpace_HS_00946,0.0037802872247993
690,6,3,4,2311,Fibroblast,Macrophage,SERPINE1,PLAUR,CommuSpace_HS_06869,0.0035899218637496
690,7,3,4,2670,Fibroblast,Macrophage,VEGFA,CD44,CommuSpace_HS_07694,0.0031219886150211
690,8,4,4,351,Macrophage,Macrophage,CCL2,CCR1,CommuSpace_HS_00946,0.0030591643881052
690,9,1,8,583,Endothelial,T cell,COL4A1,CD44,CommuSpace_HS_01729,0.0030381358228623
690,10,3,4,2530,Fibroblast,Macrophage,THY1,ITGAX,CommuSpace_HS_07427,0.0029300171881914
