niche,B cell,Endothelial,Epithelial,Fibroblast,Macrophage,Mast cell,Myoepithelial,Pericyte,T cell,Unknown
0,0.1140147,0.015369611,0.0014513345,0.09690765,0.02945062,0.012041221,0.003944117,0.0052546905,0.24087669,0.48068726
1,0.05665369,0.040864073,0.0010581664,0.27359244,0.07662948,0.017453007,0.0031282124,0.025282266,0.124189734,0.38114858
2,0.07679989,0.051091854,0.22815412,0.11178014,0.0905711,0.012243619,0.012968523,0.01891418,0.20405766,0.19341856
3,0.07551148,0.05275503,0.2329858,0.11314099,0.09356877,0.0111149065,0.0129364,0.02122782,0.19941325,0.18734585
4,0.07441949,0.051512703,0.2426025,0.10976455,0.0863425,0.0118681,0.013637942,0.020817077,0.19874099,0.19029401
5,0.075482674,0.051293008,0.24112692,0.109957166,0.0896854,0.012692491,0.013990178,0.019308945,0.1997658,0.18669763
6,0.07701336,0.052480727,0.2396838,0.11024864,0.08576713,0.01093325,0.011274586,0.020860245,0.19863881,0.19309928
7,0.07406405,0.052276425,0.23072118,0.111200236,0.092952,0.013358451,0.013394455,0.020260427,0.19461855,0.19715407
8,0.07324976,0.05114745,0.23595393,0.10921968,0.09144258,0.012533375,0.012415113,0.020534575,0.19433975,0.19916384
9,0.0741995,0.051523507,0.23902258,0.11198698,0.08790629,0.01289218,0.011524402,0.021810533,0.20320602,0.18592824
10,0.07734964,0.04875639,0.24662377,0.10821861,0.09155527,0.01183178,0.012352437,0.018976683,0.19427364,0.19006163
11,0.07450833,0.053317096,0.22827086,0.11710061,0.090682805,0.012788821,0.01192451,0.022001207,0.19658452,0.19282113
12,0.072798654,0.053805176,0.23310722,0.11052896,0.085959986,0.012811178,0.013718547,0.021979023,0.19107279,0.20421852
13,0.07651641,0.051261634,0.2487068,0.10950975,0.08594171,0.011904864,0.014685018,0.019817347,0.1896142,0.19204228
14,0.07887516,0.052897286,0.23639257,0.10890322,0.087632366,0.012025408,0.013293184,0.019299528,0.20013149,0.19054984
15,0.07547583,0.04986449,0.23838845,0.11252638,0.090310246,0.011788268,0.0137403915,0.018238725,0.19565341,0.19401415
16,0.07563086,0.050723802,0.24370944,0.11523191,0.08822907,0.012264468,0.011612053,0.019242652,0.19774476,0.18561102
17,0.07296338,0.04339512,0.24596316,0.111737706,0.088844,0.012892012,0.010943723,0.01950175,0.19905272,0.19470654
18,0.07750615,0.051815998,0.23885669,0.110609435,0.09091065,0.012576615,0.012542064,0.019168505,0.20192885,0.184085
19,0.07684932,0.05060067,0.22926475,0.11182746,0.09332582,0.012301618,0.011063857,0.018812386,0.2012183,0.1947356
20,0.076029934,0.052012026,0.2351663,0.11052218,0.08972534,0.01241813,0.012483488,0.020312944,0.19494843,0.1963812
21,0.07735208,0.05080453,0.23397,0.11186098,0.09400641,0.011469613,0.01107968,0.022064947,0.19922015,0.18817163
22,0.07140893,0.045235112,0.13209516,0.1610626,0.08858563,0.015079497,0.008703428,0.025478972,0.18855819,0.26379248
23,0.075488016,0.050552286,0.23375033,0.11758579,0.09186854,0.0122915935,0.012459556,0.020799274,0.20216745,0.18303715
24,0.07658976,0.05300187,0.24133389,0.108059324,0.093406804,0.011172944,0.011953619,0.021135367,0.19227971,0.1910671
25,0.07522589,0.053226247,0.23113085,0.11358818,0.08911104,0.011346196,0.013013564,0.020424904,0.2002844,0.19264856
26,0.078779496,0.051315457,0.22378036,0.111768454,0.09156906,0.012461047,0.013052496,0.020046515,0.20132099,0.19590607
27,0.07598586,0.051023632,0.22412293,0.11601511,0.08996248,0.0132803945,0.0135497935,0.02081299,0.1988814,0.19636552
28,0.07250777,0.05128704,0.24308798,0.107004695,0.08744512,0.011976491,0.01306036,0.021445967,0.19676752,0.19541687
29,0.07356589,0.050732475,0.23572412,0.11278999,0.0938106,0.012276972,0.011641345,0.022512758,0.19596829,0.19097745
30,0.071440384,0.048938233,0.257546,0.10760209,0.08799305,0.01185928,0.011525421,0.019651266,0.18873166,0.19471289
31,0.07284137,0.053039547,0.2463494,0.11073002,0.089864805,0.013207879,0.014068527,0.021859985,0.18878132,0.18925762
32,0.07069599,0.05629948,0.23362611,0.113355875,0.08922571,0.013733367,0.010856563,0.02142099,0.20005815,0.19072813
33,0.07190618,0.049761105,0.24415047,0.107190706,0.091665044,0.012076824,0.011886126,0.01935109,0.19514608,0.1968667
34,0.075625695,0.05035606,0.23404469,0.11327408,0.09173749,0.011538342,0.01221599,0.020601816,0.19263028,0.19797528
35,0.07565348,0.056048583,0.23162785,0.11034942,0.09174982,0.012279227,0.013242316,0.02154258,0.19345652,0.1940504
36,0.075209096,0.052055553,0.23424648,0.11211856,0.092393704,0.011369532,0.011221346,0.020145908,0.19777165,0.19346847
37,0.075347275,0.050922133,0.2396263,0.117112674,0.08900652,0.012416973,0.011912115,0.020496923,0.18857534,0.19458358
38,0.08005965,0.051123295,0.23696366,0.10533765,0.089308724,0.012113095,0.011652546,0.019120647,0.20227751,0.1920432
39,0.08125879,0.050058343,0.23264246,0.11645884,0.08884968,0.011625411,0.013499631,0.022161981,0.20067826,0.18276682
40,0.07490818,0.05036625,0.23292951,0.1125644,0.09102079,0.012974164,0.014263463,0.021906115,0.20112227,0.18794498
41,0.07189992,0.053994387,0.24396646,0.11378175,0.08668119,0.011558893,0.01330677,0.019118568,0.19110265,0.19458935
42,0.07689169,0.050031092,0.24415821,0.107801326,0.09230596,0.012884984,0.013146515,0.018674126,0.19336936,0.19073641
43,0.07522276,0.05074505,0.23965882,0.11451665,0.08876173,0.011541752,0.011198736,0.02022281,0.19911256,0.1890189
44,0.0705506,0.052456364,0.24373452,0.11239915,0.08765775,0.012907033,0.012323699,0.022246534,0.19362684,0.19209765
45,0.07356064,0.04803061,0.24337077,0.10735011,0.089724794,0.011025197,0.014176491,0.022488378,0.19171219,0.19856101
46,0.073293656,0.049634233,0.24569419,0.10820842,0.091982424,0.0135765765,0.013638346,0.022117902,0.19688846,0.18496603
47,0.07672434,0.053925537,0.22948398,0.12023223,0.0883674,0.012095818,0.011198559,0.021074386,0.1943298,0.19256783
48,0.07510147,0.055655167,0.23149365,0.10429968,0.09116902,0.012585607,0.012639571,0.019916303,0.20869388,0.18844531
49,0.07830029,0.04847241,0.22911315,0.11599408,0.0893973,0.01342973,0.012018698,0.018319385,0.20836134,0.18659358
50,0.07826394,0.049940683,0.23530176,0.11029531,0.093954444,0.012692645,0.011080108,0.019142315,0.19605221,0.1932766
51,0.074896425,0.05179426,0.2296578,0.11075778,0.09266849,0.013883579,0.011677177,0.02156036,0.19564304,0.19746102
52,0.0746527,0.052075606,0.22225599,0.12084901,0.09074212,0.01107361,0.010684591,0.020316988,0.20066467,0.19668488
53,0.07602625,0.05077375,0.233257,0.11380501,0.09362978,0.011887315,0.012010663,0.020256082,0.19682448,0.19152999
54,0.07529867,0.053467587,0.24255988,0.11351317,0.09088998,0.013012002,0.011353546,0.019464172,0.19584729,0.18459369
55,0.078287676,0.048911404,0.23102069,0.11371803,0.093246184,0.013169139,0.012809149,0.020603761,0.20154548,0.1866886
56,0.07717921,0.04863518,0.24441537,0.10894776,0.09064283,0.012671229,0.011965395,0.019421611,0.21118046,0.17494068
57,0.078242674,0.049194936,0.23025903,0.11284941,0.089425445,0.010863239,0.013290527,0.020199995,0.19860102,0.19707364
58,0.08056027,0.05265192,0.23532122,0.10644018,0.08879136,0.01115452,0.012811043,0.021750256,0.2041574,0.18636164
59,0.07682514,0.04802926,0.23984902,0.107545756,0.09486918,0.013489522,0.012677926,0.022016933,0.19027776,0.19441949
60,0.0734186,0.052188773,0.23607507,0.11396067,0.09195673,0.0122622615,0.011175693,0.017200518,0.19678131,0.19498011
61,0.07418863,0.050012216,0.24635954,0.11275494,0.091786824,0.011797125,0.011229148,0.019958902,0.19543602,0.18647672
62,0.07402508,0.051276688,0.23577611,0.10702171,0.09166225,0.013175135,0.009537624,0.022576842,0.20238699,0.19256154
63,0.076827265,0.049365345,0.213123,0.11658666,0.09536146,0.013089674,0.013376652,0.020615816,0.2061109,0.19554324
64,0.07656695,0.052876618,0.23726827,0.11406804,0.08797195,0.012593643,0.012595671,0.020286562,0.19194275,0.19382972
65,0.07842086,0.05427133,0.23187356,0.112546064,0.09050792,0.012292744,0.0124699045,0.022389734,0.19376634,0.19146147
66,0.07098714,0.047706954,0.23880665,0.11251057,0.08920397,0.013976552,0.01396978,0.023011396,0.20062275,0.18920393
67,0.07765549,0.05245453,0.23626049,0.10958889,0.08853542,0.012672588,0.015921952,0.019191256,0.20012487,0.18759458
68,0.075161465,0.049024303,0.23762652,0.10551642,0.08776059,0.013481244,0.01131577,0.018456908,0.19582522,0.20583157
69,0.079752795,0.04913117,0.21809287,0.11043239,0.08954547,0.013238712,0.014722303,0.019829474,0.20628853,0.19896632
70,0.075217076,0.054513518,0.2525277,0.10576729,0.08929296,0.012574405,0.01295475,0.019212378,0.18304333,0.1948966
71,0.0793212,0.05191324,0.23415175,0.10997128,0.09067078,0.0124746915,0.012883411,0.019038297,0.20075217,0.18882312
72,0.078803666,0.049195945,0.23351577,0.11313799,0.087726414,0.010862878,0.011300049,0.018322745,0.19508848,0.2020462
73,0.07633766,0.056392785,0.24414995,0.11097413,0.09084278,0.0117696645,0.013498102,0.019352447,0.19685858,0.17982395
74,0.082580194,0.052835513,0.21851738,0.12319838,0.0914403,0.011559126,0.010828306,0.0209612,0.19702715,0.1910523
75,0.072496206,0.050694548,0.21821621,0.104023606,0.09242682,0.011698361,0.009373143,0.047202326,0.19579218,0.19807675
76,0.07385762,0.052799318,0.2181137,0.11174111,0.09678785,0.012583512,0.012565885,0.01990245,0.19912685,0.20252174
77,0.07096719,0.04631636,0.23060064,0.11257696,0.093531504,0.012430544,0.010739916,0.019793417,0.2046297,0.1984137
78,0.06870439,0.047913607,0.22697581,0.11395996,0.096800275,0.014135121,0.011359855,0.019814104,0.209217,0.1911198
79,0.07471638,0.047428627,0.23580511,0.11431389,0.093357824,0.014248916,0.014196787,0.019603554,0.18756738,0.19876134
80,0.07152028,0.056125965,0.22477482,0.11969899,0.0941598,0.013435034,0.012349229,0.022699615,0.19408223,0.19115396
81,0.07948155,0.060862105,0.20901515,0.118051894,0.09019789,0.011307074,0.01043336,0.021637786,0.20002042,0.19899246
82,0.078258365,0.046402175,0.22163899,0.111557856,0.09652551,0.013840603,0.010195427,0.020636199,0.200959,0.19998582
83,0.07444754,0.052611943,0.23493278,0.10538247,0.08936676,0.014517531,0.013641426,0.019504176,0.19686496,0.19873047
84,0.08076218,0.048025936,0.24810791,0.10532937,0.08685575,0.011569845,0.013874775,0.019668704,0.19826066,0.18754487
85,0.07645233,0.0496303,0.23644009,0.10681645,0.09388514,0.012376613,0.012350035,0.019529194,0.20025712,0.19226277
86,0.07723257,0.05365267,0.22624926,0.11118604,0.091480784,0.012084215,0.015961979,0.018111607,0.19382598,0.20021501
87,0.08028859,0.056953106,0.20420279,0.11659112,0.0946928,0.012730636,0.013083393,0.02214509,0.21607186,0.18324062
88,0.07612132,0.05159121,0.23990603,0.11666145,0.0916921,0.0125171365,0.013774282,0.016984459,0.18894812,0.19180387
89,0.0786246,0.047315236,0.22799736,0.111865126,0.09144614,0.012762804,0.014766557,0.021636477,0.19322017,0.20036584
90,0.07315364,0.0510729,0.23728637,0.11334438,0.089946896,0.01265285,0.014085936,0.01964841,0.19868805,0.19012064
91,0.082178384,0.046523962,0.21916255,0.10691836,0.09368048,0.012361926,0.012100893,0.022121333,0.21268417,0.19226788
92,0.07814388,0.05038304,0.22517502,0.11484758,0.095126994,0.013376517,0.011610089,0.016851889,0.20198771,0.19249737
93,0.07379944,0.05097483,0.22670516,0.11489668,0.08836039,0.012095841,0.010570672,0.020549962,0.20076923,0.20127766
94,0.072849296,0.05808089,0.23224507,0.10921512,0.091449805,0.013174649,0.01355086,0.018015163,0.20541857,0.1860005
95,0.07192648,0.050562188,0.22878464,0.11918241,0.09514173,0.011569466,0.012635529,0.022130478,0.18930244,0.19876459
96,0.07720859,0.050332777,0.23712863,0.112072885,0.09083366,0.011365606,0.013777655,0.02139652,0.19709899,0.18878484
97,0.07082731,0.052515857,0.22865672,0.124519035,0.0917133,0.01270681,0.011308757,0.020142462,0.19520281,0.19240712
98,0.07840112,0.04914343,0.23133016,0.10799871,0.08947329,0.0109283,0.013736887,0.017408267,0.20563363,0.19594626
99,0.07237356,0.052216396,0.25313357,0.110151306,0.087543145,0.011311235,0.011517939,0.023417246,0.18800715,0.19032846
100,0.07840544,0.049637258,0.2343653,0.112502195,0.098324075,0.01451642,0.0128914155,0.018227555,0.17933308,0.20179741
101,0.07736618,0.0497723,0.2630294,0.11167754,0.08509314,0.01127676,0.015406862,0.021473886,0.17971174,0.18519205
102,0.076123126,0.04922423,0.22638667,0.11168022,0.09102398,0.011525605,0.014280434,0.01971361,0.20030862,0.1997334
103,0.07188755,0.050776083,0.23629747,0.115559004,0.09841065,0.013558943,0.012957018,0.019133551,0.18868673,0.192733
104,0.06836527,0.050774097,0.2437706,0.11023548,0.088409536,0.011825591,0.015907537,0.020263104,0.19582121,0.19462746
105,0.07554452,0.055685114,0.23096038,0.11007962,0.08483443,0.014037392,0.0124634355,0.020295529,0.19075266,0.20534706
106,0.078475334,0.049219407,0.23324065,0.1153597,0.08876622,0.010433698,0.01321908,0.01937965,0.2005104,0.19139598
107,0.07704089,0.054771483,0.21701549,0.115252875,0.08952801,0.013238273,0.013194629,0.018419158,0.19642943,0.2051098
108,0.08161184,0.049575012,0.23090057,0.11407206,0.09122675,0.010842189,0.010942286,0.01747371,0.19694395,0.19641168
109,0.0721035,0.048137296,0.22232658,0.10806033,0.09238009,0.012972863,0.010146122,0.01921381,0.21749857,0.19716102
110,0.0763948,0.04325299,0.26326934,0.10101734,0.08907074,0.012352836,0.011734971,0.017764417,0.18015324,0.20498955
111,0.0778895,0.049470197,0.21704671,0.11933146,0.09089869,0.014811662,0.012687393,0.02178269,0.19864458,0.19743714
112,0.08605752,0.057786465,0.22287352,0.1185095,0.08869262,0.012222079,0.013310871,0.019106928,0.20291439,0.17852582
113,0.078654505,0.05593999,0.22451337,0.11076533,0.09430993,0.014156943,0.012096171,0.01697568,0.20236538,0.19022264
114,0.072908886,0.04287616,0.26266205,0.108838126,0.084832676,0.012247447,0.013136467,0.019751841,0.17867142,0.20407473
115,0.077946305,0.047427136,0.22363433,0.11570541,0.09477889,0.01348331,0.012044327,0.017672202,0.19633707,0.20097122
116,0.077333175,0.04605201,0.2247378,0.109287485,0.09608109,0.010611488,0.013193807,0.021207714,0.20952828,0.1919671
117,0.075158454,0.054727584,0.24370635,0.11211122,0.08457263,0.009880487,0.013698496,0.027329719,0.1852662,0.1935488
118,0.07989588,0.052079547,0.23872401,0.11425669,0.09160462,0.013209525,0.01322257,0.021249318,0.19527909,0.18047893
119,0.07953015,0.057371587,0.19199973,0.11998151,0.09202204,0.011943728,0.012318909,0.021834623,0.19899505,0.21400249
120,0.08231145,0.04992802,0.2240448,0.11367687,0.08789934,0.013398723,0.013314826,0.020353032,0.20251262,0.19256037
121,0.08118566,0.052462082,0.24483916,0.10326518,0.08569471,0.009322072,0.009805726,0.022661977,0.20075092,0.19001235
122,0.081341416,0.0535592,0.22037838,0.112755485,0.09420454,0.011781975,0.008244398,0.02061101,0.21147911,0.18564461
123,0.07886437,0.0602262,0.19208317,0.123779,0.09603603,0.013530841,0.010199364,0.019988053,0.19986185,0.20543125
124,0.06774338,0.05141402,0.23464131,0.117323875,0.09410826,0.011504328,0.011940836,0.019273542,0.19322062,0.19882977
125,0.06802976,0.05549244,0.2108565,0.11353198,0.09789385,0.01430898,0.012284962,0.03795066,0.1927154,0.19693533
126,0.086126186,0.04887992,0.22156763,0.11059086,0.09197241,0.01267485,0.011677653,0.017512582,0.20988335,0.18911457
127,0.07785633,0.05530163,0.21093279,0.11174313,0.097913824,0.010605127,0.013315963,0.018462224,0.20768546,0.19618356
128,0.071918264,0.04537926,0.237827,0.104521,0.0933349,0.0106738815,0.010417449,0.018060317,0.19081111,0.2170567
129,0.075223304,0.054665186,0.22108778,0.121669315,0.09441984,0.013235422,0.015626445,0.02133638,0.19349176,0.18924463
130,0.06776828,0.051562157,0.25015774,0.11573158,0.09410657,0.012845356,0.012537113,0.018788815,0.19027014,0.18623213
131,0.077537104,0.056414895,0.20347518,0.11536577,0.091346495,0.010570274,0.0102551235,0.020813217,0.21046779,0.20375426
132,0.07080992,0.049623627,0.24156488,0.11095994,0.09679164,0.013067066,0.010582877,0.01828184,0.18720664,0.20111172
133,0.07228472,0.056187987,0.2327527,0.11830567,0.08831907,0.015337,0.012840663,0.018885262,0.18017711,0.20490979
134,0.07425963,0.049994715,0.23348172,0.11411588,0.08864165,0.011349569,0.012288589,0.016849207,0.198539,0.20048003
135,0.07627378,0.051468775,0.23470394,0.10554996,0.086408384,0.010848715,0.011643435,0.022089891,0.21202676,0.18898645
136,0.07282191,0.053817473,0.23153849,0.110082515,0.08790994,0.012231034,0.011001333,0.014761223,0.20086652,0.20496958
137,0.07538166,0.054021064,0.23106532,0.11062136,0.09028945,0.012643028,0.015558521,0.021237928,0.19367978,0.19550209
138,0.07105537,0.054750517,0.23180176,0.116478756,0.087155186,0.011814688,0.014990756,0.020727249,0.19499102,0.19623473
139,0.077837236,0.04808102,0.23358077,0.110747926,0.088955514,0.010742998,0.010476843,0.015723536,0.20873013,0.19512399
140,0.08405973,0.05398445,0.2266024,0.11736371,0.090072505,0.010922785,0.017360516,0.020309778,0.19878846,0.1805356
141,0.0839687,0.053367395,0.22036594,0.11292362,0.09336533,0.014079877,0.009818894,0.020293461,0.20302725,0.1887894
142,0.066404544,0.04640674,0.24988891,0.108750954,0.08408385,0.012520701,0.011866664,0.019600343,0.18869108,0.2117863
143,0.072146244,0.054972034,0.22032207,0.10911567,0.097233064,0.013244789,0.012356214,0.019533025,0.21041529,0.19066152
144,0.07575706,0.05322264,0.2186216,0.10302947,0.09239755,0.012776214,0.013260452,0.022084635,0.2096933,0.199157
145,0.08233839,0.060834486,0.21634145,0.119873576,0.090462424,0.012540918,0.013550137,0.018779455,0.2071765,0.17810276
146,0.07007873,0.04687821,0.25558484,0.11075455,0.08830311,0.011990419,0.013040906,0.018491942,0.20210499,0.1827724
147,0.078961566,0.05422695,0.21228045,0.11174946,0.0985476,0.013727468,0.0118081095,0.020207312,0.19867504,0.19981617
148,0.0688556,0.051582497,0.22240709,0.11745562,0.09463066,0.01116909,0.013000157,0.02366279,0.20007165,0.19716486
149,0.07850706,0.04971763,0.22519277,0.118701726,0.0939903,0.012505588,0.010098328,0.018975932,0.2163481,0.17596245
150,0.07662767,0.052283052,0.23152164,0.115857325,0.08888763,0.0096675465,0.01349315,0.024104087,0.20121072,0.18634716
151,0.08169442,0.051941384,0.2152786,0.12142225,0.08931344,0.014184439,0.012661889,0.022832721,0.19634193,0.19432884
152,0.07323379,0.052742455,0.20762183,0.11705451,0.093811266,0.01203015,0.012024771,0.021255769,0.19827679,0.21194856
153,0.0775644,0.04803605,0.22593217,0.1212543,0.08785346,0.011037652,0.013457577,0.022846079,0.20038082,0.1916376
154,0.074655294,0.05576612,0.20627576,0.11082642,0.09339689,0.01248895,0.010664425,0.03420522,0.21083312,0.19088796
155,0.07026053,0.053266224,0.23830388,0.112751186,0.089197315,0.012691476,0.010224601,0.017159086,0.18931247,0.20683317
156,0.06952509,0.053680178,0.23251235,0.1079737,0.09214959,0.012233056,0.01043,0.0249327,0.20899479,0.18756858
157,0.07458111,0.050351687,0.22182551,0.11817084,0.093721785,0.0120789865,0.014133341,0.01951969,0.19487335,0.20074344
158,0.08571334,0.05424166,0.23780619,0.10783288,0.092316315,0.010164701,0.017053386,0.0190866,0.20019607,0.17558876
159,0.08305897,0.047841437,0.23574212,0.11084713,0.09223853,0.012993831,0.011810455,0.018786559,0.1945087,0.19217236
160,0.08079388,0.054458473,0.19647615,0.117883265,0.09586041,0.011141897,0.012704314,0.022300132,0.21046108,0.19792031
161,0.074835934,0.05392632,0.23068154,0.10681501,0.09608631,0.012098066,0.011086945,0.02138094,0.20792383,0.18516503
162,0.07761357,0.054574057,0.22479796,0.109696686,0.09407199,0.012336363,0.012533867,0.016121553,0.19869512,0.19955893
163,0.07808827,0.057136245,0.2035804,0.11314659,0.093005836,0.013055949,0.011652842,0.021384366,0.19600311,0.21294637
164,0.06904122,0.056721922,0.22083628,0.12342871,0.09519446,0.012900936,0.014192177,0.022215942,0.18382926,0.20163906
165,0.07673616,0.056182835,0.19532768,0.11985158,0.099196084,0.0127215125,0.0134554915,0.019867886,0.20464942,0.20201142
166,0.07311281,0.0573714,0.22264938,0.11055212,0.09267869,0.012895394,0.014664549,0.018134272,0.18916892,0.20877255
167,0.07338149,0.048496436,0.21408156,0.10886641,0.09650123,0.010796751,0.012966893,0.022670623,0.20268816,0.20955046
168,0.078336336,0.0481165,0.20747073,0.11782395,0.09015914,0.011795247,0.010404136,0.017200448,0.2169872,0.2017064
169,0.07250348,0.046759497,0.24596696,0.11307908,0.09170346,0.011662326,0.011926133,0.019994933,0.19405578,0.19234839
170,0.07935042,0.052559577,0.21206266,0.12352938,0.09631707,0.0123936,0.014104626,0.021164428,0.19857162,0.18994671
171,0.074949756,0.054086458,0.21462208,0.11346369,0.09486325,0.011309179,0.014730921,0.023338618,0.18594415,0.21269186
172,0.08052081,0.05162866,0.2159869,0.11378852,0.090933144,0.010457959,0.011370572,0.021215254,0.19972344,0.20437478
173,0.07291509,0.055146404,0.22895256,0.10128953,0.082033336,0.01547792,0.009821209,0.023701888,0.19892423,0.21173768
174,0.073672175,0.047442775,0.24179365,0.119423755,0.09081044,0.011090738,0.012606047,0.022525473,0.19546868,0.1851664
175,0.08041102,0.055150967,0.21395072,0.1170075,0.088240966,0.011184295,0.013784238,0.018519504,0.21043082,0.19131996
176,0.076341696,0.049586125,0.26112548,0.101538904,0.0878521,0.010132003,0.014570139,0.01986163,0.19196403,0.18702784
177,0.07069988,0.05059601,0.25032896,0.11041532,0.09548835,0.012015552,0.011970725,0.020254,0.19445582,0.18377545
178,0.08552906,0.04841798,0.20679836,0.12034191,0.08965293,0.011098047,0.013115399,0.016703809,0.20927684,0.19906579
179,0.08388269,0.054006983,0.19090095,0.12527479,0.09044849,0.013460935,0.014439407,0.020688787,0.2098196,0.19707738
180,0.07635955,0.049024537,0.2187038,0.122705325,0.08622477,0.012047307,0.012273227,0.01936696,0.19250046,0.21079384
181,0.07421412,0.053792924,0.20367552,0.10975013,0.09583807,0.01319462,0.01312953,0.020733707,0.21143404,0.2042375
182,0.07833235,0.047457602,0.22238152,0.10891812,0.0855723,0.012488666,0.011757456,0.019338658,0.21094415,0.20280907
183,0.070527345,0.049418814,0.22800621,0.10696092,0.09698605,0.014030994,0.015928892,0.019717406,0.2125143,0.18590906
184,0.072364755,0.05150644,0.24453582,0.12349811,0.08802172,0.013473794,0.013824124,0.01888942,0.17903322,0.19485244
185,0.07871932,0.05118718,0.21193214,0.11761909,0.099128366,0.013899209,0.010417878,0.023300586,0.21139312,0.18240312
186,0.08241612,0.049823653,0.21331553,0.120352395,0.093818106,0.012589463,0.009247706,0.02185151,0.19911027,0.1974752
187,0.08160984,0.050891776,0.2199014,0.113094896,0.098013066,0.012779367,0.012448595,0.022179555,0.1966769,0.19240455
188,0.08601471,0.049746785,0.2111033,0.113790765,0.08969107,0.013348423,0.010527514,0.021199906,0.20283693,0.20174049
189,0.08537005,0.05121644,0.23073432,0.11157632,0.08950832,0.008445334,0.008534167,0.020151824,0.21179171,0.1826716
190,0.072975844,0.05178333,0.22903252,0.11419669,0.08561119,0.012413343,0.01236834,0.01934146,0.20997366,0.19230367
191,0.088216394,0.053971898,0.2222279,0.108436204,0.08824835,0.012821095,0.012820619,0.02101176,0.20193115,0.19031455
192,0.07579089,0.048720725,0.22566693,0.10613729,0.091158174,0.011582738,0.0100544775,0.01933391,0.19962177,0.21193309
193,0.07701319,0.0504497,0.22569372,0.1171204,0.08938327,0.011812895,0.01013657,0.01735572,0.20345879,0.19757578
194,0.08089314,0.04768423,0.20046467,0.11564146,0.09138611,0.010980784,0.01183335,0.020864133,0.20589879,0.21435335
195,0.073671535,0.051854406,0.21886136,0.1145124,0.08622059,0.012029074,0.011995419,0.02079773,0.21317667,0.19688092
196,0.06935106,0.056206685,0.22344765,0.12027709,0.09174456,0.011836904,0.013139625,0.022336204,0.19942458,0.19223578
197,0.084828176,0.048742667,0.22233565,0.11558938,0.08917205,0.012342864,0.009363781,0.017165033,0.21832919,0.18213125
198,0.080108136,0.052375946,0.21667048,0.10944647,0.094611555,0.011474198,0.009426718,0.02115156,0.22272788,0.18200712
199,0.074510455,0.049726203,0.2406682,0.110774964,0.08544171,0.014529672,0.0105403345,0.018324336,0.19362548,0.20185877
200,0.07722159,0.050323,0.2190577,0.10756528,0.097579435,0.013208044,0.009590368,0.019382602,0.20720509,0.19886671
201,0.07703719,0.046585795,0.23320542,0.11471095,0.09417127,0.011727591,0.008915251,0.02029273,0.19843407,0.1949198
202,0.069483005,0.04908742,0.26317075,0.115288734,0.08943468,0.012873514,0.01379178,0.021424862,0.17424211,0.19120297
203,0.07459686,0.04906331,0.2163533,0.13126633,0.09621215,0.013977823,0.012760452,0.019936692,0.20127232,0.18456066
204,0.080024414,0.05111299,0.22692429,0.10510568,0.09802205,0.012844241,0.012394883,0.022159267,0.21225265,0.17915952
205,0.081449315,0.053540595,0.20407352,0.11220293,0.10774614,0.013228636,0.011734742,0.023717506,0.20630255,0.18600407
206,0.07504076,0.0521449,0.23471081,0.10322161,0.09369865,0.012065548,0.0114224125,0.020735227,0.20228192,0.19467804
207,0.083940595,0.05197449,0.21599673,0.11119616,0.0842076,0.012025172,0.011021885,0.021112315,0.20058008,0.20794487
208,0.07678555,0.05550018,0.22384544,0.12614161,0.09241681,0.011284816,0.012195571,0.029448053,0.19348031,0.17890161
209,0.080072805,0.050698604,0.22519553,0.11117327,0.09137304,0.013358232,0.011874781,0.015735233,0.20036179,0.2001568
210,0.08054452,0.054671466,0.20684251,0.121180765,0.09509259,0.01232297,0.010144308,0.02382188,0.19607045,0.19930857
211,0.07425765,0.05257599,0.21909481,0.117289126,0.093052246,0.010728499,0.012285216,0.019889995,0.20083147,0.19999498
212,0.078172006,0.04839662,0.20729029,0.123695284,0.09832042,0.012726443,0.011747146,0.016806908,0.20810644,0.19473855
213,0.079630315,0.055255387,0.20828645,0.11980796,0.08989168,0.014011154,0.010277677,0.021589587,0.19001822,0.21123168
214,0.06940456,0.053914037,0.22698595,0.115899056,0.08734056,0.01131734,0.013554155,0.020850673,0.20013165,0.20060204
215,0.07773567,0.04945979,0.21621677,0.117861204,0.08545733,0.011819246,0.013371437,0.01716695,0.21180935,0.19910222
216,0.07686385,0.051666185,0.20611523,0.11414538,0.09493038,0.011378492,0.010346954,0.019968595,0.218347,0.19623794
217,0.07398148,0.050860714,0.24231175,0.11340001,0.09668062,0.013728608,0.01338078,0.020650143,0.17594253,0.19906333
218,0.07731262,0.052091986,0.2372972,0.108291835,0.093597956,0.01232741,0.013818818,0.016813837,0.19773303,0.19071534
219,0.08189292,0.049377374,0.23297147,0.10645068,0.09615676,0.010299023,0.011223033,0.019823669,0.19675487,0.1950501
220,0.07647571,0.051649194,0.2367787,0.09902507,0.09047921,0.011658128,0.010212382,0.02475723,0.1963718,0.20259264
221,0.08051583,0.04923716,0.2296845,0.11834652,0.08661432,0.0122423675,0.018147672,0.021331547,0.21025473,0.17362534
222,0.07329068,0.050199892,0.24229592,0.1095259,0.08857366,0.012091693,0.013925339,0.02189435,0.20214789,0.1860547
223,0.07437303,0.049207166,0.22404227,0.11426859,0.08318174,0.012809668,0.017082999,0.01979147,0.20005594,0.20518717
224,0.0750461,0.054166846,0.23731534,0.10127793,0.095358014,0.014750853,0.0133411195,0.018981254,0.19089942,0.19886315
225,0.07851042,0.058933984,0.21371052,0.11224167,0.0985328,0.011641971,0.010564997,0.021759665,0.19873391,0.19536991
226,0.08375537,0.052874018,0.20016363,0.11220239,0.09790436,0.011955415,0.011096688,0.019065157,0.21992716,0.19105573
227,0.07648244,0.05312111,0.23019487,0.11685797,0.095426284,0.010628398,0.013075397,0.019960796,0.19508,0.18917264
228,0.07737405,0.05087691,0.24767292,0.10385536,0.08940519,0.012314067,0.00894876,0.02372464,0.20523818,0.18058987
229,0.08214653,0.057369072,0.21760476,0.110488035,0.093910344,0.00989936,0.010488864,0.021023437,0.20313098,0.19393878
230,0.078856796,0.05200299,0.20732068,0.113178976,0.09927428,0.012408773,0.011028883,0.022379536,0.20729692,0.19625206
231,0.077498496,0.051210236,0.2378745,0.10735486,0.08503115,0.011893313,0.0143450005,0.018994503,0.19179237,0.20400561
232,0.0771063,0.05183589,0.1922023,0.12324412,0.09438045,0.012154037,0.011895182,0.017435808,0.21448332,0.20526251
233,0.077493355,0.051741254,0.2198733,0.11416918,0.08996256,0.01370014,0.014506343,0.022616886,0.205467,0.19047007
234,0.073298775,0.051478855,0.24720836,0.109313995,0.09398212,0.0134430695,0.012668698,0.023806931,0.19522156,0.17957763
235,0.07580519,0.0512814,0.22706914,0.11123487,0.09032781,0.012064362,0.014511751,0.021335911,0.20876527,0.18760426
236,0.07773684,0.052483786,0.22159111,0.11616961,0.09547232,0.011643372,0.010835835,0.021489007,0.20389383,0.1886843
237,0.0864554,0.054671787,0.21584545,0.105435684,0.08880585,0.013603691,0.0106694745,0.022639008,0.20198625,0.1998873
238,0.076857805,0.055778272,0.23137587,0.11217348,0.086374655,0.012682329,0.013251498,0.024867099,0.1962327,0.19040626
239,0.07619745,0.05052627,0.20504153,0.1208747,0.0952982,0.012806396,0.015891451,0.019776992,0.20703518,0.1965518
240,0.06775883,0.04869987,0.2145612,0.11943225,0.089243226,0.011302324,0.0113951545,0.018391145,0.20309542,0.21612066
241,0.0804813,0.048069395,0.22355074,0.11177941,0.09206358,0.01299903,0.013214914,0.017374178,0.1954547,0.20501278
242,0.07346371,0.055995096,0.21519025,0.12137239,0.09403648,0.014779552,0.013345704,0.018799683,0.18600617,0.207011
243,0.06769101,0.05054455,0.25060946,0.10638533,0.089855075,0.010666596,0.012183245,0.017786538,0.19649968,0.19777855
244,0.07825845,0.047636725,0.2204856,0.11732465,0.08749838,0.013298314,0.00936784,0.019687315,0.20905223,0.19739033
245,0.07628779,0.057091366,0.22084115,0.10738999,0.101035856,0.01170538,0.01053622,0.02124691,0.20599757,0.18786769
246,0.07334244,0.05165616,0.22891739,0.11250829,0.09220009,0.012572925,0.013735053,0.019354487,0.19770351,0.19800955
247,0.083893985,0.052589845,0.20224805,0.120975986,0.09251458,0.010877007,0.011115113,0.020063857,0.20768867,0.19803296
248,0.07461777,0.052078765,0.22611487,0.11533771,0.08914391,0.012211864,0.016555624,0.019263262,0.19809692,0.19657925
249,0.08357527,0.049982775,0.20881645,0.11624881,0.08902803,0.011734403,0.0156743,0.029436095,0.18831907,0.20718478
250,0.08255484,0.0477895,0.22218414,0.10605485,0.0810008,0.011348029,0.009964397,0.022176882,0.2120828,0.20484377
251,0.0771986,0.053051624,0.2237773,0.11703528,0.10098178,0.011263324,0.014947662,0.016989438,0.19349565,0.19125941
252,0.08479781,0.055670768,0.23794201,0.10856808,0.090433195,0.0107854055,0.008816353,0.021986855,0.21034402,0.17065565
253,0.07811253,0.05070324,0.23684137,0.10429889,0.07734581,0.014193479,0.014788825,0.021538213,0.19488823,0.2072896
254,0.08142633,0.052117947,0.21433489,0.11904343,0.08771618,0.011972292,0.010500809,0.0185506,0.21813928,0.18619826
255,0.074083135,0.05055784,0.23723076,0.107714914,0.094880484,0.012654402,0.012693232,0.021350872,0.19340776,0.19542655
256,0.0792539,0.05353164,0.21610326,0.111925125,0.08897037,0.013263781,0.009023446,0.022173932,0.2079698,0.1977847
257,0.067952245,0.052905563,0.20801735,0.12846974,0.08716912,0.013229539,0.018575722,0.023853976,0.18537296,0.21445379
258,0.08679135,0.059029184,0.20339204,0.1109288,0.09594954,0.014094298,0.012359235,0.031221109,0.19641607,0.18981841
259,0.07353729,0.05773434,0.22123176,0.11913258,0.09568185,0.010609737,0.009984398,0.021938525,0.2025587,0.18759078
260,0.07575014,0.052591573,0.2194969,0.11911206,0.09862504,0.0134769445,0.0118374545,0.021376448,0.18859687,0.1991366
261,0.071878456,0.046096906,0.2472376,0.11016182,0.08824407,0.009640966,0.013500936,0.018629637,0.20145945,0.19315024
262,0.06616761,0.05081941,0.23795407,0.11816535,0.09670644,0.015025398,0.013918135,0.020062873,0.1950003,0.18618034
263,0.07860915,0.046322625,0.24245934,0.10721653,0.09021998,0.01041553,0.010501446,0.016137155,0.21564311,0.18247525
264,0.076613374,0.0552851,0.21729778,0.1185525,0.09729838,0.013981732,0.010150511,0.021126654,0.19225885,0.19743514
265,0.079085104,0.056267414,0.22124447,0.11541289,0.0886629,0.01493142,0.01116818,0.020738564,0.20021343,0.19227566
266,0.08072684,0.048060294,0.20987527,0.10884267,0.10379691,0.013657819,0.010267336,0.01588816,0.22113909,0.18774545
267,0.07241564,0.051062938,0.22730325,0.117399365,0.08809319,0.012787769,0.01583217,0.022169504,0.19124436,0.2016917
268,0.07583187,0.050373256,0.24501547,0.102785915,0.09318661,0.0147734145,0.013002062,0.017568571,0.18933237,0.19813047
269,0.069770865,0.051165003,0.23600851,0.102454856,0.0954628,0.013247225,0.012726451,0.025573768,0.19649667,0.19709368
270,0.07207427,0.05735386,0.2204281,0.11629778,0.09536235,0.0136314165,0.012447132,0.02219382,0.20617376,0.18403749
271,0.08773455,0.0534376,0.186053,0.11287132,0.09384132,0.014205404,0.012211061,0.0259942,0.22296578,0.1906856
272,0.07806795,0.055748623,0.21621332,0.1130273,0.09327083,0.009866065,0.012653088,0.022041982,0.20190911,0.19720173
273,0.07934666,0.05007975,0.24699467,0.1061548,0.0905843,0.010597817,0.013154974,0.019162392,0.19685403,0.18707043
274,0.076958165,0.05897975,0.19950631,0.107033275,0.092889234,0.011245114,0.011733007,0.024489235,0.21055461,0.20661114
275,0.08026316,0.047835764,0.24791168,0.110050455,0.08906737,0.012185705,0.008625362,0.01836467,0.20235711,0.18333867
276,0.079418525,0.046074197,0.23263553,0.11358513,0.09115541,0.013022985,0.012593123,0.018413944,0.20114262,0.19195855
277,0.08107743,0.055636372,0.20154928,0.10720883,0.08919122,0.012484967,0.015868945,0.024046289,0.20396997,0.20896666
278,0.07384672,0.05235541,0.23589489,0.113561146,0.08825703,0.010496825,0.0122681735,0.019178921,0.20240067,0.19174007
279,0.07508432,0.050845716,0.22192603,0.10641988,0.092726834,0.012491508,0.009525533,0.022659136,0.19846645,0.2098548
280,0.074614994,0.05288846,0.22172953,0.117531575,0.100121856,0.010424957,0.014257771,0.017313756,0.19695756,0.19415946
281,0.07903073,0.047268037,0.21903482,0.100275226,0.08841043,0.010703029,0.008029385,0.016944177,0.20654196,0.22376224
282,0.082008176,0.050362896,0.24253392,0.10312677,0.09114623,0.013721794,0.011678959,0.019881751,0.2051704,0.18036906
283,0.07398518,0.05091969,0.22317821,0.12220942,0.101258166,0.012267398,0.012092007,0.019694507,0.19815794,0.18623744
284,0.08993533,0.056502346,0.18512972,0.120584,0.089112006,0.012426084,0.012974091,0.024738869,0.22594012,0.18265732
285,0.07854501,0.05947671,0.20922673,0.11597485,0.09163186,0.014316397,0.011657275,0.023512322,0.1992445,0.19641435
286,0.07318573,0.05461045,0.22755022,0.11811854,0.09179724,0.012136046,0.01576926,0.027292738,0.18669519,0.19284448
287,0.076963075,0.054438185,0.22149707,0.106632814,0.0889041,0.013866521,0.012785685,0.019490724,0.21185829,0.19356349
288,0.08282505,0.05178036,0.21447214,0.11028043,0.09126144,0.013212818,0.014152623,0.02234988,0.18858583,0.21107955
289,0.07103703,0.056104973,0.25256363,0.10968379,0.08574737,0.012428451,0.013452948,0.01849881,0.1892297,0.19125333
290,0.0827253,0.056814507,0.20403974,0.109284766,0.10493546,0.0130683705,0.012729932,0.020788098,0.19975738,0.19585651
291,0.06970847,0.0538656,0.21345574,0.11790928,0.082998745,0.013767893,0.010004525,0.01866486,0.19786875,0.22175613
292,0.075553425,0.051248036,0.22234719,0.12028599,0.09193225,0.012803439,0.0099321,0.018927446,0.20015305,0.196817
293,0.08350842,0.053345334,0.2124463,0.1099838,0.09389087,0.012544382,0.016073588,0.017667662,0.21487422,0.1856654
294,0.07738108,0.057613816,0.17575619,0.11659685,0.096134745,0.0110597955,0.009209198,0.02418148,0.2084286,0.22363836
295,0.08601503,0.051327422,0.19585069,0.11672229,0.0978879,0.013931437,0.009638141,0.017830595,0.22316997,0.18762656
296,0.084745154,0.050270963,0.21104234,0.11166802,0.098012894,0.012221454,0.009455295,0.023265712,0.19878773,0.20053048
297,0.07167972,0.04902791,0.23391682,0.10226482,0.09755015,0.011946508,0.008742285,0.01850642,0.20719399,0.1991715
298,0.07472915,0.05212953,0.23010126,0.10132406,0.091206424,0.012971321,0.009676853,0.01955427,0.19743772,0.21086931
299,0.07287263,0.0494803,0.24221423,0.116420254,0.10010522,0.01083779,0.011581739,0.021474209,0.19724023,0.17777354
300,0.07019943,0.05004853,0.2613432,0.105949186,0.093794934,0.012443372,0.012612737,0.01814255,0.18686765,0.18859832
301,0.07802803,0.055269156,0.21854408,0.11919404,0.09618766,0.014256637,0.009136844,0.017168516,0.20543404,0.18678094
302,0.07226696,0.049576994,0.19663593,0.12951781,0.101225175,0.014056442,0.016351644,0.027414033,0.19938877,0.19356635
303,0.07834221,0.055148058,0.2163686,0.1129906,0.08905274,0.011026695,0.015382945,0.017532729,0.20750634,0.19664915
304,0.076428324,0.050799884,0.21994472,0.10610096,0.09178252,0.011794558,0.008360062,0.022668868,0.209189,0.20293099
305,0.07524773,0.056145303,0.20350532,0.11710951,0.09203559,0.013235496,0.011647538,0.02194587,0.1989686,0.21015897
306,0.07688312,0.056197587,0.20171429,0.12338709,0.091067925,0.015946684,0.015859805,0.024228206,0.2001477,0.19456762
307,0.08009439,0.054263175,0.24250272,0.099775344,0.095223345,0.009574756,0.009208038,0.016409943,0.2052665,0.18768165
308,0.08009705,0.047659643,0.23277713,0.10841569,0.08784616,0.0120176,0.008846482,0.019397957,0.19784386,0.20509827
309,0.08988138,0.048321072,0.22757429,0.11309324,0.08450075,0.013173742,0.015181898,0.024085712,0.19870873,0.18547909
310,0.080729105,0.04699719,0.22464368,0.11187668,0.0957471,0.011817804,0.009173618,0.01867844,0.2016738,0.19866256
311,0.08142498,0.057028588,0.20614576,0.11291464,0.09622988,0.011091857,0.011547038,0.022830948,0.20950143,0.19128485
312,0.08096305,0.052412346,0.21470757,0.107356526,0.090649776,0.0110652195,0.011069372,0.024348922,0.21239255,0.19503452
313,0.07409171,0.050807204,0.2274799,0.10609898,0.086796746,0.010558286,0.013986124,0.024153423,0.19479853,0.21122898
314,0.08292013,0.05696382,0.20260791,0.112114705,0.0950019,0.012631415,0.014804377,0.018931387,0.21329932,0.19072512
315,0.0763301,0.05920775,0.22284204,0.11741672,0.09726065,0.013662016,0.013580628,0.02036324,0.19303572,0.18630111
316,0.074737236,0.04950992,0.21505098,0.1248537,0.0924417,0.0139275845,0.013022579,0.017171761,0.19149715,0.20778742
317,0.081258655,0.05228324,0.21972129,0.11948309,0.096637875,0.0135514885,0.012306365,0.020054277,0.19971845,0.18498527
318,0.07943551,0.044425506,0.21406585,0.11785866,0.09134882,0.012309914,0.012246619,0.021986742,0.2072138,0.19910863
319,0.06891067,0.056478273,0.21498652,0.11864994,0.09788351,0.0111475205,0.012731047,0.030469868,0.18365756,0.2050853
320,0.07475024,0.04353821,0.22785278,0.10311457,0.08506811,0.009857315,0.012642682,0.019771922,0.20418717,0.21921694
321,0.07577131,0.047439974,0.2341516,0.118135,0.0823036,0.012758489,0.0135546215,0.017357355,0.19663921,0.20188889
322,0.07641681,0.052505717,0.2451883,0.1123429,0.090077676,0.0103518935,0.01279318,0.020456903,0.20760636,0.17226037
323,0.080520034,0.048879575,0.22435144,0.10924527,0.089348145,0.01206234,0.014495951,0.015872778,0.18872948,0.21649513
324,0.07706523,0.05320089,0.20640631,0.11487905,0.09465425,0.011415439,0.010055854,0.017168375,0.21617697,0.19897781
325,0.076447345,0.060490873,0.19961268,0.11934874,0.09607432,0.01583801,0.01677165,0.02356498,0.20186026,0.18999127
326,0.072246976,0.051609173,0.22667731,0.10625823,0.08936599,0.012570834,0.011395098,0.017062763,0.21454754,0.19826604
327,0.07695452,0.05330073,0.22705263,0.11198292,0.08396073,0.0108935805,0.011673555,0.020487346,0.20965993,0.19403423
328,0.072400555,0.05209259,0.20424801,0.12619504,0.09450626,0.0121503025,0.013175159,0.020310467,0.20936856,0.19555305
329,0.076264285,0.053803284,0.26122782,0.10962602,0.08746588,0.011368089,0.012337,0.020804876,0.18177623,0.18532652
330,0.08499043,0.05082202,0.21686433,0.101792894,0.09293023,0.01218055,0.014152378,0.016680293,0.21778664,0.1918003
331,0.08217641,0.05354639,0.2164455,0.108975306,0.08877355,0.011231315,0.008448654,0.019470971,0.20956697,0.20136485
332,0.06774887,0.056762073,0.22365971,0.10646724,0.08718673,0.012271282,0.016260596,0.022166224,0.20959005,0.1978872
333,0.06960353,0.046700202,0.23439075,0.10083041,0.09898674,0.012053435,0.014248447,0.023203537,0.19699484,0.20298807
334,0.09399813,0.047874935,0.19201367,0.102598816,0.09007748,0.010823905,0.010901356,0.02213796,0.2322305,0.1973433
335,0.066702336,0.06318536,0.22174664,0.12340644,0.09662445,0.013570391,0.012629124,0.018999726,0.19037597,0.19275957
336,0.06794246,0.058474246,0.24083981,0.114706695,0.09816882,0.012084812,0.010310733,0.022806851,0.19044183,0.18422376
337,0.06968772,0.050607413,0.23045196,0.11295031,0.088303335,0.010435584,0.012645557,0.018313792,0.18581845,0.22078568
338,0.08242023,0.054682635,0.21740134,0.11163694,0.096127406,0.012921942,0.013639186,0.022223871,0.19625501,0.19269134
339,0.07942251,0.050632473,0.22838458,0.107879765,0.08986481,0.011230934,0.015849443,0.017362753,0.20894709,0.19042563
340,0.065363824,0.051067945,0.24109486,0.11897159,0.08800145,0.012500511,0.014337459,0.021707695,0.19067986,0.19627479
341,0.08016016,0.054339383,0.20444869,0.12129262,0.09399102,0.010609345,0.009882933,0.02533148,0.1975302,0.20241436
342,0.06920407,0.056321144,0.19772409,0.11524306,0.104166806,0.014156442,0.012836423,0.02519612,0.19029526,0.21485665
343,0.07029757,0.05066544,0.24111998,0.11323421,0.09148452,0.01191605,0.012158535,0.02103492,0.19711718,0.19097164
344,0.074828774,0.045945447,0.22621587,0.110293634,0.08750208,0.013420413,0.012377534,0.023156397,0.2103781,0.19588156
345,0.080786794,0.05332693,0.22570924,0.11014163,0.09661424,0.012418944,0.011806972,0.022649854,0.20126253,0.18528283
346,0.07896751,0.055759322,0.22279096,0.11652561,0.08930009,0.014370041,0.0125374105,0.020859264,0.20380966,0.18507999
347,0.08484094,0.053756434,0.2181955,0.11616802,0.09422975,0.013376558,0.009478426,0.025432235,0.20615608,0.178366
348,0.071426265,0.052875124,0.21213089,0.12292443,0.08720633,0.014846583,0.016141312,0.020173227,0.1996109,0.2026653
349,0.08483995,0.05549065,0.21581651,0.10946546,0.091285884,0.013604433,0.010863413,0.018352019,0.19798896,0.20229284
350,0.08864377,0.050444935,0.1990593,0.10944753,0.10106205,0.010424613,0.012222377,0.0155420005,0.22771773,0.1854357
351,0.06826814,0.061035406,0.22450401,0.12243842,0.08803033,0.011195019,0.013310054,0.024745744,0.18920262,0.19727036
352,0.07036794,0.05183191,0.22236654,0.11902088,0.08908551,0.013775496,0.011742902,0.022106918,0.20168732,0.1980147
353,0.08199807,0.047881134,0.20882727,0.117910504,0.09875015,0.0122189475,0.010666062,0.019813392,0.20156887,0.20036575
354,0.07245214,0.05730153,0.21321444,0.11560054,0.086753465,0.012595846,0.009997789,0.018388042,0.20885417,0.20484208
355,0.0660847,0.05294948,0.22720224,0.12655476,0.08901921,0.01267559,0.013346425,0.019134939,0.19094892,0.20208378
356,0.072024554,0.050345775,0.25227043,0.10608616,0.08912678,0.012140104,0.010749819,0.019821944,0.196786,0.19064851
357,0.08809691,0.05758242,0.2114312,0.11028114,0.09090642,0.010845506,0.007636509,0.021177772,0.22232638,0.17971562
358,0.08682867,0.053503968,0.21247154,0.10530187,0.096250124,0.011302511,0.014825361,0.020852527,0.20632033,0.19234326
359,0.074851915,0.058061827,0.2303032,0.10940211,0.089557886,0.01327709,0.014293353,0.024813376,0.20719464,0.17824455
360,0.076229505,0.05354641,0.21885341,0.11687581,0.089002624,0.012663971,0.007379408,0.027395833,0.20273001,0.1953229
361,0.08243006,0.046866085,0.22255655,0.10612676,0.0895169,0.011377314,0.028559139,0.018225044,0.19574852,0.19859356
362,0.067898035,0.053717863,0.24435328,0.11326624,0.09105873,0.015045376,0.014281264,0.019118749,0.20426373,0.17699672
363,0.0727892,0.047205865,0.2464313,0.100888625,0.080316,0.013772504,0.021661634,0.020335829,0.18471843,0.2118807
364,0.07262814,0.04939083,0.22060826,0.1231718,0.0932417,0.00996975,0.011220988,0.018580683,0.19543117,0.20575671
365,0.08596272,0.049563285,0.19134133,0.11480201,0.087847315,0.013730394,0.019113233,0.015438847,0.22625168,0.19594924
366,0.07486323,0.06199068,0.20573092,0.121927045,0.0940785,0.012789305,0.016834522,0.026847713,0.19669901,0.18823893
367,0.074806616,0.053129256,0.2486779,0.11323778,0.0850909,0.01323755,0.010833809,0.019496722,0.19901422,0.18247527
368,0.078205965,0.053828556,0.21757466,0.11185009,0.08951737,0.012335983,0.011312473,0.022471998,0.21695083,0.18595204
369,0.07137784,0.051235087,0.23228452,0.11516417,0.09442157,0.011191226,0.01065553,0.015732301,0.19828275,0.19965497
370,0.07297659,0.05647009,0.232113,0.10838953,0.08285889,0.012937678,0.01772729,0.021771027,0.19851306,0.19624273
371,0.071552806,0.05499546,0.18757798,0.11704137,0.09904772,0.015293137,0.0123391105,0.021688273,0.21262324,0.20784083
372,0.07456235,0.055562202,0.21787126,0.11364221,0.09676948,0.010375383,0.013716429,0.018735701,0.20341499,0.19534981
373,0.0748914,0.052408453,0.21919003,0.11307071,0.082877785,0.009570262,0.010733862,0.019407919,0.21650638,0.20134309
374,0.07369518,0.050429698,0.21851553,0.12504385,0.10022913,0.014951657,0.009159687,0.018348496,0.19955242,0.19007434
375,0.068796426,0.048827082,0.23060925,0.122741,0.09439862,0.011111094,0.0129201105,0.018215446,0.20413126,0.18824956
376,0.08209397,0.05284194,0.22126637,0.11149482,0.087280646,0.011171901,0.013627376,0.03561458,0.21027112,0.17433724
377,0.07224016,0.05099984,0.21060795,0.11669077,0.09660385,0.013113858,0.014161465,0.020437699,0.21545266,0.1896918
378,0.082382604,0.0533619,0.20526443,0.112880245,0.09497898,0.012099865,0.013096336,0.021546775,0.2184268,0.18596238
379,0.06827673,0.0486229,0.24537069,0.11157657,0.085944705,0.011628978,0.012613493,0.023085095,0.19372018,0.19916055
380,0.06638032,0.047980905,0.23807172,0.11880667,0.095625564,0.015328804,0.014066102,0.023107959,0.18754913,0.19308278
381,0.091222346,0.05190032,0.22384052,0.11485347,0.09314879,0.014825986,0.012135099,0.022294533,0.18843293,0.18734604
382,0.07687774,0.050589282,0.23584427,0.11145249,0.08902506,0.011463989,0.012242432,0.018728144,0.19548112,0.19829556
383,0.074176624,0.04643427,0.21831849,0.11038343,0.09205677,0.012258801,0.012464258,0.021591585,0.22487721,0.18743865
384,0.06966383,0.055958103,0.22962254,0.1214467,0.08655363,0.013620719,0.013172226,0.02386357,0.18042925,0.20566957
385,0.08703827,0.056453053,0.23082528,0.1123419,0.09329895,0.014501606,0.010719697,0.023539267,0.19773988,0.1735421
386,0.08728066,0.05109116,0.19315384,0.10996628,0.09397834,0.012505348,0.010599039,0.021593004,0.21482588,0.20500638
387,0.08020636,0.050210323,0.21348001,0.11226365,0.095658466,0.011147149,0.010056774,0.020956334,0.22250213,0.18351865
388,0.07973431,0.059040762,0.21238005,0.12299976,0.09189959,0.009461802,0.015476707,0.023509825,0.19158435,0.19391292
389,0.072316386,0.04872326,0.23767592,0.11452393,0.08751292,0.00980612,0.009581087,0.01991367,0.19928683,0.20065998
390,0.07070748,0.04812047,0.21949309,0.11307318,0.084533215,0.010235347,0.0129196625,0.021928342,0.20358156,0.21540773
391,0.08400802,0.04854361,0.21869856,0.120690584,0.09629305,0.012286457,0.017500114,0.0192701,0.18822958,0.19447994
392,0.071244426,0.051159266,0.22492106,0.10108641,0.08697316,0.008165981,0.010269667,0.020184826,0.21119668,0.21479836
393,0.079412214,0.06120906,0.22118998,0.104474224,0.09082695,0.012128392,0.009889042,0.01898783,0.20823686,0.1936454
394,0.06987269,0.052490436,0.22890176,0.10866934,0.101706855,0.0134206815,0.010608838,0.018320581,0.19375756,0.20225142
395,0.07350911,0.05059685,0.2311189,0.10802217,0.095036805,0.01247715,0.013732272,0.01697451,0.20497096,0.19356143
396,0.07276851,0.058409248,0.20507032,0.11531066,0.091380075,0.012189162,0.013631653,0.021098766,0.19520356,0.21493809
397,0.08477393,0.05583408,0.21291561,0.12121105,0.08289515,0.011085271,0.015782624,0.020034293,0.20549965,0.18996844
398,0.074077226,0.051781185,0.1938811,0.13454582,0.10225365,0.010703187,0.010849624,0.017594868,0.20160708,0.20270623
399,0.08059593,0.050650097,0.20694333,0.11043035,0.0938159,0.011673877,0.012102366,0.018557144,0.20649196,0.20873903
400,0.083123915,0.05628032,0.19468987,0.117624454,0.095994465,0.012807084,0.014110983,0.02509392,0.21030731,0.18996772
401,0.07004416,0.05219458,0.21035232,0.13443476,0.09318453,0.015172175,0.01123987,0.02165054,0.19649667,0.19523028
402,0.086946465,0.05290889,0.22330205,0.10844089,0.09059827,0.014808226,0.012357156,0.021150663,0.20943691,0.18005042
403,0.089870214,0.0578683,0.21322994,0.10220759,0.092758626,0.012788619,0.014466832,0.021468066,0.20832188,0.18701988
404,0.07779087,0.05525482,0.25158104,0.11279877,0.08887899,0.0101360185,0.012646754,0.02774405,0.1743454,0.1888234
405,0.07652282,0.052872185,0.22283372,0.1200957,0.07943566,0.012601699,0.013567804,0.023440594,0.2021758,0.19645385
406,0.08786209,0.053004917,0.21915682,0.11154174,0.09587009,0.013361176,0.012301043,0.020721838,0.19089167,0.19528861
407,0.06945583,0.057774927,0.20846769,0.12540059,0.10070605,0.012734642,0.013390691,0.017230447,0.19056574,0.20427334
408,0.07769293,0.05517462,0.18498313,0.13223737,0.09587071,0.014308031,0.011016895,0.019539205,0.21022607,0.19895105
409,0.086137205,0.046525657,0.23402663,0.117013164,0.081104435,0.01163514,0.013381044,0.018598055,0.19569832,0.19588037
410,0.07403981,0.05297991,0.20604613,0.11650563,0.10501752,0.015812414,0.009091167,0.015700234,0.20138934,0.20341775
411,0.08312629,0.061309744,0.19126402,0.11793378,0.0983643,0.012715182,0.01197049,0.023041641,0.20854384,0.19173065
412,0.07837362,0.048269965,0.2039646,0.119096555,0.09698913,0.010487317,0.0099235745,0.017345928,0.1994473,0.21610194
413,0.07672786,0.052609786,0.22298694,0.1137541,0.09349482,0.01154437,0.01265746,0.020336054,0.22005533,0.17583328
414,0.07511147,0.053173173,0.22283463,0.12310376,0.0907225,0.010418405,0.01097532,0.018613627,0.19940439,0.1956428
415,0.07300915,0.045149487,0.22855276,0.10442801,0.097193375,0.013603776,0.011342961,0.021324165,0.2056348,0.19976158
416,0.068632215,0.053646903,0.22164662,0.11022644,0.096592665,0.011238435,0.014148976,0.023891563,0.20562974,0.19434665
417,0.068059355,0.046987712,0.22874326,0.11197284,0.09575578,0.013532409,0.014120449,0.020059299,0.20684074,0.1939281
418,0.081088476,0.050169844,0.23379879,0.10577649,0.087520026,0.010914279,0.012445107,0.017513068,0.19767033,0.20310353
419,0.08051951,0.058394063,0.20879048,0.12411951,0.088406205,0.013482984,0.012422907,0.02005918,0.19546832,0.19833674
420,0.0739906,0.044209708,0.23799887,0.1130988,0.08582842,0.012963392,0.0069117104,0.022542085,0.20182094,0.2006355
421,0.08427197,0.052531455,0.22707996,0.10655348,0.092532374,0.0125028575,0.010867038,0.02019432,0.2096137,0.18385275
422,0.08274761,0.05198218,0.22202003,0.11313526,0.08782851,0.014754408,0.010831536,0.026490595,0.1937493,0.19646047
423,0.069810174,0.053056307,0.22427161,0.10967348,0.08841083,0.015627956,0.012857028,0.019207833,0.18933156,0.21775326
424,0.08296285,0.050229184,0.19350469,0.11485353,0.098212704,0.010843137,0.011229659,0.021739636,0.21451828,0.20190632
425,0.07107959,0.046670854,0.2196768,0.1187833,0.088166386,0.011625214,0.011800351,0.015830169,0.19703007,0.21933714
426,0.07892007,0.051945142,0.23256946,0.11740437,0.09672009,0.010339858,0.011307563,0.017585402,0.19377965,0.18942837
427,0.072884634,0.048659798,0.23281826,0.11938125,0.09237199,0.014004049,0.012102864,0.015812574,0.2034823,0.18848225
428,0.09079137,0.06292226,0.17923413,0.13051412,0.09773883,0.0132941855,0.012359127,0.017863942,0.21636146,0.17892055
429,0.07353025,0.050820436,0.2314381,0.11475601,0.09148498,0.012818612,0.0136251645,0.021896526,0.1837501,0.2058798
430,0.07338622,0.05701077,0.20627059,0.12708335,0.09167013,0.011870152,0.011214476,0.022349827,0.20699719,0.19214737
431,0.072019726,0.058592323,0.22907515,0.121890604,0.08284695,0.010165294,0.009853639,0.020974243,0.19675638,0.19782564
432,0.08272171,0.055286005,0.18336248,0.12542371,0.092112854,0.010172798,0.010903616,0.020312725,0.21672028,0.20298384
433,0.08179505,0.05391768,0.21876992,0.10333731,0.093467146,0.012844455,0.010753699,0.016846588,0.21516299,0.19310494
434,0.07418112,0.051892806,0.24523863,0.1251557,0.08886454,0.011421077,0.013526536,0.021439759,0.1853879,0.18289198
435,0.08768324,0.05139824,0.20094356,0.109778546,0.094843045,0.011762926,0.0109821865,0.020025948,0.2357496,0.17683256
436,0.07294263,0.05445297,0.22114703,0.118912354,0.087685,0.013730749,0.013279223,0.018662978,0.19642258,0.20276457
437,0.07490368,0.05482934,0.18735594,0.114288695,0.089097485,0.013205972,0.013433579,0.022093607,0.21646622,0.21432541
438,0.077290446,0.048683837,0.20566835,0.12098606,0.09434615,0.013930605,0.0111721475,0.020909082,0.20487498,0.2021385
439,0.07710595,0.05942485,0.19632903,0.120906435,0.09892094,0.0127554815,0.016105969,0.023116801,0.20660256,0.1887318
440,0.07354582,0.05251829,0.21109344,0.12037765,0.088334195,0.012222303,0.011756545,0.020421803,0.2197503,0.18997973
441,0.07968454,0.046462305,0.18179393,0.11975848,0.10401527,0.011188899,0.007500192,0.01592405,0.22331518,0.21035726
442,0.069601044,0.05376366,0.2570335,0.108880855,0.09047845,0.012601249,0.0139374295,0.017668305,0.19822189,0.17781363
443,0.07202389,0.053433876,0.244229,0.11197378,0.09477972,0.011971066,0.012332957,0.020974835,0.18988013,0.18840073
444,0.06979776,0.059812468,0.23196253,0.10455953,0.086656265,0.010107888,0.013874794,0.02098254,0.19229826,0.20994791
445,0.08194459,0.055576228,0.21284859,0.11958583,0.094828315,0.01078302,0.010898313,0.024797324,0.198176,0.19056165
446,0.08228575,0.056970805,0.18824738,0.11859046,0.08968331,0.012641621,0.013717666,0.019435843,0.21133767,0.20708945
447,0.07756031,0.05081083,0.23151772,0.100289315,0.08511135,0.015089848,0.015345729,0.02263175,0.21578546,0.18585756
448,0.08042087,0.04976701,0.2013886,0.11835179,0.09368973,0.01278156,0.011628918,0.019490508,0.21812531,0.19435556
449,0.08185114,0.0552904,0.19878547,0.11583865,0.09208922,0.012228138,0.010917491,0.020193502,0.20532349,0.2074823
450,0.08359177,0.058519028,0.20590511,0.10500632,0.09091586,0.012495998,0.012922361,0.023599872,0.20585634,0.20118743
451,0.07854569,0.051711038,0.19964771,0.12330978,0.09853383,0.014961467,0.01605523,0.02410117,0.21016973,0.18296427
452,0.07384408,0.049820885,0.21769422,0.10826811,0.09910939,0.01233278,0.013086027,0.017219229,0.19661903,0.21200617
453,0.078390926,0.049522188,0.19805427,0.11069865,0.09660667,0.012022987,0.012270358,0.016385233,0.23697367,0.1890751
454,0.07456676,0.052372377,0.19710977,0.11161663,0.098169975,0.014856115,0.018864142,0.023357565,0.20003852,0.20904799
455,0.07263534,0.048804663,0.23595235,0.11713544,0.09568266,0.014170628,0.011784422,0.018787993,0.19092669,0.19411996
456,0.079244815,0.060102403,0.21829602,0.11854573,0.08209333,0.0120996125,0.010358538,0.02379022,0.20669901,0.18877017
457,0.073225446,0.043290198,0.23429216,0.10564808,0.086658284,0.01199493,0.009207792,0.018950706,0.22391096,0.19282134
458,0.07472597,0.05080926,0.23133299,0.112826616,0.095507,0.013475829,0.01387995,0.016571924,0.20426789,0.18660274
459,0.0743837,0.047792584,0.24421313,0.10667872,0.11083692,0.011469359,0.013754815,0.016692678,0.17668566,0.1974924
460,0.0713549,0.058616474,0.21837093,0.10588424,0.09352429,0.013116985,0.01242151,0.022344783,0.20345084,0.20091486
461,0.06716661,0.04734509,0.20739032,0.1139129,0.09893021,0.014197034,0.01367752,0.022490252,0.20579715,0.20909283
462,0.07551913,0.052485805,0.20987196,0.11927499,0.09430594,0.012058591,0.008860452,0.016112251,0.21979235,0.19171847
463,0.089512885,0.060467724,0.19730785,0.11378298,0.08899453,0.010969878,0.00995222,0.025914282,0.21704695,0.18605076
464,0.07962549,0.054486785,0.19402005,0.11829622,0.08887347,0.0136376675,0.0104228575,0.020124203,0.22124614,0.19926709
465,0.07600294,0.046132553,0.2306638,0.105216496,0.09944204,0.009310563,0.013705726,0.020992856,0.20830706,0.19022599
466,0.08606943,0.051934008,0.21446298,0.11451828,0.101442516,0.011679523,0.013374783,0.021411376,0.20098169,0.18412535
467,0.07921532,0.05454714,0.18568589,0.12860605,0.09319028,0.012855478,0.010980316,0.026808865,0.21134521,0.1967656
468,0.0771428,0.05278755,0.21012338,0.111503735,0.088598184,0.013946252,0.0156142255,0.017284658,0.21009898,0.20290038
469,0.07668696,0.046756875,0.21870321,0.11816303,0.08678572,0.0154295545,0.010917856,0.021706017,0.19760615,0.20724478
470,0.08084291,0.05273937,0.2195357,0.11401126,0.0889075,0.012476459,0.011996688,0.016799223,0.20850907,0.19418183
471,0.07222608,0.054973636,0.21423918,0.114981085,0.09014218,0.011293691,0.011252249,0.01705974,0.21105845,0.20277368
472,0.06991821,0.04936397,0.23247904,0.11210229,0.09520045,0.010543039,0.010265158,0.021231437,0.20094994,0.19794647
473,0.07516429,0.05065531,0.22623578,0.11073649,0.08865824,0.013328597,0.012664156,0.020001767,0.20856205,0.19399333
474,0.07473632,0.047121387,0.23085128,0.10918533,0.089786485,0.013511897,0.009599563,0.01956091,0.2097784,0.19586834
475,0.06948088,0.054430425,0.23237905,0.111095496,0.09606931,0.013435965,0.00739858,0.019349365,0.19671544,0.19964549
476,0.0801142,0.051316116,0.23243071,0.10683922,0.087571494,0.010943788,0.015538474,0.021023927,0.2014246,0.19279736
477,0.08559525,0.05502309,0.17978328,0.11049925,0.09483525,0.013299535,0.011360525,0.019518798,0.21906778,0.2110171
478,0.06323559,0.04902738,0.223528,0.11491364,0.10013762,0.011843208,0.014078459,0.021413915,0.17676029,0.22506185
479,0.07288689,0.052404143,0.216388,0.12052814,0.09183478,0.014056037,0.009599121,0.02339939,0.20822865,0.19067481
480,0.06290031,0.0500918,0.24712408,0.105249695,0.08956943,0.013870107,0.019949745,0.018153705,0.18251085,0.21058023
481,0.08060878,0.04749937,0.2338566,0.10058777,0.081645854,0.013182254,0.010603652,0.019226303,0.20450352,0.20828585
482,0.088486224,0.04945054,0.19262463,0.1157687,0.090214744,0.011280649,0.010365163,0.025058912,0.2096649,0.20708543
483,0.079098284,0.052487563,0.20262516,0.115197994,0.09508209,0.012726432,0.011225721,0.021056065,0.1984934,0.21200725
484,0.07047133,0.048710007,0.22813825,0.12577821,0.09575946,0.012249237,0.010801798,0.018064493,0.1805917,0.20943555
485,0.07318386,0.055205118,0.24072173,0.11540704,0.08303743,0.011792551,0.011991312,0.022065641,0.19471054,0.19188474
486,0.079866454,0.05398258,0.21491806,0.114354216,0.09372762,0.011399484,0.01739864,0.019629883,0.20416144,0.19056149
487,0.0885576,0.049823508,0.20381278,0.11621303,0.093296275,0.015335616,0.0106829405,0.022645252,0.19978493,0.19984813
488,0.07941919,0.04692845,0.21451621,0.11371542,0.09638438,0.014137175,0.010370701,0.016259745,0.21310504,0.1951639
489,0.07874609,0.050791226,0.21456756,0.10526391,0.09173676,0.014224245,0.011946868,0.019851642,0.20976992,0.20310189
490,0.06994282,0.053436954,0.23536542,0.10257745,0.095599465,0.011403183,0.008456562,0.018064527,0.1973633,0.20779036
491,0.07263785,0.04635336,0.19628376,0.12260614,0.09711969,0.01206681,0.008496087,0.020371368,0.19682756,0.22723739
492,0.075259835,0.047701377,0.21626732,0.11244831,0.09705944,0.013098484,0.012713775,0.021645833,0.20290451,0.2009011
493,0.08624419,0.046651825,0.2091744,0.12712203,0.088207714,0.009482195,0.009843468,0.01709225,0.214026,0.19215582
494,0.07998684,0.054280005,0.2022594,0.112376146,0.090836465,0.015582963,0.013053242,0.020341054,0.21646337,0.19482048
495,0.07636317,0.05072366,0.19663851,0.12417813,0.1003768,0.011931518,0.009158961,0.019623898,0.21187304,0.19913222
496,0.084771104,0.050942447,0.21147701,0.12048888,0.089762546,0.011998226,0.010765108,0.018970031,0.19837193,0.20245267
497,0.071590535,0.058798056,0.24607119,0.10962864,0.08625831,0.013658088,0.015335531,0.020345466,0.1964546,0.1818596
498,0.080535926,0.05132373,0.22203091,0.11843952,0.088769585,0.012671706,0.010200002,0.020858286,0.19897227,0.19619797
499,0.07753123,0.04825743,0.23190522,0.10986378,0.08973173,0.012620687,0.008457104,0.019623265,0.21174793,0.19026175
500,0.071583115,0.054998387,0.21339339,0.10784682,0.09586511,0.015414177,0.016348327,0.020640522,0.19590555,0.20800467
501,0.08115129,0.060526352,0.1919017,0.12507236,0.099084914,0.011655446,0.008465395,0.021489976,0.19896044,0.20169218
502,0.08460617,0.06332299,0.19102539,0.10919661,0.10476095,0.013696435,0.012645965,0.022950342,0.21391015,0.18388502
503,0.07194761,0.044688758,0.25286514,0.10037594,0.10019533,0.011748152,0.012879181,0.017729806,0.1997965,0.1877734
504,0.07398496,0.043619692,0.2530895,0.11150984,0.09858966,0.012072948,0.014532771,0.015421479,0.1961877,0.18099141
505,0.071788765,0.047744844,0.23128119,0.10563685,0.087679,0.013986059,0.01540089,0.0369983,0.19929917,0.19018483
506,0.08445679,0.059125833,0.22721986,0.108538345,0.09438926,0.011037536,0.01140657,0.018288612,0.18935567,0.19618149
507,0.075414926,0.05358053,0.21167019,0.118104696,0.09597125,0.011025794,0.012911845,0.02147942,0.18770514,0.2121361
508,0.092538714,0.056965277,0.16622826,0.112044245,0.090933755,0.010324005,0.009945442,0.02173635,0.24359715,0.19568682
509,0.074931554,0.051943842,0.23035663,0.103098504,0.08708816,0.010278763,0.014258838,0.019886767,0.19990472,0.20825224
510,0.08457815,0.051592514,0.20601156,0.114470966,0.09531422,0.0143087655,0.008111099,0.023406379,0.20749652,0.19470996
511,0.08676778,0.05086245,0.20784608,0.11385909,0.097844,0.010958023,0.012017947,0.021110268,0.20083906,0.19789526
512,0.075822204,0.04916377,0.21938805,0.11203237,0.09672746,0.014079578,0.0077781663,0.02022258,0.21695265,0.18783328
513,0.08082103,0.048426945,0.22420083,0.10251348,0.08288877,0.012095492,0.0147626065,0.017021358,0.21390228,0.20336697
514,0.080098525,0.047906194,0.19620292,0.11967037,0.09114025,0.0148532195,0.009653394,0.019240668,0.20372468,0.21750972
515,0.08178788,0.04950684,0.1833653,0.12068815,0.098303914,0.011941163,0.012334716,0.023117198,0.2137037,0.20525095
516,0.080939926,0.054211333,0.18327066,0.11034508,0.10957366,0.013615609,0.011189874,0.018886045,0.2214898,0.196478
517,0.078611985,0.052018993,0.21695791,0.11885854,0.102074906,0.014118862,0.008959384,0.018506847,0.20114233,0.18875037
518,0.07274125,0.051969945,0.23548509,0.111285046,0.08507512,0.011535709,0.012868575,0.019539552,0.19967239,0.19982731
519,0.081260875,0.055545107,0.18981703,0.11315146,0.09989424,0.012621399,0.0125303855,0.025710702,0.20641558,0.20305327
520,0.083480455,0.05821508,0.21248654,0.10940788,0.08436303,0.013964397,0.011979366,0.023062322,0.19838053,0.20466036
521,0.0790277,0.055904277,0.23857008,0.11145796,0.08686128,0.01080012,0.008458831,0.019371858,0.20672292,0.18282518
522,0.07737783,0.048967063,0.24916424,0.10445906,0.08964425,0.01103543,0.015475592,0.015222694,0.19008201,0.19857182
523,0.07535034,0.045946952,0.21496268,0.11575967,0.09422041,0.01306725,0.011798058,0.017439647,0.20851207,0.20294285
524,0.08229197,0.051467776,0.221113,0.10631579,0.09034123,0.013913048,0.016624505,0.016276525,0.19362499,0.20803119
525,0.07434935,0.05749905,0.19995388,0.116848335,0.08925728,0.014263469,0.012293532,0.025969239,0.18944833,0.2201174
526,0.08009979,0.056521475,0.21718428,0.11659112,0.09178073,0.01236048,0.012279017,0.023831857,0.19707532,0.19227599
527,0.077644326,0.04630925,0.19344997,0.115244985,0.08695541,0.014603214,0.010447024,0.019353354,0.21701488,0.21897744
528,0.07532192,0.0470384,0.24952303,0.10919419,0.08950371,0.012770105,0.009418449,0.022706596,0.19864592,0.18587773
529,0.06910984,0.051973514,0.21915583,0.11698616,0.09348383,0.013458421,0.011147742,0.020404667,0.20446065,0.19981946
530,0.076918915,0.05151515,0.20681813,0.117446646,0.09308826,0.01306996,0.011489484,0.01981286,0.19939902,0.21044132
531,0.08657258,0.050932877,0.20557867,0.12126084,0.08733956,0.011798913,0.01409587,0.021925194,0.22057939,0.17991608
532,0.07494311,0.04981829,0.21913697,0.11427283,0.09093219,0.014147609,0.011988724,0.023969335,0.2093444,0.1914467
533,0.08206941,0.049746554,0.23568684,0.11228992,0.097227976,0.013875811,0.013338538,0.016452633,0.20296083,0.17635132
534,0.07329195,0.061033808,0.21433075,0.11275248,0.09636161,0.015115526,0.01177038,0.021743966,0.2197656,0.17383406
535,0.0747259,0.051510613,0.23325506,0.114985935,0.09786006,0.012037761,0.010488074,0.019954853,0.19180648,0.1933752
536,0.07796152,0.052959543,0.2235817,0.11736845,0.09297026,0.014296396,0.014744784,0.018776884,0.18952021,0.19782022
537,0.07633385,0.056132402,0.20949295,0.11976893,0.08960015,0.012945222,0.016644469,0.024202166,0.205346,0.18953378
538,0.07505294,0.052239474,0.21686785,0.11256636,0.090079285,0.009586461,0.011187507,0.020174539,0.19381368,0.21843207
539,0.08312513,0.05251547,0.2207946,0.110538416,0.09195528,0.013276886,0.007743047,0.017558973,0.20068792,0.2018043
540,0.07943214,0.05399386,0.2248603,0.109851,0.08780075,0.011995904,0.015302989,0.023221886,0.20682563,0.18671563
541,0.08349395,0.053534817,0.2054577,0.11284983,0.10053896,0.014039683,0.011706121,0.018627703,0.2065839,0.19316746
542,0.07679891,0.050961766,0.22891833,0.10433271,0.08836224,0.0110628875,0.013510511,0.025859905,0.20275606,0.19743663
543,0.081211545,0.05136241,0.20767634,0.118163586,0.100221924,0.010451982,0.010650103,0.018770032,0.21767093,0.18382111
544,0.07080963,0.04942054,0.22788598,0.11779058,0.08980055,0.012997852,0.01611764,0.02108437,0.21074536,0.18334748
545,0.08857284,0.050245665,0.2119172,0.10480543,0.09191182,0.013938854,0.011188182,0.019747477,0.21051356,0.19715895
546,0.08355795,0.046275884,0.23289368,0.10993411,0.08902811,0.011491569,0.011284229,0.019627813,0.20314331,0.19276336
547,0.07320498,0.053933803,0.21780795,0.11381853,0.08937692,0.014396913,0.018979374,0.026892217,0.19630612,0.19528316
548,0.07626137,0.0556351,0.20853604,0.11514085,0.089978375,0.0133620715,0.014334712,0.023299877,0.19156595,0.21188574
549,0.0860099,0.048730005,0.22540037,0.10601815,0.0891348,0.017356137,0.012196654,0.020644424,0.19632727,0.19818231
550,0.07831863,0.05860296,0.17427205,0.12793082,0.10386438,0.013060972,0.010094322,0.019515498,0.21417764,0.2001627
551,0.08006249,0.050772354,0.22488914,0.113530405,0.09373938,0.013695604,0.014646908,0.020163955,0.20531552,0.18318428
552,0.074557446,0.05512663,0.21630548,0.10800118,0.09202326,0.011807395,0.010405204,0.019773345,0.21483454,0.1971655
553,0.08480104,0.043997854,0.20842366,0.10478842,0.092675924,0.012981076,0.014817667,0.028550189,0.2170338,0.19193031
554,0.06756126,0.057001468,0.23784305,0.09670681,0.09829712,0.013158943,0.0146688735,0.01969566,0.1997314,0.19533533
555,0.080199376,0.048555147,0.24860676,0.10660599,0.09626768,0.012507875,0.01524384,0.019152446,0.19878352,0.1740773
556,0.082687184,0.052486163,0.20090784,0.1177545,0.095594384,0.011794682,0.008341362,0.020870114,0.1967447,0.21281913
557,0.085623935,0.048814237,0.19982715,0.10477119,0.09061677,0.016740298,0.014266566,0.023526113,0.21381918,0.20199464
558,0.0714842,0.05069483,0.21608903,0.122324355,0.08578528,0.013773155,0.013437997,0.022568174,0.21110192,0.19274113
559,0.0754009,0.044933595,0.23772958,0.10346227,0.10072667,0.011551965,0.011844526,0.019470101,0.20860748,0.18627287
560,0.08267239,0.04725878,0.21972698,0.11181297,0.104355976,0.013036508,0.01287775,0.017948454,0.19545007,0.19486007
561,0.07163169,0.051775556,0.23237161,0.11120811,0.10265502,0.010570647,0.013135267,0.022149602,0.1870989,0.19740371
562,0.077464834,0.052895494,0.24018773,0.09981994,0.095786415,0.009769783,0.01186536,0.017016651,0.19758622,0.19760749
563,0.07519841,0.049129255,0.25894114,0.10546276,0.08136692,0.010918579,0.011419805,0.015966257,0.18896745,0.20262948
564,0.076844044,0.057663754,0.20100006,0.11252698,0.08922926,0.013633344,0.022866622,0.026061215,0.19487843,0.20529637
565,0.0875992,0.0556867,0.2148462,0.103842385,0.08996607,0.011571626,0.015934458,0.020159803,0.2164187,0.18397461
566,0.0840337,0.050411087,0.17025869,0.1215738,0.094049975,0.01525596,0.013539275,0.018859541,0.21381377,0.21820424
567,0.07414078,0.04856976,0.19956803,0.12000808,0.101254046,0.011626325,0.013879104,0.01691986,0.20947045,0.20456365
568,0.08139126,0.045041844,0.22727944,0.11599394,0.088881806,0.012961318,0.010285592,0.01796324,0.20301117,0.1971904
569,0.09057118,0.055792924,0.20303334,0.10009,0.09000834,0.010883121,0.009182063,0.016443353,0.21103619,0.21295957
570,0.078993686,0.0541565,0.22478089,0.10909046,0.0866054,0.012960576,0.01140112,0.024418987,0.21026315,0.18732928
571,0.08876396,0.05348944,0.21954887,0.10322746,0.101652354,0.014188553,0.012730395,0.023400614,0.1990249,0.1839736
572,0.06560532,0.05519971,0.2500209,0.11668806,0.084419616,0.012455551,0.013717022,0.025420908,0.18664713,0.18982586
573,0.07280316,0.058388177,0.22005819,0.12218066,0.0903564,0.010918001,0.011990035,0.026195625,0.19596706,0.19114268
574,0.068449,0.056643642,0.23103349,0.11223307,0.09347222,0.013154224,0.012164087,0.015049994,0.21414049,0.18365984
575,0.07800243,0.053501006,0.17979772,0.112822354,0.103999555,0.0153167965,0.014113789,0.020918172,0.2296196,0.19190866
576,0.07993885,0.047944587,0.17200053,0.13192002,0.10505156,0.01262009,0.012029299,0.02313579,0.21223852,0.20312056
577,0.079462625,0.06537419,0.20772335,0.11140958,0.090923004,0.012822928,0.013138806,0.020898929,0.19860491,0.19964163
578,0.08073091,0.048641507,0.2319522,0.11293975,0.09167398,0.012547627,0.010417471,0.017063215,0.20272554,0.19130772
579,0.07998436,0.04766691,0.2245416,0.110139616,0.095773965,0.0120032085,0.009084438,0.018637592,0.22110744,0.1810608
580,0.07210201,0.05673775,0.209346,0.120761976,0.08694172,0.0128974635,0.009453423,0.021494243,0.18578365,0.22448175
581,0.07907533,0.051538292,0.22452573,0.11046377,0.099164724,0.012435252,0.01310025,0.02466159,0.18451509,0.20051987
582,0.07623929,0.056296434,0.2152848,0.11325289,0.09668047,0.010580072,0.013477608,0.022826469,0.20131244,0.19404958
583,0.087752774,0.04051145,0.23932627,0.11124823,0.092632316,0.013487157,0.012838941,0.021234997,0.20590448,0.17506349
584,0.07471918,0.057627283,0.15534228,0.18037365,0.08287954,0.018058717,0.011634442,0.025786571,0.16750792,0.22607033
585,0.07969013,0.050326716,0.18675849,0.11368777,0.094016686,0.0155841075,0.012987915,0.023213373,0.20972075,0.21401398
586,0.06924131,0.049937457,0.23359495,0.11495112,0.093736336,0.012993754,0.012271358,0.017824294,0.18792412,0.20752537
587,0.08274751,0.056744397,0.21022257,0.11047125,0.08885257,0.011653873,0.013266269,0.021879384,0.20077044,0.20339175
588,0.08149609,0.047967475,0.22968319,0.124556005,0.08814648,0.01339186,0.0076271035,0.020586109,0.19698521,0.18956052
589,0.08158845,0.057230618,0.22284345,0.1096893,0.09580019,0.015439608,0.011361677,0.02134658,0.20889851,0.17580153
590,0.07690389,0.053317912,0.22315407,0.12602043,0.09841994,0.013725919,0.012224478,0.026993392,0.17631546,0.19292444
591,0.07127217,0.04917708,0.24095729,0.10989197,0.09469274,0.01415534,0.010186211,0.016046435,0.21233974,0.18128109
592,0.07397529,0.04418834,0.24289334,0.107716,0.08778245,0.013615853,0.010146877,0.019887969,0.20209712,0.19769669
593,0.07909804,0.055574957,0.23426986,0.10416527,0.08519946,0.012999563,0.0137758255,0.026859116,0.19221798,0.19583994
594,0.08558086,0.0493929,0.18474397,0.12413931,0.09925905,0.01215326,0.01435011,0.019698417,0.21404381,0.19663824
595,0.08062468,0.057827935,0.18376154,0.11486414,0.09843945,0.009942489,0.010407081,0.018861998,0.22056773,0.20470294
596,0.08301021,0.05387095,0.22035815,0.11254375,0.08999502,0.015260438,0.008905516,0.026651328,0.19902296,0.19038151
597,0.076496564,0.052718747,0.21119492,0.1266063,0.08533389,0.014233529,0.010269364,0.01692698,0.18696097,0.21925887
598,0.0781006,0.04797343,0.2066161,0.10495699,0.089936964,0.012500869,0.014846998,0.02256733,0.208987,0.21351373
599,0.0708817,0.0575012,0.23009224,0.11826619,0.092877656,0.010343056,0.0104328,0.019465597,0.20037004,0.18976949
600,0.08140313,0.056603044,0.19503573,0.1218792,0.0969917,0.015513477,0.010951007,0.022645472,0.21661484,0.18236244
601,0.085927285,0.051970642,0.20379215,0.110030726,0.08932355,0.015378632,0.0105823735,0.017237457,0.21652374,0.19923338
602,0.07291098,0.04846123,0.22068349,0.122350566,0.08556483,0.012248214,0.01248542,0.025650576,0.19065915,0.20898555
603,0.07491417,0.053711,0.2233895,0.11796131,0.10317827,0.011625759,0.013021088,0.024001332,0.19801721,0.18018034
604,0.08383997,0.05450661,0.21927695,0.110540606,0.093014486,0.012800216,0.011630402,0.01942987,0.19612928,0.1988315
605,0.076224126,0.05019883,0.2448555,0.10946324,0.09885017,0.014598694,0.011906808,0.01786554,0.19459498,0.18144207
606,0.0952475,0.059450705,0.18253872,0.115725495,0.089816704,0.010749541,0.012095358,0.023869753,0.21877998,0.19172598
607,0.06905642,0.059774663,0.23683934,0.11143089,0.08498937,0.013203598,0.012600992,0.023771761,0.1838751,0.20445794
608,0.06619236,0.049485434,0.22906122,0.11814349,0.08569834,0.011200261,0.011787862,0.021686986,0.18088216,0.2258619
609,0.07573629,0.057630587,0.20851904,0.117278494,0.08585381,0.011989066,0.009055147,0.024955172,0.211546,0.19743651
610,0.07715274,0.05379411,0.22553615,0.1131238,0.08947175,0.014136313,0.012370468,0.016352309,0.18245198,0.21561016
611,0.06222311,0.04709695,0.24968427,0.10940816,0.08774181,0.013677398,0.018576464,0.022338578,0.18456164,0.2046914
612,0.07803297,0.06389172,0.21887195,0.10885323,0.09770926,0.0121613955,0.011103765,0.024361128,0.19015105,0.19486347
613,0.0803552,0.050854027,0.23504446,0.10787864,0.096929155,0.013979351,0.017313626,0.021187615,0.19240303,0.184055
614,0.0827104,0.058807813,0.20146555,0.12442003,0.084314175,0.012261051,0.019042429,0.024640808,0.20170368,0.19063397
615,0.09619089,0.04555837,0.17720135,0.11522405,0.09258202,0.014374178,0.011431595,0.019171573,0.2488426,0.17942347
616,0.07530274,0.061962295,0.2189384,0.1043832,0.101313844,0.011497286,0.011795166,0.023142613,0.19968499,0.19197951
617,0.081566736,0.052017536,0.19272205,0.11604147,0.10683365,0.012277228,0.010750687,0.02095533,0.21760283,0.18923235
618,0.08435547,0.053076267,0.21630558,0.098704904,0.08091979,0.016767137,0.01470777,0.026557047,0.21582784,0.19277833
619,0.07933969,0.05486357,0.20894264,0.12326044,0.0887965,0.0127193285,0.012080025,0.02157671,0.20310201,0.19531925
620,0.07784395,0.0525262,0.21177492,0.104067616,0.100863405,0.011812641,0.014151197,0.025194954,0.2052877,0.19647737
621,0.07514456,0.050848406,0.22124109,0.11909246,0.08755944,0.011302583,0.011334696,0.017843982,0.1952539,0.21037877
622,0.0771766,0.06128361,0.23675878,0.10783218,0.09076462,0.011755512,0.0087114135,0.022117462,0.20017837,0.18342142
623,0.08101569,0.04314594,0.19965245,0.12510175,0.09888785,0.01357202,0.022253092,0.019862384,0.21605416,0.18045478
624,0.07150102,0.053030778,0.20752326,0.12931833,0.10256564,0.013376688,0.011347304,0.016878657,0.20910907,0.18534927
625,0.06347526,0.047292095,0.21741965,0.13725547,0.09111785,0.013455267,0.013601992,0.019401476,0.18595488,0.21102603
626,0.07854317,0.05417085,0.22494459,0.12153466,0.09621626,0.015677912,0.012412778,0.02567368,0.19495638,0.17586969
627,0.07534543,0.05481185,0.24693742,0.10895543,0.09004718,0.013201667,0.010883913,0.016297294,0.20560588,0.17791386
628,0.0810513,0.05521535,0.18759099,0.12952965,0.102739975,0.014459934,0.012953484,0.025183616,0.19761842,0.19365738
629,0.07405044,0.05588787,0.1800684,0.10776509,0.09616905,0.012175597,0.010704825,0.0227916,0.23341654,0.20697068
630,0.07195659,0.0549046,0.22443107,0.10749135,0.09463933,0.011117824,0.013539026,0.02477286,0.20242661,0.19472061
631,0.07872711,0.0546731,0.23956384,0.104477786,0.091650285,0.014732631,0.01083665,0.021796292,0.20017943,0.18336284
632,0.08175079,0.042866167,0.20880589,0.10917325,0.086044535,0.0129539585,0.008469039,0.019087061,0.21823746,0.21261196
633,0.07572303,0.05792227,0.23744196,0.117691346,0.08859808,0.015185306,0.012120238,0.024494903,0.19581527,0.1750075
634,0.0757117,0.048414204,0.21754299,0.1426957,0.089873515,0.0120074,0.010003352,0.020486865,0.18874277,0.19452165
635,0.07610437,0.05551001,0.2188814,0.12360405,0.091219105,0.010766832,0.011740578,0.01992468,0.20877437,0.1834748
636,0.09029371,0.05090479,0.21894014,0.11143421,0.09551269,0.012642179,0.0147031015,0.018895404,0.21195632,0.17471747
637,0.07193051,0.050663583,0.21394528,0.10735743,0.087862924,0.013850329,0.016273754,0.02184538,0.2111355,0.20513536
638,0.08144447,0.056424856,0.20211552,0.12073652,0.09778274,0.016071577,0.012948236,0.022621967,0.21370466,0.17614943
639,0.078591205,0.057973996,0.18791723,0.11803448,0.104718424,0.011993097,0.011774458,0.017992277,0.21808316,0.19292161
640,0.07653518,0.054801065,0.21691167,0.11327195,0.09204114,0.011381683,0.0120138405,0.023715861,0.2084293,0.19089814
641,0.0737439,0.052867737,0.20812374,0.118719496,0.105088696,0.011411334,0.014001903,0.023583673,0.1868106,0.20564888
642,0.08343979,0.05575553,0.23570345,0.10178128,0.09117552,0.010495438,0.012524426,0.021072203,0.20306244,0.18499003
643,0.073503986,0.049551632,0.21689469,0.10832333,0.08885929,0.013922842,0.009671164,0.015111051,0.21679473,0.20736726
644,0.07900158,0.055726387,0.19668241,0.13065486,0.09665014,0.013033575,0.012884218,0.024574628,0.20526272,0.18552965
645,0.0741414,0.04697781,0.20068157,0.12744568,0.099299215,0.011576663,0.013156538,0.020375917,0.2017009,0.20464428
646,0.08914925,0.052340835,0.20042981,0.121494666,0.09169363,0.011599106,0.00974759,0.020066792,0.22609678,0.17738159
647,0.082588,0.059277523,0.19413595,0.12626751,0.10266081,0.014446855,0.011048277,0.029938448,0.186335,0.19330172
648,0.08024662,0.045132946,0.20590107,0.12890899,0.10843478,0.01383348,0.012072581,0.0247506,0.18970908,0.19100982
649,0.077355914,0.058379047,0.19073951,0.111557,0.092761524,0.012307106,0.010907645,0.020835865,0.20894162,0.21621472
650,0.07687949,0.04894842,0.23902744,0.11669356,0.09509026,0.0117478585,0.015769849,0.019200308,0.18429269,0.19235015
651,0.087343775,0.044576034,0.24461468,0.103623584,0.09411546,0.012379175,0.01430544,0.016420767,0.20679854,0.17582254
652,0.09478803,0.051268596,0.18185726,0.119088426,0.097193085,0.0112982765,0.009482963,0.023295565,0.22818546,0.18354237
653,0.0905569,0.06220982,0.20362367,0.11186022,0.099716984,0.014183347,0.018894436,0.02286037,0.19383192,0.18226229
654,0.0767707,0.0491231,0.19623975,0.11993353,0.10399376,0.014287031,0.011700141,0.017409548,0.2252939,0.1852484
655,0.07205524,0.049998064,0.22210032,0.108161755,0.0975701,0.0113760615,0.011183447,0.019537644,0.20989525,0.19812205
656,0.08247385,0.047832586,0.18503228,0.11773674,0.095839046,0.01418453,0.013778165,0.023973137,0.21052772,0.20862202
657,0.08586258,0.05276373,0.20612736,0.1177507,0.095273435,0.014135654,0.012612117,0.024574019,0.19267316,0.19822732
658,0.0711716,0.053030316,0.22045784,0.11011113,0.100405216,0.012346843,0.013554419,0.024017254,0.20107864,0.19382669
659,0.07021913,0.05339672,0.24473356,0.11676001,0.095583744,0.012478505,0.0119723575,0.020246312,0.199058,0.17555162
660,0.08467608,0.054257143,0.21320856,0.10634352,0.09671857,0.010946138,0.010508619,0.02706036,0.1976325,0.19864856
661,0.076177455,0.05139378,0.19598162,0.115624666,0.08944154,0.012218868,0.010297644,0.020814795,0.21836436,0.20968546
662,0.07059813,0.051793057,0.2323688,0.11229624,0.08812613,0.012201517,0.0125018675,0.020453691,0.18113442,0.21852633
663,0.073413566,0.04903203,0.22922248,0.10644019,0.09563064,0.011695323,0.012527793,0.023651239,0.20772068,0.19066605
664,0.08278237,0.04925704,0.20604205,0.115700416,0.09719286,0.013193202,0.010620675,0.01842737,0.21807522,0.18870884
665,0.071325935,0.053181533,0.24114917,0.11045556,0.08260476,0.013419091,0.011142886,0.020846171,0.19313034,0.2027445
666,0.09050546,0.05004996,0.2105696,0.10709636,0.092857435,0.0126062725,0.010923546,0.022273254,0.21255666,0.19056143
667,0.07351297,0.06005219,0.21846436,0.11851359,0.08779085,0.010893289,0.013269671,0.03164057,0.18361574,0.20224671
668,0.083152555,0.049189504,0.24384485,0.11102372,0.07972985,0.013702081,0.01046764,0.016852837,0.18928337,0.20275377
669,0.08879694,0.052156206,0.2093655,0.11198087,0.08966971,0.0120130535,0.01446398,0.021507142,0.21280631,0.18724035
670,0.08036048,0.047503546,0.2210924,0.11467229,0.09186327,0.013013716,0.0125124855,0.012938069,0.20862405,0.19741972
671,0.0741596,0.046588495,0.22569667,0.09507642,0.09745755,0.012728656,0.010632919,0.016974965,0.20334679,0.21733785
672,0.08029889,0.0464217,0.21965367,0.10853641,0.087040424,0.015169297,0.008183101,0.020719886,0.2107479,0.20322877
673,0.078972474,0.058801085,0.19299929,0.12556106,0.091868,0.013615439,0.008756503,0.02706126,0.17396788,0.22839707
674,0.07640154,0.04943544,0.22639357,0.10232969,0.08637608,0.012448812,0.01243666,0.023522083,0.2069472,0.203709
675,0.093235284,0.05343537,0.21278074,0.11165821,0.08795295,0.010079119,0.0133111905,0.022016358,0.21086022,0.18467055
676,0.064230606,0.054939274,0.23314284,0.11448556,0.09583153,0.014761291,0.016493047,0.019907933,0.18744335,0.1987645
677,0.08202792,0.05155063,0.21160737,0.11387434,0.091895565,0.012440822,0.01257421,0.023918556,0.20492126,0.19518943
678,0.08437888,0.05466671,0.19764212,0.12161828,0.08928541,0.013576258,0.013662959,0.023192996,0.20814367,0.19383268
679,0.07218796,0.056910705,0.21729925,0.12149569,0.07843657,0.012655528,0.008640727,0.02804536,0.19779809,0.20653011
680,0.07273185,0.052087344,0.22090888,0.11759709,0.09737539,0.013844546,0.016062973,0.019281894,0.1955418,0.19456835
681,0.08079467,0.054389887,0.21892674,0.11814815,0.093196705,0.013959345,0.012439469,0.02243697,0.18833077,0.19737723
682,0.082401514,0.052883126,0.22300066,0.1198068,0.09040869,0.01274796,0.013927661,0.017493296,0.20418948,0.18314074
683,0.07044088,0.05136876,0.20367216,0.12316653,0.09579578,0.011094811,0.014533555,0.024423191,0.19901401,0.20649035
684,0.076124385,0.053543404,0.2124162,0.11711532,0.0960029,0.009892911,0.012512763,0.02505238,0.23345184,0.16388799
685,0.08076943,0.043294787,0.20584954,0.11561313,0.08970007,0.010945728,0.010758469,0.023418702,0.24400981,0.1756403
686,0.07421618,0.051997703,0.21682163,0.11206846,0.092170626,0.012765625,0.011290547,0.019719275,0.19620349,0.2127465
687,0.07073466,0.055888943,0.18521614,0.12911198,0.10517361,0.013550384,0.012024247,0.024000939,0.2048439,0.19945528
688,0.07547587,0.062830076,0.20862515,0.1106864,0.0970963,0.013798653,0.0126543045,0.018072952,0.17246592,0.22829446
689,0.072169125,0.06113285,0.19569565,0.12266045,0.09443634,0.009360942,0.011809008,0.019853326,0.19033916,0.22254306
690,0.09051022,0.05678578,0.1760645,0.11692262,0.09199261,0.013171946,0.013320635,0.0192229,0.22879642,0.19321232
691,0.07525996,0.051660456,0.19554402,0.1171982,0.08836315,0.010992379,0.016438488,0.025866248,0.2194918,0.19918518
692,0.07583214,0.05130416,0.2175455,0.111184366,0.0875264,0.0131905405,0.015252445,0.018500555,0.20936733,0.20029658
693,0.08365784,0.05505728,0.22569284,0.098961316,0.08556155,0.011709535,0.010764299,0.019870037,0.21084052,0.19788468
694,0.078989,0.049626376,0.222494,0.1149594,0.09115714,0.012930388,0.0151175205,0.020243239,0.20123297,0.19324975
695,0.0667887,0.04870683,0.25896692,0.11920452,0.095830694,0.011736934,0.016922586,0.0224316,0.180111,0.17930014
696,0.07296849,0.05200303,0.23356031,0.103124246,0.08532419,0.013664676,0.010969068,0.017563982,0.19098957,0.21983245
697,0.07321193,0.048936415,0.21428293,0.11158014,0.096913986,0.01205864,0.01380537,0.01870807,0.20995046,0.20055202
698,0.084912375,0.051989973,0.21259244,0.112743236,0.08904492,0.010482727,0.01333075,0.019670542,0.2195219,0.18571119
699,0.08194371,0.055395324,0.20882355,0.12191747,0.101253346,0.011065351,0.009582843,0.023102606,0.19716439,0.18975137
700,0.07530163,0.05481998,0.20296092,0.120478496,0.09365657,0.01227494,0.012425655,0.026067635,0.21902935,0.18298474
701,0.06746979,0.05253192,0.24279268,0.119767234,0.087262906,0.013371484,0.0115555255,0.018317694,0.18836144,0.19856946
702,0.08163995,0.058927536,0.20018421,0.12081747,0.09771441,0.013402563,0.013883277,0.02187675,0.19842722,0.19312671
703,0.083553106,0.05586236,0.21457374,0.114922985,0.09449766,0.013515634,0.010903805,0.022723673,0.20402217,0.185425
704,0.08080724,0.057955224,0.19534206,0.11451388,0.09357612,0.014227089,0.011426492,0.019821774,0.21113345,0.2011968
705,0.07351622,0.054654833,0.23576555,0.1188616,0.08663763,0.017384617,0.012943992,0.02345302,0.20084284,0.17593977
706,0.07828747,0.055580284,0.21812634,0.10880784,0.09077967,0.01367855,0.0129143,0.022520207,0.20777419,0.1915311
707,0.07350033,0.057759263,0.20958228,0.11613062,0.08818971,0.015163311,0.01118579,0.021588774,0.19518584,0.21171397
708,0.07508039,0.050873015,0.22741464,0.114465125,0.09471075,0.012602906,0.011436361,0.022913031,0.2100363,0.18046746
709,0.076436065,0.050097283,0.22948892,0.11495472,0.09674814,0.014287265,0.014261757,0.019151436,0.19538899,0.18918538
710,0.08041619,0.052135807,0.2266303,0.11069368,0.09286099,0.013225638,0.01191093,0.01770392,0.20052153,0.19390082
711,0.078840435,0.052611034,0.20419127,0.13352877,0.10161949,0.012276806,0.010813267,0.015603383,0.21420056,0.17631505
712,0.085872404,0.05072193,0.17580536,0.11105124,0.10093777,0.011763559,0.015495622,0.02225266,0.21071774,0.2153817
713,0.070633225,0.05263725,0.21883424,0.11371024,0.09742293,0.011509285,0.0159895,0.020072874,0.19562367,0.20356682
714,0.08245154,0.05136519,0.22731626,0.11853563,0.09114428,0.014122653,0.01225564,0.019693423,0.18839166,0.19472381
715,0.07118208,0.048198827,0.24639535,0.10902121,0.09301509,0.011366344,0.015598814,0.021944646,0.19224446,0.19103321
716,0.081647284,0.059995428,0.1713031,0.12693025,0.100418516,0.014268107,0.0140506,0.025876693,0.2024003,0.20310959
717,0.08466462,0.059839662,0.22093965,0.11726496,0.09723367,0.012425605,0.012807587,0.018963277,0.19419295,0.18166801
718,0.08345047,0.046026137,0.23893051,0.11234499,0.09106349,0.013747973,0.008218398,0.016846506,0.21172442,0.1776469
719,0.07059311,0.05655666,0.20908213,0.12189745,0.09551739,0.011042081,0.012626845,0.022898039,0.20403333,0.19575295
720,0.08483763,0.059077356,0.21638162,0.10261823,0.08980815,0.013797442,0.014001668,0.01937098,0.21494056,0.1851663
721,0.08259795,0.054844595,0.19833641,0.108542636,0.08985922,0.009560463,0.016489012,0.024792414,0.22016299,0.19481422
722,0.077834785,0.054423552,0.21470855,0.11447333,0.09336768,0.011086417,0.011130862,0.01761001,0.20348589,0.20187894
723,0.07705392,0.055893224,0.21389504,0.112730555,0.090805866,0.011585339,0.010019783,0.023879508,0.20705755,0.1970791
724,0.08746036,0.048662283,0.19864304,0.1088483,0.08607159,0.014938867,0.0100210225,0.021479812,0.24084489,0.18302983
725,0.07102192,0.05553669,0.21923864,0.11418821,0.08651053,0.015058432,0.012815045,0.014229989,0.18782341,0.22357701
726,0.07701863,0.055510417,0.22278512,0.11171709,0.09432757,0.014091952,0.018336069,0.019551506,0.19362147,0.19304001
727,0.07395411,0.053327836,0.21273163,0.11179137,0.09891585,0.014060685,0.014115947,0.022571014,0.20006226,0.19846934
728,0.07697104,0.055609137,0.21118478,0.11198818,0.091694005,0.010434288,0.012558173,0.01789371,0.1861855,0.22548124
729,0.07437642,0.047369752,0.2320626,0.11969902,0.08762333,0.013131807,0.011396357,0.017126072,0.179728,0.21748652
730,0.08748635,0.05196256,0.20542808,0.10942549,0.10027793,0.016973225,0.010238478,0.021542361,0.20715502,0.18951057
731,0.078691974,0.05169013,0.20951295,0.11880949,0.09950101,0.013500827,0.01237847,0.02078211,0.20322849,0.19190456
732,0.07356528,0.06196932,0.19570963,0.13001294,0.09271859,0.015418579,0.013042182,0.026592424,0.1828826,0.2080885
733,0.078289114,0.056058355,0.20499316,0.117163144,0.10235079,0.016737781,0.013283948,0.021285051,0.20309265,0.18674588
734,0.0741699,0.052055504,0.22458276,0.11465702,0.08987226,0.01511883,0.011406085,0.019843739,0.19304906,0.20524488
735,0.08204841,0.049693152,0.2315298,0.10357138,0.08636132,0.01212442,0.0121761635,0.022813693,0.19705766,0.20262413
736,0.072832845,0.054250825,0.24742031,0.11064396,0.090541564,0.010873414,0.014416693,0.019739917,0.18539213,0.1938883
737,0.080654554,0.049781732,0.1979296,0.11841772,0.09720177,0.014943342,0.011848201,0.018261593,0.20964624,0.20131533
738,0.08470422,0.05656285,0.18842867,0.12580773,0.09967784,0.016508749,0.010508693,0.016971173,0.22241041,0.1784196
739,0.07396059,0.05413601,0.20596613,0.11976879,0.09487934,0.011071284,0.017644668,0.021166723,0.20681074,0.1945959
740,0.08638879,0.05251115,0.19344817,0.11433812,0.09599594,0.014180475,0.015652651,0.014996724,0.22435953,0.18812864
741,0.074224494,0.050932758,0.21871822,0.11135107,0.09189822,0.010983131,0.010690714,0.02412804,0.20175724,0.20531617
742,0.0754815,0.059235495,0.20202799,0.120846756,0.09241327,0.0137610575,0.018090712,0.019944828,0.19878456,0.1994137
743,0.077691466,0.05379495,0.21277468,0.115410976,0.08919769,0.009756364,0.016291823,0.017441653,0.21764319,0.18999732
744,0.08303208,0.051935606,0.24058905,0.10219117,0.08394715,0.01163259,0.008406777,0.017936144,0.1938481,0.20648159
745,0.080960445,0.05096119,0.19621888,0.12574,0.09228847,0.011537848,0.01028839,0.020785887,0.22199947,0.18921931
746,0.08571357,0.049707543,0.22419398,0.10727129,0.084655724,0.011974924,0.013900358,0.021824097,0.21703447,0.18372396
747,0.0790378,0.055208668,0.21362676,0.11290636,0.08858787,0.011287111,0.011690558,0.024490638,0.21150191,0.19166224
748,0.0752456,0.045921836,0.24148798,0.10911806,0.0856325,0.013391352,0.016938776,0.021115752,0.20796795,0.18318018
749,0.07124238,0.047155276,0.22227259,0.09662766,0.082234934,0.012832682,0.0105448365,0.028129062,0.22875945,0.20020123
750,0.074783966,0.044235714,0.27098,0.10213663,0.09774307,0.014975057,0.015216622,0.013181536,0.18492152,0.18182576
751,0.07795354,0.05684699,0.23281607,0.10760614,0.093204685,0.014976641,0.009986095,0.019898092,0.20015602,0.18655583
752,0.082692705,0.051185638,0.21544865,0.11210709,0.091281265,0.0093607325,0.014248722,0.019964514,0.2261722,0.17753844
753,0.08113708,0.051515866,0.22147077,0.11258271,0.09290127,0.0108891195,0.020171968,0.018643081,0.2118536,0.17883454
754,0.07547194,0.056088343,0.19189182,0.14781635,0.09668749,0.01213629,0.010083704,0.025486717,0.20809028,0.17624708
755,0.07620898,0.05195852,0.21082343,0.11799807,0.09253206,0.013281622,0.012808651,0.023704544,0.2170897,0.18359461
756,0.07882109,0.05295285,0.22512081,0.11489719,0.09195673,0.01054725,0.0138882715,0.018159598,0.188814,0.2048423
757,0.07933508,0.046688512,0.17706583,0.12226799,0.09928003,0.014772096,0.010668715,0.017442899,0.20712732,0.22535135
758,0.06516767,0.05212539,0.23526159,0.118692026,0.08529965,0.010001955,0.014072673,0.024510501,0.1922492,0.2026194
759,0.08184098,0.061980084,0.20559561,0.12062356,0.095134534,0.011670828,0.011716446,0.025793934,0.20862928,0.1770146
760,0.07961739,0.053058572,0.22763766,0.111666635,0.09053742,0.013820063,0.012092691,0.017032325,0.18745701,0.2070802
761,0.07356199,0.057132013,0.17293456,0.120982185,0.10030965,0.012951737,0.018352197,0.026492862,0.22384796,0.19343482
762,0.07811798,0.055544227,0.19807354,0.1180275,0.09458024,0.012860902,0.010861206,0.02246175,0.21810028,0.19137222
763,0.085178435,0.057127167,0.18040657,0.11604256,0.096623,0.013847729,0.01610848,0.031150507,0.21690352,0.18661205
764,0.07491635,0.052972928,0.23839965,0.11023765,0.08734729,0.0137861045,0.017236646,0.020874104,0.19613694,0.18809228
765,0.07699291,0.053535376,0.1908062,0.13104044,0.09547595,0.0131009845,0.013336111,0.022301804,0.20820975,0.19520043
766,0.07732924,0.048775036,0.21675591,0.112595536,0.08046449,0.01565939,0.011438025,0.016568415,0.19879335,0.2216205
767,0.07448462,0.058369927,0.19714342,0.12190536,0.09883866,0.014312865,0.012853838,0.024222171,0.1856318,0.21223734
768,0.08016553,0.05793027,0.2201518,0.11733359,0.08946831,0.008611689,0.01023862,0.026557036,0.19912829,0.19041486
769,0.06971559,0.05736524,0.20622487,0.13778587,0.094300315,0.012284242,0.012480506,0.01931687,0.1912559,0.19927056
770,0.0750631,0.047440108,0.23754652,0.122500345,0.09401041,0.012516417,0.014485124,0.018186161,0.19773145,0.18052037
771,0.068730034,0.05337734,0.23902334,0.102727324,0.09462465,0.013077477,0.012150321,0.018303461,0.2016415,0.19634452
772,0.08800571,0.05226944,0.20594595,0.1223095,0.09444879,0.013783171,0.013535279,0.021950703,0.20299709,0.18475437
773,0.07196351,0.057114877,0.22014472,0.1135838,0.095018916,0.0098747965,0.012937108,0.020944204,0.20610951,0.1923086
774,0.08189427,0.05396275,0.21996076,0.10967529,0.08773327,0.01531547,0.01817247,0.021430416,0.19978176,0.19207354
775,0.07465751,0.052740138,0.18213509,0.12269101,0.1047334,0.012944649,0.011494899,0.017840533,0.21089403,0.20986885
776,0.07963979,0.047391683,0.19265373,0.10825185,0.09763695,0.009886761,0.010657128,0.022628125,0.23631941,0.19493465
777,0.07361559,0.047006566,0.20996334,0.11816788,0.08664424,0.009264453,0.011267795,0.025641842,0.22491945,0.19350886
778,0.07141736,0.054553,0.19250394,0.13124934,0.09790247,0.01431202,0.008225661,0.023997316,0.20455317,0.20128569
779,0.08269255,0.05747868,0.1879112,0.12074147,0.09897411,0.014578316,0.013794036,0.022825416,0.19307105,0.20793305
780,0.08033516,0.05401472,0.21726674,0.1125608,0.09317066,0.01472228,0.013707645,0.019042147,0.20871961,0.18646018
781,0.08430764,0.050544616,0.21610288,0.11128212,0.0901588,0.013816225,0.017081015,0.021012956,0.19592185,0.19977185
782,0.091104165,0.0592088,0.18491544,0.09947083,0.109391466,0.013401047,0.013477595,0.026253132,0.21523671,0.1875409
783,0.068202086,0.052574884,0.23142242,0.10873194,0.08790499,0.012687243,0.010198272,0.019548347,0.20279808,0.20593187
784,0.06476659,0.047872137,0.2671507,0.11432008,0.09159745,0.011434785,0.014504856,0.02007113,0.16749184,0.20079024
785,0.07293317,0.06307388,0.19839679,0.11812075,0.092090465,0.013677566,0.009807385,0.021332419,0.19956414,0.21100342
786,0.08200092,0.049674332,0.21789706,0.10597392,0.09397,0.011853297,0.013012106,0.023742164,0.21281977,0.18905643
787,0.07380036,0.05734551,0.21781264,0.117338866,0.08944936,0.015438791,0.014698072,0.022561274,0.18760794,0.20394719
788,0.07672966,0.0451724,0.22671856,0.11475397,0.08890736,0.010149073,0.009896757,0.017659629,0.21409827,0.19591436
789,0.09506467,0.05590391,0.18467574,0.11704311,0.09152529,0.013628558,0.014546709,0.024477575,0.21838461,0.18474968
790,0.076127686,0.05332608,0.2012519,0.11965723,0.0921615,0.01198887,0.015451062,0.023644807,0.20329058,0.20310025
791,0.079530835,0.05321117,0.19505472,0.10885545,0.09256706,0.010518676,0.012057506,0.021563118,0.21103258,0.21560884
792,0.07291106,0.05489702,0.19836186,0.121155754,0.101349205,0.01241169,0.017435241,0.024735728,0.20181036,0.19493207
793,0.07505918,0.047361773,0.20183697,0.120116554,0.10179499,0.013015524,0.01531382,0.020042624,0.21539608,0.19006243
794,0.07193492,0.05344602,0.2495915,0.113316156,0.08919952,0.012063334,0.013670503,0.02502383,0.1973188,0.17443533
795,0.092184596,0.05131875,0.1760799,0.12141891,0.10069077,0.013224493,0.010978287,0.017135162,0.21479462,0.20217444
796,0.07894695,0.05935691,0.19885924,0.11104117,0.0938143,0.015098811,0.011459998,0.024773795,0.20985478,0.1967939
797,0.08505871,0.05211731,0.20527315,0.120586075,0.090702415,0.012870708,0.011016454,0.018907426,0.20776589,0.19570187
798,0.08402322,0.05571252,0.22215377,0.09711069,0.10280054,0.013335452,0.009069337,0.022034429,0.22169665,0.17206348
799,0.074499816,0.054382943,0.17882545,0.115164235,0.103343375,0.014512551,0.010212095,0.027997192,0.20172712,0.21933524
800,0.07920674,0.050229024,0.20506848,0.10176193,0.09428513,0.012036899,0.008732322,0.022617133,0.19847697,0.22758539
801,0.09216982,0.048754096,0.20269579,0.115849145,0.09872122,0.014678674,0.0094657885,0.019124197,0.215441,0.18310021
802,0.07523771,0.0556069,0.22313333,0.11211196,0.08898743,0.011045482,0.011229058,0.025410427,0.20391369,0.19332406
803,0.08251487,0.051900893,0.22732326,0.11788133,0.08822293,0.013182304,0.011307451,0.019402731,0.18887465,0.19938953
804,0.083588876,0.04856406,0.23003885,0.101367086,0.08406907,0.013353949,0.012795965,0.0212431,0.20669615,0.1982829
805,0.061375126,0.057146292,0.22174913,0.12475678,0.09354287,0.010079505,0.012562001,0.02419033,0.17886807,0.21572971
806,0.07297027,0.058784347,0.20857298,0.12252862,0.087405086,0.013280763,0.016441885,0.026357645,0.20538342,0.18827505
807,0.074909076,0.059131015,0.20913935,0.11758247,0.09286166,0.011175466,0.020063901,0.020642767,0.20468228,0.18981203
808,0.06653692,0.06273967,0.22408395,0.12235617,0.091232665,0.014810041,0.0111910645,0.021031082,0.18401182,0.20200664
809,0.081598096,0.052200936,0.21144047,0.117187805,0.10471591,0.014171316,0.014551601,0.01689177,0.18118034,0.20606175
810,0.07735638,0.05377403,0.24014686,0.10745297,0.086242214,0.011999416,0.007199421,0.016594501,0.19023469,0.20899947
811,0.0848371,0.054108676,0.20428003,0.10755623,0.10046099,0.012597172,0.012037718,0.022443913,0.21524476,0.18643354
812,0.078385204,0.04368196,0.22888632,0.11025961,0.08972124,0.014326593,0.013069565,0.02034758,0.21334708,0.18797484
813,0.07709937,0.052442122,0.23886023,0.11012861,0.08558958,0.012149479,0.009792862,0.018978193,0.19970475,0.19525474
814,0.07416624,0.056440525,0.2234742,0.11621905,0.08782029,0.014691845,0.013568274,0.02216509,0.18570474,0.2057499
815,0.0803394,0.052859873,0.22603734,0.111054555,0.09719522,0.014430394,0.011947477,0.017963294,0.19454277,0.19362974
816,0.07843282,0.05673833,0.18011606,0.11386491,0.09849171,0.012500006,0.0095510045,0.02468458,0.2389771,0.18664351
817,0.085634865,0.0510375,0.2047725,0.116616145,0.07985173,0.013132038,0.013708882,0.018698463,0.20700578,0.2095422
818,0.086976625,0.0529041,0.19803943,0.107710235,0.095021196,0.010103042,0.0097763315,0.019283775,0.21600287,0.2041824
819,0.087872885,0.052268192,0.22747824,0.101209804,0.09257122,0.012181081,0.007743522,0.01900529,0.21729729,0.18237263
820,0.075479716,0.044166014,0.23710237,0.10692252,0.0935863,0.01426434,0.010373337,0.017899299,0.21103324,0.18917295
821,0.070759274,0.053203512,0.19400564,0.118489265,0.09297944,0.013773021,0.010898111,0.020415125,0.20521058,0.22026615
822,0.08510567,0.048362277,0.19221757,0.12289741,0.08682784,0.012476011,0.015430011,0.019924527,0.20525339,0.2115053
823,0.07142411,0.05228688,0.20909898,0.11723745,0.09634941,0.01295616,0.014190891,0.019899264,0.20041424,0.20614259
824,0.08248741,0.060697358,0.21083608,0.107953675,0.10278104,0.011735664,0.013631014,0.022815086,0.20751674,0.1795458
825,0.08496914,0.05403375,0.22085528,0.10119934,0.09051736,0.012375643,0.010633569,0.017494906,0.21491371,0.19300742
826,0.0690387,0.054282736,0.18967967,0.11560771,0.09541235,0.011636686,0.013022544,0.025620755,0.20614305,0.21955574
827,0.081647545,0.050664034,0.2138552,0.113524355,0.10385654,0.012527642,0.010080933,0.022786498,0.18084013,0.21021704
828,0.076641254,0.05165093,0.21841978,0.11229367,0.085199594,0.01081717,0.016285555,0.024384852,0.20635527,0.197952
829,0.07533015,0.05382066,0.20856549,0.113053344,0.10174769,0.013414196,0.016455606,0.02016394,0.2123797,0.18506932
830,0.07211651,0.05214326,0.21892603,0.11277788,0.090966605,0.013096038,0.0122147845,0.01892287,0.20654975,0.20228615
831,0.076682046,0.050463274,0.18639126,0.112446025,0.10539602,0.014650333,0.011317185,0.021628046,0.22269894,0.19832686
832,0.072369404,0.053348348,0.21452561,0.1092469,0.091688,0.011853926,0.008434567,0.021402048,0.20206116,0.2150701
833,0.061009128,0.051729698,0.25638163,0.11612734,0.09807692,0.011522684,0.013700295,0.020274477,0.18845765,0.1827202
834,0.08488047,0.042774606,0.2156448,0.10736524,0.08887009,0.012262537,0.0132035045,0.021086404,0.20178774,0.2121246
835,0.072140455,0.05504538,0.21456754,0.11128891,0.098101765,0.012464623,0.01877128,0.017709704,0.20778912,0.1921213
836,0.06850296,0.061694704,0.22057255,0.10755769,0.098844156,0.012424472,0.011558976,0.019764217,0.1918378,0.2072426
837,0.07431047,0.056484744,0.22857058,0.102639794,0.0991558,0.01120511,0.01768128,0.023298584,0.18636256,0.20029104
838,0.07979369,0.048207946,0.24323173,0.09939301,0.09527101,0.014650597,0.010743769,0.019049285,0.20084833,0.1888107
839,0.073905766,0.04656936,0.24153478,0.1103761,0.087730736,0.011529329,0.013692272,0.021295147,0.20928693,0.18407963
840,0.072103105,0.061415114,0.19937861,0.122227,0.09423744,0.014406959,0.0095282495,0.024918782,0.19428147,0.20750326
841,0.07239912,0.05105526,0.18983175,0.118343465,0.097422,0.012578445,0.01577376,0.021124398,0.1999604,0.2215115
842,0.08598262,0.053769704,0.18212919,0.12084541,0.10126363,0.011428143,0.0119369365,0.020219479,0.22145388,0.19097108
843,0.075019516,0.05132288,0.23281984,0.11269843,0.09401928,0.011812717,0.013955415,0.017799113,0.21696743,0.17358568
844,0.07873974,0.048821148,0.21681164,0.12185412,0.09697496,0.013685385,0.011630429,0.020491743,0.19072986,0.20026103
845,0.088609375,0.056909446,0.19100145,0.11728892,0.08745253,0.014042196,0.010305788,0.021392912,0.2168531,0.19614422
846,0.0708852,0.054042283,0.25382605,0.1308969,0.10194426,0.011344026,0.017024806,0.01716381,0.17092985,0.17194293
847,0.06958212,0.05797237,0.20418994,0.1166848,0.09631658,0.01478379,0.010574436,0.019890126,0.19554012,0.21446578
848,0.08840607,0.043018285,0.21030182,0.10706476,0.09601642,0.013566241,0.011831537,0.013971848,0.23421745,0.18160555
849,0.0899258,0.04810018,0.18603857,0.10672236,0.10096897,0.011615526,0.015872227,0.019081725,0.21817821,0.20349646
850,0.07934873,0.05019435,0.21877596,0.103733115,0.09010382,0.011498561,0.012472626,0.019225733,0.21625182,0.19839524
851,0.08432753,0.05570476,0.20739533,0.09643608,0.09356278,0.015456264,0.013139826,0.0223385,0.2168035,0.19483542
852,0.0811523,0.048444718,0.16853628,0.12299121,0.093125366,0.012637517,0.014187805,0.019981109,0.21566582,0.22327796
853,0.07219496,0.052286092,0.24459422,0.11795364,0.08400183,0.012529317,0.012628739,0.020013813,0.1949035,0.18889385
854,0.06304465,0.05754929,0.22195898,0.1246362,0.093985915,0.011633494,0.014546582,0.016939549,0.1757608,0.21994448
855,0.08613118,0.058067758,0.15923296,0.12517837,0.09968254,0.014866963,0.013260555,0.023406219,0.21540625,0.20476712
856,0.08384614,0.055982042,0.17152362,0.120369114,0.09945639,0.012537927,0.010010499,0.021100143,0.20835035,0.21682373
857,0.07756199,0.05009251,0.18652296,0.12541498,0.09737473,0.013145966,0.013200869,0.017583542,0.20750797,0.21159454
858,0.07433922,0.04842348,0.23030166,0.12265844,0.09902747,0.013616194,0.0114089195,0.020528095,0.18883187,0.1908647
859,0.08168016,0.048944928,0.23245698,0.10592407,0.08108126,0.009526761,0.010658469,0.022078559,0.21022429,0.19742452
860,0.09288649,0.046768703,0.21203308,0.11915101,0.093333095,0.014642429,0.013986413,0.021435266,0.20308769,0.18267597
861,0.079321176,0.051999453,0.20714201,0.12155409,0.09298081,0.012904725,0.012036686,0.018016774,0.21365875,0.19038537
862,0.084350035,0.055106435,0.2079202,0.111459896,0.08600207,0.015407601,0.009991437,0.024152398,0.21941061,0.18619934
863,0.07451285,0.049932625,0.24586725,0.11002271,0.08655682,0.015701473,0.011681715,0.017210964,0.19934748,0.18916616
864,0.07127059,0.054234862,0.19565916,0.112512425,0.09962826,0.015220913,0.010460488,0.01906586,0.21777265,0.20417471
865,0.07414387,0.045328807,0.21091397,0.119144455,0.098365925,0.015710426,0.012271159,0.019545395,0.20160438,0.20297167
866,0.08195148,0.050044175,0.207186,0.12785208,0.07810866,0.011116779,0.011407899,0.019251702,0.20316412,0.20991704
867,0.06970329,0.04910622,0.22875254,0.110706836,0.088642456,0.008791944,0.012330479,0.017911075,0.22074424,0.19331083
868,0.08236516,0.050724242,0.19214489,0.11361737,0.09471303,0.012884541,0.012341917,0.020143112,0.20516665,0.21589933
869,0.07092409,0.047416117,0.22745688,0.123670064,0.09962183,0.015140717,0.0063552675,0.024544941,0.19148777,0.19338231
870,0.07505914,0.048887663,0.256416,0.11376994,0.090556756,0.013808243,0.010739016,0.014717764,0.18119416,0.19485134
871,0.0918509,0.06291307,0.17072812,0.11859577,0.10034788,0.011346341,0.014130736,0.023327095,0.21085376,0.19590646
872,0.08096055,0.056332465,0.19306199,0.13119844,0.08772182,0.013584888,0.011548946,0.024705557,0.19458756,0.20629773
873,0.07138895,0.05866309,0.16586505,0.12333773,0.10558833,0.015786959,0.009948146,0.017165601,0.23890583,0.19335027
874,0.07688596,0.05380898,0.2097402,0.11009869,0.10374142,0.010224559,0.010759527,0.02515385,0.20491333,0.19467355
875,0.08106752,0.047016367,0.23322916,0.11612629,0.09017889,0.010910908,0.010555498,0.023041487,0.18931478,0.19855906
876,0.07652627,0.05050866,0.23160386,0.11008158,0.09078371,0.014539156,0.013376814,0.01772051,0.2073988,0.18746045
877,0.06764048,0.0575203,0.21891692,0.11565174,0.08323195,0.010823715,0.013238831,0.021961994,0.19794202,0.21307206
878,0.08437231,0.0552199,0.2325577,0.10750211,0.08304774,0.00911389,0.011872506,0.022320574,0.19836196,0.19563134
879,0.063913204,0.04783213,0.23763573,0.11473344,0.0982147,0.013234788,0.011641334,0.022410167,0.18377207,0.20661236
880,0.08229011,0.051260848,0.20447989,0.117207855,0.09485175,0.014529614,0.0098841265,0.020980634,0.21168368,0.19283155
881,0.08583637,0.052637365,0.227926,0.10794729,0.08954392,0.013437069,0.01080913,0.02150857,0.20024033,0.19011392
882,0.07822835,0.05120187,0.2441198,0.11356033,0.09135916,0.010795627,0.010367288,0.017139178,0.1853766,0.1978518
883,0.07900607,0.0632734,0.18978441,0.12665942,0.09130887,0.011643586,0.0101727005,0.026403988,0.22057717,0.18117034
884,0.0764913,0.05035008,0.19801256,0.118641354,0.093144715,0.011250076,0.010447953,0.019638315,0.19796206,0.22406144
885,0.087339066,0.05659119,0.21883987,0.117059655,0.083344504,0.0104430765,0.01474903,0.020389138,0.21204494,0.17919947
886,0.069181226,0.045769066,0.21629407,0.116057545,0.08864196,0.012359717,0.011411858,0.021000385,0.19113453,0.22814964
887,0.07466124,0.053081036,0.23890778,0.106042095,0.09318784,0.0134524545,0.018651685,0.022120297,0.19796985,0.18192585
888,0.074553035,0.048988152,0.23550719,0.1027857,0.08673034,0.015277427,0.014404141,0.020145588,0.204108,0.19750032
889,0.08429314,0.04912746,0.18340477,0.110025674,0.09954767,0.014372271,0.014263701,0.013039262,0.22514288,0.20678301
890,0.07557734,0.05502113,0.19956447,0.114486754,0.09028783,0.012833624,0.012651986,0.02419469,0.19800232,0.21737984
891,0.0785373,0.05687,0.1927013,0.11090443,0.09471026,0.012659222,0.015639646,0.018670158,0.2221035,0.19720411
892,0.08428468,0.048122816,0.21188916,0.11796274,0.09706295,0.012758809,0.016187707,0.018349996,0.19985262,0.19352861
893,0.07283397,0.050494205,0.24075785,0.11064677,0.094086654,0.012002961,0.009681917,0.020132447,0.19533302,0.19403014
894,0.07878393,0.05610497,0.20701106,0.1240269,0.09079084,0.00960772,0.011391454,0.029712468,0.20568138,0.18688938
895,0.081745416,0.049575113,0.2253853,0.11011229,0.0848457,0.010908136,0.012167046,0.017980773,0.20058604,0.20669426
896,0.07819608,0.048227046,0.2278979,0.111307435,0.08903344,0.011232283,0.015527804,0.021349968,0.18901436,0.20821376
897,0.07703769,0.050489355,0.23537533,0.103704765,0.09617753,0.01251338,0.01160738,0.022555724,0.19053414,0.20000479
898,0.08077966,0.046578765,0.23475492,0.112255335,0.08522193,0.013352085,0.0128178885,0.017664662,0.21094395,0.18563084
899,0.07789735,0.04940901,0.2063616,0.11497684,0.09264869,0.011170286,0.010827246,0.018258652,0.20225427,0.216196
900,0.07537657,0.053680275,0.21939404,0.12215085,0.09198597,0.012000845,0.010884739,0.018858133,0.19079275,0.20487584
901,0.07674604,0.04616588,0.2380825,0.10868843,0.09209587,0.010518669,0.013752501,0.01873063,0.20387144,0.19134806
902,0.08171749,0.06284932,0.17973854,0.09439326,0.096817255,0.0128634265,0.01393746,0.02356306,0.22383931,0.21028098
903,0.07983493,0.049797203,0.23394993,0.11168457,0.08829767,0.011287301,0.0126535455,0.013907179,0.20341423,0.19517352
904,0.076773204,0.053103417,0.22419164,0.12692603,0.08881599,0.01578793,0.013487317,0.023325035,0.17394437,0.20364514
905,0.08064061,0.06517985,0.23663907,0.10187593,0.08313318,0.010128889,0.009322839,0.032510962,0.19315709,0.18741149
906,0.07803867,0.055401273,0.19664921,0.107186966,0.099277236,0.014885319,0.010980952,0.026615841,0.18883562,0.22212881
907,0.080134146,0.049667515,0.21522518,0.120446496,0.099671,0.015566531,0.010792919,0.018196538,0.19900279,0.19129688
908,0.073055655,0.050907966,0.21265724,0.12013182,0.09802033,0.009891784,0.011518246,0.022161622,0.18414472,0.21751069
909,0.07905255,0.05688717,0.19033547,0.13104108,0.10587085,0.01006471,0.008894858,0.021945693,0.21812294,0.17778477
910,0.09874675,0.057311833,0.19124876,0.11536157,0.0934922,0.013604296,0.017221756,0.019754142,0.20290352,0.19035517
911,0.085971765,0.05523776,0.22020876,0.11715965,0.08633487,0.012285939,0.009740417,0.02263854,0.1938965,0.19652578
912,0.08062623,0.056809593,0.20227148,0.108236134,0.090786874,0.01644968,0.012097877,0.024021685,0.22292674,0.18577366
913,0.07176556,0.059901204,0.2080104,0.11027884,0.10495811,0.016395658,0.012037867,0.022860426,0.20757549,0.18621643
914,0.08082339,0.056595586,0.21613775,0.12037504,0.10127579,0.015245899,0.013228759,0.02597933,0.19771972,0.17261876
915,0.06761371,0.049312793,0.21557274,0.10995683,0.07954569,0.013893958,0.013762013,0.02011932,0.20547555,0.2247473
916,0.07788624,0.04571268,0.23043746,0.117322296,0.095069885,0.014606462,0.014877243,0.022561152,0.19037533,0.19115122
917,0.07150516,0.05386922,0.21661755,0.11736228,0.094625585,0.011926298,0.010074796,0.025855854,0.18597452,0.21218866
918,0.08278781,0.050376665,0.21973936,0.10774957,0.084629394,0.0142857535,0.013496595,0.01477113,0.2139451,0.19821858
919,0.07756382,0.060110386,0.20492975,0.10485667,0.092471324,0.008763171,0.007944745,0.02432751,0.20897873,0.21005389
920,0.084198736,0.05118361,0.19150211,0.113749266,0.09763675,0.01167899,0.015207916,0.01954405,0.24102528,0.17427325
921,0.081711024,0.049499337,0.20666203,0.1148767,0.092483304,0.013486284,0.011466504,0.020030046,0.20210905,0.20767571
922,0.085501395,0.057935618,0.21477781,0.11215346,0.08779604,0.016794572,0.01328964,0.02004135,0.20740138,0.18430886
923,0.082120344,0.047025427,0.21205716,0.117161795,0.08949295,0.012485499,0.010930565,0.018267496,0.21859919,0.1918597
924,0.076286696,0.06063828,0.20056933,0.10877505,0.08363682,0.013009702,0.014675312,0.01816439,0.21016921,0.21407522
925,0.07207201,0.054344557,0.2316579,0.114455804,0.08460275,0.011408314,0.01350836,0.01777239,0.2034339,0.19674395
926,0.07295955,0.045321982,0.23352629,0.12373388,0.09617508,0.0127783315,0.010049187,0.016027188,0.19088413,0.19854453
927,0.09225498,0.04957352,0.2153206,0.10641734,0.09458846,0.01264736,0.016559767,0.020472365,0.20873937,0.18342613
928,0.07314541,0.054326147,0.21660292,0.105705395,0.087946124,0.012404692,0.015709726,0.022113813,0.21375199,0.19829376
929,0.080841705,0.05167408,0.21819359,0.11219669,0.101497285,0.011888542,0.012645042,0.02155729,0.19656342,0.19294226
930,0.076675706,0.052450035,0.22871102,0.11239334,0.08560221,0.01601556,0.012208013,0.015998587,0.20172414,0.19822153
931,0.07874546,0.052920647,0.19994144,0.10485663,0.09663937,0.016045824,0.011125388,0.021773834,0.21625939,0.20169201
932,0.067148075,0.06380911,0.20659122,0.1196362,0.089050315,0.011499118,0.010931082,0.026446646,0.17852873,0.22635958
933,0.08605019,0.04756306,0.21507376,0.107826516,0.09202282,0.014288424,0.007152117,0.020230308,0.21635738,0.19343543
934,0.078480884,0.04929794,0.21250208,0.11343407,0.08857186,0.009951936,0.013530334,0.018997602,0.21353067,0.20170255
935,0.07731626,0.047840722,0.23275566,0.10338052,0.09478767,0.011233713,0.0088129565,0.020931294,0.21694604,0.18599515
936,0.0738734,0.050616495,0.2314533,0.114907995,0.092989564,0.012797264,0.014695525,0.021849863,0.18735726,0.19945931
937,0.08882859,0.056826238,0.21335857,0.10424368,0.099860474,0.008331947,0.010011879,0.018806254,0.20861736,0.191115
938,0.076250926,0.04813218,0.19401382,0.11561695,0.094138294,0.016250234,0.014415846,0.018593732,0.22490938,0.19767871
939,0.064389735,0.065370105,0.20436339,0.115667194,0.08888007,0.011039679,0.010008562,0.019270986,0.1905351,0.23047525
940,0.07108093,0.05387578,0.16877142,0.13262759,0.103295244,0.016464079,0.009349861,0.02149224,0.20814691,0.21489593
941,0.06852964,0.049107496,0.24449822,0.12309914,0.08461159,0.010844328,0.009203676,0.015762417,0.20129012,0.19305336
942,0.072809644,0.04882726,0.22799377,0.11303914,0.09272509,0.012697897,0.01670781,0.020373594,0.19897164,0.19585407
943,0.08641729,0.061232332,0.20630702,0.11390597,0.080541134,0.013710696,0.020590851,0.02671354,0.19755529,0.19302584
944,0.07610771,0.057446785,0.194226,0.12344506,0.0932301,0.0125541845,0.01321451,0.020503508,0.1895132,0.21975897
945,0.08311767,0.04737546,0.20913069,0.1128388,0.090241216,0.014996739,0.017815279,0.015881702,0.20064163,0.2079608
946,0.07718604,0.050105356,0.1972181,0.12763771,0.102793925,0.013397471,0.014080954,0.023768835,0.20238753,0.19142407
947,0.081567146,0.05680068,0.19415715,0.11951622,0.09610703,0.015141909,0.012649431,0.020049335,0.20995326,0.19405778
948,0.06865097,0.048661824,0.21102723,0.12515274,0.091203295,0.013396772,0.010655766,0.02138456,0.20406616,0.20580065
949,0.08241524,0.059169892,0.18205808,0.11860624,0.0969302,0.015769647,0.011594876,0.023905186,0.21590641,0.19364445
950,0.07121587,0.057229076,0.16694166,0.1311474,0.10743912,0.013578434,0.00626874,0.021564035,0.24560803,0.1790076
951,0.07903502,0.052375715,0.22198619,0.120605975,0.08717574,0.012430777,0.010534042,0.022465486,0.20489635,0.18849473
952,0.08397857,0.057902455,0.20080477,0.111732066,0.09344497,0.01312803,0.009911019,0.027816312,0.21215753,0.18912417
953,0.07663027,0.046919808,0.20094368,0.106094755,0.09951835,0.016730255,0.0135182105,0.017676426,0.21309985,0.20886852
954,0.0742543,0.054948453,0.19650804,0.12238745,0.09134442,0.0144107565,0.01874874,0.02256801,0.21007353,0.19475631
955,0.08566151,0.055105314,0.21440427,0.10913853,0.09472659,0.012948672,0.010567824,0.017477311,0.20582443,0.19414562
956,0.08457504,0.06075861,0.20363383,0.1094487,0.093473956,0.0122187305,0.014657763,0.020892838,0.19509123,0.20524919
957,0.07608591,0.054264545,0.21189153,0.113229245,0.08231618,0.014008194,0.016202526,0.024884075,0.20909315,0.1980247
958,0.083734274,0.058182936,0.18632308,0.12019376,0.08910589,0.01505459,0.009707972,0.024929963,0.22427426,0.18849336
959,0.08441922,0.057465367,0.1555202,0.12177388,0.101224996,0.014943017,0.009894281,0.024037974,0.23482582,0.19589514
960,0.08279533,0.05506587,0.18590099,0.11665788,0.09638859,0.010884852,0.013906811,0.016140332,0.23276536,0.18949398
961,0.07461036,0.058771756,0.17430127,0.123592995,0.095379554,0.014153254,0.009660713,0.017069612,0.20140824,0.23105238
962,0.08289182,0.054271847,0.23389497,0.10159088,0.090303004,0.0109869875,0.011932694,0.015565626,0.20118022,0.19738205
963,0.09303172,0.062281925,0.19078048,0.12833023,0.09301676,0.012022434,0.011545697,0.028587816,0.20056038,0.17984255
964,0.07965427,0.050746758,0.21027145,0.11441083,0.08884117,0.009455036,0.012676778,0.018304192,0.21074295,0.20489651
965,0.068796724,0.057845127,0.19327652,0.1079863,0.09983141,0.013682365,0.012395474,0.025453987,0.20549633,0.21523559
966,0.07223161,0.057389393,0.2147589,0.12055945,0.09241133,0.011967505,0.012733859,0.017752634,0.20199218,0.19820312
967,0.0869496,0.05361027,0.2141297,0.110522434,0.085573494,0.016629523,0.016914314,0.018716406,0.19835371,0.19860049
968,0.06871391,0.04694127,0.2557782,0.11314688,0.085361406,0.012646739,0.011807993,0.021713696,0.18145026,0.20243952
969,0.09046507,0.04619436,0.19265267,0.117161915,0.10218051,0.011219662,0.015294054,0.023388295,0.20711164,0.19433184
970,0.07528512,0.051489044,0.19344518,0.115570515,0.09016442,0.008680405,0.016810305,0.015287861,0.21721675,0.21605046
971,0.084573865,0.054850534,0.21764046,0.097435,0.091394335,0.014653828,0.01181598,0.017093861,0.2347014,0.1758407
972,0.076128036,0.055142242,0.19099316,0.13970219,0.09390977,0.014144299,0.01059027,0.017163321,0.19481498,0.20741168
973,0.07603577,0.056205366,0.2141775,0.112243496,0.09619643,0.015377304,0.0135278795,0.023072675,0.21557261,0.17759098
974,0.08715278,0.051649295,0.18720864,0.124055035,0.098290004,0.012432932,0.009749312,0.020933926,0.22798178,0.18054634
975,0.06586585,0.05961929,0.20906377,0.12642837,0.08773916,0.010864072,0.016014809,0.024980225,0.20304391,0.1963805
976,0.08683381,0.05200697,0.21578008,0.09781275,0.10220541,0.01324318,0.013584173,0.015603436,0.21043018,0.19249994
977,0.07427559,0.042941168,0.22666168,0.12425445,0.08094662,0.013362466,0.013230571,0.016179256,0.19419171,0.21395645
978,0.07722737,0.051837593,0.23277545,0.10759092,0.087097436,0.011640754,0.012668014,0.029141907,0.20066386,0.18935682
979,0.08402641,0.04447706,0.23578808,0.104502685,0.09554108,0.013159592,0.012379787,0.016550347,0.20924579,0.18432932
980,0.080779836,0.046500027,0.22845663,0.102101624,0.097696684,0.012704219,0.020905865,0.020463549,0.20066431,0.18972722
981,0.0830168,0.053368047,0.19876792,0.12507021,0.100340575,0.012232051,0.013080174,0.013877302,0.2206039,0.17964308
982,0.079959884,0.04979741,0.19238733,0.113843895,0.094758905,0.012896964,0.007196752,0.020730134,0.21156082,0.21686782
983,0.08693698,0.055488087,0.19974044,0.106830396,0.10013054,0.009836151,0.013044296,0.019786565,0.20185034,0.20635617
984,0.08986433,0.050861932,0.23979133,0.10778681,0.08900144,0.012657626,0.010291377,0.016241426,0.18425299,0.19925068
985,0.08016352,0.066484146,0.21554042,0.11981908,0.0835893,0.014766271,0.010859953,0.021755662,0.18951297,0.19750863
986,0.084529415,0.053395264,0.19390479,0.11102518,0.0939182,0.014270591,0.012918656,0.021608744,0.21791309,0.19651598
987,0.07049841,0.05573849,0.20201306,0.11684754,0.0970919,0.012946102,0.016144529,0.028252766,0.19168963,0.20877768
988,0.08141334,0.05172867,0.18664737,0.11287448,0.08916519,0.015202334,0.010868722,0.023524182,0.21757363,0.21100204
989,0.07326793,0.058837183,0.19010945,0.1184008,0.104221925,0.011530387,0.01241183,0.022153433,0.21764271,0.19142425
990,0.0825142,0.048122708,0.20334332,0.10293279,0.09837641,0.01331922,0.004120622,0.020968582,0.24284782,0.18345441
991,0.08077314,0.050669,0.21576475,0.12335813,0.084605694,0.013963322,0.016812434,0.022646407,0.21032111,0.18108596
992,0.0742127,0.055797048,0.18816602,0.12692751,0.09469728,0.013357095,0.016308334,0.020366216,0.22588156,0.18428618
993,0.08643143,0.052240696,0.18477234,0.11650396,0.098253384,0.013710298,0.009791423,0.027736822,0.22350448,0.1870552
994,0.07915697,0.054167736,0.19492947,0.13152978,0.09029516,0.010104912,0.017148372,0.029476343,0.20062943,0.19256184
995,0.08729869,0.048067532,0.22329845,0.101943664,0.09448716,0.011094928,0.013719357,0.019944778,0.21915962,0.18098584
996,0.06301841,0.051199034,0.21819355,0.13043341,0.09405832,0.012128406,0.018990392,0.024653232,0.20180894,0.18551642
997,0.06701923,0.05370163,0.22103757,0.13158883,0.09347323,0.010048109,0.016127009,0.018046949,0.19304532,0.19591218
998,0.08133879,0.054694705,0.17473258,0.11572928,0.10053966,0.012867755,0.0153152095,0.018642101,0.22511096,0.20102896
999,0.077024974,0.051488493,0.20313174,0.12218862,0.09083418,0.011096292,0.011526515,0.018652014,0.21731733,0.19673961
1000,0.07174385,0.055098336,0.21796809,0.111343704,0.08581005,0.011860374,0.012696519,0.02269699,0.21441667,0.19636562
1001,0.08330942,0.052209847,0.22176638,0.11082825,0.093097664,0.013934643,0.012355637,0.026092397,0.1967729,0.18963283
1002,0.08039677,0.047786374,0.20014131,0.13661158,0.086486354,0.013768074,0.011490213,0.021665484,0.19793522,0.2037188
1003,0.08115865,0.042976502,0.24227786,0.11138715,0.08716678,0.012261953,0.016303964,0.016394867,0.20394439,0.18612787
1004,0.08108845,0.045030408,0.21488051,0.11155757,0.08896175,0.011458913,0.0076775104,0.02364062,0.2150599,0.20064428
1005,0.07740762,0.05157179,0.22543715,0.1050969,0.0994478,0.01250192,0.011885803,0.022401072,0.1969386,0.1973113
1006,0.07545552,0.045819722,0.24414343,0.099516414,0.102069534,0.011238764,0.017170878,0.020492528,0.19774021,0.18635309
1007,0.08733983,0.055788487,0.19080266,0.118943535,0.0932937,0.011914102,0.0129702445,0.019779874,0.22249736,0.18667023
1008,0.08660536,0.05097393,0.20188645,0.12702578,0.09590217,0.0096365195,0.011526009,0.020465972,0.21512426,0.1808535
1009,0.078536466,0.050821837,0.22691727,0.11856607,0.08410648,0.012321504,0.008847602,0.016927764,0.2168789,0.186076
1010,0.07129956,0.056046564,0.21784808,0.12343273,0.09258709,0.012934937,0.015268299,0.020524452,0.19946185,0.19059639
1011,0.07706907,0.050769556,0.20759301,0.10813082,0.101897314,0.012932524,0.012265315,0.023427553,0.22062705,0.18528771
1012,0.07896626,0.046880234,0.20776297,0.104527414,0.08812906,0.0130525455,0.006584011,0.01621825,0.23459496,0.20328432
1013,0.06796441,0.046486698,0.23930947,0.110005595,0.08220946,0.01346477,0.01577262,0.026279535,0.17321144,0.22529614
1014,0.08499167,0.057677753,0.18989165,0.12276986,0.09952104,0.00921026,0.009550021,0.019932406,0.20219938,0.20425598
1015,0.080448404,0.052600913,0.21392798,0.11925181,0.084285036,0.012967184,0.013896286,0.023587238,0.20125674,0.19777845
1016,0.08044651,0.048734404,0.21021087,0.1146757,0.08894455,0.014678904,0.013335984,0.020177316,0.21109226,0.19770364
1017,0.085208654,0.054821614,0.19323404,0.11139602,0.08804911,0.012932192,0.009624882,0.030122846,0.21540998,0.19920069
1018,0.080640726,0.053205326,0.21343279,0.11503819,0.0915493,0.012278615,0.0098359585,0.020058418,0.21032982,0.19363078
1019,0.09339201,0.049684364,0.17489101,0.12110973,0.09647246,0.013494987,0.015771545,0.020833526,0.21788014,0.19647008
1020,0.0735218,0.048281245,0.2386934,0.12165428,0.093088895,0.012971158,0.010522829,0.01989938,0.20464227,0.17672488
1021,0.07192033,0.048219096,0.21308231,0.12433916,0.09012052,0.015137153,0.0106675215,0.023471227,0.20953366,0.193509
1022,0.07526095,0.049700573,0.20501374,0.12147854,0.08958642,0.0122829545,0.014286825,0.016288476,0.2180948,0.19800682
1023,0.07801496,0.04876764,0.1952921,0.112359956,0.10097548,0.01167835,0.015222267,0.015136287,0.2303426,0.1922104
1024,0.07504133,0.053590864,0.19706726,0.12999801,0.09039275,0.011185187,0.009534435,0.028019918,0.20749338,0.19767678
1025,0.09088661,0.050001536,0.2095172,0.10114147,0.092988394,0.014364171,0.018583095,0.02372061,0.21417136,0.18462558
1026,0.08140465,0.05814837,0.20959415,0.118851826,0.09058492,0.015882352,0.016690813,0.029216742,0.20421387,0.1754123
1027,0.06575182,0.046129033,0.21245082,0.12358209,0.10177757,0.012620271,0.015431784,0.016494457,0.20522188,0.20054021
1028,0.08012325,0.053973768,0.20972824,0.12039351,0.09014065,0.012082294,0.018000517,0.016676564,0.21190736,0.18697375
1029,0.08899854,0.051775068,0.20580061,0.110765696,0.09757694,0.012967114,0.016310645,0.0236727,0.20940877,0.18272397
1030,0.07366867,0.05567125,0.20446931,0.11325351,0.08873416,0.012364558,0.010647358,0.031257,0.19665381,0.21328041
1031,0.073006056,0.04768529,0.23282592,0.11921328,0.08486223,0.0132883005,0.01287265,0.026108341,0.17707114,0.21306677
1032,0.08898064,0.05544507,0.20051275,0.11552905,0.09543106,0.012067084,0.009827056,0.025514254,0.20486544,0.19182764
1033,0.09265145,0.06299546,0.15336889,0.13746595,0.10282266,0.013783926,0.009495877,0.02666194,0.21716453,0.18358925
1034,0.080801636,0.049782597,0.2095315,0.106027916,0.10580573,0.013621151,0.008705367,0.022526529,0.1917407,0.21145692
1035,0.085306235,0.047713365,0.2065847,0.11795603,0.0977691,0.0114372065,0.0103685325,0.022407921,0.20665124,0.19380559
1036,0.078794904,0.047475535,0.2182295,0.1150437,0.09438676,0.011002088,0.013685322,0.02446139,0.20804624,0.18887463
1037,0.07881088,0.053462934,0.1974342,0.1217784,0.10103746,0.013576642,0.014519441,0.02113016,0.19576243,0.20248741
1038,0.086369134,0.052508004,0.22112617,0.113603175,0.099211596,0.010962696,0.015697384,0.01966214,0.19506413,0.18579552
1039,0.08586292,0.047216695,0.20426643,0.10917146,0.09743793,0.014237897,0.024034567,0.017970618,0.21813394,0.18166748
1040,0.07604089,0.04958298,0.19068082,0.11990732,0.09723108,0.009944079,0.012323555,0.022160662,0.22485992,0.1972686
1041,0.084403455,0.05579791,0.20482598,0.1090095,0.09041054,0.01240903,0.0103939315,0.018398076,0.22193474,0.19241694
1042,0.06910113,0.057110794,0.20285194,0.11557635,0.09627216,0.013089315,0.011987028,0.025836004,0.19593851,0.21223678
1043,0.09830408,0.05569754,0.18979123,0.10975299,0.091051966,0.016321838,0.016601967,0.024043353,0.20957433,0.18886076
1044,0.08184118,0.06146624,0.18047382,0.12435163,0.09370166,0.016515331,0.011487947,0.023126015,0.21657075,0.19046538
1045,0.07475003,0.054060064,0.20777988,0.122679785,0.09766474,0.012593059,0.015664041,0.019499723,0.19742972,0.19787902
1046,0.08030537,0.055773277,0.18319868,0.11683224,0.08998802,0.016415663,0.007558578,0.026480509,0.21320564,0.210242
1047,0.08529955,0.047134645,0.2346165,0.09624057,0.08966293,0.012819917,0.013765422,0.015183617,0.20952682,0.19574997
1048,0.08727434,0.05773692,0.19328578,0.13341181,0.099413246,0.013343737,0.017050384,0.019016271,0.18992776,0.18953978
1049,0.07137253,0.054941677,0.1824032,0.12026512,0.09048322,0.012186069,0.02170594,0.018038822,0.19454268,0.23406073
1050,0.07723412,0.0475277,0.22610246,0.12627387,0.08730016,0.012189961,0.011395131,0.02239736,0.18905061,0.2005286
1051,0.08020704,0.0555901,0.17807022,0.10996,0.09120068,0.013826781,0.005119208,0.015296744,0.22634415,0.22438513
1052,0.0743483,0.04450333,0.23256539,0.10099931,0.093791924,0.009142418,0.011341157,0.01940749,0.22420382,0.1896969
1053,0.0678746,0.05564954,0.22822186,0.11712174,0.10750848,0.01438155,0.009789129,0.020238083,0.16998768,0.20922717
1054,0.07179999,0.05957332,0.23165616,0.10389855,0.09121536,0.013669961,0.011498004,0.019996658,0.21200405,0.18468799
1055,0.07845399,0.050233,0.18306462,0.10971536,0.10064598,0.012621246,0.011425518,0.01790338,0.22314362,0.21279325
1056,0.08508323,0.052600186,0.22927459,0.106278725,0.09082594,0.010881895,0.008250077,0.018159831,0.22104783,0.17759763
1057,0.080405645,0.05443468,0.2148953,0.108407244,0.085876144,0.011452837,0.011470917,0.027856428,0.207892,0.19730881
1058,0.08483581,0.056558657,0.19694455,0.12567195,0.09482162,0.011890284,0.012386687,0.02647561,0.2211893,0.16922557
1059,0.06938448,0.053057022,0.23451021,0.11304703,0.09140539,0.010540116,0.013326993,0.01911466,0.20189404,0.19372
1060,0.06595232,0.04584473,0.21481895,0.12877339,0.09557026,0.012272141,0.015907915,0.023143573,0.18450661,0.21321014
1061,0.07133302,0.054114062,0.23123662,0.10164999,0.087763384,0.011966003,0.013714743,0.023842448,0.21017869,0.19420096
1062,0.07844627,0.0495287,0.20732112,0.10045496,0.102377616,0.014402479,0.011434199,0.018651312,0.21968155,0.19770192
1063,0.07084725,0.051605593,0.20952554,0.103742644,0.08940618,0.014740317,0.012795251,0.018423475,0.2067234,0.22219023
1064,0.089295246,0.052439287,0.18408363,0.13519622,0.0846492,0.015617205,0.013121598,0.017532216,0.20218652,0.20587896
1065,0.07263256,0.056064643,0.22163196,0.09945834,0.08466551,0.009974094,0.0140508795,0.018843336,0.21851599,0.20416276
1066,0.0767258,0.051624626,0.19782746,0.105346605,0.08730054,0.013803051,0.014865989,0.022917176,0.2358819,0.19370681
1067,0.08201005,0.054436743,0.18067619,0.108719036,0.09767102,0.01277363,0.011829469,0.022388568,0.22258359,0.20691179
1068,0.08357691,0.05500284,0.17839667,0.117475174,0.10196747,0.011471884,0.015260731,0.020873358,0.23550957,0.18046531
1069,0.07371627,0.05327842,0.25233838,0.099965475,0.098492414,0.0100278165,0.012850606,0.021160955,0.20115255,0.17701726
1070,0.07721974,0.05615309,0.19765688,0.11918335,0.089408,0.008383519,0.009813806,0.024999956,0.21573,0.20145172
1071,0.07529797,0.052999076,0.21907456,0.12406546,0.08557809,0.010920689,0.012639781,0.020395942,0.19325268,0.20577583
1072,0.075375825,0.04949984,0.19992934,0.119916484,0.10233952,0.0130532235,0.008251044,0.024233246,0.22505957,0.18234184
1073,0.079806715,0.058797378,0.20398456,0.11273592,0.0835205,0.01435464,0.012963916,0.018786792,0.19397184,0.22107777
1074,0.07237973,0.04629257,0.2032034,0.1276344,0.09007435,0.0126312915,0.016640762,0.018826442,0.20595075,0.20636617
1075,0.083752096,0.04957087,0.19344987,0.10013935,0.08343695,0.012528293,0.014112497,0.016531961,0.20766436,0.2388137
1076,0.08420655,0.05167026,0.19004253,0.12383178,0.097029604,0.014071986,0.017674241,0.014658381,0.20310423,0.20371032
1077,0.07553225,0.06341094,0.19879161,0.112133265,0.092108436,0.012014566,0.013290897,0.022270951,0.18474947,0.22569765
1078,0.07832094,0.05274182,0.2011891,0.11443929,0.10639928,0.012683785,0.013257988,0.02139743,0.19670846,0.20286193
1079,0.0893472,0.048779257,0.24286386,0.09861509,0.097338334,0.00996876,0.008374268,0.018665042,0.22118016,0.16486812
1080,0.07628626,0.060916606,0.19421704,0.12622376,0.089016,0.0102002295,0.0117729055,0.020215737,0.22585572,0.18529573
1081,0.07772363,0.06419293,0.19063373,0.12853843,0.095901206,0.008059811,0.014595736,0.017441813,0.18956237,0.21335042
1082,0.092042446,0.054979634,0.18888229,0.12989007,0.09698518,0.012424293,0.016673142,0.019975105,0.2066506,0.18149737
1083,0.071560085,0.055596773,0.24836577,0.109354004,0.078747235,0.00928408,0.016256157,0.016924921,0.19941916,0.1944919
1084,0.07614872,0.048879426,0.18883027,0.09903885,0.09785951,0.01443598,0.013025299,0.020520795,0.22468583,0.21657524
1085,0.077270664,0.05185072,0.21933068,0.11422485,0.094496764,0.013236731,0.007950906,0.027023915,0.20507774,0.18953703
1086,0.07570469,0.058693454,0.21175416,0.113675706,0.088766664,0.01267194,0.010527814,0.02187732,0.20433922,0.20198897
1087,0.07156251,0.05085733,0.21785001,0.11671251,0.07999008,0.013752636,0.015220334,0.020992305,0.2039372,0.20912503
1088,0.085973114,0.0589518,0.2024027,0.120871,0.09088664,0.013527183,0.014154393,0.022753961,0.20626229,0.18421705
1089,0.087429345,0.055392604,0.18117812,0.11369404,0.09617604,0.009249274,0.015705407,0.026826162,0.23102985,0.18331908
1090,0.071804225,0.052577842,0.20120627,0.116882175,0.10366387,0.014262378,0.011888929,0.022136372,0.19787629,0.20770167
1091,0.097107925,0.054409306,0.18985562,0.11293849,0.09122225,0.011138174,0.011461273,0.021503238,0.22472975,0.18563384
1092,0.07156686,0.054822184,0.22131816,0.12287312,0.087117866,0.012784203,0.014205734,0.021873606,0.20058133,0.19285686
1093,0.08612232,0.05332825,0.1640757,0.13740355,0.08894085,0.0135837775,0.010424447,0.022707693,0.2134762,0.20993716
1094,0.06754226,0.057596136,0.21272434,0.11367559,0.08586737,0.01246639,0.020468818,0.021340704,0.18983826,0.21848027
1095,0.08186472,0.05598826,0.19897003,0.11960512,0.09745447,0.012585569,0.013104618,0.017726738,0.20797129,0.19472934
1096,0.07321003,0.058409575,0.22591709,0.10778183,0.087919034,0.010895864,0.0092197,0.026467232,0.19708666,0.20309283
1097,0.08739628,0.051415596,0.20990375,0.103321046,0.094213955,0.016082775,0.011653979,0.019340351,0.19092652,0.21574572
1098,0.08738064,0.053804543,0.17193744,0.1359039,0.0903323,0.014189905,0.0091440575,0.019546371,0.2220359,0.19572501
1099,0.08148331,0.04746073,0.23469205,0.104259305,0.08715223,0.014276811,0.012552554,0.016528536,0.20576485,0.1958296
1100,0.07896207,0.04339067,0.23947704,0.103639446,0.09807409,0.009859157,0.0100591695,0.017870171,0.19092295,0.20774522
1101,0.0640107,0.059569784,0.22675839,0.11120116,0.10355349,0.014842306,0.010729219,0.027772415,0.18858844,0.19297421
1102,0.077423096,0.054467835,0.23229627,0.11094146,0.09974095,0.012333473,0.012651891,0.027623735,0.19357572,0.17894535
1103,0.075637296,0.053916503,0.19244058,0.12012407,0.090785176,0.014446269,0.014975408,0.02386137,0.21183063,0.20198281
1104,0.08161428,0.065022305,0.20964105,0.11821279,0.08591668,0.014278229,0.009857263,0.023007058,0.22201553,0.17043486
1105,0.08179128,0.050046768,0.2112153,0.10928796,0.08205896,0.011156669,0.007517693,0.020353628,0.21609527,0.21047644
1106,0.076033756,0.05408324,0.22523184,0.10193909,0.09936374,0.013018264,0.011758529,0.018777512,0.20405097,0.19574305
1107,0.084424354,0.05456583,0.1963909,0.11934836,0.094191626,0.016578026,0.011562612,0.024055813,0.19971411,0.19916825
1108,0.064917855,0.052380543,0.1931623,0.13547765,0.08991468,0.01406641,0.010596555,0.023841714,0.1864031,0.22923914
1109,0.06816037,0.057675343,0.19161932,0.1241554,0.10048119,0.014940672,0.009115684,0.019759558,0.22284807,0.19124418
1110,0.07591946,0.053624265,0.21270631,0.12731205,0.081400804,0.010016841,0.017730948,0.022008095,0.19094889,0.20833242
1111,0.07580587,0.049406458,0.20729224,0.11925019,0.09175181,0.015903562,0.010444338,0.023954533,0.21322674,0.19296423
1112,0.07914307,0.05344933,0.20451565,0.112335324,0.10815075,0.012029043,0.009353336,0.01858605,0.2115034,0.19093403
1113,0.06972787,0.05920643,0.20929596,0.12527676,0.088439114,0.012334888,0.010108357,0.02162905,0.2062504,0.19773112
1114,0.07678916,0.054832872,0.19438998,0.13037743,0.08514252,0.010950801,0.016597344,0.02491827,0.22308043,0.1829213
1115,0.09130226,0.056971386,0.16658813,0.1281032,0.09986962,0.01256052,0.015921371,0.017759103,0.19783452,0.21308999
1116,0.0850477,0.057066675,0.15953454,0.12811156,0.10954153,0.014708168,0.019360805,0.02724434,0.21528326,0.1841014
1117,0.07997673,0.050342876,0.21823676,0.10614901,0.10325226,0.013057875,0.0117696365,0.018338542,0.21362555,0.18525068
1118,0.09017256,0.041803833,0.18413447,0.10917278,0.10890892,0.012210205,0.008641209,0.012920503,0.2264842,0.20555134
1119,0.09870471,0.047138557,0.19796409,0.09548004,0.09894609,0.010175243,0.015687795,0.012565612,0.25052983,0.17280799
1120,0.071567856,0.062456954,0.23314598,0.10365344,0.08022848,0.010577597,0.014748177,0.030690502,0.19930586,0.19362523
1121,0.091245055,0.055343974,0.20439216,0.115273215,0.09074612,0.013434214,0.0093311295,0.0174062,0.20569149,0.19713646
1122,0.094688915,0.057870395,0.15215306,0.11311452,0.11197102,0.01452722,0.012578137,0.022138366,0.23647606,0.18448235
1123,0.08283186,0.07158201,0.19440508,0.12806797,0.10034952,0.017442677,0.012350847,0.024944125,0.2017474,0.16627851
1124,0.069966994,0.0507848,0.21557067,0.12771429,0.09500211,0.008819897,0.0123828165,0.019342463,0.18628487,0.21413107
1125,0.07477146,0.061092936,0.17890961,0.11691919,0.09495894,0.014032821,0.01884493,0.025946425,0.23589297,0.17863071
1126,0.08748004,0.050139755,0.17656067,0.13610576,0.098212056,0.012189812,0.0104158465,0.018701524,0.21015032,0.2000443
1127,0.076762505,0.05220106,0.22287528,0.09658701,0.092898995,0.010755111,0.0071587386,0.02127233,0.19387805,0.225611
1128,0.094477795,0.053061903,0.20767274,0.113158815,0.08704313,0.010474105,0.01366023,0.022533176,0.20188314,0.1960349
1129,0.07376486,0.058114078,0.18867922,0.12242657,0.091079794,0.013979177,0.011423119,0.022197094,0.2057456,0.21259055
1130,0.07575921,0.048945494,0.23240966,0.10101922,0.08331889,0.010040636,0.012086548,0.024980254,0.21221493,0.19922514
1131,0.08823565,0.05246881,0.1923587,0.12555559,0.10095238,0.011962701,0.007382353,0.021045325,0.22339126,0.1766472
1132,0.09037021,0.05337418,0.1651358,0.11175743,0.093531206,0.016837826,0.011877104,0.020760462,0.22400028,0.21235555
1133,0.08147505,0.054055497,0.19092472,0.12564781,0.10040723,0.013749183,0.011262843,0.018555105,0.20458506,0.19933754
1134,0.064740606,0.0568674,0.25186375,0.115402915,0.08559266,0.01129146,0.018004142,0.023521395,0.18096632,0.19174932
1135,0.06710198,0.04817286,0.2523803,0.10777709,0.09834838,0.01165197,0.013046042,0.020584082,0.18876849,0.19216886
1136,0.07848013,0.05268259,0.24648562,0.116346695,0.09139886,0.012360235,0.012444582,0.014438724,0.18754292,0.18781954
1137,0.073210545,0.053804837,0.22109675,0.11394814,0.089620374,0.013847781,0.011552104,0.022395952,0.2083873,0.19213627
1138,0.07979498,0.049400266,0.21504417,0.12217366,0.08548513,0.012086174,0.015659122,0.018997304,0.17814443,0.22321485
1139,0.081139505,0.04598197,0.23982358,0.102273844,0.08385821,0.008661338,0.009598995,0.01640893,0.20274884,0.20950477
1140,0.06414856,0.060089804,0.22256936,0.11000251,0.099082835,0.01614764,0.0108511485,0.022535346,0.19547683,0.19909595
1141,0.059711777,0.05283758,0.19407633,0.12410471,0.090575606,0.014681458,0.013141904,0.016492736,0.19418563,0.24019238
1142,0.0803185,0.04527361,0.23631333,0.113239884,0.100523904,0.011096669,0.01177924,0.01716267,0.2004325,0.1838596
1143,0.08507583,0.05713178,0.18841438,0.121109165,0.09421881,0.009370488,0.011997643,0.022090377,0.21540187,0.19518961
1144,0.08672717,0.049961902,0.22113289,0.10105543,0.09258693,0.012582453,0.01665371,0.018003872,0.21110351,0.19019218
1145,0.07315277,0.05565135,0.1719899,0.14049834,0.10247442,0.010302054,0.00687804,0.024021493,0.18870138,0.22633037
1146,0.08901949,0.051445622,0.18506928,0.12140395,0.10185972,0.01338017,0.014400837,0.0185454,0.23710515,0.1677704
1147,0.08098098,0.055421177,0.2010956,0.121695735,0.09648097,0.014012547,0.011262815,0.020767985,0.21788561,0.18039659
1148,0.073877096,0.048991956,0.22918744,0.11486087,0.082639,0.017390914,0.0198946,0.018894864,0.19089934,0.20336397
1149,0.08306259,0.04860152,0.20339446,0.12091504,0.09896633,0.012853368,0.011589079,0.020492826,0.19806051,0.2020643
1150,0.079601794,0.04737184,0.23258229,0.09563758,0.09062799,0.012308771,0.010781158,0.015964566,0.20147008,0.21365392
1151,0.073440656,0.048260998,0.23607965,0.10984419,0.09583099,0.015509628,0.011963016,0.020377854,0.17323734,0.21545574
1152,0.07193504,0.05230157,0.19942884,0.13347787,0.093517825,0.013526028,0.010439614,0.02145597,0.2105323,0.19338486
1153,0.06824608,0.052080132,0.19311662,0.12756738,0.09360345,0.015366021,0.010415407,0.025935624,0.21902375,0.19464548
1154,0.07419864,0.053790055,0.25827542,0.107443616,0.08972747,0.014663769,0.01743281,0.019738855,0.17005898,0.1946705
1155,0.06973026,0.052908424,0.25794894,0.10625384,0.08521733,0.0109936185,0.009270098,0.017714156,0.1936812,0.1962821
1156,0.092148446,0.054276943,0.19001713,0.11130989,0.09292368,0.013023006,0.0089286,0.02200287,0.22392198,0.1914474
1157,0.07397433,0.06081108,0.16672903,0.1476212,0.09759962,0.0154031785,0.014750146,0.025206633,0.20768055,0.19022422
1158,0.07306985,0.045100905,0.19965474,0.117169,0.10183394,0.009602263,0.008624955,0.015991386,0.21651521,0.21243776
1159,0.07182607,0.046019066,0.24736348,0.10157534,0.10091362,0.010221432,0.012820019,0.0164012,0.19430922,0.19855066
1160,0.076111116,0.05352691,0.21380733,0.11431634,0.091718666,0.014762957,0.008858539,0.019857347,0.19431286,0.21272807
1161,0.09121577,0.046009768,0.19618724,0.09929676,0.10058708,0.0131261395,0.01427593,0.020187324,0.23358934,0.18552458
1162,0.07819645,0.049885754,0.22803496,0.11096315,0.090721555,0.009600529,0.012950802,0.017362135,0.20943561,0.1928491
1163,0.08255913,0.047779273,0.18674368,0.1220023,0.11152789,0.012844789,0.008479908,0.021058623,0.22330053,0.18370394
1164,0.08432923,0.05687325,0.15891205,0.14134178,0.10498936,0.014883747,0.012061516,0.017509786,0.22584626,0.18325306
1165,0.07169082,0.053990003,0.2022689,0.119593084,0.0959961,0.0103048645,0.012515716,0.028219227,0.20149572,0.20392545
1166,0.07581228,0.052084636,0.20903952,0.117266625,0.09090601,0.012816383,0.009523502,0.018182434,0.20018974,0.21417859
1167,0.082733035,0.04412873,0.22843961,0.11583424,0.093946904,0.013312481,0.014333236,0.01747481,0.19879808,0.19099888
1168,0.07942307,0.046641115,0.23939964,0.104035385,0.07949857,0.012173744,0.015005139,0.025063455,0.21182121,0.1869386
1169,0.08759204,0.054473788,0.1989043,0.11577603,0.100173965,0.015606633,0.017280163,0.020725938,0.21158202,0.17788503
1170,0.06597145,0.056472965,0.23722517,0.11067564,0.102243036,0.014786546,0.012658618,0.02392168,0.18972822,0.18631646
1171,0.08842149,0.047084972,0.21373487,0.12136997,0.09339732,0.012352707,0.014747118,0.014560427,0.17625138,0.21807969
1172,0.08428629,0.055804335,0.22451627,0.10675164,0.099653974,0.0113962265,0.015166239,0.023439284,0.19677402,0.1822118
1173,0.0758999,0.05228639,0.20223887,0.119383216,0.08321148,0.0148866335,0.012872745,0.019775473,0.22350915,0.19593604
1174,0.072030425,0.058780342,0.23378803,0.121625766,0.08515027,0.012604209,0.018328307,0.025987085,0.18524219,0.18646343
1175,0.08031922,0.049756143,0.1823003,0.123163186,0.08924685,0.016266609,0.0096717505,0.026619509,0.22821842,0.19443801
1176,0.06633583,0.05935555,0.20817888,0.12117062,0.08501653,0.01324015,0.010928624,0.027134903,0.20677201,0.20186679
1177,0.08550884,0.04677784,0.25215995,0.09547722,0.084663786,0.010024351,0.013378234,0.024541149,0.18774597,0.19972269
1178,0.06946084,0.054007273,0.2163166,0.12083427,0.10049401,0.013543592,0.01296139,0.022029053,0.20395277,0.18640012
1179,0.07869356,0.050329465,0.19350567,0.12975964,0.08470373,0.012135321,0.010590832,0.020939613,0.21216433,0.207178
1180,0.085456215,0.057657775,0.15531263,0.12190787,0.10800401,0.010936139,0.011856951,0.022762792,0.24154718,0.1845584
1181,0.0729594,0.06334267,0.20735985,0.10616228,0.08369099,0.013099908,0.010369482,0.018054262,0.21364667,0.2113144
1182,0.07373383,0.05404708,0.2268593,0.10644691,0.091235146,0.013345079,0.008208046,0.02322534,0.21480462,0.18809465
1183,0.091642916,0.062743515,0.1795444,0.1273357,0.090528,0.015719263,0.01144924,0.021922689,0.22048764,0.17862664
1184,0.08133978,0.060211897,0.181597,0.13462159,0.100189425,0.011565976,0.013063378,0.028416067,0.21554802,0.17344683
1185,0.080563255,0.04751032,0.21149804,0.10646327,0.093237884,0.012785198,0.012767249,0.013355706,0.21470597,0.20711304
1186,0.083856724,0.05698321,0.18215032,0.11653988,0.094888054,0.01555926,0.010373872,0.023685232,0.20919713,0.20676628
1187,0.06864596,0.04879696,0.23143372,0.1276177,0.089612804,0.016535698,0.009552667,0.023084095,0.19470307,0.19001728
1188,0.08068112,0.05897146,0.18823081,0.115710415,0.111231916,0.012644394,0.015047575,0.023330294,0.21126123,0.18289079
1189,0.07139708,0.05809136,0.20733835,0.115126975,0.09956667,0.014860112,0.015058931,0.018341143,0.20498489,0.19523443
1190,0.07283348,0.05875722,0.21776415,0.11420472,0.08874541,0.012776138,0.009516581,0.019438628,0.18561071,0.220353
1191,0.08190841,0.050294746,0.22703783,0.09775723,0.090134,0.017242534,0.010137193,0.014900279,0.20845251,0.20213534
1192,0.08411452,0.05250099,0.16683829,0.12437838,0.09784212,0.018186284,0.015422149,0.020025348,0.22254835,0.1981435
1193,0.0873623,0.055849236,0.20874536,0.116602354,0.0917873,0.013158899,0.009793083,0.016000487,0.21167766,0.18902339
1194,0.08058967,0.055434838,0.17278613,0.12716414,0.10443409,0.0139243975,0.008211072,0.02215885,0.21053894,0.20475784
1195,0.073724784,0.05800126,0.24168345,0.10875292,0.08764796,0.0116927195,0.017634625,0.024650441,0.2007076,0.17550425
1196,0.07961177,0.050720237,0.18471368,0.12044007,0.095542975,0.016013412,0.0154222725,0.020405117,0.19488856,0.22224203
1197,0.07563432,0.060424265,0.19642007,0.11951958,0.10492536,0.01618571,0.010126675,0.020236159,0.20870624,0.18782166
1198,0.0770945,0.055097554,0.21779409,0.11891172,0.09357088,0.014682489,0.0066140587,0.022065392,0.20665705,0.1875123
1199,0.084877364,0.052068528,0.1801759,0.13318521,0.10416748,0.014726355,0.010682133,0.016522333,0.20923871,0.1943559
1200,0.07568774,0.052964125,0.2137769,0.12863478,0.09012725,0.012582563,0.014079685,0.02277697,0.20781334,0.18155655
1201,0.07678812,0.059579644,0.20065194,0.12091658,0.081720926,0.012252276,0.014547872,0.02545555,0.21040367,0.19768332
1202,0.06490163,0.04488954,0.20709845,0.121982984,0.10248129,0.013633689,0.010535714,0.014259474,0.22691672,0.1933007
1203,0.06721619,0.05173845,0.23532785,0.11497487,0.08935447,0.009371745,0.012521282,0.02113959,0.20856859,0.18978687
1204,0.07650227,0.05413747,0.22471818,0.11149947,0.08066264,0.008776694,0.013751203,0.018362176,0.20825171,0.2033382
1205,0.068638116,0.05321566,0.20795928,0.12786968,0.09252168,0.015506354,0.012688262,0.019368518,0.18488868,0.2173438
1206,0.074560024,0.069262505,0.1919658,0.1263802,0.09412124,0.010183766,0.014379006,0.02000034,0.19886945,0.20027754
1207,0.086227424,0.05047245,0.26187912,0.08540314,0.082435906,0.012160217,0.014651959,0.016461624,0.21105121,0.17925689
1208,0.07795963,0.048839718,0.23491873,0.1147851,0.10119217,0.013025031,0.010941793,0.024155818,0.18959233,0.18458961
1209,0.07927067,0.04538575,0.1988116,0.115441695,0.0925045,0.017151386,0.0067846794,0.020833101,0.21480024,0.20901637
1210,0.08601483,0.05516275,0.19251181,0.11498024,0.09570643,0.013610306,0.010569188,0.018542167,0.22143789,0.19146448
1211,0.07982768,0.04879626,0.2027195,0.13433634,0.103999354,0.009880622,0.009630504,0.015747491,0.20842987,0.1866324
1212,0.08325818,0.055594657,0.20662081,0.12055098,0.08886503,0.010287535,0.011562532,0.0251034,0.21130256,0.18685421
1213,0.08393895,0.059199434,0.16772565,0.12001861,0.09850252,0.014354032,0.011225628,0.021209624,0.2169171,0.20690855
1214,0.07219316,0.04218481,0.2161215,0.11967345,0.08518316,0.011879693,0.008880792,0.015474082,0.2068736,0.22153585
1215,0.073980816,0.04775056,0.21788505,0.11955815,0.09957975,0.012798874,0.015086018,0.024850547,0.17955358,0.20895664
1216,0.07614741,0.06317278,0.19597283,0.117630616,0.103732795,0.011492737,0.01725628,0.019224871,0.20316613,0.1922034
1217,0.081829496,0.056930684,0.21039417,0.11831429,0.09396259,0.010529369,0.011644555,0.022605905,0.19535443,0.19843459
1218,0.076375626,0.051013414,0.18775897,0.12531593,0.089154236,0.009924119,0.01140829,0.019974306,0.21730117,0.21177387
1219,0.07620267,0.056934476,0.19134603,0.1276334,0.0909534,0.017275477,0.016470533,0.024650922,0.19665575,0.20187747
1220,0.08334729,0.053187955,0.21697325,0.10220567,0.08654977,0.0101051545,0.011106209,0.0287001,0.21424857,0.19357592
1221,0.07182456,0.04984047,0.21446624,0.13133651,0.09384839,0.011140506,0.012111436,0.022173097,0.16136466,0.23189417
1222,0.086139284,0.059341718,0.19674243,0.12396898,0.09290268,0.009827511,0.007784718,0.022137713,0.21425736,0.1868977
1223,0.082400605,0.0534817,0.17571679,0.117618866,0.08993287,0.01332933,0.013904204,0.020125858,0.21462904,0.21886079
1224,0.080031864,0.054267768,0.19712955,0.12709613,0.09281399,0.01416456,0.012992468,0.028273586,0.19974878,0.19348139
1225,0.07894432,0.058699954,0.19592188,0.113001764,0.09509675,0.014465587,0.010253289,0.016963188,0.21539858,0.20125449
1226,0.0642584,0.05961482,0.1946624,0.1180656,0.09551479,0.01167916,0.014467447,0.019590175,0.22653951,0.19560772
1227,0.08006395,0.04563313,0.2167907,0.1250459,0.09126512,0.010522704,0.013201086,0.019620411,0.20730083,0.19055621
1228,0.07397562,0.0632265,0.20538549,0.115256,0.09295064,0.014983723,0.013564062,0.029633839,0.20124324,0.18978083
1229,0.086869344,0.05552274,0.21138775,0.11708395,0.08756395,0.012100859,0.019344157,0.022530569,0.20494217,0.18265463
1230,0.08116383,0.049954824,0.21208413,0.112509795,0.08901452,0.0112772,0.011341128,0.01671506,0.21584405,0.20009534
1231,0.077600494,0.051166147,0.20028917,0.11405392,0.08478393,0.010266181,0.008278408,0.0240112,0.2004927,0.22905791
1232,0.07415571,0.06308626,0.20280239,0.1278112,0.077404246,0.011271223,0.011068211,0.02126646,0.21102886,0.20010535
1233,0.08354812,0.055747505,0.18893306,0.11549042,0.10155293,0.011112997,0.016473362,0.021961449,0.2113193,0.19386087
1234,0.08405763,0.051998477,0.22325331,0.10575427,0.10542986,0.011176912,0.008797648,0.019270115,0.18912663,0.2011352
1235,0.0730194,0.053090397,0.20976412,0.13405567,0.098087296,0.018541994,0.0084069045,0.019487415,0.19552863,0.19001824
1236,0.06987954,0.051838417,0.2089048,0.10994141,0.09564163,0.016271051,0.012147596,0.017973814,0.20469664,0.21270512
1237,0.09253418,0.060168087,0.17497097,0.11921085,0.101753145,0.014898154,0.011306063,0.021612346,0.23140132,0.1721449
1238,0.06504727,0.058241412,0.20676199,0.12318071,0.09597055,0.011213155,0.008670867,0.02037117,0.20590179,0.20464103
1239,0.071612515,0.058128603,0.21760793,0.11760166,0.097651444,0.009748045,0.013728991,0.017137686,0.20222303,0.19456024
1240,0.06728399,0.048107896,0.23666503,0.10237313,0.09472844,0.014413636,0.01500622,0.015729172,0.21438143,0.19131109
1241,0.08724381,0.061406743,0.22258055,0.10655655,0.09427699,0.011170658,0.009628057,0.022594837,0.21516779,0.1693741
1242,0.07018538,0.049159527,0.20846277,0.100913964,0.09155382,0.01142899,0.017962918,0.017678743,0.21376368,0.21889018
1243,0.06689681,0.057746775,0.23223762,0.12052352,0.09779118,0.01147517,0.016586361,0.019125838,0.18757106,0.19004564
1244,0.07539385,0.05359941,0.21212493,0.12431904,0.08458547,0.013808845,0.01607704,0.022317704,0.18768892,0.21008486
1245,0.08223214,0.051350005,0.21054853,0.111124925,0.08536318,0.01344725,0.010595622,0.024626294,0.21535267,0.19535935
1246,0.07314246,0.051985674,0.22259732,0.13254264,0.0839648,0.012617382,0.017249344,0.027579395,0.19186778,0.18645316
1247,0.07235715,0.056756273,0.17138779,0.12228259,0.100564554,0.013837386,0.020624856,0.022949528,0.21819729,0.20104267
1248,0.07728939,0.045723658,0.22339791,0.10904816,0.087057665,0.010868132,0.018936759,0.021950727,0.1998776,0.20584998
1249,0.08546389,0.053429827,0.23111244,0.11495885,0.09338487,0.011727873,0.008773592,0.017902125,0.19205958,0.1911869
1250,0.06595098,0.04666922,0.2106371,0.11772034,0.09878002,0.012713732,0.011124854,0.02498644,0.18892463,0.22249277
1251,0.089187525,0.053949952,0.20806003,0.09584304,0.09242188,0.015524601,0.0038866305,0.029240625,0.19987416,0.21201147
1252,0.06624533,0.055164993,0.15663773,0.11913136,0.10036761,0.012957071,0.012696286,0.01873428,0.23560357,0.22246182
1253,0.07124187,0.05022245,0.24189362,0.12411423,0.08448939,0.011248409,0.013914652,0.016442737,0.17873633,0.20769627
1254,0.0893304,0.040977597,0.2270626,0.10606446,0.09665232,0.010896037,0.012924882,0.022691794,0.18744501,0.20595491
1255,0.06945782,0.04405945,0.19426294,0.12513775,0.09237167,0.011335833,0.012173655,0.017765246,0.21413058,0.21930502
1256,0.06352363,0.06096745,0.21440025,0.11193612,0.09165524,0.0107352575,0.017738441,0.0222461,0.20444912,0.20234841
1257,0.07586173,0.051922876,0.21647686,0.13542618,0.0867494,0.015870746,0.014208775,0.01839628,0.17734739,0.20773979
1258,0.07423478,0.049896266,0.21541762,0.11329582,0.08963187,0.015359944,0.012034232,0.01721608,0.22201027,0.19090304
1259,0.08080579,0.043871187,0.21432528,0.114840075,0.10709963,0.014492788,0.016020555,0.014609899,0.1958283,0.19810642
1260,0.094663896,0.05627952,0.20540121,0.12396615,0.09975632,0.010859877,0.0061390395,0.02337086,0.21747355,0.16208953
1261,0.070856765,0.048635434,0.23511447,0.11173284,0.09550103,0.00896107,0.008861155,0.02001127,0.2085172,0.19180876
1262,0.07621956,0.052034147,0.1965908,0.1223741,0.09219198,0.013001471,0.018006286,0.025533712,0.21399963,0.19004828
1263,0.07341079,0.04832838,0.21731173,0.12541808,0.07910262,0.0144553855,0.012162976,0.017845998,0.19601318,0.21595088
1264,0.07747288,0.048629172,0.2226454,0.11360513,0.097115755,0.013798627,0.017988257,0.018562969,0.17786461,0.21231717
1265,0.09736071,0.056499902,0.16818215,0.13164678,0.09098157,0.012910543,0.0070557888,0.025501722,0.22186229,0.1879985
1266,0.08638278,0.05009495,0.20317535,0.10824463,0.09180858,0.0107676,0.012232187,0.025477914,0.21716806,0.1946479
1267,0.06681462,0.04412776,0.24430841,0.101180166,0.083655566,0.011709968,0.012882385,0.020444661,0.21454506,0.20033138
1268,0.09294686,0.06405551,0.16745442,0.12843165,0.08869231,0.016787061,0.014704376,0.0373148,0.22268626,0.16692673
1269,0.07182932,0.0514728,0.18652049,0.13520914,0.10090191,0.010246007,0.022809329,0.022127064,0.19377306,0.20511085
1270,0.0710041,0.05041477,0.24350648,0.11419776,0.089741394,0.010970199,0.015091124,0.023133362,0.17805278,0.20388794
1271,0.071089245,0.06211796,0.18088442,0.1222229,0.091283634,0.015134852,0.013795386,0.028616538,0.21197976,0.20287535
1272,0.06982462,0.05795817,0.20985058,0.13004264,0.09043345,0.014433909,0.017505655,0.018201616,0.20715563,0.18459363
1273,0.09513948,0.05781543,0.20248033,0.106568575,0.089341514,0.012123132,0.018010318,0.027030662,0.20497297,0.18651758
1274,0.09146274,0.046359736,0.16987303,0.104718074,0.10935498,0.007450473,0.006715239,0.019219251,0.24536535,0.19948119
1275,0.07153667,0.06690781,0.21758537,0.107654065,0.087186344,0.015180187,0.012622352,0.01855678,0.19981936,0.20295112
1276,0.07820464,0.042230017,0.19389802,0.11970937,0.09390101,0.009354864,0.008754392,0.016845409,0.19374116,0.24336101
1277,0.07363383,0.04913266,0.23496321,0.12683654,0.09202816,0.009608008,0.010271128,0.028890466,0.19303654,0.18159947
1278,0.09553979,0.04682543,0.21026187,0.12580632,0.09247728,0.010785603,0.012358229,0.020277683,0.19067937,0.19498846
1279,0.074662216,0.059287116,0.20576666,0.1050645,0.09926353,0.01388256,0.016658176,0.020591585,0.2195125,0.18531114
1280,0.08436576,0.06434314,0.21652539,0.108543366,0.10480782,0.011739869,0.016349196,0.017096726,0.20519131,0.17103729
1281,0.08486888,0.05809831,0.18595333,0.124414906,0.09645191,0.015980752,0.0067698453,0.025924137,0.22185037,0.17968751
1282,0.08235832,0.053598214,0.16901816,0.12183405,0.09845357,0.017614892,0.020106925,0.026804864,0.20229037,0.20792054
1283,0.077830724,0.058151495,0.20049343,0.119198844,0.08998793,0.013302037,0.013128492,0.020944111,0.22409391,0.18286905
1284,0.07591052,0.06406248,0.21240187,0.1319697,0.0990081,0.015727488,0.013879163,0.01860595,0.18405795,0.18437678
1285,0.07192222,0.052670807,0.2008956,0.116089165,0.084530644,0.011209737,0.014176984,0.018197028,0.21472901,0.21557876
1286,0.07475222,0.054027103,0.22731647,0.11257688,0.09872321,0.009129763,0.010618912,0.016962374,0.1913035,0.20458965
1287,0.07722891,0.05016405,0.21055195,0.098273434,0.10211174,0.0142491935,0.01769061,0.01903423,0.21754186,0.19315407
1288,0.07672221,0.04109198,0.20760618,0.093863405,0.09909959,0.01576407,0.014156494,0.019929018,0.25111198,0.18065503
1289,0.08943307,0.059912387,0.18007876,0.121170476,0.09576704,0.016678765,0.013055851,0.021075604,0.21321262,0.18961534
1290,0.101127476,0.0624817,0.20648989,0.1100157,0.09109302,0.011706917,0.012593311,0.02014826,0.22317226,0.16117129
1291,0.07082228,0.051229183,0.21526866,0.11477006,0.083066806,0.014379954,0.018713376,0.02468953,0.21449015,0.19257002
1292,0.08641314,0.05639607,0.1810656,0.1161685,0.08766371,0.010676333,0.012193144,0.018133886,0.19792117,0.23336847
1293,0.06724184,0.060183775,0.1921366,0.12793963,0.100763656,0.010219432,0.010657294,0.023423396,0.21068414,0.19675025
1294,0.06112786,0.05396125,0.21697274,0.123649836,0.081425935,0.012042864,0.011410927,0.018781079,0.20588736,0.21474004
1295,0.07020883,0.0502491,0.20133196,0.13489161,0.091259,0.018999875,0.015222441,0.015541268,0.18162999,0.22066587
1296,0.056600824,0.04831665,0.23862122,0.10794365,0.08702387,0.0178404,0.020499427,0.020986032,0.18375391,0.21841392
1297,0.07699657,0.051760674,0.21641223,0.1149249,0.092597574,0.014345436,0.0063665877,0.021321047,0.20897031,0.19630463
1298,0.07808386,0.055027764,0.18857734,0.14018781,0.095369406,0.011892189,0.019075984,0.017710842,0.2014304,0.19264437
1299,0.08357999,0.052236777,0.22878169,0.11074111,0.1062005,0.011462796,0.016091002,0.018400256,0.20080389,0.17170192
1300,0.08835392,0.044853024,0.17150554,0.118771866,0.09882543,0.012678043,0.013001957,0.020481328,0.23826763,0.1932612
1301,0.06916865,0.04815133,0.21305187,0.13375615,0.100419864,0.013294893,0.017298542,0.020205127,0.18881953,0.1958341
1302,0.09040528,0.05929239,0.15439917,0.11583417,0.08829064,0.013798345,0.007829911,0.021844128,0.23147011,0.21683578
1303,0.08254735,0.058391854,0.17459664,0.117637105,0.084872134,0.010726202,0.015701434,0.0226892,0.20603487,0.22680332
1304,0.08527424,0.05486968,0.22728983,0.12448504,0.09372147,0.012657569,0.013099163,0.020729167,0.20900692,0.1588669
1305,0.07914369,0.054113027,0.21863428,0.11115921,0.096995525,0.011227659,0.01975862,0.024435028,0.17945021,0.20508265
1306,0.078135036,0.04892536,0.251108,0.101097964,0.089223,0.014215575,0.010556833,0.016949395,0.20682953,0.18295926
1307,0.06851553,0.048149347,0.23064959,0.11444478,0.09243616,0.0120717,0.011936836,0.029603034,0.19392605,0.198267
1308,0.07085599,0.056531385,0.20837183,0.11890488,0.08455809,0.016265908,0.0077029895,0.0202721,0.19947296,0.21706386
1309,0.08241746,0.04811806,0.23370895,0.11959699,0.09062391,0.010978963,0.015027496,0.018433645,0.18403216,0.19706234
1310,0.09096357,0.04074773,0.21474524,0.12787339,0.086129986,0.015665364,0.014879587,0.01495716,0.20170082,0.19233724
1311,0.08778098,0.061725207,0.1914072,0.09045596,0.08947324,0.009344571,0.01707524,0.032177694,0.24393712,0.17662273
1312,0.06726712,0.0515244,0.23117125,0.11292299,0.10342102,0.014333474,0.013813236,0.016236724,0.18808518,0.20122454
1313,0.08354508,0.051777136,0.15623175,0.11771539,0.10016061,0.013924295,0.010612221,0.012969065,0.22998032,0.22308414
1314,0.09376231,0.05499049,0.19756845,0.11650308,0.08269815,0.014706426,0.017458094,0.018498272,0.20688504,0.19692968
1315,0.07201844,0.056204006,0.19221465,0.11956987,0.10070682,0.010364872,0.016475044,0.020484148,0.22230715,0.18965498
1316,0.058059115,0.055612694,0.19123924,0.1187351,0.09627962,0.012254603,0.017135644,0.01897285,0.17564642,0.25606477
1317,0.09108951,0.05255991,0.19040398,0.11491534,0.10605874,0.016389946,0.0069985143,0.026433004,0.22501366,0.17013745
1318,0.06509176,0.058052137,0.19539219,0.11858861,0.09693599,0.012916822,0.01413532,0.01835493,0.20407502,0.21645722
1319,0.07601492,0.047840513,0.18677074,0.106734656,0.08991722,0.014956649,0.014195532,0.020178663,0.2289974,0.21439366
1320,0.10223952,0.044576757,0.22297177,0.10371281,0.0832663,0.01314788,0.014817045,0.017466001,0.20960665,0.1881953
1321,0.081695415,0.0510857,0.19868925,0.11171047,0.088894986,0.01353059,0.011676861,0.019237475,0.22736467,0.19611453
1322,0.07851639,0.05696472,0.18218821,0.12582712,0.10221615,0.014682215,0.013070162,0.02254753,0.21674678,0.1872407
1323,0.078976415,0.05614938,0.19134901,0.123012945,0.093574375,0.01173737,0.020512162,0.024724146,0.2033763,0.19658786
1324,0.077576466,0.061943498,0.19583333,0.12989469,0.1020014,0.018886708,0.006658004,0.014716129,0.20586845,0.18662114
1325,0.07122303,0.054257285,0.18860303,0.12427103,0.088908985,0.017811256,0.017444257,0.020602807,0.23624706,0.18063122
1326,0.07615941,0.048103686,0.21880396,0.123798035,0.09729998,0.0122991605,0.009706206,0.01289068,0.18825828,0.2126806
