ligand	receptor	nichenet_v2	cellchat_v2	liana_consensus
A2M	KLK3	True	False	False
A2M	LRP1	True	False	True
A2M	MMP2	True	False	False
A2M	MMP9	True	False	False
AANAT	MTNR1A	True	False	True
AANAT	MTNR1B	True	False	True
ABCA1	APOA1	True	False	False
ABCA1	MEGF10	True	False	False
ACE	AGTR2	True	False	True
ACE	BDKRB2	True	False	True
ACE2	SLC6A19	True	False	False
ACE2	TIGIT	True	False	False
ACE2	TNFRSF11A	True	False	False
ACE2	TNFRSF11B	True	False	False
ACP4	ERBB4	True	False	False
ACP4	VSTM2B	True	False	False
ACTR2	ADRB2	False	False	True
ACTR2	LDLR	False	False	True
ACTR2	LRP2	False	False	True
ADA	DPP4	False	False	True
ADAM10	APP	True	False	False
ADAM10	AXL	True	False	True
ADAM10	CADM1	False	False	True
ADAM10	CD44	True	False	True
ADAM10	EPHA3	True	False	True
ADAM10	GPNMB	False	False	True
ADAM10	IL6R	False	False	True
ADAM10	MET	False	False	True
ADAM10	NOTCH1	True	False	True
ADAM10	NOTCH2	True	False	True
ADAM10	NOTCH3	True	False	False
ADAM10	NOTCH4	True	False	False
ADAM10	NRCAM	False	False	True
ADAM10	TREM2	False	False	True
ADAM10	TSPAN10	True	False	True
ADAM10	TSPAN12	False	False	True
ADAM10	TSPAN14	True	False	True
ADAM10	TSPAN15	True	False	True
ADAM10	TSPAN17	True	False	True
ADAM10	TSPAN33	True	False	False
ADAM10	TSPAN5	True	False	True
ADAM11	CCR4	True	False	False
ADAM11	ITGA4	True	False	True
ADAM12	ITGA9	True	False	True
ADAM12	ITGB1	True	False	True
ADAM12	SDC4	True	False	True
ADAM15	ITGA5	True	False	True
ADAM15	ITGA9	True	False	True
ADAM15	ITGAV	False	False	True
ADAM15	ITGB1	True	False	True
ADAM15	ITGB3	True	False	True
ADAM17	ERBB4	True	False	True
ADAM17	IL6R	True	False	True
ADAM17	ITGA5	True	False	True
ADAM17	ITGB1	True	False	True
ADAM17	MET	False	False	True
ADAM17	MUC1	True	False	True
ADAM17	NOTCH1	True	False	True
ADAM17	NOTCH2	True	False	False
ADAM17	NOTCH3	True	False	False
ADAM17	NOTCH4	True	False	False
ADAM17	RHBDF2	False	False	True
ADAM2	CD9	True	False	True
ADAM2	ITGA6	True	False	True
ADAM2	ITGA9	True	False	True
ADAM2	ITGB1	True	False	True
ADAM2	ITGB7	True	False	True
ADAM20	IL1RAPL1	True	False	False
ADAM20	IL1RAPL2	True	False	False
ADAM21	CLEC12B	True	False	False
ADAM21	FLT4	True	False	False
ADAM21	IGSF21	True	False	False
ADAM23	ITGA4	False	False	True
ADAM23	ITGA5	True	False	True
ADAM23	ITGB3	True	False	True
ADAM28	ITGA4	True	False	True
ADAM29	ITGA4	True	False	True
ADAM7	ITGA4	True	False	True
ADAM7	ITGB7	True	False	True
ADAM9	ITGA3	False	False	True
ADAM9	ITGA6	True	False	True
ADAM9	ITGAV	True	False	True
ADAM9	ITGB1	True	False	True
ADAM9	ITGB5	True	False	True
ADAMTS3	CCBE1	True	False	True
ADCYAP1	ADCYAP1R1	True	True	True
ADCYAP1	ADRB2	False	False	True
ADCYAP1	ADRB3	False	False	True
ADCYAP1	DPP4	False	False	True
ADCYAP1	GPR20	False	False	True
ADCYAP1	GPR84	False	False	True
ADCYAP1	PTH1R	False	False	True
ADCYAP1	RAMP2	False	False	True
ADCYAP1	RAMP3	False	False	True
ADCYAP1	SCTR	True	False	True
ADCYAP1	TSHR	False	False	True
ADCYAP1	VIPR1	True	False	True
ADCYAP1	VIPR2	True	False	True
ADGRB1	RTN4R	True	False	True
ADGRB1	RTN4RL1	False	False	True
ADGRB1	RTN4RL2	False	False	True
ADGRE5	CD55	True	False	False
ADGRF5	TREML2	True	False	False
ADIPOQ	ADIPOR1	True	True	True
ADIPOQ	ADIPOR2	True	True	True
ADIPOQ	ASGR2	False	False	True
ADIPOQ	CLEC2D	False	False	True
ADIPOQ	CNR2	True	False	True
ADIPOQ	GPR152	False	False	True
ADIPOQ	GPR42	True	False	True
ADIPOQ	PROKR2	False	False	True
ADM	ACKR3	False	False	True
ADM	ADCYAP1R1	False	False	True
ADM	ADRB2	False	False	True
ADM	ADRB3	False	False	True
ADM	CALCR	True	True	True
ADM	CALCR,RAMP1	False	True	False
ADM	CALCRL	True	True	True
ADM	DCLK3	False	False	True
ADM	GPR182	True	False	True
ADM	GPR20	False	False	True
ADM	GPR84	False	False	True
ADM	MRGPRX2	True	False	True
ADM	MRGPRX3	True	False	False
ADM	MRGPRX4	True	False	False
ADM	PTH1R	False	False	True
ADM	RAMP1	True	False	True
ADM	RAMP2	True	False	True
ADM	RAMP2,CALCR	False	True	False
ADM	RAMP3	True	False	True
ADM	RAMP3,CALCR	False	True	False
ADM	TSHR	False	False	True
ADM	VIPR1	False	False	True
ADM2	ADCYAP1R1	True	False	True
ADM2	ADRB2	True	False	True
ADM2	ADRB3	True	False	True
ADM2	CALCR	True	False	True
ADM2	CALCRL	True	False	True
ADM2	DCLK3	False	False	True
ADM2	GPR20	True	False	True
ADM2	GPR84	True	False	True
ADM2	PTH1R	True	False	True
ADM2	RAMP1	True	False	True
ADM2	RAMP2	True	False	True
ADM2	RAMP3	True	False	True
ADM2	TSHR	True	False	True
ADM2	VIPR1	True	False	True
ADO	ADORA1	False	False	True
ADO	ADORA2A	False	False	True
ADO	ADORA2B	False	False	True
ADO	ADORA3	False	False	True
ADORA3	ENTPD1	False	True	False
AFDN	EPHA7	False	False	True
AFDN	EPHB2	False	False	True
AFDN	EPHB3	False	False	True
AFDN	EPHB6	False	False	True
AGRN	ATP1A3	True	False	True
AGRN	CHRNB3	True	False	False
AGRN	DAG1	True	True	True
AGRN	ITGB1	True	False	True
AGRN	LRP1	True	False	True
AGRN	LRP2	True	False	True
AGRN	LRP4	True	False	True
AGRN	MUSK	True	False	True
AGRP	MC1R	False	False	True
AGRP	MC3R	True	False	True
AGRP	MC4R	True	False	True
AGRP	MC5R	True	False	True
AGRP	SDC1	False	False	True
AGRP	SDC3	True	False	True
AGT	ADRA2A	False	False	True
AGT	AGTR1	True	True	True
AGT	AGTR2	True	True	True
AGT	ENPEP	False	False	True
AGT	GRM7	False	False	True
AGT	LRP2	True	False	True
AGT	MAS1	True	True	True
AGT	MTNR1A	False	False	True
AGT	REN	True	False	False
AGTRAP	RACK1	False	False	True
AHSG	INSR	True	False	True
AIMP1	NTRK1	True	False	True
AKR1C3	PTGDR2	False	True	False
AKR1C3	PTGFR	False	True	False
AKR1D1	AR	False	True	False
ALB	B2M_FCGRT	False	False	True
ALB	LRP2	True	False	True
ALCAM	ALCAM	True	False	False
ALCAM	CD6	True	False	True
ALCAM	CHL1	True	False	True
ALCAM	NRP1	True	False	True
ALDH1A1	CRABP2,RARA	False	True	False
ALDH1A1	CRABP2,RXRA	False	True	False
ALDH1A1	CRABP2,RXRA,RARA	False	True	False
ALDH1A1	CRABP2,RXRB	False	True	False
ALDH1A1	CRABP2,RXRG	False	True	False
ALDH1A1	RARB,CRABP2	False	True	False
ALDH1A1	RARB,CRABP2,RXRB	False	True	False
ALDH1A1	RARG,CRABP2	False	True	False
ALDH1A1	RARG,CRABP2,RXRG	False	True	False
ALDH1A1	RORB	False	True	False
ALDH1A2	CRABP2,RARA	False	True	False
ALDH1A2	CRABP2,RXRA	False	True	False
ALDH1A2	CRABP2,RXRA,RARA	False	True	False
ALDH1A2	CRABP2,RXRB	False	True	False
ALDH1A2	CRABP2,RXRG	False	True	False
ALDH1A2	RARB,CRABP2	False	True	False
ALDH1A2	RARB,CRABP2,RXRB	False	True	False
ALDH1A2	RARG,CRABP2	False	True	False
ALDH1A2	RARG,CRABP2,RXRG	False	True	False
ALDH1A2	RORB	False	True	False
ALDH1A3	CRABP2,RARA	False	True	False
ALDH1A3	CRABP2,RXRA	False	True	False
ALDH1A3	CRABP2,RXRA,RARA	False	True	False
ALDH1A3	CRABP2,RXRB	False	True	False
ALDH1A3	CRABP2,RXRG	False	True	False
ALDH1A3	RARB,CRABP2	False	True	False
ALDH1A3	RARB,CRABP2,RXRB	False	True	False
ALDH1A3	RARG,CRABP2	False	True	False
ALDH1A3	RARG,CRABP2,RXRG	False	True	False
ALDH1A3	RORB	False	True	False
ALKAL1	ALK	True	False	True
ALKAL1	LTK	True	False	True
ALKAL2	ALK	True	False	True
ALKAL2	LTK	True	False	True
ALOX12	FPR2	False	True	False
ALOX5AP	ALOX5	True	False	False
ALOX5AP,LTC4S,ALOX5	CYSLTR1	False	True	False
ALOX5AP,LTC4S,ALOX5	CYSLTR2	False	True	False
ALOX5AP,LTC4S,ALOX5	FPR2	False	True	False
AMBN	CD63	True	False	True
AMELX	CD63	True	False	True
AMELX	LAMP1	True	False	True
AMELX	LAMP2	True	False	True
AMELY	CD63	True	False	True
AMELY	LAMP1	True	False	True
AMELY	LAMP2	True	False	True
AMH	ACVR1	True	False	False
AMH	ACVR1,AMHR2	False	True	False
AMH	ACVR1_AMHR2	False	False	True
AMH	AMHR2	True	False	False
AMH	AMHR2,BMPR1A	False	True	False
AMH	AMHR2_BMPR1A	False	False	True
AMH	AMHR2_BMPR1B	False	False	True
AMH	BMPR1A	True	False	False
AMH	BMPR1B	True	False	False
AMH	BMPR1B,AMHR2	False	True	False
AMH	EGFR	True	False	True
AMH	GREM2	True	False	True
ANG	EGFR	True	False	True
ANG	PLXNB2	True	False	True
ANGPT1	ITGA5	True	False	True
ANGPT1	ITGB1	True	False	True
ANGPT1	TEK	True	True	True
ANGPT1	TIE1	True	False	True
ANGPT2	ITGA5	True	False	False
ANGPT2	ITGA5,ITGB1	False	True	False
ANGPT2	ITGA5_ITGB1	False	False	True
ANGPT2	ITGB1	True	False	False
ANGPT2	TEK	True	True	True
ANGPT2	TIE1	True	False	True
ANGPT4	TEK	True	False	True
ANGPT4	TIE1	True	False	True
ANGPTL1	ITGA1	True	False	False
ANGPTL1	ITGA1_ITGB1	False	False	True
ANGPTL1	ITGB1	True	False	False
ANGPTL1	ITGB1,ITGA1	False	True	False
ANGPTL1	LILRB2	True	False	True
ANGPTL1	LILRB3	True	True	True
ANGPTL1	TEK	True	False	True
ANGPTL2	ITGA5	True	False	False
ANGPTL2	ITGA5,ITGB1	False	True	False
ANGPTL2	ITGA5_ITGB1	False	False	True
ANGPTL2	ITGB1	True	False	False
ANGPTL2	LILRB2	True	False	True
ANGPTL2	LILRB3	True	True	True
ANGPTL2	TIE1	True	False	True
ANGPTL2	TLR4	True	True	True
ANGPTL3	ITGA5	True	False	True
ANGPTL3	ITGAV	True	False	False
ANGPTL3	ITGAV,ITGB3	False	True	False
ANGPTL3	ITGAV_ITGB3	False	False	True
ANGPTL3	ITGB3	True	False	False
ANGPTL3	LPL	True	False	False
ANGPTL4	CDH11	True	True	True
ANGPTL4	CDH5	True	True	True
ANGPTL4	GPIHBP1	True	False	True
ANGPTL4	ITGA5	True	False	False
ANGPTL4	ITGA5,ITGB1	False	True	False
ANGPTL4	ITGA5_ITGB1	False	False	True
ANGPTL4	ITGAV	True	False	False
ANGPTL4	ITGAV,ITGB3	False	True	False
ANGPTL4	ITGAV_ITGB3	False	False	True
ANGPTL4	ITGB1	True	False	False
ANGPTL4	ITGB3	True	False	False
ANGPTL4	LPL	True	False	False
ANGPTL4	SDC1	True	True	True
ANGPTL4	SDC2	True	True	True
ANGPTL4	SDC3	True	True	True
ANGPTL4	SDC4	True	True	True
ANGPTL4	TIE1	True	False	True
ANGPTL5	TEK	True	False	False
ANGPTL6	TEK	True	False	False
ANGPTL7	LILRB2	True	False	True
ANGPTL7	LILRB3	True	True	True
ANOS1	FGFR1	True	False	True
ANOS1	SDC2	True	False	True
ANPEP	SELE	True	False	False
ANTXR1	TREML2	True	False	False
ANXA1	ADRA2A	False	False	True
ANXA1	DYSF	True	False	True
ANXA1	EGFR	True	False	True
ANXA1	FPR1	True	True	True
ANXA1	FPR2	True	True	False
ANXA1	FPR2,FPR3	False	True	False
ANXA1	FPR2_FPR3	False	False	True
ANXA1	FPR3	True	True	False
ANXA1	GRM7	False	False	True
ANXA1	MTNR1A	False	False	True
ANXA2	DYSF	True	False	False
ANXA2	EGFR	True	False	False
ANXA2	PLAT	True	False	False
ANXA2	ROBO4	True	False	True
ANXA2	TLR2	True	False	True
APELA	APLNR	True	True	True
APLN	ADRA2A	False	False	True
APLN	APLNR	True	True	True
APLN	GRM7	True	False	True
APLN	MTNR1A	False	False	True
APOA1	ABCA1	True	True	True
APOA1	AMN,CUBN	False	True	False
APOA1	LDLR	True	False	True
APOA1	LRP1	True	False	True
APOA1	LRP2	True	False	True
APOA1	TREM2,TYROBP	False	True	False
APOA2	LDLR	True	False	True
APOA2	LRP1	True	False	True
APOA2	LRP2	True	False	True
APOA2	TREM2,TYROBP	False	True	False
APOA4	LDLR	True	False	True
APOA4	LRP1	True	False	True
APOA4	LRP2	True	False	True
APOA5	LPL	True	False	False
APOB	ADRB2	True	False	True
APOB	APOBR	False	True	False
APOB	CALCR	True	False	True
APOB	ENO1	False	False	True
APOB	ITGAM	True	False	True
APOB	ITGB2	True	False	True
APOB	LDLR	True	False	True
APOB	LRP1	True	False	True
APOB	LRP2	True	False	True
APOB	LRP6	False	False	True
APOB	LRP8	True	False	True
APOB	LSR	True	False	True
APOB	MTTP	False	False	True
APOB	OLR1	True	False	True
APOB	TLR4	True	False	True
APOB	TLR6	True	False	True
APOB	TREM2	True	False	True
APOB	TREM2,TYROBP	False	True	False
APOB	VLDLR	True	False	True
APOC1	VLDLR	True	False	True
APOC2	LDLR	True	False	True
APOC2	LPL	True	False	False
APOC2	LRP1	True	False	True
APOC2	LRP2	True	False	True
APOC3	LDLR	True	False	True
APOC3	LRP1	True	False	True
APOC3	LRP2	True	False	True
APOC3	SDC2	True	False	True
APOC3	TLR2	True	False	True
APOC4	VLDLR	True	False	True
APOD	LEPR	True	False	True
APOE	ABCA1	False	False	True
APOE	APP	True	False	False
APOE	CHRNA4	False	False	True
APOE	LDLR	True	False	True
APOE	LRP1	True	False	True
APOE	LRP2	True	False	True
APOE	LRP4	False	False	True
APOE	LRP5	True	False	True
APOE	LRP6	False	False	True
APOE	LRP8	True	False	True
APOE	LSR	False	False	True
APOE	SCARB1	True	False	True
APOE	SDC2	False	False	True
APOE	SORL1	True	False	True
APOE	TREM2	True	False	True
APOE	TREM2,TYROBP	False	True	False
APOE	VLDLR	True	False	True
APOO	IL1RAPL1	True	False	False
APOO	IL1RAPL2	True	False	True
APP	ADRA2A	False	False	True
APP	AGER	False	False	True
APP	BACE1	True	False	False
APP	CD74	True	True	True
APP	DCC	False	False	True
APP	FLT1	True	False	False
APP	FPR2	True	False	True
APP	GPC1	True	False	True
APP	LRP1	True	False	True
APP	LRP10	False	False	True
APP	LRP6	False	False	True
APP	MTNR1A	False	False	True
APP	NCSTN	True	False	True
APP	NGFR	True	False	True
APP	NOTCH2	False	False	True
APP	PTGER2	False	False	True
APP	SORL1	True	True	False
APP	TNFRSF21	True	True	True
APP	TREM2,TYROBP	False	True	False
APP	TSPAN12	False	False	True
APP	TSPAN15	False	False	True
AREG	EGFR	True	True	False
AREG	EGFR_ERBB2	False	False	True
AREG	ERBB2	True	False	False
AREG	ERBB2,EGFR	False	True	False
AREG	ERBB3	True	False	True
AREG	MMP9	True	False	False
ARF1	CHRM3	False	False	True
ARF1	INSR	False	False	True
ARF1	PLD2	True	False	True
ARF6	PLD1	False	False	True
ARF6	SMAP1	False	False	True
ARMH4	TNFRSF11B	True	False	False
ARPC5	ADRB2	False	False	True
ARPC5	LDLR	False	False	True
ARPC5	LRP2	False	False	True
ARTN	GFRA1	True	False	False
ARTN	GFRA1,RET	False	True	False
ARTN	GFRA1_RET	False	False	True
ARTN	GFRA2	True	False	True
ARTN	GFRA3	True	False	False
ARTN	GFRA3,RET	False	True	False
ARTN	GFRA3_RET	False	False	True
ARTN	NCAM1	True	False	False
ARTN	RET	True	False	False
ASIP	ATRN	True	False	True
ASIP	F11R	True	False	False
ASIP	MC1R	True	False	True
ASIP	MC2R	True	False	True
ASIP	MC3R	True	False	True
ASIP	MC4R	True	False	True
ASIP	MC5R	True	False	True
ASIP	MGRN1	True	False	True
ASMT	MTNR1A	False	True	False
ASMT	MTNR1B	False	True	False
ATP1B1	NEGR1	True	False	False
AVP	ADCYAP1R1	False	False	True
AVP	ADRB2	False	False	True
AVP	ADRB3	False	False	True
AVP	AQP2	True	False	False
AVP	AVPR1A	True	True	True
AVP	AVPR1B	True	True	True
AVP	AVPR2	True	True	True
AVP	GPR20	False	False	True
AVP	GPR84	False	False	True
AVP	LDLR	False	False	True
AVP	LRP2	False	False	True
AVP	OXTR	True	False	True
AVP	PTH1R	False	False	True
AVP	RAMP2	False	False	True
AVP	RAMP3	False	False	True
AVP	TSHR	False	False	True
AVP	VIPR1	False	False	True
AZGP1	ITGAV	True	False	True
B2M	CD1A	True	False	True
B2M	CD1B	True	False	True
B2M	CD1C	False	False	True
B2M	HFE_TFRC	False	False	True
B2M	KIR2DL1	False	False	True
B2M	KIR2DL3	False	False	True
B2M	KIR3DL1	False	False	True
B2M	KLRC1	True	False	True
B2M	KLRC2	False	False	True
B2M	KLRD1	True	False	True
B2M	LILRB1	True	False	False
B2M	TAP1	True	False	False
B2M	TAP2	True	False	False
BACE1	APP	True	False	False
BACE1	SELPLG	True	False	False
BACE2	APP	True	False	False
BAG6	NCR3	False	True	True
BCAN	EGFR	True	False	True
BCAN	NRCAM	True	False	True
BDNF	BEX3	False	False	True
BDNF	DRD4	True	False	True
BDNF	ERBB2	True	False	True
BDNF	GPR152	False	False	True
BDNF	NGFR	True	True	True
BDNF	NTRK2	True	True	True
BDNF	SORT1	True	True	True
BGN	FGFR3	True	False	False
BGN	LY96	False	False	True
BGN	TLR1	True	False	True
BGN	TLR2	True	False	True
BGN	TLR4	True	False	True
BMP1	BMPR1A	True	False	True
BMP1	BMPR1B	True	False	True
BMP1	BMPR2	True	False	True
BMP10	ACVR1	True	False	False
BMP10	ACVR2A	True	False	False
BMP10	ACVR2A,ACVRL1	False	True	False
BMP10	ACVR2A_ACVRL1	False	False	True
BMP10	ACVR2B	True	False	False
BMP10	ACVR2B_ACVRL1	False	False	True
BMP10	ACVRL1	True	False	False
BMP10	ACVRL1_BMPR2	False	False	True
BMP10	BMPR1A	True	False	True
BMP10	BMPR1B	True	False	True
BMP10	BMPR2	True	False	False
BMP10	BMPR2,ACVRL1	False	True	False
BMP10	ENG	True	False	True
BMP10	FFAR2	False	False	True
BMP10	GPR152	False	False	True
BMP10	KIR2DL3	False	False	True
BMP10	KIR3DL1	False	False	True
BMP10	KIR3DS1	False	False	True
BMP10	VSIR	False	False	True
BMP15	ACTR2	False	False	True
BMP15	ACVR1	True	False	False
BMP15	ACVR2A	True	False	True
BMP15	ACVR2B	True	False	False
BMP15	BMPR1A	True	False	True
BMP15	BMPR1B	True	False	False
BMP15	BMPR1B,BMPR2	False	True	False
BMP15	BMPR1B_BMPR2	False	False	True
BMP15	BMPR2	True	False	False
BMP15	TGFBR1	True	False	True
BMP2	ACTR2	False	False	True
BMP2	ACVR1	True	False	True
BMP2	ACVR2A	True	False	False
BMP2	ACVR2A,BMPR1A	False	True	False
BMP2	ACVR2A_BMPR1A	False	False	True
BMP2	ACVR2A_BMPR1B	False	False	True
BMP2	ACVR2B	True	False	False
BMP2	ACVR2B,BMPR1A	False	True	False
BMP2	ACVR2B_BMPR1A	False	False	True
BMP2	ACVR2B_BMPR1B	False	False	True
BMP2	BMPR1A	True	False	False
BMP2	BMPR1A_BMPR2	False	False	True
BMP2	BMPR1B	True	False	False
BMP2	BMPR1B,ACVR2A	False	True	False
BMP2	BMPR1B,ACVR2B	False	True	False
BMP2	BMPR1B,BMPR2	False	True	False
BMP2	BMPR1B_BMPR2	False	False	True
BMP2	BMPR2	True	False	False
BMP2	BMPR2,BMPR1A	False	True	False
BMP2	ENG	True	False	True
BMP2	GPC1	False	False	True
BMP2	HJV	True	False	True
BMP2	RGMB	False	False	True
BMP2	SMO	False	False	True
BMP3	ACVR1	True	False	False
BMP3	ACVR1B	True	False	False
BMP3	ACVR1B_ACVR2A	False	False	True
BMP3	ACVR2A	True	False	False
BMP3	ACVR2B	True	False	True
BMP3	BMPR1A	True	False	True
BMP3	BMPR1B	True	False	True
BMP3	BMPR2	True	False	True
BMP4	ACVR1	True	False	False
BMP4	ACVR2A	True	False	False
BMP4	ACVR2A,BMPR1A	False	True	False
BMP4	ACVR2A_BMPR1A	False	False	True
BMP4	ACVR2A_BMPR1B	False	False	True
BMP4	ACVR2B	True	False	False
BMP4	ACVR2B,BMPR1A	False	True	False
BMP4	ACVR2B_BMPR1A	False	False	True
BMP4	ACVR2B_BMPR1B	False	False	True
BMP4	BMPR1A	True	False	False
BMP4	BMPR1A_BMPR2	False	False	True
BMP4	BMPR1B	True	False	False
BMP4	BMPR1B,ACVR2A	False	True	False
BMP4	BMPR1B,ACVR2B	False	True	False
BMP4	BMPR1B,BMPR2	False	True	False
BMP4	BMPR1B_BMPR2	False	False	True
BMP4	BMPR2	True	False	False
BMP4	BMPR2,BMPR1A	False	True	False
BMP4	CFC1	False	False	True
BMP4	GREM2	True	False	True
BMP4	HJV	False	False	True
BMP4	LRP6	False	False	True
BMP4	RGMB	False	False	True
BMP5	ACVR1	True	False	False
BMP5	ACVR1,ACVR2A	False	True	False
BMP5	ACVR1,ACVR2B	False	True	False
BMP5	ACVR1_ACVR2A	False	False	True
BMP5	ACVR1_ACVR2B	False	False	True
BMP5	ACVR1_BMPR2	False	False	True
BMP5	ACVR2A	True	False	False
BMP5	ACVR2A,BMPR1A	False	True	False
BMP5	ACVR2A_BMPR1A	False	False	True
BMP5	ACVR2A_BMPR1B	False	False	True
BMP5	ACVR2B	True	False	False
BMP5	ACVR2B,BMPR1A	False	True	False
BMP5	ACVR2B_BMPR1A	False	False	True
BMP5	ACVR2B_BMPR1B	False	False	True
BMP5	BMPR1A	True	False	False
BMP5	BMPR1A_BMPR2	False	False	True
BMP5	BMPR1B	True	False	False
BMP5	BMPR1B,ACVR2A	False	True	False
BMP5	BMPR1B,ACVR2B	False	True	False
BMP5	BMPR1B,BMPR2	False	True	False
BMP5	BMPR1B_BMPR2	False	False	True
BMP5	BMPR2	True	False	False
BMP5	BMPR2,ACVR1	False	True	False
BMP5	BMPR2,BMPR1A	False	True	False
BMP5	HJV	True	False	True
BMP5	PTPRD	True	False	True
BMP6	ACVR1	True	False	False
BMP6	ACVR1,ACVR2A	False	True	False
BMP6	ACVR1,ACVR2B	False	True	False
BMP6	ACVR1_ACVR2A	False	False	True
BMP6	ACVR1_ACVR2B	False	False	True
BMP6	ACVR1_BMPR2	False	False	True
BMP6	ACVR2A	True	False	False
BMP6	ACVR2A,BMPR1A	False	True	False
BMP6	ACVR2A_BMPR1A	False	False	True
BMP6	ACVR2A_BMPR1B	False	False	True
BMP6	ACVR2B	True	False	False
BMP6	ACVR2B,BMPR1A	False	True	False
BMP6	ACVR2B_BMPR1A	False	False	True
BMP6	ACVR2B_BMPR1B	False	False	True
BMP6	AMHR2	True	False	True
BMP6	BMPR1A	True	False	False
BMP6	BMPR1A_BMPR2	False	False	True
BMP6	BMPR1B	True	False	False
BMP6	BMPR1B,ACVR2A	False	True	False
BMP6	BMPR1B,ACVR2B	False	True	False
BMP6	BMPR1B,BMPR2	False	True	False
BMP6	BMPR1B_BMPR2	False	False	True
BMP6	BMPR2	True	False	False
BMP6	BMPR2,ACVR1	False	True	False
BMP6	BMPR2,BMPR1A	False	True	False
BMP6	HJV	True	False	True
BMP7	ACTR2	False	False	True
BMP7	ACVR1	True	False	False
BMP7	ACVR1,ACVR2A	False	True	False
BMP7	ACVR1,ACVR2B	False	True	False
BMP7	ACVR1B	False	False	True
BMP7	ACVR1_ACVR2A	False	False	True
BMP7	ACVR1_ACVR2B	False	False	True
BMP7	ACVR1_BMPR2	False	False	True
BMP7	ACVR2A	True	False	False
BMP7	ACVR2A,BMPR1A	False	True	False
BMP7	ACVR2A_BMPR1A	False	False	True
BMP7	ACVR2A_BMPR1B	False	False	True
BMP7	ACVR2B	True	False	False
BMP7	ACVR2B,BMPR1A	False	True	False
BMP7	ACVR2B_BMPR1A	False	False	True
BMP7	ACVR2B_BMPR1B	False	False	True
BMP7	BMPR1A	True	False	False
BMP7	BMPR1A_BMPR2	False	False	True
BMP7	BMPR1B	True	False	False
BMP7	BMPR1B,ACVR2A	False	True	False
BMP7	BMPR1B,ACVR2B	False	True	False
BMP7	BMPR1B,BMPR2	False	True	False
BMP7	BMPR1B_BMPR2	False	False	True
BMP7	BMPR2	True	False	False
BMP7	BMPR2,ACVR1	False	True	False
BMP7	BMPR2,BMPR1A	False	True	False
BMP7	ENG	True	False	True
BMP7	HJV	False	False	True
BMP7	PTPRK	False	False	True
BMP8A	ACVR1	True	False	False
BMP8A	ACVR1,ACVR2A	False	True	False
BMP8A	ACVR1,ACVR2B	False	True	False
BMP8A	ACVR1_ACVR2A	False	False	True
BMP8A	ACVR1_ACVR2B	False	False	True
BMP8A	ACVR1_BMPR2	False	False	True
BMP8A	ACVR2A	True	False	False
BMP8A	ACVR2A,BMPR1A	False	True	False
BMP8A	ACVR2A_BMPR1A	False	False	True
BMP8A	ACVR2A_BMPR1B	False	False	True
BMP8A	ACVR2B	True	False	False
BMP8A	ACVR2B,BMPR1A	False	True	False
BMP8A	ACVR2B_BMPR1A	False	False	True
BMP8A	ACVR2B_BMPR1B	False	False	True
BMP8A	BMPR1A	True	False	False
BMP8A	BMPR1A_BMPR2	False	False	True
BMP8A	BMPR1B	True	False	False
BMP8A	BMPR1B,ACVR2A	False	True	False
BMP8A	BMPR1B,ACVR2B	False	True	False
BMP8A	BMPR1B,BMPR2	False	True	False
BMP8A	BMPR1B_BMPR2	False	False	True
BMP8A	BMPR2	True	False	False
BMP8A	BMPR2,ACVR1	False	True	False
BMP8A	BMPR2,BMPR1A	False	True	False
BMP8A	TGFBR1	True	False	True
BMP8A	TGFBR2	True	False	True
BMP8B	ACVR1	True	False	False
BMP8B	ACVR1,ACVR2A	False	True	False
BMP8B	ACVR1,ACVR2B	False	True	False
BMP8B	ACVR1_ACVR2A	False	False	True
BMP8B	ACVR1_ACVR2B	False	False	True
BMP8B	ACVR1_BMPR2	False	False	True
BMP8B	ACVR2A	True	False	False
BMP8B	ACVR2A,BMPR1A	False	True	False
BMP8B	ACVR2A_BMPR1A	False	False	True
BMP8B	ACVR2A_BMPR1B	False	False	True
BMP8B	ACVR2B	True	False	False
BMP8B	ACVR2B,BMPR1A	False	True	False
BMP8B	ACVR2B_BMPR1A	False	False	True
BMP8B	ACVR2B_BMPR1B	False	False	True
BMP8B	BMPR1A	True	False	False
BMP8B	BMPR1A_BMPR2	False	False	True
BMP8B	BMPR1B	True	False	False
BMP8B	BMPR1B,ACVR2A	False	True	False
BMP8B	BMPR1B,ACVR2B	False	True	False
BMP8B	BMPR1B,BMPR2	False	True	False
BMP8B	BMPR1B_BMPR2	False	False	True
BMP8B	BMPR2	True	False	False
BMP8B	BMPR2,ACVR1	False	True	False
BMP8B	BMPR2,BMPR1A	False	True	False
BMP8B	PLAUR	True	False	True
BOC	LILRA6	True	False	False
BOC	PTCH1	True	False	False
BOC	PTCH2	True	False	False
BOC	SMO	True	False	False
BPI	SLAMF9	True	False	True
BSG	SLC16A1	False	False	True
BSG	SLC16A7	False	False	True
BST1	CAV1	False	False	True
BST2	LILRA4	True	False	True
BTC	EGFR	True	True	False
BTC	EGFR_ERBB2	False	False	True
BTC	ERBB2	True	False	False
BTC	ERBB2,EGFR	False	True	False
BTC	ERBB2,ERBB4	False	True	False
BTC	ERBB2_ERBB4	False	False	True
BTC	ERBB3	True	False	True
BTC	ERBB4	True	True	False
BTLA	CD247	True	False	True
BTLA	CD276	True	False	False
BTLA	CD79A	True	False	True
BTLA	TNFRSF14	True	True	True
BTLA	VTCN1	True	False	False
BTN1A1	JAML	True	False	False
BTN1A1	NEGR1	True	False	True
BTN1A1	TARM1	True	False	True
BTN2A1	FAM187B	True	False	False
BTNL8	GP6	True	False	False
BTNL8	LILRA1	True	False	False
BTNL8	LILRA3	True	False	False
BTNL8	LILRB1	True	False	False
BTNL8	LILRB2	True	False	False
BTNL8	LILRB3	True	False	False
BTNL8	SIGLEC6	True	False	False
BTNL9	IL6R	True	False	False
BTNL9	LRFN5	True	False	False
C10ORF99	GPR15	True	False	False
C1QA	CD33	True	False	True
C1QA	CD93	True	False	True
C1QA	CR1	True	False	True
C1QA	CSPG4	True	False	False
C1QB	C1QBP	False	False	True
C1QB	CD33	True	False	True
C1QB	LRP1	True	False	True
C1QL1	ADGRB3	False	True	False
C1QL2	ADGRB3	False	True	False
C1QL3	ADGRB3	False	True	False
C1QL4	ADGRB3	False	True	False
C1QTNF1	AVPR2	True	False	True
C1QTNF5	MFRP	True	False	True
C3	ADRA2A	False	False	True
C3	C3AR1	True	True	True
C3	C5AR2	True	False	True
C3	CD19	True	False	True
C3	CD46	True	False	True
C3	CD81	False	False	True
C3	CR1	True	False	True
C3	CR2	True	True	True
C3	GRM7	False	False	True
C3	IFITM1	False	False	True
C3	ITGAM	True	False	True
C3	ITGAM,ITGB2	False	True	False
C3	ITGAX	True	False	True
C3	ITGAX,ITGB2	False	True	False
C3	ITGB2	True	False	False
C3	LRP1	True	False	True
C3	MTNR1A	False	False	True
C3	NRP1	False	False	True
C3	VSIG4	True	False	False
C4A	C3AR1	True	True	True
C4A	C5AR2	True	False	True
C4A	CD46	True	False	True
C4A	CR1	True	False	True
C4A	CR2	True	True	True
C4A	NRP1	True	False	True
C4B	CD46	False	False	True
C4B	CR1	False	False	True
C4BPA	BMPR2	True	False	True
C4BPA	CD40	True	False	True
C4BPA	LRP1	True	False	True
C4B_2	CD46	True	False	False
C4B_2	CR1	True	False	False
C5	ADRA2A	False	False	True
C5	C5AR1	True	True	True
C5	C5AR2	True	False	True
C5	GRM7	False	False	True
C5	MTNR1A	False	False	True
C6ORF15	DDR1	True	False	False
CA12	SIGLEC6	True	False	False
CADM1	CADM1	True	True	False
CADM1	CADM3	True	False	False
CADM1	CRTAM	False	False	True
CADM1	ERBB3	True	False	False
CADM1	NECTIN3	True	True	False
CADM2	CADM1	True	False	False
CADM2	CADM3	True	False	False
CADM2	CADM4	True	False	False
CADM3	CADM1	True	True	True
CADM3	CADM2	True	False	False
CADM3	CADM3	True	True	False
CADM3	CADM4	True	True	False
CADM3	CFAP54	True	False	False
CADM3	EPB41L1	False	True	False
CADM3	IL2RG	True	False	False
CADM3	LRCH4	True	False	False
CADM3	NECTIN1	True	False	True
CADM3	NECTIN3	True	True	False
CADM3	PEAR1	True	False	False
CADM3	PRLR	True	False	False
CADM4	CADM2	True	False	False
CADM4	CADM3	True	False	False
CADM4	ERBB3	True	False	False
CADM4	MAG	True	False	False
CADM4	SDK2	True	False	False
CALCA	ACKR3	False	False	True
CALCA	ADCYAP1R1	False	False	True
CALCA	ADRB2	False	False	True
CALCA	ADRB3	False	False	True
CALCA	CALCR	True	True	True
CALCA	CALCR,RAMP1	False	True	False
CALCA	CALCRL	True	True	False
CALCA	CALCRL_RAMP1	False	False	True
CALCA	CALCRL_RAMP2	False	False	True
CALCA	CALCRL_RAMP3	False	False	True
CALCA	DCLK3	False	False	True
CALCA	GPR20	False	False	True
CALCA	GPR84	False	False	True
CALCA	PTH1R	False	False	True
CALCA	RAMP1	True	False	False
CALCA	RAMP2	True	False	False
CALCA	RAMP2,CALCR	False	True	False
CALCA	RAMP3	True	False	False
CALCA	RAMP3,CALCR	False	True	False
CALCA	TSHR	False	False	True
CALCA	VIPR1	False	False	True
CALCB	ADCYAP1R1	False	False	True
CALCB	ADRB2	False	False	True
CALCB	ADRB3	False	False	True
CALCB	CALCR	True	True	True
CALCB	CALCR,RAMP1	False	True	False
CALCB	CALCRL	True	True	True
CALCB	GPR20	False	False	True
CALCB	GPR84	False	False	True
CALCB	PTH1R	False	False	True
CALCB	RAMP1	True	False	True
CALCB	RAMP2	True	False	True
CALCB	RAMP2,CALCR	False	True	False
CALCB	RAMP3	True	False	True
CALCB	RAMP3,CALCR	False	True	False
CALCB	TSHR	False	False	True
CALCB	VIPR1	False	False	True
CALM1	ADCYAP1R1	False	False	True
CALM1	AQP1	False	False	True
CALM1	AQP6	False	False	True
CALM1	CACNA1C	False	False	True
CALM1	CALCR	False	False	True
CALM1	CNGA2	True	False	True
CALM1	CRHR1	False	False	True
CALM1	FAS	False	False	True
CALM1	GLP1R	False	False	True
CALM1	GLP2R	False	False	True
CALM1	GP6	False	False	True
CALM1	GRM3	False	False	True
CALM1	GRM4	False	False	True
CALM1	GRM5	False	False	True
CALM1	GRM7	False	False	True
CALM1	HMMR	False	False	True
CALM1	HTR2C	False	False	True
CALM1	INSR	False	False	True
CALM1	KCNH1	True	False	False
CALM1	KCNN4	False	False	True
CALM1	KCNQ1	False	False	True
CALM1	KCNQ3	False	False	True
CALM1	KCNQ5	False	False	True
CALM1	MIP	False	False	True
CALM1	MYLK	True	False	False
CALM1	MYLK2	True	False	False
CALM1	OPRM1	False	False	True
CALM1	PDE1A	True	False	True
CALM1	PDE1B	True	False	True
CALM1	PDE1C	True	False	True
CALM1	PTH2R	False	False	True
CALM1	PTPRA	False	False	True
CALM1	RYR2	False	False	True
CALM1	SCN10A	False	False	True
CALM1	SCN4A	False	False	True
CALM1	SCTR	False	False	True
CALM1	TRPC3	False	False	True
CALM1	TRPC5	False	False	True
CALM1	VIPR1	False	False	True
CALM2	CNGA2	True	False	False
CALM2	KCNH1	True	False	False
CALM2	MYLK	True	False	False
CALM2	MYLK2	True	False	False
CALM2	PDE1A	True	False	False
CALM2	PDE1B	True	False	False
CALM2	PDE1C	True	False	False
CALM3	ADCY8	False	False	True
CALM3	AQP1	False	False	True
CALM3	AQP6	False	False	True
CALM3	AR	False	False	True
CALM3	CACNA1C	False	False	True
CALM3	CNGA2	True	False	False
CALM3	EGFR	False	False	True
CALM3	ESR1	False	False	True
CALM3	GP6	False	False	True
CALM3	GRM5	False	False	True
CALM3	GRM7	False	False	True
CALM3	INSR	False	False	True
CALM3	KCNH1	True	False	False
CALM3	KCNQ1	False	False	True
CALM3	KCNQ3	False	False	True
CALM3	KCNQ5	False	False	True
CALM3	MYLK	True	False	False
CALM3	MYLK2	True	False	False
CALM3	PDE1A	True	False	True
CALM3	PDE1B	True	False	True
CALM3	PDE1C	True	False	True
CALM3	RYR2	False	False	True
CALM3	SCN10A	False	False	True
CALM3	SCN4A	False	False	True
CALM3	TRPC5	False	False	True
CALML3	KCNQ1	False	False	True
CALR	ITGA2B	True	False	True
CALR	ITGA3	True	False	True
CALR	ITGAV	True	False	True
CALR	LRP1	True	False	True
CALR	MPL	True	False	True
CALR	MTNR1A	True	False	True
CALR	SCARF1	True	False	True
CALR	TAP1	True	False	False
CALR	TAP2	True	False	False
CALR	TSHR	True	False	True
CAMP	EGFR	True	False	True
CAMP	FPR2	True	False	True
CAMP	IGF1R	True	False	True
CAMP	P2RX7	True	False	True
CBR1	PTGFR	False	True	False
CCK	CCKAR	True	True	True
CCK	CCKBR	True	True	True
CCL1	ACKR1	True	True	True
CCL1	ACKR2	True	False	False
CCL1	ACKR4	False	True	True
CCL1	CCR1	True	False	False
CCL1	CCR2	True	False	False
CCL1	CCR3	True	False	False
CCL1	CCR5	True	False	False
CCL1	CCR8	True	True	True
CCL11	ACKR1	True	True	True
CCL11	ACKR2	True	True	True
CCL11	ACKR4	True	False	True
CCL11	CCR2	True	False	True
CCL11	CCR3	True	True	True
CCL11	CCR5	True	False	True
CCL11	CXCR3	True	False	True
CCL11	DPP4	True	False	True
CCL13	ACKR1	True	True	True
CCL13	ACKR2	True	True	True
CCL13	ACKR4	True	True	True
CCL13	CCR1	True	True	True
CCL13	CCR2	True	False	True
CCL13	CCR3	True	False	True
CCL13	CCR5	True	False	True
CCL13	CCR9	False	False	True
CCL13	CXCR3	True	False	True
CCL14	ACKR1	True	True	True
CCL14	ACKR2	True	True	True
CCL14	CCR1	True	True	True
CCL14	CCR3	True	False	True
CCL14	CCR5	True	False	True
CCL15	CCR1	True	True	True
CCL15	CCR3	True	False	True
CCL16	ACKR1	True	True	True
CCL16	ADRA2A	False	False	True
CCL16	CCR1	True	True	True
CCL16	CCR2	True	False	True
CCL16	CCR5	True	False	True
CCL16	CCR8	True	False	True
CCL16	GRM7	False	False	True
CCL16	HRH4	True	False	True
CCL16	MTNR1A	False	False	True
CCL17	ACKR1	True	True	True
CCL17	ACKR2	True	True	True
CCL17	CCR4	True	True	True
CCL17	CCR8	True	False	True
CCL18	ACKR1	True	True	True
CCL18	CCR1	True	False	True
CCL18	CCR3	True	False	True
CCL18	CCR5	True	False	False
CCL18	CCR8	True	False	True
CCL18	PITPNM3	False	False	True
CCL19	ACKR2	True	False	True
CCL19	ACKR4	True	True	True
CCL19	ADRA2A	False	False	True
CCL19	CCR10	True	False	True
CCL19	CCR7	True	True	True
CCL19	CCRL2	True	False	True
CCL19	CXCR3	True	False	True
CCL19	GRM7	False	False	True
CCL19	MTNR1A	False	False	True
CCL2	ACKR1	True	True	True
CCL2	ACKR2	True	True	True
CCL2	ACKR4	True	False	True
CCL2	CCR1	True	False	True
CCL2	CCR10	True	False	True
CCL2	CCR2	True	True	True
CCL2	CCR3	True	False	True
CCL2	CCR4	True	False	True
CCL2	CCR5	True	False	True
CCL20	ACKR4	True	False	True
CCL20	ADRA2A	False	False	True
CCL20	CCR6	True	True	True
CCL20	CXCR3	True	False	True
CCL20	GRM7	False	False	True
CCL20	MTNR1A	False	False	True
CCL21	ACKR2	True	False	True
CCL21	ACKR4	True	True	True
CCL21	ADRA2A	False	False	True
CCL21	CCR10	False	False	True
CCL21	CCR7	True	True	True
CCL21	CXCR3	True	False	True
CCL21	GRM7	False	False	True
CCL21	MTNR1A	False	False	True
CCL22	ACKR1	True	False	False
CCL22	ACKR2	True	True	True
CCL22	CCR4	True	True	True
CCL22	CCR7	True	False	False
CCL22	DPP4	True	False	True
CCL23	ACKR2	True	False	True
CCL23	CCR1	True	True	True
CCL23	FPR2	True	False	True
CCL24	ACKR2	True	True	True
CCL24	CCR2	True	False	True
CCL24	CCR3	True	True	True
CCL25	ACKR2	True	False	True
CCL25	ACKR4	True	True	True
CCL25	ADRA2A	False	False	True
CCL25	CCR10	True	False	True
CCL25	CCR9	True	True	True
CCL25	GRM7	False	False	True
CCL25	MTNR1A	False	False	True
CCL26	ACKR2	True	True	True
CCL26	CCR1	True	False	True
CCL26	CCR2	True	False	True
CCL26	CCR3	True	True	True
CCL26	CCR5	True	False	True
CCL26	CX3CR1	True	False	True
CCL27	ACKR2	True	False	True
CCL27	ADRA2A	True	False	True
CCL27	CCR10	True	True	True
CCL27	CCR2	False	True	True
CCL27	CCR3	False	True	True
CCL27	GRM7	True	False	True
CCL27	MTNR1A	True	False	True
CCL28	ACKR2	True	False	True
CCL28	ACKR4	True	False	False
CCL28	ADRA2A	True	False	True
CCL28	CCR10	True	True	True
CCL28	CCR3	True	True	True
CCL28	GRM7	True	False	True
CCL28	MTNR1A	True	False	True
CCL3	ACKR2	True	True	True
CCL3	CCR1	True	True	True
CCL3	CCR3	True	False	True
CCL3	CCR4	True	False	True
CCL3	CCR5	True	True	True
CCL3L1	ACKR2	False	True	True
CCL3L1	CCR1	True	True	True
CCL3L1	CCR3	False	False	True
CCL3L1	CCR5	True	False	True
CCL3L3	ACKR2	True	False	False
CCL3L3	CCR1	True	True	False
CCL3L3	CCR3	True	False	False
CCL3L3	CCR5	True	False	False
CCL4	ACKR2	True	True	True
CCL4	CCR1	True	False	True
CCL4	CCR3	True	False	True
CCL4	CCR5	True	True	True
CCL4	CCR8	True	False	True
CCL4	CNR2	False	False	True
CCL4	GPR152	False	False	True
CCL4	GPRC5D	False	False	True
CCL4L1	ACKR2	True	False	True
CCL4L1	CCR1	True	False	True
CCL4L1	CCR3	True	False	True
CCL4L1	CCR5	True	False	True
CCL4L1	FFAR2	False	False	True
CCL4L1	GPR101	False	False	True
CCL4L1	GPR151	False	False	True
CCL4L1	GPR152	False	False	True
CCL4L1	GPR42	False	False	True
CCL4L1	VSIR	False	False	True
CCL4L2	ACKR2	True	False	False
CCL4L2	CCR1	True	False	False
CCL4L2	CCR5	True	False	False
CCL4L2	CCR8	True	False	False
CCL5	ACKR1	True	True	True
CCL5	ACKR2	True	True	True
CCL5	ACKR4	False	False	True
CCL5	ADRA2A	False	False	True
CCL5	CCR1	True	True	True
CCL5	CCR3	True	True	True
CCL5	CCR4	True	True	True
CCL5	CCR5	True	True	True
CCL5	CCRL2	False	False	True
CCL5	CXCR3	True	False	True
CCL5	DPP4	False	False	True
CCL5	GPR75	True	False	True
CCL5	GRM7	False	False	True
CCL5	MTNR1A	False	False	True
CCL5	SDC1	True	False	True
CCL5	SDC4	True	False	True
CCL7	ACKR1	True	True	True
CCL7	ACKR2	True	True	True
CCL7	ACKR4	True	False	True
CCL7	CCR1	True	True	True
CCL7	CCR10	True	False	True
CCL7	CCR2	True	True	True
CCL7	CCR3	True	True	True
CCL7	CCR5	True	False	True
CCL7	CXCR3	True	False	True
CCL8	ACKR1	True	True	True
CCL8	ACKR2	True	True	True
CCL8	ACKR4	True	True	True
CCL8	CCR1	True	True	True
CCL8	CCR2	True	True	True
CCL8	CCR3	True	False	True
CCL8	CCR4	True	False	False
CCL8	CCR5	True	False	True
CCL8	CCR8	True	False	False
CCN1	CAV1	False	False	True
CCN1	ITGA2B	True	False	False
CCN1	ITGA5	True	False	True
CCN1	ITGA6	True	False	False
CCN1	ITGAD	True	False	False
CCN1	ITGAM	True	False	True
CCN1	ITGAV	True	False	True
CCN1	ITGB1	True	False	False
CCN1	ITGB2	True	False	True
CCN1	ITGB3	True	False	True
CCN1	ITGB5	True	False	True
CCN1	SDC4	True	False	True
CCN1	TLR2	True	False	True
CCN1	TLR4	True	False	True
CCN2	EGFR	False	False	True
CCN2	ERBB4	True	False	True
CCN2	FGFR2	True	False	True
CCN2	IGF2R	True	False	True
CCN2	ITGA5	True	False	True
CCN2	ITGAM	True	False	True
CCN2	ITGB2	True	False	True
CCN2	LRP1	True	False	True
CCN2	LRP6	True	False	True
CCN2	NTRK1	True	False	True
CCN3	NOTCH1	True	False	True
CCN3	PLXNA1	True	False	True
CCN4	ITGA5	True	False	True
CCN4	ITGB1	True	False	True
CCN6	SORL1	True	False	True
CD14	ITGA4	False	False	True
CD14	ITGB1	False	False	True
CD14	ITGB2	False	False	True
CD14	PLXND1	True	False	False
CD14	RIPK1	False	False	True
CD14	TLR1	False	False	True
CD14	TLR4	False	False	True
CD14	TLR6	False	False	True
CD14	TLR9	False	False	True
CD160	TNFRSF14	True	True	False
CD177	PECAM1	False	False	True
CD1B	IL6ST	True	False	False
CD1D	CEACAM5	True	True	True
CD1D	LILRB2	True	False	True
CD2	CD53	True	False	False
CD2	NLGN3	True	False	False
CD200	CD200R1	True	True	True
CD200	CD200R1L	True	False	True
CD200R1	CD200	False	False	True
CD209	CEACAM1	True	True	True
CD209	ICAM3	True	False	False
CD22	IGSF21	True	False	False
CD22	PTPRC	True	False	True
CD226	MCAM	True	False	False
CD226	NECTIN2	True	False	False
CD226	PVR	True	False	False
CD24	SELP	True	False	True
CD24	SIGLEC10	False	False	True
CD244	CD79B	True	False	False
CD244	CSF3R	True	False	False
CD244	IYD	True	False	False
CD244	LAT	True	False	False
CD244	MUC15	True	False	False
CD274	CD80	True	False	True
CD274	EPHA3	True	False	False
CD274	NCR3	True	False	False
CD274	PDCD1	True	True	True
CD276	TREML2	False	True	False
CD28	CD247	True	False	False
CD28	CD4	True	False	False
CD28	CD80	True	False	True
CD28	CD86	True	False	True
CD28	TMEM95	True	False	False
CD300A	IGSF5	True	False	False
CD300C	IGSF5	True	False	False
CD300C	NTNG1	True	False	False
CD300C	PTPRO	True	False	False
CD300LF	FLT1	True	False	False
CD300LF	IGSF5	True	False	False
CD320	IGSF5	True	False	False
CD320	JAML	True	False	False
CD320	LRPAP1	True	False	False
CD320	ROR2	True	False	False
CD320	SIGLEC7	True	False	False
CD320	TMEM167A	True	False	False
CD34	NECTIN3	True	False	False
CD34	NECTIN4	True	False	False
CD34	SELE	True	False	False
CD34	SELL	True	False	True
CD34	SELP	True	True	True
CD38	PECAM1	True	False	True
CD40	CD40LG	True	False	False
CD40LG	CD40	True	True	True
CD40LG	CD53	False	False	True
CD40LG	CD9	False	False	True
CD40LG	ITGA2B	True	False	False
CD40LG	ITGA2B,ITGB3	False	True	False
CD40LG	ITGA2B_ITGB3	False	False	True
CD40LG	ITGA5	True	False	False
CD40LG	ITGA5,ITGB1	False	True	False
CD40LG	ITGA5_ITGB1	False	False	True
CD40LG	ITGAM	True	False	False
CD40LG	ITGAM,ITGB2	False	True	False
CD40LG	ITGAM_ITGB2	False	False	True
CD40LG	ITGB1	True	False	False
CD40LG	ITGB2	True	False	False
CD40LG	ITGB3	True	False	False
CD40LG	TRAF3	False	False	True
CD44	ACVR2B	True	False	False
CD44	CLDN7	True	False	False
CD44	EPCAM	True	False	False
CD44	HAS2	True	False	False
CD44	SELE	True	False	False
CD46	JAG1	False	True	False
CD47	PCSK4	True	False	False
CD47	SCN1B	True	False	False
CD47	SIGLEC1	True	False	False
CD47	SIRPA	True	False	True
CD47	SIRPG	True	False	True
CD48	CD2	True	False	True
CD48	CD244	True	True	True
CD48	PDCD1	True	False	False
CD52	SIGLEC10	True	False	True
CD55	ADGRE2	True	False	True
CD55	ADGRE5	True	True	True
CD55	CR1	True	False	True
CD58	CD2	True	False	True
CD58	PTPRT	True	False	False
CD59	CD2	True	False	True
CD59	SIGLEC1	True	False	False
CD59	STAB1	True	False	True
CD5L	CD5	True	False	True
CD6	ALCAM	True	True	False
CD6	DAG1	True	False	False
CD6	SIGLEC8	True	False	False
CD69	KLRB1	False	True	False
CD7	ADAM15	True	False	False
CD70	CD27	True	True	True
CD70	TNFRSF13B	False	False	True
CD70	TNFRSF17	False	False	True
CD72	CD5	True	False	True
CD72	NCAM2	True	False	False
CD72	SEMA4D	True	False	False
CD79B	CD244	True	False	False
CD79B	IGSF21	True	False	False
CD79B	KREMEN1	True	False	False
CD79B	NTM	True	False	False
CD80	CD274	True	True	False
CD80	CD28	True	True	True
CD80	CTLA4	True	True	True
CD80	NGFR	True	False	False
CD82	CD37	True	False	False
CD82	ITGB2	True	False	False
CD86	CD28	True	True	True
CD86	CTLA4	True	True	True
CD8A	CEACAM5	False	True	False
CD9	ADAM2	True	False	False
CD9	CD36	True	False	False
CD9	CLDN1	True	False	False
CD9	IGSF8	True	False	False
CD9	KIT	True	False	False
CD96	NECTIN1	True	True	True
CD96	NECTIN2	True	False	False
CD96	PVR	True	True	True
CD99	CD81	True	False	True
CD99	CD99	True	True	False
CD99	CD99L2	False	True	True
CD99	PILRA	True	True	True
CD99	PILRB	True	True	True
CDCP1	EGFR	True	False	False
CDH1	CDH1	True	True	False
CDH1	CDH2	False	False	True
CDH1	EGFR	True	False	True
CDH1	IGF1R	True	False	True
CDH1	ITGA2,ITGB1	False	True	False
CDH1	ITGA2_ITGB1	False	False	True
CDH1	ITGAE	True	False	False
CDH1	ITGAE,ITGB7	False	True	False
CDH1	ITGAE_ITGB7	False	False	True
CDH1	ITGB7	True	False	False
CDH1	KLRG1	True	True	True
CDH1	LRP5	False	False	True
CDH1	PTPRF	True	False	True
CDH1	PTPRM	True	False	True
CDH12	ITGB1,ITGA1	False	True	False
CDH13	NCAM2	True	False	False
CDH15	CDH15	True	True	False
CDH15	CDON	True	False	False
CDH2	CDH2	True	True	False
CDH2	CDON	True	False	False
CDH3	CDH3	True	True	False
CDH4	CDH4	True	True	False
CDH5	CDH5	True	True	False
CDH6	CNTN1	True	False	False
CDH6	PTGFRN	True	False	False
CDH9	BTN3A1	True	False	False
CDHR2	CD3D	True	False	False
CDHR2	KIRREL1	True	False	False
CDHR2	UNC5A	True	False	False
CEACAM1	CD209	True	False	False
CEACAM1	CEACAM5	True	True	False
CEACAM1	CEACAM6	False	True	False
CEACAM1	CEACAM8	False	True	False
CEACAM1	EGFR	True	False	True
CEACAM1	HAVCR2	True	False	True
CEACAM1	SELE	True	False	False
CEACAM16	TECTA	False	False	True
CEACAM16	TECTB	False	False	True
CEACAM20	VSIG8	True	False	False
CEACAM21	LILRA6	True	False	False
CEACAM3	CEACAM5	True	False	False
CEACAM3	CEACAM7	True	False	False
CEACAM3	PTPRD	True	False	False
CEACAM4	FLT4	True	False	False
CEACAM5	CD8A	True	False	True
CEACAM5	CEACAM1	True	False	False
CEACAM5	CEACAM3	True	False	False
CEACAM5	CEACAM5	True	False	False
CEACAM5	CEACAM6	True	True	False
CEACAM5	CEACAM7	True	False	False
CEACAM5	CEACAM8	True	False	False
CEACAM5	LRP8	True	False	False
CEACAM6	CEACAM1	True	False	True
CEACAM6	CEACAM5	True	False	False
CEACAM6	CEACAM6	False	True	False
CEACAM6	CEACAM7	True	False	False
CEACAM6	CEACAM8	True	False	False
CEACAM6	EGFR	True	False	True
CEACAM6	ITGA1	True	False	False
CEACAM6	STAB1	True	False	False
CEACAM6	UXS1	True	False	False
CEACAM7	CEACAM3	True	False	False
CEACAM7	CEACAM5	True	False	False
CEACAM7	CEACAM6	True	False	False
CEACAM8	BTN2A2	True	False	False
CEACAM8	CEACAM1	True	False	True
CEACAM8	CEACAM5	True	False	False
CEACAM8	CEACAM6	True	True	False
CEACAM8	PTPRO	True	False	False
CEACAM8	TECTB	True	False	False
CEL	CXCR4	True	False	True
CEL	RORA	False	True	False
CEL	RORC	False	True	False
CER1	MRC2	True	False	True
CFAP54	CADM3	True	False	False
CFC1	ACVR1B	True	False	True
CFC1	ACVR2A	True	False	True
CFD	CFB	True	False	False
CFH	CFB	True	False	False
CFH	ITGAM	True	False	True
CFH	SELL	True	False	False
CFP	NCR1	True	False	True
CGA	ADCYAP1R1	True	False	True
CGA	ADRB2	True	False	True
CGA	ADRB3	True	False	True
CGA	FSHR	True	True	True
CGA	GPR20	True	False	True
CGA	GPR84	True	False	True
CGA	LHCGR	True	True	True
CGA	PTH1R	True	False	True
CGA	RAMP2	True	False	True
CGA	RAMP3	True	False	True
CGA	TSHR	True	True	True
CGA	VIPR1	True	False	True
CGB3	LHCGR	True	False	False
CGB7	LHCGR	True	False	False
CGB8	LHCGR	False	False	True
CGN	OCLN	False	False	True
CGN	TGFBR1	False	False	True
CGN	TGFBR2	False	False	True
CHAD	ITGA2	True	False	False
CHAD	ITGA2,ITGB1	False	True	False
CHAD	ITGA2_ITGB1	False	False	True
CHAD	ITGB1	True	False	False
CHL1	CNTN1	True	False	False
CHL1	CNTN5	True	False	False
CHL1	SIRPA	True	False	False
CHL1	TMEM132A	True	False	False
CIB1	ITGA2B	True	False	False
CIB1	ITGB3	True	False	False
CIRBP	TREM1	False	False	True
CKLF	CCR4	True	False	True
CKLF	LRP6	True	False	True
CLCF1	CNTFR	True	False	False
CLCF1	CNTFR_IL6ST_LIFR	False	False	True
CLCF1	CRLF1	True	False	True
CLCF1	IL6ST	True	False	False
CLCF1	IL6ST,LIFR,CNTFR	False	True	False
CLCF1	LIFR	True	False	False
CLCF1	SORL1	True	False	True
CLCF1_CRLF1	CNTFR_IL6ST	False	False	True
CLDN1	CLDN1	False	True	False
CLDN1	CLDN2	True	False	False
CLDN1	MMP2	True	False	False
CLDN11	CLDN11	True	True	False
CLDN14	CLDN16	True	False	False
CLDN16	CLDN19	True	False	False
CLDN19	CLDN6	True	False	False
CLDN19	CLDN7	True	False	False
CLDN19	CLDN8	True	False	False
CLDN19	CLDN9	True	False	False
CLDN2	CLDN2	False	True	False
CLDN2	CLDN3	True	False	False
CLDN24	CLDN24	True	False	False
CLDN3	CLDN1	True	False	False
CLDN3	CLDN3	False	True	False
CLEC11A	ITGA10	True	False	True
CLEC11A	ITGA11	True	False	True
CLEC11A	ITGB1	True	False	True
CLEC11A	KIT	True	False	False
CLEC1B	KLRB1	False	True	True
CLEC1B	PDPN	False	False	True
CLEC2A	KLRB1	True	True	False
CLEC2A	KLRF2	True	False	True
CLEC2B	KLRB1	True	True	False
CLEC2B	KLRF1	True	False	True
CLEC2D	KLRB1	True	True	True
CLEC2L	IGSF11	True	False	False
CLEC2L	KLRB1	True	True	False
CLEC2L	NCAM1	True	False	False
CLEC3A	CLEC10A	True	False	True
CLEC3A	CLEC2B	True	False	False
CLEC4G	LAG3	True	False	True
CLMP	JAML	True	False	False
CLU	LRP2	True	False	False
CLU	TREM2	True	False	False
CLUL1	GPR55	True	False	False
CMTM8	EGFR	True	False	False
CNMD	PTPRD	True	False	True
CNTF	CNTFR	True	False	False
CNTF	CNTFR_IL6ST	False	False	True
CNTF	CRLF1	True	False	True
CNTF	EGFR	False	False	True
CNTF	IL6R	True	False	True
CNTF	IL6ST	True	False	False
CNTF	IL6ST,LIFR,CNTFR	False	True	False
CNTF	IL6ST_LIFR	False	False	True
CNTF	LIFR	True	False	False
CNTN1	CHL1	True	False	False
CNTN1	FCGRT	True	False	False
CNTN1	IL23R	True	False	False
CNTN1	MCAM	True	False	False
CNTN1	NFASC	True	False	False
CNTN1	NOTCH1	True	True	True
CNTN1	NOTCH2	True	True	True
CNTN1	NRCAM	True	True	True
CNTN1	PCDHB7	True	False	False
CNTN1	PTPRZ1	True	False	True
CNTN1	SGCG	True	False	False
CNTN2	CNTN1	True	False	True
CNTN2	CNTN2	True	True	False
CNTN2	CNTN2,CNTNAP2	False	True	False
CNTN2	CNTNAP2	True	False	False
CNTN2	KREMEN1	True	False	False
CNTN2	L1CAM	True	True	False
CNTN2	NRCAM	True	False	True
CNTN2	NRP1	True	False	True
CNTN3	APLP1	True	False	False
CNTN3	APP	True	False	False
CNTN3	PTPRG	True	False	True
CNTN4	APLP1	True	False	True
CNTN4	APP	True	False	False
CNTN4	LVRN	True	False	True
CNTN4	PTPRG	True	False	True
CNTN5	CHL1	True	False	False
CNTN5	FAM187A	True	False	False
CNTN5	IL1RAPL1	True	False	False
CNTN5	IL1RAPL2	True	False	False
CNTN5	PTPRG	True	False	False
CNTN5	SLAMF1	True	False	False
CNTN5	SPACA6	True	False	False
CNTN5	TMEM81	True	False	False
CNTN6	NOTCH1	True	False	True
CNTN6	PTPRG	True	False	True
COL10A1	ITGA1	True	False	False
COL10A1	ITGA10	True	False	False
COL10A1	ITGA10_ITGB1	False	False	True
COL10A1	ITGA11	True	False	False
COL10A1	ITGA11_ITGB1	False	False	True
COL10A1	ITGA1_ITGB1	False	False	True
COL10A1	ITGA2	True	False	False
COL10A1	ITGA2_ITGB1	False	False	True
COL10A1	ITGB1	True	False	False
COL10A1	LAIR1	True	False	False
COL11A1	DDR1	True	False	True
COL11A1	ITGA1	True	False	False
COL11A1	ITGA10	True	False	False
COL11A1	ITGA10_ITGB1	False	False	True
COL11A1	ITGA11	True	False	False
COL11A1	ITGA11_ITGB1	False	False	True
COL11A1	ITGA1_ITGB1	False	False	True
COL11A1	ITGA2	True	False	False
COL11A1	ITGA2_ITGB1	False	False	True
COL11A1	ITGB1	True	False	False
COL11A2	ITGA1	True	False	False
COL11A2	ITGA10	True	False	False
COL11A2	ITGA10_ITGB1	False	False	True
COL11A2	ITGA11	True	False	False
COL11A2	ITGA11_ITGB1	False	False	True
COL11A2	ITGA1_ITGB1	False	False	True
COL11A2	ITGA2	True	False	False
COL11A2	ITGA2_ITGB1	False	False	True
COL11A2	ITGB1	True	False	False
COL12A1	ITGA1	True	False	False
COL12A1	ITGA10	True	False	False
COL12A1	ITGA10_ITGB1	False	False	True
COL12A1	ITGA11	True	False	False
COL12A1	ITGA11_ITGB1	False	False	True
COL12A1	ITGA1_ITGB1	False	False	True
COL12A1	ITGA2	True	False	False
COL12A1	ITGA2_ITGB1	False	False	True
COL12A1	ITGB1	True	False	False
COL13A1	ITGA1	True	False	False
COL13A1	ITGA10	True	False	False
COL13A1	ITGA10_ITGB1	False	False	True
COL13A1	ITGA11	True	False	False
COL13A1	ITGA11_ITGB1	False	False	True
COL13A1	ITGA1_ITGB1	False	False	True
COL13A1	ITGA2	True	False	False
COL13A1	ITGA2_ITGB1	False	False	True
COL13A1	ITGB1	True	False	False
COL14A1	CD44	True	False	True
COL14A1	ITGA1	True	False	False
COL14A1	ITGA10	True	False	False
COL14A1	ITGA10_ITGB1	False	False	True
COL14A1	ITGA11	True	False	False
COL14A1	ITGA11_ITGB1	False	False	True
COL14A1	ITGA1_ITGB1	False	False	True
COL14A1	ITGA2	True	False	False
COL14A1	ITGA2_ITGB1	False	False	True
COL14A1	ITGB1	True	False	False
COL15A1	ITGA1	True	False	False
COL15A1	ITGA10	True	False	False
COL15A1	ITGA10_ITGB1	False	False	True
COL15A1	ITGA11	True	False	False
COL15A1	ITGA11_ITGB1	False	False	True
COL15A1	ITGA1_ITGB1	False	False	True
COL15A1	ITGA2	True	False	False
COL15A1	ITGA2_ITGB1	False	False	True
COL15A1	ITGB1	True	False	False
COL16A1	ITGA1	True	False	False
COL16A1	ITGA10	True	False	False
COL16A1	ITGA10_ITGB1	False	False	True
COL16A1	ITGA11	True	False	False
COL16A1	ITGA11_ITGB1	False	False	True
COL16A1	ITGA1_ITGB1	False	False	True
COL16A1	ITGA2	True	False	False
COL16A1	ITGA2_ITGB1	False	False	True
COL16A1	ITGB1	True	False	False
COL17A1	ITGA1	True	False	False
COL17A1	ITGA10	True	False	False
COL17A1	ITGA10_ITGB1	False	False	True
COL17A1	ITGA11	True	False	False
COL17A1	ITGA11_ITGB1	False	False	True
COL17A1	ITGA1_ITGB1	False	False	True
COL17A1	ITGA2	True	False	False
COL17A1	ITGA2_ITGB1	False	False	True
COL17A1	ITGB1	True	False	False
COL18A1	GPC1	True	False	True
COL18A1	GPC4	True	False	True
COL18A1	ITGA1	True	False	False
COL18A1	ITGA10	True	False	False
COL18A1	ITGA10_ITGB1	False	False	True
COL18A1	ITGA11	True	False	False
COL18A1	ITGA11_ITGB1	False	False	True
COL18A1	ITGA1_ITGB1	False	False	True
COL18A1	ITGA2	True	False	False
COL18A1	ITGA2_ITGB1	False	False	True
COL18A1	ITGA3	False	False	True
COL18A1	ITGA5	True	False	True
COL18A1	ITGB1	True	False	False
COL18A1	ITGB3	False	False	True
COL18A1	ITGB5	False	False	True
COL18A1	KDR	True	False	True
COL18A1	PTPRS	True	False	True
COL19A1	ITGA1	True	False	False
COL19A1	ITGA10	True	False	False
COL19A1	ITGA10_ITGB1	False	False	True
COL19A1	ITGA11	True	False	False
COL19A1	ITGA11_ITGB1	False	False	True
COL19A1	ITGA1_ITGB1	False	False	True
COL19A1	ITGA2	True	False	False
COL19A1	ITGA2_ITGB1	False	False	True
COL19A1	ITGB1	True	False	False
COL1A1	CD36	True	False	True
COL1A1	CD44	True	True	True
COL1A1	CD93	True	False	True
COL1A1	DDR1	True	False	True
COL1A1	DDR2	True	False	True
COL1A1	FLT4	False	False	True
COL1A1	GP6	True	True	True
COL1A1	ITGA1	True	False	False
COL1A1	ITGA10	True	False	False
COL1A1	ITGA10,ITGB1	False	True	False
COL1A1	ITGA10_ITGB1	False	False	True
COL1A1	ITGA11	True	False	False
COL1A1	ITGA11_ITGB1	False	False	True
COL1A1	ITGA1_ITGB1	False	False	True
COL1A1	ITGA2	True	False	False
COL1A1	ITGA2,ITGB1	False	True	False
COL1A1	ITGA2_ITGB1	False	False	True
COL1A1	ITGA3	True	False	False
COL1A1	ITGA3,ITGB1	False	True	False
COL1A1	ITGA3_ITGB1	False	False	True
COL1A1	ITGA5	True	False	True
COL1A1	ITGA9	True	False	False
COL1A1	ITGA9,ITGB1	False	True	False
COL1A1	ITGA9_ITGB1	False	False	True
COL1A1	ITGAV	True	False	False
COL1A1	ITGAV,ITGB8	False	True	False
COL1A1	ITGAV_ITGB8	False	False	True
COL1A1	ITGB1	True	False	False
COL1A1	ITGB1,ITGA1	False	True	False
COL1A1	ITGB1,ITGA11	False	True	False
COL1A1	ITGB8	True	False	False
COL1A1	SDC1	True	True	True
COL1A1	SDC4	False	True	False
COL1A1	TMPRSS6	True	False	False
COL1A2	CD36	True	False	True
COL1A2	CD44	True	True	True
COL1A2	CD93	True	False	True
COL1A2	DDR1	True	False	False
COL1A2	FLT4	False	False	True
COL1A2	GP6	False	True	True
COL1A2	ITGA1	True	False	False
COL1A2	ITGA10	True	False	False
COL1A2	ITGA10,ITGB1	False	True	False
COL1A2	ITGA10_ITGB1	False	False	True
COL1A2	ITGA11	True	False	False
COL1A2	ITGA11_ITGB1	False	False	True
COL1A2	ITGA1_ITGB1	False	False	True
COL1A2	ITGA2	True	False	False
COL1A2	ITGA2,ITGB1	False	True	False
COL1A2	ITGA2B	True	False	True
COL1A2	ITGA2_ITGB1	False	False	True
COL1A2	ITGA3,ITGB1	False	True	False
COL1A2	ITGA3_ITGB1	False	False	True
COL1A2	ITGA9,ITGB1	False	True	False
COL1A2	ITGA9_ITGB1	False	False	True
COL1A2	ITGAV,ITGB8	False	True	False
COL1A2	ITGAV_ITGB8	False	False	True
COL1A2	ITGB1	True	False	False
COL1A2	ITGB1,ITGA1	False	True	False
COL1A2	ITGB1,ITGA11	False	True	False
COL1A2	ITGB3	True	False	True
COL1A2	SDC1	False	True	True
COL1A2	SDC4	False	True	False
COL20A1	ITGA1	True	False	False
COL20A1	ITGA10	True	False	False
COL20A1	ITGA10_ITGB1	False	False	True
COL20A1	ITGA11	True	False	False
COL20A1	ITGA11_ITGB1	False	False	True
COL20A1	ITGA1_ITGB1	False	False	True
COL20A1	ITGA2	True	False	False
COL20A1	ITGA2_ITGB1	False	False	True
COL20A1	ITGB1	True	False	False
COL21A1	ITGA1	True	False	False
COL21A1	ITGA10	True	False	False
COL21A1	ITGA10_ITGB1	False	False	True
COL21A1	ITGA11	True	False	False
COL21A1	ITGA11_ITGB1	False	False	True
COL21A1	ITGA1_ITGB1	False	False	True
COL21A1	ITGA2	True	False	False
COL21A1	ITGA2_ITGB1	False	False	True
COL21A1	ITGB1	True	False	False
COL22A1	ITGA1	True	False	False
COL22A1	ITGA10	True	False	False
COL22A1	ITGA10_ITGB1	False	False	True
COL22A1	ITGA11	True	False	False
COL22A1	ITGA11_ITGB1	False	False	True
COL22A1	ITGA1_ITGB1	False	False	True
COL22A1	ITGA2	True	False	False
COL22A1	ITGA2_ITGB1	False	False	True
COL22A1	ITGB1	True	False	False
COL24A1	ITGA1	True	False	False
COL24A1	ITGA10	True	False	False
COL24A1	ITGA10_ITGB1	False	False	True
COL24A1	ITGA11	True	False	False
COL24A1	ITGA11_ITGB1	False	False	True
COL24A1	ITGA1_ITGB1	False	False	True
COL24A1	ITGA2	True	False	False
COL24A1	ITGA2_ITGB1	False	False	True
COL24A1	ITGB1	True	False	False
COL26A1	ITGA1	True	False	False
COL26A1	ITGA10	True	False	False
COL26A1	ITGA10_ITGB1	False	False	True
COL26A1	ITGA11	True	False	False
COL26A1	ITGA11_ITGB1	False	False	True
COL26A1	ITGA1_ITGB1	False	False	True
COL26A1	ITGA2	True	False	False
COL26A1	ITGA2_ITGB1	False	False	True
COL26A1	ITGB1	True	False	False
COL27A1	ITGA1	True	False	False
COL27A1	ITGA10	True	False	False
COL27A1	ITGA10_ITGB1	False	False	True
COL27A1	ITGA11	True	False	False
COL27A1	ITGA11_ITGB1	False	False	True
COL27A1	ITGA1_ITGB1	False	False	True
COL27A1	ITGA2	True	False	False
COL27A1	ITGA2_ITGB1	False	False	True
COL27A1	ITGB1	True	False	False
COL28A1	ITGA1	True	False	False
COL28A1	ITGA10	True	False	False
COL28A1	ITGA10_ITGB1	False	False	True
COL28A1	ITGA11	True	False	False
COL28A1	ITGA11_ITGB1	False	False	True
COL28A1	ITGA1_ITGB1	False	False	True
COL28A1	ITGA2	True	False	False
COL28A1	ITGA2_ITGB1	False	False	True
COL28A1	ITGB1	True	False	False
COL2A1	CD44	True	True	True
COL2A1	DDR1	True	False	True
COL2A1	GP6	True	True	True
COL2A1	ITGA1	True	False	False
COL2A1	ITGA10	True	False	False
COL2A1	ITGA10,ITGB1	False	True	False
COL2A1	ITGA10_ITGB1	False	False	True
COL2A1	ITGA11	True	False	False
COL2A1	ITGA11_ITGB1	False	False	True
COL2A1	ITGA1_ITGB1	False	False	True
COL2A1	ITGA2	True	False	False
COL2A1	ITGA2,ITGB1	False	True	False
COL2A1	ITGA2B	True	False	True
COL2A1	ITGA2_ITGB1	False	False	True
COL2A1	ITGA3	True	False	False
COL2A1	ITGA3,ITGB1	False	True	False
COL2A1	ITGA3_ITGB1	False	False	True
COL2A1	ITGA9	True	False	False
COL2A1	ITGA9,ITGB1	False	True	False
COL2A1	ITGA9_ITGB1	False	False	True
COL2A1	ITGAV	True	False	False
COL2A1	ITGAV,ITGB8	False	True	False
COL2A1	ITGAV_ITGB8	False	False	True
COL2A1	ITGB1	True	False	False
COL2A1	ITGB1,ITGA1	False	True	False
COL2A1	ITGB1,ITGA11	False	True	False
COL2A1	ITGB8	True	False	False
COL2A1	MAG	True	False	True
COL2A1	SDC1	True	True	True
COL2A1	SDC4	False	True	False
COL2A1	TNFRSF10A	True	False	True
COL3A1	ADGRG1	False	True	False
COL3A1	DDR1	True	False	True
COL3A1	DDR2	True	False	True
COL3A1	ITGA1	True	False	False
COL3A1	ITGA10	True	False	False
COL3A1	ITGA10_ITGB1	False	False	True
COL3A1	ITGA11	True	False	False
COL3A1	ITGA11_ITGB1	False	False	True
COL3A1	ITGA1_ITGB1	False	False	True
COL3A1	ITGA2	True	False	False
COL3A1	ITGA2_ITGB1	False	False	True
COL3A1	ITGB1	True	False	False
COL3A1	MAG	True	False	True
COL4A1	ADGRG6	False	True	False
COL4A1	CD44	False	True	True
COL4A1	CD47	False	False	True
COL4A1	CD93	True	False	True
COL4A1	GP6	False	True	True
COL4A1	ITGA1	True	False	False
COL4A1	ITGA10	True	False	False
COL4A1	ITGA10,ITGB1	False	True	False
COL4A1	ITGA10_ITGB1	False	False	True
COL4A1	ITGA11	True	False	False
COL4A1	ITGA11_ITGB1	False	False	True
COL4A1	ITGA1_ITGB1	False	False	True
COL4A1	ITGA2	True	False	False
COL4A1	ITGA2,ITGB1	False	True	False
COL4A1	ITGA2_ITGB1	False	False	True
COL4A1	ITGA3,ITGB1	False	True	False
COL4A1	ITGA3_ITGB1	False	False	True
COL4A1	ITGA9,ITGB1	False	True	False
COL4A1	ITGA9_ITGB1	False	False	True
COL4A1	ITGAV	True	False	False
COL4A1	ITGAV,ITGB8	False	True	False
COL4A1	ITGAV_ITGB8	False	False	True
COL4A1	ITGB1	True	False	False
COL4A1	ITGB1,ITGA1	False	True	False
COL4A1	ITGB1,ITGA11	False	True	False
COL4A1	ITGB8	True	False	False
COL4A1	SDC1	False	True	True
COL4A1	SDC4	False	True	False
COL4A2	ADGRG6	False	True	False
COL4A2	CD44	False	True	True
COL4A2	CD93	True	False	True
COL4A2	DDR1	True	False	False
COL4A2	DDR2	True	False	False
COL4A2	GP6	False	True	True
COL4A2	ITGA1	True	False	False
COL4A2	ITGA10	True	False	False
COL4A2	ITGA10,ITGB1	False	True	False
COL4A2	ITGA10_ITGB1	False	False	True
COL4A2	ITGA11	True	False	False
COL4A2	ITGA11_ITGB1	False	False	True
COL4A2	ITGA1_ITGB1	False	False	True
COL4A2	ITGA2	True	False	False
COL4A2	ITGA2,ITGB1	False	True	False
COL4A2	ITGA2_ITGB1	False	False	True
COL4A2	ITGA3,ITGB1	False	True	False
COL4A2	ITGA3_ITGB1	False	False	True
COL4A2	ITGA9,ITGB1	False	True	False
COL4A2	ITGA9_ITGB1	False	False	True
COL4A2	ITGAV,ITGB8	False	True	False
COL4A2	ITGAV_ITGB8	False	False	True
COL4A2	ITGB1	True	False	False
COL4A2	ITGB1,ITGA1	False	True	False
COL4A2	ITGB1,ITGA11	False	True	False
COL4A2	ITGB3	True	False	True
COL4A2	ITGB5	True	False	True
COL4A2	SDC1	False	True	True
COL4A2	SDC4	False	True	False
COL4A3	ADGRG6	False	True	False
COL4A3	CD44	False	True	True
COL4A3	CD47	True	False	True
COL4A3	CD93	True	False	True
COL4A3	GP6	False	True	True
COL4A3	ITGA1	True	False	False
COL4A3	ITGA10	True	False	False
COL4A3	ITGA10,ITGB1	False	True	False
COL4A3	ITGA10_ITGB1	False	False	True
COL4A3	ITGA11	True	False	False
COL4A3	ITGA11_ITGB1	False	False	True
COL4A3	ITGA1_ITGB1	False	False	True
COL4A3	ITGA2	True	False	False
COL4A3	ITGA2,ITGB1	False	True	False
COL4A3	ITGA2_ITGB1	False	False	True
COL4A3	ITGA3,ITGB1	False	True	False
COL4A3	ITGA3_ITGB1	False	False	True
COL4A3	ITGA9,ITGB1	False	True	False
COL4A3	ITGA9_ITGB1	False	False	True
COL4A3	ITGAV	True	False	False
COL4A3	ITGAV,ITGB8	False	True	False
COL4A3	ITGAV_ITGB8	False	False	True
COL4A3	ITGB1	True	False	False
COL4A3	ITGB1,ITGA1	False	True	False
COL4A3	ITGB1,ITGA11	False	True	False
COL4A3	ITGB3	True	False	True
COL4A3	ITGB8	True	False	False
COL4A3	SDC1	False	True	True
COL4A3	SDC4	False	True	False
COL4A4	ADGRG6	False	True	False
COL4A4	CD44	False	True	True
COL4A4	CD47	True	False	True
COL4A4	CD93	True	False	True
COL4A4	DDR1	True	False	False
COL4A4	DDR2	True	False	False
COL4A4	GP6	False	True	True
COL4A4	ITGA1	True	False	False
COL4A4	ITGA10	True	False	False
COL4A4	ITGA10,ITGB1	False	True	False
COL4A4	ITGA10_ITGB1	False	False	True
COL4A4	ITGA11	True	False	False
COL4A4	ITGA11_ITGB1	False	False	True
COL4A4	ITGA1_ITGB1	False	False	True
COL4A4	ITGA2	True	False	False
COL4A4	ITGA2,ITGB1	False	True	False
COL4A4	ITGA2_ITGB1	False	False	True
COL4A4	ITGA3,ITGB1	False	True	False
COL4A4	ITGA3_ITGB1	False	False	True
COL4A4	ITGA9,ITGB1	False	True	False
COL4A4	ITGA9_ITGB1	False	False	True
COL4A4	ITGAV	True	False	False
COL4A4	ITGAV,ITGB8	False	True	False
COL4A4	ITGAV_ITGB8	False	False	True
COL4A4	ITGB1	True	False	False
COL4A4	ITGB1,ITGA1	False	True	False
COL4A4	ITGB1,ITGA11	False	True	False
COL4A4	ITGB3	True	False	True
COL4A4	SDC1	False	True	True
COL4A4	SDC4	False	True	False
COL4A5	ADGRG6	False	True	False
COL4A5	CD44	False	True	True
COL4A5	CD47	True	False	True
COL4A5	CD93	True	False	True
COL4A5	DDR1	True	False	False
COL4A5	DDR2	True	False	False
COL4A5	GP6	False	True	True
COL4A5	ITGA1	True	False	False
COL4A5	ITGA10	True	False	False
COL4A5	ITGA10,ITGB1	False	True	False
COL4A5	ITGA10_ITGB1	False	False	True
COL4A5	ITGA11	True	False	False
COL4A5	ITGA11_ITGB1	False	False	True
COL4A5	ITGA1_ITGB1	False	False	True
COL4A5	ITGA2	True	False	False
COL4A5	ITGA2,ITGB1	False	True	False
COL4A5	ITGA2_ITGB1	False	False	True
COL4A5	ITGA3,ITGB1	False	True	False
COL4A5	ITGA3_ITGB1	False	False	True
COL4A5	ITGA9,ITGB1	False	True	False
COL4A5	ITGA9_ITGB1	False	False	True
COL4A5	ITGAV	True	False	False
COL4A5	ITGAV,ITGB8	False	True	False
COL4A5	ITGAV_ITGB8	False	False	True
COL4A5	ITGB1	True	False	False
COL4A5	ITGB1,ITGA1	False	True	False
COL4A5	ITGB1,ITGA11	False	True	False
COL4A5	SDC1	False	True	True
COL4A5	SDC4	False	True	False
COL4A6	ADGRG6	False	True	False
COL4A6	CD44	False	True	True
COL4A6	CD47	True	False	True
COL4A6	CD93	True	False	True
COL4A6	DDR1	True	False	False
COL4A6	DDR2	True	False	False
COL4A6	GP6	False	True	True
COL4A6	ITGA1	True	False	False
COL4A6	ITGA10	True	False	False
COL4A6	ITGA10,ITGB1	False	True	False
COL4A6	ITGA10_ITGB1	False	False	True
COL4A6	ITGA11	True	False	False
COL4A6	ITGA11_ITGB1	False	False	True
COL4A6	ITGA1_ITGB1	False	False	True
COL4A6	ITGA2	True	False	False
COL4A6	ITGA2,ITGB1	False	True	False
COL4A6	ITGA2_ITGB1	False	False	True
COL4A6	ITGA3,ITGB1	False	True	False
COL4A6	ITGA3_ITGB1	False	False	True
COL4A6	ITGA9,ITGB1	False	True	False
COL4A6	ITGA9_ITGB1	False	False	True
COL4A6	ITGAV	True	False	False
COL4A6	ITGAV,ITGB8	False	True	False
COL4A6	ITGAV_ITGB8	False	False	True
COL4A6	ITGB1	True	False	False
COL4A6	ITGB1,ITGA1	False	True	False
COL4A6	ITGB1,ITGA11	False	True	False
COL4A6	SDC1	False	True	True
COL4A6	SDC4	False	True	False
COL5A1	CD93	True	False	False
COL5A1	DDR1	True	False	False
COL5A1	DDR2	True	False	False
COL5A1	ITGA1	True	False	False
COL5A1	ITGA10	True	False	False
COL5A1	ITGA10_ITGB1	False	False	True
COL5A1	ITGA11	True	False	False
COL5A1	ITGA11_ITGB1	False	False	True
COL5A1	ITGA1_ITGB1	False	False	True
COL5A1	ITGA2	True	False	False
COL5A1	ITGA2_ITGB1	False	False	True
COL5A1	ITGB1	True	False	False
COL5A1	LAIR1	True	False	False
COL5A1	SDC1	True	False	False
COL5A1	SDC3	True	False	True
COL5A2	CD93	True	False	False
COL5A2	DDR1	True	False	True
COL5A2	DDR2	True	False	False
COL5A2	ITGA1	True	False	False
COL5A2	ITGA10	True	False	False
COL5A2	ITGA10_ITGB1	False	False	True
COL5A2	ITGA11	True	False	False
COL5A2	ITGA11_ITGB1	False	False	True
COL5A2	ITGA1_ITGB1	False	False	True
COL5A2	ITGA2	True	False	False
COL5A2	ITGA2_ITGB1	False	False	True
COL5A2	ITGB1	True	False	False
COL5A2	LAIR1	True	False	False
COL5A2	SDC1	True	False	False
COL5A3	CD93	True	False	False
COL5A3	DDR1	True	False	False
COL5A3	DDR2	True	False	False
COL5A3	ITGA1	True	False	False
COL5A3	ITGA10	True	False	False
COL5A3	ITGA10_ITGB1	False	False	True
COL5A3	ITGA11	True	False	False
COL5A3	ITGA11_ITGB1	False	False	True
COL5A3	ITGA1_ITGB1	False	False	True
COL5A3	ITGA2	True	False	False
COL5A3	ITGA2_ITGB1	False	False	True
COL5A3	ITGB1	True	False	False
COL5A3	SDC1	True	False	False
COL5A3	SDC3	True	False	True
COL6A1	CD44	False	True	True
COL6A1	GP6	False	True	True
COL6A1	ITGA1	True	False	False
COL6A1	ITGA10	True	False	False
COL6A1	ITGA10,ITGB1	False	True	False
COL6A1	ITGA10_ITGB1	False	False	True
COL6A1	ITGA11	True	False	False
COL6A1	ITGA11_ITGB1	False	False	True
COL6A1	ITGA1_ITGB1	False	False	True
COL6A1	ITGA2	True	False	False
COL6A1	ITGA2,ITGB1	False	True	False
COL6A1	ITGA2_ITGB1	False	False	True
COL6A1	ITGA3,ITGB1	False	True	False
COL6A1	ITGA3_ITGB1	False	False	True
COL6A1	ITGA6	True	False	True
COL6A1	ITGA9,ITGB1	False	True	False
COL6A1	ITGA9_ITGB1	False	False	True
COL6A1	ITGAV,ITGB8	False	True	False
COL6A1	ITGAV_ITGB8	False	False	True
COL6A1	ITGB1	True	False	False
COL6A1	ITGB1,ITGA1	False	True	False
COL6A1	ITGB1,ITGA11	False	True	False
COL6A1	SDC1	False	True	True
COL6A1	SDC4	False	True	False
COL6A2	CD44	False	True	True
COL6A2	GP6	False	True	True
COL6A2	ITGA1	True	False	False
COL6A2	ITGA10	True	False	False
COL6A2	ITGA10,ITGB1	False	True	False
COL6A2	ITGA10_ITGB1	False	False	True
COL6A2	ITGA11	True	False	False
COL6A2	ITGA11_ITGB1	False	False	True
COL6A2	ITGA1_ITGB1	False	False	True
COL6A2	ITGA2	True	False	False
COL6A2	ITGA2,ITGB1	False	True	False
COL6A2	ITGA2_ITGB1	False	False	True
COL6A2	ITGA3,ITGB1	False	True	False
COL6A2	ITGA3_ITGB1	False	False	True
COL6A2	ITGA9,ITGB1	False	True	False
COL6A2	ITGA9_ITGB1	False	False	True
COL6A2	ITGAV,ITGB8	False	True	False
COL6A2	ITGAV_ITGB8	False	False	True
COL6A2	ITGB1	True	False	False
COL6A2	ITGB1,ITGA1	False	True	False
COL6A2	ITGB1,ITGA11	False	True	False
COL6A2	SDC1	False	True	True
COL6A2	SDC4	False	True	False
COL6A3	CD44	False	True	True
COL6A3	GP6	False	True	True
COL6A3	ITGA1	True	False	False
COL6A3	ITGA10	True	False	False
COL6A3	ITGA10,ITGB1	False	True	False
COL6A3	ITGA10_ITGB1	False	False	True
COL6A3	ITGA11	True	False	False
COL6A3	ITGA11_ITGB1	False	False	True
COL6A3	ITGA1_ITGB1	False	False	True
COL6A3	ITGA2	True	False	False
COL6A3	ITGA2,ITGB1	False	True	False
COL6A3	ITGA2_ITGB1	False	False	True
COL6A3	ITGA3,ITGB1	False	True	False
COL6A3	ITGA3_ITGB1	False	False	True
COL6A3	ITGA9,ITGB1	False	True	False
COL6A3	ITGA9_ITGB1	False	False	True
COL6A3	ITGAV,ITGB8	False	True	False
COL6A3	ITGAV_ITGB8	False	False	True
COL6A3	ITGB1	True	False	False
COL6A3	ITGB1,ITGA1	False	True	False
COL6A3	ITGB1,ITGA11	False	True	False
COL6A3	SDC1	False	True	True
COL6A3	SDC4	False	True	False
COL6A5	CD44	False	True	True
COL6A5	GP6	False	True	True
COL6A5	ITGA1	True	False	False
COL6A5	ITGA10	True	False	False
COL6A5	ITGA10,ITGB1	False	True	False
COL6A5	ITGA10_ITGB1	False	False	True
COL6A5	ITGA11	True	False	False
COL6A5	ITGA11_ITGB1	False	False	True
COL6A5	ITGA1_ITGB1	False	False	True
COL6A5	ITGA2	True	False	False
COL6A5	ITGA2,ITGB1	False	True	False
COL6A5	ITGA2_ITGB1	False	False	True
COL6A5	ITGA3,ITGB1	False	True	False
COL6A5	ITGA3_ITGB1	False	False	True
COL6A5	ITGA9,ITGB1	False	True	False
COL6A5	ITGA9_ITGB1	False	False	True
COL6A5	ITGAV,ITGB8	False	True	False
COL6A5	ITGAV_ITGB8	False	False	True
COL6A5	ITGB1	True	False	False
COL6A5	ITGB1,ITGA1	False	True	False
COL6A5	ITGB1,ITGA11	False	True	False
COL6A5	SDC1	False	True	True
COL6A5	SDC4	False	True	False
COL6A6	CD44	False	True	True
COL6A6	GP6	False	True	True
COL6A6	ITGA1	True	False	False
COL6A6	ITGA10	True	False	False
COL6A6	ITGA10,ITGB1	False	True	False
COL6A6	ITGA10_ITGB1	False	False	True
COL6A6	ITGA11	True	False	False
COL6A6	ITGA11_ITGB1	False	False	True
COL6A6	ITGA1_ITGB1	False	False	True
COL6A6	ITGA2	True	False	False
COL6A6	ITGA2,ITGB1	False	True	False
COL6A6	ITGA2_ITGB1	False	False	True
COL6A6	ITGA3,ITGB1	False	True	False
COL6A6	ITGA3_ITGB1	False	False	True
COL6A6	ITGA9,ITGB1	False	True	False
COL6A6	ITGA9_ITGB1	False	False	True
COL6A6	ITGAV,ITGB8	False	True	False
COL6A6	ITGAV_ITGB8	False	False	True
COL6A6	ITGB1	True	False	False
COL6A6	ITGB1,ITGA1	False	True	False
COL6A6	ITGB1,ITGA11	False	True	False
COL6A6	SDC1	False	True	True
COL6A6	SDC4	False	True	False
COL7A1	ITGA1	True	False	False
COL7A1	ITGA10	True	False	False
COL7A1	ITGA10_ITGB1	False	False	True
COL7A1	ITGA11	True	False	False
COL7A1	ITGA11_ITGB1	False	False	True
COL7A1	ITGA1_ITGB1	False	False	True
COL7A1	ITGA2	True	False	False
COL7A1	ITGA2_ITGB1	False	False	True
COL7A1	ITGB1	True	False	False
COL8A1	DDR1	True	False	False
COL8A1	ITGA1	True	False	False
COL8A1	ITGA10	True	False	False
COL8A1	ITGA10_ITGB1	False	False	True
COL8A1	ITGA11	True	False	False
COL8A1	ITGA11_ITGB1	False	False	True
COL8A1	ITGA1_ITGB1	False	False	True
COL8A1	ITGA2	True	False	False
COL8A1	ITGA2_ITGB1	False	False	True
COL8A1	ITGB1	True	False	False
COL8A2	DDR1	True	False	False
COL8A2	ITGA1	True	False	False
COL8A2	ITGA10	True	False	False
COL8A2	ITGA10_ITGB1	False	False	True
COL8A2	ITGA11	True	False	False
COL8A2	ITGA11_ITGB1	False	False	True
COL8A2	ITGA1_ITGB1	False	False	True
COL8A2	ITGA2	True	False	False
COL8A2	ITGA2_ITGB1	False	False	True
COL8A2	ITGB1	True	False	False
COL8A2	SLC4A11	True	False	True
COL9A1	CD44	False	True	True
COL9A1	GP6	False	True	True
COL9A1	ITGA1	True	False	False
COL9A1	ITGA10	True	False	False
COL9A1	ITGA10,ITGB1	False	True	False
COL9A1	ITGA10_ITGB1	False	False	True
COL9A1	ITGA11	True	False	False
COL9A1	ITGA11_ITGB1	False	False	True
COL9A1	ITGA1_ITGB1	False	False	True
COL9A1	ITGA2	True	False	False
COL9A1	ITGA2,ITGB1	False	True	False
COL9A1	ITGA2_ITGB1	False	False	True
COL9A1	ITGA3,ITGB1	False	True	False
COL9A1	ITGA3_ITGB1	False	False	True
COL9A1	ITGA9,ITGB1	False	True	False
COL9A1	ITGA9_ITGB1	False	False	True
COL9A1	ITGAV,ITGB8	False	True	False
COL9A1	ITGAV_ITGB8	False	False	True
COL9A1	ITGB1	True	False	False
COL9A1	ITGB1,ITGA1	False	True	False
COL9A1	ITGB1,ITGA11	False	True	False
COL9A1	MAG	True	False	True
COL9A1	SDC1	False	True	True
COL9A1	SDC4	False	True	False
COL9A2	CD44	False	True	True
COL9A2	GP6	False	True	True
COL9A2	ITGA1	True	False	False
COL9A2	ITGA10	True	False	False
COL9A2	ITGA10,ITGB1	False	True	False
COL9A2	ITGA10_ITGB1	False	False	True
COL9A2	ITGA11	True	False	False
COL9A2	ITGA11_ITGB1	False	False	True
COL9A2	ITGA1_ITGB1	False	False	True
COL9A2	ITGA2	True	False	False
COL9A2	ITGA2,ITGB1	False	True	False
COL9A2	ITGA2_ITGB1	False	False	True
COL9A2	ITGA3,ITGB1	False	True	False
COL9A2	ITGA3_ITGB1	False	False	True
COL9A2	ITGA9,ITGB1	False	True	False
COL9A2	ITGA9_ITGB1	False	False	True
COL9A2	ITGAV,ITGB8	False	True	False
COL9A2	ITGAV_ITGB8	False	False	True
COL9A2	ITGB1	True	False	False
COL9A2	ITGB1,ITGA1	False	True	False
COL9A2	ITGB1,ITGA11	False	True	False
COL9A2	MAG	True	False	True
COL9A2	SDC1	False	True	True
COL9A2	SDC4	False	True	False
COL9A3	CD44	False	True	True
COL9A3	GP6	False	True	True
COL9A3	ITGA1	True	False	False
COL9A3	ITGA10	True	False	False
COL9A3	ITGA10,ITGB1	False	True	False
COL9A3	ITGA10_ITGB1	False	False	True
COL9A3	ITGA11	True	False	False
COL9A3	ITGA11_ITGB1	False	False	True
COL9A3	ITGA1_ITGB1	False	False	True
COL9A3	ITGA2	True	False	False
COL9A3	ITGA2,ITGB1	False	True	False
COL9A3	ITGA2_ITGB1	False	False	True
COL9A3	ITGA3,ITGB1	False	True	False
COL9A3	ITGA3_ITGB1	False	False	True
COL9A3	ITGA9,ITGB1	False	True	False
COL9A3	ITGA9_ITGB1	False	False	True
COL9A3	ITGAV,ITGB8	False	True	False
COL9A3	ITGAV_ITGB8	False	False	True
COL9A3	ITGB1	True	False	False
COL9A3	ITGB1,ITGA1	False	True	False
COL9A3	ITGB1,ITGA11	False	True	False
COL9A3	MAG	True	False	True
COL9A3	SDC1	False	True	True
COL9A3	SDC4	False	True	False
COLQ	MUSK	True	False	True
COMP	CD36	True	True	True
COMP	CD47	True	True	True
COMP	ITGA2B	True	False	False
COMP	ITGA3	True	False	False
COMP	ITGA3,ITGB1	False	True	False
COMP	ITGA3_ITGB1	False	False	True
COMP	ITGA5	True	False	True
COMP	ITGA7	True	False	False
COMP	ITGAV	True	False	False
COMP	ITGAV,ITGB3	False	True	False
COMP	ITGAV_ITGB3	False	False	True
COMP	ITGB1	True	False	False
COMP	ITGB3	True	False	False
COMP	SDC1	True	True	True
COMP	SDC4	False	True	False
COPA	CD74	True	False	True
COPA	MTNR1B	True	False	True
COPA	NTRK1	True	False	True
COPA	NTSR2	True	False	False
COPA	P2RY6	True	False	True
COPA	SORT1	True	False	False
CORIN	KIRREL1	True	False	False
CORIN	LRRC4C	True	False	False
CORT	ADRA2A	False	False	True
CORT	GHSR	True	False	True
CORT	GRM7	False	False	True
CORT	MRGPRX2	True	False	True
CORT	MRGPRX3	True	False	False
CORT	MRGPRX4	True	False	False
CORT	MTNR1A	False	False	True
CORT	SSTR1	True	True	True
CORT	SSTR2	True	True	True
CORT	SSTR3	True	True	True
CORT	SSTR4	True	True	True
CORT	SSTR5	True	True	True
CP	SLC40A1	True	False	True
CP	SMO	True	False	False
CPAMD8	SCTR	True	False	True
CRB3	LIN7C	True	False	False
CRB3	PATJ	True	False	False
CRH	ADCYAP1R1	False	False	True
CRH	ADRB2	False	False	True
CRH	ADRB3	False	False	True
CRH	CRHR1	True	True	True
CRH	CRHR2	True	True	True
CRH	GPR20	False	False	True
CRH	GPR84	False	False	True
CRH	LINC02210-CRHR1	True	False	False
CRH	MC2R	True	False	True
CRH	PTH1R	False	False	True
CRH	RAMP2	False	False	True
CRH	RAMP3	False	False	True
CRH	TSHR	False	False	True
CRH	VIPR1	False	False	True
CRHR2	GNAS	True	False	False
CRISP2	CATSPER1	True	False	True
CRISP3	A1BG	True	False	True
CRLF1	CNTFR	True	False	False
CRLF1	IL6ST	True	False	False
CRLF1	LIFR	True	False	False
CRLF1	SORL1	True	False	False
CRLF2	CRLF2_IL7R_TSLP	False	False	True
CRP	CR1	True	False	True
CRP	OLR1	True	False	True
CRTAM	CADM1	True	True	True
CRTAM	DSC3	True	False	False
CRTAM	ILDR2	True	False	False
CRTAM	MUC15	True	False	False
CRTAM	NTRK3	True	False	False
CSF1	CELSR3	False	False	True
CSF1	CSF1R	True	True	False
CSF1	CSF2RA	True	False	True
CSF1	CSF3R	True	False	True
CSF1	SIRPA	True	False	True
CSF1_IL34	CSF1R	False	False	True
CSF2	CSF1R	True	False	True
CSF2	CSF2RA	True	False	False
CSF2	CSF2RA_CSF2RB	False	False	True
CSF2	CSF2RB	True	False	False
CSF2	CSF2RB,CSF2RA	False	True	False
CSF2	CSF3R	True	False	True
CSF2	IL3RA	True	False	True
CSF2	ITGA9	False	False	True
CSF2	ITGB1	False	False	True
CSF2	SDC2	True	False	True
CSF3	CSF1R	True	False	True
CSF3	CSF2RA	True	False	True
CSF3	CSF3R	True	True	True
CSH1	GHR	True	False	False
CSH1	PRLR	True	False	True
CSH2	GHR	True	False	False
CSH2	PRLR	True	False	True
CSHL1	GHR	True	False	True
CSHL1	PRLR	True	False	True
CSPG4	ITGA3,ITGB1	False	True	False
CSPG4	ITGA3_ITGB1	False	False	True
CTF1	IL6ST	True	False	False
CTF1	IL6ST,LIFR	False	True	False
CTF1	IL6ST_LIFR	False	False	True
CTF1	LIFR	True	False	False
CTHRC1	FZD3	True	False	True
CTHRC1	FZD5	True	False	True
CTHRC1	FZD6	True	False	True
CTHRC1	ROR2	True	False	True
CTSD	APP	True	False	False
CTSG	F2R	True	True	False
CTSG	F2RL1	True	True	False
CTSG	F2RL2	True	True	False
CTSG	F2RL3	False	True	False
CTSG	FPR1	False	True	False
CTSG	PARD3	False	True	False
CUBN	LRP2	False	False	True
CX3CL1	CX3CR1	True	True	True
CX3CL1	ITGA4	True	False	False
CX3CL1	ITGAV	True	False	True
CX3CL1	ITGB1	True	False	False
CX3CL1	ITGB3	True	False	True
CXADR	JAML	True	False	True
CXADR	KLRA1P	True	False	False
CXCL1	ACKR1	True	True	True
CXCL1	ADRA2A	False	False	True
CXCL1	CXCR1	True	True	True
CXCL1	CXCR2	True	True	True
CXCL1	GRM7	False	False	True
CXCL1	MTNR1A	False	False	True
CXCL10	ACKR1	True	True	True
CXCL10	ADRA2A	False	False	True
CXCL10	CCR3	True	False	True
CXCL10	CXCR3	True	True	True
CXCL10	DPP4	True	False	True
CXCL10	GRM7	False	False	True
CXCL10	MTNR1A	False	False	True
CXCL10	SDC4	True	False	True
CXCL10	TLR4	False	False	True
CXCL11	ACKR1	True	True	True
CXCL11	ACKR3	True	True	True
CXCL11	ADRA2A	False	False	True
CXCL11	CCR3	True	False	True
CXCL11	CCR5	True	False	True
CXCL11	CXCR3	True	True	True
CXCL11	DPP4	True	False	True
CXCL11	GRM7	False	False	True
CXCL11	MTNR1A	False	False	True
CXCL12	ACKR3	True	True	True
CXCL12	AVPR1A	False	False	True
CXCL12	CCR4	False	False	True
CXCL12	CD4	True	False	True
CXCL12	CXCR3	True	False	True
CXCL12	CXCR4	True	True	True
CXCL12	DPP4	True	False	True
CXCL12	GRM7	False	False	True
CXCL12	ITGA4	False	False	True
CXCL12	ITGA5	False	False	True
CXCL12	ITGAV	False	False	True
CXCL12	ITGB1	True	False	True
CXCL12	ITGB3	False	False	True
CXCL12	MTNR1A	False	False	True
CXCL12	SDC4	False	False	True
CXCL13	ACKR1	True	True	True
CXCL13	ACKR4	True	False	True
CXCL13	ADRA2A	False	False	True
CXCL13	CCR10	True	False	True
CXCL13	CXCR3	True	True	True
CXCL13	CXCR5	True	True	True
CXCL13	GRM7	False	False	True
CXCL13	MTNR1A	False	False	True
CXCL13	OPRD1	False	False	True
CXCL14	CXCR4	True	False	True
CXCL16	ADRA2A	True	False	False
CXCL16	CXCR6	True	True	True
CXCL16	GRM7	True	False	True
CXCL16	MTNR1A	True	False	True
CXCL17	GPR35	True	False	False
CXCL2	ACKR1	True	True	True
CXCL2	CXCR1	True	True	True
CXCL2	CXCR2	True	True	True
CXCL2	DPP4	True	False	True
CXCL2	GRM7	False	False	True
CXCL2	MTNR1A	False	False	True
CXCL2	XCR1	True	False	True
CXCL3	ACKR1	True	True	True
CXCL3	ADRA2A	True	False	False
CXCL3	CXCR1	True	True	True
CXCL3	CXCR2	True	True	True
CXCL3	GRM7	True	False	True
CXCL3	MTNR1A	True	False	True
CXCL5	ACKR1	True	True	True
CXCL5	ADRA2A	True	False	True
CXCL5	CXCR1	True	True	True
CXCL5	CXCR2	True	True	True
CXCL5	GRM7	True	False	True
CXCL5	MTNR1A	True	False	True
CXCL6	ACKR1	True	True	True
CXCL6	ADRA2A	False	False	True
CXCL6	CXCR1	True	True	True
CXCL6	CXCR2	True	True	True
CXCL6	GRM7	False	False	True
CXCL6	MTNR1A	False	False	True
CXCL8	ACKR1	True	True	True
CXCL8	ADRA2A	False	False	True
CXCL8	CD79A	False	False	True
CXCL8	CXCR1	True	False	True
CXCL8	CXCR2	True	True	True
CXCL8	GRM7	False	False	True
CXCL8	KDR	False	False	True
CXCL8	MTNR1A	False	False	True
CXCL8	SDC1	True	False	True
CXCL8	SDC2	True	False	True
CXCL8	SDC3	False	False	True
CXCL9	ACKR1	True	True	True
CXCL9	ADRA2A	False	False	True
CXCL9	CCR3	True	False	True
CXCL9	CXCR3	True	True	True
CXCL9	DPP4	True	False	True
CXCL9	FCGR2A	False	False	True
CXCL9	GRM7	False	False	True
CXCL9	KIR2DL3	False	False	True
CXCL9	MTNR1A	False	False	True
CYP11A1	NR1H4	False	True	False
CYP11B1	NR3C1	False	True	False
CYP11B1	NR3C2	False	True	False
CYP11B2	NR3C1	False	True	False
CYP11B2	NR3C2	False	True	False
CYP17A1	AR	False	True	False
CYP19A1	ESR1	False	True	False
CYP19A1	ESR2	False	True	False
CYP19A1	GPER1	False	True	False
CYP19A1	NR1I2	False	True	False
CYP21A2	NR3C2	False	True	False
CYP27B1	VDR	False	True	False
CYP3A4	NR1H4	False	True	False
CYTL1	CCR2	True	False	True
DAGLA	CNR1	False	True	False
DAGLA	CNR2	False	True	False
DAGLA	GPR55	False	True	False
DAGLB	CNR1	False	True	False
DAGLB	CNR2	False	True	False
DAGLB	GPR55	False	True	False
DBH	ADRA1A	True	False	False
DBH	ADRA1B	True	False	False
DBH	ADRA1D	True	False	False
DBH	ADRA2A	True	False	False
DBH	ADRA2B	True	False	False
DBH	ADRA2C	True	False	False
DBH	ADRB1	True	False	False
DBH	ADRB2	True	False	False
DBH	ADRB3	True	False	False
DBH	GPR161	True	False	False
DBH,SLC6A2	ADRA1A	False	True	False
DBH,SLC6A2	ADRA1B	False	True	False
DBH,SLC6A2	ADRA1D	False	True	False
DBH,SLC6A2	ADRA2A	False	True	False
DBH,SLC6A2	ADRA2B	False	True	False
DBH,SLC6A2	ADRA2C	False	True	False
DBH,SLC6A2	ADRB1	False	True	False
DBH,SLC6A2	ADRB2	False	True	False
DBH,SLC6A2	ADRB3	False	True	False
DBP	ACKR1	False	False	True
DCHS1	FAT4	True	False	False
DCN	EGFR	True	False	True
DCN	ERBB4	True	False	True
DCN	IGF1R	True	False	False
DCN	KDR	True	False	False
DCN	LRP1	True	False	False
DCN	MET	True	False	True
DCN	TLR2	True	False	True
DCN	TLR4	True	False	True
DDC	DRD1	False	True	False
DDC	DRD2	False	True	False
DDC	DRD3	False	True	False
DDC	DRD4	False	True	False
DDC	DRD5	False	True	False
DDC	HTR1A	False	True	False
DDC	HTR1B	False	True	False
DDC	HTR1D	False	True	False
DDC	HTR1E	False	True	False
DDC	HTR1F	False	True	False
DDC	HTR2A	False	True	False
DDC	HTR2B	False	True	False
DDC	HTR2C	False	True	False
DDC	HTR3A	False	True	False
DDC	HTR3B	False	True	False
DDC	HTR3C	False	True	False
DDC	HTR3D	False	True	False
DDC	HTR3E	False	True	False
DDC	HTR4	False	True	False
DDC	HTR5A	False	True	False
DDC	HTR6	False	True	False
DDC	HTR7	False	True	False
DEFB1	CCR6	True	False	True
DEFB103A	CCR2	False	False	True
DEFB103A	CCR6	False	False	True
DEFB103B	CCR2	True	False	False
DEFB103B	CCR6	True	False	False
DEFB106B	CCR2	True	False	True
DEFB4A	CCR6	True	False	False
DEFB4A	TLR4	True	False	False
DEFB4B	CCR6	True	False	True
DEFB4B	TLR4	False	False	True
DHCR24	RORA	False	True	False
DHCR24	RORC	False	True	False
DHCR7	NR1H2	False	True	False
DHCR7	NR1H3	False	True	False
DHCR7	RORA	False	True	False
DHCR7	RORC	False	True	False
DHH	BOC	True	False	True
DHH	CDON	True	False	True
DHH	HHIP	True	False	True
DHH	PTCH1	True	False	False
DHH	PTCH1,SMO	False	True	False
DHH	PTCH1_SMO	False	False	True
DHH	PTCH2	True	False	False
DHH	PTCH2,SMO	False	True	False
DHH	PTCH2_SMO	False	False	True
DHRS9	PGR	False	True	False
DIO3,TG	THRA	False	True	False
DIO3,TG	THRB	False	True	False
DKK1	KREMEN1	True	False	True
DKK1	KREMEN2	True	False	True
DKK1	LRP4	False	False	True
DKK1	LRP5	True	False	True
DKK1	LRP6	True	False	True
DKK2	KREMEN1	True	False	True
DKK2	KREMEN2	True	False	True
DKK2	LRP5	True	False	True
DKK2	LRP6	True	False	True
DKK3	KREMEN1	True	False	True
DKK4	KREMEN1	True	False	True
DKK4	KREMEN2	True	False	True
DKK4	LRP5	True	False	True
DKK4	LRP6	True	False	True
DLK1	ACVR2B	True	False	False
DLK1	ERBB4	True	False	False
DLK1	NOTCH1	True	True	True
DLK1	NOTCH2	True	True	True
DLK1	NOTCH3	True	True	True
DLK1	NOTCH4	True	True	True
DLK2	NOTCH1	True	False	True
DLL1	MUSK	True	False	False
DLL1	NOTCH1	True	True	True
DLL1	NOTCH2	True	True	True
DLL1	NOTCH3	True	True	True
DLL1	NOTCH4	True	True	True
DLL3	NOTCH1	True	True	True
DLL3	NOTCH2	True	True	True
DLL3	NOTCH3	True	True	True
DLL3	NOTCH4	True	True	True
DLL4	NOTCH1	True	True	True
DLL4	NOTCH2	True	True	True
DLL4	NOTCH3	True	True	True
DLL4	NOTCH4	True	True	True
DMP1	ITGAV	True	False	False
DMP1	ITGAV,ITGB3	False	True	False
DMP1	ITGAV_ITGB3	False	False	True
DMP1	ITGB3	True	False	False
DMP1	PHEX	False	False	True
DNAJB11	PRTG	False	False	True
DPEP1	CYSLTR1	False	True	False
DPEP1	CYSLTR2	False	True	False
DPEP2	CYSLTR1	False	True	False
DPEP2	CYSLTR2	False	True	False
DPEP3	CYSLTR1	False	True	False
DPEP3	CYSLTR2	False	True	False
DRAXIN	DCC	True	False	True
DSC1	DSG1	True	True	False
DSC1	DSG2	True	True	False
DSC1	DSG3	True	True	True
DSC1	DSG4	True	True	True
DSC2	DSG1	True	True	False
DSC2	DSG2	True	True	False
DSC2	DSG3	True	True	True
DSC2	DSG4	True	True	True
DSC3	DSG1	True	True	False
DSC3	DSG2	True	True	False
DSC3	DSG3	True	True	True
DSC3	DSG4	True	True	True
DSCAM	DCC	True	False	True
DSCAM	DSCAM	True	False	False
DSCAM	NOTCH3	True	False	False
DSCAM	PTPRK	True	False	False
DSCAM	PTPRM	True	False	False
DSCAM	PTPRT	True	False	False
DSCAML1	AQP9	True	False	False
DSCAML1	PTPRK	True	False	False
DSCAML1	PTPRM	True	False	False
DSCAML1	PTPRT	True	False	False
DSG1	DSC3	True	False	True
DSG1	FLT4	True	False	False
DSG2	DSC1	True	False	True
DSG2	DSC3	True	False	True
DSPP	ITGAV	True	False	False
DSPP	ITGAV,ITGB1	False	True	False
DSPP	ITGAV,ITGB6	False	True	False
DSPP	ITGAV_ITGB1	False	False	True
DSPP	ITGAV_ITGB6	False	False	True
DSPP	ITGB1	True	False	False
DSPP	ITGB6	True	False	False
DUSP18	CD151	True	False	False
DUSP18	ITGA1	True	False	False
DUSP18	ITGA2	True	False	False
DUSP18	ITGA3	True	False	False
DUSP18	ITGA6	True	False	False
DUSP18	ITGA7	True	False	False
DUSP18	ITGB1	True	False	False
DUSP18	ITGB4	True	False	False
DUSP18	RPSA	True	False	False
DUSP18	RPSAP58	True	False	False
EBI3	IL27RA	True	False	False
EBI3	IL6ST	True	False	False
EBI3_IL12A	IL12RB2_IL6ST	False	False	True
EBI3_IL27	IL27RA_IL6ST	False	False	True
ECM1	CACHD1	True	False	False
ECM1	ITGB4	True	False	True
EDA	EDA2R	True	True	True
EDA	EDAR	True	True	True
EDA	IL1RL1	True	False	False
EDIL3	ITGA5	True	False	False
EDIL3	ITGAV	True	False	True
EDIL3	ITGB1	True	False	False
EDIL3	ITGB3	True	False	True
EDIL3	ITGB5	True	False	True
EDN1	ADGRL4	True	False	True
EDN1	ECE1	True	False	False
EDN1	EDNRA	True	True	True
EDN1	EDNRB	True	True	True
EDN1	EGFR	True	False	False
EDN1	KEL	False	False	True
EDN2	EDNRA	True	True	True
EDN2	EDNRB	True	True	True
EDN2	KEL	False	False	True
EDN3	EDNRA	True	True	True
EDN3	EDNRB	True	True	True
EDN3	KEL	False	False	True
EFEMP1	EGFR	True	False	True
EFEMP2	AQP1	True	False	True
EFEMP2	CATSPER1	True	False	False
EFEMP2	LINGO1	True	False	False
EFEMP2	PLSCR4	True	False	True
EFNA1	EPHA1	True	True	True
EFNA1	EPHA10	False	False	True
EFNA1	EPHA2	True	True	True
EFNA1	EPHA3	True	True	True
EFNA1	EPHA4	True	True	True
EFNA1	EPHA5	True	True	True
EFNA1	EPHA6	True	False	True
EFNA1	EPHA7	True	True	True
EFNA1	EPHA8	True	True	True
EFNA1	EPHB1	True	False	True
EFNA1	EPHB6	False	False	True
EFNA2	EPHA1	True	True	True
EFNA2	EPHA10	True	False	True
EFNA2	EPHA2	True	True	True
EFNA2	EPHA3	True	True	True
EFNA2	EPHA4	True	True	True
EFNA2	EPHA5	True	True	True
EFNA2	EPHA6	True	False	True
EFNA2	EPHA7	True	True	True
EFNA2	EPHA8	True	True	True
EFNA3	EPHA1	True	True	True
EFNA3	EPHA10	True	False	True
EFNA3	EPHA2	True	True	True
EFNA3	EPHA3	True	True	True
EFNA3	EPHA4	True	True	True
EFNA3	EPHA5	True	True	True
EFNA3	EPHA6	True	False	True
EFNA3	EPHA7	True	True	True
EFNA3	EPHA8	True	True	True
EFNA3	EPHB1	True	False	True
EFNA3	EPHB6	False	False	True
EFNA4	EPHA1	True	True	True
EFNA4	EPHA10	True	False	True
EFNA4	EPHA2	True	True	True
EFNA4	EPHA3	True	True	True
EFNA4	EPHA4	True	True	True
EFNA4	EPHA5	True	True	True
EFNA4	EPHA6	True	False	True
EFNA4	EPHA7	True	True	True
EFNA4	EPHA8	True	True	True
EFNA5	EPHA1	True	True	True
EFNA5	EPHA10	False	False	True
EFNA5	EPHA2	True	True	True
EFNA5	EPHA3	True	True	True
EFNA5	EPHA4	True	True	True
EFNA5	EPHA5	True	True	True
EFNA5	EPHA6	True	False	True
EFNA5	EPHA7	True	True	True
EFNA5	EPHA8	True	True	True
EFNA5	EPHB1	True	False	True
EFNA5	EPHB2	True	True	True
EFNA5	EPHB6	True	False	True
EFNB1	DAG1	True	False	False
EFNB1	DSG4	True	False	False
EFNB1	EPHA3	True	False	False
EFNB1	EPHA4	True	True	True
EFNB1	EPHA6	False	False	True
EFNB1	EPHB1	True	True	True
EFNB1	EPHB2	True	True	True
EFNB1	EPHB3	True	True	True
EFNB1	EPHB4	True	True	True
EFNB1	EPHB6	True	False	True
EFNB1	ERBB2	True	False	True
EFNB1	EVC2	True	False	False
EFNB1	FAM187B	True	False	False
EFNB1	ITLN1	True	False	False
EFNB1	LVRN	True	False	False
EFNB1	NAALAD2	True	False	False
EFNB1	SLAMF9	True	False	False
EFNB1	TRHDE	True	False	False
EFNB2	C19ORF38	True	False	False
EFNB2	EPHA10	True	False	False
EFNB2	EPHA3	True	False	True
EFNB2	EPHA4	True	True	True
EFNB2	EPHA6	True	False	True
EFNB2	EPHA8	True	False	False
EFNB2	EPHB1	True	True	True
EFNB2	EPHB2	True	True	True
EFNB2	EPHB3	True	True	True
EFNB2	EPHB4	True	True	True
EFNB2	EPHB6	True	False	True
EFNB2	FCRL1	True	False	False
EFNB2	GRM1	True	False	True
EFNB2	GRM5	True	False	True
EFNB2	KIR2DS3	True	False	False
EFNB2	KLRA1P	True	False	False
EFNB2	PECAM1	True	False	True
EFNB2	RHBDL2	True	False	True
EFNB2	TCTN2	True	False	False
EFNB3	C19ORF38	True	False	False
EFNB3	EPHA10	True	False	False
EFNB3	EPHA3	True	False	False
EFNB3	EPHA4	True	True	True
EFNB3	EPHB1	True	True	True
EFNB3	EPHB2	True	True	True
EFNB3	EPHB3	True	True	True
EFNB3	EPHB4	True	True	True
EFNB3	EPHB6	True	True	True
EFNB3	RHBDL2	True	False	True
EGF	ADRB2	False	False	True
EGF	AXL	False	False	True
EGF	CAV1	False	False	True
EGF	EGFR	True	True	False
EGF	EGFR_ERBB2	False	False	True
EGF	ERBB2	True	False	False
EGF	ERBB2,EGFR	False	True	False
EGF	ERBB3	True	False	True
EGF	ERBB4	True	False	True
EGF	FSHR	False	False	True
EGF	LDLR	False	False	True
EGF	LRP2	False	False	True
EGF	NRP1	False	False	True
EGF	PLD2	False	False	True
EGF	RHBDL2	False	False	True
EGF	TNFRSF11B	True	False	True
EGFL8	NCR3	True	False	False
ELFN1	FLT1	True	False	False
EMC1	PRLR	True	False	False
ENAM	CD63	True	False	True
ENG	ACVR2A	True	False	False
ENG	ACVRL1	True	False	False
ENG	BMPR2	True	False	False
ENG	CDH5	True	False	False
ENG	ITGAV	True	False	False
ENHO	GPR19	True	True	True
ENPP1	INSR	True	False	False
ENTPD1	ADORA1	True	True	True
ENTPD1	ADORA2A	True	True	True
ENTPD1	ADORA2B	True	True	True
ENTPD1	ADORA3	False	False	True
ENTPD1	TMIGD3	True	True	True
EPCAM	CLDN1	True	False	False
EPCAM	CLDN7	True	False	False
EPGN	EGFR	True	True	True
EPGN	ERBB4	True	False	False
EPGN	IGSF11	True	False	False
EPHA4	FGFR1	True	False	False
EPHA4	FGFR2	True	False	False
EPHA4	FGFR3	True	False	False
EPHA4	FGFR4	True	False	False
EPO	CRLF3	False	False	True
EPO	EPHB4	True	False	True
EPO	EPOR	True	True	True
EREG	EGFR	True	True	False
EREG	EGFR_ERBB2	False	False	True
EREG	ERBB2	True	False	False
EREG	ERBB2,EGFR	False	True	False
EREG	ERBB2,ERBB4	False	True	False
EREG	ERBB2_ERBB4	False	False	True
EREG	ERBB3	True	False	True
EREG	ERBB4	True	True	False
ERFE	LRP1	True	False	True
ESAM	ESAM	True	True	False
ESAM	ROBO3	True	False	False
ESM1	ITGAL	True	False	False
ESM1	ITGB2	True	False	False
ETV5	ERBB2	False	False	True
EXOC3-AS1	TRAF2	True	False	False
EZR	SLC9A1	True	False	False
F10	F3	True	False	True
F10	F7	True	False	False
F10	ITGAM	True	False	True
F10	ITGB2	True	False	False
F11	F9	True	False	False
F11	GP1BA	True	False	False
F11	GP1BB	True	False	True
F11	GP5	True	False	True
F11	GP9	True	False	True
F11R	F11R	True	True	False
F11R	ITGAL	True	False	False
F11R	ITGAL,ITGB2	False	True	False
F11R	ITGAL_ITGB2	False	False	True
F11R	ITGB2	True	False	False
F11R	JAM2	True	False	False
F11R	JAM3	True	False	False
F11R	ROBO3	True	False	False
F11R	ULBP3	True	False	False
F12	CD93	True	False	True
F12	F11	True	False	False
F12	GP1BA	True	False	False
F12	GP1BB	True	False	True
F12	GP5	True	False	True
F12	GP9	True	False	True
F12	KLKB1	True	False	False
F13A1	ITGA4	True	False	True
F13A1	ITGA9	True	False	True
F13A1	ITGB1	True	False	True
F2	F2R	True	True	True
F2	F2RL1	True	True	True
F2	F2RL2	True	True	True
F2	F2RL3	True	True	True
F2	F5	True	False	False
F2	F8	True	False	False
F2	GP1BA	True	False	False
F2	GP1BB	False	False	True
F2	GP9	True	False	True
F2	ITGA2B	True	False	True
F2	PARD3	False	True	False
F2	THBD	True	False	True
F5	PROC	True	False	False
F7	F10	True	False	False
F7	F3	True	False	True
F7	F9	True	False	False
F8	ASGR2	True	False	True
F8	F10	True	False	False
F8	LDLR	True	False	True
F8	LRP1	True	False	True
F8	LRP2	True	False	True
F8	LRP4	True	False	True
F9	F7	True	False	False
F9	LRP1	True	False	True
FABP5	RXRA	False	False	True
FADD	ABCA1	False	False	True
FADD	FAS	False	False	True
FADD	TRADD	False	False	True
FADD	TRAF2	False	False	True
FAM200A	CTLA4	True	False	False
FAM3B	LRP5	True	False	True
FAM3C	ADGRG5	True	False	True
FAM3C	CLEC2D	True	False	True
FAM3C	FFAR2	True	False	True
FAM3C	GLRA2	True	False	True
FAM3C	GPR42	True	False	True
FAM3C	KIR2DL3	True	False	True
FAM3C	LAMP1	True	False	True
FAM3C	LIFR	True	False	True
FAM3C	PDCD1	True	False	True
FAM3D	FPR1	True	False	True
FAM3D	FPR2	True	False	True
FAP	DPP4	True	False	False
FAP	NPR2	True	False	False
FARP2	PLXNA1	False	False	True
FARP2	PLXNA2	False	False	True
FARP2	PLXNA3	False	False	True
FARP2	PLXNA4	False	False	True
FASLG	FAS	True	True	True
FASLG	TNFRSF10B	False	False	True
FASLG	TNFRSF1A	False	False	True
FASLG	TNFRSF6B	True	False	True
FAT4	DCHS1	True	False	True
FBLN1	ITGB1	True	False	True
FBLN2	ITGB3	True	False	True
FBN1	ITGA5	True	False	True
FBN1	ITGAV	True	False	False
FBN1	ITGB1	True	False	True
FBN1	ITGB3	True	False	True
FBN1	ITGB6	True	False	True
FCAR	CD33	True	False	False
FCAR	SIGLEC10	True	False	False
FCAR	SIGLEC14	True	False	False
FCAR	SIGLEC6	True	False	False
FCAR	TNFRSF14	True	False	False
FCAR	VSIG8	True	False	False
FCER2	CR2	True	True	True
FCER2	ITGAM	True	False	False
FCER2	ITGAM,ITGB2	False	True	False
FCER2	ITGAM_ITGB2	False	False	True
FCER2	ITGAV	True	False	False
FCER2	ITGAV,ITGB3	False	True	False
FCER2	ITGAV_ITGB3	False	False	True
FCER2	ITGAX	True	False	False
FCER2	ITGAX,ITGB2	False	True	False
FCER2	ITGAX_ITGB2	False	False	True
FCER2	ITGB2	True	False	False
FCER2	ITGB3	True	False	False
FCGR3B	EDA2R	True	False	False
FCN1	LRP1	True	False	False
FCN2	LRP1	True	False	True
FCRL6	NRP2	True	False	False
FDX1,FDX2,CYP11A1,FDXR	NR1I2	False	True	False
FGA	CDH5	True	False	True
FGA	ITGA2B	True	False	True
FGA	ITGA5	True	False	True
FGA	ITGAD	False	False	True
FGA	ITGAM	True	False	True
FGA	ITGAV	True	False	False
FGA	ITGAX	True	False	True
FGA	ITGB1	True	False	True
FGA	ITGB2	True	False	False
FGA	ITGB3	True	False	True
FGA	PLAT	True	False	False
FGA	PLAUR	False	False	True
FGA	TLR4	True	False	True
FGB	CDH5	True	False	True
FGB	ITGA2B	True	False	True
FGB	ITGA5	True	False	True
FGB	ITGAM	True	False	True
FGB	ITGAV	True	False	False
FGB	ITGB1	True	False	True
FGB	ITGB2	True	False	False
FGB	ITGB3	True	False	True
FGB	TLR4	True	False	True
FGF1	CD44	False	False	True
FGF1	CSPG4	False	False	True
FGF1	EGFR	False	False	True
FGF1	FGFR1	True	True	True
FGF1	FGFR2	True	True	True
FGF1	FGFR3	True	True	True
FGF1	FGFR4	True	True	True
FGF1	FGFRL1	False	False	True
FGF1	ITGB3	False	False	True
FGF1	NRP1	True	False	True
FGF1	TGFBR3	False	False	True
FGF10	FGFR1	True	True	True
FGF10	FGFR2	True	True	True
FGF10	FGFR3	True	False	False
FGF10	FGFR4	True	False	False
FGF10	FGFRL1	True	False	True
FGF11	FGFR1	True	False	True
FGF11	FGFR2	True	False	True
FGF11	FGFR3	True	False	False
FGF11	FGFR4	True	False	False
FGF11	SCN10A	True	False	False
FGF11	SCN11A	True	False	False
FGF11	SCN1A	True	False	False
FGF11	SCN2A	True	False	False
FGF11	SCN3A	True	False	False
FGF11	SCN4A	True	False	False
FGF11	SCN5A	True	False	False
FGF11	SCN8A	True	False	False
FGF11	SCN9A	True	False	False
FGF12	FGFR1	True	False	True
FGF12	FGFR2	True	False	True
FGF12	FGFR3	True	False	False
FGF12	FGFR4	True	False	False
FGF12	SCN10A	True	False	False
FGF12	SCN11A	True	False	False
FGF12	SCN1A	True	False	False
FGF12	SCN2A	True	False	False
FGF12	SCN3A	True	False	False
FGF12	SCN4A	True	False	False
FGF12	SCN5A	True	False	False
FGF12	SCN8A	True	False	False
FGF12	SCN9A	True	False	False
FGF13	EGFR	True	False	True
FGF13	FGFR1	True	False	True
FGF13	FGFR2	True	False	True
FGF13	FGFR3	True	False	True
FGF13	FGFR4	True	False	True
FGF13	SCN10A	True	False	False
FGF13	SCN11A	True	False	False
FGF13	SCN1A	True	False	False
FGF13	SCN2A	True	False	False
FGF13	SCN3A	True	False	False
FGF13	SCN4A	True	False	False
FGF13	SCN5A	True	False	True
FGF13	SCN8A	True	False	True
FGF13	SCN9A	True	False	False
FGF14	FGFR1	True	False	True
FGF14	FGFR2	True	False	True
FGF14	FGFR3	True	False	False
FGF14	FGFR4	True	False	False
FGF14	SCN10A	True	False	False
FGF14	SCN11A	True	False	False
FGF14	SCN1A	True	False	False
FGF14	SCN2A	True	False	False
FGF14	SCN3A	True	False	False
FGF14	SCN4A	True	False	False
FGF14	SCN5A	True	False	False
FGF14	SCN8A	True	False	False
FGF14	SCN9A	True	False	False
FGF16	FGFR1	True	True	True
FGF16	FGFR2	True	True	True
FGF16	FGFR3	True	True	True
FGF16	FGFR4	True	True	True
FGF17	FGFR1	True	True	True
FGF17	FGFR2	True	True	True
FGF17	FGFR3	True	True	True
FGF17	FGFR4	True	True	True
FGF18	FGFR1	True	True	True
FGF18	FGFR2	True	True	True
FGF18	FGFR3	True	True	True
FGF18	FGFR4	True	True	True
FGF19	FGFR1	True	True	True
FGF19	FGFR2	True	True	True
FGF19	FGFR3	True	True	True
FGF19	FGFR4	True	True	True
FGF19	KLB	True	False	True
FGF2	CD44	True	False	True
FGF2	FGFR1	True	True	True
FGF2	FGFR2	True	True	True
FGF2	FGFR3	True	True	True
FGF2	FGFR4	True	True	True
FGF2	FGFRL1	True	False	True
FGF2	GPC4	True	False	True
FGF2	ITGB3	False	False	True
FGF2	NRP1	True	False	True
FGF2	SDC1	True	False	True
FGF2	SDC2	True	False	True
FGF2	SDC3	True	False	True
FGF2	SDC4	True	False	True
FGF20	FGFR1	True	True	True
FGF20	FGFR2	True	True	True
FGF20	FGFR3	True	True	True
FGF20	FGFR4	True	True	True
FGF21	FGFR1	True	True	True
FGF21	FGFR2	True	False	True
FGF21	FGFR3	True	True	True
FGF21	FGFR4	True	False	True
FGF21	KLB	True	False	True
FGF22	FGFR1	True	False	True
FGF22	FGFR2	True	True	True
FGF22	FGFRL1	True	False	True
FGF23	FGFR1	True	True	True
FGF23	FGFR2	True	False	True
FGF23	FGFR3	True	True	True
FGF23	FGFR4	True	True	True
FGF23	PHEX	False	False	True
FGF3	FGFR1	True	True	True
FGF3	FGFR2	True	True	True
FGF3	FGFR3	True	False	True
FGF3	FGFR4	True	False	True
FGF3	FGFRL1	True	False	True
FGF4	FGFR1	True	True	True
FGF4	FGFR2	True	True	True
FGF4	FGFR3	True	True	True
FGF4	FGFR4	True	True	True
FGF4	FGFRL1	False	False	True
FGF4	NRP1	True	False	True
FGF5	FGFR1	True	True	True
FGF5	FGFR2	True	True	True
FGF5	FGFR3	True	True	True
FGF5	FGFR4	True	True	True
FGF6	FGFR1	True	True	True
FGF6	FGFR2	True	True	True
FGF6	FGFR3	True	True	True
FGF6	FGFR4	True	True	True
FGF6	SDC4	True	False	True
FGF7	FGFR1	True	True	True
FGF7	FGFR2	True	True	True
FGF7	FGFR3	True	False	True
FGF7	FGFR4	True	False	True
FGF7	NRP1	True	False	True
FGF8	FGFR1	True	True	True
FGF8	FGFR2	True	True	True
FGF8	FGFR3	True	True	True
FGF8	FGFR4	True	True	True
FGF8	FGFRL1	True	False	True
FGF9	FGFR1	True	True	True
FGF9	FGFR2	True	True	True
FGF9	FGFR3	True	True	True
FGF9	FGFR4	True	True	True
FGFR3	EPHA4	False	False	True
FGFR4	EPHA4	False	False	True
FGFR4	PTPRR	False	False	True
FGFR4	TNFRSF10A	False	False	True
FGFRL1	FGFR1	True	False	False
FGFRL1	GP6	True	False	False
FGFRL1	GPC4	True	False	False
FGFRL1	NRXN2	True	False	False
FGFRL1	NRXN3	True	False	False
FGFRL1	PLVAP	True	False	False
FGG	ITGA2B	True	False	True
FGG	ITGA5	True	False	True
FGG	ITGAV	True	False	False
FGG	ITGB1	True	False	True
FGG	ITGB2	True	False	False
FGG	ITGB3	True	False	True
FGG	TLR4	True	False	True
FGL1	EGFR	True	False	True
FGL1	LAG3	True	False	True
FLRT1	ADGRL1	False	True	False
FLRT1	ADGRL2	False	True	False
FLRT1	ADGRL3	False	True	False
FLRT1	FLRT1	False	True	False
FLRT1	UNC5A	True	True	False
FLRT1	UNC5B	True	True	False
FLRT1	UNC5C	True	True	False
FLRT1	UNC5D	True	True	False
FLRT1,TENM2	ADGRL1	False	True	False
FLRT1,TENM3	ADGRL3	False	True	False
FLRT1,TENM4	ADGRL1	False	True	False
FLRT2	ADGRL1	False	True	False
FLRT2	ADGRL2	False	True	False
FLRT2	ADGRL3	False	True	False
FLRT2	FLRT2	False	True	False
FLRT2	FLT4	True	False	False
FLRT2	UNC5A	True	True	False
FLRT2	UNC5B	True	True	False
FLRT2	UNC5C	True	True	False
FLRT2	UNC5D	True	True	False
FLRT3	ADGRL1	False	True	False
FLRT3	ADGRL2	False	True	False
FLRT3	ADGRL3	False	True	False
FLRT3	FLRT3	False	True	False
FLRT3	UNC5A	True	True	False
FLRT3	UNC5B	True	True	False
FLRT3	UNC5C	True	True	False
FLRT3	UNC5D	True	True	False
FLRT3,TENM2	ADGRL1	False	True	False
FLRT3,TENM2	ADGRL2	False	True	False
FLRT3,TENM3	ADGRL3	False	True	False
FLRT3,TENM4	ADGRL1	False	True	False
FLT3LG	FLT3	True	True	True
FN1	C5AR1	False	False	True
FN1	CD44	True	True	True
FN1	CD79A	False	False	True
FN1	COL13A1	True	False	False
FN1	DPP4	False	False	True
FN1	FLT4	False	False	True
FN1	IL17RC	False	False	True
FN1	ITGA2	True	False	True
FN1	ITGA2B	True	False	False
FN1	ITGA2B,ITGB3	False	True	False
FN1	ITGA2B_ITGB3	False	False	True
FN1	ITGA3	True	False	False
FN1	ITGA3,ITGB1	False	True	False
FN1	ITGA3_ITGB1	False	False	True
FN1	ITGA4	True	False	False
FN1	ITGA4,ITGB1	False	True	False
FN1	ITGA4,ITGB7	False	True	False
FN1	ITGA4_ITGB1	False	False	True
FN1	ITGA4_ITGB7	False	False	True
FN1	ITGA5	True	False	False
FN1	ITGA5,ITGB1	False	True	False
FN1	ITGA5_ITGB1	False	False	True
FN1	ITGA6	False	False	True
FN1	ITGA8	True	False	False
FN1	ITGA8,ITGB1	False	True	False
FN1	ITGA8_ITGB1	False	False	True
FN1	ITGA9	True	False	True
FN1	ITGAV	True	False	False
FN1	ITGAV,ITGB1	False	True	False
FN1	ITGAV,ITGB3	False	True	False
FN1	ITGAV,ITGB6	False	True	False
FN1	ITGAV,ITGB8	False	True	False
FN1	ITGAV_ITGB1	False	False	True
FN1	ITGAV_ITGB3	False	False	True
FN1	ITGAV_ITGB6	False	False	True
FN1	ITGAV_ITGB8	False	False	True
FN1	ITGB1	True	False	False
FN1	ITGB3	True	False	False
FN1	ITGB6	True	False	False
FN1	ITGB7	True	False	False
FN1	ITGB8	True	False	False
FN1	MAG	True	False	True
FN1	NT5E	True	False	True
FN1	PLAUR	True	False	True
FN1	ROBO4	False	False	True
FN1	SDC1	True	True	True
FN1	SDC2	True	False	True
FN1	SDC4	False	True	False
FN1	TNFRSF11B	True	False	True
FN1	TSHR	True	False	True
FNDC5	ITGAV	True	False	True
FNDC5	ITGB5	True	False	True
FRAS1_FREM1_NPNT	ITGA8_ITGB1	False	False	True
FRAS1_FREM2_NPNT	ITGA8_ITGB1	False	False	True
FREM1,NPNT,FRAS1	ITGA8,ITGB1	False	True	False
FREM2,NPNT,FRAS1	ITGA8,ITGB1	False	True	False
FRS3	FGFR1	False	False	True
FSHB	ADCYAP1R1	True	False	True
FSHB	ADRB2	True	False	True
FSHB	ADRB3	True	False	True
FSHB	FSHR	True	True	True
FSHB	GPR20	True	False	True
FSHB	GPR84	True	False	True
FSHB	PTH1R	True	False	True
FSHB	RAMP2	True	False	True
FSHB	RAMP3	True	False	True
FSHB	TSHR	True	False	True
FSHB	VIPR1	True	False	True
FST	BMPR1B	True	False	True
FST	BMPR2	True	False	True
FST	HJV	True	False	True
FSTL1	DIP2A	False	False	True
FSTL5	CD86	True	False	False
FSTL5	CEACAM19	True	False	True
FSTL5	CHL1	True	False	True
FSTL5	CNTN5	True	False	True
FSTL5	GP6	True	False	True
FSTL5	IL6R	True	False	True
FSTL5	LILRA1	True	False	True
FSTL5	LILRB2	True	False	True
FSTL5	SDK2	True	False	True
FSTL5	SIGLEC6	True	False	True
FURIN	ADAM19	True	False	False
FURIN	ADAMTS1	True	False	False
FURIN	BACE1	True	False	False
FURIN	DSG3	True	False	False
FURIN	INSR	True	False	False
FURIN	LRP1	True	False	False
FURIN	NOTCH1	True	False	False
FURIN	SORCS1	True	False	False
GAD1	GRM4	True	False	True
GAD1,SLC6A1	GABBR1	False	True	False
GAD1,SLC6A1	GABBR2	False	True	False
GAD1,SLC6A1	GABRA1,GABRB2	False	True	False
GAD1,SLC6A1	GABRA1,GABRB3	False	True	False
GAD1,SLC6A1	GABRA1,GABRD,GABRB2	False	True	False
GAD1,SLC6A1	GABRA1,GABRG2,GABRB2	False	True	False
GAD1,SLC6A1	GABRA1,GABRG2,GABRB3	False	True	False
GAD1,SLC6A1	GABRA2,GABRG2,GABRB3	False	True	False
GAD1,SLC6A1	GABRA3,GABRE,GABRB3	False	True	False
GAD1,SLC6A1	GABRA3,GABRG2,GABRB3	False	True	False
GAD1,SLC6A1	GABRA4,GABRD,GABRB2	False	True	False
GAD1,SLC6A1	GABRA4,GABRD,GABRB3	False	True	False
GAD1,SLC6A1	GABRA4,GABRG2,GABRB3	False	True	False
GAD1,SLC6A1	GABRA5,GABRG2,GABRB3	False	True	False
GAD1,SLC6A1	GABRA6,GABRD,GABRB3	False	True	False
GAD1,SLC6A1	GABRA6,GABRG2,GABRB3	False	True	False
GAD1,SLC6A1	GABRQ,GABRA3,GABRB3	False	True	False
GAD1,SLC6A11	GABBR1	False	True	False
GAD1,SLC6A11	GABBR2	False	True	False
GAD1,SLC6A11	GABRA1,GABRB2	False	True	False
GAD1,SLC6A11	GABRA1,GABRB3	False	True	False
GAD1,SLC6A11	GABRA1,GABRD,GABRB2	False	True	False
GAD1,SLC6A11	GABRA1,GABRG2,GABRB2	False	True	False
GAD1,SLC6A11	GABRA1,GABRG2,GABRB3	False	True	False
GAD1,SLC6A11	GABRA2,GABRG2,GABRB3	False	True	False
GAD1,SLC6A11	GABRA3,GABRE,GABRB3	False	True	False
GAD1,SLC6A11	GABRA3,GABRG2,GABRB3	False	True	False
GAD1,SLC6A11	GABRA4,GABRD,GABRB2	False	True	False
GAD1,SLC6A11	GABRA4,GABRD,GABRB3	False	True	False
GAD1,SLC6A11	GABRA4,GABRG2,GABRB3	False	True	False
GAD1,SLC6A11	GABRA5,GABRG2,GABRB3	False	True	False
GAD1,SLC6A11	GABRA6,GABRD,GABRB3	False	True	False
GAD1,SLC6A11	GABRA6,GABRG2,GABRB3	False	True	False
GAD1,SLC6A11	GABRQ,GABRA3,GABRB3	False	True	False
GAD1,SLC6A13	GABBR1	False	True	False
GAD1,SLC6A13	GABBR2	False	True	False
GAD1,SLC6A13	GABRA1,GABRB2	False	True	False
GAD1,SLC6A13	GABRA1,GABRB3	False	True	False
GAD1,SLC6A13	GABRA1,GABRD,GABRB2	False	True	False
GAD1,SLC6A13	GABRA1,GABRG2,GABRB2	False	True	False
GAD1,SLC6A13	GABRA1,GABRG2,GABRB3	False	True	False
GAD1,SLC6A13	GABRA2,GABRG2,GABRB3	False	True	False
GAD1,SLC6A13	GABRA3,GABRE,GABRB3	False	True	False
GAD1,SLC6A13	GABRA3,GABRG2,GABRB3	False	True	False
GAD1,SLC6A13	GABRA4,GABRD,GABRB2	False	True	False
GAD1,SLC6A13	GABRA4,GABRD,GABRB3	False	True	False
GAD1,SLC6A13	GABRA4,GABRG2,GABRB3	False	True	False
GAD1,SLC6A13	GABRA5,GABRG2,GABRB3	False	True	False
GAD1,SLC6A13	GABRA6,GABRD,GABRB3	False	True	False
GAD1,SLC6A13	GABRA6,GABRG2,GABRB3	False	True	False
GAD1,SLC6A13	GABRQ,GABRA3,GABRB3	False	True	False
GAD1,SLC6A6	GABBR1	False	True	False
GAD1,SLC6A6	GABBR2	False	True	False
GAD1,SLC6A6	GABRA1,GABRB2	False	True	False
GAD1,SLC6A6	GABRA1,GABRB3	False	True	False
GAD1,SLC6A6	GABRA1,GABRD,GABRB2	False	True	False
GAD1,SLC6A6	GABRA1,GABRG2,GABRB2	False	True	False
GAD1,SLC6A6	GABRA1,GABRG2,GABRB3	False	True	False
GAD1,SLC6A6	GABRA2,GABRG2,GABRB3	False	True	False
GAD1,SLC6A6	GABRA3,GABRE,GABRB3	False	True	False
GAD1,SLC6A6	GABRA3,GABRG2,GABRB3	False	True	False
GAD1,SLC6A6	GABRA4,GABRD,GABRB2	False	True	False
GAD1,SLC6A6	GABRA4,GABRD,GABRB3	False	True	False
GAD1,SLC6A6	GABRA4,GABRG2,GABRB3	False	True	False
GAD1,SLC6A6	GABRA5,GABRG2,GABRB3	False	True	False
GAD1,SLC6A6	GABRA6,GABRD,GABRB3	False	True	False
GAD1,SLC6A6	GABRA6,GABRG2,GABRB3	False	True	False
GAD1,SLC6A6	GABRQ,GABRA3,GABRB3	False	True	False
GAD1,SLC6A8	GABBR1	False	True	False
GAD1,SLC6A8	GABBR2	False	True	False
GAD1,SLC6A8	GABRA1,GABRB2	False	True	False
GAD1,SLC6A8	GABRA1,GABRB3	False	True	False
GAD1,SLC6A8	GABRA1,GABRD,GABRB2	False	True	False
GAD1,SLC6A8	GABRA1,GABRG2,GABRB2	False	True	False
GAD1,SLC6A8	GABRA1,GABRG2,GABRB3	False	True	False
GAD1,SLC6A8	GABRA2,GABRG2,GABRB3	False	True	False
GAD1,SLC6A8	GABRA3,GABRE,GABRB3	False	True	False
GAD1,SLC6A8	GABRA3,GABRG2,GABRB3	False	True	False
GAD1,SLC6A8	GABRA4,GABRD,GABRB2	False	True	False
GAD1,SLC6A8	GABRA4,GABRD,GABRB3	False	True	False
GAD1,SLC6A8	GABRA4,GABRG2,GABRB3	False	True	False
GAD1,SLC6A8	GABRA5,GABRG2,GABRB3	False	True	False
GAD1,SLC6A8	GABRA6,GABRD,GABRB3	False	True	False
GAD1,SLC6A8	GABRA6,GABRG2,GABRB3	False	True	False
GAD1,SLC6A8	GABRQ,GABRA3,GABRB3	False	True	False
GAD2,SLC6A1	GABBR1	False	True	False
GAD2,SLC6A1	GABBR2	False	True	False
GAD2,SLC6A1	GABRA1,GABRB2	False	True	False
GAD2,SLC6A1	GABRA1,GABRB3	False	True	False
GAD2,SLC6A1	GABRA1,GABRD,GABRB2	False	True	False
GAD2,SLC6A1	GABRA1,GABRG2,GABRB2	False	True	False
GAD2,SLC6A1	GABRA1,GABRG2,GABRB3	False	True	False
GAD2,SLC6A1	GABRA2,GABRG2,GABRB3	False	True	False
GAD2,SLC6A1	GABRA3,GABRE,GABRB3	False	True	False
GAD2,SLC6A1	GABRA3,GABRG2,GABRB3	False	True	False
GAD2,SLC6A1	GABRA4,GABRD,GABRB2	False	True	False
GAD2,SLC6A1	GABRA4,GABRD,GABRB3	False	True	False
GAD2,SLC6A1	GABRA4,GABRG2,GABRB3	False	True	False
GAD2,SLC6A1	GABRA5,GABRG2,GABRB3	False	True	False
GAD2,SLC6A1	GABRA6,GABRD,GABRB3	False	True	False
GAD2,SLC6A1	GABRA6,GABRG2,GABRB3	False	True	False
GAD2,SLC6A1	GABRQ,GABRA3,GABRB3	False	True	False
GAD2,SLC6A11	GABBR1	False	True	False
GAD2,SLC6A11	GABBR2	False	True	False
GAD2,SLC6A11	GABRA1,GABRB2	False	True	False
GAD2,SLC6A11	GABRA1,GABRB3	False	True	False
GAD2,SLC6A11	GABRA1,GABRD,GABRB2	False	True	False
GAD2,SLC6A11	GABRA1,GABRG2,GABRB2	False	True	False
GAD2,SLC6A11	GABRA1,GABRG2,GABRB3	False	True	False
GAD2,SLC6A11	GABRA2,GABRG2,GABRB3	False	True	False
GAD2,SLC6A11	GABRA3,GABRE,GABRB3	False	True	False
GAD2,SLC6A11	GABRA3,GABRG2,GABRB3	False	True	False
GAD2,SLC6A11	GABRA4,GABRD,GABRB2	False	True	False
GAD2,SLC6A11	GABRA4,GABRD,GABRB3	False	True	False
GAD2,SLC6A11	GABRA4,GABRG2,GABRB3	False	True	False
GAD2,SLC6A11	GABRA5,GABRG2,GABRB3	False	True	False
GAD2,SLC6A11	GABRA6,GABRD,GABRB3	False	True	False
GAD2,SLC6A11	GABRA6,GABRG2,GABRB3	False	True	False
GAD2,SLC6A11	GABRQ,GABRA3,GABRB3	False	True	False
GAD2,SLC6A13	GABBR1	False	True	False
GAD2,SLC6A13	GABBR2	False	True	False
GAD2,SLC6A13	GABRA1,GABRB2	False	True	False
GAD2,SLC6A13	GABRA1,GABRB3	False	True	False
GAD2,SLC6A13	GABRA1,GABRD,GABRB2	False	True	False
GAD2,SLC6A13	GABRA1,GABRG2,GABRB2	False	True	False
GAD2,SLC6A13	GABRA1,GABRG2,GABRB3	False	True	False
GAD2,SLC6A13	GABRA2,GABRG2,GABRB3	False	True	False
GAD2,SLC6A13	GABRA3,GABRE,GABRB3	False	True	False
GAD2,SLC6A13	GABRA3,GABRG2,GABRB3	False	True	False
GAD2,SLC6A13	GABRA4,GABRD,GABRB2	False	True	False
GAD2,SLC6A13	GABRA4,GABRD,GABRB3	False	True	False
GAD2,SLC6A13	GABRA4,GABRG2,GABRB3	False	True	False
GAD2,SLC6A13	GABRA5,GABRG2,GABRB3	False	True	False
GAD2,SLC6A13	GABRA6,GABRD,GABRB3	False	True	False
GAD2,SLC6A13	GABRA6,GABRG2,GABRB3	False	True	False
GAD2,SLC6A13	GABRQ,GABRA3,GABRB3	False	True	False
GAD2,SLC6A6	GABBR1	False	True	False
GAD2,SLC6A6	GABBR2	False	True	False
GAD2,SLC6A6	GABRA1,GABRB2	False	True	False
GAD2,SLC6A6	GABRA1,GABRB3	False	True	False
GAD2,SLC6A6	GABRA1,GABRD,GABRB2	False	True	False
GAD2,SLC6A6	GABRA1,GABRG2,GABRB2	False	True	False
GAD2,SLC6A6	GABRA1,GABRG2,GABRB3	False	True	False
GAD2,SLC6A6	GABRA2,GABRG2,GABRB3	False	True	False
GAD2,SLC6A6	GABRA3,GABRE,GABRB3	False	True	False
GAD2,SLC6A6	GABRA3,GABRG2,GABRB3	False	True	False
GAD2,SLC6A6	GABRA4,GABRD,GABRB2	False	True	False
GAD2,SLC6A6	GABRA4,GABRD,GABRB3	False	True	False
GAD2,SLC6A6	GABRA4,GABRG2,GABRB3	False	True	False
GAD2,SLC6A6	GABRA5,GABRG2,GABRB3	False	True	False
GAD2,SLC6A6	GABRA6,GABRD,GABRB3	False	True	False
GAD2,SLC6A6	GABRA6,GABRG2,GABRB3	False	True	False
GAD2,SLC6A6	GABRQ,GABRA3,GABRB3	False	True	False
GAD2,SLC6A8	GABBR1	False	True	False
GAD2,SLC6A8	GABBR2	False	True	False
GAD2,SLC6A8	GABRA1,GABRB2	False	True	False
GAD2,SLC6A8	GABRA1,GABRB3	False	True	False
GAD2,SLC6A8	GABRA1,GABRD,GABRB2	False	True	False
GAD2,SLC6A8	GABRA1,GABRG2,GABRB2	False	True	False
GAD2,SLC6A8	GABRA1,GABRG2,GABRB3	False	True	False
GAD2,SLC6A8	GABRA2,GABRG2,GABRB3	False	True	False
GAD2,SLC6A8	GABRA3,GABRE,GABRB3	False	True	False
GAD2,SLC6A8	GABRA3,GABRG2,GABRB3	False	True	False
GAD2,SLC6A8	GABRA4,GABRD,GABRB2	False	True	False
GAD2,SLC6A8	GABRA4,GABRD,GABRB3	False	True	False
GAD2,SLC6A8	GABRA4,GABRG2,GABRB3	False	True	False
GAD2,SLC6A8	GABRA5,GABRG2,GABRB3	False	True	False
GAD2,SLC6A8	GABRA6,GABRD,GABRB3	False	True	False
GAD2,SLC6A8	GABRA6,GABRG2,GABRB3	False	True	False
GAD2,SLC6A8	GABRQ,GABRA3,GABRB3	False	True	False
GAL	ADRA2A	False	False	True
GAL	GALR1	True	True	True
GAL	GALR2	True	True	True
GAL	GALR3	True	True	True
GAL	GPR151	True	False	True
GAL	GRM7	False	False	True
GAL	HLA-DPA1	False	False	True
GAL	MTNR1A	False	False	True
GALP	GALR1	True	True	True
GALP	GALR2	True	True	True
GALP	GALR3	True	True	True
GAS6	AXL	True	True	True
GAS6	MERTK	True	True	True
GAS6	TYRO3	True	True	True
GAST	ADGRG1	False	True	False
GAST	CCKAR	True	False	False
GAST	CCKBR	True	False	True
GAST	GPR152	False	False	True
GAST	KIR2DL3	False	False	True
GC	LRP2	True	False	True
GCG	ADCYAP1R1	False	False	True
GCG	ADRB2	False	False	True
GCG	ADRB3	False	False	True
GCG	DPP4	True	False	True
GCG	FAP	False	False	True
GCG	GCGR	True	True	True
GCG	GIPR	True	True	True
GCG	GLP1R	True	True	True
GCG	GLP2R	True	True	True
GCG	GPR20	False	False	True
GCG	GPR84	False	False	True
GCG	PTH1R	False	False	True
GCG	RAMP2	False	False	True
GCG	RAMP3	False	False	True
GCG	TSHR	False	False	True
GCG	VIPR1	False	False	True
GDF1	ACTR2	False	False	True
GDF1	ACVR1	True	False	True
GDF1	ACVR1B	True	False	False
GDF1	ACVR1B,ACVR2A,CFC1	False	True	False
GDF1	ACVR1B,ACVR2B,CFC1	False	True	False
GDF1	ACVR1B_ACVR2A	False	False	True
GDF1	ACVR1B_ACVR2A_CFC1	False	False	True
GDF1	ACVR1B_ACVR2B	False	False	True
GDF1	ACVR1B_ACVR2B_CFC1	False	False	True
GDF1	ACVR1C	True	False	False
GDF1	ACVR1C,ACVR2A,CFC1	False	True	False
GDF1	ACVR1C,ACVR2B,CFC1	False	True	False
GDF1	ACVR1C_ACVR2A	False	False	True
GDF1	ACVR1C_ACVR2A_CFC1	False	False	True
GDF1	ACVR1C_ACVR2B	False	False	True
GDF1	ACVR2A	True	False	False
GDF1	ACVR2B	True	False	False
GDF1	BMPR1A	True	False	True
GDF1	BMPR2	True	False	True
GDF1	CFC1	True	False	False
GDF1	HTR4	False	False	True
GDF10	ACVR1B	True	False	False
GDF10	ACVR1B,ACVR2A	False	True	False
GDF10	ACVR1B_ACVR2A	False	False	True
GDF10	ACVR1B_ACVR2B	False	False	True
GDF10	ACVR2A	True	False	False
GDF10	ACVR2B	True	False	False
GDF10	BMPR2	True	False	True
GDF11	ACTR2	False	False	True
GDF11	ACVR1B	True	False	False
GDF11	ACVR1B,ACVR2B	False	True	False
GDF11	ACVR1B_ACVR2A	False	False	True
GDF11	ACVR1B_ACVR2B	False	False	True
GDF11	ACVR1C	True	False	True
GDF11	ACVR2A	True	False	False
GDF11	ACVR2A,TGFBR1	False	True	False
GDF11	ACVR2A_TGFBR1	False	False	True
GDF11	ACVR2B	True	False	False
GDF11	ACVR2B,TGFBR1	False	True	False
GDF11	ACVR2B_TGFBR1	False	False	True
GDF11	ANTXR1	False	False	True
GDF11	BMPR1A	True	False	True
GDF11	BMPR1B	True	False	True
GDF11	BMPR2	True	False	True
GDF11	TGFBR1	True	False	False
GDF15	ERBB2	True	False	False
GDF15	GFRAL	True	False	True
GDF15	RET	True	False	True
GDF15	TGFBR2	False	True	True
GDF2	ACVR1	True	False	True
GDF2	ACVR2A	True	False	False
GDF2	ACVR2A,ACVRL1	False	True	False
GDF2	ACVR2A_ACVRL1	False	False	True
GDF2	ACVR2B	True	False	False
GDF2	ACVR2B_ACVRL1	False	False	True
GDF2	ACVRL1	True	False	False
GDF2	ACVRL1_BMPR2	False	False	True
GDF2	BMPR2	True	False	False
GDF2	BMPR2,ACVRL1	False	True	False
GDF2	ENG	True	False	True
GDF3	ACVR1B	True	False	False
GDF3	ACVR1B,ACVR2A,CFC1	False	True	False
GDF3	ACVR1B,ACVR2B,CFC1	False	True	False
GDF3	ACVR1B_ACVR2A	False	False	True
GDF3	ACVR1B_ACVR2A_CFC1	False	False	True
GDF3	ACVR1B_ACVR2B	False	False	True
GDF3	ACVR1B_ACVR2B_CFC1	False	False	True
GDF3	ACVR1C	True	False	False
GDF3	ACVR1C,ACVR2A,CFC1	False	True	False
GDF3	ACVR1C,ACVR2B,CFC1	False	True	False
GDF3	ACVR1C_ACVR2A	False	False	True
GDF3	ACVR1C_ACVR2A_CFC1	False	False	True
GDF3	ACVR1C_ACVR2B	False	False	True
GDF3	ACVR2A	True	False	False
GDF3	ACVR2B	True	False	False
GDF3	CFC1	True	False	False
GDF3	TDGF1	True	False	False
GDF5	ACVR1	True	False	True
GDF5	ACVR2A	True	False	False
GDF5	ACVR2A,BMPR1A	False	True	False
GDF5	ACVR2A_BMPR1A	False	False	True
GDF5	ACVR2A_BMPR1B	False	False	True
GDF5	ACVR2B	True	False	False
GDF5	ACVR2B,BMPR1A	False	True	False
GDF5	ACVR2B_BMPR1A	False	False	True
GDF5	ACVR2B_BMPR1B	False	False	True
GDF5	BMPR1A	True	False	False
GDF5	BMPR1A_BMPR2	False	False	True
GDF5	BMPR1B	True	False	False
GDF5	BMPR1B,ACVR2A	False	True	False
GDF5	BMPR1B,ACVR2B	False	True	False
GDF5	BMPR1B,BMPR2	False	True	False
GDF5	BMPR1B_BMPR2	False	False	True
GDF5	BMPR2	True	False	False
GDF5	BMPR2,BMPR1A	False	True	False
GDF5	ROR2	True	False	True
GDF6	ACVR2A	True	False	False
GDF6	ACVR2A,BMPR1A	False	True	False
GDF6	ACVR2A_BMPR1A	False	False	True
GDF6	ACVR2A_BMPR1B	False	False	True
GDF6	ACVR2B	True	False	False
GDF6	ACVR2B,BMPR1A	False	True	False
GDF6	ACVR2B_BMPR1A	False	False	True
GDF6	ACVR2B_BMPR1B	False	False	True
GDF6	BMPR1A	True	False	False
GDF6	BMPR1A_BMPR2	False	False	True
GDF6	BMPR1B	True	False	False
GDF6	BMPR1B,ACVR2A	False	True	False
GDF6	BMPR1B,ACVR2B	False	True	False
GDF6	BMPR1B,BMPR2	False	True	False
GDF6	BMPR1B_BMPR2	False	False	True
GDF6	BMPR2	True	False	False
GDF6	BMPR2,BMPR1A	False	True	False
GDF7	ACVR2A	True	False	False
GDF7	ACVR2A,BMPR1A	False	True	False
GDF7	ACVR2A_BMPR1A	False	False	True
GDF7	ACVR2A_BMPR1B	False	False	True
GDF7	ACVR2B	True	False	False
GDF7	ACVR2B,BMPR1A	False	True	False
GDF7	ACVR2B_BMPR1A	False	False	True
GDF7	ACVR2B_BMPR1B	False	False	True
GDF7	BMPR1A	True	False	False
GDF7	BMPR1A_BMPR2	False	False	True
GDF7	BMPR1B	True	False	False
GDF7	BMPR1B,ACVR2A	False	True	False
GDF7	BMPR1B,ACVR2B	False	True	False
GDF7	BMPR1B,BMPR2	False	True	False
GDF7	BMPR1B_BMPR2	False	False	True
GDF7	BMPR2	True	False	False
GDF7	BMPR2,BMPR1A	False	True	False
GDF9	ACVR1B	True	False	False
GDF9	ACVR1B_BMPR2	False	False	True
GDF9	ACVR2A	True	False	True
GDF9	BMPR1A	True	False	True
GDF9	BMPR1B	True	False	True
GDF9	BMPR2	True	False	False
GDF9	BMPR2,ACVR1B	False	True	False
GDF9	BMPR2_TGFBR1	False	False	True
GDF9	FXYD6	True	False	True
GDF9	ORAI2	True	False	True
GDF9	TGFBR1	True	False	False
GDNF	EDNRB	False	False	True
GDNF	GFRA1	True	False	False
GDNF	GFRA1,RET	False	True	False
GDNF	GFRA1_RET	False	False	True
GDNF	GFRA2	True	False	False
GDNF	GFRA2_RET	False	False	True
GDNF	GFRA3	False	False	True
GDNF	NCAM1	True	False	False
GDNF	RET	True	False	False
GGT1	CD53	True	False	False
GGT1	CD81	True	False	False
GGT1	CD82	True	False	False
GGT5,GGT1	CYSLTR1	False	True	False
GGT5,GGT1	CYSLTR2	False	True	False
GH1	EPOR	False	False	True
GH1	GHR	True	True	True
GH1	PRLR	True	True	True
GH2	GHR	True	False	True
GH2	PRLR	True	False	False
GHRH	ADCYAP1R1	True	False	True
GHRH	ADRB2	True	False	True
GHRH	ADRB3	True	False	True
GHRH	DPP4	True	False	True
GHRH	GHRHR	True	True	True
GHRH	GHSR	True	True	True
GHRH	GPR20	True	False	True
GHRH	GPR84	True	False	True
GHRH	PTH1R	True	False	True
GHRH	RAMP2	True	False	True
GHRH	RAMP3	True	False	True
GHRH	TSHR	True	False	True
GHRH	VIPR1	True	True	True
GHRH	VIPR2	True	True	True
GHRL	GHRHR	True	False	True
GHRL	GHSR	True	True	True
GHRL	GPR39	True	False	True
GHRL	MLNR	True	False	True
GHRL	PTGER3	True	False	True
GHRL	PTGIR	False	False	True
GHRL	TBXA2R	True	False	True
GIP	ADCYAP1R1	False	False	True
GIP	ADRB2	False	False	True
GIP	ADRB3	False	False	True
GIP	DPP4	True	False	True
GIP	FAP	False	False	True
GIP	GIPR	True	True	True
GIP	GPR20	False	False	True
GIP	GPR84	False	False	True
GIP	INSR	False	False	True
GIP	PTH1R	False	False	True
GIP	RAMP2	False	False	True
GIP	RAMP3	False	False	True
GIP	TSHR	False	False	True
GIP	VIPR1	False	False	True
GJA1	GJA1	False	True	False
GJA1	GJA5	False	True	False
GJA3	GJA1	False	True	False
GJA3	GJA3	False	True	False
GJA3	GJA5	False	True	False
GJA3	GJC1	False	True	False
GJA5	GJA5	False	True	False
GJB2	GJB6	True	False	False
GJB6	GJB2	True	False	False
GJC1	GJA1	False	True	False
GJC1	GJA5	False	True	False
GJC1	GJC1	False	True	False
GLG1	MOG	True	False	False
GLG1	SELE	True	False	False
GLG1	UNC5B	True	False	False
GLS,SLC1A1	GRIA1	False	True	False
GLS,SLC1A1	GRIA2	False	True	False
GLS,SLC1A1	GRIA3	False	True	False
GLS,SLC1A1	GRIA4	False	True	False
GLS,SLC1A1	GRIK1	False	True	False
GLS,SLC1A1	GRIK1,GRIK4	False	True	False
GLS,SLC1A1	GRIK2	False	True	False
GLS,SLC1A1	GRIK2,GRIK4	False	True	False
GLS,SLC1A1	GRIK3	False	True	False
GLS,SLC1A1	GRIK3,GRIK4	False	True	False
GLS,SLC1A1	GRIK3,GRIK5	False	True	False
GLS,SLC1A1	GRIK5,GRIK1	False	True	False
GLS,SLC1A1	GRIK5,GRIK2	False	True	False
GLS,SLC1A1	GRIN1,GRIN2A	False	True	False
GLS,SLC1A1	GRIN1,GRIN2B	False	True	False
GLS,SLC1A1	GRIN1,GRIN2D	False	True	False
GLS,SLC1A1	GRIN2C,GRIN1	False	True	False
GLS,SLC1A1	GRM1	False	True	False
GLS,SLC1A1	GRM2	False	True	False
GLS,SLC1A1	GRM3	False	True	False
GLS,SLC1A1	GRM4	False	True	False
GLS,SLC1A1	GRM5	False	True	False
GLS,SLC1A1	GRM6	False	True	False
GLS,SLC1A1	GRM7	False	True	False
GLS,SLC1A1	GRM8	False	True	False
GLS,SLC1A2	GRIA1	False	True	False
GLS,SLC1A2	GRIA2	False	True	False
GLS,SLC1A2	GRIA3	False	True	False
GLS,SLC1A2	GRIA4	False	True	False
GLS,SLC1A2	GRIK1	False	True	False
GLS,SLC1A2	GRIK1,GRIK4	False	True	False
GLS,SLC1A2	GRIK2	False	True	False
GLS,SLC1A2	GRIK2,GRIK4	False	True	False
GLS,SLC1A2	GRIK3	False	True	False
GLS,SLC1A2	GRIK3,GRIK4	False	True	False
GLS,SLC1A2	GRIK3,GRIK5	False	True	False
GLS,SLC1A2	GRIK5,GRIK1	False	True	False
GLS,SLC1A2	GRIK5,GRIK2	False	True	False
GLS,SLC1A2	GRIN1,GRIN2A	False	True	False
GLS,SLC1A2	GRIN1,GRIN2B	False	True	False
GLS,SLC1A2	GRIN1,GRIN2D	False	True	False
GLS,SLC1A2	GRIN2C,GRIN1	False	True	False
GLS,SLC1A2	GRM1	False	True	False
GLS,SLC1A2	GRM2	False	True	False
GLS,SLC1A2	GRM3	False	True	False
GLS,SLC1A2	GRM4	False	True	False
GLS,SLC1A2	GRM5	False	True	False
GLS,SLC1A2	GRM6	False	True	False
GLS,SLC1A2	GRM7	False	True	False
GLS,SLC1A2	GRM8	False	True	False
GLS,SLC1A3	GRIA1	False	True	False
GLS,SLC1A3	GRIA2	False	True	False
GLS,SLC1A3	GRIA3	False	True	False
GLS,SLC1A3	GRIA4	False	True	False
GLS,SLC1A3	GRIK1	False	True	False
GLS,SLC1A3	GRIK1,GRIK4	False	True	False
GLS,SLC1A3	GRIK2	False	True	False
GLS,SLC1A3	GRIK2,GRIK4	False	True	False
GLS,SLC1A3	GRIK3	False	True	False
GLS,SLC1A3	GRIK3,GRIK4	False	True	False
GLS,SLC1A3	GRIK3,GRIK5	False	True	False
GLS,SLC1A3	GRIK5,GRIK1	False	True	False
GLS,SLC1A3	GRIK5,GRIK2	False	True	False
GLS,SLC1A3	GRIN1,GRIN2A	False	True	False
GLS,SLC1A3	GRIN1,GRIN2B	False	True	False
GLS,SLC1A3	GRIN1,GRIN2D	False	True	False
GLS,SLC1A3	GRIN2C,GRIN1	False	True	False
GLS,SLC1A3	GRM1	False	True	False
GLS,SLC1A3	GRM2	False	True	False
GLS,SLC1A3	GRM3	False	True	False
GLS,SLC1A3	GRM4	False	True	False
GLS,SLC1A3	GRM5	False	True	False
GLS,SLC1A3	GRM6	False	True	False
GLS,SLC1A3	GRM7	False	True	False
GLS,SLC1A3	GRM8	False	True	False
GLS,SLC1A7	GRIA1	False	True	False
GLS,SLC1A7	GRIA2	False	True	False
GLS,SLC1A7	GRIA3	False	True	False
GLS,SLC1A7	GRIA4	False	True	False
GLS,SLC1A7	GRIK1	False	True	False
GLS,SLC1A7	GRIK1,GRIK4	False	True	False
GLS,SLC1A7	GRIK2	False	True	False
GLS,SLC1A7	GRIK2,GRIK4	False	True	False
GLS,SLC1A7	GRIK3	False	True	False
GLS,SLC1A7	GRIK3,GRIK4	False	True	False
GLS,SLC1A7	GRIK3,GRIK5	False	True	False
GLS,SLC1A7	GRIK5,GRIK1	False	True	False
GLS,SLC1A7	GRIK5,GRIK2	False	True	False
GLS,SLC1A7	GRIN1,GRIN2A	False	True	False
GLS,SLC1A7	GRIN1,GRIN2B	False	True	False
GLS,SLC1A7	GRIN1,GRIN2D	False	True	False
GLS,SLC1A7	GRIN2C,GRIN1	False	True	False
GLS,SLC1A7	GRM1	False	True	False
GLS,SLC1A7	GRM2	False	True	False
GLS,SLC1A7	GRM3	False	True	False
GLS,SLC1A7	GRM4	False	True	False
GLS,SLC1A7	GRM5	False	True	False
GLS,SLC1A7	GRM6	False	True	False
GLS,SLC1A7	GRM7	False	True	False
GLS,SLC1A7	GRM8	False	True	False
GLS2,SLC1A1	GRIA1	False	True	False
GLS2,SLC1A1	GRIA2	False	True	False
GLS2,SLC1A1	GRIA3	False	True	False
GLS2,SLC1A1	GRIA4	False	True	False
GLS2,SLC1A1	GRIK1	False	True	False
GLS2,SLC1A1	GRIK1,GRIK4	False	True	False
GLS2,SLC1A1	GRIK2	False	True	False
GLS2,SLC1A1	GRIK2,GRIK4	False	True	False
GLS2,SLC1A1	GRIK3	False	True	False
GLS2,SLC1A1	GRIK3,GRIK4	False	True	False
GLS2,SLC1A1	GRIK3,GRIK5	False	True	False
GLS2,SLC1A1	GRIK5,GRIK1	False	True	False
GLS2,SLC1A1	GRIK5,GRIK2	False	True	False
GLS2,SLC1A1	GRIN1,GRIN2A	False	True	False
GLS2,SLC1A1	GRIN1,GRIN2B	False	True	False
GLS2,SLC1A1	GRIN1,GRIN2D	False	True	False
GLS2,SLC1A1	GRIN2C,GRIN1	False	True	False
GLS2,SLC1A1	GRM1	False	True	False
GLS2,SLC1A1	GRM2	False	True	False
GLS2,SLC1A1	GRM3	False	True	False
GLS2,SLC1A1	GRM4	False	True	False
GLS2,SLC1A1	GRM5	False	True	False
GLS2,SLC1A1	GRM6	False	True	False
GLS2,SLC1A1	GRM7	False	True	False
GLS2,SLC1A1	GRM8	False	True	False
GLS2,SLC1A2	GRIA1	False	True	False
GLS2,SLC1A2	GRIA2	False	True	False
GLS2,SLC1A2	GRIA3	False	True	False
GLS2,SLC1A2	GRIA4	False	True	False
GLS2,SLC1A2	GRIK1	False	True	False
GLS2,SLC1A2	GRIK1,GRIK4	False	True	False
GLS2,SLC1A2	GRIK2	False	True	False
GLS2,SLC1A2	GRIK2,GRIK4	False	True	False
GLS2,SLC1A2	GRIK3	False	True	False
GLS2,SLC1A2	GRIK3,GRIK4	False	True	False
GLS2,SLC1A2	GRIK3,GRIK5	False	True	False
GLS2,SLC1A2	GRIK5,GRIK1	False	True	False
GLS2,SLC1A2	GRIK5,GRIK2	False	True	False
GLS2,SLC1A2	GRIN1,GRIN2A	False	True	False
GLS2,SLC1A2	GRIN1,GRIN2B	False	True	False
GLS2,SLC1A2	GRIN1,GRIN2D	False	True	False
GLS2,SLC1A2	GRIN2C,GRIN1	False	True	False
GLS2,SLC1A2	GRM1	False	True	False
GLS2,SLC1A2	GRM2	False	True	False
GLS2,SLC1A2	GRM3	False	True	False
GLS2,SLC1A2	GRM4	False	True	False
GLS2,SLC1A2	GRM5	False	True	False
GLS2,SLC1A2	GRM6	False	True	False
GLS2,SLC1A2	GRM7	False	True	False
GLS2,SLC1A2	GRM8	False	True	False
GLS2,SLC1A3	GRIA1	False	True	False
GLS2,SLC1A3	GRIA2	False	True	False
GLS2,SLC1A3	GRIA3	False	True	False
GLS2,SLC1A3	GRIA4	False	True	False
GLS2,SLC1A3	GRIK1	False	True	False
GLS2,SLC1A3	GRIK1,GRIK4	False	True	False
GLS2,SLC1A3	GRIK2	False	True	False
GLS2,SLC1A3	GRIK2,GRIK4	False	True	False
GLS2,SLC1A3	GRIK3	False	True	False
GLS2,SLC1A3	GRIK3,GRIK4	False	True	False
GLS2,SLC1A3	GRIK3,GRIK5	False	True	False
GLS2,SLC1A3	GRIK5,GRIK1	False	True	False
GLS2,SLC1A3	GRIK5,GRIK2	False	True	False
GLS2,SLC1A3	GRIN1,GRIN2A	False	True	False
GLS2,SLC1A3	GRIN1,GRIN2B	False	True	False
GLS2,SLC1A3	GRIN1,GRIN2D	False	True	False
GLS2,SLC1A3	GRIN2C,GRIN1	False	True	False
GLS2,SLC1A3	GRM1	False	True	False
GLS2,SLC1A3	GRM2	False	True	False
GLS2,SLC1A3	GRM3	False	True	False
GLS2,SLC1A3	GRM4	False	True	False
GLS2,SLC1A3	GRM5	False	True	False
GLS2,SLC1A3	GRM6	False	True	False
GLS2,SLC1A3	GRM7	False	True	False
GLS2,SLC1A3	GRM8	False	True	False
GLS2,SLC1A7	GRIA1	False	True	False
GLS2,SLC1A7	GRIA2	False	True	False
GLS2,SLC1A7	GRIA3	False	True	False
GLS2,SLC1A7	GRIA4	False	True	False
GLS2,SLC1A7	GRIK1	False	True	False
GLS2,SLC1A7	GRIK1,GRIK4	False	True	False
GLS2,SLC1A7	GRIK2	False	True	False
GLS2,SLC1A7	GRIK2,GRIK4	False	True	False
GLS2,SLC1A7	GRIK3	False	True	False
GLS2,SLC1A7	GRIK3,GRIK4	False	True	False
GLS2,SLC1A7	GRIK3,GRIK5	False	True	False
GLS2,SLC1A7	GRIK5,GRIK1	False	True	False
GLS2,SLC1A7	GRIK5,GRIK2	False	True	False
GLS2,SLC1A7	GRIN1,GRIN2A	False	True	False
GLS2,SLC1A7	GRIN1,GRIN2B	False	True	False
GLS2,SLC1A7	GRIN1,GRIN2D	False	True	False
GLS2,SLC1A7	GRIN2C,GRIN1	False	True	False
GLS2,SLC1A7	GRM1	False	True	False
GLS2,SLC1A7	GRM2	False	True	False
GLS2,SLC1A7	GRM3	False	True	False
GLS2,SLC1A7	GRM4	False	True	False
GLS2,SLC1A7	GRM5	False	True	False
GLS2,SLC1A7	GRM6	False	True	False
GLS2,SLC1A7	GRM7	False	True	False
GLS2,SLC1A7	GRM8	False	True	False
GNAI2	ADCY1	False	False	True
GNAI2	ADCY7	False	False	True
GNAI2	ADCY8	False	False	True
GNAI2	ADCY9	False	False	True
GNAI2	ADORA1	False	False	True
GNAI2	ADRA2A	False	False	True
GNAI2	ADRA2B	False	False	True
GNAI2	AGTR2	False	False	True
GNAI2	C5AR1	False	False	True
GNAI2	CAV1	False	False	True
GNAI2	CCR5	False	False	True
GNAI2	CHRM1	False	False	True
GNAI2	CNR1	False	False	True
GNAI2	CXCR1	False	False	True
GNAI2	CXCR2	False	False	True
GNAI2	CXCR3	False	False	True
GNAI2	DRD2	False	False	True
GNAI2	EDNRA	False	False	True
GNAI2	EDNRB	False	False	True
GNAI2	EGFR	False	False	True
GNAI2	F2R	False	False	True
GNAI2	FPR1	False	False	True
GNAI2	IGF1R	False	False	True
GNAI2	LHCGR	False	False	True
GNAI2	LPAR3	False	False	True
GNAI2	MTNR1A	False	False	True
GNAI2	MTNR1B	False	False	True
GNAI2	OPRD1	False	False	True
GNAI2	OPRM1	False	False	True
GNAI2	P2RY12	False	False	True
GNAI2	PTPRU	False	False	True
GNAI2	S1PR1	False	False	True
GNAI2	S1PR3	False	False	True
GNAI2	S1PR4	False	False	True
GNAI2	S1PR5	False	False	True
GNAI2	TBXA2R	False	False	True
GNAI2	TSHR	False	False	True
GNAI2	UNC5B	False	False	True
GNAS	ADCY1	True	False	True
GNAS	ADCY2	True	False	False
GNAS	ADCY5	True	False	False
GNAS	ADCY6	True	False	False
GNAS	ADCY7	False	False	True
GNAS	ADCY8	True	False	True
GNAS	ADCY9	True	False	True
GNAS	ADORA1	True	False	True
GNAS	ADRB2	True	False	True
GNAS	ADRB3	True	False	True
GNAS	AVPR2	True	False	True
GNAS	CRHR1	True	False	True
GNAS	GCGR	True	False	True
GNAS	GLP1R	False	False	True
GNAS	HTR6	True	False	True
GNAS	LHCGR	True	False	True
GNAS	PTGDR	True	False	True
GNAS	PTGIR	True	False	False
GNAS	TSHR	True	False	True
GNAS	VIPR1	True	False	True
GNB3	GABBR2	False	False	True
GNB3	TGFBR1	False	False	True
GNRH1	CAMK2A	True	False	False
GNRH1	GNRHR	True	True	True
GNRH2	GNRHR	True	False	True
GNRH2	GNRHR2	True	False	False
GP1BA	ITGAM	True	False	False
GP1BA	ITGAM,ITGB2	False	True	False
GP1BA	ITGAM_ITGB2	False	False	True
GP1BA	ITGB2	True	False	False
GP1BA	SELP	True	False	False
GP5	ITGAM	True	False	False
GP5	ITGB2	True	False	False
GP5	LAYN	True	False	False
GP5	SELP	True	False	False
GPC3	CD81	True	False	True
GPC3	DPP4	True	False	False
GPC3	FGFR4	True	False	False
GPC3	FLT1	True	False	True
GPC3	IGF1R	True	False	True
GPC3	LRP1	True	False	True
GPC3	LRP2	True	False	True
GPC3	TNFRSF11B	True	False	True
GPC3	UNC5C	True	False	True
GPC3	UNC5D	True	False	True
GPC3	VSIG10L	True	False	True
GPC6	FGFR4	True	False	False
GPC6	FGFRL1	True	False	False
GPC6	LRP1	True	False	False
GPC6	LRP2	True	False	False
GPC6	PTCH1	True	False	False
GPC6	TNFRSF11B	True	False	False
GPHA2	ADGRV1	False	False	True
GPHA2	EPHA6	True	False	True
GPHA2	TSHR	True	False	True
GPHB5	TSHR	True	False	True
GPHB5,GPHA2	TSHR	False	True	False
GPI	AMFR	True	False	True
GPI	NTRK1	False	False	True
GREM1	KDR	True	False	True
GRN	CLEC4M	True	False	True
GRN	EGFR	True	False	True
GRN	NTRK1	False	False	True
GRN	SORT1	True	True	True
GRN	TNFRSF1A	True	False	True
GRN	TNFRSF1B	True	False	True
GRP	BRS3	True	False	True
GRP	FAP	True	False	True
GRP	GRPR	True	True	True
GRP	NMBR	True	True	True
GSTM2	RYR2	False	False	True
GSTO1	RYR1	False	False	True
GSTP1	EGFR	False	False	True
GSTP1	TRAF2	True	False	True
GUCA2A	GUCY2C	True	True	True
GUCA2B	GUCY2C	True	True	True
GUCA2B	GUCY2D	True	False	True
GUCY2D	NECTIN3	True	False	False
GUCY2D	NECTIN4	True	False	False
GZMA	F2R	False	True	True
GZMA	F2RL1	False	True	True
GZMA	F2RL2	False	True	True
GZMA	F2RL3	False	True	True
GZMA	PARD3	False	True	True
GZMB	CHRM3	True	False	True
GZMB	IGF2R	True	False	True
GZMB	MCL1	True	False	False
HAPLN1	ADGRA2	True	False	True
HAPLN1	AGER	True	False	True
HAPLN1	IGDCC4	True	False	True
HAPLN1	IL1RL1	True	False	True
HAPLN1	MPIG6B	True	False	True
HAPLN1	PRTG	True	False	True
HAPLN1	TNFRSF11B	True	False	True
HAPLN1	TREML2	True	False	True
HAS1	CD44	True	False	False
HAS2	CD44	True	False	True
HAS2	ERBB2	True	False	False
HAS2	EZR	True	False	False
HAS2	HMMR	True	False	True
HAVCR1	BTN3A3	True	False	False
HAVCR1	CD300LB	True	False	True
HAVCR1	IGSF21	True	False	False
HAVCR1	SIGLEC1	True	False	False
HAVCR1	TIMD4	True	False	False
HBEGF	CD44	True	False	True
HBEGF	CD6	True	False	False
HBEGF	CD82	True	False	True
HBEGF	CD9	True	False	True
HBEGF	EGFR	True	True	False
HBEGF	EGFR_ERBB2	False	False	True
HBEGF	ERBB2	True	False	False
HBEGF	ERBB2,EGFR	False	True	False
HBEGF	ERBB2,ERBB4	False	True	False
HBEGF	ERBB2_ERBB4	False	False	True
HBEGF	ERBB4	True	True	False
HBEGF	MOG	True	False	False
HBEGF	PRLR	False	False	True
HCRT	HCRTR1	True	True	True
HCRT	HCRTR2	True	True	True
HCRT	NPFFR2	True	False	True
HDC	HRH1	True	True	True
HDC	HRH2	True	True	True
HDC	HRH3	True	True	True
HDC	HRH4	True	True	True
HEBP1	ADRA2A	False	False	True
HEBP1	FPR2	True	False	False
HEBP1	FPR3	True	False	True
HEBP1	GRM7	False	False	True
HEBP1	MTNR1A	False	False	True
HGF	CD44	True	False	True
HGF	ITGB1	False	False	True
HGF	MET	True	True	True
HGF	NRP1	False	False	True
HGF	SDC1	True	False	True
HGF	SDC2	True	False	True
HGF	ST14	True	False	True
HHIPL2	CACHD1	True	False	False
HHLA2	KIR3DL3	True	False	False
HHLA2	TMIGD2	True	False	True
HHLA2	VSIG8	True	False	False
HHLA2	VSTM2B	True	False	False
HJV	NEO1	True	False	False
HLA-A	APLP2	True	False	True
HLA-A	CD8A	True	True	True
HLA-A	CD8B	False	True	True
HLA-A	CD8B2	False	True	True
HLA-A	ERBB2	True	False	True
HLA-A	KIR2DL1	False	False	True
HLA-A	KIR2DL3	False	False	True
HLA-A	KIR3DL1	True	True	True
HLA-A	KIR3DL2	True	False	True
HLA-A	KLRD1	True	False	False
HLA-A	LILRA1	False	False	True
HLA-A	LILRB1	True	False	True
HLA-A	LILRB2	True	False	True
HLA-B	CD3D	False	False	True
HLA-B	CD8A	True	True	True
HLA-B	CD8B	False	True	True
HLA-B	CD8B2	False	True	True
HLA-B	KIR2DL3	True	False	True
HLA-B	KIR3DL1	True	False	True
HLA-B	KIR3DL2	True	True	True
HLA-B	KLRD1	True	False	True
HLA-B	LILRA1	False	False	True
HLA-B	LILRB1	True	False	True
HLA-B	LILRB2	True	False	True
HLA-C	CD8A	False	True	True
HLA-C	CD8B	False	True	True
HLA-C	CD8B2	False	True	True
HLA-C	KIR2DL1	True	True	True
HLA-C	KIR2DL2	True	True	True
HLA-C	KIR2DL3	True	True	True
HLA-C	KIR2DS1	True	True	True
HLA-C	KIR2DS4	True	True	True
HLA-C	KIR3DL1	False	False	True
HLA-C	KIR3DL3	False	True	True
HLA-C	LILRA1	False	False	True
HLA-C	LILRA3	True	False	True
HLA-C	LILRB1	True	False	True
HLA-C	LILRB2	True	False	True
HLA-DMA	CD4	True	True	True
HLA-DMA	CD74	True	False	False
HLA-DMB	CD4	True	True	True
HLA-DMB	CD74	True	False	False
HLA-DOA	CD4	True	True	False
HLA-DOB	CD4	True	True	True
HLA-DPA1	CD4	False	True	True
HLA-DPA1	LAG3	False	False	True
HLA-DPB1	CD4	True	True	True
HLA-DPB1	LAG3	True	False	True
HLA-DQA1	CD4	True	True	True
HLA-DQA1	LAG3	True	False	True
HLA-DQA2	CD4	True	True	True
HLA-DQA2	LAG3	True	False	True
HLA-DQB1	CD4	True	True	True
HLA-DQB1	LAG3	True	False	True
HLA-DQB2	LAG3	True	False	True
HLA-DRA	CD19	True	False	False
HLA-DRA	CD37	True	False	False
HLA-DRA	CD4	True	True	True
HLA-DRA	CD53	True	False	False
HLA-DRA	CD63	True	False	False
HLA-DRA	CD81	True	False	False
HLA-DRA	CD82	True	False	False
HLA-DRA	CD9	True	False	False
HLA-DRA	CR2	True	False	False
HLA-DRA	LAG3	True	False	True
HLA-DRB1	CD19	True	False	False
HLA-DRB1	CD37	True	False	False
HLA-DRB1	CD4	False	True	True
HLA-DRB1	CD53	True	False	False
HLA-DRB1	CD81	True	False	False
HLA-DRB1	CD82	True	False	False
HLA-DRB1	CR2	True	False	False
HLA-DRB1	LAG3	True	False	True
HLA-DRB3	CD4	True	True	True
HLA-DRB3	LAG3	True	False	True
HLA-DRB4	CD4	True	True	True
HLA-DRB4	LAG3	True	False	True
HLA-DRB5	CD4	True	True	True
HLA-DRB5	LAG3	True	False	True
HLA-E	CD8A	True	True	True
HLA-E	CD8B	False	True	True
HLA-E	CD8B2	False	True	True
HLA-E	KIR3DL1	False	False	True
HLA-E	KLRC1	True	True	False
HLA-E	KLRC1,KLRD1	False	True	False
HLA-E	KLRC1_KLRD1	False	False	True
HLA-E	KLRC2	True	True	False
HLA-E	KLRC2,KLRD1	False	True	False
HLA-E	KLRC2_KLRD1	False	False	True
HLA-E	KLRC3	True	False	False
HLA-E	KLRC3,KLRD1	False	True	False
HLA-E	KLRC3_KLRD1	False	False	True
HLA-E	KLRD1	True	False	False
HLA-E	KLRK1	True	True	True
HLA-F	CD8A	True	True	True
HLA-F	CD8B	False	True	True
HLA-F	CD8B2	False	True	True
HLA-F	KIR2DS4	True	False	False
HLA-F	KIR3DL1	True	True	True
HLA-F	KIR3DL2	True	True	True
HLA-F	KIR3DS1	True	True	True
HLA-F	LILRB1	True	True	True
HLA-F	LILRB2	True	False	True
HLA-G	CD4	False	False	True
HLA-G	CD8A	True	True	True
HLA-G	CD8B	False	True	True
HLA-G	CD8B2	False	True	True
HLA-G	KIR2DL4	True	False	True
HLA-G	KIR3DL1	True	False	True
HLA-G	KLRC1	True	False	True
HLA-G	KLRD1	True	False	True
HLA-G	LILRB1	True	True	True
HLA-G	LILRB2	True	True	True
HMGB1	AGER	True	False	True
HMGB1	CD163	True	False	False
HMGB1	CXCR4	True	False	True
HMGB1	HAVCR2	True	False	True
HMGB1	SDC1	True	False	True
HMGB1	THBD	True	False	True
HMGB1	TLR2	True	False	True
HMGB1	TLR4	True	False	True
HMGB1	TLR9	True	False	True
HP	APOA1	True	False	False
HP	ASGR1	True	False	True
HP	ASGR2	True	False	True
HP	CD163	True	False	True
HP	CD22	True	False	True
HP	ITGAM	True	False	True
HP	ITGB2	True	False	True
HP	TLR4	True	False	True
HPX	LRP1	True	False	True
HRAS	AGTR1	False	False	True
HRAS	CAV1	False	False	True
HRAS	INSR	False	False	True
HRAS	TLR9	False	False	True
HRG	ERBB2	True	False	True
HRG	ERBB3	True	False	True
HRG	FCGR1A	True	False	True
HSD17B1	ESR1	False	True	False
HSD17B1	ESR2	False	True	False
HSD17B1	GPER1	False	True	False
HSD17B1	NR1I2	False	True	False
HSD17B12	AR	False	True	False
HSD17B3	AR	False	True	False
HSD17B6	NR1H4	False	True	False
HSD3B1	CATSPER1,CATSPERB	False	True	False
HSD3B1	CATSPER1,CATSPERD	False	True	False
HSD3B1	CATSPER2,CATSPERB	False	True	False
HSD3B1	CATSPER3,CATSPERB	False	True	False
HSD3B1	CATSPER3,CATSPERD	False	True	False
HSD3B1	CATSPER4,CATSPERB	False	True	False
HSD3B1	CATSPER4,CATSPERD	False	True	False
HSD3B1	CATSPERD,CATSPER2	False	True	False
HSP90B1	LRP1	True	False	False
HSPA1A	GRIN2D	False	False	True
HSPA1A	TLR4	False	False	True
HSPA4	TLR4	False	False	True
HSPA8	ADRB2	False	False	True
HSPA8	LDLR	False	False	True
HSPA8	LRP2	False	False	True
HSPG2	COL13A1	True	False	False
HSPG2	DAG1	True	True	True
HSPG2	FGFR1	True	False	True
HSPG2	ITGA2	True	False	True
HSPG2	ITGB1	True	False	True
HSPG2	LRP1	True	False	True
HSPG2	LRP2	True	False	True
HSPG2	PTPRS	True	False	True
HSPG2	SDC1	True	False	True
IAPP	ADCYAP1R1	False	False	True
IAPP	ADRB2	False	False	True
IAPP	ADRB3	False	False	True
IAPP	CALCR	True	True	True
IAPP	CALCR,RAMP1	False	True	False
IAPP	CALCRL	False	True	True
IAPP	GPR20	False	False	True
IAPP	GPR84	False	False	True
IAPP	PTH1R	False	False	True
IAPP	RAMP1	True	False	True
IAPP	RAMP2	True	False	True
IAPP	RAMP2,CALCR	False	True	False
IAPP	RAMP3	True	False	True
IAPP	RAMP3,CALCR	False	True	False
IAPP	TSHR	False	False	True
IAPP	VIPR1	False	False	True
IBSP	ITGAV	True	False	False
IBSP	ITGAV,ITGB3	False	True	False
IBSP	ITGAV,ITGB5	False	True	False
IBSP	ITGAV_ITGB3	False	False	True
IBSP	ITGAV_ITGB5	False	False	True
IBSP	ITGB3	True	False	False
IBSP	ITGB5	True	False	False
ICAM1	CAV1	False	False	True
ICAM1	CDH5	True	False	False
ICAM1	EGFR	True	False	True
ICAM1	EZR	True	False	False
ICAM1	IL2RA	True	False	True
ICAM1	IL2RG	True	False	True
ICAM1	ITGAL	True	True	False
ICAM1	ITGAL,ITGB2	False	True	False
ICAM1	ITGAL_ITGB2	False	False	True
ICAM1	ITGAM	True	False	False
ICAM1	ITGAM,ITGB2	False	True	False
ICAM1	ITGAM_ITGB2	False	False	True
ICAM1	ITGAX	True	False	False
ICAM1	ITGAX,ITGB2	False	True	False
ICAM1	ITGAX_ITGB2	False	False	True
ICAM1	ITGB2	True	False	False
ICAM1	MSN	True	False	False
ICAM1	MUC1	False	False	True
ICAM1	SPN	True	True	True
ICAM2	ITGAL	True	False	False
ICAM2	ITGAL,ITGB2	False	True	False
ICAM2	ITGAL_ITGB2	False	False	True
ICAM2	ITGAM	True	False	False
ICAM2	ITGAM,ITGB2	False	True	False
ICAM2	ITGAM_ITGB2	False	False	True
ICAM2	ITGB2	True	False	False
ICAM3	CD209	True	False	False
ICAM3	CLEC4M	True	False	True
ICAM3	ITGAD	True	False	False
ICAM3	ITGAD_ITGB2	False	False	True
ICAM3	ITGAL	True	False	True
ICAM3	ITGB2	True	False	False
ICAM4	ITGA2B	True	False	True
ICAM4	ITGA4	True	False	True
ICAM4	ITGAL	True	False	True
ICAM4	ITGAM	True	False	True
ICAM4	ITGAV	True	False	True
ICAM4	ITGB1	True	False	True
ICAM4	ITGB2	True	False	True
ICAM4	ITGB3	True	False	True
ICAM4	RHAG	True	False	True
ICAM5	CD209	True	True	False
ICAM5	IGDCC4	True	False	False
ICAM5	ITGAL	True	False	True
ICAM5	ITGB2	True	False	True
ICAM5	PRTG	True	False	False
ICOSLG	CD28	True	True	True
ICOSLG	CTLA4	True	True	True
ICOSLG	ICOS	True	True	True
ICOSLG	NTM	True	False	False
IFITM1	CD81	True	False	False
IFNA1	CR2	False	False	True
IFNA1	IFNAR1	True	False	False
IFNA1	IFNAR1,IFNAR2	False	True	False
IFNA1	IFNAR1_IFNAR2	False	False	True
IFNA1	IFNAR2	True	False	False
IFNA10	IFNAR1	True	False	False
IFNA10	IFNAR1,IFNAR2	False	True	False
IFNA10	IFNAR1_IFNAR2	False	False	True
IFNA10	IFNAR2	True	False	False
IFNA13	CR2	True	False	False
IFNA13	IFNAR1	True	False	False
IFNA13	IFNAR1,IFNAR2	False	True	False
IFNA13	IFNAR2	True	False	False
IFNA14	IFNAR1	True	False	False
IFNA14	IFNAR1,IFNAR2	False	True	False
IFNA14	IFNAR1_IFNAR2	False	False	True
IFNA14	IFNAR2	True	False	False
IFNA16	IFNAR1	True	False	False
IFNA16	IFNAR1,IFNAR2	False	True	False
IFNA16	IFNAR1_IFNAR2	False	False	True
IFNA16	IFNAR2	True	False	False
IFNA17	IFNAR1	True	False	False
IFNA17	IFNAR1,IFNAR2	False	True	False
IFNA17	IFNAR1_IFNAR2	False	False	True
IFNA17	IFNAR2	True	False	False
IFNA2	CR2	True	False	True
IFNA2	IFNAR1	True	False	False
IFNA2	IFNAR1,IFNAR2	False	True	False
IFNA2	IFNAR1_IFNAR2	False	False	True
IFNA2	IFNAR2	True	False	False
IFNA21	IFNAR1	True	False	False
IFNA21	IFNAR1,IFNAR2	False	True	False
IFNA21	IFNAR1_IFNAR2	False	False	True
IFNA21	IFNAR2	True	False	False
IFNA4	IFNAR1	True	False	False
IFNA4	IFNAR1,IFNAR2	False	True	False
IFNA4	IFNAR1_IFNAR2	False	False	True
IFNA4	IFNAR2	True	False	False
IFNA5	IFNAR1	True	False	False
IFNA5	IFNAR1,IFNAR2	False	True	False
IFNA5	IFNAR1_IFNAR2	False	False	True
IFNA5	IFNAR2	True	False	False
IFNA6	IFNAR1	True	False	False
IFNA6	IFNAR1,IFNAR2	False	True	False
IFNA6	IFNAR1_IFNAR2	False	False	True
IFNA6	IFNAR2	True	False	False
IFNA7	IFNAR1	True	False	False
IFNA7	IFNAR1,IFNAR2	False	True	False
IFNA7	IFNAR1_IFNAR2	False	False	True
IFNA7	IFNAR2	True	False	False
IFNA8	GPR152	False	False	True
IFNA8	IFNAR1	True	False	False
IFNA8	IFNAR1,IFNAR2	False	True	False
IFNA8	IFNAR1_IFNAR2	False	False	True
IFNA8	IFNAR2	True	False	False
IFNB1	IFNAR1	True	False	False
IFNB1	IFNAR1,IFNAR2	False	True	False
IFNB1	IFNAR1_IFNAR2	False	False	True
IFNB1	IFNAR2	True	False	False
IFNE	ADGRV1	True	False	True
IFNE	IFNAR1	True	False	False
IFNE	IFNAR1,IFNAR2	False	True	False
IFNE	IFNAR1_IFNAR2	False	False	True
IFNE	IFNAR2	True	False	False
IFNG	IFNGR1	True	False	False
IFNG	IFNGR1,IFNGR2	False	True	False
IFNG	IFNGR1_IFNGR2	False	False	True
IFNG	IFNGR2	True	False	False
IFNG	MPL	False	False	True
IFNK	IFNAR1	True	False	False
IFNK	IFNAR1,IFNAR2	False	True	False
IFNK	IFNAR1_IFNAR2	False	False	True
IFNK	IFNAR2	True	False	False
IFNL1	IFNLR1	True	False	False
IFNL1	IFNLR1_IL10RB	False	False	True
IFNL1	IL10RB	True	False	False
IFNL2	IFNLR1	True	False	False
IFNL2	IFNLR1_IL10RB	False	False	True
IFNL2	IL10RB	True	False	False
IFNL3	IFNL3_IFNLR1_IL10RB	False	False	True
IFNL3	IFNLR1	True	False	False
IFNL3	IFNLR1_IL10RB	False	False	True
IFNL3	IL10RB	True	False	False
IFNL4	IFNLR1	True	False	True
IFNL4	IL10RB	True	False	True
IFNW1	IFNAR1	True	False	False
IFNW1	IFNAR1,IFNAR2	False	True	False
IFNW1	IFNAR1_IFNAR2	False	False	True
IFNW1	IFNAR2	True	False	False
IGF1	IGF1R	True	True	True
IGF1	IGF2R	False	False	True
IGF1	INSR	True	False	True
IGF1	ITGA6	True	False	False
IGF1	ITGA6,ITGB4	False	True	False
IGF1	ITGA6_ITGB4	False	False	True
IGF1	ITGAV	True	False	False
IGF1	ITGAV,ITGB3	False	True	False
IGF1	ITGAV_ITGB3	False	False	True
IGF1	ITGB3	True	False	False
IGF1	ITGB4	True	False	False
IGF1	TRPV2	True	False	False
IGF2	GPR152	False	False	True
IGF2	IGF1R	True	True	True
IGF2	IGF2R	True	True	True
IGF2	INSR	True	False	True
IGF2	ITGA6	True	False	False
IGF2	ITGA6,ITGB4	False	True	False
IGF2	ITGA6_ITGB4	False	False	True
IGF2	ITGAV	True	False	False
IGF2	ITGAV,ITGB3	False	True	False
IGF2	ITGAV_ITGB3	False	False	True
IGF2	ITGB3	True	False	False
IGF2	ITGB4	True	False	False
IGFBP3	EGFR	True	False	False
IGFBP3	TMEM219	False	True	False
IGFBP4	FZD8	True	False	True
IGFBP4	LRP6	True	False	True
IGFBP7	MPIG6B	True	False	True
IGFBPL1	DCC	True	False	True
IGFL1	IGFLR1	True	False	True
IGFL2	IGFLR1	True	False	True
IGFL3	IGFLR1	True	True	True
IGHG1_IGLC1	FCGR2B	False	False	True
IGHG1_IGLC1	FCGR3B	False	False	True
IGSF1	ACVR1B	False	False	True
IGSF10	CD200R1L	True	False	True
IGSF10	IGSF11	True	False	False
IGSF10	MAG	True	False	True
IGSF10	MILR1	True	False	True
IGSF10	SLAMF9	True	False	True
IGSF11	CLEC2L	True	False	False
IGSF11	TMEM190	True	False	False
IGSF11	VSIR	True	False	True
IGSF21	CD22	True	False	False
IGSF21	CD79B	True	False	False
IGSF21	CSF3R	True	False	False
IGSF21	HAVCR1	True	False	False
IGSF21	ILDR2	True	False	False
IGSF21	IYD	True	False	False
IGSF21	KIR2DS5	True	False	False
IGSF21	MUC15	True	False	False
IGSF21	NRXN2	True	False	False
IGSF3	PTGFRN	True	False	False
IHH	BOC	True	False	True
IHH	CDON	True	False	True
IHH	HHIP	True	False	True
IHH	PTCH1	True	False	False
IHH	PTCH1,SMO	False	True	False
IHH	PTCH1_SMO	False	False	True
IHH	PTCH2	True	False	False
IHH	PTCH2,SMO	False	True	False
IHH	PTCH2_SMO	False	False	True
IL10	CD27	False	False	True
IL10	CD70	False	False	True
IL10	IFNLR1	False	False	True
IL10	IL10RA	True	False	False
IL10	IL10RA,IL10RB	False	True	False
IL10	IL10RA_IL10RB	False	False	True
IL10	IL10RB	True	False	False
IL11	IL11RA	True	False	False
IL11	IL11RA,IL6ST	False	True	False
IL11	IL11RA_IL6ST	False	False	True
IL11	IL6R	True	False	True
IL11	IL6ST	True	False	False
IL12A	CD28	True	False	True
IL12A	IL12RB1	True	False	False
IL12A	IL12RB2	True	False	False
IL12A_IL12B	IL12RB1_IL12RB2	False	False	True
IL12A_IL27	IL12RB2_IL27RA	False	False	True
IL12B	BOC	True	False	True
IL12B	IL12RB1	True	False	False
IL12B	IL12RB2	True	False	False
IL12B	IL23R	True	False	False
IL12B,IL12A	IL12RB1,IL12RB2	False	True	False
IL12B,IL23A	IL12RB1,IL23R	False	True	False
IL12B_IL23A	IL12RB1_IL23R	False	False	True
IL13	IL13RA1	True	True	False
IL13	IL13RA1,IL4R	False	True	False
IL13	IL13RA1_IL4R	False	False	True
IL13	IL13RA2	True	True	False
IL13	IL13RA2,IL4R	False	True	False
IL13	IL13RA2_IL4R	False	False	True
IL13	IL13_IL13RA1_IL4R	False	False	True
IL13	IL2RG	True	False	True
IL13	IL4R	True	False	False
IL13	TMEM219	False	False	True
IL15	IL15RA	True	False	False
IL15	IL15RA,IL2RB,IL2RG	False	True	False
IL15	IL15RA_IL2RB_IL2RG	False	False	True
IL15	IL2RA	True	False	True
IL15	IL2RB	True	False	False
IL15	IL2RG	True	False	False
IL15RA	AXL	False	False	True
IL16	CCR5	False	False	True
IL16	CD4	True	True	True
IL16	CD9	True	False	True
IL16	GRIN2A	True	False	True
IL16	GRIN2B	True	False	True
IL16	GRIN2C	True	False	True
IL16	GRIN2D	True	False	True
IL16	KCNA3	True	False	True
IL16	KCND1	True	False	True
IL16	KCND2	True	False	True
IL16	KCNJ10	True	False	True
IL16	KCNJ15	True	False	True
IL16	KCNJ4	True	False	True
IL17A	IL17RA	True	False	False
IL17A	IL17RA,IL17RC	False	True	False
IL17A	IL17RC	True	False	False
IL17A,IL17F	IL17RA,IL17RC	False	True	False
IL17A_IL17F	IL17RA_IL17RC	False	False	True
IL17B	IL17RB	True	True	True
IL17C	IL17RA	True	False	False
IL17C	IL17RA,IL17RE	False	True	False
IL17C	IL17RA_IL17RE	False	False	True
IL17C	IL17RE	True	False	False
IL17F	IL17RA	True	False	False
IL17F	IL17RA,IL17RC	False	True	False
IL17F	IL17RC	True	False	False
IL18	IL18BP	False	False	True
IL18	IL18R1	True	False	False
IL18	IL18R1_IL18RAP	False	False	True
IL18	IL18RAP	True	False	False
IL18	IL18RAP,IL18R1	False	True	False
IL18	IL18_IL18R1_IL18RAP	False	False	True
IL18	IL1RAPL1	True	False	True
IL18	IL1RL2	True	False	True
IL18BP	IL6R	True	False	False
IL18BP	KIR3DL3	True	False	False
IL18BP	LILRA3	True	False	False
IL18BP	MAG	True	False	False
IL19	IL20RA	True	False	False
IL19	IL20RA,IL20RB	False	True	False
IL19	IL20RA_IL20RB	False	False	True
IL19	IL20RB	True	False	False
IL1A	IL1R1	True	False	False
IL1A	IL1R1_IL1RAP	False	False	True
IL1A	IL1R2	True	True	False
IL1A	IL1R2_IL1RAP	False	False	True
IL1A	IL1RAP	True	False	False
IL1A	IL1RAP,IL1R1	False	True	False
IL1B	ADRB2	True	False	True
IL1B	IL12RB2	True	False	False
IL1B	IL1R1	True	False	False
IL1B	IL1R1_IL1RAP	False	False	True
IL1B	IL1R2	True	True	False
IL1B	IL1R2_IL1RAP	False	False	True
IL1B	IL1RAP	True	False	False
IL1B	IL1RAP,IL1R1	False	True	False
IL1B	SIGIRR	False	False	True
IL1F10	IL1R1	True	False	True
IL1F10	IL1RAP,IL1RL2	False	True	False
IL1F10	IL1RAPL1	True	False	True
IL1F10	IL1RAPL2	True	False	True
IL1F10	IL1RAP_IL1RL2	False	False	True
IL1F10	IL1RL2	True	False	False
IL1F10	SIGIRR	True	False	True
IL1RAPL1	PTPRD	False	False	True
IL1RAPL1	PTPRF	False	False	True
IL1RAPL1	PTPRS	False	False	True
IL1RN	IL1R1	True	False	False
IL1RN	IL1R2	True	False	False
IL1RN	IL1RL2	True	False	True
IL2	CD53	True	False	True
IL2	IL20RA_IL20RB_IL2RG	False	False	True
IL2	IL2RA	True	False	False
IL2	IL2RA,IL2RB,IL2RG	False	True	False
IL2	IL2RA_IL2RB_IL2RG	False	False	True
IL2	IL2RB	True	False	False
IL2	IL2RB,IL2RG	False	True	False
IL2	IL2RB_IL2RG	False	False	True
IL2	IL2RG	True	False	False
IL2	NGFR	True	False	True
IL20	IL20RA	True	False	False
IL20	IL20RA,IL20RB	False	True	False
IL20	IL20RA_IL20RB	False	False	True
IL20	IL20RB	True	False	False
IL20	IL20RB,IL22RA1	False	True	False
IL20	IL20RB_IL22RA1	False	False	True
IL20	IL22RA1	True	False	False
IL21	IL21R	True	False	False
IL21	IL21R_IL2RG	False	False	True
IL21	IL2RG	True	False	False
IL21	IL2RG,IL21R	False	True	False
IL21	IL4R	True	False	True
IL22	IL10RA	True	False	True
IL22	IL10RB	True	False	False
IL22	IL10RB,IL22RA1	False	True	False
IL22	IL10RB_IL22RA1	False	False	True
IL22	IL20RA	True	False	True
IL22	IL20RB	True	False	False
IL22	IL20RB_IL22RA1	False	False	True
IL22	IL21R	False	False	True
IL22	IL22RA1	True	False	False
IL22	IL22RA2	True	False	True
IL22	IL22_IL22RA1	False	False	True
IL23A	GP6	True	False	True
IL23A	IL12RB1	True	False	False
IL23A	IL12RB2	True	False	True
IL23A	IL23R	True	False	False
IL23A	LILRA1	True	False	True
IL23A	LILRB2	True	False	True
IL23A	SIGLEC6	True	False	True
IL24	IL10RB	True	False	True
IL24	IL20RA	True	False	False
IL24	IL20RA,IL20RB	False	True	False
IL24	IL20RA_IL20RB	False	False	True
IL24	IL20RB	True	False	False
IL24	IL20RB,IL22RA1	False	True	False
IL24	IL20RB_IL22RA1	False	False	True
IL24	IL22RA1	True	False	False
IL24	NOTCH2	False	False	True
IL25	IL17RA	True	False	False
IL25	IL17RA,IL17RB	False	True	False
IL25	IL17RA_IL17RB	False	False	True
IL25	IL17RB	True	False	False
IL26	IL10RB	True	False	False
IL26	IL10RB,IL20RA	False	True	False
IL26	IL10RB_IL20RA	False	False	True
IL26	IL20RA	True	False	False
IL26	IL20RB	True	False	True
IL27	IL27RA	True	False	False
IL27,EBI3	IL27RA,IL6ST	False	True	False
IL3	BCL2	True	False	False
IL3	CSF2RA	True	False	True
IL3	CSF2RB	True	False	False
IL3	CSF2RB_IL3RA	False	False	True
IL3	IL3RA	True	False	False
IL3	IL3RA,CSF2RB	False	True	False
IL31	IL31RA	True	False	False
IL31	IL31RA,OSMR	False	True	False
IL31	IL31RA_OSMR	False	False	True
IL31	OSMR	True	False	False
IL32	ITGB3	True	False	True
IL33	IL1RAP	True	False	False
IL33	IL1RAP,IL1RL1	False	True	False
IL33	IL1RAP_IL1RL1	False	False	True
IL33	IL1RL1	True	False	False
IL34	CSF1R	True	True	False
IL34	PTPRZ1	True	False	True
IL36A	IL1RAP	True	False	False
IL36A	IL1RAP,IL1RL2	False	True	False
IL36A	IL1RAP_IL1RL2	False	False	True
IL36A	IL1RL2	True	False	False
IL36B	IL1RAP	True	False	False
IL36B	IL1RAP,IL1RL2	False	True	False
IL36B	IL1RAP_IL1RL2	False	False	True
IL36B	IL1RL2	True	False	False
IL36G	IFNAR1	True	False	True
IL36G	IFNAR2	True	False	True
IL36G	IL1RAP	True	False	False
IL36G	IL1RAP,IL1RL2	False	True	False
IL36G	IL1RAP_IL1RL2	False	False	True
IL36G	IL1RL2	True	False	False
IL36RN	IL1RAP	True	False	False
IL36RN	IL1RAP_IL1RL2	False	False	True
IL36RN	IL1RL2	True	False	False
IL37	IL18R1	True	False	False
IL37	IL18R1_IL18RAP	False	False	True
IL37	IL18R1_SIGIRR	False	False	True
IL37	IL18RAP,IL18R1	False	True	False
IL37	IL1RAPL1	True	False	True
IL37	SIGIRR	True	False	False
IL4	CD53	True	False	True
IL4	IL13RA1	True	False	False
IL4	IL13RA1,IL4R	False	True	False
IL4	IL13RA1_IL4R	False	False	True
IL4	IL13RA2	True	False	False
IL4	IL13RA2,IL4R	False	True	False
IL4	IL13RA2_IL4R	False	False	True
IL4	IL13_IL13RA1_IL4R	False	False	True
IL4	IL21R	False	False	True
IL4	IL2RG	True	False	False
IL4	IL2RG,IL4R	False	True	False
IL4	IL2RG_IL4R	False	False	True
IL4	IL4R	True	True	False
IL5	CSF2RA	False	False	True
IL5	CSF2RB	True	False	False
IL5	CSF2RB,IL5RA	False	True	False
IL5	CSF2RB_IL5RA	False	False	True
IL5	IL5RA	True	False	False
IL6	F3	False	False	True
IL6	FCGR3B	False	False	True
IL6	HRH1	False	False	True
IL6	IL6R	True	False	False
IL6	IL6R_IL6ST	False	False	True
IL6	IL6ST	True	False	False
IL6	IL6ST,IL6R	False	True	False
IL6	MUSK	False	False	True
IL7	IL2RG	True	False	False
IL7	IL2RG,IL7R	False	True	False
IL7	IL2RG_IL7R	False	False	True
IL7	IL7R	True	False	False
IL9	IL2RG	True	False	False
IL9	IL2RG,IL9R	False	True	False
IL9	IL2RG_IL9R	False	False	True
IL9	IL9R	True	False	False
ILDR2	CLEC12B	True	False	False
ILDR2	CSF2RB	True	False	False
ILDR2	FLT4	True	False	False
ILDR2	IGSF21	True	False	False
IMPG2	CADM3	True	False	False
IMPG2	PRLR	True	False	True
INHA	ACVR1	True	False	True
INHA	ACVR1B	True	False	False
INHA	ACVR2A	True	False	False
INHA	ACVR2B	True	False	False
INHA	TGFBR3	True	False	True
INHA,INHBB	ACVR2B	False	True	False
INHA_INHBA	ACVR2A	False	False	True
INHA_INHBB	ACVR2B	False	False	True
INHBA	ACTR2	False	False	True
INHBA	ACVR1	True	False	False
INHBA	ACVR1B	True	False	False
INHBA	ACVR1B,ACVR2A	False	True	False
INHBA	ACVR1B,ACVR2B	False	True	False
INHBA	ACVR1C	True	False	False
INHBA	ACVR2A	True	False	False
INHBA	ACVR2B	True	False	False
INHBA	BAMBI	True	False	True
INHBA	ENG	True	False	True
INHBA	TGFBR3	True	False	True
INHBA,INHA	ACVR2A	False	True	False
INHBA,INHBB	ACVR1B,ACVR2A	False	True	False
INHBA,INHBB	ACVR1B,ACVR2B	False	True	False
INHBA,INHBB	ACVR1C,ACVR2A	False	True	False
INHBA,INHBB	ACVR1C,ACVR2B	False	True	False
INHBA_INHBB	ACVR1B_ACVR2A	False	False	True
INHBA_INHBB	ACVR1B_ACVR2B	False	False	True
INHBA_INHBB	ACVR1C_ACVR2A	False	False	True
INHBA_INHBB	ACVR1C_ACVR2B	False	False	True
INHBA_INHBB	ACVR1_ACVR2A	False	False	True
INHBA_INHBB	ACVR1_ACVR2B	False	False	True
INHBB	ACVR1	True	False	False
INHBB	ACVR1B	True	False	False
INHBB	ACVR1B,ACVR2A	False	True	False
INHBB	ACVR1B,ACVR2B	False	True	False
INHBB	ACVR1C	True	False	False
INHBB	ACVR1C,ACVR2A	False	True	False
INHBB	ACVR1C,ACVR2B	False	True	False
INHBB	ACVR2A	True	False	False
INHBB	ACVR2B	True	False	False
INHBB	BAMBI	True	False	False
INHBB	CFC1	True	False	True
INHBB	CFC1B	True	False	True
INHBC	ACVR1	True	False	True
INHBC	ACVR1B	True	False	False
INHBC	ACVR1B,ACVR2A	False	True	False
INHBC	ACVR1B,ACVR2B	False	True	False
INHBC	ACVR1B_ACVR2A	False	False	True
INHBC	ACVR1B_ACVR2B	False	False	True
INHBC	ACVR1C,ACVR2A	False	True	False
INHBC	ACVR1C,ACVR2B	False	True	False
INHBC	ACVR1C_ACVR2A	False	False	True
INHBC	ACVR1C_ACVR2B	False	False	True
INHBC	ACVR2A	True	False	False
INHBC	ACVR2B	True	False	False
INHBE	ACVR1	True	False	False
INHBE	ACVR1B	True	False	False
INHBE	ACVR1B,ACVR2A	False	True	False
INHBE	ACVR1B,ACVR2B	False	True	False
INHBE	ACVR1B_ACVR2A	False	False	True
INHBE	ACVR1B_ACVR2B	False	False	True
INHBE	ACVR1C,ACVR2A	False	True	False
INHBE	ACVR1C,ACVR2B	False	True	False
INHBE	ACVR1C_ACVR2A	False	False	True
INHBE	ACVR1C_ACVR2B	False	False	True
INHBE	ACVR2A	True	False	False
INHBE	ACVR2B	True	False	False
INS	IGF1R	True	False	True
INS	INSR	True	True	True
INS	LILRB1	False	False	True
INS	LILRB2	False	False	True
INS	LRP2	True	False	True
INSL3	ADCYAP1R1	True	False	True
INSL3	ADRB2	True	False	True
INSL3	ADRB3	True	False	True
INSL3	GPR20	True	False	True
INSL3	GPR84	True	False	True
INSL3	PTH1R	True	False	True
INSL3	RAMP2	True	False	True
INSL3	RAMP3	True	False	True
INSL3	RXFP1	True	True	True
INSL3	RXFP2	True	True	True
INSL3	RXFP3	False	True	True
INSL3	RXFP4	False	True	True
INSL3	TSHR	True	False	True
INSL3	VIPR1	True	False	True
INSL5	ADRA2A	True	False	True
INSL5	GRM7	True	False	True
INSL5	MTNR1A	True	False	True
INSL5	RXFP1	False	True	True
INSL5	RXFP2	False	True	True
INSL5	RXFP3	True	True	True
INSL5	RXFP4	True	True	True
IRAK4	TLR4	False	False	True
IRAK4	TLR6	False	False	True
IRAK4	TLR7	False	False	True
ITGA4	VCAM1	True	False	False
ITGA4,ITGB1	VCAM1	False	True	False
ITGA4,ITGB7	VCAM1	False	True	False
ITGA9	VCAM1	True	False	False
ITGA9,ITGB1	VCAM1	False	True	False
ITGAL	CD226	True	False	False
ITGAL	ICAM1	True	False	False
ITGAM	ICAM1	True	False	False
ITGAV	THY1	False	False	True
ITGAV,ITGB1	ADGRE2	False	True	False
ITGAV,ITGB1	ADGRE5	False	True	False
ITGAV,ITGB3	ADGRA2	False	True	False
ITGAV,ITGB3	ADGRE2	False	True	False
ITGAV,ITGB3	ADGRE5	False	True	False
ITGAV,ITGB5	ADGRB1	False	True	False
ITGB1	VCAM1	True	False	False
ITGB2	CD226	True	False	True
ITGB2	CD82	True	False	False
ITGB2	ICAM1	True	False	False
ITGB2	ICAM3	True	False	False
ITGB2	THY1	True	False	True
ITGB3BP	ITGB3	False	False	True
ITGB3BP	ITGB5	False	False	True
ITIH2	FCER1A	True	False	True
ITM2B	ROR2	True	False	False
IZUMO1	CD9	True	False	True
IZUMO1	IZUMO1R	True	False	True
IZUMO1	LILRA5	True	False	False
JAG1	CD46	True	False	True
JAG1	NOTCH1	True	True	True
JAG1	NOTCH2	True	True	True
JAG1	NOTCH3	True	True	True
JAG1	NOTCH4	True	True	True
JAG2	NOTCH1	True	True	True
JAG2	NOTCH2	True	True	True
JAG2	NOTCH3	True	True	True
JAG2	NOTCH4	True	True	True
JAM2	F11R	True	True	False
JAM2	ITGA3	True	False	False
JAM2	ITGA3,ITGB1	False	True	False
JAM2	ITGA3_ITGB1	False	False	True
JAM2	ITGA4	True	False	False
JAM2	ITGA4_ITGB1	False	False	True
JAM2	ITGAV	True	False	False
JAM2	ITGAV,ITGB1	False	True	False
JAM2	ITGAV_ITGB1	False	False	True
JAM2	ITGB1	True	False	False
JAM2	JAM2	True	True	False
JAM2	JAM3	True	True	False
JAM3	F11R	True	True	False
JAM3	ITGAM	True	False	False
JAM3	ITGAM,ITGB2	False	True	False
JAM3	ITGAM_ITGB2	False	False	True
JAM3	ITGB1	True	False	True
JAM3	ITGB2	True	False	False
JAM3	JAM2	True	False	False
JAM3	JAM3	True	True	False
JAML	CD320	True	False	False
JAML	CXADR	True	False	True
JAML	FCRL4	True	False	False
KCNA1	CNTN1	True	False	False
KCNA1	CNTNAP1	True	False	False
KCNA1	RTN4	True	False	False
KIAA0319L	ILDR1	True	False	False
KIAA0319L	MPZL3	True	False	False
KIAA0319L	SIGLEC8	True	False	False
KIAA0319L	UNC5A	True	False	False
KIR2DL5A	LEPR	True	False	False
KIR2DL5A	PVR	True	False	False
KIR2DL5A	TMEM167A	True	False	False
KIR2DL5A	VSIG4	True	False	False
KIR2DS3	NEGR1	True	False	False
KIR2DS5	FLT4	True	False	False
KIR2DS5	IGSF21	True	False	False
KIRREL1	KIRREL1	True	False	False
KIRREL3	CD33	True	False	False
KISS1	KISS1R	True	True	True
KISS1	MMP24	False	False	True
KITLG	EPOR	True	False	True
KITLG	KIT	True	True	True
KITLG	LRRN3	True	False	True
KL	FGFR1	True	False	True
KL	FGFR3	True	False	False
KL	FGFR4	True	False	False
KL	IGF1R	True	False	False
KL	INSR	True	False	False
KL	TRPV5	True	False	False
KL	TRPV6	True	False	False
KLK1	F2R	False	True	False
KLK14	F2R	False	True	False
KLK14	F2RL1	False	True	False
KLK2	F2R	False	True	False
KLK2	F2RL1	False	True	False
KLK3	EPOR	True	False	True
KLK3	NGFR	False	True	False
KLK3	NTRK1	True	True	True
KLK4	F2R	False	True	False
KLK4	F2RL1	False	True	False
KLK5	F2RL1	False	True	False
KLK6	F2R	False	True	False
KLK6	F2RL1	False	True	False
KLK7	F2RL1	False	True	False
KLK8	F2R	False	True	False
KLKB1	F12	True	False	False
KLRA1P	CXADR	True	False	False
KMT2E	NCR2	False	False	True
KNG1	ADRA2A	False	False	True
KNG1	BDKRB1	True	True	True
KNG1	BDKRB2	True	True	True
KNG1	CD93	True	False	True
KNG1	GP1BA	True	False	True
KNG1	GPR135	True	False	True
KNG1	GRM7	False	False	True
KNG1	ITGAM	False	False	True
KNG1	ITGB2	True	False	True
KNG1	MTNR1A	False	False	True
KNG1	PLAUR	True	False	True
KNG1	RXFP4	True	False	True
KNG1	SDC2	True	False	True
L1CAM	ALCAM	True	False	False
L1CAM	CD9	True	False	True
L1CAM	CHL1	True	False	False
L1CAM	CNTN1	True	False	True
L1CAM	EGFR	True	False	True
L1CAM	EPHB2	True	False	True
L1CAM	ERBB2	True	False	True
L1CAM	ERBB3	True	False	True
L1CAM	EZR	True	False	False
L1CAM	FGFR1	True	False	False
L1CAM	FGFR2	False	False	True
L1CAM	ITGA4	True	False	False
L1CAM	ITGA4,ITGB7	False	True	False
L1CAM	ITGA4_ITGB7	False	False	True
L1CAM	ITGA5	True	False	False
L1CAM	ITGA5_ITGB1	False	False	True
L1CAM	ITGAV	True	False	False
L1CAM	ITGAV,ITGB3	False	True	False
L1CAM	ITGAV_ITGB3	False	False	True
L1CAM	ITGB3	True	False	False
L1CAM	ITGB7	True	False	False
L1CAM	L1CAM	True	True	False
L1CAM	LVRN	True	False	False
L1CAM	NCAM1	True	False	False
L1CAM	NRP1	True	False	False
L1CAM	PLXNA1	True	False	False
L1CAM	PTPRZ1	True	False	True
LACRT	SDC1	True	False	True
LAIR1	LILRB4	False	True	False
LAIR2	FGFR4	True	False	False
LAMA1	CD44	True	True	True
LAMA1	DAG1	True	True	True
LAMA1	GPC1	False	False	True
LAMA1	ITGA1	True	False	True
LAMA1	ITGA2	True	False	False
LAMA1	ITGA2,ITGB1	False	True	False
LAMA1	ITGA2_ITGB1	False	False	True
LAMA1	ITGA3	True	False	False
LAMA1	ITGA3,ITGB1	False	True	False
LAMA1	ITGA3_ITGB1	False	False	True
LAMA1	ITGA6	True	False	False
LAMA1	ITGA6,ITGB1	False	True	False
LAMA1	ITGA6,ITGB4	False	True	False
LAMA1	ITGA6_ITGB1	False	False	True
LAMA1	ITGA6_ITGB4	False	False	True
LAMA1	ITGA7	True	False	False
LAMA1	ITGA7,ITGB1	False	True	False
LAMA1	ITGA7_ITGB1	False	False	True
LAMA1	ITGA9	True	False	False
LAMA1	ITGA9,ITGB1	False	True	False
LAMA1	ITGA9_ITGB1	False	False	True
LAMA1	ITGAV	True	False	False
LAMA1	ITGAV,ITGB8	False	True	False
LAMA1	ITGAV_ITGB8	False	False	True
LAMA1	ITGB1	True	False	False
LAMA1	ITGB1,ITGA1	False	True	False
LAMA1	ITGB4	True	False	False
LAMA1	ITGB8	True	False	False
LAMA1	NT5E	True	False	True
LAMA1	RPSA	True	False	True
LAMA1	RPSAP58	True	False	False
LAMA1	SDC2	False	False	True
LAMA1	SDC4	False	False	True
LAMA1	SV2A	True	True	False
LAMA1	SV2B	False	True	False
LAMA1	SV2C	False	True	False
LAMA1	TMPRSS6	True	False	False
LAMA2	ADGRG6	False	True	False
LAMA2	CD44	False	True	True
LAMA2	DAG1	True	True	True
LAMA2	ITGA1	True	False	True
LAMA2	ITGA2	True	False	False
LAMA2	ITGA2,ITGB1	False	True	False
LAMA2	ITGA2_ITGB1	False	False	True
LAMA2	ITGA3	True	False	False
LAMA2	ITGA3,ITGB1	False	True	False
LAMA2	ITGA3_ITGB1	False	False	True
LAMA2	ITGA6	True	False	False
LAMA2	ITGA6,ITGB1	False	True	False
LAMA2	ITGA6,ITGB4	False	True	False
LAMA2	ITGA6_ITGB1	False	False	True
LAMA2	ITGA6_ITGB4	False	False	True
LAMA2	ITGA7	True	False	False
LAMA2	ITGA7,ITGB1	False	True	False
LAMA2	ITGA7_ITGB1	False	False	True
LAMA2	ITGA9	True	False	False
LAMA2	ITGA9,ITGB1	False	True	False
LAMA2	ITGA9_ITGB1	False	False	True
LAMA2	ITGAV,ITGB8	False	True	False
LAMA2	ITGAV_ITGB8	False	False	True
LAMA2	ITGB1	True	False	False
LAMA2	ITGB1,ITGA1	False	True	False
LAMA2	ITGB4	True	False	False
LAMA2	RPSA	True	False	True
LAMA2	RPSAP58	True	False	False
LAMA2	SV2A	False	True	False
LAMA2	SV2B	False	True	False
LAMA2	SV2C	False	True	False
LAMA3	CD44	False	True	True
LAMA3	DAG1	False	True	True
LAMA3	ITGA2,ITGB1	False	True	False
LAMA3	ITGA2_ITGB1	False	False	True
LAMA3	ITGA3	True	False	False
LAMA3	ITGA3,ITGB1	False	True	False
LAMA3	ITGA3_ITGB1	False	False	True
LAMA3	ITGA6	True	False	False
LAMA3	ITGA6,ITGB1	False	True	False
LAMA3	ITGA6,ITGB4	False	True	False
LAMA3	ITGA6_ITGB1	False	False	True
LAMA3	ITGA6_ITGB4	False	False	True
LAMA3	ITGA7,ITGB1	False	True	False
LAMA3	ITGA7_ITGB1	False	False	True
LAMA3	ITGA9,ITGB1	False	True	False
LAMA3	ITGA9_ITGB1	False	False	True
LAMA3	ITGAV,ITGB8	False	True	False
LAMA3	ITGAV_ITGB8	False	False	True
LAMA3	ITGB1	True	False	False
LAMA3	ITGB1,ITGA1	False	True	False
LAMA3	ITGB4	True	False	False
LAMA3	SDC2	True	False	True
LAMA3	SV2A	False	True	False
LAMA3	SV2B	False	True	False
LAMA3	SV2C	False	True	False
LAMA4	CD44	False	True	True
LAMA4	DAG1	False	True	True
LAMA4	ITGA2,ITGB1	False	True	False
LAMA4	ITGA2_ITGB1	False	False	True
LAMA4	ITGA3	True	False	False
LAMA4	ITGA3,ITGB1	False	True	False
LAMA4	ITGA3_ITGB1	False	False	True
LAMA4	ITGA6	True	False	False
LAMA4	ITGA6,ITGB1	False	True	False
LAMA4	ITGA6,ITGB4	False	True	False
LAMA4	ITGA6_ITGB1	False	False	True
LAMA4	ITGA6_ITGB4	False	False	True
LAMA4	ITGA7,ITGB1	False	True	False
LAMA4	ITGA7_ITGB1	False	False	True
LAMA4	ITGA9	True	False	False
LAMA4	ITGA9,ITGB1	False	True	False
LAMA4	ITGA9_ITGB1	False	False	True
LAMA4	ITGAV	True	False	False
LAMA4	ITGAV,ITGB8	False	True	False
LAMA4	ITGAV_ITGB8	False	False	True
LAMA4	ITGB1	True	False	False
LAMA4	ITGB1,ITGA1	False	True	False
LAMA4	SV2A	False	True	False
LAMA4	SV2B	False	True	False
LAMA4	SV2C	False	True	False
LAMA5	BCAM	True	False	True
LAMA5	CD151	True	False	False
LAMA5	CD44	False	True	True
LAMA5	DAG1	True	True	True
LAMA5	ITGA2	True	False	False
LAMA5	ITGA2,ITGB1	False	True	False
LAMA5	ITGA2_ITGB1	False	False	True
LAMA5	ITGA3	True	False	False
LAMA5	ITGA3,ITGB1	False	True	False
LAMA5	ITGA3_ITGB1	False	False	True
LAMA5	ITGA6	True	False	False
LAMA5	ITGA6,ITGB1	False	True	False
LAMA5	ITGA6,ITGB4	False	True	False
LAMA5	ITGA6_ITGB1	False	False	True
LAMA5	ITGA6_ITGB4	False	False	True
LAMA5	ITGA7,ITGB1	False	True	False
LAMA5	ITGA7_ITGB1	False	False	True
LAMA5	ITGA9,ITGB1	False	True	False
LAMA5	ITGA9_ITGB1	False	False	True
LAMA5	ITGAV,ITGB8	False	True	False
LAMA5	ITGAV_ITGB8	False	False	True
LAMA5	ITGB1	True	False	False
LAMA5	ITGB1,ITGA1	False	True	False
LAMA5	ITGB4	True	False	False
LAMA5	SDC1	True	False	True
LAMA5	SV2A	True	True	False
LAMA5	SV2B	False	True	False
LAMA5	SV2C	False	True	False
LAMB1	CD151	True	False	False
LAMB1	CD44	False	True	True
LAMB1	DAG1	False	True	True
LAMB1	ITGA1	True	False	True
LAMB1	ITGA2	True	False	False
LAMB1	ITGA2,ITGB1	False	True	False
LAMB1	ITGA2_ITGB1	False	False	True
LAMB1	ITGA3	True	False	False
LAMB1	ITGA3,ITGB1	False	True	False
LAMB1	ITGA3_ITGB1	False	False	True
LAMB1	ITGA6	True	False	False
LAMB1	ITGA6,ITGB1	False	True	False
LAMB1	ITGA6,ITGB4	False	True	False
LAMB1	ITGA6_ITGB1	False	False	True
LAMB1	ITGA6_ITGB4	False	False	True
LAMB1	ITGA7	True	False	False
LAMB1	ITGA7,ITGB1	False	True	False
LAMB1	ITGA7_ITGB1	False	False	True
LAMB1	ITGA9	True	False	False
LAMB1	ITGA9,ITGB1	False	True	False
LAMB1	ITGA9_ITGB1	False	False	True
LAMB1	ITGAV	True	False	False
LAMB1	ITGAV,ITGB8	False	True	False
LAMB1	ITGAV_ITGB8	False	False	True
LAMB1	ITGB1	True	False	False
LAMB1	ITGB1,ITGA1	False	True	False
LAMB1	ITGB4	True	False	False
LAMB1	ITGB8	True	False	False
LAMB1	SV2A	False	True	False
LAMB1	SV2B	False	True	False
LAMB1	SV2C	False	True	False
LAMB2	CD44	False	True	True
LAMB2	DAG1	False	True	True
LAMB2	ITGA2,ITGB1	False	True	False
LAMB2	ITGA2_ITGB1	False	False	True
LAMB2	ITGA3	True	False	False
LAMB2	ITGA3,ITGB1	False	True	False
LAMB2	ITGA3_ITGB1	False	False	True
LAMB2	ITGA6	True	False	False
LAMB2	ITGA6,ITGB1	False	True	False
LAMB2	ITGA6,ITGB4	False	True	False
LAMB2	ITGA6_ITGB1	False	False	True
LAMB2	ITGA6_ITGB4	False	False	True
LAMB2	ITGA7,ITGB1	False	True	False
LAMB2	ITGA7_ITGB1	False	False	True
LAMB2	ITGA9,ITGB1	False	True	False
LAMB2	ITGA9_ITGB1	False	False	True
LAMB2	ITGAV,ITGB8	False	True	False
LAMB2	ITGAV_ITGB8	False	False	True
LAMB2	ITGB1	True	False	False
LAMB2	ITGB1,ITGA1	False	True	False
LAMB2	ITGB4	True	False	False
LAMB2	RPSA	True	False	True
LAMB2	RPSAP58	True	False	False
LAMB2	SV2A	False	True	False
LAMB2	SV2B	False	True	False
LAMB2	SV2C	False	True	False
LAMB3	CD151	True	False	True
LAMB3	CD44	False	True	True
LAMB3	DAG1	False	True	True
LAMB3	ITGA2	True	False	False
LAMB3	ITGA2,ITGB1	False	True	False
LAMB3	ITGA2_ITGB1	False	False	True
LAMB3	ITGA3	True	False	False
LAMB3	ITGA3,ITGB1	False	True	False
LAMB3	ITGA3_ITGB1	False	False	True
LAMB3	ITGA6	True	False	False
LAMB3	ITGA6,ITGB1	False	True	False
LAMB3	ITGA6,ITGB4	False	True	False
LAMB3	ITGA6_ITGB1	False	False	True
LAMB3	ITGA6_ITGB4	False	False	True
LAMB3	ITGA7,ITGB1	False	True	False
LAMB3	ITGA7_ITGB1	False	False	True
LAMB3	ITGA9,ITGB1	False	True	False
LAMB3	ITGA9_ITGB1	False	False	True
LAMB3	ITGAV,ITGB8	False	True	False
LAMB3	ITGAV_ITGB8	False	False	True
LAMB3	ITGB1	True	False	False
LAMB3	ITGB1,ITGA1	False	True	False
LAMB3	ITGB4	True	False	False
LAMB3	SV2A	False	True	False
LAMB3	SV2B	False	True	False
LAMB3	SV2C	False	True	False
LAMC1	CD44	False	True	True
LAMC1	DAG1	False	True	True
LAMC1	ITGA1	True	False	True
LAMC1	ITGA2	True	False	False
LAMC1	ITGA2,ITGB1	False	True	False
LAMC1	ITGA2_ITGB1	False	False	True
LAMC1	ITGA3	True	False	False
LAMC1	ITGA3,ITGB1	False	True	False
LAMC1	ITGA3_ITGB1	False	False	True
LAMC1	ITGA6	True	False	False
LAMC1	ITGA6,ITGB1	False	True	False
LAMC1	ITGA6,ITGB4	False	True	False
LAMC1	ITGA6_ITGB1	False	False	True
LAMC1	ITGA6_ITGB4	False	False	True
LAMC1	ITGA7	True	False	False
LAMC1	ITGA7,ITGB1	False	True	False
LAMC1	ITGA7_ITGB1	False	False	True
LAMC1	ITGA9,ITGB1	False	True	False
LAMC1	ITGA9_ITGB1	False	False	True
LAMC1	ITGAV	True	False	False
LAMC1	ITGAV,ITGB8	False	True	False
LAMC1	ITGAV_ITGB8	False	False	True
LAMC1	ITGB1	True	False	False
LAMC1	ITGB1,ITGA1	False	True	False
LAMC1	ITGB4	True	False	False
LAMC1	SV2A	False	True	False
LAMC1	SV2B	False	True	False
LAMC1	SV2C	False	True	False
LAMC2	CD151	True	False	True
LAMC2	CD44	False	True	True
LAMC2	DAG1	False	True	True
LAMC2	ITGA2	True	False	False
LAMC2	ITGA2,ITGB1	False	True	False
LAMC2	ITGA2_ITGB1	False	False	True
LAMC2	ITGA3	True	False	False
LAMC2	ITGA3,ITGB1	False	True	False
LAMC2	ITGA3_ITGB1	False	False	True
LAMC2	ITGA6	True	False	False
LAMC2	ITGA6,ITGB1	False	True	False
LAMC2	ITGA6,ITGB4	False	True	False
LAMC2	ITGA6_ITGB1	False	False	True
LAMC2	ITGA6_ITGB4	False	False	True
LAMC2	ITGA7,ITGB1	False	True	False
LAMC2	ITGA7_ITGB1	False	False	True
LAMC2	ITGA9	True	False	False
LAMC2	ITGA9,ITGB1	False	True	False
LAMC2	ITGA9_ITGB1	False	False	True
LAMC2	ITGAV,ITGB8	False	True	False
LAMC2	ITGAV_ITGB8	False	False	True
LAMC2	ITGB1	True	False	False
LAMC2	ITGB1,ITGA1	False	True	False
LAMC2	ITGB4	True	False	False
LAMC2	SV2A	False	True	False
LAMC2	SV2B	False	True	False
LAMC2	SV2C	False	True	False
LAMC3	CD44	True	True	True
LAMC3	DAG1	True	True	True
LAMC3	ITGA1	True	False	False
LAMC3	ITGA2	True	False	False
LAMC3	ITGA2,ITGB1	False	True	False
LAMC3	ITGA2_ITGB1	False	False	True
LAMC3	ITGA3	True	False	False
LAMC3	ITGA3,ITGB1	False	True	False
LAMC3	ITGA3_ITGB1	False	False	True
LAMC3	ITGA6	True	False	False
LAMC3	ITGA6,ITGB1	False	True	False
LAMC3	ITGA6,ITGB4	False	True	False
LAMC3	ITGA6_ITGB1	False	False	True
LAMC3	ITGA6_ITGB4	False	False	True
LAMC3	ITGA7	True	False	False
LAMC3	ITGA7,ITGB1	False	True	False
LAMC3	ITGA7_ITGB1	False	False	True
LAMC3	ITGA9	True	False	False
LAMC3	ITGA9,ITGB1	False	True	False
LAMC3	ITGA9_ITGB1	False	False	True
LAMC3	ITGAV	True	False	False
LAMC3	ITGAV,ITGB8	False	True	False
LAMC3	ITGAV_ITGB8	False	False	True
LAMC3	ITGB1	True	False	False
LAMC3	ITGB1,ITGA1	False	True	False
LAMC3	ITGB4	True	False	False
LAMC3	ITGB8	True	False	False
LAMC3	SV2A	False	True	False
LAMC3	SV2B	False	True	False
LAMC3	SV2C	True	True	False
LAYN	GP5	True	False	False
LAYN	LY6G6F	True	False	False
LCK	CD8A_CD8B	False	False	True
LCK	CD8B,CD8A	False	True	False
LCN1	LMBR1L	True	False	True
LCN2	FCGR2A	True	False	False
LCN2	LRP2	True	False	True
LEAP2	GHSR	True	False	True
LEFTY1	ACVR1B	True	False	True
LEFTY1	ACVR2A	True	False	True
LEFTY1	ACVR2B	True	False	True
LEFTY2	ACVR1B	True	False	True
LEFTY2	ACVR2A	True	False	True
LEFTY2	ACVR2B	True	False	True
LEP	ISLR2	True	False	True
LEP	LEPR	True	True	True
LEP	LRP2	True	False	True
LFNG	NOTCH1	True	False	False
LFNG	NOTCH2	True	False	False
LGALS1	CD69	True	False	True
LGALS1	ITGB1	True	False	True
LGALS1	PTPRC	True	False	True
LGALS3	ANXA2	True	False	False
LGALS3	ENG	True	False	True
LGALS3	LAG3	True	False	True
LGALS3	MCAM	True	False	True
LGALS3	PTPRK	True	False	False
LGALS3BP	CD33	True	False	True
LGALS3BP	ITGB1	True	False	True
LGALS8	ITGA3	False	False	True
LGALS9	CD22,BCR,PTPRC	False	True	False
LGALS9	CD44	True	True	True
LGALS9	CD47	True	False	True
LGALS9	COLEC12	False	False	True
LGALS9	HAVCR2	True	True	True
LGALS9	LRP1	False	False	True
LGALS9	MET	False	False	True
LGALS9	MRC2	True	False	True
LGALS9	P4HB	False	True	False
LGALS9	PTPRC	True	True	True
LGALS9	PTPRK	False	False	True
LGALS9	SLC1A5	True	False	True
LGI1	ADAM22	False	False	True
LGI1	ADAM23	True	False	True
LGI1	RTN4R	True	False	True
LGI2	ADAM22	False	False	True
LGI2	ADAM23	True	False	True
LGI3	ADAM22	False	False	True
LGI3	ADAM23	True	False	True
LGI3	FLOT1	False	False	True
LGI3	STX1A	True	False	True
LGI4	ADAM22	False	False	True
LGI4	ADAM23	True	False	True
LHB	ADCYAP1R1	True	False	True
LHB	ADRB2	True	False	True
LHB	ADRB3	True	False	True
LHB	GPR20	True	False	True
LHB	GPR84	True	False	True
LHB	LHCGR	True	True	True
LHB	PTH1R	True	False	True
LHB	RAMP2	True	False	True
LHB	RAMP3	True	False	True
LHB	TSHR	True	False	True
LHB	VIPR1	True	False	True
LIF	IL6ST	True	False	False
LIF	IL6ST,LIFR	False	True	False
LIF	IL6ST_LIFR	False	False	True
LIF	LIFR	True	False	False
LILRA6	CD300E	True	False	False
LILRA6	LCTL	True	False	False
LILRA6	LY6G6F	True	False	False
LILRB2	CD33	True	False	False
LILRB2	FCAR	True	False	False
LILRB2	IFNGR1	True	False	False
LILRB2	LILRA3	True	False	False
LILRB2	SIGLEC10	True	False	False
LILRB2	SIGLEC14	True	False	False
LILRB2	SIGLEC15	True	False	False
LILRB2	SIGLEC9	True	False	False
LILRB4	CNTFR	True	False	False
LILRB4	LAIR1	True	False	True
LIN7A	SLC6A12	True	False	False
LIN7B	AQP1	True	False	False
LIN7B	KCNJ4	True	False	False
LIN7C	ABCA1	True	False	True
LIN7C	HTR2C	True	False	True
LIN7C	KCNJ4	True	False	True
LINGO4	NFASC	True	False	False
LIPA	RORA	False	True	False
LIPA	RORC	False	True	False
LIPC	LRP1	True	False	True
LIPH	LPAR1	True	False	True
LIPH	LPAR2	True	False	True
LIPH	LPAR4	True	False	True
LMAN1	MCFD2	False	False	True
LOC101059948	LHCGR	True	False	False
LPA	ITGAM	True	False	True
LPA	ITGB2	True	False	True
LPA	LPAR1	True	False	True
LPA	LPAR2	True	False	True
LPA	LPAR3	True	False	True
LPA	LPAR4	True	False	True
LPA	LRP2	True	False	True
LPA	TREM2	True	False	True
LPAR1	ADGRE5	False	True	False
LPAR2	ADGRE5	False	True	False
LPAR3	ADGRE5	False	True	False
LPL	CD44	False	False	True
LPL	GPIHBP1	True	False	True
LPL	LRP1	True	False	True
LPL	LRP2	True	False	True
LPL	SDC1	True	False	True
LPL	VLDLR	True	False	True
LRCH4	CADM3	True	False	False
LRFN1	PTPRS	True	False	False
LRFN3	FCRL1	True	False	False
LRFN4	PTPRD	True	True	False
LRFN4	PTPRF	False	True	False
LRFN4	PTPRS	True	True	False
LRFN5	PTPRD	True	True	False
LRFN5	PTPRF	True	True	False
LRFN5	PTPRS	True	True	False
LRFN5	TIE1	True	False	False
LRFN5	TNFRSF14	True	False	False
LRIG1	EGFR	True	False	True
LRIG1	ERBB2	True	False	False
LRIG1	ERBB3	True	False	False
LRIG1	ERBB4	True	False	False
LRIG1	MET	True	False	True
LRIG1	MOG	True	False	False
LRIG2	EGFR	True	False	True
LRIT1	FCRL1	True	False	False
LRIT1	SIGLEC6	True	False	False
LRIT2	PTPRD	True	False	False
LRIT2	SIGLEC10	True	False	False
LRP1B	PLAUR	True	False	True
LRPAP1	CD320	True	False	False
LRPAP1	LDLR	False	False	True
LRPAP1	LRP1	True	False	True
LRPAP1	LRP2	False	False	True
LRPAP1	LRP8	False	False	True
LRPAP1	SIRPA	True	False	False
LRPAP1	SORL1	False	False	True
LRPAP1	SORT1	False	False	True
LRPAP1	VLDLR	False	False	True
LRRC4	NETO2	True	False	False
LRRC4	NTNG2	True	True	False
LRRC4	PRSS55	True	False	False
LRRC4B	BTN3A1	True	False	False
LRRC4B	BTN3A2	True	False	False
LRRC4B	BTN3A3	True	False	False
LRRC4B	PTPRD	True	True	True
LRRC4B	PTPRF	True	True	True
LRRC4B	PTPRS	True	True	True
LRRC4B	UNC5D	True	False	False
LRRC4C	BTN3A1	True	False	False
LRRC4C	LDLR	True	False	False
LRRC4C	LRRTM4	True	False	False
LRRC4C	NTM	True	False	False
LRRC4C	NTNG1	True	True	False
LRRC4C	PTPRF	False	True	False
LRRC4C	SIGLEC15	True	False	False
LRRC4C	SIGLEC7	True	False	False
LRRC4C	SIGLEC8	True	False	False
LRRC4C	TMEM53	True	False	False
LRRC4C	UNC5A	True	False	False
LRRC52	CD300LB	True	False	False
LRRC52	TREM2	True	False	False
LRRN1	LRRC4	True	False	False
LRRN1	LRRC4C	True	False	False
LRRN1	UNC5A	True	False	False
LRRN2	TMEM123	True	False	False
LRRTM2	FGFR3	True	False	False
LRRTM2	FGFR4	True	False	False
LRRTM2	IGDCC4	True	False	False
LRRTM2	MOG	True	False	False
LRRTM2	OSCAR	True	False	False
LRRTM2	PRTG	True	False	False
LRRTM2	TREML2	True	False	False
LRRTM2	UNC5A	True	False	False
LRRTM3	MOG	True	False	False
LRRTM3	NGFR	True	False	False
LRTM2	IL6R	True	False	False
LSAMP	NEGR1	True	False	False
LSAMP	OPCML	True	False	False
LTA	LTBR	True	False	False
LTA	RIPK1	False	False	True
LTA	TNFRSF14	True	True	True
LTA	TNFRSF1A	True	True	True
LTA	TNFRSF1B	True	True	True
LTA4H	LTB4R	False	True	False
LTA4H	LTB4R2	False	True	False
LTA_LTB	LTBR	False	False	True
LTB	CD40	True	False	True
LTB	LTBR	True	False	False
LTB	TNFRSF1A	True	False	True
LTB,LTA	LTBR	False	True	False
LTBP1	ITGB5	True	False	True
LTBP3	ITGB5	True	False	True
LTF	AGER	True	False	True
LTF	BOC	True	False	True
LTF	BTN3A2	True	False	True
LTF	BTN3A3	True	False	False
LTF	IGDCC4	True	False	True
LTF	IL1RL1	True	False	True
LTF	LRP1	True	False	True
LTF	LRP11	True	False	True
LTF	TFRC	True	False	False
LTF	TNFRSF11B	True	False	True
LTF	TREML2	True	False	True
LUM	ITGB1	True	False	True
LVRN	VSIG8	True	False	False
LY6G5C	PGAP6	True	False	False
LY6G6F	CSF1R	True	False	False
LY6G6F	DDR1	True	False	False
LY6G6F	LAYN	True	False	False
LY6G6F	LILRA5	True	False	False
LY6G6F	LILRA6	True	False	False
LY6G6F	LILRB3	True	False	False
LY6G6F	ROBO3	True	False	False
LY86	CD180	True	False	True
LY9	TNFRSF17	True	False	False
LYPD3	AGR2	False	False	True
LYPD6	IL20RA	True	False	False
LYZ	ITGAL	True	False	False
MADCAM1	CD44	True	False	True
MADCAM1	ITGA4	True	False	False
MADCAM1	ITGA4,ITGB7	False	True	False
MADCAM1	ITGA4_ITGB7	False	False	True
MADCAM1	ITGB7	True	False	False
MADCAM1	SIGLEC7	True	False	False
MAG	MAG	True	True	False
MANSC1	GPR55	True	False	False
MATN1	ITGA1	True	False	True
MATN1	ITGB1	True	False	True
MBL2	C1QB	True	False	True
MBL2	CALCR	True	False	True
MBL2	CD93	True	False	True
MBL2	LRP1	True	False	True
MCAM	CD226	True	False	False
MCAM	CNTN1	True	False	False
MCAM	FGFR4	True	False	False
MCAM	TMEM132A	True	False	False
MDK	ALK	True	True	True
MDK	GPC2	False	False	True
MDK	ITGA4	True	False	False
MDK	ITGA4,ITGB1	False	True	False
MDK	ITGA4_ITGB1	False	False	True
MDK	ITGA6	True	False	False
MDK	ITGA6,ITGB1	False	True	False
MDK	ITGA6_ITGB1	False	False	True
MDK	ITGB1	True	False	False
MDK	LRP1	True	True	True
MDK	LRP2	True	False	True
MDK	NCL	False	True	True
MDK	NOTCH2	True	False	True
MDK	PTPRB	True	False	False
MDK	PTPRZ1	True	True	True
MDK	SDC1	True	True	True
MDK	SDC2	True	True	True
MDK	SDC3	True	False	True
MDK	SDC4	True	True	True
MDK	SORL1	False	False	True
MDK	TSPAN1	True	False	True
MEGF10	ABCA1	True	False	True
MELTF	TFRC	True	False	True
MEPE	PHEX	False	False	True
MFAP2	NOTCH1	True	False	True
MFAP3L	CEACAM1	True	False	False
MFAP3L	MPZL2	True	False	False
MFAP5	NOTCH1	True	False	True
MFGE8	ITGAV	True	False	True
MFGE8	ITGB3	True	False	True
MFGE8	ITGB5	True	False	True
MFGE8	PDGFRB	True	False	True
MFNG	NOTCH1	True	False	True
MFNG	NOTCH2	True	False	True
MIA	CDH7	True	False	True
MIA	ITGA4	True	False	True
MIA	ITGA4_ITGB1	False	False	True
MIA	ITGA5	True	False	True
MIA	ITGA5_ITGB1	False	False	True
MIA	ITGB1	True	False	False
MICA	HCST	True	False	False
MICA	HCST_KLRK1	False	False	True
MICA	KLRK1	True	False	False
MICA	KLRK1,HCST	False	True	False
MICA	PCDHAC1	True	False	False
MICB	HCST	True	False	False
MICB	HCST_KLRK1	False	False	True
MICB	KLRK1	True	False	False
MICB	KLRK1,HCST	False	True	False
MIF	ACKR3	True	True	True
MIF	CD44	True	False	False
MIF	CD44,CD74	False	True	False
MIF	CD44_CD74	False	False	True
MIF	CD74	True	False	False
MIF	CD74,CXCR4	False	True	False
MIF	CD74_CXCR2	False	False	True
MIF	CD74_CXCR4	False	False	True
MIF	CXCR2	True	False	False
MIF	CXCR2,CD74	False	True	False
MIF	CXCR4	True	False	False
MIF	EGFR	True	False	True
MIF	TNFRSF10D	False	False	True
MIF	TNFRSF14	False	False	True
MLN	MLNR	True	False	True
MMP1	CD44	True	False	True
MMP1	F2R	True	False	False
MMP1	ITGA2	True	False	True
MMP12	F12	True	False	False
MMP12	PLAUR	True	False	True
MMP13	F12	True	False	False
MMP13	LRP1	True	False	True
MMP14	ADAM9	True	False	False
MMP14	CD44	True	False	False
MMP14	DDR1	True	False	False
MMP14	F12	True	False	False
MMP14	MMP13	True	False	False
MMP14	MMP2	True	False	False
MMP14	SDC1	True	False	False
MMP15	DDR1	True	False	False
MMP16	DDR1	True	False	False
MMP16	MMP2	True	False	False
MMP2	CCR2	True	False	True
MMP2	DDR1	True	False	False
MMP2	EGFR	True	False	False
MMP2	F2R	True	False	False
MMP2	FGFR1	True	False	True
MMP2	ITGAV	True	False	False
MMP2	ITGAV,ITGB3,MMP14	False	True	False
MMP2	ITGB3	True	False	False
MMP2	LRP2	True	False	False
MMP2	PECAM1	True	False	True
MMP2	SDC2	True	False	False
MMP25	MMP2	True	False	False
MMP26	MMP9	True	False	False
MMP7	CD151	True	False	True
MMP7	CD44	True	False	True
MMP7	ERBB4	True	False	True
MMP7	ITGB4	True	False	False
MMP7	MMP1	True	False	False
MMP7	SDC1	True	False	True
MMP9	CD44	True	False	True
MMP9	DDR1	True	False	False
MMP9	EPHB2	True	False	True
MMP9	IFNAR1	True	False	True
MMP9	ITGAM	True	False	True
MMP9	ITGB2	True	False	False
MMP9	LRP1	True	False	True
MMP9	RECK	True	False	True
MMP9	TLR9	True	False	True
MMRN2	CD248	True	False	True
MMRN2	CD93	True	False	True
MMRN2	CLEC14A	True	False	True
MPDZ	CLDN1	True	False	False
MPDZ	CLDN4	True	False	False
MPDZ	CLDN5	True	False	False
MPDZ	CLDN8	True	False	False
MPDZ	F11R	True	False	False
MPIG6B	AGER	True	False	False
MPIG6B	BOC	True	False	False
MPIG6B	IL1RL1	True	False	False
MPIG6B	OSCAR	True	False	False
MPIG6B	ROBO1	True	False	False
MPIG6B	TNFRSF21	True	False	False
MPIG6B	UNC5A	True	False	False
MPIG6B	UNC5D	True	False	False
MPZ	IL6R	True	False	False
MPZ	ISLR2	True	False	False
MPZ	KIR2DL5A	True	False	False
MPZ	LILRA5	True	False	False
MPZ	LILRA6	True	False	False
MPZ	LILRB3	True	False	False
MPZ	LILRB5	True	False	False
MPZ	MPZ	True	True	False
MPZ	MPZL1	False	True	True
MPZ	SIGLEC6	True	False	False
MPZL1	MPZL1	False	True	False
MPZL3	KIAA0319L	True	False	False
MPZL3	MPZL2	True	False	False
MRC1	PTPRC	False	False	True
MSMB	GPR55	True	False	False
MSMP	CCR2	True	False	True
MSN	SLC9A1	True	False	False
MST1	MST1R	True	False	True
MSTN	ACVR1B	True	False	False
MSTN	ACVR1B,ACVR2A	False	True	False
MSTN	ACVR1B,ACVR2B	False	True	False
MSTN	ACVR1B_ACVR2A	False	False	True
MSTN	ACVR1B_ACVR2B	False	False	True
MSTN	ACVR2A	True	False	False
MSTN	ACVR2A,TGFBR1	False	True	False
MSTN	ACVR2A_TGFBR1	False	False	True
MSTN	ACVR2B	True	False	False
MSTN	ACVR2B,TGFBR1	False	True	False
MSTN	ACVR2B_TGFBR1	False	False	True
MSTN	TGFBR1	True	False	False
MT-RNR2	FPR2	False	True	False
MT-RNR2	FPR3	False	True	False
MUC1	SIGLEC9	True	False	True
MUC4	ERBB2	True	False	False
MUC7	SELL	True	False	False
MXRA5	AGER	True	False	True
MXRA5	AXL	True	False	True
MXRA5	CD200	True	False	False
MXRA5	CD69	True	False	True
MXRA5	ILDR1	True	False	True
MXRA5	MAG	True	False	True
MXRA5	MFAP3L	True	False	True
MXRA5	MPIG6B	True	False	True
MXRA5	PILRA	True	False	True
MXRA5	PILRB	True	False	True
MXRA5	SCN2B	True	False	True
MXRA5	SIGLEC1	True	False	False
MXRA5	SIGLEC7	True	False	True
MXRA5	SIGLEC8	True	False	True
MXRA8	JAM3	True	False	False
MYEOV	TNFRSF11A	True	False	False
MYL9	CD69	False	False	True
MYOC	FZD1	True	False	True
MYOC	FZD10	True	False	True
MYOC	FZD3	True	False	True
MYOC	FZD4	True	False	True
MYOC	FZD7	True	False	True
NAALADL1	CD96	True	False	False
NAMPT	ADORA2A	True	False	True
NAMPT	INSR	True	False	True
NAMPT	ITGA5	True	False	False
NAMPT	ITGA5,ITGB1	False	True	False
NAMPT	ITGA5_ITGB1	False	False	True
NAMPT	ITGB1	True	False	False
NCAM1	CACNA1C	True	False	True
NCAM1	CLEC14A	True	False	False
NCAM1	CLEC2L	True	False	False
NCAM1	CNTN1	True	False	False
NCAM1	FGFR1	True	True	True
NCAM1	FGFR2	True	False	True
NCAM1	GFRA1	True	False	True
NCAM1	ISLR2	True	False	False
NCAM1	L1CAM	False	True	False
NCAM1	NCAM1	True	True	False
NCAM1	NCAM2	False	True	True
NCAM1	NPTN	True	False	False
NCAM1	PTPRA	False	False	True
NCAM1	PTPRS	True	False	False
NCAM1	PTPRZ1	True	False	True
NCAM1	ROBO1	True	False	True
NCAM1	ROBO3	True	False	True
NCAM2	L1CAM	False	True	False
NCAN	CDH2	True	False	True
NCAN	SDC3	True	False	True
NCR2	PRLR	True	False	False
NCR3LG1	NCR3	True	False	True
NDP	FZD4	True	False	True
NDP	LGR4	True	False	True
NDP	LRP5	True	False	False
NECTIN1	CADM3	True	True	False
NECTIN1	CD96	True	False	True
NECTIN1	FGFR1	True	False	False
NECTIN1	NECTIN1	True	False	False
NECTIN1	NECTIN3	True	False	False
NECTIN1	NECTIN4	True	True	True
NECTIN2	CD226	True	True	True
NECTIN2	CD96	True	False	True
NECTIN2	NECTIN2	True	False	False
NECTIN2	NECTIN3	True	False	False
NECTIN2	NECTIN4	True	False	False
NECTIN2	PVR	True	False	False
NECTIN2	PVRIG	True	False	False
NECTIN2	TIGIT	True	True	True
NECTIN3	CADM1	True	False	True
NECTIN3	CADM3	True	False	False
NECTIN3	GUCY2D	True	False	False
NECTIN3	NECTIN1	True	True	True
NECTIN3	NECTIN2	True	True	True
NECTIN3	PVR	True	True	True
NECTIN3	TIGIT	True	True	True
NECTIN4	GUCY2D	True	False	False
NECTIN4	NECTIN1	True	False	False
NECTIN4	NECTIN2	True	False	False
NECTIN4	PVR	True	False	False
NECTIN4	TIGIT	True	False	True
NEGR1	IGSF9B	True	False	False
NEGR1	KIR2DS3	True	False	False
NEGR1	NEGR1	True	True	False
NEGR1	NTM	True	False	False
NEGR1	OPCML	True	False	False
NEGR1	TNFRSF17	True	False	False
NELL2	ROBO3	True	False	True
NEO1	HJV	True	False	False
NEO1	RGMB	True	False	False
NETO2	FCRL1	True	False	False
NETO2	IL18R1	True	False	False
NETO2	LILRA1	True	False	False
NETO2	LILRA3	True	False	False
NETO2	LRRC4	True	False	False
NFASC	CNTN1	True	False	False
NFASC	CNTN1,CNTNAP1	False	True	False
NFASC	CNTN1_CNTNAP1	False	False	True
NFASC	CNTNAP1	True	False	False
NFASC	NRCAM	True	False	False
NFASC	NRP2	True	False	False
NGF	BEX3	False	False	True
NGF	ERBB2	False	False	True
NGF	KIDINS220	False	False	True
NGF	MAGED1	False	False	True
NGF	NGFR	True	True	True
NGF	NTRK1	True	True	True
NGF	SORCS2	False	False	True
NGF	SORCS3	False	False	True
NGF	SORT1	True	False	True
NGF	TRPV1	False	False	True
NID1	COL13A1	True	False	False
NID1	ITGA3	True	False	True
NID1	ITGAV	True	False	True
NID1	ITGB1	True	False	True
NID1	ITGB3	True	False	True
NID1	PTPRF	True	False	True
NID2	COL13A1	True	False	False
NLGN1	NRXN1	True	False	True
NLGN1	NRXN2	True	False	True
NLGN1	NRXN3	True	False	True
NLGN2	MDGA1	True	False	False
NLGN2	NRXN1	True	False	True
NLGN2	NRXN2	True	False	True
NLGN2	NRXN3	True	False	True
NLGN3	CD2	True	False	False
NLGN3	MDGA1	True	False	False
NLGN3	NRXN1	True	False	True
NLGN3	NRXN2	True	False	True
NLGN3	NRXN3	True	False	True
NLGN4X	MDGA1	True	False	False
NLGN4X	NRXN1	True	False	True
NLGN4X	NRXN2	True	False	False
NLGN4X	NRXN3	True	False	False
NLGN4Y	NRXN1	True	False	False
NLGN4Y	NRXN2	True	False	False
NLGN4Y	NRXN3	True	False	False
NMB	BRS3	True	False	True
NMB	GRPR	True	False	True
NMB	NMBR	True	True	True
NMS	ADRA2A	True	False	True
NMS	GRM7	True	False	True
NMS	MTNR1A	True	False	True
NMS	NMUR1	True	True	True
NMS	NMUR2	True	True	True
NMU	ADRA2A	False	False	True
NMU	GRM7	False	False	True
NMU	MTNR1A	False	False	True
NMU	NMUR1	True	True	True
NMU	NMUR2	True	True	True
NODAL	ACVR1B	True	False	False
NODAL	ACVR1B,ACVR2A,CFC1	False	True	False
NODAL	ACVR1B,ACVR2B,CFC1	False	True	False
NODAL	ACVR1B_ACVR2A	False	False	True
NODAL	ACVR1B_ACVR2A_CFC1	False	False	True
NODAL	ACVR1B_ACVR2B	False	False	True
NODAL	ACVR1B_ACVR2B_CFC1	False	False	True
NODAL	ACVR1B_ACVR2B_TDGF1	False	False	True
NODAL	ACVR1C	True	False	False
NODAL	ACVR1C,ACVR2A,CFC1	False	True	False
NODAL	ACVR1C,ACVR2B,CFC1	False	True	False
NODAL	ACVR1C_ACVR2A	False	False	True
NODAL	ACVR1C_ACVR2A_CFC1	False	False	True
NODAL	ACVR1C_ACVR2B	False	False	True
NODAL	ACVR2A	True	False	False
NODAL	ACVR2B	True	False	False
NODAL	CFC1	True	False	False
NODAL	TDGF1	True	False	False
NOG	BMPR1A	True	False	False
NOG	BMPR1B	True	False	False
NOG	BMPR2	True	False	False
NPB	ADRA2A	True	False	True
NPB	GRM7	True	False	True
NPB	MTNR1A	True	False	True
NPB	NPBWR1	True	True	True
NPB	NPBWR2	True	False	True
NPFF	MAS1	True	False	False
NPFF	NPFFR1	True	True	True
NPFF	NPFFR2	True	True	True
NPHS1	TRPC6	True	False	False
NPNT	ITGA8	True	False	False
NPNT	ITGB1	True	False	False
NPPA	NPR1	True	True	True
NPPA	NPR2	True	False	True
NPPA	NPR3	True	False	True
NPPB	DPP4	True	False	True
NPPB	FAP	True	False	True
NPPB	NPR1	True	True	True
NPPB	NPR2	True	False	True
NPPB	NPR3	True	False	True
NPPC	NPR1	True	False	True
NPPC	NPR2	True	True	True
NPPC	NPR3	True	False	True
NPS	ADCYAP1R1	True	False	True
NPS	ADRB2	True	False	True
NPS	ADRB3	True	False	True
NPS	GPR20	True	False	True
NPS	GPR84	True	False	True
NPS	NPSR1	True	True	True
NPS	PTH1R	True	False	True
NPS	RAMP2	True	False	True
NPS	RAMP3	True	False	True
NPS	TSHR	True	False	True
NPS	VIPR1	True	False	True
NPTX1	NPTXR	False	False	True
NPTX2	NPTXR	True	False	True
NPVF	NPFFR1	True	True	True
NPVF	NPFFR2	True	True	True
NPW	ADRA2A	True	False	True
NPW	GRM7	True	False	True
NPW	MTNR1A	True	False	True
NPW	NPBWR1	True	True	True
NPW	NPBWR2	True	False	True
NPY	ADRA2A	False	False	True
NPY	ADRB1	False	False	True
NPY	ADRB2	False	False	True
NPY	DPP4	False	False	True
NPY	FAP	True	False	True
NPY	GPR83	False	True	True
NPY	GRM7	False	False	True
NPY	MC4R	True	False	True
NPY	MTNR1A	False	False	True
NPY	NPFFR2	True	False	True
NPY	NPY1R	True	True	True
NPY	NPY2R	True	True	True
NPY	NPY4R	True	True	True
NPY	NPY4R2	True	False	False
NPY	NPY5R	True	True	True
NPY	NPY6R	False	True	True
NPY	PRLHR	True	False	True
NR0B2	FGFRL1	False	False	True
NRG1	ADGRL1	False	False	True
NRG1	EGFR	True	False	True
NRG1	ERBB2	True	False	False
NRG1	ERBB2,ERBB4	False	True	False
NRG1	ERBB2_ERBB3	False	False	True
NRG1	ERBB2_ERBB4	False	False	True
NRG1	ERBB3	True	True	False
NRG1	ERBB3,ERBB2	False	True	False
NRG1	ERBB4	True	True	False
NRG1	FCAMR	False	False	True
NRG1	GPC1	False	False	True
NRG1	HLA-DPB1	False	False	True
NRG1	ITGA6,ITGB4	False	True	False
NRG1	ITGAV	True	False	False
NRG1	ITGAV,ITGB3	False	True	False
NRG1	ITGAV_ITGB3	False	False	True
NRG1	ITGB3	True	False	False
NRG1	LGR4	False	False	True
NRG1	LSR	False	False	True
NRG1	MS4A4A	False	False	True
NRG1	NETO2	False	False	True
NRG1	SIGLEC7	False	False	True
NRG2	ERBB2	True	False	False
NRG2	ERBB2,ERBB4	False	True	False
NRG2	ERBB2_ERBB3	False	False	True
NRG2	ERBB2_ERBB4	False	False	True
NRG2	ERBB3	True	True	False
NRG2	ERBB3,ERBB2	False	True	False
NRG2	ERBB4	True	True	False
NRG2	LRRTM2	True	False	True
NRG2	MOG	True	False	True
NRG2	MPIG6B	True	False	True
NRG2	NRP2	True	False	True
NRG3	EGFR	True	False	True
NRG3	ERBB2	True	False	False
NRG3	ERBB2,ERBB4	False	True	False
NRG3	ERBB2_ERBB4	False	False	True
NRG3	ERBB3	True	False	True
NRG3	ERBB4	True	True	False
NRG4	EGFR	True	False	True
NRG4	ERBB2	True	False	False
NRG4	ERBB2,ERBB4	False	True	False
NRG4	ERBB2_ERBB4	False	False	True
NRG4	ERBB4	True	True	False
NRP1	FLT1	True	False	False
NRP1	KDR	True	False	False
NRP1	PDGFRA	True	False	False
NRP1	PDGFRB	True	False	False
NRP1	PLXNA1	True	False	False
NRP1	TNFRSF11B	True	False	False
NRTN	GFRA1	True	False	False
NRTN	GFRA1_RET	False	False	True
NRTN	GFRA2	True	False	False
NRTN	GFRA2,RET	False	True	False
NRTN	GFRA2_RET	False	False	True
NRTN	GFRA3	True	False	True
NRTN	RET	True	False	False
NRXN1	ADGRL1	False	True	False
NRXN1	CLSTN1	False	True	False
NRXN1	CLSTN2	False	True	False
NRXN1	CLSTN3	False	True	False
NRXN1	DAG1	True	True	False
NRXN1	LRRTM1	False	True	False
NRXN1	LRRTM2	False	True	False
NRXN1	LRRTM3	False	True	False
NRXN1	LRRTM4	False	True	False
NRXN1	NLGN1	True	True	True
NRXN1	NLGN2	True	True	True
NRXN1	NLGN3	True	True	True
NRXN1	VSTM2B	True	False	False
NRXN1,CBLN1	GRID2	False	True	False
NRXN2	ADGRL1	False	True	False
NRXN2	CLSTN1	False	True	False
NRXN2	CLSTN2	False	True	False
NRXN2	CLSTN3	False	True	False
NRXN2	DAG1	True	True	False
NRXN2	FGFR4	True	False	False
NRXN2	FGFRL1	True	False	False
NRXN2	IGSF21	True	False	False
NRXN2	LRRTM1	False	True	False
NRXN2	LRRTM2	False	True	False
NRXN2	LRRTM3	False	True	False
NRXN2	LRRTM4	False	True	False
NRXN2	NLGN1	False	True	True
NRXN2	NLGN2	True	True	True
NRXN2	NLGN3	True	True	True
NRXN2	SIGLEC8	True	False	False
NRXN2	TNFRSF11B	True	False	False
NRXN2	VSTM2B	True	False	False
NRXN3	ADGRL1	False	True	False
NRXN3	CLSTN1	False	True	False
NRXN3	CLSTN2	False	True	False
NRXN3	CLSTN3	False	True	False
NRXN3	DAG1	True	False	False
NRXN3	FGFR4	True	False	False
NRXN3	FGFRL1	True	False	False
NRXN3	LRRTM1	False	True	False
NRXN3	LRRTM2	False	True	False
NRXN3	LRRTM3	False	True	False
NRXN3	LRRTM4	False	True	False
NRXN3	NLGN1	False	True	True
NRXN3	NLGN2	True	True	True
NRXN3	NLGN3	True	True	True
NRXN3	NLGN4Y	True	False	False
NRXN3	TNFRSF11B	True	False	False
NT5E	FCRL1	True	False	False
NT5E,SLC29A1	ADORA1	False	True	False
NT5E,SLC29A1	ADORA2A	False	True	False
NT5E,SLC29A1	ADORA2B	False	True	False
NT5E,SLC29A1	ADORA3	False	True	False
NT5E,SLC29A2	ADORA1	False	True	False
NT5E,SLC29A2	ADORA2A	False	True	False
NT5E,SLC29A2	ADORA2B	False	True	False
NT5E,SLC29A2	ADORA3	False	True	False
NT5E,SLC29A3	ADORA1	False	True	False
NT5E,SLC29A3	ADORA2A	False	True	False
NT5E,SLC29A3	ADORA2B	False	True	False
NT5E,SLC29A3	ADORA3	False	True	False
NTF3	NGFR	True	True	True
NTF3	NTRK1	True	True	True
NTF3	NTRK2	True	True	True
NTF3	NTRK3	True	True	True
NTF4	BEX3	False	False	True
NTF4	NGFR	True	True	True
NTF4	NTRK1	True	False	True
NTF4	NTRK2	True	True	True
NTF4	NTRK3	True	False	False
NTM	AMIGO2	True	False	False
NTM	CD79B	True	False	False
NTM	LRRC4C	True	False	False
NTM	LRRN3	True	False	False
NTM	NEGR1	True	False	False
NTM	OPCML	True	False	False
NTM	STAB1	True	False	False
NTM	THSD7A	True	False	False
NTM	TNFRSF17	True	False	False
NTM	VSIG8	True	False	False
NTN1	ADORA2B	True	False	True
NTN1	DCC	True	True	True
NTN1	DSCAM	False	True	True
NTN1	MCAM	False	False	True
NTN1	NEO1	True	False	True
NTN1	UNC5A	True	True	True
NTN1	UNC5B	True	True	True
NTN1	UNC5C	True	True	True
NTN1	UNC5D	True	False	True
NTN3	CDON	True	False	True
NTN3	NEO1	True	False	True
NTN4	DCC	True	False	True
NTN4	NTRK2	False	True	False
NTN4	UNC5A	True	False	True
NTN4	UNC5B	False	True	False
NTN4	UNC5D	False	True	False
NTNG1	CD300C	True	False	False
NTNG1	LRRC4C	True	False	True
NTNG1	SIGLEC8	True	False	False
NTNG2	LRRC4	True	False	True
NTNG2	LRRC4C	True	False	True
NTRK3	PTPRD	False	False	True
NTRK3	PTPRF	False	False	True
NTRK3	PTPRS	False	False	True
NTS	NGFR	False	False	True
NTS	NTSR1	True	True	True
NTS	NTSR2	True	True	True
NTS	SORT1	True	True	True
NUCB2	ERAP1	True	False	True
NXPH1	NRXN1	True	False	True
NXPH1	NRXN2	True	False	True
NXPH1	NRXN3	True	False	True
NXPH2	NRXN1	True	False	True
NXPH3	NRXN1	True	False	True
NXPH3	NRXN2	True	False	True
NXPH3	NRXN3	True	False	True
NYX	TRPM1	True	False	False
OBP2A	OR1G1	True	False	True
OCLN	CLDN2	True	False	False
OCLN	OCLN	True	True	False
OCLN	TGFBR1	True	False	False
OCLN	TGFBR2	True	False	False
OGN	HLA-DRB1	True	False	False
OLFM2	ROBO2	True	False	True
OMG	LINGO1	True	False	True
OMG	NGFR	True	False	True
OMG	RTN4R	True	False	True
OMG	RTN4RL1	False	False	True
OMG	TNFRSF1B	True	False	True
OPCML	NEGR1	True	False	False
OPCML	NTM	True	False	False
OPCML	OPCML	True	False	False
ORM1	CCR5	True	False	True
OSM	IL6ST	True	False	False
OSM	IL6ST,LIFR	False	True	False
OSM	IL6ST,OSMR	False	True	False
OSM	IL6ST_LIFR	False	False	True
OSM	IL6ST_OSMR	False	False	True
OSM	LIFR	True	False	False
OSM	OSMR	True	False	False
OSTN	NPR3	True	True	True
OXT	AVPR1A	True	False	True
OXT	AVPR1B	True	False	True
OXT	AVPR2	True	False	True
OXT	OXTR	True	True	True
P4HB	MTTP	False	False	True
PAEP	PTPRC	True	False	False
PAM	DPP4	True	False	True
PAM	FAP	True	False	True
PAM	FXYD1	True	False	False
PAPLN	CD200	True	False	False
PAPLN	NECTIN4	True	False	False
PAPLN	SIRPA	True	False	False
PATJ	CLDN1	True	False	False
PCDH15	TMC1	True	False	False
PCDH15	TMC2	True	False	False
PCDHA1	ITGB1	True	False	False
PCDHA1	PCDHA1	False	True	False
PCDHA10	ITGB1	True	False	False
PCDHA10	PCDHA10	False	True	False
PCDHA10	PCDHGA1	True	False	False
PCDHA10	PCDHGA10	True	False	False
PCDHA10	PCDHGA11	True	False	False
PCDHA10	PCDHGA12	True	False	False
PCDHA10	PCDHGA2	True	False	False
PCDHA10	PCDHGA3	True	False	False
PCDHA10	PCDHGA4	True	False	False
PCDHA10	PCDHGA5	True	False	False
PCDHA10	PCDHGA6	True	False	False
PCDHA10	PCDHGA7	True	False	False
PCDHA10	PCDHGA8	True	False	False
PCDHA10	PCDHGA9	True	False	False
PCDHA10	PCDHGB1	True	False	False
PCDHA10	PCDHGB2	True	False	False
PCDHA10	PCDHGB3	True	False	False
PCDHA10	PCDHGB4	True	False	False
PCDHA10	PCDHGB5	True	False	False
PCDHA10	PCDHGB6	True	False	False
PCDHA10	PCDHGB7	True	False	False
PCDHA10	PCDHGC3	True	False	False
PCDHA10	PCDHGC4	True	False	False
PCDHA10	PCDHGC5	True	False	False
PCDHA11	ITGB1	True	False	False
PCDHA11	PCDHA11	False	True	False
PCDHA12	ITGB1	True	False	False
PCDHA12	PCDHA12	False	True	False
PCDHA13	ITGB1	True	False	False
PCDHA13	PCDHA13	False	True	False
PCDHA2	ITGB1	True	False	False
PCDHA2	PCDHA2	False	True	False
PCDHA2	PCDHGA1	True	False	False
PCDHA2	PCDHGA10	True	False	False
PCDHA2	PCDHGA11	True	False	False
PCDHA2	PCDHGA12	True	False	False
PCDHA2	PCDHGA2	True	False	False
PCDHA2	PCDHGA3	True	False	False
PCDHA2	PCDHGA4	True	False	False
PCDHA2	PCDHGA5	True	False	False
PCDHA2	PCDHGA6	True	False	False
PCDHA2	PCDHGA7	True	False	False
PCDHA2	PCDHGA8	True	False	False
PCDHA2	PCDHGA9	True	False	False
PCDHA2	PCDHGB1	True	False	False
PCDHA2	PCDHGB2	True	False	False
PCDHA2	PCDHGB3	True	False	False
PCDHA2	PCDHGB4	True	False	False
PCDHA2	PCDHGB5	True	False	False
PCDHA2	PCDHGB6	True	False	False
PCDHA2	PCDHGB7	True	False	False
PCDHA2	PCDHGC3	True	False	False
PCDHA2	PCDHGC4	True	False	False
PCDHA2	PCDHGC5	True	False	False
PCDHA3	ITGB1	True	False	False
PCDHA3	PCDHA3	False	True	False
PCDHA4	ITGB1	True	False	False
PCDHA4	PCDHA4	False	True	False
PCDHA5	ITGB1	True	False	False
PCDHA5	PCDHA5	False	True	False
PCDHA6	ITGB1	True	False	False
PCDHA6	PCDHA6	False	True	False
PCDHA7	ITGB1	True	False	False
PCDHA7	PCDHA7	False	True	False
PCDHA8	ITGB1	True	False	False
PCDHA8	PCDHA8	False	True	False
PCDHA9	ITGB1	True	False	False
PCDHA9	PCDHA9	False	True	False
PCDHAC1	PCDHAC1	False	True	False
PCDHAC2	PCDHAC2	False	True	False
PCDHB1	PCDHB1	False	True	False
PCDHB10	PCDHB10	False	True	False
PCDHB11	PCDHB11	False	True	False
PCDHB12	PCDHB12	False	True	False
PCDHB13	PCDHB13	False	True	False
PCDHB14	PCDHB14	False	True	False
PCDHB15	PCDHB15	False	True	False
PCDHB16	PCDHB16	False	True	False
PCDHB2	PCDHB2	False	True	False
PCDHB3	IGSF11	True	False	False
PCDHB3	PCDHB3	False	True	False
PCDHB4	PCDHB4	False	True	False
PCDHB5	PCDHB5	False	True	False
PCDHB6	PCDHB6	False	True	False
PCDHB7	PCDHB7	False	True	False
PCDHB8	PCDHB8	False	True	False
PCDHB9	PCDHB9	False	True	False
PCDHGA1	PCDHGA1	False	True	False
PCDHGA10	PCDHGA10	False	True	False
PCDHGA11	PCDHGA11	False	True	False
PCDHGA12	PCDHGA12	False	True	False
PCDHGA2	PCDHGA2	False	True	False
PCDHGA3	PCDHGA3	False	True	False
PCDHGA4	PCDHGA4	False	True	False
PCDHGA5	PCDHGA5	False	True	False
PCDHGA6	PCDHGA6	False	True	False
PCDHGA7	PCDHGA7	False	True	False
PCDHGA8	PCDHGA8	False	True	False
PCDHGA9	PCDHGA9	False	True	False
PCDHGB1	PCDHGB1	False	True	False
PCDHGB2	PCDHGB2	False	True	False
PCDHGB3	PCDHGB3	False	True	False
PCDHGB4	PCDHGB4	False	True	False
PCDHGB5	PCDHGB5	False	True	False
PCDHGB6	IL4R	True	False	False
PCDHGB6	PCDHGB6	False	True	False
PCDHGB6	PLXDC1	True	False	False
PCDHGB7	PCDHGB7	False	True	False
PCDHGC3	PCDHGC3	False	True	False
PCDHGC4	PCDHGC4	False	True	False
PCDHGC5	PCDHGC5	False	True	False
PCNA	NCR2	False	False	True
PCSK1N	GPR171	False	False	True
PCSK9	APLP2	True	False	True
PCSK9	CD36	True	False	True
PCSK9	CD81	True	False	True
PCSK9	LDLR	True	False	True
PCSK9	LRP1	True	False	True
PCSK9	LRP8	True	False	True
PCSK9	SORT1	True	False	True
PCSK9	VLDLR	True	False	True
PDAP1	PDGFRB	False	False	True
PDCD1LG2	CEACAM4	True	False	False
PDCD1LG2	PDCD1	True	True	True
PDCD1LG2	PDCD2	False	False	True
PDCD1LG2	RGMB	True	False	True
PDCD1LG2	TNFRSF11A	True	False	False
PDGFA	FURIN	True	False	False
PDGFA	PDGFRA	True	True	True
PDGFA	PDGFRB	True	True	True
PDGFB	ADGRV1	False	False	True
PDGFB	ART1	False	False	True
PDGFB	ITGAV	False	False	True
PDGFB	LRP1	True	False	True
PDGFB	PDGFRA	True	True	False
PDGFB	PDGFRA_PDGFRB	False	False	True
PDGFB	PDGFRB	True	True	False
PDGFB	S1PR1	False	False	True
PDGFC	FLT1	True	False	True
PDGFC	FLT4	True	False	True
PDGFC	KDR	True	False	True
PDGFC	PDGFRA	True	True	True
PDGFC	PDGFRB	True	False	True
PDGFD	PDGFRA	True	False	False
PDGFD	PDGFRA_PDGFRB	False	False	True
PDGFD	PDGFRB	True	True	False
PDPN	CLEC1B	True	False	True
PDX1	SLC2A2	False	False	True
PDYN	ADRA2A	False	False	True
PDYN	GRM7	False	False	True
PDYN	MTNR1A	False	False	True
PDYN	OPRD1	True	True	True
PDYN	OPRK1	True	True	True
PDYN	OPRL1	False	True	True
PDYN	OPRM1	True	True	True
PECAM1	CD177	False	True	False
PECAM1	CD38	True	True	False
PECAM1	ITGAV	True	False	False
PECAM1	ITGB3	True	False	False
PECAM1	PECAM1	True	True	False
PENK	ADRA2A	True	False	True
PENK	GRM7	True	False	True
PENK	MRGPRX1	True	False	True
PENK	MRGPRX3	True	False	False
PENK	MRGPRX4	True	False	False
PENK	MTNR1A	True	False	True
PENK	OGFR	True	False	True
PENK	OPRD1	True	True	True
PENK	OPRK1	True	True	True
PENK	OPRL1	True	True	True
PENK	OPRM1	True	True	True
PF4	ACKR1	True	False	True
PF4	ADRA2A	False	False	True
PF4	CXCR3	True	True	True
PF4	FGFR2	True	False	True
PF4	GRM7	False	False	True
PF4	LDLR	True	False	True
PF4	LRP1	False	False	True
PF4	MTNR1A	False	False	True
PF4	PROCR	True	False	True
PF4	SDC2	True	False	True
PF4	THBD	True	False	True
PF4V1	CXCR3	True	True	True
PGF	FLT1	True	True	False
PGF	FLT1_KDR	False	False	True
PGF	KDR	True	False	False
PGF	NRP1	True	False	True
PGF	NRP2	True	False	True
PGLYRP1	TREM1	True	False	True
PI16	MFAP3L	True	False	True
PI16	TNFRSF21	True	False	True
PI3	PLD2	False	False	True
PIGA	PIGR	True	False	True
PIGF	FLT1	False	False	True
PIP	AQP5	True	False	True
PIP	CD4	True	False	True
PIP	NPTN	True	False	True
PKM	CD44	False	False	True
PLA2G10	PLA2R1	True	False	True
PLA2G2A	EGFR	True	False	True
PLA2G2A	ERBB3	True	False	True
PLA2G2A	ITGA4	True	False	True
PLA2G2A	ITGA5	True	False	True
PLA2G2A	ITGAV	True	False	True
PLA2G2A	ITGB1	True	False	True
PLA2G2A	ITGB3	True	False	True
PLAT	ITGAM	True	False	True
PLAT	ITGB2	True	False	False
PLAT	LRP1	True	False	True
PLAU	IGF2R	True	False	True
PLAU	ITGA3	False	False	True
PLAU	ITGA5	False	False	True
PLAU	ITGAM	False	False	True
PLAU	ITGB1	False	False	True
PLAU	ITGB5	False	False	True
PLAU	LRP1	True	False	True
PLAU	LRP2	True	False	True
PLAU	PLAUR	True	True	True
PLAU	ST14	True	False	True
PLAU	VLDLR	False	False	True
PLB1	IGDCC4	True	False	False
PLEKHO2	PDGFRB	True	False	False
PLG	F2R	True	True	True
PLG	F2RL1	True	True	True
PLG	F2RL2	False	True	True
PLG	F2RL3	False	True	True
PLG	F3	True	False	True
PLG	FLT1	False	False	True
PLG	IGF2R	False	False	True
PLG	ITGA9	True	False	True
PLG	ITGAM	False	False	True
PLG	ITGB1	True	False	True
PLG	ITGB2	False	False	True
PLG	PARD3	False	True	True
PLG	PLAT	True	False	False
PLG	PLAU	True	False	False
PLG	PLAUR	False	False	True
PLG	PLGRKT	True	False	True
PLTP	ABCA1	True	False	True
PLTP	APOA1	True	False	False
PLXNA1	NOTCH1	True	False	False
PLXNA1	TREM2	True	False	False
PLXNA1	TYROBP	True	False	False
PLXNA2	SEMA6A	True	False	False
PMCH	ADRA2A	False	False	True
PMCH	GRM7	False	False	True
PMCH	MCHR1	True	True	True
PMCH	MCHR2	True	False	True
PMCH	MERTK	True	True	True
PMCH	MTNR1A	False	False	True
PNOC	ADRA2A	False	False	True
PNOC	GRM7	False	False	True
PNOC	MTNR1A	False	False	True
PNOC	OPRL1	True	True	True
PODXL	SELL	True	False	True
PODXL2	SELL	True	False	True
POMC	ADCYAP1R1	False	False	True
POMC	ADRA2A	False	False	True
POMC	ADRB2	False	False	True
POMC	ADRB3	False	False	True
POMC	GPR20	False	False	True
POMC	GPR84	False	False	True
POMC	GRM7	False	False	True
POMC	MC1R	True	True	True
POMC	MC2R	True	True	True
POMC	MC3R	True	True	True
POMC	MC4R	True	True	True
POMC	MC5R	True	True	True
POMC	MRAP	False	False	True
POMC	MTNR1A	False	False	True
POMC	OPRD1	True	True	True
POMC	OPRK1	True	True	True
POMC	OPRL1	False	True	True
POMC	OPRM1	True	True	True
POMC	PTH1R	False	False	True
POMC	RAMP2	False	False	True
POMC	RAMP3	False	False	True
POMC	TSHR	False	False	True
POMC	VIPR1	False	False	True
POMZP3	MERTK	True	False	False
POSTN	ITGAV	True	False	False
POSTN	ITGAV,ITGB3	False	True	False
POSTN	ITGAV,ITGB5	False	True	False
POSTN	ITGAV_ITGB3	False	False	True
POSTN	ITGAV_ITGB5	False	False	True
POSTN	ITGB3	True	False	False
POSTN	ITGB5	True	False	False
POSTN	PTK7	True	False	True
PPBP	ACKR1	True	False	True
PPBP	ADRA2A	True	False	True
PPBP	CXCR1	True	False	True
PPBP	CXCR2	True	True	True
PPBP	GRM7	True	False	True
PPBP	MTNR1A	True	False	True
PPBP	OPRD1	True	False	False
PPBP	OPRM1	True	False	False
PPIA	BSG	False	True	False
PPY	ADRA2A	True	False	True
PPY	GPR83	False	True	True
PPY	GRM7	True	False	True
PPY	MTNR1A	True	False	True
PPY	NPFFR1	True	False	False
PPY	NPFFR2	True	False	False
PPY	NPY1R	True	True	True
PPY	NPY2R	True	True	True
PPY	NPY4R	True	True	True
PPY	NPY4R2	True	False	False
PPY	NPY5R	True	True	True
PPY	NPY6R	False	True	True
PRG4	CD44	True	False	True
PRG4	TLR2	True	False	True
PRG4	TLR4	True	False	True
PRL	ERBB2	True	False	True
PRL	PRLR	True	True	True
PRLH	PRLHR	True	True	True
PRND	RPSA	True	False	True
PRND	RPSAP58	True	False	False
PRNP	ADGRG6	False	True	False
PRNP	NCAM1	True	False	False
PRNP	TNFRSF25	True	False	False
PROC	F5	True	False	False
PROC	F7	True	False	False
PROC	F8	True	False	False
PROC	ITGAM	True	False	True
PROC	ITGB2	True	False	False
PROC	PROCR	True	True	True
PROC	PROCR,F2R	False	True	False
PROC	PROCR,HSP90AA1	False	True	False
PROC	TEK	True	False	True
PROC	THBD	True	False	True
PROK1	PROKR1	True	True	True
PROK1	PROKR2	True	True	True
PROK2	PROKR1	True	True	True
PROK2	PROKR2	True	True	True
PROS1	AXL	True	True	True
PROS1	F5	True	False	False
PROS1	F8	True	False	False
PROS1	MERTK	True	True	True
PROS1	PROC	True	False	False
PROS1	TYRO3	True	True	True
PRRG4	CADM4	True	False	False
PRSS1	F2R	True	True	True
PRSS1	F2RL1	True	True	True
PRSS1	F2RL2	True	True	True
PRSS1	F2RL3	True	True	True
PRSS1	PARD3	False	True	True
PRSS2	F2R	True	True	True
PRSS2	F2RL1	True	True	True
PRSS2	F2RL2	True	True	True
PRSS2	F2RL3	True	True	True
PRSS2	PARD3	False	True	True
PRSS3	F2R	True	True	True
PRSS3	F2RL1	True	True	True
PRSS3	F2RL2	True	True	True
PRSS3	F2RL3	True	True	True
PRSS3	PARD3	False	True	True
PRSS55	LRRC4	True	False	False
PRXL2B	PTGFR	False	True	False
PSAP	AR	False	False	True
PSAP	CD1B	True	False	True
PSAP	CELSR1	True	False	True
PSAP	GPR37	True	True	True
PSAP	GPR37L1	True	True	True
PSAP	LRP1	True	False	True
PSAP	SORT1	True	False	True
PSEN1	CD44	False	False	True
PSEN1	CDH1	True	False	False
PSEN1	NCSTN	True	False	True
PSEN1	NOTCH1	True	False	True
PSEN1	NOTCH2	True	False	True
PSEN1	NOTCH3	True	False	True
PSEN1	NOTCH4	True	False	True
PSEN1	PSEN1	True	False	False
PSG4	DSCAM	True	False	True
PSG4	TNFSF8	False	False	True
PSG5	PDGFRA	True	False	True
PSG5	TNFRSF12A	True	False	True
PSG6	DSCAM	True	False	True
PSG7	CLEC4A	True	False	True
PSG7	DCC	True	False	True
PSG7	DSCAM	True	False	True
PSG7	FGFR4	True	False	False
PSG9	AXL	True	False	True
PSG9	DCC	True	False	True
PSG9	DSCAM	True	False	True
PSG9	FGFR4	True	False	False
PSPN	GFRA1	True	False	True
PSPN	GFRA2	True	False	True
PSPN	GFRA3	True	False	True
PSPN	GFRA4	True	False	False
PSPN	GFRA4,RET	False	True	False
PSPN	GFRA4_RET	False	False	True
PSPN	RET	True	False	False
PSPN	SDC3	True	False	True
PTDSS1	JMJD6	True	False	True
PTDSS1	SCARB1	True	False	True
PTGDS	PTGDR	False	True	False
PTGDS	PTGDR2	False	True	False
PTGES	PTGER1	False	True	False
PTGES	PTGER2	False	True	False
PTGES	PTGER3	False	True	False
PTGES	PTGER4	False	True	False
PTGES2	PTGER1	False	True	False
PTGES2	PTGER2	False	True	False
PTGES2	PTGER3	False	True	False
PTGES2	PTGER4	False	True	False
PTGES3	PTGER1	False	True	False
PTGES3	PTGER2	False	True	False
PTGES3	PTGER3	False	True	False
PTGES3	PTGER4	False	True	False
PTGFRN	SGCG	True	False	False
PTGFRN	TMEM59L	True	False	False
PTGIS	PTGIR	False	True	False
PTGR1	LTB4R	False	True	False
PTGR1	LTB4R2	False	True	False
PTGS2	ALOX5	False	False	True
PTGS2	CAV1	False	False	True
PTGS2	PTGDR2	True	False	True
PTH	ADCYAP1R1	True	False	True
PTH	ADRB2	True	False	True
PTH	ADRB3	True	False	True
PTH	GPR20	True	False	True
PTH	GPR84	True	False	True
PTH	LRP6	True	False	True
PTH	PTH1R	True	True	True
PTH	PTH2R	True	True	True
PTH	RAMP2	True	False	True
PTH	RAMP3	True	False	True
PTH	TSHR	True	False	True
PTH	VIPR1	True	False	True
PTH2	ADCYAP1R1	True	False	True
PTH2	ADRB2	True	False	True
PTH2	ADRB3	True	False	True
PTH2	GPR20	True	False	True
PTH2	GPR84	True	False	True
PTH2	PTH1R	True	True	True
PTH2	PTH2R	True	True	True
PTH2	RAMP2	True	False	True
PTH2	RAMP3	True	False	True
PTH2	TSHR	True	False	True
PTH2	VIPR1	True	False	True
PTHLH	ADCYAP1R1	True	False	True
PTHLH	ADRB2	True	False	True
PTHLH	ADRB3	True	False	True
PTHLH	GPR20	True	False	True
PTHLH	GPR84	True	False	True
PTHLH	PRLHR	True	False	True
PTHLH	PTH1R	True	True	True
PTHLH	PTH2R	True	False	True
PTHLH	RAMP2	True	False	True
PTHLH	RAMP3	True	False	True
PTHLH	TSHR	True	False	True
PTHLH	VIPR1	True	False	True
PTN	ALK	True	True	True
PTN	CDH10	True	False	True
PTN	ITGAV	True	False	False
PTN	ITGAV,ITGB3	False	True	False
PTN	ITGAV_ITGB3	False	False	True
PTN	ITGB3	True	False	False
PTN	NCL	False	True	True
PTN	PLXNB2	True	False	True
PTN	PTPRB	True	False	True
PTN	PTPRS	True	False	True
PTN	PTPRZ1	True	True	True
PTN	SDC1	True	True	True
PTN	SDC2	True	True	True
PTN	SDC3	True	True	True
PTN	SDC4	True	True	True
PTPN11	FCRL4	False	False	True
PTPN6	CD300LF	False	False	True
PTPN6	CLEC12A	False	False	True
PTPN6	EGFR	False	False	True
PTPN6	FCRL4	False	False	True
PTPRC	CD22	True	True	False
PTPRC	CD247	True	False	False
PTPRC	CD4	True	False	False
PTPRC	DPP4	True	False	False
PTPRC	MRC1	True	True	False
PTPRK	EGFR	True	False	False
PTPRM	CDH1	True	False	False
PTPRM	PTPRM	True	True	False
PTPRM	SIGLEC10	True	False	False
PTPRS	LRRTM4	False	True	False
PTPRS	NTRK3	False	True	False
PTPRZ1	ALK	True	False	False
PTPRZ1	CNTN1	True	False	False
PTPRZ1	NCAM1	True	False	False
PTPRZ1	NTRK1	True	False	False
PVR	CD226	True	True	False
PVR	CD96	True	False	False
PVR	KIR2DL5A	True	False	False
PVR	NECTIN3	True	False	False
PVR	NECTIN4	True	False	False
PVR	PVRIG	True	False	False
PVR	TIGIT	True	True	False
PYY	ADRA2A	False	False	True
PYY	DPP4	True	False	True
PYY	FAP	True	False	True
PYY	GPR83	False	True	True
PYY	GRM7	False	False	True
PYY	MTNR1A	False	False	True
PYY	NPY1R	True	True	True
PYY	NPY2R	True	True	True
PYY	NPY4R	True	True	True
PYY	NPY4R2	True	False	False
PYY	NPY5R	True	True	True
PYY	NPY6R	False	True	True
PZP	MMP2	True	False	False
PZP	MMP9	True	False	False
QDPR	DYSF	False	False	True
QRFP	P2RY14	True	False	True
QRFP	QRFPR	True	True	True
RAET1E	HCST	True	False	False
RAET1E	HCST_KLRK1	False	False	True
RAET1E	KLRK1	True	True	False
RAET1E	KLRK1,HCST	False	True	False
RAET1G	HCST	True	False	False
RAET1G	HCST_KLRK1	False	False	True
RAET1G	KLRK1	True	True	False
RAET1L	HCST_KLRK1	False	False	True
RAET1L	KLRK1	False	True	False
RARRES1	NRP2	True	False	True
RARRES2	CCRL2	True	False	True
RARRES2	CMKLR1	True	True	True
RARRES2	CMKLR2	True	False	True
RARRES2	GPR1	True	True	False
RBP3	NOTCH1	True	False	True
RBP4	STRA6	True	True	True
RECK	MMP9	True	False	False
RECK	TIGIT	True	False	False
RELN	ITGA3	True	False	False
RELN	ITGA3,ITGB1	False	True	False
RELN	ITGA3_ITGB1	False	False	True
RELN	ITGB1	True	False	False
RELN	LRP8	True	True	True
RELN	VLDLR	True	True	True
REN	ATP6AP2	True	False	True
RET	GFRA1	True	False	False
RET	GFRA2	True	False	False
RET	GFRA3	True	False	False
RET	GFRA4	True	False	False
RETN	CAP1	False	True	True
RETN	GPR25	True	False	True
RETN	TLR4	True	True	True
RGMA	BMPR1B	True	False	True
RGMA	BMPR2	True	False	True
RGMA	HFE	False	False	True
RGMA	HJV	True	False	True
RGMA	NEO1	True	False	True
RGMA	TFR2	True	False	True
RGMB	BMPR1B	False	False	True
RGMB	BMPR2	False	False	True
RGMB	HJV	False	False	True
RGMB	NEO1	False	False	True
RIMS1	CACNA1C	False	False	True
RIMS1	SLC17A7	False	False	True
RIMS1	SLC18A2	False	False	True
RIMS1	SLC18A3	False	False	True
RIMS2	ABCA1	False	False	True
RLN1	RXFP1	True	True	True
RLN1	RXFP2	True	True	True
RLN1	RXFP3	False	True	True
RLN1	RXFP4	False	True	True
RLN2	ADCYAP1R1	False	False	True
RLN2	ADRB2	False	False	True
RLN2	ADRB3	False	False	True
RLN2	GPR20	False	False	True
RLN2	GPR84	False	False	True
RLN2	PTH1R	False	False	True
RLN2	RAMP2	False	False	True
RLN2	RAMP3	False	False	True
RLN2	RXFP1	True	False	True
RLN2	RXFP2	True	False	True
RLN2	RXFP3	True	False	True
RLN2	TSHR	False	False	True
RLN2	VIPR1	False	False	True
RLN3	ADCYAP1R1	False	False	True
RLN3	ADRA2A	False	False	True
RLN3	ADRB2	False	False	True
RLN3	ADRB3	False	False	True
RLN3	GPR20	False	False	True
RLN3	GPR84	False	False	True
RLN3	GRM7	False	False	True
RLN3	MTNR1A	False	False	True
RLN3	PTH1R	False	False	True
RLN3	RAMP2	False	False	True
RLN3	RAMP3	False	False	True
RLN3	RXFP1	True	True	True
RLN3	RXFP2	True	True	True
RLN3	RXFP3	True	True	True
RLN3	RXFP4	True	True	True
RLN3	TSHR	False	False	True
RLN3	VIPR1	False	False	True
RNASE2	TLR2	False	False	True
ROBO1	NCAM1	True	False	False
RPS19	C5AR1	True	False	True
RSPO1	FZD8	True	False	True
RSPO1	LGR4	True	False	True
RSPO1	LGR5	True	False	True
RSPO1	LGR6	True	False	True
RSPO1	LRP6	True	False	True
RSPO1	RNF43	True	False	True
RSPO1	ZNRF3	False	False	True
RSPO2	FZD4	True	False	False
RSPO2	LGR4	True	False	True
RSPO2	LGR5	True	False	True
RSPO2	LGR6	True	False	True
RSPO2	RNF43	True	False	True
RSPO2	SDC4	True	False	False
RSPO2	ZNRF3	False	False	True
RSPO3	FZD8	True	False	True
RSPO3	LGR4	True	False	True
RSPO3	LGR5	True	False	True
RSPO3	LGR6	True	False	True
RSPO3	LRP6	True	False	True
RSPO3	RNF43	True	False	True
RSPO3	SDC4	True	False	True
RSPO3	ZNRF3	False	False	True
RSPO4	LGR4	True	False	False
RSPO4	LGR4_LRP5	False	False	True
RSPO4	LGR4_LRP6	False	False	True
RSPO4	LGR5	True	False	False
RSPO4	LGR5_LRP5	False	False	True
RSPO4	LGR5_LRP6	False	False	True
RSPO4	LGR6	True	False	True
RSPO4	LRP5	True	False	False
RSPO4	LRP6	True	False	False
RSPO4	RNF43	True	False	True
RSPO4	ZNRF3	False	False	True
RTN4	CNTN1	True	False	False
RTN4	CNTNAP1	True	False	True
RTN4	GJB2	True	False	True
RTN4	LINGO1	True	False	True
RTN4	NGFR	True	False	True
RTN4	RTN4R	True	False	True
RTN4	RTN4RL1	False	False	True
RTN4	S1PR2	True	False	True
RTN4	TNFRSF19	True	False	True
RTN4R	ADGRB1	False	True	False
S100A1	AGER	False	False	True
S100A1	RYR1	False	False	True
S100A1	RYR2	False	False	True
S100A1	TLR4	False	False	True
S100A1	TRPM3	False	False	True
S100A10	CFTR	True	False	True
S100A10	HTR1B	True	False	True
S100A10	TRPV5	True	False	False
S100A10	TRPV6	True	False	True
S100A12	CD36	True	False	True
S100A12	TLR4	True	False	True
S100A4	CCR5	True	False	True
S100A4	EGFR	True	False	True
S100A4	ERBB2	True	False	True
S100A4	ERBB3	True	False	True
S100A8	AGER	True	False	True
S100A8	CD36	True	False	True
S100A8	CD68	True	False	True
S100A8	CD69	True	False	True
S100A8	ITGB2	True	False	True
S100A8	TLR4	True	False	True
S100A9	AGER	True	False	True
S100A9	ALCAM	True	False	False
S100A9	CD36	True	False	True
S100A9	CD68	True	False	True
S100A9	ITGB2	True	False	True
S100A9	TLR4	True	False	True
S100B	AGER	True	False	True
S100B	ALCAM	True	False	False
SAA1	ADRA2A	True	False	True
SAA1	CD36	True	False	True
SAA1	FPR1	True	False	True
SAA1	FPR2	True	True	True
SAA1	GRM7	True	False	True
SAA1	MTNR1A	True	False	True
SAA1	SCARB1	True	False	True
SAA1	TLR2	True	False	True
SARAF	DAG1	True	False	False
SCEL	ENG	False	False	True
SCGB1A1	LMBR1L	True	False	True
SCGB1A1	LRP2	True	False	True
SCGB3A1	MARCO	True	False	True
SCGB3A1	NOTCH3	True	False	True
SCGB3A2	MARCO	True	True	True
SCT	ADCYAP1R1	True	False	True
SCT	ADRB2	True	False	True
SCT	ADRB3	True	False	True
SCT	GPR20	True	False	True
SCT	GPR84	True	False	True
SCT	PTH1R	True	False	True
SCT	RAMP2	True	False	True
SCT	RAMP3	True	False	True
SCT	SCTR	True	True	True
SCT	TSHR	True	False	True
SCT	VIPR1	True	False	True
SCT	VIPR2	True	False	True
SCUBE2	KDR	True	False	True
SDC1	ADGRA2	False	True	False
SDC2	ADGRA2	False	True	False
SDC2	EZR	True	False	False
SDC2	PTPRJ	True	False	True
SDC4	ADAM12	True	False	False
SDK2	CADM4	True	False	False
SDK2	CLEC4A	True	False	False
SECTM1	CD7	True	False	True
SELE	CD44	True	True	True
SELE	CEACAM1	True	True	True
SELE	GLG1	True	True	True
SELE	SELPLG	True	False	False
SELL	CD34	False	True	False
SELL	GLYCAM1	False	True	False
SELL	MADCAM1	True	True	True
SELL	PODXL	True	True	True
SELL	SELPLG	True	False	False
SELL	UNC5D	True	False	False
SELP	SELPLG	True	False	False
SELPLG	ESAM	False	False	True
SELPLG	ITGAM	False	False	True
SELPLG	ITGB2	False	False	True
SELPLG	SELE	True	True	False
SELPLG	SELL	True	True	True
SELPLG	SELP	True	True	True
SELPLG	SIGLEC5	False	False	True
SEMA3A	NRP1	True	False	False
SEMA3A	NRP1,PLXNA1	False	True	False
SEMA3A	NRP1,PLXNA2	False	True	False
SEMA3A	NRP1_PLXNA1	False	False	True
SEMA3A	NRP1_PLXNA2	False	False	True
SEMA3A	NRP1_PLXNA3	False	False	True
SEMA3A	NRP1_PLXNA4	False	False	True
SEMA3A	NRP2	True	False	True
SEMA3A	PLXNA1	True	False	False
SEMA3A	PLXNA2	True	False	False
SEMA3A	PLXNA3	True	False	False
SEMA3A	PLXNA3,NRP1	False	True	False
SEMA3A	PLXNA4	True	False	False
SEMA3A	PLXNA4,NRP1	False	True	False
SEMA3B	NRP1	True	False	False
SEMA3B	NRP1,PLXNA1	False	True	False
SEMA3B	NRP1,PLXNA2	False	True	False
SEMA3B	NRP1_PLXNA1	False	False	True
SEMA3B	NRP1_PLXNA2	False	False	True
SEMA3B	NRP1_PLXNA3	False	False	True
SEMA3B	NRP1_PLXNA4	False	False	True
SEMA3B	NRP2	True	False	False
SEMA3B	NRP2,PLXNA2	False	True	False
SEMA3B	NRP2_PLXNA1	False	False	True
SEMA3B	NRP2_PLXNA2	False	False	True
SEMA3B	NRP2_PLXNA3	False	False	True
SEMA3B	NRP2_PLXNA4	False	False	True
SEMA3B	PLXNA1	True	False	False
SEMA3B	PLXNA1,NRP2	False	True	False
SEMA3B	PLXNA2	True	False	False
SEMA3B	PLXNA3	True	False	False
SEMA3B	PLXNA3,NRP1	False	True	False
SEMA3B	PLXNA3,NRP2	False	True	False
SEMA3B	PLXNA4	True	False	False
SEMA3B	PLXNA4,NRP1	False	True	False
SEMA3B	PLXNA4,NRP2	False	True	False
SEMA3C	NRP1	True	False	False
SEMA3C	NRP1,PLXNA1	False	True	False
SEMA3C	NRP1,PLXNA2	False	True	False
SEMA3C	NRP1,PLXND1,NRP2	False	True	False
SEMA3C	NRP1_NRP2_PLXND1	False	False	True
SEMA3C	NRP1_PLXNA1	False	False	True
SEMA3C	NRP1_PLXNA2	False	False	True
SEMA3C	NRP1_PLXNA3	False	False	True
SEMA3C	NRP1_PLXNA4	False	False	True
SEMA3C	NRP2	True	False	False
SEMA3C	NRP2,PLXNA2	False	True	False
SEMA3C	NRP2_PLXNA1	False	False	True
SEMA3C	NRP2_PLXNA2	False	False	True
SEMA3C	NRP2_PLXNA3	False	False	True
SEMA3C	NRP2_PLXNA4	False	False	True
SEMA3C	PLXNA1	True	False	False
SEMA3C	PLXNA1,NRP2	False	True	False
SEMA3C	PLXNA2	True	False	False
SEMA3C	PLXNA3	True	False	False
SEMA3C	PLXNA3,NRP1	False	True	False
SEMA3C	PLXNA3,NRP2	False	True	False
SEMA3C	PLXNA4	True	False	False
SEMA3C	PLXNA4,NRP1	False	True	False
SEMA3C	PLXNA4,NRP2	False	True	False
SEMA3C	PLXND1	True	True	False
SEMA3D	NRP1	True	False	False
SEMA3D	NRP1,PLXNA1	False	True	False
SEMA3D	NRP1,PLXNA2	False	True	False
SEMA3D	NRP1_PLXNA1	False	False	True
SEMA3D	NRP1_PLXNA2	False	False	True
SEMA3D	NRP1_PLXNA3	False	False	True
SEMA3D	NRP1_PLXNA4	False	False	True
SEMA3D	NRP2	True	False	False
SEMA3D	NRP2,PLXNA2	False	True	False
SEMA3D	NRP2_PLXNA1	False	False	True
SEMA3D	NRP2_PLXNA2	False	False	True
SEMA3D	NRP2_PLXNA3	False	False	True
SEMA3D	NRP2_PLXNA4	False	False	True
SEMA3D	PLXNA1	True	False	False
SEMA3D	PLXNA1,NRP2	False	True	False
SEMA3D	PLXNA2	True	False	False
SEMA3D	PLXNA3	True	False	False
SEMA3D	PLXNA3,NRP1	False	True	False
SEMA3D	PLXNA3,NRP2	False	True	False
SEMA3D	PLXNA4	True	False	False
SEMA3D	PLXNA4,NRP1	False	True	False
SEMA3D	PLXNA4,NRP2	False	True	False
SEMA3D	PLXND1	True	False	True
SEMA3E	NRP1	True	False	True
SEMA3E	NRP2	True	False	True
SEMA3E	PLXND1	True	True	True
SEMA3F	NRP1	True	False	True
SEMA3F	NRP2	True	False	False
SEMA3F	NRP2,PLXNA2	False	True	False
SEMA3F	NRP2_PLXNA1	False	False	True
SEMA3F	NRP2_PLXNA2	False	False	True
SEMA3F	NRP2_PLXNA3	False	False	True
SEMA3F	NRP2_PLXNA4	False	False	True
SEMA3F	PLXNA1	True	False	False
SEMA3F	PLXNA1,NRP2	False	True	False
SEMA3F	PLXNA2	True	False	False
SEMA3F	PLXNA3	True	False	False
SEMA3F	PLXNA3,NRP2	False	True	False
SEMA3F	PLXNA4	True	False	False
SEMA3F	PLXNA4,NRP2	False	True	False
SEMA3G	FCGR2A	True	False	True
SEMA3G	GP6	True	False	True
SEMA3G	LILRA3	True	False	True
SEMA3G	NRP2	True	False	False
SEMA3G	NRP2,PLXNA2	False	True	False
SEMA3G	NRP2_PLXNA1	False	False	True
SEMA3G	NRP2_PLXNA2	False	False	True
SEMA3G	NRP2_PLXNA3	False	False	True
SEMA3G	NRP2_PLXNA4	False	False	True
SEMA3G	PLXNA1	True	False	False
SEMA3G	PLXNA1,NRP2	False	True	False
SEMA3G	PLXNA2	True	False	False
SEMA3G	PLXNA3	True	False	False
SEMA3G	PLXNA3,NRP2	False	True	False
SEMA3G	PLXNA4	True	False	False
SEMA3G	PLXNA4,NRP2	False	True	False
SEMA4A	LILRB2	False	False	True
SEMA4A	NRP1	True	False	False
SEMA4A	NRP1,PLXNA1	False	True	False
SEMA4A	NRP1,PLXNA2	False	True	False
SEMA4A	NRP1_PLXNA1	False	False	True
SEMA4A	NRP1_PLXNA2	False	False	True
SEMA4A	NRP1_PLXNA3	False	False	True
SEMA4A	NRP1_PLXNA4	False	False	True
SEMA4A	PLXNA1	True	False	False
SEMA4A	PLXNA2	True	False	False
SEMA4A	PLXNA3	True	False	False
SEMA4A	PLXNA3,NRP1	False	True	False
SEMA4A	PLXNA4	True	False	False
SEMA4A	PLXNA4,NRP1	False	True	False
SEMA4A	PLXNB1	True	True	True
SEMA4A	PLXNB2	True	True	True
SEMA4A	PLXNB3	True	True	True
SEMA4A	PLXND1	True	False	True
SEMA4B	DCBLD2	True	False	True
SEMA4B	PLXNB1	True	False	False
SEMA4B	PLXNB2	True	False	False
SEMA4C	PLXNB1	True	False	False
SEMA4C	PLXNB2	True	True	True
SEMA4D	CD72	True	True	True
SEMA4D	ERBB2	True	False	True
SEMA4D	MET	True	False	True
SEMA4D	PLXNB1	True	True	True
SEMA4D	PLXNB2	True	True	True
SEMA4D	PLXNB3	True	True	True
SEMA4F	NRP2	True	False	True
SEMA4F	VSIR	True	False	False
SEMA4G	PLXNB1	True	False	False
SEMA4G	PLXNB2	True	True	True
SEMA4G	PLXNB3	True	False	False
SEMA5A	MET	True	False	True
SEMA5A	PLXNA1	True	True	True
SEMA5A	PLXNA2	True	False	False
SEMA5A	PLXNA3	True	True	True
SEMA5A	PLXNB3	True	True	True
SEMA5B	PLXNA1	True	True	True
SEMA5B	PLXNA3	True	True	True
SEMA6A	PLXNA2	True	True	True
SEMA6A	PLXNA4	True	True	True
SEMA6B	PLXNA2	True	True	True
SEMA6B	PLXNA4	True	True	True
SEMA6C	PLXNA1	True	False	False
SEMA6D	KDR	True	False	False
SEMA6D	KDR,PLXNA1	False	True	False
SEMA6D	KDR_PLXNA1	False	False	True
SEMA6D	PLXNA1	True	True	False
SEMA6D	PLXNA1_TREM2_TYROBP	False	False	True
SEMA6D	PLXNA4	True	False	False
SEMA6D	PLXNC1	True	False	False
SEMA6D	TREM2	True	False	False
SEMA6D	TREM2,TYROBP,PLXNA1	False	True	False
SEMA6D	TYROBP	True	False	False
SEMA7A	ITGA1	True	False	False
SEMA7A	ITGA1_ITGB1	False	False	True
SEMA7A	ITGB1	True	False	False
SEMA7A	ITGB1,ITGA1	False	True	False
SEMA7A	PLXNC1	True	True	True
SEMA7A	UNC5D	True	False	False
SERPINA1	F12	True	False	False
SERPINA1	LRP1	True	False	True
SERPINA5	KLK3	True	False	False
SERPINA5	PROC	True	False	False
SERPINA5	THBD	True	False	False
SERPINA7	SLC16A2	False	False	True
SERPINC1	F10	True	False	False
SERPINC1	F11	True	False	False
SERPINC1	F12	True	False	False
SERPINC1	F9	True	False	False
SERPINC1	GPC1	True	False	True
SERPINC1	LRP1	True	False	True
SERPINC1	SDC2	True	False	False
SERPINE1	F12	True	False	False
SERPINE1	ITGAV	True	False	False
SERPINE1	ITGB5	True	False	True
SERPINE1	LRP1	True	False	True
SERPINE1	LRP2	True	False	True
SERPINE1	PLAT	True	False	False
SERPINE1	PLAU	True	False	False
SERPINE1	PLAUR	True	False	True
SERPINE2	LRP1	True	False	True
SERPINF1	LRP6	True	False	False
SERPINF1	PLXDC1	True	False	True
SERPINF1	PLXDC2	True	False	True
SERPING1	C1R	True	False	False
SERPING1	F12	True	False	False
SERPING1	LRP1	True	False	True
SERPING1	SELE	True	False	False
SERPING1	SELP	True	False	True
SERTAD1	AR	False	False	True
SFRP1	FZD2	True	False	True
SFRP1	FZD6	True	False	True
SFRP2	FZD5	True	False	True
SFTPA1	TLR2	True	False	True
SFTPA2	CD93	True	False	True
SFTPD	ADGRE5	False	True	False
SFTPD	LAIR1	True	False	True
SFTPD	LY96	False	False	True
SFTPD	SIRPA	True	False	True
SFTPD	TLR4	True	False	True
SHANK1	ADGRL1	False	False	True
SHANK1	SSTR2	False	False	True
SHANK2	CFTR	False	False	True
SHBG	CLDN4	True	False	True
SHBG	GPRC6A	True	False	True
SHBG	SLC37A1	True	False	True
SHH	BOC	True	False	True
SHH	CDON	True	False	True
SHH	GAS1	False	False	True
SHH	GPC1	False	False	True
SHH	GPC5	False	False	True
SHH	HHIP	True	False	True
SHH	LRP2	True	False	True
SHH	PTCH1	True	False	False
SHH	PTCH1,SMO	False	True	False
SHH	PTCH1_SMO	False	False	True
SHH	PTCH2	True	False	False
SHH	PTCH2,SMO	False	True	False
SHH	PTCH2_SMO	False	False	True
SHH	SCUBE2	False	False	True
SHH	SMO	True	False	False
SHISA4	FCGRT	True	False	False
SHMT1,SLC6A9	GLRA1,GLRB	False	True	False
SHMT1,SLC6A9	GLRA2	False	True	False
SHMT2,SLC6A9	GLRA1,GLRB	False	True	False
SHMT2,SLC6A9	GLRA2	False	True	False
SI	ITGAV	True	False	False
SI	LRP1	True	False	False
SI	PDGFRA	True	False	False
SI	PDGFRB	True	False	False
SI	S1PR1	True	False	False
SIGLEC1	CD47	True	False	False
SIGLEC1	PTPRC	True	False	False
SIGLEC1	SPN	True	True	False
SIGLEC12	IL1RAPL1	True	False	False
SIGLEC14	CD33	True	False	False
SIGLEC14	IFNGR1	True	False	False
SIGLEC15	CD33	True	False	False
SIGLEC15	FGFR4	True	False	False
SIGLEC15	LRRC4C	True	False	False
SIGLEC15	MAG	True	False	False
SIGLEC15	SIGLEC10	True	False	False
SIGLEC15	SIGLEC14	True	False	False
SIGLEC15	UNC5D	True	False	False
SIGLEC5	CD33	True	False	False
SIGLEC5	IFNGR1	True	False	False
SIGLEC5	SIGLEC1	True	False	False
SIGLEC5	SIGLEC14	True	False	False
SIGLEC6	CD4	True	False	False
SIGLEC6	KIR2DL4	True	False	False
SIGLEC6	NCR1	True	False	False
SIGLEC7	BOC	True	False	False
SIGLEC7	CD320	True	False	False
SIGLEC7	CD33	True	False	False
SIGLEC7	CD4	True	False	False
SIGLEC7	LRP12	True	False	False
SIGLEC7	LRRC4C	True	False	False
SIGLEC7	NCR1	True	False	False
SIGLEC7	NRP2	True	False	False
SIGLEC7	NTRK3	True	False	False
SIGLEC7	PCDHAC1	True	False	False
SIGLEC7	PTPRO	True	False	False
SIGLEC7	SIGLEC10	True	False	False
SIGLEC7	SIGLEC8	True	False	False
SIGLEC7	TIMD4	True	False	False
SIGLEC7	TNFRSF11B	True	False	False
SIGLEC8	CD33	True	False	False
SIGLEC8	CD6	True	False	False
SIGLEC8	IL4R	True	False	False
SIGLEC8	KIAA0319L	True	False	False
SIGLEC8	LRFN2	True	False	False
SIGLEC8	LRRC4C	True	False	False
SIGLEC8	MAG	True	False	False
SIGLEC8	NCR1	True	False	False
SIGLEC8	NRXN2	True	False	False
SIGLEC8	NTNG1	True	False	False
SIGLEC8	NTRK3	True	False	False
SIGLEC8	PCDHGA7	True	False	False
SIGLEC8	PTPRO	True	False	False
SIGLEC8	SIGLEC10	True	False	False
SIGLEC8	SIGLEC14	True	False	False
SIGLEC8	SIGLEC8	True	False	False
SIGLEC8	SIGLEC9	True	False	False
SIGLEC8	TEX101	True	False	False
SIGLEC9	ADGRA2	True	False	False
SIGLEC9	BOC	True	False	False
SIGLEC9	CD33	True	False	False
SIGLEC9	IFNGR1	True	False	False
SIGLEC9	IL1RL1	True	False	False
SIGLEC9	MAG	True	False	False
SIGLEC9	MUC1	True	False	False
SIGLEC9	SIGLEC10	True	False	False
SIGLEC9	SIGLEC15	True	False	False
SIGLEC9	SIGLEC7	True	False	False
SIGLEC9	TNFRSF11B	True	False	False
SIRPA	CD47	True	False	True
SIRPA	CD69	True	False	False
SIRPA	CHL1	True	False	False
SIRPA	LRPAP1	True	False	False
SIRPA	TIGIT	True	False	False
SIRPB2	CD47	True	False	True
SIRPG	CD47	True	True	True
SIRPG	PTPRD	True	False	False
SLAMF6	HAVCR1	True	False	False
SLAMF7	SLAMF7	True	False	False
SLC10A4,CHAT	CHRM1	False	True	False
SLC10A4,CHAT	CHRM2	False	True	False
SLC10A4,CHAT	CHRM3	False	True	False
SLC10A4,CHAT	CHRM4	False	True	False
SLC10A4,CHAT	CHRM5	False	True	False
SLC10A4,CHAT	CHRNA1,CHRNB1,CHRND,CHRNE	False	True	False
SLC10A4,CHAT	CHRNA1,CHRNB1,CHRND,CHRNG	False	True	False
SLC10A4,CHAT	CHRNA3,CHRNB4	False	True	False
SLC10A4,CHAT	CHRNA4,CHRNB2	False	True	False
SLC10A4,CHAT	CHRNA7	False	True	False
SLC17A6,GLS	GRIA1	False	True	False
SLC17A6,GLS	GRIA2	False	True	False
SLC17A6,GLS	GRIA3	False	True	False
SLC17A6,GLS	GRIA4	False	True	False
SLC17A6,GLS	GRIK1	False	True	False
SLC17A6,GLS	GRIK1,GRIK4	False	True	False
SLC17A6,GLS	GRIK2	False	True	False
SLC17A6,GLS	GRIK2,GRIK4	False	True	False
SLC17A6,GLS	GRIK3	False	True	False
SLC17A6,GLS	GRIK3,GRIK4	False	True	False
SLC17A6,GLS	GRIK3,GRIK5	False	True	False
SLC17A6,GLS	GRIK5,GRIK1	False	True	False
SLC17A6,GLS	GRIK5,GRIK2	False	True	False
SLC17A6,GLS	GRIN1,GRIN2A	False	True	False
SLC17A6,GLS	GRIN1,GRIN2B	False	True	False
SLC17A6,GLS	GRIN1,GRIN2D	False	True	False
SLC17A6,GLS	GRIN2C,GRIN1	False	True	False
SLC17A6,GLS	GRM1	False	True	False
SLC17A6,GLS	GRM2	False	True	False
SLC17A6,GLS	GRM3	False	True	False
SLC17A6,GLS	GRM4	False	True	False
SLC17A6,GLS	GRM5	False	True	False
SLC17A6,GLS	GRM6	False	True	False
SLC17A6,GLS	GRM7	False	True	False
SLC17A6,GLS	GRM8	False	True	False
SLC17A6,GLS2	GRIA1	False	True	False
SLC17A6,GLS2	GRIA2	False	True	False
SLC17A6,GLS2	GRIA3	False	True	False
SLC17A6,GLS2	GRIA4	False	True	False
SLC17A6,GLS2	GRIK1	False	True	False
SLC17A6,GLS2	GRIK1,GRIK4	False	True	False
SLC17A6,GLS2	GRIK2	False	True	False
SLC17A6,GLS2	GRIK2,GRIK4	False	True	False
SLC17A6,GLS2	GRIK3	False	True	False
SLC17A6,GLS2	GRIK3,GRIK4	False	True	False
SLC17A6,GLS2	GRIK3,GRIK5	False	True	False
SLC17A6,GLS2	GRIK5,GRIK1	False	True	False
SLC17A6,GLS2	GRIK5,GRIK2	False	True	False
SLC17A6,GLS2	GRIN1,GRIN2A	False	True	False
SLC17A6,GLS2	GRIN1,GRIN2B	False	True	False
SLC17A6,GLS2	GRIN1,GRIN2D	False	True	False
SLC17A6,GLS2	GRIN2C,GRIN1	False	True	False
SLC17A6,GLS2	GRM1	False	True	False
SLC17A6,GLS2	GRM2	False	True	False
SLC17A6,GLS2	GRM3	False	True	False
SLC17A6,GLS2	GRM4	False	True	False
SLC17A6,GLS2	GRM5	False	True	False
SLC17A6,GLS2	GRM6	False	True	False
SLC17A6,GLS2	GRM7	False	True	False
SLC17A6,GLS2	GRM8	False	True	False
SLC17A7,GLS	GRIA1	False	True	False
SLC17A7,GLS	GRIA2	False	True	False
SLC17A7,GLS	GRIA3	False	True	False
SLC17A7,GLS	GRIA4	False	True	False
SLC17A7,GLS	GRIK1	False	True	False
SLC17A7,GLS	GRIK1,GRIK4	False	True	False
SLC17A7,GLS	GRIK2	False	True	False
SLC17A7,GLS	GRIK2,GRIK4	False	True	False
SLC17A7,GLS	GRIK3	False	True	False
SLC17A7,GLS	GRIK3,GRIK4	False	True	False
SLC17A7,GLS	GRIK3,GRIK5	False	True	False
SLC17A7,GLS	GRIK5,GRIK1	False	True	False
SLC17A7,GLS	GRIK5,GRIK2	False	True	False
SLC17A7,GLS	GRIN1,GRIN2A	False	True	False
SLC17A7,GLS	GRIN1,GRIN2B	False	True	False
SLC17A7,GLS	GRIN1,GRIN2D	False	True	False
SLC17A7,GLS	GRIN2C,GRIN1	False	True	False
SLC17A7,GLS	GRM1	False	True	False
SLC17A7,GLS	GRM2	False	True	False
SLC17A7,GLS	GRM3	False	True	False
SLC17A7,GLS	GRM4	False	True	False
SLC17A7,GLS	GRM5	False	True	False
SLC17A7,GLS	GRM6	False	True	False
SLC17A7,GLS	GRM7	False	True	False
SLC17A7,GLS	GRM8	False	True	False
SLC17A7,GLS2	GRIA1	False	True	False
SLC17A7,GLS2	GRIA2	False	True	False
SLC17A7,GLS2	GRIA3	False	True	False
SLC17A7,GLS2	GRIA4	False	True	False
SLC17A7,GLS2	GRIK1	False	True	False
SLC17A7,GLS2	GRIK1,GRIK4	False	True	False
SLC17A7,GLS2	GRIK2	False	True	False
SLC17A7,GLS2	GRIK2,GRIK4	False	True	False
SLC17A7,GLS2	GRIK3	False	True	False
SLC17A7,GLS2	GRIK3,GRIK4	False	True	False
SLC17A7,GLS2	GRIK3,GRIK5	False	True	False
SLC17A7,GLS2	GRIK5,GRIK1	False	True	False
SLC17A7,GLS2	GRIK5,GRIK2	False	True	False
SLC17A7,GLS2	GRIN1,GRIN2A	False	True	False
SLC17A7,GLS2	GRIN1,GRIN2B	False	True	False
SLC17A7,GLS2	GRIN1,GRIN2D	False	True	False
SLC17A7,GLS2	GRIN2C,GRIN1	False	True	False
SLC17A7,GLS2	GRM1	False	True	False
SLC17A7,GLS2	GRM2	False	True	False
SLC17A7,GLS2	GRM3	False	True	False
SLC17A7,GLS2	GRM4	False	True	False
SLC17A7,GLS2	GRM5	False	True	False
SLC17A7,GLS2	GRM6	False	True	False
SLC17A7,GLS2	GRM7	False	True	False
SLC17A7,GLS2	GRM8	False	True	False
SLC17A8,GLS	GRIA1	False	True	False
SLC17A8,GLS	GRIA2	False	True	False
SLC17A8,GLS	GRIA3	False	True	False
SLC17A8,GLS	GRIA4	False	True	False
SLC17A8,GLS	GRIK1	False	True	False
SLC17A8,GLS	GRIK1,GRIK4	False	True	False
SLC17A8,GLS	GRIK2	False	True	False
SLC17A8,GLS	GRIK2,GRIK4	False	True	False
SLC17A8,GLS	GRIK3	False	True	False
SLC17A8,GLS	GRIK3,GRIK4	False	True	False
SLC17A8,GLS	GRIK3,GRIK5	False	True	False
SLC17A8,GLS	GRIK5,GRIK1	False	True	False
SLC17A8,GLS	GRIK5,GRIK2	False	True	False
SLC17A8,GLS	GRIN1,GRIN2A	False	True	False
SLC17A8,GLS	GRIN1,GRIN2B	False	True	False
SLC17A8,GLS	GRIN1,GRIN2D	False	True	False
SLC17A8,GLS	GRIN2C,GRIN1	False	True	False
SLC17A8,GLS	GRM1	False	True	False
SLC17A8,GLS	GRM2	False	True	False
SLC17A8,GLS	GRM3	False	True	False
SLC17A8,GLS	GRM4	False	True	False
SLC17A8,GLS	GRM5	False	True	False
SLC17A8,GLS	GRM6	False	True	False
SLC17A8,GLS	GRM7	False	True	False
SLC17A8,GLS	GRM8	False	True	False
SLC17A8,GLS2	GRIA1	False	True	False
SLC17A8,GLS2	GRIA2	False	True	False
SLC17A8,GLS2	GRIA3	False	True	False
SLC17A8,GLS2	GRIA4	False	True	False
SLC17A8,GLS2	GRIK1	False	True	False
SLC17A8,GLS2	GRIK1,GRIK4	False	True	False
SLC17A8,GLS2	GRIK2	False	True	False
SLC17A8,GLS2	GRIK2,GRIK4	False	True	False
SLC17A8,GLS2	GRIK3	False	True	False
SLC17A8,GLS2	GRIK3,GRIK4	False	True	False
SLC17A8,GLS2	GRIK3,GRIK5	False	True	False
SLC17A8,GLS2	GRIK5,GRIK1	False	True	False
SLC17A8,GLS2	GRIK5,GRIK2	False	True	False
SLC17A8,GLS2	GRIN1,GRIN2A	False	True	False
SLC17A8,GLS2	GRIN1,GRIN2B	False	True	False
SLC17A8,GLS2	GRIN1,GRIN2D	False	True	False
SLC17A8,GLS2	GRIN2C,GRIN1	False	True	False
SLC17A8,GLS2	GRM1	False	True	False
SLC17A8,GLS2	GRM2	False	True	False
SLC17A8,GLS2	GRM3	False	True	False
SLC17A8,GLS2	GRM4	False	True	False
SLC17A8,GLS2	GRM5	False	True	False
SLC17A8,GLS2	GRM6	False	True	False
SLC17A8,GLS2	GRM7	False	True	False
SLC17A8,GLS2	GRM8	False	True	False
SLC18A1,DBH	ADRA1A	False	True	False
SLC18A1,DBH	ADRA1B	False	True	False
SLC18A1,DBH	ADRA1D	False	True	False
SLC18A1,DBH	ADRA2A	False	True	False
SLC18A1,DBH	ADRA2B	False	True	False
SLC18A1,DBH	ADRA2C	False	True	False
SLC18A1,DBH	ADRB1	False	True	False
SLC18A1,DBH	ADRB2	False	True	False
SLC18A1,DBH	ADRB3	False	True	False
SLC18A1,DDC	DRD1	False	True	False
SLC18A1,DDC	DRD2	False	True	False
SLC18A1,DDC	DRD3	False	True	False
SLC18A1,DDC	DRD4	False	True	False
SLC18A1,DDC	DRD5	False	True	False
SLC18A1,PNMT	ADRA1A	False	True	False
SLC18A1,PNMT	ADRA1B	False	True	False
SLC18A1,PNMT	ADRA1D	False	True	False
SLC18A1,PNMT	ADRA2A	False	True	False
SLC18A1,PNMT	ADRA2B	False	True	False
SLC18A1,PNMT	ADRA2C	False	True	False
SLC18A1,PNMT	ADRB1	False	True	False
SLC18A1,PNMT	ADRB2	False	True	False
SLC18A1,PNMT	ADRB3	False	True	False
SLC18A1,TPH1	HTR1A	False	True	False
SLC18A1,TPH1	HTR1B	False	True	False
SLC18A1,TPH1	HTR1D	False	True	False
SLC18A1,TPH1	HTR1E	False	True	False
SLC18A1,TPH1	HTR1F	False	True	False
SLC18A1,TPH1	HTR2A	False	True	False
SLC18A1,TPH1	HTR2B	False	True	False
SLC18A1,TPH1	HTR2C	False	True	False
SLC18A1,TPH1	HTR3A,HTR3C,HTR3E,HTR3B,HTR3D	False	True	False
SLC18A1,TPH1	HTR4	False	True	False
SLC18A1,TPH1	HTR5A	False	True	False
SLC18A1,TPH1	HTR6	False	True	False
SLC18A1,TPH1	HTR7	False	True	False
SLC18A1,TPH2	HTR1A	False	True	False
SLC18A1,TPH2	HTR1B	False	True	False
SLC18A1,TPH2	HTR1D	False	True	False
SLC18A1,TPH2	HTR1E	False	True	False
SLC18A1,TPH2	HTR1F	False	True	False
SLC18A1,TPH2	HTR2A	False	True	False
SLC18A1,TPH2	HTR2B	False	True	False
SLC18A1,TPH2	HTR2C	False	True	False
SLC18A1,TPH2	HTR3A,HTR3C,HTR3E,HTR3B,HTR3D	False	True	False
SLC18A1,TPH2	HTR4	False	True	False
SLC18A1,TPH2	HTR5A	False	True	False
SLC18A1,TPH2	HTR6	False	True	False
SLC18A1,TPH2	HTR7	False	True	False
SLC18A2,DBH	ADRA1A	False	True	False
SLC18A2,DBH	ADRA1B	False	True	False
SLC18A2,DBH	ADRA1D	False	True	False
SLC18A2,DBH	ADRA2A	False	True	False
SLC18A2,DBH	ADRA2B	False	True	False
SLC18A2,DBH	ADRA2C	False	True	False
SLC18A2,DBH	ADRB1	False	True	False
SLC18A2,DBH	ADRB2	False	True	False
SLC18A2,DBH	ADRB3	False	True	False
SLC18A2,DDC	DRD1	False	True	False
SLC18A2,DDC	DRD2	False	True	False
SLC18A2,DDC	DRD3	False	True	False
SLC18A2,DDC	DRD4	False	True	False
SLC18A2,DDC	DRD5	False	True	False
SLC18A2,PNMT	ADRA1A	False	True	False
SLC18A2,PNMT	ADRA1B	False	True	False
SLC18A2,PNMT	ADRA1D	False	True	False
SLC18A2,PNMT	ADRA2A	False	True	False
SLC18A2,PNMT	ADRA2B	False	True	False
SLC18A2,PNMT	ADRA2C	False	True	False
SLC18A2,PNMT	ADRB1	False	True	False
SLC18A2,PNMT	ADRB2	False	True	False
SLC18A2,PNMT	ADRB3	False	True	False
SLC18A2,TPH1	HTR1A	False	True	False
SLC18A2,TPH1	HTR1B	False	True	False
SLC18A2,TPH1	HTR1D	False	True	False
SLC18A2,TPH1	HTR1E	False	True	False
SLC18A2,TPH1	HTR1F	False	True	False
SLC18A2,TPH1	HTR2A	False	True	False
SLC18A2,TPH1	HTR2B	False	True	False
SLC18A2,TPH1	HTR2C	False	True	False
SLC18A2,TPH1	HTR3A,HTR3C,HTR3E,HTR3B,HTR3D	False	True	False
SLC18A2,TPH1	HTR4	False	True	False
SLC18A2,TPH1	HTR5A	False	True	False
SLC18A2,TPH1	HTR6	False	True	False
SLC18A2,TPH1	HTR7	False	True	False
SLC18A2,TPH2	HTR1A	False	True	False
SLC18A2,TPH2	HTR1B	False	True	False
SLC18A2,TPH2	HTR1D	False	True	False
SLC18A2,TPH2	HTR1E	False	True	False
SLC18A2,TPH2	HTR1F	False	True	False
SLC18A2,TPH2	HTR2A	False	True	False
SLC18A2,TPH2	HTR2B	False	True	False
SLC18A2,TPH2	HTR2C	False	True	False
SLC18A2,TPH2	HTR3A,HTR3C,HTR3E,HTR3B,HTR3D	False	True	False
SLC18A2,TPH2	HTR4	False	True	False
SLC18A2,TPH2	HTR5A	False	True	False
SLC18A2,TPH2	HTR6	False	True	False
SLC18A2,TPH2	HTR7	False	True	False
SLC18A3,CHAT	CHRM1	False	True	False
SLC18A3,CHAT	CHRM2	False	True	False
SLC18A3,CHAT	CHRM3	False	True	False
SLC18A3,CHAT	CHRM4	False	True	False
SLC18A3,CHAT	CHRM5	False	True	False
SLC18A3,CHAT	CHRNA1,CHRNB1,CHRND,CHRNE	False	True	False
SLC18A3,CHAT	CHRNA1,CHRNB1,CHRND,CHRNG	False	True	False
SLC18A3,CHAT	CHRNA3,CHRNB4	False	True	False
SLC18A3,CHAT	CHRNA4,CHRNB2	False	True	False
SLC18A3,CHAT	CHRNA7	False	True	False
SLC1A6,GLS	GRIA1	False	True	False
SLC1A6,GLS	GRIA2	False	True	False
SLC1A6,GLS	GRIA3	False	True	False
SLC1A6,GLS	GRIA4	False	True	False
SLC1A6,GLS	GRIK1	False	True	False
SLC1A6,GLS	GRIK1,GRIK4	False	True	False
SLC1A6,GLS	GRIK2	False	True	False
SLC1A6,GLS	GRIK2,GRIK4	False	True	False
SLC1A6,GLS	GRIK3	False	True	False
SLC1A6,GLS	GRIK3,GRIK4	False	True	False
SLC1A6,GLS	GRIK3,GRIK5	False	True	False
SLC1A6,GLS	GRIK5,GRIK1	False	True	False
SLC1A6,GLS	GRIK5,GRIK2	False	True	False
SLC1A6,GLS	GRIN1,GRIN2A	False	True	False
SLC1A6,GLS	GRIN1,GRIN2B	False	True	False
SLC1A6,GLS	GRIN1,GRIN2D	False	True	False
SLC1A6,GLS	GRIN2C,GRIN1	False	True	False
SLC1A6,GLS	GRM1	False	True	False
SLC1A6,GLS	GRM2	False	True	False
SLC1A6,GLS	GRM3	False	True	False
SLC1A6,GLS	GRM4	False	True	False
SLC1A6,GLS	GRM5	False	True	False
SLC1A6,GLS	GRM6	False	True	False
SLC1A6,GLS	GRM7	False	True	False
SLC1A6,GLS	GRM8	False	True	False
SLC1A6,GLS2	GRIA1	False	True	False
SLC1A6,GLS2	GRIA2	False	True	False
SLC1A6,GLS2	GRIA3	False	True	False
SLC1A6,GLS2	GRIA4	False	True	False
SLC1A6,GLS2	GRIK1	False	True	False
SLC1A6,GLS2	GRIK1,GRIK4	False	True	False
SLC1A6,GLS2	GRIK2	False	True	False
SLC1A6,GLS2	GRIK2,GRIK4	False	True	False
SLC1A6,GLS2	GRIK3	False	True	False
SLC1A6,GLS2	GRIK3,GRIK4	False	True	False
SLC1A6,GLS2	GRIK3,GRIK5	False	True	False
SLC1A6,GLS2	GRIK5,GRIK1	False	True	False
SLC1A6,GLS2	GRIK5,GRIK2	False	True	False
SLC1A6,GLS2	GRIN1,GRIN2A	False	True	False
SLC1A6,GLS2	GRIN1,GRIN2B	False	True	False
SLC1A6,GLS2	GRIN1,GRIN2D	False	True	False
SLC1A6,GLS2	GRIN2C,GRIN1	False	True	False
SLC1A6,GLS2	GRM1	False	True	False
SLC1A6,GLS2	GRM2	False	True	False
SLC1A6,GLS2	GRM3	False	True	False
SLC1A6,GLS2	GRM4	False	True	False
SLC1A6,GLS2	GRM5	False	True	False
SLC1A6,GLS2	GRM6	False	True	False
SLC1A6,GLS2	GRM7	False	True	False
SLC1A6,GLS2	GRM8	False	True	False
SLC29A4,NT5E	ADORA1	False	True	False
SLC29A4,NT5E	ADORA2A	False	True	False
SLC29A4,NT5E	ADORA2B	False	True	False
SLC29A4,NT5E	ADORA3	False	True	False
SLC32A1,GAD1	GABBR1	False	True	False
SLC32A1,GAD1	GABBR2	False	True	False
SLC32A1,GAD1	GABRA1,GABRB2	False	True	False
SLC32A1,GAD1	GABRA1,GABRB3	False	True	False
SLC32A1,GAD1	GABRA1,GABRD,GABRB2	False	True	False
SLC32A1,GAD1	GABRA1,GABRG2,GABRB2	False	True	False
SLC32A1,GAD1	GABRA1,GABRG2,GABRB3	False	True	False
SLC32A1,GAD1	GABRA2,GABRG2,GABRB3	False	True	False
SLC32A1,GAD1	GABRA3,GABRE,GABRB3	False	True	False
SLC32A1,GAD1	GABRA3,GABRG2,GABRB3	False	True	False
SLC32A1,GAD1	GABRA4,GABRD,GABRB2	False	True	False
SLC32A1,GAD1	GABRA4,GABRD,GABRB3	False	True	False
SLC32A1,GAD1	GABRA4,GABRG2,GABRB3	False	True	False
SLC32A1,GAD1	GABRA5,GABRG2,GABRB3	False	True	False
SLC32A1,GAD1	GABRA6,GABRD,GABRB3	False	True	False
SLC32A1,GAD1	GABRA6,GABRG2,GABRB3	False	True	False
SLC32A1,GAD1	GABRQ,GABRA3,GABRB3	False	True	False
SLC32A1,GAD2	GABBR1	False	True	False
SLC32A1,GAD2	GABBR2	False	True	False
SLC32A1,GAD2	GABRA1,GABRB2	False	True	False
SLC32A1,GAD2	GABRA1,GABRB3	False	True	False
SLC32A1,GAD2	GABRA1,GABRD,GABRB2	False	True	False
SLC32A1,GAD2	GABRA1,GABRG2,GABRB2	False	True	False
SLC32A1,GAD2	GABRA1,GABRG2,GABRB3	False	True	False
SLC32A1,GAD2	GABRA2,GABRG2,GABRB3	False	True	False
SLC32A1,GAD2	GABRA3,GABRE,GABRB3	False	True	False
SLC32A1,GAD2	GABRA3,GABRG2,GABRB3	False	True	False
SLC32A1,GAD2	GABRA4,GABRD,GABRB2	False	True	False
SLC32A1,GAD2	GABRA4,GABRD,GABRB3	False	True	False
SLC32A1,GAD2	GABRA4,GABRG2,GABRB3	False	True	False
SLC32A1,GAD2	GABRA5,GABRG2,GABRB3	False	True	False
SLC32A1,GAD2	GABRA6,GABRD,GABRB3	False	True	False
SLC32A1,GAD2	GABRA6,GABRG2,GABRB3	False	True	False
SLC32A1,GAD2	GABRQ,GABRA3,GABRB3	False	True	False
SLC5A7,CHAT	CHRM1	False	True	False
SLC5A7,CHAT	CHRM2	False	True	False
SLC5A7,CHAT	CHRM3	False	True	False
SLC5A7,CHAT	CHRM4	False	True	False
SLC5A7,CHAT	CHRM5	False	True	False
SLC5A7,CHAT	CHRNA1,CHRNB1,CHRND,CHRNE	False	True	False
SLC5A7,CHAT	CHRNA1,CHRNB1,CHRND,CHRNG	False	True	False
SLC5A7,CHAT	CHRNA4,CHRNB2	False	True	False
SLC5A7,CHAT	CHRNA7	False	True	False
SLC6A12,GAD1	GABBR1	False	True	False
SLC6A12,GAD1	GABBR2	False	True	False
SLC6A12,GAD1	GABRA1,GABRB2	False	True	False
SLC6A12,GAD1	GABRA1,GABRB3	False	True	False
SLC6A12,GAD1	GABRA1,GABRD,GABRB2	False	True	False
SLC6A12,GAD1	GABRA1,GABRG2,GABRB2	False	True	False
SLC6A12,GAD1	GABRA1,GABRG2,GABRB3	False	True	False
SLC6A12,GAD1	GABRA2,GABRG2,GABRB3	False	True	False
SLC6A12,GAD1	GABRA3,GABRE,GABRB3	False	True	False
SLC6A12,GAD1	GABRA3,GABRG2,GABRB3	False	True	False
SLC6A12,GAD1	GABRA4,GABRD,GABRB2	False	True	False
SLC6A12,GAD1	GABRA4,GABRD,GABRB3	False	True	False
SLC6A12,GAD1	GABRA4,GABRG2,GABRB3	False	True	False
SLC6A12,GAD1	GABRA5,GABRG2,GABRB3	False	True	False
SLC6A12,GAD1	GABRA6,GABRD,GABRB3	False	True	False
SLC6A12,GAD1	GABRA6,GABRG2,GABRB3	False	True	False
SLC6A12,GAD1	GABRQ,GABRA3,GABRB3	False	True	False
SLC6A12,GAD2	GABBR1	False	True	False
SLC6A12,GAD2	GABBR2	False	True	False
SLC6A12,GAD2	GABRA1,GABRB2	False	True	False
SLC6A12,GAD2	GABRA1,GABRB3	False	True	False
SLC6A12,GAD2	GABRA1,GABRD,GABRB2	False	True	False
SLC6A12,GAD2	GABRA1,GABRG2,GABRB2	False	True	False
SLC6A12,GAD2	GABRA1,GABRG2,GABRB3	False	True	False
SLC6A12,GAD2	GABRA2,GABRG2,GABRB3	False	True	False
SLC6A12,GAD2	GABRA3,GABRE,GABRB3	False	True	False
SLC6A12,GAD2	GABRA3,GABRG2,GABRB3	False	True	False
SLC6A12,GAD2	GABRA4,GABRD,GABRB2	False	True	False
SLC6A12,GAD2	GABRA4,GABRD,GABRB3	False	True	False
SLC6A12,GAD2	GABRA4,GABRG2,GABRB3	False	True	False
SLC6A12,GAD2	GABRA5,GABRG2,GABRB3	False	True	False
SLC6A12,GAD2	GABRA6,GABRD,GABRB3	False	True	False
SLC6A12,GAD2	GABRA6,GABRG2,GABRB3	False	True	False
SLC6A12,GAD2	GABRQ,GABRA3,GABRB3	False	True	False
SLC6A3,DDC	DRD1	False	True	False
SLC6A3,DDC	DRD2	False	True	False
SLC6A3,DDC	DRD3	False	True	False
SLC6A3,DDC	DRD4	False	True	False
SLC6A3,DDC	DRD5	False	True	False
SLC6A4,TPH1	HTR1A	False	True	False
SLC6A4,TPH1	HTR1B	False	True	False
SLC6A4,TPH1	HTR1D	False	True	False
SLC6A4,TPH1	HTR1E	False	True	False
SLC6A4,TPH1	HTR1F	False	True	False
SLC6A4,TPH1	HTR2A	False	True	False
SLC6A4,TPH1	HTR2B	False	True	False
SLC6A4,TPH1	HTR2C	False	True	False
SLC6A4,TPH1	HTR3A,HTR3C,HTR3E,HTR3B,HTR3D	False	True	False
SLC6A4,TPH1	HTR4	False	True	False
SLC6A4,TPH1	HTR5A	False	True	False
SLC6A4,TPH1	HTR6	False	True	False
SLC6A4,TPH1	HTR7	False	True	False
SLC6A4,TPH2	HTR1A	False	True	False
SLC6A4,TPH2	HTR1B	False	True	False
SLC6A4,TPH2	HTR1D	False	True	False
SLC6A4,TPH2	HTR1E	False	True	False
SLC6A4,TPH2	HTR1F	False	True	False
SLC6A4,TPH2	HTR2A	False	True	False
SLC6A4,TPH2	HTR2B	False	True	False
SLC6A4,TPH2	HTR2C	False	True	False
SLC6A4,TPH2	HTR3A,HTR3C,HTR3E,HTR3B,HTR3D	False	True	False
SLC6A4,TPH2	HTR4	False	True	False
SLC6A4,TPH2	HTR5A	False	True	False
SLC6A4,TPH2	HTR6	False	True	False
SLC6A4,TPH2	HTR7	False	True	False
SLC6A5,SHMT1	GLRA1,GLRB	False	True	False
SLC6A5,SHMT1	GLRA2	False	True	False
SLC6A5,SHMT2	GLRA1,GLRB	False	True	False
SLC6A5,SHMT2	GLRA2	False	True	False
SLC6A8	LIFR	True	False	True
SLIT1	FLRT3	True	False	True
SLIT1	GPC1	True	False	True
SLIT1	ROBO1	True	True	True
SLIT1	ROBO2	True	False	True
SLIT1	SDC1	True	False	True
SLIT2	APP	False	False	True
SLIT2	DCC	False	False	True
SLIT2	GPC1	True	False	True
SLIT2	PLXNA1	False	False	True
SLIT2	ROBO1	True	True	True
SLIT2	ROBO2	True	True	True
SLIT2	ROBO4	True	False	True
SLIT2	SDC1	True	False	True
SLIT3	ROBO1	True	False	True
SLIT3	ROBO2	True	False	True
SLIT3	ROBO4	True	False	True
SLITRK1	ENPEP	True	False	True
SLITRK1	PTPRD	True	True	True
SLITRK1	PTPRS	True	True	True
SLITRK1	TNFRSF11B	True	False	True
SLITRK2	PTPRD	True	True	True
SLITRK2	PTPRS	True	True	True
SLITRK3	PTPRD	True	True	True
SLITRK3	PTPRS	True	False	True
SLITRK4	PTPRD	True	False	False
SLITRK4	PTPRS	True	True	False
SLITRK5	PTPRD	True	False	True
SLITRK5	PTPRS	False	True	False
SLITRK6	PTPRD	True	False	False
SLITRK6	PTPRS	True	True	True
SLPI	CD4	True	False	True
SLPI	PLSCR1	False	False	True
SLPI	PLSCR4	True	False	True
SLURP1	CHRNA1	False	True	False
SLURP1	CHRNA10	True	True	True
SLURP1	CHRNA2	False	True	False
SLURP1	CHRNA3	True	True	True
SLURP1	CHRNA4	True	True	True
SLURP1	CHRNA5	False	True	False
SLURP1	CHRNA6	False	True	False
SLURP1	CHRNA7	True	True	True
SLURP1	CHRNA9	True	True	True
SLURP1	CHRNB1	False	True	False
SLURP1	CHRNB2	True	True	True
SLURP1	CHRNB3	False	True	False
SLURP1	CHRNB4	True	True	True
SLURP1	CHRND	False	True	False
SLURP1	CHRNE	False	True	False
SLURP1	CHRNG	False	True	False
SLURP2	CHRNA1	False	True	False
SLURP2	CHRNA10	False	True	False
SLURP2	CHRNA2	False	True	False
SLURP2	CHRNA3	True	True	True
SLURP2	CHRNA4	True	True	True
SLURP2	CHRNA5	False	True	False
SLURP2	CHRNA6	False	True	False
SLURP2	CHRNA7	True	True	True
SLURP2	CHRNA9	False	True	False
SLURP2	CHRNB1	False	True	False
SLURP2	CHRNB2	True	True	True
SLURP2	CHRNB3	False	True	False
SLURP2	CHRNB4	True	True	True
SLURP2	CHRND	False	True	False
SLURP2	CHRNE	False	True	False
SLURP2	CHRNG	False	True	False
SNCA	LAG3	False	False	True
SNX14	HTR6	True	False	True
SOCS2	EPOR	False	False	True
SORBS1	ITGA1	False	False	True
SORBS1	ITGB5	False	False	True
SORL1	CNTFR	True	False	False
SOST	LRP4	True	False	True
SOST	LRP5	True	False	True
SOST	LRP6	True	False	True
SOSTDC1	LRP4	True	False	True
SOSTDC1	LRP5	True	False	True
SOSTDC1	LRP6	True	False	True
SPAG11B	GPR55	True	False	False
SPARC	ENG	True	False	True
SPARC	FGFR1	True	False	True
SPINK1	EGFR	True	False	True
SPINK1	NRSN1	True	False	True
SPINT1	ST14	True	False	True
SPN	SIGLEC1	True	False	True
SPON1	APP	True	False	True
SPON1	LRP8	True	False	True
SPON2	ITGA4	True	False	True
SPON2	ITGA5	True	False	True
SPON2	ITGAM	True	False	True
SPON2	ITGB1	True	False	True
SPON2	ITGB2	True	False	True
SPP1	CCR8	False	False	True
SPP1	CD44	True	True	True
SPP1	ITGA4	True	False	False
SPP1	ITGA4,ITGB1	False	True	False
SPP1	ITGA4_ITGB1	False	False	True
SPP1	ITGA5	True	False	False
SPP1	ITGA5,ITGB1	False	True	False
SPP1	ITGA5_ITGB1	False	False	True
SPP1	ITGA8	True	False	False
SPP1	ITGA8,ITGB1	False	True	False
SPP1	ITGA8_ITGB1	False	False	True
SPP1	ITGA9	True	False	False
SPP1	ITGA9,ITGB1	False	True	False
SPP1	ITGA9_ITGB1	False	False	True
SPP1	ITGAV	True	False	False
SPP1	ITGAV,ITGB1	False	True	False
SPP1	ITGAV,ITGB3	False	True	False
SPP1	ITGAV,ITGB5	False	True	False
SPP1	ITGAV,ITGB6	False	True	False
SPP1	ITGAV_ITGB1	False	False	True
SPP1	ITGAV_ITGB3	False	False	True
SPP1	ITGAV_ITGB5	False	False	True
SPP1	ITGAV_ITGB6	False	False	True
SPP1	ITGB1	True	False	False
SPP1	ITGB3	True	False	False
SPP1	ITGB5	True	False	False
SPP1	ITGB6	True	False	False
SPP1	PTGER4	False	False	True
SPP1	S1PR1	True	False	True
SPTAN1	PTPRA	False	False	True
SPTBN2	PTPRA	False	False	True
SPX	GALR2	True	False	True
SPX	GALR3	True	False	True
SRD5A1	AR	False	True	False
SRD5A2	AR	False	True	False
SRD5A3	AR	False	True	False
SST	ADRA2A	False	False	True
SST	GRM7	False	False	True
SST	MTNR1A	False	False	True
SST	SSTR1	True	True	True
SST	SSTR2	True	True	True
SST	SSTR3	True	True	True
SST	SSTR4	True	True	True
SST	SSTR5	True	True	True
ST14	BTN3A1	True	False	False
ST14	PLAU	True	False	False
ST6GAL1	CD22	True	False	True
ST6GAL1	EGFR	True	False	True
STX1A	CACNA1B	True	False	False
STX1A	CACNA1D	True	False	False
SULT1A1	PPARA	False	True	False
SULT1A1	PPARD	False	True	False
SULT1A1	PPARG	False	True	False
SULT1E1	PPARA	False	True	False
SULT1E1	PPARD	False	True	False
SULT1E1	PPARG	False	True	False
SULT2A1	PPARA	False	True	False
SULT2A1	PPARD	False	True	False
SULT2A1	PPARG	False	True	False
SYT1	CACNA1C	True	False	False
SYT1	CACNA1E	True	False	False
SYT1	STX1A	True	False	False
SYT1	STX3	True	False	False
SYT1	SV2B	True	False	False
TAC1	DPP4	False	False	True
TAC1	FAP	False	False	True
TAC1	TACR1	True	True	True
TAC1	TACR2	True	True	True
TAC1	TACR3	True	False	True
TAC3	TACR1	True	False	True
TAC3	TACR2	True	False	True
TAC3	TACR3	True	True	True
TAC4	TACR1	True	True	True
TAC4	TACR2	True	False	True
TAC4	TACR3	True	False	True
TAFA4	FPR1	True	True	True
TARM1	OSCAR	True	False	False
TARM1	ROBO4	True	False	False
TAX1BP3	ADGRB1	False	True	False
TAX1BP3	ADGRB2	False	True	False
TBXAS1	TBXA2R	False	True	False
TCN1	CD320	True	False	True
TCN2	CNR1	True	False	True
TCN2	LRP2	True	False	True
TCTN1	TCTN2	True	False	False
TCTN1	TCTN3	True	False	False
TCTN1	TMEM216	True	False	False
TCTN1	TMEM67	True	False	True
TCTN3	FCRL1	True	False	False
TDGF1	ACVR1B	True	False	True
TDGF1	ACVR1C	True	False	True
TDGF1	ACVR2A	True	False	True
TDGF1	ACVR2B	True	False	True
TDGF1	GPC1	True	False	True
TDGF1	LRP5	True	False	False
TDGF1	LRP6	True	False	False
TDGF1P3	ACVR2A	True	False	False
TECTB	CEACAM8	True	False	False
TENM1	ADGRL1	False	True	False
TENM1	ADGRL2	False	True	False
TENM1	ADGRL3	False	True	False
TENM2	ADGRL1	False	True	False
TENM2	ADGRL2	False	True	False
TENM2	ADGRL3	False	True	False
TENM3	ADGRL1	False	True	False
TENM3	ADGRL2	False	True	False
TENM3	ADGRL3	False	True	False
TENM4	ADGRL1	False	True	False
TENM4	ADGRL2	False	True	False
TENM4	ADGRL3	False	True	False
TEX101	SIGLEC8	True	False	False
TF	ADRB2	False	False	True
TF	HFE	False	False	True
TF	LDLR	False	False	True
TF	LRP2	False	False	True
TF	TFR2	True	False	True
TF	TFRC	True	False	True
TFF1	FCRL4	True	False	True
TFF1	MUC5AC	True	False	True
TFF2	CXCR4	True	False	True
TFF2	MUC6	False	False	True
TFF3	ACKR3	False	False	True
TFF3	CXCR4	False	False	True
TFPI	F10	True	False	False
TFPI	F3	True	False	True
TFPI	LRP1	True	False	True
TFPI	SDC4	True	False	True
TFPI	VLDLR	True	False	True
TG	ASGR1	True	False	True
TG	LRP2	True	False	True
TG	TPO	True	False	True
TGFA	ADAM17	True	False	False
TGFA	EGFR	True	True	False
TGFA	EGFR_ERBB2	False	False	True
TGFA	ERBB2	True	False	False
TGFA	ERBB2,EGFR	False	True	False
TGFA	ERBB3	True	False	True
TGFA	ERBB4	True	False	True
TGFA	PTPRD	True	False	True
TGFB1	ACVR1B_TGFBR2	False	False	True
TGFB1	ACVR1C_TGFBR2	False	False	True
TGFB1	ACVR1_TGFBR1_TGFBR2	False	False	True
TGFB1	ACVR1_TGFBR2	False	False	True
TGFB1	ACVRL1	True	False	True
TGFB1	APP	True	False	False
TGFB1	CAV1	False	False	True
TGFB1	CXCR4	False	False	True
TGFB1	EGFR	False	False	True
TGFB1	ENG	True	False	True
TGFB1	ITGAV	True	False	False
TGFB1	ITGAV_ITGB6	False	False	True
TGFB1	ITGB1	True	False	True
TGFB1	ITGB3	True	False	True
TGFB1	ITGB5	False	False	True
TGFB1	ITGB6	True	False	False
TGFB1	ITGB8	True	False	True
TGFB1	LPP	False	False	True
TGFB1	PDGFRA	True	False	False
TGFB1	SDC2	True	False	True
TGFB1	TGFBR1	True	False	False
TGFB1	TGFBR1_TGFBR2	False	False	True
TGFB1	TGFBR2	True	False	False
TGFB1	TGFBR2,ACVR1,TGFBR1	False	True	False
TGFB1	TGFBR2,ACVR1B	False	True	False
TGFB1	TGFBR2,ACVR1C	False	True	False
TGFB1	TGFBR2,TGFBR1	False	True	False
TGFB1	TGFBR3	True	False	True
TGFB1	VASN	False	False	True
TGFB2	ACVR1	True	False	False
TGFB2	ACVR1B	True	False	False
TGFB2	ACVR1B_TGFBR2	False	False	True
TGFB2	ACVR1C	True	False	False
TGFB2	ACVR1C_TGFBR2	False	False	True
TGFB2	ACVR1_TGFBR1_TGFBR2	False	False	True
TGFB2	ACVR1_TGFBR2	False	False	True
TGFB2	ENG	True	False	True
TGFB2	TGFBR1	True	False	False
TGFB2	TGFBR1_TGFBR2	False	False	True
TGFB2	TGFBR2	True	False	False
TGFB2	TGFBR2,ACVR1,TGFBR1	False	True	False
TGFB2	TGFBR2,ACVR1B	False	True	False
TGFB2	TGFBR2,ACVR1C	False	True	False
TGFB2	TGFBR2,TGFBR1	False	True	False
TGFB2	TGFBR3	True	False	True
TGFB3	ACVR1B_TGFBR2	False	False	True
TGFB3	ACVR1C	True	False	False
TGFB3	ACVR1C_TGFBR2	False	False	True
TGFB3	ACVR1_TGFBR1_TGFBR2	False	False	True
TGFB3	ACVR1_TGFBR2	False	False	True
TGFB3	ACVRL1	True	False	True
TGFB3	ENG	True	False	True
TGFB3	ITGB1	False	False	True
TGFB3	ITGB3	True	False	True
TGFB3	ITGB5	False	False	True
TGFB3	ITGB6	True	False	True
TGFB3	TGFBR1	True	False	False
TGFB3	TGFBR1_TGFBR2	False	False	True
TGFB3	TGFBR2	True	False	False
TGFB3	TGFBR2,ACVR1,TGFBR1	False	True	False
TGFB3	TGFBR2,ACVR1B	False	True	False
TGFB3	TGFBR2,ACVR1C	False	True	False
TGFB3	TGFBR2,TGFBR1	False	True	False
TGFB3	TGFBR3	True	False	True
TGFBI	ITGA1	True	False	False
TGFBI	ITGA3	True	False	False
TGFBI	ITGA4	True	False	False
TGFBI	ITGA5	True	False	False
TGFBI	ITGA6	True	False	False
TGFBI	ITGA7	True	False	False
TGFBI	ITGAV	True	False	False
TGFBI	ITGB1	True	False	False
TGFBI	ITGB3	True	False	False
TGFBI	ITGB4	True	False	False
TGFBI	ITGB5	True	False	False
TGM2	ADGRG1	True	True	True
TGM2	ITGA4	True	False	True
TGM2	ITGA9	True	False	True
TGM2	ITGB1	True	False	True
TGM2	ITGB3	True	False	True
TGM2	SDC4	True	False	True
TGM2	TBXA2R	True	False	True
TGM2	TRPV5	True	False	False
TGOLN2	BTN3A1	True	False	False
TGS1	RXRA	False	False	True
THBS1	CD36	True	True	True
THBS1	CD47	True	True	True
THBS1	ITGA2B	True	False	False
THBS1	ITGA2B_ITGB3	False	False	True
THBS1	ITGA3	True	False	False
THBS1	ITGA3,ITGB1	False	True	False
THBS1	ITGA3_ITGB1	False	False	True
THBS1	ITGA4	True	False	True
THBS1	ITGA6	True	False	True
THBS1	ITGAV,ITGB3	False	True	False
THBS1	ITGAV_ITGB3	False	False	True
THBS1	ITGB1	True	False	False
THBS1	ITGB3	True	False	False
THBS1	LRP1	True	False	True
THBS1	LRP5	True	False	True
THBS1	PTPRJ	False	False	True
THBS1	SCARB1	False	False	True
THBS1	SDC1	True	True	True
THBS1	SDC4	True	True	True
THBS1	TNFRSF11B	True	False	True
THBS2	CD36	True	True	True
THBS2	CD47	True	True	True
THBS2	ITGA3	True	False	False
THBS2	ITGA3,ITGB1	False	True	False
THBS2	ITGA3_ITGB1	False	False	True
THBS2	ITGA4	True	False	True
THBS2	ITGA6	True	False	True
THBS2	ITGAV,ITGB3	False	True	False
THBS2	ITGAV_ITGB3	False	False	True
THBS2	ITGB1	True	False	False
THBS2	ITGB3	True	False	False
THBS2	LRP2	True	False	False
THBS2	LRP4	True	False	False
THBS2	NOTCH3	True	False	True
THBS2	NOTCH4	True	False	True
THBS2	SDC1	True	True	True
THBS2	SDC4	False	True	False
THBS3	CD36	False	True	False
THBS3	CD47	False	True	False
THBS3	ITGA3,ITGB1	False	True	False
THBS3	ITGA3_ITGB1	False	False	True
THBS3	ITGAV,ITGB3	False	True	False
THBS3	ITGAV_ITGB3	False	False	True
THBS3	SDC1	False	True	False
THBS3	SDC4	False	True	False
THBS4	CD36	True	True	True
THBS4	CD47	True	True	True
THBS4	ITGA3	True	False	False
THBS4	ITGA3,ITGB1	False	True	False
THBS4	ITGA3_ITGB1	False	False	True
THBS4	ITGAV	True	False	False
THBS4	ITGAV,ITGB3	False	True	False
THBS4	ITGAV_ITGB3	False	False	True
THBS4	ITGB1	True	False	False
THBS4	ITGB3	True	False	False
THBS4	SDC1	True	True	True
THBS4	SDC4	True	True	False
THPO	MPL	True	True	True
THY1	ADGRE2	False	True	False
THY1	ADGRE5	False	True	False
THY1	CNTN1	True	False	False
THY1	ITGAM	True	False	False
THY1	ITGAM,ITGB2	False	True	False
THY1	ITGAM_ITGB2	False	False	True
THY1	ITGAV	True	False	False
THY1	ITGAV,ITGB3	False	True	False
THY1	ITGAV_ITGB3	False	False	True
THY1	ITGAX	True	False	False
THY1	ITGAX,ITGB2	False	True	False
THY1	ITGAX_ITGB2	False	False	True
THY1	ITGB2	True	False	False
THY1	ITGB3	True	False	False
TIGIT	NECTIN2	True	False	True
TIGIT	NECTIN3	True	False	False
TIGIT	NECTIN4	True	False	False
TIGIT	PVR	True	False	True
TIGIT	RECK	True	False	False
TIGIT	SIRPA	True	False	False
TIMD4	HAVCR1	True	False	True
TIMD4	SIGLEC7	True	False	False
TIMP1	CD63	True	False	True
TIMP1	FGFR2	True	False	True
TIMP1	MMP1	True	False	False
TIMP1	MMP2	True	False	False
TIMP1	MMP9	True	False	False
TIMP2	CD44	True	False	True
TIMP2	ITGA3	True	False	True
TIMP2	ITGB1	True	False	True
TIMP2	LRP2	True	False	False
TIMP2	MMP2	True	False	False
TIMP3	ADAM17	True	False	False
TIMP3	ADAMTS4	True	False	False
TIMP3	AGTR2	True	False	True
TIMP3	CD44	True	False	True
TIMP3	DDR1	True	False	True
TIMP3	KDR	True	False	True
TIMP3	MET	True	False	True
TIMP3	MMP14	True	False	False
TIMP3	MMP2	True	False	False
TIMP3	MMP9	True	False	False
TLN1	ITGB3	False	False	True
TLN1	ITGB5	False	False	True
TMEM190	IGSF11	True	False	False
TMPRSS6	HJV	True	False	False
TNC	CNTN1	True	False	True
TNC	EGFR	True	False	True
TNC	ITGA2	False	False	True
TNC	ITGA2B,ITGB3	False	True	False
TNC	ITGA2B_ITGB3	False	False	True
TNC	ITGA5	True	False	True
TNC	ITGA7	True	False	True
TNC	ITGA8	True	False	False
TNC	ITGA8,ITGB1	False	True	False
TNC	ITGA8_ITGB1	False	False	True
TNC	ITGA9	True	False	False
TNC	ITGA9,ITGB1	False	True	False
TNC	ITGA9_ITGB1	False	False	True
TNC	ITGAV	True	False	False
TNC	ITGAV,ITGB3	False	True	False
TNC	ITGAV,ITGB6	False	True	False
TNC	ITGAV_ITGB3	False	False	True
TNC	ITGAV_ITGB6	False	False	True
TNC	ITGB1	True	False	False
TNC	ITGB3	True	False	False
TNC	ITGB6	True	False	False
TNC	PTPRB	True	False	True
TNC	PTPRZ1	True	False	True
TNC	SDC1	True	True	True
TNC	SDC4	False	True	True
TNF	CELSR2	False	False	True
TNF	FAS	False	False	True
TNF	FFAR2	False	False	True
TNF	FLT4	False	False	True
TNF	ICOS	False	False	True
TNF	LTBR	True	False	False
TNF	NOTCH1	False	False	True
TNF	PTPRS	False	False	True
TNF	SEMA4C	False	False	True
TNF	TNFRSF1A	True	True	True
TNF	TNFRSF1B	True	True	True
TNF	TNFRSF21	True	False	True
TNF	TRADD	False	False	True
TNF	TRAF2	True	False	True
TNF	TRPM2	False	False	True
TNF	VSIR	False	False	True
TNFRSF14	BTLA	True	False	False
TNFRSF14	CD160	True	False	False
TNFRSF14	FCAR	True	False	False
TNFRSF14	LRFN5	True	False	False
TNFRSF14	TRAF2	True	False	False
TNFSF10	CCR6	False	False	True
TNFSF10	RIPK1	False	False	True
TNFSF10	TNFRSF10A	True	True	True
TNFSF10	TNFRSF10B	True	False	True
TNFSF10	TNFRSF10C	True	False	True
TNFSF10	TNFRSF10D	True	False	True
TNFSF10	TNFRSF11B	True	False	True
TNFSF11	LGR4	False	False	True
TNFSF11	TNFRSF11A	True	True	True
TNFSF11	TNFRSF11B	True	True	True
TNFSF12	CD163	True	False	True
TNFSF12	TNFRSF12A	True	True	True
TNFSF12	TNFRSF25	True	False	True
TNFSF12	TNFRSF8	True	False	True
TNFSF13	FAS	True	False	True
TNFSF13	SDC2	True	False	True
TNFSF13	TNFRSF11B	True	False	True
TNFSF13	TNFRSF13B	True	True	True
TNFSF13	TNFRSF14	True	False	True
TNFSF13	TNFRSF17	True	True	True
TNFSF13	TNFRSF1A	True	False	True
TNFSF13B	CD40	False	False	True
TNFSF13B	HLA-DPB1	False	False	True
TNFSF13B	TFRC	False	False	True
TNFSF13B	TNFRSF13B	True	True	True
TNFSF13B	TNFRSF13C	True	True	True
TNFSF13B	TNFRSF17	True	True	True
TNFSF14	LTBR	True	True	True
TNFSF14	TNFRSF14	True	True	True
TNFSF14	TNFRSF6B	True	False	True
TNFSF15	TNFRSF25	True	True	True
TNFSF15	TNFRSF6B	True	False	True
TNFSF18	TNFRSF18	True	True	True
TNFSF4	TNFRSF4	True	True	True
TNFSF4	TRAF2	True	False	True
TNFSF8	TNFRSF8	True	True	True
TNFSF9	ADGRG5	False	False	True
TNFSF9	FCRL1	True	False	True
TNFSF9	HLA-DPA1	False	False	True
TNFSF9	IL13RA2	False	False	True
TNFSF9	PVR	True	False	True
TNFSF9	TNFRSF9	True	True	True
TNFSF9	TRAF2	True	False	True
TNN	ITGA2B	True	False	False
TNN	ITGA2B,ITGB3	False	True	False
TNN	ITGA2B_ITGB3	False	False	True
TNN	ITGA8	True	False	False
TNN	ITGA8,ITGB1	False	True	False
TNN	ITGA8_ITGB1	False	False	True
TNN	ITGA9	True	False	False
TNN	ITGA9,ITGB1	False	True	False
TNN	ITGA9_ITGB1	False	False	True
TNN	ITGAV	True	False	False
TNN	ITGAV,ITGB3	False	True	False
TNN	ITGAV,ITGB6	False	True	False
TNN	ITGAV_ITGB3	False	False	True
TNN	ITGAV_ITGB6	False	False	True
TNN	ITGB1	True	False	False
TNN	ITGB3	True	False	False
TNN	ITGB6	True	False	False
TNN	SDC1	True	True	True
TNN	SDC4	True	True	False
TNR	ITGA2B	True	False	False
TNR	ITGA2B,ITGB3	False	True	False
TNR	ITGA2B_ITGB3	False	False	True
TNR	ITGA8	True	False	False
TNR	ITGA8,ITGB1	False	True	False
TNR	ITGA8_ITGB1	False	False	True
TNR	ITGA9	True	False	False
TNR	ITGA9,ITGB1	False	True	False
TNR	ITGA9_ITGB1	False	False	True
TNR	ITGAV	True	False	False
TNR	ITGAV,ITGB3	False	True	False
TNR	ITGAV,ITGB6	False	True	False
TNR	ITGAV_ITGB3	False	False	True
TNR	ITGAV_ITGB6	False	False	True
TNR	ITGB1	True	False	False
TNR	ITGB3	True	False	False
TNR	ITGB6	True	False	False
TNR	SDC1	True	True	True
TNR	SDC4	True	True	False
TNXB	ITGA2B	True	False	False
TNXB	ITGA2B,ITGB3	False	True	False
TNXB	ITGA2B_ITGB3	False	False	True
TNXB	ITGA8	True	False	False
TNXB	ITGA8,ITGB1	False	True	False
TNXB	ITGA8_ITGB1	False	False	True
TNXB	ITGA9	True	False	False
TNXB	ITGA9,ITGB1	False	True	False
TNXB	ITGA9_ITGB1	False	False	True
TNXB	ITGAV	True	False	False
TNXB	ITGAV,ITGB3	False	True	False
TNXB	ITGAV,ITGB6	False	True	False
TNXB	ITGAV_ITGB3	False	False	True
TNXB	ITGAV_ITGB6	False	False	True
TNXB	ITGB1	True	False	False
TNXB	ITGB3	True	False	False
TNXB	ITGB6	True	False	False
TNXB	SDC1	True	True	True
TNXB	SDC4	True	True	False
TOR2A	ATP5F1B	False	False	True
TPH1	HTR1A	True	False	True
TPH1	HTR1B	True	False	True
TPH1	HTR1D	True	False	True
TPH1	HTR1E	True	False	True
TPH1	HTR1F	True	False	True
TPH1	HTR2A	True	False	True
TPH1	HTR2B	True	False	True
TPH1	HTR2C	True	False	True
TPH1	HTR4	True	False	True
TPH1	HTR5A	True	False	True
TPH1	HTR6	True	False	True
TPH1	HTR7	True	False	True
TPO	MPL	True	False	False
TPSAB1	F2RL1	True	False	True
TPSB2	F2RL1	True	False	True
TPSG1	SIRPA	True	False	False
TRAF2	MAP4K2	True	False	False
TRAF2	TNFRSF1B	True	False	False
TREML1	KIR3DL1	True	False	False
TREML4	SIGLEC8	True	False	True
TRH	TRHR	True	True	True
TSHB	ADCYAP1R1	True	False	True
TSHB	ADRB2	True	False	True
TSHB	ADRB3	True	False	True
TSHB	GPR20	True	False	True
TSHB	GPR84	True	False	True
TSHB	PTH1R	True	False	True
TSHB	RAMP2	True	False	True
TSHB	RAMP3	True	False	True
TSHB	TSHR	True	True	True
TSHB	VIPR1	True	False	True
TSHB,CGA	TSHR	False	True	False
TSLP	CRLF2	True	False	False
TSLP	CRLF2,IL7R	False	True	False
TSLP	CRLF2_IL7R	False	False	True
TSLP	CRLF2_IL7R_TSLP	False	False	True
TSLP	IL7R	True	False	False
TSPAN3	ADAM10	True	False	False
TSPAN3	CLDN11	True	False	False
TSPAN33	ADAM10	True	False	False
TSPAN33	CLDN11	True	False	False
TSPAN5	TSPAN13	True	False	False
TTR	APOA1	True	False	False
TTR	NGFR	True	False	True
TUB	MERTK	False	True	False
TULP1	AXL	False	True	False
TULP1	MERTK	False	True	False
TULP1	TYRO3	False	True	False
TULP2	TYRO3	False	True	False
TXLNA	STX1A	False	False	True
TXLNA	STX3	False	False	True
TXLNA	STX4	False	False	True
TYROBP	KLRD1	True	False	False
TYROBP	TREM1	True	False	False
UBASH3B	ESR1	False	True	False
UBASH3B	NR1I2	False	True	False
UBASH3B	PPARA	False	True	False
UCN	CRHR1	True	True	True
UCN	CRHR2	True	True	True
UCN	LINC02210-CRHR1	True	False	False
UCN2	CRHR1	True	True	True
UCN2	CRHR2	True	True	True
UCN2	IL10RB	True	False	True
UCN2	LINC02210-CRHR1	True	False	False
UCN3	CRHR1	True	True	True
UCN3	CRHR2	True	True	True
UCN3	IL10RB	True	False	True
ULBP1	HCST_KLRK1	False	False	True
ULBP1	KLRK1	False	True	False
ULBP1	KLRK1,HCST	False	True	False
ULBP2	HCST	True	False	False
ULBP2	HCST_KLRK1	False	False	True
ULBP2	KLRK1	True	True	False
ULBP2	KLRK1,HCST	False	True	False
ULBP3	F11R	True	False	False
ULBP3	F3	True	False	False
ULBP3	HCST	True	False	False
ULBP3	HCST_KLRK1	False	False	True
ULBP3	KLRK1	True	True	False
ULBP3	KLRK1,HCST	False	True	False
UNC5A	ADGRL3	False	True	False
UTS2	UTS2R	True	True	True
UTS2B	SSTR5	True	True	True
UTS2B	UTS2R	True	True	True
UXS1	CEACAM6	True	False	False
VASP	CXCR2	False	False	True
VCAM1	EZR	True	False	False
VCAM1	ITGA4	True	False	False
VCAM1	ITGA4_ITGB1	False	False	True
VCAM1	ITGA4_ITGB7	False	False	True
VCAM1	ITGA9	True	False	False
VCAM1	ITGA9_ITGB1	False	False	True
VCAM1	ITGAD	True	False	False
VCAM1	ITGAD,ITGB2	False	True	False
VCAM1	ITGAD_ITGB2	False	False	True
VCAM1	ITGB1	True	False	False
VCAM1	ITGB2	True	False	False
VCAM1	ITGB7	True	False	False
VCAM1	MSN	True	False	False
VCAN	CD44	True	False	True
VCAN	EGFR	True	False	True
VCAN	ITGA4	True	False	True
VCAN	ITGB1	True	False	True
VCAN	SELL	True	False	True
VCAN	SELP	True	False	True
VCAN	SELPLG	True	False	False
VCAN	TLR1	False	False	True
VCAN	TLR2	True	False	True
VCL	ALK	False	False	True
VCL	ITGB5	False	False	True
VEGFA	CD44	False	False	True
VEGFA	EGFR	False	False	True
VEGFA	EPHB2	False	False	True
VEGFA	FLT1	True	True	False
VEGFA	FLT1,KDR	False	True	False
VEGFA	FLT1_KDR	False	False	True
VEGFA	GPC1	True	False	True
VEGFA	GRIN2B	False	False	True
VEGFA	ITGA9	False	False	True
VEGFA	ITGAV	False	False	True
VEGFA	ITGB1	False	False	True
VEGFA	ITGB3	False	False	True
VEGFA	KDR	True	True	False
VEGFA	NRP1	True	False	True
VEGFA	NRP2	True	False	True
VEGFA	RET	False	False	True
VEGFA	SIRPA	False	False	True
VEGFA	TYRO3	False	False	True
VEGFB	ADRB2	False	False	True
VEGFB	FLT1	True	True	False
VEGFB	FLT1_KDR	False	False	True
VEGFB	KDR	True	False	False
VEGFB	NRP1	True	False	True
VEGFB	RET	True	False	True
VEGFC	CCBE1	False	False	True
VEGFC	FLT1	False	False	True
VEGFC	FLT4	True	True	False
VEGFC	FLT4,KDR	False	True	False
VEGFC	FLT4_KDR	False	False	True
VEGFC	ITGA9	False	False	True
VEGFC	ITGB1	False	False	True
VEGFC	KDR	True	True	False
VEGFC	LYVE1	False	False	True
VEGFC	NRP2	True	False	True
VEGFC	VIPR2	True	False	True
VEGFD	FLT1	True	False	True
VEGFD	FLT4	True	True	False
VEGFD	FLT4,KDR	False	True	False
VEGFD	FLT4_KDR	False	False	True
VEGFD	ITGA1	True	False	True
VEGFD	ITGA2	True	False	True
VEGFD	ITGA4	True	False	True
VEGFD	ITGA5	True	False	True
VEGFD	ITGA9	True	False	True
VEGFD	ITGB1	True	False	True
VEGFD	KDR	True	True	False
VEGFD	NRP2	True	False	True
VGF	NTRK1	True	False	True
VIM	CD44	False	False	True
VIP	ADCYAP1R1	True	False	True
VIP	ADRB1	False	False	True
VIP	ADRB2	False	False	True
VIP	ADRB3	False	False	True
VIP	AVPR1A	False	False	True
VIP	DPP4	False	False	True
VIP	GPR20	False	False	True
VIP	GPR84	False	False	True
VIP	NPR3	False	False	True
VIP	PTH1R	False	False	True
VIP	RAMP1	False	False	True
VIP	RAMP2	False	False	True
VIP	RAMP3	False	False	True
VIP	SCTR	True	True	True
VIP	TSHR	False	False	True
VIP	VIPR1	True	True	True
VIP	VIPR2	True	True	True
VSIG10	IL6ST	True	False	False
VSIG4	KIR2DL5A	True	False	False
VSIR	IGSF11	True	True	False
VSIR	VSIG8	True	False	False
VSTM1	ADGRG3	True	False	True
VSTM1	LAMP1	True	False	True
VSTM4	MOG	True	False	False
VTCN1	BTLA	True	False	False
VTN	CD47	False	False	True
VTN	ITGA2B	True	False	False
VTN	ITGA2B,ITGB3	False	True	False
VTN	ITGA2B_ITGB3	False	False	True
VTN	ITGA3	False	False	True
VTN	ITGA5	True	False	True
VTN	ITGA8	True	False	False
VTN	ITGA8,ITGB1	False	True	False
VTN	ITGA8_ITGB1	False	False	True
VTN	ITGAV	True	False	False
VTN	ITGAV,ITGB1	False	True	False
VTN	ITGAV,ITGB3	False	True	False
VTN	ITGAV,ITGB5	False	True	False
VTN	ITGAV,ITGB8	False	True	False
VTN	ITGAV_ITGB1	False	False	True
VTN	ITGAV_ITGB3	False	False	True
VTN	ITGAV_ITGB5	False	False	True
VTN	ITGAV_ITGB8	False	False	True
VTN	ITGB1	True	False	False
VTN	ITGB3	True	False	False
VTN	ITGB5	True	False	False
VTN	ITGB6	True	False	True
VTN	ITGB8	True	False	False
VTN	KDR	True	False	True
VTN	PLAUR	True	True	True
VTN	PVR	True	False	True
VTN	TNFRSF11B	True	False	True
VWF	ADAMTS13	True	False	False
VWF	F8	True	False	False
VWF	GP1BA	True	False	False
VWF	GP1BA_GP1BB	False	False	True
VWF	GP1BB	True	False	False
VWF	GP5	True	False	False
VWF	GP5,GP1BA,GP1BB,GP9	False	True	False
VWF	GP9	True	False	False
VWF	ITGA2B	True	False	False
VWF	ITGA2B,ITGB3	False	True	False
VWF	ITGA2B_ITGB3	False	False	True
VWF	ITGA4	False	False	True
VWF	ITGA9	False	False	True
VWF	ITGAV	True	False	False
VWF	ITGAV,ITGB3	False	True	False
VWF	ITGAV_ITGB3	False	False	True
VWF	ITGB1	False	False	True
VWF	ITGB3	True	False	False
VWF	LRP1	False	False	True
VWF	SCARA5	False	False	True
VWF	SELP	False	False	True
VWF	SIRPA	False	False	True
VWF	STAB2	False	False	True
VWF	TNFRSF11B	True	False	True
WBP1	CTLA4	True	False	False
WFIKKN2	IGDCC3	True	False	True
WFIKKN2	IGDCC4	True	False	True
WFIKKN2	PRTG	True	False	True
WIF1	RYK	True	False	True
WNT1	CD36	False	False	True
WNT1	FZD1	True	False	False
WNT1	FZD1,LRP5	False	True	False
WNT1	FZD1,LRP6	False	True	False
WNT1	FZD10,LRP5	False	True	False
WNT1	FZD10,LRP6	False	True	False
WNT1	FZD10_LRP5	False	False	True
WNT1	FZD10_LRP6	False	False	True
WNT1	FZD1_LRP5	False	False	True
WNT1	FZD1_LRP6	False	False	True
WNT1	FZD2,LRP5	False	True	False
WNT1	FZD2,LRP6	False	True	False
WNT1	FZD2_LRP5	False	False	True
WNT1	FZD2_LRP6	False	False	True
WNT1	FZD3	True	False	False
WNT1	FZD3,LRP6	False	True	False
WNT1	FZD3_LRP5	False	False	True
WNT1	FZD3_LRP6	False	False	True
WNT1	FZD4,LRP5	False	True	False
WNT1	FZD4,LRP6	False	True	False
WNT1	FZD4_LRP5	False	False	True
WNT1	FZD4_LRP6	False	False	True
WNT1	FZD5,LRP5	False	True	False
WNT1	FZD5,LRP6	False	True	False
WNT1	FZD5_LRP5	False	False	True
WNT1	FZD5_LRP6	False	False	True
WNT1	FZD6,LRP5	False	True	False
WNT1	FZD6,LRP6	False	True	False
WNT1	FZD6_LRP5	False	False	True
WNT1	FZD6_LRP6	False	False	True
WNT1	FZD7,LRP6	False	True	False
WNT1	FZD7_LRP5	False	False	True
WNT1	FZD7_LRP6	False	False	True
WNT1	FZD8	True	False	False
WNT1	FZD8,LRP5	False	True	False
WNT1	FZD8,LRP6	False	True	False
WNT1	FZD8_LRP5	False	False	True
WNT1	FZD8_LRP6	False	False	True
WNT1	FZD9	True	False	False
WNT1	FZD9,LRP5	False	True	False
WNT1	FZD9,LRP6	False	True	False
WNT1	FZD9_LRP5	False	False	True
WNT1	FZD9_LRP6	False	False	True
WNT1	LRP5	True	False	False
WNT1	LRP5,FZD3	False	True	False
WNT1	LRP5,FZD7	False	True	False
WNT1	LRP6	True	False	False
WNT1	ROR2	True	False	True
WNT1	RYK	True	False	True
WNT10A	FZD1	True	False	False
WNT10A	FZD1,LRP5	False	True	False
WNT10A	FZD1,LRP6	False	True	False
WNT10A	FZD10	True	False	False
WNT10A	FZD10,LRP5	False	True	False
WNT10A	FZD10,LRP6	False	True	False
WNT10A	FZD10_LRP5	False	False	True
WNT10A	FZD10_LRP6	False	False	True
WNT10A	FZD1_LRP5	False	False	True
WNT10A	FZD1_LRP6	False	False	True
WNT10A	FZD2	True	False	False
WNT10A	FZD2,LRP5	False	True	False
WNT10A	FZD2,LRP6	False	True	False
WNT10A	FZD2_LRP5	False	False	True
WNT10A	FZD2_LRP6	False	False	True
WNT10A	FZD3	True	False	False
WNT10A	FZD3,LRP6	False	True	False
WNT10A	FZD3_LRP5	False	False	True
WNT10A	FZD3_LRP6	False	False	True
WNT10A	FZD4	True	False	False
WNT10A	FZD4,LRP5	False	True	False
WNT10A	FZD4,LRP6	False	True	False
WNT10A	FZD4_LRP5	False	False	True
WNT10A	FZD4_LRP6	False	False	True
WNT10A	FZD5	True	False	False
WNT10A	FZD5,LRP5	False	True	False
WNT10A	FZD5,LRP6	False	True	False
WNT10A	FZD5_LRP5	False	False	True
WNT10A	FZD5_LRP6	False	False	True
WNT10A	FZD6	True	False	False
WNT10A	FZD6,LRP5	False	True	False
WNT10A	FZD6,LRP6	False	True	False
WNT10A	FZD6_LRP5	False	False	True
WNT10A	FZD6_LRP6	False	False	True
WNT10A	FZD7	True	False	False
WNT10A	FZD7,LRP6	False	True	False
WNT10A	FZD7_LRP5	False	False	True
WNT10A	FZD7_LRP6	False	False	True
WNT10A	FZD8	True	False	False
WNT10A	FZD8,LRP5	False	True	False
WNT10A	FZD8,LRP6	False	True	False
WNT10A	FZD8_LRP5	False	False	True
WNT10A	FZD8_LRP6	False	False	True
WNT10A	FZD9	True	False	False
WNT10A	FZD9,LRP5	False	True	False
WNT10A	FZD9,LRP6	False	True	False
WNT10A	FZD9_LRP5	False	False	True
WNT10A	FZD9_LRP6	False	False	True
WNT10A	LRP5	True	False	False
WNT10A	LRP5,FZD3	False	True	False
WNT10A	LRP5,FZD7	False	True	False
WNT10A	LRP6	True	False	False
WNT10B	FZD1	True	False	False
WNT10B	FZD1,LRP5	False	True	False
WNT10B	FZD1,LRP6	False	True	False
WNT10B	FZD10	True	False	False
WNT10B	FZD10,LRP5	False	True	False
WNT10B	FZD10,LRP6	False	True	False
WNT10B	FZD10_LRP5	False	False	True
WNT10B	FZD10_LRP6	False	False	True
WNT10B	FZD1_LRP5	False	False	True
WNT10B	FZD1_LRP6	False	False	True
WNT10B	FZD2	True	False	False
WNT10B	FZD2,LRP5	False	True	False
WNT10B	FZD2,LRP6	False	True	False
WNT10B	FZD2_LRP5	False	False	True
WNT10B	FZD2_LRP6	False	False	True
WNT10B	FZD3	True	False	False
WNT10B	FZD3,LRP6	False	True	False
WNT10B	FZD3_LRP5	False	False	True
WNT10B	FZD3_LRP6	False	False	True
WNT10B	FZD4	True	False	False
WNT10B	FZD4,LRP5	False	True	False
WNT10B	FZD4,LRP6	False	True	False
WNT10B	FZD4_LRP5	False	False	True
WNT10B	FZD4_LRP6	False	False	True
WNT10B	FZD5	True	False	False
WNT10B	FZD5,LRP5	False	True	False
WNT10B	FZD5,LRP6	False	True	False
WNT10B	FZD5_LRP5	False	False	True
WNT10B	FZD5_LRP6	False	False	True
WNT10B	FZD6	True	False	False
WNT10B	FZD6,LRP5	False	True	False
WNT10B	FZD6,LRP6	False	True	False
WNT10B	FZD6_LRP5	False	False	True
WNT10B	FZD6_LRP6	False	False	True
WNT10B	FZD7	True	False	False
WNT10B	FZD7,LRP6	False	True	False
WNT10B	FZD7_LRP5	False	False	True
WNT10B	FZD7_LRP6	False	False	True
WNT10B	FZD8	True	False	False
WNT10B	FZD8,LRP5	False	True	False
WNT10B	FZD8,LRP6	False	True	False
WNT10B	FZD8_LRP5	False	False	True
WNT10B	FZD8_LRP6	False	False	True
WNT10B	FZD9	True	False	False
WNT10B	FZD9,LRP5	False	True	False
WNT10B	FZD9,LRP6	False	True	False
WNT10B	FZD9_LRP5	False	False	True
WNT10B	FZD9_LRP6	False	False	True
WNT10B	LRP5	True	False	False
WNT10B	LRP5,FZD3	False	True	False
WNT10B	LRP5,FZD7	False	True	False
WNT10B	LRP6	True	False	False
WNT11	FZD1	False	True	False
WNT11	FZD10	False	True	True
WNT11	FZD2	False	True	True
WNT11	FZD3	True	True	True
WNT11	FZD4	False	True	True
WNT11	FZD5	False	True	True
WNT11	FZD6	True	True	True
WNT11	FZD7	True	True	True
WNT11	FZD8	True	True	True
WNT11	FZD9	False	True	True
WNT11	KLRG2	True	False	True
WNT11	LRP6	True	False	False
WNT11	MUSK	True	False	True
WNT16	FZD1	True	False	False
WNT16	FZD1,LRP5	False	True	False
WNT16	FZD1,LRP6	False	True	False
WNT16	FZD10	True	False	False
WNT16	FZD10,LRP5	False	True	False
WNT16	FZD10,LRP6	False	True	False
WNT16	FZD10_LRP5	False	False	True
WNT16	FZD10_LRP6	False	False	True
WNT16	FZD1_LRP5	False	False	True
WNT16	FZD1_LRP6	False	False	True
WNT16	FZD2	True	False	False
WNT16	FZD2,LRP5	False	True	False
WNT16	FZD2,LRP6	False	True	False
WNT16	FZD2_LRP5	False	False	True
WNT16	FZD2_LRP6	False	False	True
WNT16	FZD3	True	False	False
WNT16	FZD3,LRP6	False	True	False
WNT16	FZD3_LRP5	False	False	True
WNT16	FZD3_LRP6	False	False	True
WNT16	FZD4	True	False	False
WNT16	FZD4,LRP5	False	True	False
WNT16	FZD4,LRP6	False	True	False
WNT16	FZD4_LRP5	False	False	True
WNT16	FZD4_LRP6	False	False	True
WNT16	FZD5	True	False	False
WNT16	FZD5,LRP5	False	True	False
WNT16	FZD5,LRP6	False	True	False
WNT16	FZD5_LRP5	False	False	True
WNT16	FZD5_LRP6	False	False	True
WNT16	FZD6	True	False	False
WNT16	FZD6,LRP5	False	True	False
WNT16	FZD6,LRP6	False	True	False
WNT16	FZD6_LRP5	False	False	True
WNT16	FZD6_LRP6	False	False	True
WNT16	FZD7	True	False	False
WNT16	FZD7,LRP6	False	True	False
WNT16	FZD7_LRP5	False	False	True
WNT16	FZD7_LRP6	False	False	True
WNT16	FZD8	True	False	False
WNT16	FZD8,LRP5	False	True	False
WNT16	FZD8,LRP6	False	True	False
WNT16	FZD8_LRP5	False	False	True
WNT16	FZD8_LRP6	False	False	True
WNT16	FZD9	True	False	False
WNT16	FZD9,LRP5	False	True	False
WNT16	FZD9,LRP6	False	True	False
WNT16	FZD9_LRP5	False	False	True
WNT16	FZD9_LRP6	False	False	True
WNT16	LRP5	True	False	False
WNT16	LRP5,FZD3	False	True	False
WNT16	LRP5,FZD7	False	True	False
WNT16	LRP6	True	False	False
WNT2	FZD1	True	False	False
WNT2	FZD1,LRP5	False	True	False
WNT2	FZD1,LRP6	False	True	False
WNT2	FZD10,LRP5	False	True	False
WNT2	FZD10,LRP6	False	True	False
WNT2	FZD10_LRP5	False	False	True
WNT2	FZD10_LRP6	False	False	True
WNT2	FZD1_LRP5	False	False	True
WNT2	FZD1_LRP6	False	False	True
WNT2	FZD2	True	False	False
WNT2	FZD2,LRP5	False	True	False
WNT2	FZD2,LRP6	False	True	False
WNT2	FZD2_LRP5	False	False	True
WNT2	FZD2_LRP6	False	False	True
WNT2	FZD3	True	False	False
WNT2	FZD3,LRP6	False	True	False
WNT2	FZD3_LRP5	False	False	True
WNT2	FZD3_LRP6	False	False	True
WNT2	FZD4	True	False	False
WNT2	FZD4,LRP5	False	True	False
WNT2	FZD4,LRP6	False	True	False
WNT2	FZD4_LRP5	False	False	True
WNT2	FZD4_LRP6	False	False	True
WNT2	FZD5	True	False	False
WNT2	FZD5,LRP5	False	True	False
WNT2	FZD5,LRP6	False	True	False
WNT2	FZD5_LRP5	False	False	True
WNT2	FZD5_LRP6	False	False	True
WNT2	FZD6,LRP5	False	True	False
WNT2	FZD6,LRP6	False	True	False
WNT2	FZD6_LRP5	False	False	True
WNT2	FZD6_LRP6	False	False	True
WNT2	FZD7	True	False	False
WNT2	FZD7,LRP6	False	True	False
WNT2	FZD7_LRP5	False	False	True
WNT2	FZD7_LRP6	False	False	True
WNT2	FZD8	True	False	False
WNT2	FZD8,LRP5	False	True	False
WNT2	FZD8,LRP6	False	True	False
WNT2	FZD8_LRP5	False	False	True
WNT2	FZD8_LRP6	False	False	True
WNT2	FZD9	True	False	False
WNT2	FZD9,LRP5	False	True	False
WNT2	FZD9,LRP6	False	True	False
WNT2	FZD9_LRP5	False	False	True
WNT2	FZD9_LRP6	False	False	True
WNT2	LRP5	True	False	False
WNT2	LRP5,FZD3	False	True	False
WNT2	LRP5,FZD7	False	True	False
WNT2	LRP6	True	False	False
WNT2B	FZD1	True	False	False
WNT2B	FZD1,LRP5	False	True	False
WNT2B	FZD1,LRP6	False	True	False
WNT2B	FZD10	True	False	False
WNT2B	FZD10,LRP5	False	True	False
WNT2B	FZD10,LRP6	False	True	False
WNT2B	FZD10_LRP5	False	False	True
WNT2B	FZD10_LRP6	False	False	True
WNT2B	FZD1_LRP5	False	False	True
WNT2B	FZD1_LRP6	False	False	True
WNT2B	FZD2	True	False	False
WNT2B	FZD2,LRP5	False	True	False
WNT2B	FZD2,LRP6	False	True	False
WNT2B	FZD2_LRP5	False	False	True
WNT2B	FZD2_LRP6	False	False	True
WNT2B	FZD3	True	False	False
WNT2B	FZD3,LRP6	False	True	False
WNT2B	FZD3_LRP5	False	False	True
WNT2B	FZD3_LRP6	False	False	True
WNT2B	FZD4	True	False	False
WNT2B	FZD4,LRP5	False	True	False
WNT2B	FZD4,LRP6	False	True	False
WNT2B	FZD4_LRP5	False	False	True
WNT2B	FZD4_LRP6	False	False	True
WNT2B	FZD5	True	False	False
WNT2B	FZD5,LRP5	False	True	False
WNT2B	FZD5,LRP6	False	True	False
WNT2B	FZD5_LRP5	False	False	True
WNT2B	FZD5_LRP6	False	False	True
WNT2B	FZD6	True	False	False
WNT2B	FZD6,LRP5	False	True	False
WNT2B	FZD6,LRP6	False	True	False
WNT2B	FZD6_LRP5	False	False	True
WNT2B	FZD6_LRP6	False	False	True
WNT2B	FZD7	True	False	False
WNT2B	FZD7,LRP6	False	True	False
WNT2B	FZD7_LRP5	False	False	True
WNT2B	FZD7_LRP6	False	False	True
WNT2B	FZD8	True	False	False
WNT2B	FZD8,LRP5	False	True	False
WNT2B	FZD8,LRP6	False	True	False
WNT2B	FZD8_LRP5	False	False	True
WNT2B	FZD8_LRP6	False	False	True
WNT2B	FZD9	True	False	False
WNT2B	FZD9,LRP5	False	True	False
WNT2B	FZD9,LRP6	False	True	False
WNT2B	FZD9_LRP5	False	False	True
WNT2B	FZD9_LRP6	False	False	True
WNT2B	LRP5	True	False	False
WNT2B	LRP5,FZD3	False	True	False
WNT2B	LRP5,FZD7	False	True	False
WNT2B	LRP6	True	False	False
WNT3	FZD1	True	False	False
WNT3	FZD1,LRP5	False	True	False
WNT3	FZD1,LRP6	False	True	False
WNT3	FZD10,LRP5	False	True	False
WNT3	FZD10,LRP6	False	True	False
WNT3	FZD10_LRP5	False	False	True
WNT3	FZD10_LRP6	False	False	True
WNT3	FZD1_LRP5	False	False	True
WNT3	FZD1_LRP6	False	False	True
WNT3	FZD2,LRP5	False	True	False
WNT3	FZD2,LRP6	False	True	False
WNT3	FZD2_LRP5	False	False	True
WNT3	FZD2_LRP6	False	False	True
WNT3	FZD3,LRP6	False	True	False
WNT3	FZD3_LRP5	False	False	True
WNT3	FZD3_LRP6	False	False	True
WNT3	FZD4,LRP5	False	True	False
WNT3	FZD4,LRP6	False	True	False
WNT3	FZD4_LRP5	False	False	True
WNT3	FZD4_LRP6	False	False	True
WNT3	FZD5,LRP5	False	True	False
WNT3	FZD5,LRP6	False	True	False
WNT3	FZD5_LRP5	False	False	True
WNT3	FZD5_LRP6	False	False	True
WNT3	FZD6,LRP5	False	True	False
WNT3	FZD6,LRP6	False	True	False
WNT3	FZD6_LRP5	False	False	True
WNT3	FZD6_LRP6	False	False	True
WNT3	FZD7	True	False	False
WNT3	FZD7,LRP6	False	True	False
WNT3	FZD7_LRP5	False	False	True
WNT3	FZD7_LRP6	False	False	True
WNT3	FZD8	True	False	False
WNT3	FZD8,LRP5	False	True	False
WNT3	FZD8,LRP6	False	True	False
WNT3	FZD8_LRP5	False	False	True
WNT3	FZD8_LRP6	False	False	True
WNT3	FZD9,LRP5	False	True	False
WNT3	FZD9,LRP6	False	True	False
WNT3	FZD9_LRP5	False	False	True
WNT3	FZD9_LRP6	False	False	True
WNT3	LRP5,FZD3	False	True	False
WNT3	LRP5,FZD7	False	True	False
WNT3	LRP6	True	False	False
WNT3	ROR2	True	False	True
WNT3	RYK	True	False	True
WNT3A	APCDD1	True	False	True
WNT3A	ATP6AP2	False	False	True
WNT3A	FZD1	True	False	False
WNT3A	FZD1,LRP5	False	True	False
WNT3A	FZD1,LRP6	False	True	False
WNT3A	FZD10,LRP5	False	True	False
WNT3A	FZD10,LRP6	False	True	False
WNT3A	FZD10_LRP5	False	False	True
WNT3A	FZD10_LRP6	False	False	True
WNT3A	FZD1_LRP5	False	False	True
WNT3A	FZD1_LRP6	False	False	True
WNT3A	FZD2	True	False	False
WNT3A	FZD2,LRP5	False	True	False
WNT3A	FZD2,LRP6	False	True	False
WNT3A	FZD2_LRP5	False	False	True
WNT3A	FZD2_LRP6	False	False	True
WNT3A	FZD3	True	False	False
WNT3A	FZD3,LRP6	False	True	False
WNT3A	FZD3_LRP5	False	False	True
WNT3A	FZD3_LRP6	False	False	True
WNT3A	FZD4,LRP5	False	True	False
WNT3A	FZD4,LRP6	False	True	False
WNT3A	FZD4_LRP5	False	False	True
WNT3A	FZD4_LRP6	False	False	True
WNT3A	FZD5	True	False	False
WNT3A	FZD5,LRP5	False	True	False
WNT3A	FZD5,LRP6	False	True	False
WNT3A	FZD5_LRP5	False	False	True
WNT3A	FZD5_LRP6	False	False	True
WNT3A	FZD6	True	False	False
WNT3A	FZD6,LRP5	False	True	False
WNT3A	FZD6,LRP6	False	True	False
WNT3A	FZD6_LRP5	False	False	True
WNT3A	FZD6_LRP6	False	False	True
WNT3A	FZD7	True	False	False
WNT3A	FZD7,LRP6	False	True	False
WNT3A	FZD7_LRP5	False	False	True
WNT3A	FZD7_LRP6	False	False	True
WNT3A	FZD8	True	False	False
WNT3A	FZD8,LRP5	False	True	False
WNT3A	FZD8,LRP6	False	True	False
WNT3A	FZD8_LRP5	False	False	True
WNT3A	FZD8_LRP6	False	False	True
WNT3A	FZD9,LRP5	False	True	False
WNT3A	FZD9,LRP6	False	True	False
WNT3A	FZD9_LRP5	False	False	True
WNT3A	FZD9_LRP6	False	False	True
WNT3A	LGR5	False	False	True
WNT3A	LRP1	True	False	True
WNT3A	LRP5	True	False	False
WNT3A	LRP5,FZD3	False	True	False
WNT3A	LRP5,FZD7	False	True	False
WNT3A	LRP6	True	False	False
WNT3A	ROR1	False	False	True
WNT3A	RYK	True	False	True
WNT4	FZD1	True	False	False
WNT4	FZD1,LRP5	False	True	False
WNT4	FZD1,LRP6	False	True	False
WNT4	FZD10	True	False	False
WNT4	FZD10,LRP5	False	True	False
WNT4	FZD10,LRP6	False	True	False
WNT4	FZD10_LRP5	False	False	True
WNT4	FZD10_LRP6	False	False	True
WNT4	FZD1_LRP5	False	False	True
WNT4	FZD1_LRP6	False	False	True
WNT4	FZD2	True	False	False
WNT4	FZD2,LRP5	False	True	False
WNT4	FZD2,LRP6	False	True	False
WNT4	FZD2_LRP5	False	False	True
WNT4	FZD2_LRP6	False	False	True
WNT4	FZD3	True	False	False
WNT4	FZD3,LRP6	False	True	False
WNT4	FZD3_LRP5	False	False	True
WNT4	FZD3_LRP6	False	False	True
WNT4	FZD4	True	False	False
WNT4	FZD4,LRP5	False	True	False
WNT4	FZD4,LRP6	False	True	False
WNT4	FZD4_LRP5	False	False	True
WNT4	FZD4_LRP6	False	False	True
WNT4	FZD5	True	False	False
WNT4	FZD5,LRP5	False	True	False
WNT4	FZD5,LRP6	False	True	False
WNT4	FZD5_LRP5	False	False	True
WNT4	FZD5_LRP6	False	False	True
WNT4	FZD6	True	False	False
WNT4	FZD6,LRP5	False	True	False
WNT4	FZD6,LRP6	False	True	False
WNT4	FZD6_LRP5	False	False	True
WNT4	FZD6_LRP6	False	False	True
WNT4	FZD7	True	False	False
WNT4	FZD7,LRP6	False	True	False
WNT4	FZD7_LRP5	False	False	True
WNT4	FZD7_LRP6	False	False	True
WNT4	FZD8	True	False	False
WNT4	FZD8,LRP5	False	True	False
WNT4	FZD8,LRP6	False	True	False
WNT4	FZD8_LRP5	False	False	True
WNT4	FZD8_LRP6	False	False	True
WNT4	FZD9	True	False	False
WNT4	FZD9,LRP5	False	True	False
WNT4	FZD9,LRP6	False	True	False
WNT4	FZD9_LRP5	False	False	True
WNT4	FZD9_LRP6	False	False	True
WNT4	LRP5	True	False	False
WNT4	LRP5,FZD3	False	True	False
WNT4	LRP5,FZD7	False	True	False
WNT4	LRP6	True	False	False
WNT4	NOTCH1	True	False	True
WNT4	SMO	True	False	True
WNT5A	ADRB2	False	False	True
WNT5A	ANTXR1	False	False	True
WNT5A	EPHA7	False	False	True
WNT5A	FZD1	True	True	True
WNT5A	FZD10	False	True	True
WNT5A	FZD2	True	True	True
WNT5A	FZD3	True	True	True
WNT5A	FZD4	True	True	True
WNT5A	FZD5	True	True	True
WNT5A	FZD6	True	True	True
WNT5A	FZD7	True	True	True
WNT5A	FZD8	True	True	True
WNT5A	FZD9	False	True	True
WNT5A	LDLR	False	False	True
WNT5A	LRP2	False	False	True
WNT5A	LRP5	True	False	True
WNT5A	LRP6	True	False	True
WNT5A	MCAM	True	True	True
WNT5A	PTK7	False	False	True
WNT5A	PTPRK	False	False	True
WNT5A	ROR1	True	False	True
WNT5A	ROR2	True	False	True
WNT5A	RYK	True	False	True
WNT5A	VANGL2	False	False	True
WNT5B	FZD1	True	True	False
WNT5B	FZD10	True	True	False
WNT5B	FZD10_LRP5	False	False	True
WNT5B	FZD10_LRP6	False	False	True
WNT5B	FZD1_LRP5	False	False	True
WNT5B	FZD1_LRP6	False	False	True
WNT5B	FZD2	True	True	False
WNT5B	FZD2_LRP5	False	False	True
WNT5B	FZD2_LRP6	False	False	True
WNT5B	FZD3	True	True	False
WNT5B	FZD3_LRP5	False	False	True
WNT5B	FZD3_LRP6	False	False	True
WNT5B	FZD4	False	True	True
WNT5B	FZD5	True	True	False
WNT5B	FZD5_LRP5	False	False	True
WNT5B	FZD5_LRP6	False	False	True
WNT5B	FZD6	True	True	False
WNT5B	FZD6_LRP5	False	False	True
WNT5B	FZD6_LRP6	False	False	True
WNT5B	FZD7	True	True	False
WNT5B	FZD7_LRP5	False	False	True
WNT5B	FZD7_LRP6	False	False	True
WNT5B	FZD8	True	True	False
WNT5B	FZD8_LRP5	False	False	True
WNT5B	FZD8_LRP6	False	False	True
WNT5B	FZD9	True	True	False
WNT5B	FZD9_LRP5	False	False	True
WNT5B	FZD9_LRP6	False	False	True
WNT5B	KLRG2	True	False	True
WNT5B	LRP5	True	False	False
WNT5B	LRP6	True	False	False
WNT6	FZD1	True	False	False
WNT6	FZD1,LRP5	False	True	False
WNT6	FZD1,LRP6	False	True	False
WNT6	FZD10	True	False	False
WNT6	FZD10,LRP5	False	True	False
WNT6	FZD10,LRP6	False	True	False
WNT6	FZD10_LRP5	False	False	True
WNT6	FZD10_LRP6	False	False	True
WNT6	FZD1_LRP5	False	False	True
WNT6	FZD1_LRP6	False	False	True
WNT6	FZD2	True	False	False
WNT6	FZD2,LRP5	False	True	False
WNT6	FZD2,LRP6	False	True	False
WNT6	FZD2_LRP5	False	False	True
WNT6	FZD2_LRP6	False	False	True
WNT6	FZD3	True	False	False
WNT6	FZD3,LRP6	False	True	False
WNT6	FZD3_LRP5	False	False	True
WNT6	FZD3_LRP6	False	False	True
WNT6	FZD4	True	False	False
WNT6	FZD4,LRP5	False	True	False
WNT6	FZD4,LRP6	False	True	False
WNT6	FZD4_LRP5	False	False	True
WNT6	FZD4_LRP6	False	False	True
WNT6	FZD5	True	False	False
WNT6	FZD5,LRP5	False	True	False
WNT6	FZD5,LRP6	False	True	False
WNT6	FZD5_LRP5	False	False	True
WNT6	FZD5_LRP6	False	False	True
WNT6	FZD6	True	False	False
WNT6	FZD6,LRP5	False	True	False
WNT6	FZD6,LRP6	False	True	False
WNT6	FZD6_LRP5	False	False	True
WNT6	FZD6_LRP6	False	False	True
WNT6	FZD7	True	False	False
WNT6	FZD7,LRP6	False	True	False
WNT6	FZD7_LRP5	False	False	True
WNT6	FZD7_LRP6	False	False	True
WNT6	FZD8	True	False	False
WNT6	FZD8,LRP5	False	True	False
WNT6	FZD8,LRP6	False	True	False
WNT6	FZD8_LRP5	False	False	True
WNT6	FZD8_LRP6	False	False	True
WNT6	FZD9	True	False	False
WNT6	FZD9,LRP5	False	True	False
WNT6	FZD9,LRP6	False	True	False
WNT6	FZD9_LRP5	False	False	True
WNT6	FZD9_LRP6	False	False	True
WNT6	LRP5	True	False	False
WNT6	LRP5,FZD3	False	True	False
WNT6	LRP5,FZD7	False	True	False
WNT6	LRP6	True	False	False
WNT7A	ADGRA2	False	False	True
WNT7A	FZD1,LRP5	False	True	False
WNT7A	FZD1,LRP6	False	True	False
WNT7A	FZD10	True	False	False
WNT7A	FZD10,LRP5	False	True	False
WNT7A	FZD10,LRP6	False	True	False
WNT7A	FZD10_LRP5	False	False	True
WNT7A	FZD10_LRP6	False	False	True
WNT7A	FZD1_LRP5	False	False	True
WNT7A	FZD1_LRP6	False	False	True
WNT7A	FZD2,LRP5	False	True	False
WNT7A	FZD2,LRP6	False	True	False
WNT7A	FZD2_LRP5	False	False	True
WNT7A	FZD2_LRP6	False	False	True
WNT7A	FZD3,LRP6	False	True	False
WNT7A	FZD3_LRP5	False	False	True
WNT7A	FZD3_LRP6	False	False	True
WNT7A	FZD4,LRP5	False	True	False
WNT7A	FZD4,LRP6	False	True	False
WNT7A	FZD4_LRP5	False	False	True
WNT7A	FZD4_LRP6	False	False	True
WNT7A	FZD5	True	False	False
WNT7A	FZD5,LRP5	False	True	False
WNT7A	FZD5,LRP6	False	True	False
WNT7A	FZD5_LRP5	False	False	True
WNT7A	FZD5_LRP6	False	False	True
WNT7A	FZD6,LRP5	False	True	False
WNT7A	FZD6,LRP6	False	True	False
WNT7A	FZD6_LRP5	False	False	True
WNT7A	FZD6_LRP6	False	False	True
WNT7A	FZD7	True	False	False
WNT7A	FZD7,LRP6	False	True	False
WNT7A	FZD7_LRP5	False	False	True
WNT7A	FZD7_LRP6	False	False	True
WNT7A	FZD8,LRP5	False	True	False
WNT7A	FZD8,LRP6	False	True	False
WNT7A	FZD8_LRP5	False	False	True
WNT7A	FZD8_LRP6	False	False	True
WNT7A	FZD9	True	False	False
WNT7A	FZD9,LRP5	False	True	False
WNT7A	FZD9,LRP6	False	True	False
WNT7A	FZD9_LRP5	False	False	True
WNT7A	FZD9_LRP6	False	False	True
WNT7A	LDLR	False	False	True
WNT7A	LRP5,FZD3	False	True	False
WNT7A	LRP5,FZD7	False	True	False
WNT7A	LRP6	True	False	False
WNT7A	RECK	False	False	True
WNT7B	ADGRA2	True	False	True
WNT7B	FZD1	True	False	False
WNT7B	FZD1,LRP5	False	True	False
WNT7B	FZD1,LRP6	False	True	False
WNT7B	FZD10	True	False	False
WNT7B	FZD10,LRP5	False	True	False
WNT7B	FZD10,LRP6	False	True	False
WNT7B	FZD10_LRP5	False	False	True
WNT7B	FZD10_LRP6	False	False	True
WNT7B	FZD1_LRP5	False	False	True
WNT7B	FZD1_LRP6	False	False	True
WNT7B	FZD2	True	False	False
WNT7B	FZD2,LRP5	False	True	False
WNT7B	FZD2,LRP6	False	True	False
WNT7B	FZD2_LRP5	False	False	True
WNT7B	FZD2_LRP6	False	False	True
WNT7B	FZD3	True	False	False
WNT7B	FZD3,LRP6	False	True	False
WNT7B	FZD3_LRP5	False	False	True
WNT7B	FZD3_LRP6	False	False	True
WNT7B	FZD4	True	False	False
WNT7B	FZD4,LRP5	False	True	False
WNT7B	FZD4,LRP6	False	True	False
WNT7B	FZD4_LRP5	False	False	True
WNT7B	FZD4_LRP6	False	False	True
WNT7B	FZD5	True	False	False
WNT7B	FZD5,LRP5	False	True	False
WNT7B	FZD5,LRP6	False	True	False
WNT7B	FZD5_LRP5	False	False	True
WNT7B	FZD5_LRP6	False	False	True
WNT7B	FZD6	True	False	False
WNT7B	FZD6,LRP5	False	True	False
WNT7B	FZD6,LRP6	False	True	False
WNT7B	FZD6_LRP5	False	False	True
WNT7B	FZD6_LRP6	False	False	True
WNT7B	FZD7	True	False	False
WNT7B	FZD7,LRP6	False	True	False
WNT7B	FZD7_LRP5	False	False	True
WNT7B	FZD7_LRP6	False	False	True
WNT7B	FZD8	True	False	False
WNT7B	FZD8,LRP5	False	True	False
WNT7B	FZD8,LRP6	False	True	False
WNT7B	FZD8_LRP5	False	False	True
WNT7B	FZD8_LRP6	False	False	True
WNT7B	FZD9	True	False	False
WNT7B	FZD9,LRP5	False	True	False
WNT7B	FZD9,LRP6	False	True	False
WNT7B	FZD9_LRP5	False	False	True
WNT7B	FZD9_LRP6	False	False	True
WNT7B	LRP5	True	False	False
WNT7B	LRP5,FZD3	False	True	False
WNT7B	LRP5,FZD7	False	True	False
WNT7B	LRP6	True	False	False
WNT7B	TMED5	True	False	True
WNT8A	FZD1	True	False	False
WNT8A	FZD1,LRP5	False	True	False
WNT8A	FZD1,LRP6	False	True	False
WNT8A	FZD10	True	False	False
WNT8A	FZD10,LRP5	False	True	False
WNT8A	FZD10,LRP6	False	True	False
WNT8A	FZD10_LRP5	False	False	True
WNT8A	FZD10_LRP6	False	False	True
WNT8A	FZD1_LRP5	False	False	True
WNT8A	FZD1_LRP6	False	False	True
WNT8A	FZD2	True	False	False
WNT8A	FZD2,LRP5	False	True	False
WNT8A	FZD2,LRP6	False	True	False
WNT8A	FZD2_LRP5	False	False	True
WNT8A	FZD2_LRP6	False	False	True
WNT8A	FZD3	True	False	False
WNT8A	FZD3,LRP6	False	True	False
WNT8A	FZD3_LRP5	False	False	True
WNT8A	FZD3_LRP6	False	False	True
WNT8A	FZD4	True	False	False
WNT8A	FZD4,LRP5	False	True	False
WNT8A	FZD4,LRP6	False	True	False
WNT8A	FZD4_LRP5	False	False	True
WNT8A	FZD4_LRP6	False	False	True
WNT8A	FZD5	True	False	False
WNT8A	FZD5,LRP5	False	True	False
WNT8A	FZD5,LRP6	False	True	False
WNT8A	FZD5_LRP5	False	False	True
WNT8A	FZD5_LRP6	False	False	True
WNT8A	FZD6	True	False	False
WNT8A	FZD6,LRP5	False	True	False
WNT8A	FZD6,LRP6	False	True	False
WNT8A	FZD6_LRP5	False	False	True
WNT8A	FZD6_LRP6	False	False	True
WNT8A	FZD7	True	False	False
WNT8A	FZD7,LRP6	False	True	False
WNT8A	FZD7_LRP5	False	False	True
WNT8A	FZD7_LRP6	False	False	True
WNT8A	FZD8	True	False	False
WNT8A	FZD8,LRP5	False	True	False
WNT8A	FZD8,LRP6	False	True	False
WNT8A	FZD8_LRP5	False	False	True
WNT8A	FZD8_LRP6	False	False	True
WNT8A	FZD9	True	False	False
WNT8A	FZD9,LRP5	False	True	False
WNT8A	FZD9,LRP6	False	True	False
WNT8A	FZD9_LRP5	False	False	True
WNT8A	FZD9_LRP6	False	False	True
WNT8A	LRP5	True	False	False
WNT8A	LRP5,FZD3	False	True	False
WNT8A	LRP5,FZD7	False	True	False
WNT8A	LRP6	True	False	False
WNT8B	FZD1	True	False	False
WNT8B	FZD1,LRP5	False	True	False
WNT8B	FZD1,LRP6	False	True	False
WNT8B	FZD10	True	False	False
WNT8B	FZD10,LRP5	False	True	False
WNT8B	FZD10,LRP6	False	True	False
WNT8B	FZD10_LRP5	False	False	True
WNT8B	FZD10_LRP6	False	False	True
WNT8B	FZD1_LRP5	False	False	True
WNT8B	FZD1_LRP6	False	False	True
WNT8B	FZD2	True	False	False
WNT8B	FZD2,LRP5	False	True	False
WNT8B	FZD2,LRP6	False	True	False
WNT8B	FZD2_LRP5	False	False	True
WNT8B	FZD2_LRP6	False	False	True
WNT8B	FZD3	True	False	False
WNT8B	FZD3,LRP6	False	True	False
WNT8B	FZD3_LRP5	False	False	True
WNT8B	FZD3_LRP6	False	False	True
WNT8B	FZD4	True	False	False
WNT8B	FZD4,LRP5	False	True	False
WNT8B	FZD4,LRP6	False	True	False
WNT8B	FZD4_LRP5	False	False	True
WNT8B	FZD4_LRP6	False	False	True
WNT8B	FZD5	True	False	False
WNT8B	FZD5,LRP5	False	True	False
WNT8B	FZD5,LRP6	False	True	False
WNT8B	FZD5_LRP5	False	False	True
WNT8B	FZD5_LRP6	False	False	True
WNT8B	FZD6	True	False	False
WNT8B	FZD6,LRP5	False	True	False
WNT8B	FZD6,LRP6	False	True	False
WNT8B	FZD6_LRP5	False	False	True
WNT8B	FZD6_LRP6	False	False	True
WNT8B	FZD7	True	False	False
WNT8B	FZD7,LRP6	False	True	False
WNT8B	FZD7_LRP5	False	False	True
WNT8B	FZD7_LRP6	False	False	True
WNT8B	FZD8	True	False	False
WNT8B	FZD8,LRP5	False	True	False
WNT8B	FZD8,LRP6	False	True	False
WNT8B	FZD8_LRP5	False	False	True
WNT8B	FZD8_LRP6	False	False	True
WNT8B	FZD9	True	False	False
WNT8B	FZD9,LRP5	False	True	False
WNT8B	FZD9,LRP6	False	True	False
WNT8B	FZD9_LRP5	False	False	True
WNT8B	FZD9_LRP6	False	False	True
WNT8B	LRP5	True	False	False
WNT8B	LRP5,FZD3	False	True	False
WNT8B	LRP5,FZD7	False	True	False
WNT8B	LRP6	True	False	False
WNT9A	CHRNA1	True	False	False
WNT9A	FZD1	True	False	False
WNT9A	FZD1,LRP5	False	True	False
WNT9A	FZD1,LRP6	False	True	False
WNT9A	FZD10	True	False	False
WNT9A	FZD10,LRP5	False	True	False
WNT9A	FZD10,LRP6	False	True	False
WNT9A	FZD10_LRP5	False	False	True
WNT9A	FZD10_LRP6	False	False	True
WNT9A	FZD1_LRP5	False	False	True
WNT9A	FZD1_LRP6	False	False	True
WNT9A	FZD2	True	False	False
WNT9A	FZD2,LRP5	False	True	False
WNT9A	FZD2,LRP6	False	True	False
WNT9A	FZD2_LRP5	False	False	True
WNT9A	FZD2_LRP6	False	False	True
WNT9A	FZD3	True	False	False
WNT9A	FZD3,LRP6	False	True	False
WNT9A	FZD3_LRP5	False	False	True
WNT9A	FZD3_LRP6	False	False	True
WNT9A	FZD4	True	False	False
WNT9A	FZD4,LRP5	False	True	False
WNT9A	FZD4,LRP6	False	True	False
WNT9A	FZD4_LRP5	False	False	True
WNT9A	FZD4_LRP6	False	False	True
WNT9A	FZD5	True	False	False
WNT9A	FZD5,LRP5	False	True	False
WNT9A	FZD5,LRP6	False	True	False
WNT9A	FZD5_LRP5	False	False	True
WNT9A	FZD5_LRP6	False	False	True
WNT9A	FZD6	True	False	False
WNT9A	FZD6,LRP5	False	True	False
WNT9A	FZD6,LRP6	False	True	False
WNT9A	FZD6_LRP5	False	False	True
WNT9A	FZD6_LRP6	False	False	True
WNT9A	FZD7	True	False	False
WNT9A	FZD7,LRP6	False	True	False
WNT9A	FZD7_LRP5	False	False	True
WNT9A	FZD7_LRP6	False	False	True
WNT9A	FZD8	True	False	False
WNT9A	FZD8,LRP5	False	True	False
WNT9A	FZD8,LRP6	False	True	False
WNT9A	FZD8_LRP5	False	False	True
WNT9A	FZD8_LRP6	False	False	True
WNT9A	FZD9	True	False	False
WNT9A	FZD9,LRP5	False	True	False
WNT9A	FZD9,LRP6	False	True	False
WNT9A	FZD9_LRP5	False	False	True
WNT9A	FZD9_LRP6	False	False	True
WNT9A	LRP5	True	False	False
WNT9A	LRP5,FZD3	False	True	False
WNT9A	LRP5,FZD7	False	True	False
WNT9A	LRP6	True	False	False
WNT9A	MUSK	True	False	False
WNT9B	CHRNA1	True	False	False
WNT9B	FZD1	True	False	False
WNT9B	FZD1,LRP5	False	True	False
WNT9B	FZD1,LRP6	False	True	False
WNT9B	FZD10	True	False	False
WNT9B	FZD10,LRP5	False	True	False
WNT9B	FZD10,LRP6	False	True	False
WNT9B	FZD10_LRP5	False	False	True
WNT9B	FZD10_LRP6	False	False	True
WNT9B	FZD1_LRP5	False	False	True
WNT9B	FZD1_LRP6	False	False	True
WNT9B	FZD2	True	False	False
WNT9B	FZD2,LRP5	False	True	False
WNT9B	FZD2,LRP6	False	True	False
WNT9B	FZD2_LRP5	False	False	True
WNT9B	FZD2_LRP6	False	False	True
WNT9B	FZD3	True	False	False
WNT9B	FZD3,LRP6	False	True	False
WNT9B	FZD3_LRP5	False	False	True
WNT9B	FZD3_LRP6	False	False	True
WNT9B	FZD4	True	False	False
WNT9B	FZD4,LRP5	False	True	False
WNT9B	FZD4,LRP6	False	True	False
WNT9B	FZD4_LRP5	False	False	True
WNT9B	FZD4_LRP6	False	False	True
WNT9B	FZD5	True	False	False
WNT9B	FZD5,LRP5	False	True	False
WNT9B	FZD5,LRP6	False	True	False
WNT9B	FZD5_LRP5	False	False	True
WNT9B	FZD5_LRP6	False	False	True
WNT9B	FZD6	True	False	False
WNT9B	FZD6,LRP5	False	True	False
WNT9B	FZD6,LRP6	False	True	False
WNT9B	FZD6_LRP5	False	False	True
WNT9B	FZD6_LRP6	False	False	True
WNT9B	FZD7	True	False	False
WNT9B	FZD7,LRP6	False	True	False
WNT9B	FZD7_LRP5	False	False	True
WNT9B	FZD7_LRP6	False	False	True
WNT9B	FZD8	True	False	False
WNT9B	FZD8,LRP5	False	True	False
WNT9B	FZD8,LRP6	False	True	False
WNT9B	FZD8_LRP5	False	False	True
WNT9B	FZD8_LRP6	False	False	True
WNT9B	FZD9	True	False	False
WNT9B	FZD9,LRP5	False	True	False
WNT9B	FZD9,LRP6	False	True	False
WNT9B	FZD9_LRP5	False	False	True
WNT9B	FZD9_LRP6	False	False	True
WNT9B	LRP5	True	False	False
WNT9B	LRP5,FZD3	False	True	False
WNT9B	LRP5,FZD7	False	True	False
WNT9B	LRP6	True	False	False
XCL1	ADGRV1	True	False	True
XCL1	XCR1	True	True	True
XCL2	XCR1	True	True	True
YARS1	CXCR1	True	False	False
YBX1	NOTCH1	False	False	True
ZDHHC5	S1PR1	True	False	False
ZG16B	CXCR4	True	False	True
ZG16B	TLR2	True	False	True
ZG16B	TLR4	True	False	True
ZG16B	TLR5	True	False	True
ZG16B	TLR6	True	False	True
ZNRF3	FZD2	True	False	False
ZNRF3	FZD4	True	False	False
ZNRF3	FZD5	True	False	False
ZNRF3	FZD6	True	False	False
ZNRF3	FZD8	True	False	False
ZNRF3	LRP6	True	False	False
ZP3	CHRNA7	True	False	True
ZP3	EGFR	True	False	True
ZP3	MERTK	True	False	True
ZPBP2	CD80	True	False	False
