grid_id,x,y,n_cells,C_state,I_state,C_margin,I_margin
1,0.0,0.0,104,1,5,0.39546633,0.087604135
2,100.0,0.0,199,7,5,0.9196547,0.75996655
3,200.0,0.0,307,1,5,0.3900343,0.82577205
4,300.0,0.0,353,1,5,0.62151444,0.70153177
5,400.0,0.0,312,3,4,0.035508066,0.0965987
6,500.0,0.0,303,0,7,0.08065638,0.67730093
7,600.0,0.0,378,0,1,0.058986813,0.10662073
8,700.0,0.0,501,5,0,0.001703918,0.12291053
9,800.0,0.0,527,2,1,0.18655682,0.27533215
10,900.0,0.0,484,0,1,0.26853597,0.00921005
11,1000.0,0.0,408,0,2,0.064109296,0.6718468
12,1100.0,0.0,372,1,5,0.65923065,0.21505749
13,1200.0,0.0,387,6,2,0.09080696,0.06105241
14,1300.0,0.0,456,1,5,0.35594374,0.009733707
15,1400.0,0.0,462,1,3,0.5137814,1.0
16,1500.0,0.0,425,6,5,0.18883222,0.18230167
17,1600.0,0.0,421,6,2,0.5400003,0.049108267
18,1700.0,0.0,428,6,6,0.17248163,0.28707168
19,1800.0,0.0,380,6,2,0.73365545,0.19671199
20,1900.0,0.0,375,6,5,0.7773526,0.91718113
21,2000.0,0.0,393,6,5,0.7772065,1.0
22,2100.0,0.0,409,6,6,0.77775216,0.37451202
23,2200.0,0.0,350,6,3,0.7779434,0.05146572
24,2300.0,0.0,267,6,3,0.77796096,0.0006124985
25,2400.0,0.0,202,6,5,0.77796125,4.556501e-11
26,2500.0,0.0,158,6,7,0.77796125,1.57634e-19
27,2600.0,0.0,138,6,7,0.77796125,1.9898392e-22
28,2700.0,0.0,112,6,7,0.77796125,2.250323e-07
29,2800.0,0.0,57,6,6,0.77796125,1.394045e-12
30,4300.0,0.0,74,6,6,0.7778666,3.252815e-12
31,4400.0,0.0,123,6,6,0.7779612,0.3806943
32,4500.0,0.0,140,6,6,0.7779612,0.000655401
33,4600.0,0.0,139,6,6,0.77796125,0.0044367756
34,4700.0,0.0,131,6,6,0.77796125,0.022589523
35,4800.0,0.0,146,6,7,0.77796125,5.0078033e-06
36,4900.0,0.0,158,6,7,0.77796125,0.536351
37,5000.0,0.0,193,6,7,0.77796125,0.5364463
38,5100.0,0.0,231,6,3,0.7680704,1.0
39,5200.0,0.0,306,6,3,0.77783835,0.8298768
40,5300.0,0.0,339,6,7,0.77796113,0.6214719
41,5400.0,0.0,363,6,7,0.7779584,0.48905253
42,5500.0,0.0,423,6,7,0.777961,0.8588091
43,5600.0,0.0,502,6,6,0.77824014,0.19340995
44,5700.0,0.0,517,6,6,0.7709487,0.79393554
45,5800.0,0.0,499,6,1,0.5431159,0.8623847
46,5900.0,0.0,357,6,7,0.6144848,0.15566131
47,6000.0,0.0,183,6,6,0.6525001,0.048260838
48,6100.0,0.0,91,0,7,0.94446313,0.31042185
49,6200.0,0.0,46,7,7,0.014581978,0.55120766
50,6300.0,0.0,40,0,7,0.8054966,0.8890234
51,6400.0,0.0,54,0,7,0.75851953,0.4975149
52,6500.0,0.0,58,0,0,0.85229146,0.1491181
53,6600.0,0.0,62,0,7,0.99993753,1.0
54,6700.0,0.0,52,1,7,0.50810486,1.0
55,6800.0,0.0,62,0,7,0.8971341,0.9065875
56,6900.0,0.0,64,0,2,0.8641143,0.39859325
57,7000.0,0.0,78,0,0,1.0,0.4237792
58,7100.0,0.0,95,0,7,0.80695313,0.43404996
59,7200.0,0.0,120,0,0,0.6650101,0.06549588
60,7300.0,0.0,114,3,2,0.67604136,0.46256304
61,7400.0,0.0,78,0,2,0.63998246,0.80986005
62,7500.0,0.0,47,0,7,0.9934151,0.39986554
63,0.0,100.0,249,1,2,0.5634181,0.15404189
64,100.0,100.0,498,5,2,0.052933693,0.56691366
65,200.0,100.0,659,1,5,0.13819149,0.6764771
66,300.0,100.0,637,1,5,0.91595566,0.40897208
67,400.0,100.0,578,0,5,0.054412335,0.011975497
68,500.0,100.0,574,0,7,0.8941965,0.5087465
69,600.0,100.0,672,5,3,0.25199217,0.11751768
70,700.0,100.0,815,5,1,0.45226493,0.04772386
71,800.0,100.0,872,5,1,0.25240004,0.01204446
72,900.0,100.0,802,1,5,0.20073757,0.26344627
73,1000.0,100.0,722,0,0,0.033847332,0.015539587
74,1100.0,100.0,651,0,6,0.15907878,0.009909302
75,1200.0,100.0,621,1,5,0.8196717,0.4108529
76,1300.0,100.0,632,1,5,0.94705975,0.6546105
77,1400.0,100.0,699,1,5,0.9618329,0.86417747
78,1500.0,100.0,679,1,5,0.71518016,0.11010179
79,1600.0,100.0,666,1,2,0.65852153,0.47811776
80,1700.0,100.0,651,1,2,0.58106697,0.41325784
81,1800.0,100.0,636,1,2,0.57676154,0.46216762
82,1900.0,100.0,648,6,7,0.10088718,0.10315803
83,2000.0,100.0,710,1,1,0.4416272,0.14570981
84,2100.0,100.0,658,1,3,0.16224247,0.88758
85,2200.0,100.0,622,6,1,0.4479276,0.856959
86,2300.0,100.0,496,6,3,0.41185778,1.0
87,2400.0,100.0,421,6,3,0.7628876,0.25929022
88,2500.0,100.0,374,6,5,0.77703595,0.29454607
89,2600.0,100.0,342,6,5,0.77742904,1.0
90,2700.0,100.0,303,6,5,0.7740968,0.6879459
91,2800.0,100.0,221,6,6,0.7777628,0.7265383
92,2900.0,100.0,124,6,5,0.77060825,1.0
93,3000.0,100.0,56,6,7,0.77201575,1.7725647e-07
94,3900.0,100.0,46,6,6,0.7779612,0.0034546314
95,4000.0,100.0,51,6,6,0.7779612,0.12167397
96,4100.0,100.0,134,6,7,0.7779598,0.5091457
97,4200.0,100.0,256,6,7,0.7771804,1.0
98,4300.0,100.0,342,6,6,0.5243147,0.40206313
99,4400.0,100.0,350,6,7,0.75870925,0.5369062
100,4500.0,100.0,430,6,7,0.77349126,0.5363413
101,4600.0,100.0,496,6,6,0.77796113,0.50504744
102,4700.0,100.0,483,6,6,0.7779612,0.8904116
103,4800.0,100.0,460,6,7,0.77796096,0.5101745
104,4900.0,100.0,429,6,1,0.7779065,0.22858453
105,5000.0,100.0,445,6,6,0.7779331,0.415176
106,5100.0,100.0,504,6,3,0.7146871,0.074866265
107,5200.0,100.0,553,6,3,0.6010848,0.5612998
108,5300.0,100.0,599,6,3,0.3248912,0.23949316
109,5400.0,100.0,656,6,3,0.45656654,1.0
110,5500.0,100.0,779,6,7,0.6030248,0.22572201
111,5600.0,100.0,942,6,6,0.4824369,0.20595527
112,5700.0,100.0,991,6,6,0.8458853,0.14019045
113,5800.0,100.0,877,6,6,0.86863506,0.24997434
114,5900.0,100.0,664,6,4,0.37779045,0.05032459
115,6000.0,100.0,372,0,6,0.49531898,0.49997354
116,6100.0,100.0,179,7,6,0.267907,0.079358965
117,6200.0,100.0,86,0,7,0.99204195,0.43275324
118,6300.0,100.0,59,0,7,0.9999945,0.90097636
119,6400.0,100.0,74,0,7,0.080025166,0.3529942
120,6500.0,100.0,80,1,0,0.030275494,0.37306398
121,6600.0,100.0,97,0,2,0.64090604,0.28808147
122,6700.0,100.0,84,1,2,0.46203315,0.15746978
123,6800.0,100.0,99,0,7,0.9999962,0.9595636
124,6900.0,100.0,87,0,2,0.509706,0.24895585
125,7000.0,100.0,108,0,7,0.99999535,0.8771821
126,7100.0,100.0,152,7,2,0.23850009,0.043936312
127,7200.0,100.0,167,3,2,0.3385502,0.27744392
128,7300.0,100.0,172,1,5,0.27758572,0.05830133
129,7400.0,100.0,127,0,7,0.3633575,0.0278683
130,7500.0,100.0,82,0,7,0.569761,0.42284915
131,7600.0,100.0,34,0,7,0.99999535,0.98839706
132,0.0,200.0,435,1,2,0.59239435,0.17871729
133,100.0,200.0,737,1,5,0.63211477,0.28988808
134,200.0,200.0,970,1,5,0.5437643,0.18281147
135,300.0,200.0,873,1,5,0.82164663,0.17765021
136,400.0,200.0,797,1,5,0.5772089,0.034734294
137,500.0,200.0,800,0,7,0.8527252,0.14529565
138,600.0,200.0,908,3,3,0.20810553,0.084681734
139,700.0,200.0,1116,5,3,0.19324008,0.102202326
140,800.0,200.0,1257,5,1,0.6793606,0.4331478
141,900.0,200.0,1146,5,1,0.009356141,0.21194625
142,1000.0,200.0,955,5,1,0.3804725,0.08553788
143,1100.0,200.0,866,0,1,0.22089231,0.23387256
144,1200.0,200.0,802,0,6,0.69740176,0.36306363
145,1300.0,200.0,775,1,5,0.68991,0.4769574
146,1400.0,200.0,801,1,5,0.12733713,0.00079876184
147,1500.0,200.0,798,1,5,0.95701915,0.86840934
148,1600.0,200.0,766,1,5,0.9820383,0.55375534
149,1700.0,200.0,790,1,5,0.8393917,0.3746189
150,1800.0,200.0,785,1,2,0.01989907,0.033572674
151,1900.0,200.0,814,3,6,0.0022824407,0.021250963
152,2000.0,200.0,863,5,3,0.19164234,0.17346749
153,2100.0,200.0,875,5,3,0.18224385,0.18482938
154,2200.0,200.0,881,6,3,0.17576641,0.30001968
155,2300.0,200.0,676,1,1,0.10571331,0.8306054
156,2400.0,200.0,598,0,1,0.03181967,0.080676675
157,2500.0,200.0,573,6,5,0.16220003,0.91594154
158,2600.0,200.0,521,1,5,0.6277592,0.56201434
159,2700.0,200.0,502,1,2,0.8433013,0.41277805
160,2800.0,200.0,382,6,5,0.60407627,0.14915358
161,2900.0,200.0,255,1,5,0.71457726,1.0
162,3000.0,200.0,116,0,6,0.17134824,0.9572485
163,3100.0,200.0,47,6,6,0.9749199,0.7386105
164,3200.0,200.0,33,7,7,0.009692848,0.8708374
165,3300.0,200.0,35,0,7,0.007768661,0.9303502
166,3400.0,200.0,30,6,7,0.7766115,0.9112006
167,3800.0,200.0,55,7,6,0.26843596,0.46761426
168,3900.0,200.0,75,6,7,0.77623916,0.4074844
169,4000.0,200.0,179,6,6,0.73476136,0.0046123564
170,4100.0,200.0,387,6,3,0.549097,0.621597
171,4200.0,200.0,608,6,7,0.50569797,0.955038
172,4300.0,200.0,752,6,6,0.7154657,0.76315665
173,4400.0,200.0,759,6,3,0.68890744,0.7549962
174,4500.0,200.0,802,6,1,0.67428875,0.8067112
175,4600.0,200.0,809,6,3,0.7113052,0.17966232
176,4700.0,200.0,827,6,1,0.62265074,0.16060293
177,4800.0,200.0,820,6,1,0.42417744,0.3032569
178,4900.0,200.0,759,6,5,0.20222896,0.049856946
179,5000.0,200.0,743,6,1,0.3442502,0.002709344
180,5100.0,200.0,777,6,0,0.15495911,0.1414116
181,5200.0,200.0,810,5,1,0.5096512,0.06493941
182,5300.0,200.0,831,5,3,0.9000892,0.14598429
183,5400.0,200.0,884,5,1,0.9276997,0.2501691
184,5500.0,200.0,1002,0,1,0.13405961,0.26902944
185,5600.0,200.0,1175,6,2,0.8234528,0.010277063
186,5700.0,200.0,1292,6,6,0.7637265,0.25380382
187,5800.0,200.0,1213,6,4,0.8656069,0.12604055
188,5900.0,200.0,942,6,4,0.00573045,0.24523926
189,6000.0,200.0,571,6,7,0.140338,0.055720568
190,6100.0,200.0,246,0,7,0.63678086,0.16076687
191,6200.0,200.0,99,7,0,0.10696983,0.2045488
192,6300.0,200.0,74,0,7,0.9626389,0.76380706
193,6400.0,200.0,83,0,7,0.9999956,0.98238766
194,6500.0,200.0,98,0,7,0.984824,0.26229918
195,6600.0,200.0,96,0,7,0.11516839,0.1468488
196,6700.0,200.0,105,0,0,0.19580024,0.2030853
197,6800.0,200.0,127,0,0,0.6491235,0.08930865
198,6900.0,200.0,110,0,7,0.97934884,0.9341139
199,7000.0,200.0,150,0,7,0.99999535,1.0
200,7100.0,200.0,172,0,7,0.9998978,0.3206376
201,7200.0,200.0,182,0,2,0.20009214,0.3581444
202,7300.0,200.0,195,0,5,0.19060555,0.22366238
203,7400.0,200.0,148,0,7,0.27918544,0.10674542
204,7500.0,200.0,91,0,2,0.26292756,0.34705484
205,7600.0,200.0,53,0,7,0.99999535,0.92887205
206,0.0,300.0,566,1,5,0.72551787,0.26300007
207,100.0,300.0,874,1,2,0.7935233,0.21063194
208,200.0,300.0,1090,1,2,0.75039864,0.04670462
209,300.0,300.0,1014,1,5,0.95656925,0.43674964
210,400.0,300.0,898,1,5,0.16448638,0.5178106
211,500.0,300.0,886,0,5,0.06775296,0.11030966
212,600.0,300.0,1023,5,1,0.44321713,0.115383714
213,700.0,300.0,1235,5,1,0.5523696,0.56841356
214,800.0,300.0,1336,5,1,0.8011609,0.5604882
215,900.0,300.0,1339,5,1,0.82327646,0.99840224
216,1000.0,300.0,1104,5,5,0.26979995,0.14270625
217,1100.0,300.0,898,5,1,0.6467004,0.0026557446
218,1200.0,300.0,795,6,5,0.03919831,0.03269568
219,1300.0,300.0,757,0,0,0.10562262,0.13353246
220,1400.0,300.0,631,1,4,0.29338884,0.0450294
221,1500.0,300.0,650,1,2,0.916229,0.07573882
222,1600.0,300.0,710,1,0,0.26171148,0.051065445
223,1700.0,300.0,732,1,5,0.4907193,0.22688961
224,1800.0,300.0,735,1,5,0.28474358,0.22718641
225,1900.0,300.0,781,0,5,0.034198195,0.0009987354
226,2000.0,300.0,826,2,1,0.08595857,0.0077112615
227,2100.0,300.0,828,5,1,0.6568539,0.7621415
228,2200.0,300.0,825,5,1,0.78156847,0.7032373
229,2300.0,300.0,737,5,1,0.28520384,0.08715114
230,2400.0,300.0,705,0,2,0.33472562,0.25441283
231,2500.0,300.0,634,1,2,0.6805955,0.0035894513
232,2600.0,300.0,637,1,5,0.885153,0.20018405
233,2700.0,300.0,607,1,5,0.8108339,0.037981212
234,2800.0,300.0,474,1,5,1.0,0.9843249
235,2900.0,300.0,337,1,5,0.6201121,0.08551431
236,3000.0,300.0,187,6,7,0.72622865,0.77471256
237,3100.0,300.0,84,0,7,0.04233682,1.0
238,3200.0,300.0,49,0,7,0.76432735,0.07075152
239,3300.0,300.0,51,6,6,0.25352478,0.9912368
240,3400.0,300.0,43,0,0,0.029155642,0.9244095
241,3500.0,300.0,40,7,7,0.28430173,0.13011855
242,3600.0,300.0,39,6,7,0.77327085,0.1912128
243,3700.0,300.0,38,6,6,1.0,1.0
244,3800.0,300.0,67,0,7,0.8094289,0.45641634
245,3900.0,300.0,105,0,0,0.34886894,0.48793852
246,4000.0,300.0,312,0,7,0.45707417,0.40786612
247,4100.0,300.0,602,6,0,0.5032575,0.2885092
248,4200.0,300.0,879,6,6,0.38775265,0.045520112
249,4300.0,300.0,1062,7,6,0.13110414,0.07486066
250,4400.0,300.0,1119,1,3,0.119555786,0.058617443
251,4500.0,300.0,1123,5,1,0.11808607,0.04241863
252,4600.0,300.0,1040,6,1,0.2051382,0.011979833
253,4700.0,300.0,1081,5,1,0.07610804,0.18463814
254,4800.0,300.0,1045,5,1,0.6111535,0.71281487
255,4900.0,300.0,982,5,1,0.56217945,0.09471136
256,5000.0,300.0,935,2,1,0.020885408,0.1611855
257,5100.0,300.0,950,0,3,0.083176464,0.1188674
258,5200.0,300.0,911,6,0,0.29572016,0.09826985
259,5300.0,300.0,898,5,4,0.07977906,0.0539546
260,5400.0,300.0,916,5,1,0.9492091,0.5987846
261,5500.0,300.0,1035,5,1,0.63384855,0.4316635
262,5600.0,300.0,1184,5,1,0.17188534,0.40079412
263,5700.0,300.0,1335,6,4,0.047638565,0.07230654
264,5800.0,300.0,1365,0,0,0.036246985,0.07627931
265,5900.0,300.0,1118,7,6,0.17245257,0.0020914376
266,6000.0,300.0,669,0,4,0.18009934,0.14290234
267,6100.0,300.0,296,7,7,0.079007655,0.2469548
268,6200.0,300.0,114,0,7,0.51045203,0.41147393
269,6300.0,300.0,74,0,7,0.98510575,1.0
270,6400.0,300.0,69,0,7,0.99999535,1.0
271,6500.0,300.0,83,0,7,0.99999535,1.0
272,6600.0,300.0,101,0,7,0.9999949,1.0
273,6700.0,300.0,114,0,4,0.81907487,0.27056813
274,6800.0,300.0,103,0,2,0.5665668,0.08259362
275,6900.0,300.0,106,0,7,0.5153534,0.30084637
276,7000.0,300.0,115,3,7,0.24199861,0.34931424
277,7100.0,300.0,129,0,2,0.8846989,0.50665927
278,7200.0,300.0,156,0,7,0.73725224,0.032393932
279,7300.0,300.0,150,0,7,0.86119866,0.19408014
280,7400.0,300.0,106,0,2,0.36286512,0.28902218
281,7500.0,300.0,71,3,2,0.6381438,0.7579522
282,7600.0,300.0,39,3,2,0.7811163,0.30195534
283,0.0,400.0,542,1,5,0.71474636,0.18677327
284,100.0,400.0,860,1,5,0.9208388,0.6196462
285,200.0,400.0,1014,1,5,0.7353933,0.15090623
286,300.0,400.0,968,1,5,0.47244143,0.34586692
287,400.0,400.0,930,5,5,0.16056871,0.103954196
288,500.0,400.0,938,1,1,0.09506905,0.22379184
289,600.0,400.0,1105,5,1,0.32248378,0.11436519
290,700.0,400.0,1286,5,1,0.39620492,0.28374198
291,800.0,400.0,1406,5,3,0.20650664,0.0452587
292,900.0,400.0,1332,5,3,0.07964659,0.39780077
293,1000.0,400.0,1213,1,1,0.18002486,0.37307215
294,1100.0,400.0,997,7,1,0.44046986,0.012668759
295,1200.0,400.0,779,5,1,0.12671518,0.10489605
296,1300.0,400.0,753,0,0,0.22070578,0.18505016
297,1400.0,400.0,582,0,6,0.15779164,0.22539166
298,1500.0,400.0,507,0,7,0.06733835,0.013449699
299,1600.0,400.0,586,1,5,0.71819144,0.17073524
300,1700.0,400.0,625,1,2,0.83164155,0.08209747
301,1800.0,400.0,684,1,5,0.37736207,0.15324855
302,1900.0,400.0,716,1,2,0.5874302,0.34168738
303,2000.0,400.0,735,0,0,0.19672562,0.090734035
304,2100.0,400.0,729,7,1,0.0611836,0.03260979
305,2200.0,400.0,760,0,1,0.25679648,0.04222253
306,2300.0,400.0,729,0,6,0.26263028,0.03980583
307,2400.0,400.0,710,1,5,0.4038387,0.42307943
308,2500.0,400.0,668,1,5,0.4354429,0.38781673
309,2600.0,400.0,652,1,2,0.42470667,0.07607624
310,2700.0,400.0,587,1,5,0.8258177,0.9520551
311,2800.0,400.0,565,1,5,0.4279325,0.55577564
312,2900.0,400.0,431,0,5,0.4427125,0.44160068
313,3000.0,400.0,253,0,0,0.30640957,0.14944199
314,3100.0,400.0,113,0,7,0.34774414,0.9745122
315,3200.0,400.0,62,7,2,0.04857847,0.03519976
316,3300.0,400.0,62,0,7,0.90975606,0.96089435
317,3400.0,400.0,54,0,7,0.69297177,0.51618797
318,3500.0,400.0,57,7,7,0.89984965,0.6514373
319,3600.0,400.0,54,0,0,0.48759866,0.109895736
320,3700.0,400.0,44,0,6,0.9133115,0.14657441
321,3800.0,400.0,82,0,7,0.18872884,0.4129857
322,3900.0,400.0,112,6,4,0.78776044,0.04037139
323,4000.0,400.0,349,0,4,0.6582749,0.04736072
324,4100.0,400.0,709,0,0,0.24192578,0.067886814
325,4200.0,400.0,1090,5,1,0.3908058,0.22697052
326,4300.0,400.0,1303,6,6,0.3000617,0.04776737
327,4400.0,400.0,1237,5,1,0.5043702,0.29669815
328,4500.0,400.0,1226,5,1,0.77157813,0.32909745
329,4600.0,400.0,1238,5,1,0.009736806,0.10978633
330,4700.0,400.0,1214,7,1,0.07004565,0.30533117
331,4800.0,400.0,1106,5,1,0.22073103,0.16182846
332,4900.0,400.0,1041,0,1,0.032950163,0.32242587
333,5000.0,400.0,1005,7,1,0.07455698,0.21841434
334,5100.0,400.0,967,5,1,0.5422638,0.22752416
335,5200.0,400.0,955,5,1,0.00651896,0.18738785
336,5300.0,400.0,896,6,6,0.018956453,0.049010515
337,5400.0,400.0,900,5,1,0.9076933,0.45970866
338,5500.0,400.0,902,5,1,1.0,0.6903459
339,5600.0,400.0,992,5,1,0.9125263,0.66236913
340,5700.0,400.0,1179,3,1,0.1952265,0.019627482
341,5800.0,400.0,1305,6,0,0.050417542,0.108382076
342,5900.0,400.0,1076,6,4,0.39389563,0.08530325
343,6000.0,400.0,771,0,6,0.60011363,0.40408692
344,6100.0,400.0,388,7,7,0.62066287,0.4678786
345,6200.0,400.0,154,0,4,0.82606345,0.018710285
346,6300.0,400.0,113,0,7,0.48516196,0.63736594
347,6400.0,400.0,89,0,7,0.9999951,0.9915489
348,6500.0,400.0,78,0,7,0.99999535,1.0
349,6600.0,400.0,100,0,2,0.37414908,0.19092739
350,6700.0,400.0,174,0,7,0.9014319,0.54731095
351,6800.0,400.0,184,0,7,0.9663046,0.42561975
352,6900.0,400.0,160,0,7,0.9882897,1.0
353,7000.0,400.0,124,0,7,0.9997309,1.0
354,7100.0,400.0,95,0,2,0.97428167,0.38066873
355,7200.0,400.0,95,0,0,0.77437043,0.09975758
356,7300.0,400.0,94,0,7,0.9769321,0.7309136
357,7400.0,400.0,73,0,7,0.9999968,1.0
358,7500.0,400.0,48,0,7,0.7628624,0.18924204
359,0.0,500.0,484,1,5,0.8811521,0.3043576
360,100.0,500.0,776,1,5,0.7350661,0.54098105
361,200.0,500.0,914,1,5,0.74775887,0.14218503
362,300.0,500.0,917,1,5,0.42273057,0.52959716
363,400.0,500.0,919,5,1,0.35132706,0.28205654
364,500.0,500.0,973,1,5,0.22622344,0.084201396
365,600.0,500.0,1099,5,1,0.2457875,0.02873686
366,700.0,500.0,1221,5,1,0.42717177,0.13008013
367,800.0,500.0,1356,5,1,0.25129518,0.30214608
368,900.0,500.0,1267,1,1,0.16191429,0.22621036
369,1000.0,500.0,1166,1,1,0.031484514,0.29429516
370,1100.0,500.0,985,7,1,0.0856778,0.19134048
371,1200.0,500.0,831,2,1,0.113568634,0.011869639
372,1300.0,500.0,721,5,1,0.102315456,0.0034282804
373,1400.0,500.0,544,0,7,0.2378497,0.28805274
374,1500.0,500.0,451,0,7,0.6598874,0.014233917
375,1600.0,500.0,498,1,5,0.115994155,0.023679763
376,1700.0,500.0,621,1,2,0.665661,0.0048771203
377,1800.0,500.0,689,1,5,0.9752375,0.03983298
378,1900.0,500.0,704,1,5,0.49183172,0.06202659
379,2000.0,500.0,718,1,5,0.85862076,0.009919405
380,2100.0,500.0,733,1,5,0.26432616,0.31095874
381,2200.0,500.0,781,0,6,0.30209777,0.12224513
382,2300.0,500.0,740,1,5,0.6861882,0.35538465
383,2400.0,500.0,710,3,5,0.12375677,0.25645435
384,2500.0,500.0,673,1,5,0.97700286,0.24914652
385,2600.0,500.0,627,1,5,0.5039693,0.5198727
386,2700.0,500.0,592,1,5,0.7765771,0.43765634
387,2800.0,500.0,555,1,5,0.99238586,0.1276924
388,2900.0,500.0,454,1,2,0.8203315,0.5174959
389,3000.0,500.0,297,0,2,0.15373051,0.010284513
390,3100.0,500.0,170,0,7,0.9520021,0.7179435
391,3200.0,500.0,69,0,7,0.9047812,0.5760015
392,3300.0,500.0,79,0,7,0.99999535,1.0
393,3400.0,500.0,80,0,7,0.99989265,0.62535536
394,3500.0,500.0,81,0,7,0.78764653,1.0
395,3600.0,500.0,69,6,0,0.20359,0.08561292
396,3700.0,500.0,57,0,7,0.35823876,1.0
397,3800.0,500.0,86,0,7,0.9792035,0.720371
398,3900.0,500.0,109,7,0,0.12823197,0.18340966
399,4000.0,500.0,285,0,0,0.3518639,0.049325824
400,4100.0,500.0,553,0,0,0.29623115,0.23125914
401,4200.0,500.0,935,5,1,0.08502136,0.15906245
402,4300.0,500.0,1237,5,1,0.6889243,0.18719628
403,4400.0,500.0,1311,5,1,0.1603952,0.23497842
404,4500.0,500.0,1288,5,1,0.14100184,0.35932136
405,4600.0,500.0,1198,6,0,0.024314582,0.06741163
406,4700.0,500.0,1052,7,1,0.029944912,0.083617955
407,4800.0,500.0,1001,5,1,0.48959607,0.6510644
408,4900.0,500.0,937,6,1,0.0068648458,0.17082715
409,5000.0,500.0,957,0,1,0.031783372,0.20513925
410,5100.0,500.0,934,7,1,0.014675394,0.12389657
411,5200.0,500.0,919,0,4,0.3464426,0.14435932
412,5300.0,500.0,915,6,1,0.37861472,0.0844658
413,5400.0,500.0,847,5,1,0.8832353,0.5425923
414,5500.0,500.0,812,5,1,0.95607865,0.6896591
415,5600.0,500.0,834,0,6,0.40567386,0.08637717
416,5700.0,500.0,998,0,4,0.26065725,0.06409311
417,5800.0,500.0,1080,6,4,0.178137,0.08868578
418,5900.0,500.0,932,6,4,0.7776421,0.15966901
419,6000.0,500.0,722,0,6,0.42449003,0.46850523
420,6100.0,500.0,395,0,7,0.075289756,0.09531461
421,6200.0,500.0,283,0,4,0.67226046,0.04682219
422,6300.0,500.0,219,0,7,0.9191854,0.64126414
423,6400.0,500.0,159,0,7,0.57566786,0.041816294
424,6500.0,500.0,111,0,7,0.9945517,1.0
425,6600.0,500.0,129,0,7,0.74439424,0.896331
426,6700.0,500.0,194,0,7,0.42146248,0.48649454
427,6800.0,500.0,213,1,7,0.8381828,0.35517582
428,6900.0,500.0,181,1,5,0.72534937,0.23877257
429,7000.0,500.0,137,0,7,0.97553605,0.5319476
430,7100.0,500.0,92,0,7,0.8051855,0.9874424
431,7200.0,500.0,104,0,0,0.7453524,0.18326965
432,7300.0,500.0,106,0,4,0.7813941,0.4614688
433,7400.0,500.0,155,0,2,0.6958966,0.27209064
434,7500.0,500.0,115,0,7,0.99999535,0.99014866
435,7600.0,500.0,54,0,7,0.99999535,0.9750141
436,0.0,600.0,395,1,5,0.48061645,0.020847589
437,100.0,600.0,695,1,5,0.011845261,0.43226248
438,200.0,600.0,875,1,5,0.9527808,0.26220474
439,300.0,600.0,915,1,5,0.41579312,0.13742962
440,400.0,600.0,969,3,1,0.04605028,0.028097242
441,500.0,600.0,1003,2,5,0.12161471,0.19116715
442,600.0,600.0,1081,5,1,0.7083397,0.23926431
443,700.0,600.0,1137,5,1,0.7350527,0.3550114
444,800.0,600.0,1147,5,1,0.7788433,0.3476643
445,900.0,600.0,1138,5,1,0.3618621,0.07119918
446,1000.0,600.0,1038,7,3,0.115168035,0.06006804
447,1100.0,600.0,922,5,1,0.68489265,0.8036746
448,1200.0,600.0,865,5,1,0.4478496,0.07773164
449,1300.0,600.0,712,5,5,0.10017711,0.175654
450,1400.0,600.0,537,0,2,0.4385727,0.097663045
451,1500.0,600.0,492,0,0,0.36877644,0.08800137
452,1600.0,600.0,501,1,5,0.5930958,0.06664309
453,1700.0,600.0,606,1,2,0.6327092,0.56185913
454,1800.0,600.0,702,1,2,0.55008346,0.43141448
455,1900.0,600.0,697,1,5,0.4662581,0.0713515
456,2000.0,600.0,723,1,5,0.96983063,0.12997714
457,2100.0,600.0,735,1,5,0.8560124,0.9965836
458,2200.0,600.0,760,1,5,0.8982183,0.48341697
459,2300.0,600.0,743,1,5,0.8952018,0.5992626
460,2400.0,600.0,738,1,5,0.5694855,0.11646193
461,2500.0,600.0,682,1,5,0.66121155,0.20193806
462,2600.0,600.0,642,1,5,0.9441485,0.4935596
463,2700.0,600.0,646,1,2,0.71190983,0.18749899
464,2800.0,600.0,627,1,5,0.92274517,0.39217147
465,2900.0,600.0,516,1,2,0.51833004,0.4665925
466,3000.0,600.0,380,0,2,0.45536613,0.08848271
467,3100.0,600.0,223,0,0,0.9257176,0.09651399
468,3200.0,600.0,113,0,0,0.9003572,0.14549404
469,3300.0,600.0,131,0,7,0.9999933,1.0
470,3400.0,600.0,132,0,6,0.92152464,0.18179446
471,3500.0,600.0,115,0,2,0.8327976,0.020454705
472,3600.0,600.0,102,0,0,0.68823576,0.38969034
473,3700.0,600.0,80,0,0,0.6684133,0.092164785
474,3800.0,600.0,70,0,7,0.0106138885,0.86125016
475,3900.0,600.0,84,5,0,0.06096843,0.12119478
476,4000.0,600.0,190,0,7,0.21462893,0.9055619
477,4100.0,600.0,398,0,4,0.7411364,0.19838926
478,4200.0,600.0,651,6,4,0.18309963,0.12063488
479,4300.0,600.0,951,6,4,0.29385,0.22833899
480,4400.0,600.0,1079,6,6,0.4185098,0.020313412
481,4500.0,600.0,1116,6,4,0.3351289,0.16174528
482,4600.0,600.0,1015,6,6,0.11264852,0.012362778
483,4700.0,600.0,831,0,2,0.017731845,0.07602316
484,4800.0,600.0,741,0,1,0.16718452,0.050687224
485,4900.0,600.0,736,0,6,0.21669385,0.14547245
486,5000.0,600.0,767,0,6,0.37824026,0.31367773
487,5100.0,600.0,837,0,6,0.11975506,0.23408791
488,5200.0,600.0,875,0,0,0.1395084,0.023471683
489,5300.0,600.0,851,0,0,0.13989517,0.10677761
490,5400.0,600.0,791,0,1,0.11129078,0.03734258
491,5500.0,600.0,699,7,1,0.13238695,0.009071827
492,5600.0,600.0,691,0,1,0.53941166,0.046793222
493,5700.0,600.0,748,0,0,0.5729395,0.0607322
494,5800.0,600.0,797,6,4,0.32051513,0.020442754
495,5900.0,600.0,791,0,4,0.45120472,0.11221349
496,6000.0,600.0,604,0,7,0.553009,0.53589624
497,6100.0,600.0,422,0,4,0.003961891,0.07816014
498,6200.0,600.0,363,0,1,0.49502125,0.6757548
499,6300.0,600.0,313,2,1,0.4290197,0.68607527
500,6400.0,600.0,200,0,7,0.36581972,0.39174885
501,6500.0,600.0,125,0,7,0.96877646,1.0
502,6600.0,600.0,139,0,7,0.8206345,0.4084288
503,6700.0,600.0,203,1,5,0.111596495,0.13477653
504,6800.0,600.0,205,1,5,0.61038846,0.036839843
505,6900.0,600.0,181,7,5,0.036405236,0.1758579
506,7000.0,600.0,131,0,7,0.9980569,0.4913142
507,7100.0,600.0,137,0,7,0.9999973,0.35981727
508,7200.0,600.0,200,0,7,0.4640832,0.022181123
509,7300.0,600.0,247,0,2,0.31734627,0.17032582
510,7400.0,600.0,236,0,2,0.7758435,0.24848565
511,7500.0,600.0,157,0,4,0.37198782,0.20149527
512,7600.0,600.0,96,0,7,0.9255889,0.67809665
513,0.0,700.0,360,1,5,0.6986319,0.86027336
514,100.0,700.0,614,1,5,0.8844215,0.8743221
515,200.0,700.0,860,1,5,0.02389741,0.304692
516,300.0,700.0,951,6,5,0.03877738,0.13421056
517,400.0,700.0,1018,5,1,0.093627006,0.03395179
518,500.0,700.0,1051,1,1,0.30296713,0.03639996
519,600.0,700.0,1083,5,1,0.06820452,0.019974053
520,700.0,700.0,1050,5,1,0.2932564,0.10579243
521,800.0,700.0,1035,5,1,0.6052115,0.23702863
522,900.0,700.0,1005,5,1,0.89328796,0.7169886
523,1000.0,700.0,958,5,5,0.3786105,0.19519958
524,1100.0,700.0,865,1,5,0.19700193,0.2815212
525,1200.0,700.0,843,5,1,0.18557334,0.028348982
526,1300.0,700.0,693,5,1,0.17498735,0.11728798
527,1400.0,700.0,549,0,6,0.37669623,0.17855643
528,1500.0,700.0,448,1,5,0.61220336,0.11193833
529,1600.0,700.0,526,3,2,0.1744473,0.08441177
530,1700.0,700.0,644,1,2,0.7285419,0.33817294
531,1800.0,700.0,689,1,5,0.27573514,0.13473961
532,1900.0,700.0,720,1,5,1.0,1.0
533,2000.0,700.0,716,1,5,0.89745027,0.5806469
534,2100.0,700.0,758,1,5,0.46736288,0.31259352
535,2200.0,700.0,746,1,5,0.8315113,0.37384415
536,2300.0,700.0,723,1,5,0.99596465,0.9595171
537,2400.0,700.0,712,1,5,0.95049167,0.6815911
538,2500.0,700.0,713,1,5,0.3844716,0.21467558
539,2600.0,700.0,680,1,5,0.088737994,0.2764572
540,2700.0,700.0,673,1,5,0.54320604,0.32400873
541,2800.0,700.0,672,1,5,0.42065376,0.6018685
542,2900.0,700.0,594,1,5,1.0,0.29008278
543,3000.0,700.0,450,1,5,0.9508627,0.84582895
544,3100.0,700.0,295,0,5,0.74704427,0.054865956
545,3200.0,700.0,187,0,2,0.65825784,0.01402539
546,3300.0,700.0,174,0,0,0.2912458,0.006728053
547,3400.0,700.0,176,0,0,0.44999832,0.20680526
548,3500.0,700.0,157,0,2,0.45896298,0.37640023
549,3600.0,700.0,146,0,2,0.9642684,0.32885644
550,3700.0,700.0,110,0,7,0.8660506,0.24942718
551,3800.0,700.0,85,0,7,0.9999956,0.78951395
552,3900.0,700.0,79,0,7,0.97169083,0.88658667
553,4000.0,700.0,102,0,7,0.6495196,0.78136945
554,4100.0,700.0,208,6,7,0.07334256,0.9007523
555,4200.0,700.0,409,0,7,0.6803913,0.11930299
556,4300.0,700.0,588,0,2,0.37117246,0.12973365
557,4400.0,700.0,714,6,6,0.15461883,0.23309445
558,4500.0,700.0,727,7,4,0.100049734,0.12178245
559,4600.0,700.0,682,6,0,0.06667292,0.11685817
560,4700.0,700.0,542,0,2,0.90983164,0.26606208
561,4800.0,700.0,460,0,2,0.49958786,0.20122296
562,4900.0,700.0,488,0,4,0.40815687,0.17500716
563,5000.0,700.0,588,6,4,0.019756347,0.29630917
564,5100.0,700.0,750,0,1,0.36754024,0.12077391
565,5200.0,700.0,761,5,1,0.7865782,0.2996829
566,5300.0,700.0,761,7,6,0.114631206,0.0153490305
567,5400.0,700.0,714,7,0,0.24406439,0.06369054
568,5500.0,700.0,603,0,6,0.30715284,0.13322383
569,5600.0,700.0,544,0,1,0.3400001,0.15273324
570,5700.0,700.0,491,0,7,0.488188,0.20629439
571,5800.0,700.0,548,0,0,0.4311712,0.32639515
572,5900.0,700.0,564,0,1,0.47883892,0.033557266
573,6000.0,700.0,483,5,1,0.34481844,0.31165963
574,6100.0,700.0,479,3,1,0.36180055,0.2292143
575,6200.0,700.0,444,5,1,0.18151647,0.31906113
576,6300.0,700.0,341,0,1,0.5958704,0.1871647
577,6400.0,700.0,244,0,7,0.9862418,1.0
578,6500.0,700.0,138,3,7,0.30565384,0.7545087
579,6600.0,700.0,138,0,7,0.95506215,1.0
580,6700.0,700.0,174,0,7,0.9999759,1.0
581,6800.0,700.0,194,0,7,0.77597755,0.31382015
582,6900.0,700.0,150,0,7,0.9034015,0.66886806
583,7000.0,700.0,150,0,7,0.46725982,1.0
584,7100.0,700.0,258,0,7,0.97733116,1.0
585,7200.0,700.0,339,0,0,0.87250054,0.03848484
586,7300.0,700.0,444,0,4,0.63389796,0.026970431
587,7400.0,700.0,397,0,7,0.79249513,0.2870235
588,7500.0,700.0,264,0,4,0.6744046,0.066729635
589,7600.0,700.0,133,0,7,0.85599244,0.7916469
590,0.0,800.0,354,3,5,0.117794365,0.070014626
591,100.0,800.0,620,1,2,0.20027372,0.17738101
592,200.0,800.0,864,1,5,0.8685315,0.47959414
593,300.0,800.0,910,7,5,0.15760234,0.3233558
594,400.0,800.0,1030,2,1,0.13742036,0.17924997
595,500.0,800.0,1157,2,1,0.043967813,0.041830033
596,600.0,800.0,1197,5,1,0.77925515,0.2800762
597,700.0,800.0,1206,5,5,0.64152265,0.059280723
598,800.0,800.0,1093,2,5,0.088321775,0.1495296
599,900.0,800.0,944,2,1,0.08244121,0.002439499
600,1000.0,800.0,926,5,5,0.49926847,0.2084381
601,1100.0,800.0,904,5,5,0.3715724,0.059425652
602,1200.0,800.0,792,1,5,0.43496373,0.05384162
603,1300.0,800.0,651,0,2,0.32991138,0.07330535
604,1400.0,800.0,528,0,5,0.37500298,0.012967646
605,1500.0,800.0,470,0,5,0.007242799,0.7623818
606,1600.0,800.0,530,1,5,0.90721583,0.074005306
607,1700.0,800.0,593,1,5,0.6299608,0.22052658
608,1800.0,800.0,647,1,5,0.9351045,0.0732733
609,1900.0,800.0,685,1,2,0.7976033,0.09922129
610,2000.0,800.0,705,1,5,0.7922828,0.68979704
611,2100.0,800.0,726,1,5,0.4310048,0.22807536
612,2200.0,800.0,722,1,5,0.9612238,0.5878846
613,2300.0,800.0,716,1,5,0.70319074,0.717009
614,2400.0,800.0,694,1,5,0.74053377,0.4533457
615,2500.0,800.0,698,1,2,0.90852165,0.048947662
616,2600.0,800.0,689,1,5,0.981658,0.5984944
617,2700.0,800.0,683,1,5,0.53334826,0.20152241
618,2800.0,800.0,683,1,5,0.56854093,0.43438682
619,2900.0,800.0,633,1,5,0.8739089,1.0
620,3000.0,800.0,539,1,5,0.34359702,0.24445933
621,3100.0,800.0,470,0,5,0.6162058,0.10092464
622,3200.0,800.0,378,0,5,0.19537354,0.18203622
623,3300.0,800.0,302,0,6,0.36469737,0.0013912618
624,3400.0,800.0,286,0,7,0.42295033,0.028046966
625,3500.0,800.0,219,3,2,0.2076981,0.087368876
626,3600.0,800.0,221,3,0,0.31489342,0.152935
627,3700.0,800.0,224,0,2,0.21952394,0.14240131
628,3800.0,800.0,163,0,2,0.9722246,0.1656403
629,3900.0,800.0,93,0,7,0.6399421,0.08506405
630,4000.0,800.0,57,7,0,0.9133961,0.62091494
631,4100.0,800.0,63,0,7,0.9999955,0.9864481
632,4200.0,800.0,127,0,7,0.7398455,0.8965118
633,4300.0,800.0,250,0,5,0.98653346,0.19108218
634,4400.0,800.0,306,0,7,0.659112,0.73630106
635,4500.0,800.0,324,0,7,0.98604167,0.38705617
636,4600.0,800.0,275,0,7,0.8538015,0.15039364
637,4700.0,800.0,191,0,7,0.876545,0.12762797
638,4800.0,800.0,201,0,7,0.51327133,0.6999649
639,4900.0,800.0,324,6,0,0.003981024,0.38968205
640,5000.0,800.0,478,0,0,0.48435724,0.13945407
641,5100.0,800.0,622,0,6,0.09019598,0.071770996
642,5200.0,800.0,668,0,1,0.18210632,0.2899093
643,5300.0,800.0,743,0,6,0.08681512,0.18219829
644,5400.0,800.0,689,0,7,0.67004263,0.08863291
645,5500.0,800.0,636,0,0,0.48270464,0.0029696524
646,5600.0,800.0,514,0,0,0.1719051,0.012159884
647,5700.0,800.0,409,0,0,0.11258125,0.008495599
648,5800.0,800.0,403,0,4,0.34756017,0.3057177
649,5900.0,800.0,454,5,1,0.32338935,0.194722
650,6000.0,800.0,464,5,1,0.99980545,1.0
651,6100.0,800.0,491,5,1,0.20843327,0.3338124
652,6200.0,800.0,459,3,1,0.24115042,0.24487697
653,6300.0,800.0,331,0,7,0.17934394,0.30452168
654,6400.0,800.0,214,0,7,0.9374246,1.0
655,6500.0,800.0,152,0,7,0.85346717,0.21589139
656,6600.0,800.0,144,0,2,0.869822,0.040376335
657,6700.0,800.0,147,0,7,0.97589576,0.87878174
658,6800.0,800.0,112,0,2,0.6610836,0.54048777
659,6900.0,800.0,109,0,7,0.9868226,0.48934838
660,7000.0,800.0,214,7,7,0.08416492,0.81972045
661,7100.0,800.0,391,6,6,0.054400235,0.07895574
662,7200.0,800.0,541,0,6,0.06021878,0.04897383
663,7300.0,800.0,619,0,7,0.05761671,0.17227146
664,7400.0,800.0,536,0,4,0.10722527,0.1792362
665,7500.0,800.0,351,0,7,0.33183217,0.08643311
666,7600.0,800.0,166,0,7,0.99468917,1.0
667,0.0,900.0,422,0,6,0.06772885,0.234191
668,100.0,900.0,679,0,6,0.52703476,0.010738224
669,200.0,900.0,914,1,6,0.040089786,0.019674331
670,300.0,900.0,844,1,6,0.14099991,0.062928975
671,400.0,900.0,964,6,0,0.09055209,0.3478567
672,500.0,900.0,1125,5,2,0.52963406,0.09113619
673,600.0,900.0,1344,5,1,0.56628704,0.28441268
674,700.0,900.0,1390,5,1,0.33925813,0.14035934
675,800.0,900.0,1285,5,5,0.6650383,0.12565243
676,900.0,900.0,1016,5,5,0.018094078,0.17546237
677,1000.0,900.0,890,0,6,0.22727828,0.072503895
678,1100.0,900.0,822,1,1,0.16064161,0.087776065
679,1200.0,900.0,722,5,1,0.059175134,0.4436632
680,1300.0,900.0,608,0,5,0.34712654,0.10555881
681,1400.0,900.0,542,1,5,0.33311924,0.09411359
682,1500.0,900.0,529,0,5,0.24594906,0.34006077
683,1600.0,900.0,541,1,5,0.3759107,0.52309984
684,1700.0,900.0,615,1,5,0.24269691,0.08988041
685,1800.0,900.0,649,1,7,0.10771698,0.074929595
686,1900.0,900.0,661,1,5,0.85764325,0.4155671
687,2000.0,900.0,676,1,5,0.8270139,0.34210342
688,2100.0,900.0,681,1,5,0.93572176,0.47729445
689,2200.0,900.0,704,1,5,0.91819,0.2799523
690,2300.0,900.0,704,1,5,0.82820296,0.3958047
691,2400.0,900.0,701,1,2,0.85082674,0.26781642
692,2500.0,900.0,712,1,2,0.78673947,0.3999163
693,2600.0,900.0,719,1,5,0.9728347,0.3544496
694,2700.0,900.0,702,1,5,0.7099219,0.34454188
695,2800.0,900.0,702,1,5,0.8769249,0.21118689
696,2900.0,900.0,733,3,2,0.10448912,0.054219604
697,3000.0,900.0,668,1,7,0.6421143,0.013603225
698,3100.0,900.0,630,1,5,0.8917433,0.33465648
699,3200.0,900.0,586,1,5,0.58027446,0.49012747
700,3300.0,900.0,516,1,2,0.5232885,0.34537122
701,3400.0,900.0,438,0,2,0.930204,0.35323244
702,3500.0,900.0,407,0,0,0.7469802,0.09309405
703,3600.0,900.0,365,0,2,0.7561961,0.008135855
704,3700.0,900.0,307,3,5,0.02842319,0.010516405
705,3800.0,900.0,227,1,2,0.06147313,0.06488228
706,3900.0,900.0,145,0,7,0.6234532,0.08070853
707,4000.0,900.0,61,0,7,0.99999404,0.18892324
708,4100.0,900.0,53,0,7,0.99999535,1.0
709,4200.0,900.0,62,0,7,0.97337997,0.8737029
710,4300.0,900.0,58,0,5,0.1412152,0.8961561
711,4400.0,900.0,86,7,7,0.40672782,0.56384945
712,4500.0,900.0,103,0,7,0.748027,0.80510724
713,4600.0,900.0,104,0,7,0.35852864,0.77978486
714,4700.0,900.0,109,0,7,0.74800706,0.6303648
715,4800.0,900.0,135,0,7,0.9881114,0.5270682
716,4900.0,900.0,220,0,7,0.9999746,0.9939215
717,5000.0,900.0,336,0,6,0.47455195,0.20048456
718,5100.0,900.0,481,0,6,0.5791385,0.3095835
719,5200.0,900.0,655,0,0,0.6417478,0.09258515
720,5300.0,900.0,706,2,1,0.033002317,0.3739002
721,5400.0,900.0,730,5,1,0.973735,0.78477824
722,5500.0,900.0,685,5,1,0.9992217,0.83298343
723,5600.0,900.0,565,2,1,0.16463539,0.34452474
724,5700.0,900.0,409,0,7,0.41751048,0.12512013
725,5800.0,900.0,402,0,7,0.15774629,0.28288755
726,5900.0,900.0,424,3,7,0.02362582,0.018817842
727,6000.0,900.0,484,2,1,0.28340852,0.29482365
728,6100.0,900.0,439,5,1,0.016802996,0.58157396
729,6200.0,900.0,326,0,1,0.7849014,0.32300463
730,6300.0,900.0,230,0,7,0.545231,0.113544434
731,6400.0,900.0,182,0,7,0.8724906,0.065692276
732,6500.0,900.0,196,0,2,0.34909534,0.0153443515
733,6600.0,900.0,243,0,0,0.029942453,0.19221991
734,6700.0,900.0,247,0,7,0.96794236,0.94095767
735,6800.0,900.0,139,0,7,0.9836991,0.64682597
736,6900.0,900.0,146,0,7,0.9966265,1.0
737,7000.0,900.0,313,0,7,0.93846273,0.0069917142
738,7100.0,900.0,533,0,6,0.48018467,0.06822285
739,7200.0,900.0,647,4,3,0.01266183,0.5170889
740,7300.0,900.0,727,0,3,0.2255059,0.075481385
741,7400.0,900.0,552,6,4,0.07935855,0.011795282
742,7500.0,900.0,334,0,6,0.5526292,0.060322165
743,7600.0,900.0,168,0,0,0.8517415,0.3592049
744,0.0,1000.0,456,6,6,0.50558263,0.07534382
745,100.0,1000.0,715,0,0,0.04211849,0.15377828
746,200.0,1000.0,919,0,0,0.04613453,0.19239162
747,300.0,1000.0,854,7,0,0.0396066,0.13942006
748,400.0,1000.0,842,0,6,0.04314646,0.06632981
749,500.0,1000.0,1008,5,1,0.32130075,0.04506296
750,600.0,1000.0,1281,5,1,0.36745012,0.16952825
751,700.0,1000.0,1319,6,3,0.262458,0.21455523
752,800.0,1000.0,1246,5,1,0.35637295,0.12282607
753,900.0,1000.0,1063,5,5,0.0759176,0.29187715
754,1000.0,1000.0,814,5,5,0.06802595,0.103642195
755,1100.0,1000.0,748,0,5,0.3386346,0.15888953
756,1200.0,1000.0,666,0,2,0.19823673,0.053812742
757,1300.0,1000.0,618,0,0,0.20677371,0.19556218
758,1400.0,1000.0,558,1,5,1.0,1.0
759,1500.0,1000.0,556,1,5,0.7179582,0.46120423
760,1600.0,1000.0,583,1,5,0.98665774,0.5648173
761,1700.0,1000.0,640,3,5,0.054756463,0.32511067
762,1800.0,1000.0,666,1,5,0.64703214,0.05226761
763,1900.0,1000.0,678,1,5,0.20809388,0.25204974
764,2000.0,1000.0,691,1,5,0.48623937,0.39957947
765,2100.0,1000.0,693,1,5,0.60209733,0.1316562
766,2200.0,1000.0,706,0,5,0.074578404,0.304667
767,2300.0,1000.0,734,1,2,0.725845,0.053729266
768,2400.0,1000.0,724,1,2,0.88637537,0.16934851
769,2500.0,1000.0,737,1,5,0.7966895,0.27502346
770,2600.0,1000.0,715,1,5,0.98983055,0.21276066
771,2700.0,1000.0,729,1,5,0.07649088,0.2199004
772,2800.0,1000.0,747,1,5,0.99054724,1.0
773,2900.0,1000.0,747,1,5,0.7731028,0.45541927
774,3000.0,1000.0,794,1,5,0.8662398,0.52877724
775,3100.0,1000.0,781,1,5,0.62745893,1.0
776,3200.0,1000.0,772,1,5,0.7236568,0.5533455
777,3300.0,1000.0,698,1,5,0.44972503,0.19579056
778,3400.0,1000.0,616,1,5,0.9351722,0.26983303
779,3500.0,1000.0,571,0,5,0.23248342,0.2659695
780,3600.0,1000.0,551,1,2,0.7948936,0.071317166
781,3700.0,1000.0,437,1,5,0.8082777,0.12788436
782,3800.0,1000.0,272,1,5,1.0,0.8986003
783,3900.0,1000.0,155,0,7,0.06642422,0.4513361
784,4000.0,1000.0,74,0,7,0.99999475,0.9533586
785,4100.0,1000.0,49,7,7,0.8784584,0.6989817
786,4200.0,1000.0,45,0,7,0.9999949,0.28966808
787,4300.0,1000.0,50,0,7,0.99083745,0.31286207
788,4400.0,1000.0,61,0,7,0.9999724,0.9769047
789,4500.0,1000.0,63,0,7,0.9999895,1.0
790,4600.0,1000.0,78,0,7,0.78938246,0.9440361
791,4700.0,1000.0,109,0,7,0.28566027,0.081248045
792,4800.0,1000.0,142,0,7,0.44102526,0.80992794
793,4900.0,1000.0,209,0,7,0.99997956,0.94498783
794,5000.0,1000.0,327,0,7,0.8227442,0.30609563
795,5100.0,1000.0,486,7,1,0.08059165,0.050347596
796,5200.0,1000.0,645,2,1,0.13824525,0.2803958
797,5300.0,1000.0,743,3,1,0.16669512,0.14590025
798,5400.0,1000.0,779,5,1,0.97288215,0.76979643
799,5500.0,1000.0,713,5,1,0.9893917,0.8228762
800,5600.0,1000.0,538,5,1,0.7506398,0.6710711
801,5700.0,1000.0,394,0,7,0.8956766,0.36262453
802,5800.0,1000.0,340,0,7,0.6308532,0.6594138
803,5900.0,1000.0,321,6,7,0.34115934,0.020375907
804,6000.0,1000.0,345,3,6,0.088725835,0.07992715
805,6100.0,1000.0,320,0,7,0.84372115,0.92433435
806,6200.0,1000.0,210,0,7,0.98904335,0.44958648
807,6300.0,1000.0,149,0,7,0.3972496,0.5072588
808,6400.0,1000.0,187,0,7,0.98052895,1.0
809,6500.0,1000.0,343,0,7,0.5755902,0.18264261
810,6600.0,1000.0,370,7,4,0.042805016,0.0024440885
811,6700.0,1000.0,347,0,3,0.3330835,0.26011863
812,6800.0,1000.0,260,0,7,0.99821967,1.0
813,6900.0,1000.0,288,0,7,0.8655018,1.0
814,7000.0,1000.0,439,0,7,0.81533134,0.14253092
815,7100.0,1000.0,602,0,3,0.107663944,0.20723803
816,7200.0,1000.0,638,7,3,0.060320765,0.35545248
817,7300.0,1000.0,638,7,3,0.11520876,0.022685796
818,7400.0,1000.0,559,0,6,0.05790472,0.1642627
819,7500.0,1000.0,379,0,6,0.39546746,0.10104549
820,7600.0,1000.0,181,7,7,0.22807321,0.51493114
821,0.0,1100.0,477,2,1,0.26169804,0.18333969
822,100.0,1100.0,763,0,1,0.085202664,0.0049206614
823,200.0,1100.0,908,7,0,0.15689972,0.14301385
824,300.0,1100.0,798,6,6,0.27993402,0.00037768483
825,400.0,1100.0,740,7,6,0.04636669,0.08924624
826,500.0,1100.0,844,3,6,0.6532216,0.037924558
827,600.0,1100.0,1126,5,1,0.38142943,0.15266213
828,700.0,1100.0,1197,5,1,0.93713206,0.5226125
829,800.0,1100.0,1155,5,1,0.6376613,0.449157
830,900.0,1100.0,920,1,5,0.1283991,0.39097685
831,1000.0,1100.0,725,1,5,0.03380069,0.20021376
832,1100.0,1100.0,673,1,2,0.30424038,0.033119947
833,1200.0,1100.0,616,1,5,1.0,0.6672442
834,1300.0,1100.0,603,1,2,0.5978298,0.20971364
835,1400.0,1100.0,621,1,5,0.825129,0.4633053
836,1500.0,1100.0,635,1,5,0.72152966,0.11199081
837,1600.0,1100.0,661,1,5,0.79560244,0.21857288
838,1700.0,1100.0,687,1,2,0.53559136,0.058311403
839,1800.0,1100.0,710,1,5,0.18491408,0.245729
840,1900.0,1100.0,724,1,5,0.8324142,0.24754569
841,2000.0,1100.0,716,1,5,0.9233491,0.46223116
842,2100.0,1100.0,688,1,5,0.69686365,0.26074347
843,2200.0,1100.0,709,1,5,0.8958261,0.082072824
844,2300.0,1100.0,733,1,5,0.84583056,0.21329114
845,2400.0,1100.0,756,1,5,0.8640001,0.37873456
846,2500.0,1100.0,758,1,5,0.5189589,0.6774794
847,2600.0,1100.0,731,1,5,0.92097014,0.9124396
848,2700.0,1100.0,739,1,5,0.8669168,0.28781205
849,2800.0,1100.0,783,1,5,0.99731094,0.5678797
850,2900.0,1100.0,814,1,5,0.78020644,0.3074899
851,3000.0,1100.0,856,1,5,0.5409125,0.00385499
852,3100.0,1100.0,895,1,5,1.0,0.60472155
853,3200.0,1100.0,869,1,5,0.77032524,0.0044422746
854,3300.0,1100.0,851,1,5,0.8971215,0.1730007
855,3400.0,1100.0,787,1,5,0.735372,0.07714391
856,3500.0,1100.0,766,1,2,0.59062475,0.39159724
857,3600.0,1100.0,700,1,2,0.79669297,0.12489933
858,3700.0,1100.0,598,1,5,0.6949735,0.40374202
859,3800.0,1100.0,355,0,7,0.96422726,0.27823344
860,3900.0,1100.0,136,6,5,0.7061175,0.19174871
861,4000.0,1100.0,57,0,7,0.95524037,0.96456873
862,4100.0,1100.0,52,0,7,0.8601654,0.91177624
863,4200.0,1100.0,57,0,7,0.53039634,0.7157902
864,4300.0,1100.0,54,0,7,0.99999535,1.0
865,4400.0,1100.0,53,6,0,0.042351574,0.16727832
866,4500.0,1100.0,58,0,7,0.89847183,1.0
867,4600.0,1100.0,74,0,7,0.99999535,0.80533034
868,4700.0,1100.0,118,0,0,0.5740717,0.1257608
869,4800.0,1100.0,149,0,2,0.2778826,0.40656388
870,4900.0,1100.0,222,0,0,0.959823,0.05595076
871,5000.0,1100.0,374,0,7,0.69609815,0.43521923
872,5100.0,1100.0,556,5,1,0.0851154,0.2559266
873,5200.0,1100.0,814,5,1,0.9268987,0.5994161
874,5300.0,1100.0,946,5,1,0.66410965,0.16340366
875,5400.0,1100.0,887,5,1,0.07671118,0.071409136
876,5500.0,1100.0,721,0,1,0.014699042,0.16376346
877,5600.0,1100.0,540,0,1,0.3144002,0.112981945
878,5700.0,1100.0,374,0,7,0.348197,0.1276722
879,5800.0,1100.0,322,5,7,0.024858445,0.27222005
880,5900.0,1100.0,277,0,7,0.26506418,0.09482598
881,6000.0,1100.0,250,0,7,0.8742403,1.0
882,6100.0,1100.0,183,0,7,0.9999985,1.0
883,6200.0,1100.0,107,0,7,0.69425666,0.9445952
884,6300.0,1100.0,106,0,7,0.9999965,1.0
885,6400.0,1100.0,206,0,7,0.41008866,0.4792346
886,6500.0,1100.0,378,0,3,0.079233944,0.22357619
887,6600.0,1100.0,450,4,3,0.63053346,0.17100313
888,6700.0,1100.0,472,4,3,0.017656654,0.12676638
889,6800.0,1100.0,390,0,7,0.364743,0.061704963
890,6900.0,1100.0,414,0,7,0.37735504,0.19980876
891,7000.0,1100.0,544,4,3,0.57294166,0.16558744
892,7100.0,1100.0,676,4,3,0.56920636,0.32106513
893,7200.0,1100.0,648,4,3,0.4597469,0.03869015
894,7300.0,1100.0,615,0,7,0.659847,0.14122787
895,7400.0,1100.0,517,0,3,0.038099676,0.041321844
896,7500.0,1100.0,365,4,3,0.54671544,0.22090283
897,7600.0,1100.0,183,4,3,0.41174072,1.0
898,0.0,1200.0,446,5,1,0.8823494,1.0
899,100.0,1200.0,782,2,1,0.064583,0.6494776
900,200.0,1200.0,847,6,0,0.1439187,0.05330509
901,300.0,1200.0,809,1,6,0.5179692,0.12978545
902,400.0,1200.0,734,3,0,0.22403991,0.04332088
903,500.0,1200.0,702,3,4,0.11323789,0.02627188
904,600.0,1200.0,842,3,6,0.281644,0.025814414
905,700.0,1200.0,978,5,1,0.58719075,0.9665344
906,800.0,1200.0,941,5,1,0.89302504,0.8218157
907,900.0,1200.0,781,5,1,0.421414,0.08630265
908,1000.0,1200.0,673,0,5,0.19775602,0.07179722
909,1100.0,1200.0,635,1,7,0.053962708,0.028486669
910,1200.0,1200.0,632,1,5,0.10856521,0.17657256
911,1300.0,1200.0,626,1,5,0.9559167,0.46404845
912,1400.0,1200.0,639,1,0,0.06365964,0.14795947
913,1500.0,1200.0,620,1,2,0.72675717,0.26220727
914,1600.0,1200.0,649,1,5,0.4770248,0.26854768
915,1700.0,1200.0,716,1,2,0.49862537,0.039341092
916,1800.0,1200.0,750,1,5,0.45338255,0.28817862
917,1900.0,1200.0,756,1,5,0.7472577,0.34910277
918,2000.0,1200.0,755,1,5,1.0,1.0
919,2100.0,1200.0,717,1,5,0.73210466,0.7718172
920,2200.0,1200.0,710,1,5,0.7728058,0.2523532
921,2300.0,1200.0,710,1,5,0.7615343,0.5103028
922,2400.0,1200.0,754,1,5,0.28015122,0.053507388
923,2500.0,1200.0,739,1,5,0.0534541,0.103161424
924,2600.0,1200.0,753,1,2,0.7300889,0.03866291
925,2700.0,1200.0,765,1,5,0.39916807,0.21706769
926,2800.0,1200.0,761,1,5,0.96145046,0.54598284
927,2900.0,1200.0,790,1,5,1.0,0.7838151
928,3000.0,1200.0,840,1,5,1.0,1.0
929,3100.0,1200.0,840,1,5,0.77514106,0.8504915
930,3200.0,1200.0,896,1,5,0.8232415,0.4592779
931,3300.0,1200.0,858,1,5,0.5183078,0.40829232
932,3400.0,1200.0,878,1,5,0.7251191,0.7054647
933,3500.0,1200.0,879,1,5,0.8516463,0.72550476
934,3600.0,1200.0,787,1,5,1.0,0.64793384
935,3700.0,1200.0,592,1,5,0.6661175,0.54752946
936,3800.0,1200.0,361,0,7,0.7929298,0.22219855
937,3900.0,1200.0,154,0,7,0.9999951,0.9783766
938,4000.0,1200.0,60,0,7,0.20823622,0.856125
939,4100.0,1200.0,52,0,7,0.9919862,0.8737189
940,4200.0,1200.0,50,0,7,0.55465066,0.76914704
941,4300.0,1200.0,71,0,7,0.8740623,0.16283652
942,4400.0,1200.0,67,7,0,0.9115272,0.2798946
943,4500.0,1200.0,50,0,0,0.95098525,0.15929735
944,4600.0,1200.0,74,0,7,0.9999936,0.6926878
945,4700.0,1200.0,129,7,7,0.5036197,0.38717416
946,4800.0,1200.0,151,0,0,0.098970026,0.13867322
947,4900.0,1200.0,236,0,0,0.7249559,0.03070566
948,5000.0,1200.0,395,3,1,0.22024576,0.42516232
949,5100.0,1200.0,692,5,1,0.8013729,0.7712582
950,5200.0,1200.0,967,5,1,0.99412036,0.49062058
951,5300.0,1200.0,1026,5,1,0.8698616,0.25911617
952,5400.0,1200.0,934,5,1,0.82182044,0.5767367
953,5500.0,1200.0,693,7,1,0.14465034,0.14077672
954,5600.0,1200.0,497,0,7,0.3935907,0.61233485
955,5700.0,1200.0,336,0,7,0.383461,0.34113732
956,5800.0,1200.0,252,0,7,0.77699023,0.12893367
957,5900.0,1200.0,207,0,2,0.23213568,0.16268408
958,6000.0,1200.0,164,0,7,0.60551333,0.7235544
959,6100.0,1200.0,101,0,7,0.99994457,1.0
960,6200.0,1200.0,77,0,7,0.8261935,0.6894644
961,6300.0,1200.0,101,0,7,0.9986236,1.0
962,6400.0,1200.0,227,0,7,0.99738365,1.0
963,6500.0,1200.0,390,7,3,0.08236724,0.12590069
964,6600.0,1200.0,538,4,3,0.31289706,0.37973332
965,6700.0,1200.0,500,0,3,0.5729089,0.16134277
966,6800.0,1200.0,430,4,3,0.17531037,0.069826126
967,6900.0,1200.0,496,0,3,0.18699473,0.22396955
968,7000.0,1200.0,576,4,3,0.84489167,0.40744928
969,7100.0,1200.0,647,4,3,0.82536626,0.34659344
970,7200.0,1200.0,574,0,2,0.22902809,0.004547119
971,7300.0,1200.0,586,0,7,0.3069039,0.023300022
972,7400.0,1200.0,503,0,1,0.12710804,0.014121443
973,7500.0,1200.0,377,4,3,0.3961063,0.54137826
974,7600.0,1200.0,192,4,3,0.3414208,1.0
975,0.0,1300.0,367,2,1,0.2385332,0.49446857
976,100.0,1300.0,650,2,1,0.0074177086,0.12897283
977,200.0,1300.0,782,6,0,0.10564092,0.076597095
978,300.0,1300.0,775,1,5,0.644373,0.25291145
979,400.0,1300.0,723,1,5,0.98109025,0.43176916
980,500.0,1300.0,767,1,5,0.70875317,0.25362822
981,600.0,1300.0,861,0,0,0.33966264,0.20520575
982,700.0,1300.0,928,6,1,0.110088795,0.028990746
983,800.0,1300.0,898,0,6,0.053794622,0.086589456
984,900.0,1300.0,862,0,0,0.3703817,0.025812536
985,1000.0,1300.0,737,6,6,0.3224161,0.020150006
986,1100.0,1300.0,667,0,6,0.08715916,0.048865587
987,1200.0,1300.0,681,1,5,0.27884272,0.057404816
988,1300.0,1300.0,681,1,5,0.8421197,0.03933242
989,1400.0,1300.0,673,1,6,0.22673327,0.052430183
990,1500.0,1300.0,667,1,7,0.17398247,0.022975445
991,1600.0,1300.0,671,1,2,0.19346553,0.24822387
992,1700.0,1300.0,696,1,5,0.9817846,0.44342503
993,1800.0,1300.0,748,1,5,0.7394987,0.4636364
994,1900.0,1300.0,760,1,5,0.635424,0.44126323
995,2000.0,1300.0,756,1,5,0.9979626,1.0
996,2100.0,1300.0,716,1,5,0.84370744,0.6409426
997,2200.0,1300.0,720,1,5,0.5675302,0.3279319
998,2300.0,1300.0,724,1,5,0.84339917,0.28493276
999,2400.0,1300.0,766,1,2,0.8247492,0.37048987
1000,2500.0,1300.0,744,1,5,0.8262273,0.287725
1001,2600.0,1300.0,751,1,5,0.9483565,0.27351454
1002,2700.0,1300.0,757,1,2,0.9549917,0.16463664
1003,2800.0,1300.0,744,1,5,0.82768804,0.45595562
1004,2900.0,1300.0,788,1,2,0.047442317,0.14503819
1005,3000.0,1300.0,805,1,5,0.64860904,0.083085746
1006,3100.0,1300.0,830,1,5,0.97838116,0.3214255
1007,3200.0,1300.0,884,1,5,0.67633754,0.2565182
1008,3300.0,1300.0,879,1,5,0.9978516,0.3498724
1009,3400.0,1300.0,908,1,2,0.82836294,0.12201813
1010,3500.0,1300.0,896,1,5,0.8991604,0.31658056
1011,3600.0,1300.0,892,1,5,0.5411138,0.38891616
1012,3700.0,1300.0,703,1,5,0.9536933,0.7729129
1013,3800.0,1300.0,399,0,2,0.6171242,0.37503424
1014,3900.0,1300.0,171,0,7,0.98390716,0.05383548
1015,4000.0,1300.0,63,0,7,0.13074431,0.18776849
1016,4100.0,1300.0,49,0,7,0.94385207,0.46269476
1017,4200.0,1300.0,59,0,7,0.9937146,0.6554907
1018,4300.0,1300.0,89,0,7,0.9999336,0.97368854
1019,4400.0,1300.0,83,0,2,0.9554906,0.6422117
1020,4500.0,1300.0,82,0,7,0.9999954,0.8788523
1021,4600.0,1300.0,75,7,0,0.95897305,0.9740145
1022,4700.0,1300.0,99,0,0,0.6903004,0.07530239
1023,4800.0,1300.0,148,0,7,0.43822825,0.39962325
1024,4900.0,1300.0,209,0,7,0.8520426,0.5009343
1025,5000.0,1300.0,383,0,1,0.8195833,0.16100118
1026,5100.0,1300.0,689,5,1,0.8232314,0.5260676
1027,5200.0,1300.0,954,5,1,0.97572374,0.4440657
1028,5300.0,1300.0,1076,5,1,0.24857555,0.046200722
1029,5400.0,1300.0,997,5,1,0.7882602,0.71579707
1030,5500.0,1300.0,714,0,7,0.08161695,0.028867245
1031,5600.0,1300.0,490,0,7,0.6127912,0.5581507
1032,5700.0,1300.0,299,0,7,0.085374385,0.6196952
1033,5800.0,1300.0,227,0,7,0.6655108,0.38155124
1034,5900.0,1300.0,162,0,7,0.9990644,0.7545246
1035,6000.0,1300.0,100,0,7,0.864336,0.62494975
1036,6100.0,1300.0,99,0,7,0.9343886,0.45527074
1037,6200.0,1300.0,80,0,7,0.42550665,0.17922091
1038,6300.0,1300.0,124,0,7,0.9999263,1.0
1039,6400.0,1300.0,262,0,2,0.2020604,0.058207154
1040,6500.0,1300.0,398,0,3,0.3945634,0.019080907
1041,6600.0,1300.0,526,0,3,0.05058992,0.03850636
1042,6700.0,1300.0,460,0,3,0.21241955,0.24247903
1043,6800.0,1300.0,417,2,3,0.081159085,0.38996482
1044,6900.0,1300.0,496,0,7,0.5681567,0.30196744
1045,7000.0,1300.0,490,4,3,0.8007153,0.29553917
1046,7100.0,1300.0,557,4,3,0.5420213,0.15899059
1047,7200.0,1300.0,543,6,0,0.006041825,0.040371194
1048,7300.0,1300.0,587,7,0,0.06789577,0.06947899
1049,7400.0,1300.0,606,3,3,0.027017713,0.12452069
1050,7500.0,1300.0,439,4,3,0.2603888,0.38929617
1051,7600.0,1300.0,185,1,3,0.18900336,0.8700841
1052,0.0,1400.0,387,0,6,0.47158587,0.24628724
1053,100.0,1400.0,631,5,1,0.3115104,0.2138136
1054,200.0,1400.0,777,2,1,0.38991606,0.2185818
1055,300.0,1400.0,742,1,5,0.28307205,0.27255455
1056,400.0,1400.0,802,1,5,0.59274906,0.050415516
1057,500.0,1400.0,852,1,5,0.5438136,0.22219315
1058,600.0,1400.0,877,1,5,0.8072159,0.08499275
1059,700.0,1400.0,928,0,0,0.091216624,0.12521628
1060,800.0,1400.0,892,6,6,0.31596163,0.08400184
1061,900.0,1400.0,866,7,4,0.050456196,0.0429219
1062,1000.0,1400.0,843,1,5,0.56990105,0.3621864
1063,1100.0,1400.0,744,1,2,0.7596618,0.18127048
1064,1200.0,1400.0,753,1,5,0.7896321,0.5267877
1065,1300.0,1400.0,742,1,5,0.560892,0.10177836
1066,1400.0,1400.0,732,1,5,0.52480704,0.2851828
1067,1500.0,1400.0,731,1,5,0.65355647,0.36403257
1068,1600.0,1400.0,694,0,5,0.00067928433,0.008917391
1069,1700.0,1400.0,705,1,5,0.9809957,0.27591485
1070,1800.0,1400.0,743,1,5,0.42849448,0.28511715
1071,1900.0,1400.0,756,1,5,0.63421726,0.21692777
1072,2000.0,1400.0,716,1,5,0.94917923,0.6082508
1073,2100.0,1400.0,701,1,5,0.8651586,0.16330728
1074,2200.0,1400.0,676,1,5,0.00907439,0.18730655
1075,2300.0,1400.0,704,1,5,0.31294382,0.18824294
1076,2400.0,1400.0,773,1,5,0.83037853,0.27703112
1077,2500.0,1400.0,801,1,2,0.2692635,0.18023941
1078,2600.0,1400.0,790,1,5,0.58350873,0.50511396
1079,2700.0,1400.0,764,1,5,0.4240208,0.3582694
1080,2800.0,1400.0,768,1,2,0.5064017,0.07104206
1081,2900.0,1400.0,774,3,2,0.19953045,0.1237573
1082,3000.0,1400.0,801,1,5,0.5389648,0.21135741
1083,3100.0,1400.0,833,1,5,0.99367875,0.39211655
1084,3200.0,1400.0,884,1,5,0.9895025,0.26504105
1085,3300.0,1400.0,889,1,5,0.9356135,0.74317807
1086,3400.0,1400.0,908,1,5,0.9520953,0.5791487
1087,3500.0,1400.0,908,1,5,0.94774485,0.7917192
1088,3600.0,1400.0,869,1,5,0.87195677,0.5507474
1089,3700.0,1400.0,703,1,5,0.78527486,0.25430995
1090,3800.0,1400.0,444,1,0,0.0711464,0.2425664
1091,3900.0,1400.0,199,3,2,0.28677878,0.7471278
1092,4000.0,1400.0,71,0,7,0.88475937,0.7692871
1093,4100.0,1400.0,64,0,7,0.6913341,0.20326024
1094,4200.0,1400.0,93,0,0,0.89714587,0.2330195
1095,4300.0,1400.0,85,0,2,0.85375196,0.026893914
1096,4400.0,1400.0,75,0,2,0.1719279,0.32388806
1097,4500.0,1400.0,86,0,7,0.04231608,0.9060605
1098,4600.0,1400.0,72,0,7,0.2187916,0.47230357
1099,4700.0,1400.0,89,3,7,0.43667144,0.08009946
1100,4800.0,1400.0,133,0,7,0.5839871,0.026898772
1101,4900.0,1400.0,164,0,7,0.652775,0.3307767
1102,5000.0,1400.0,315,0,7,0.28716153,0.55077064
1103,5100.0,1400.0,572,2,1,0.038791448,0.06984125
1104,5200.0,1400.0,840,5,1,0.49254963,0.45188594
1105,5300.0,1400.0,986,5,1,0.8917728,0.5464455
1106,5400.0,1400.0,911,5,1,0.69476545,0.5479882
1107,5500.0,1400.0,669,5,1,0.8363608,0.35001853
1108,5600.0,1400.0,458,0,1,0.17806622,0.10644621
1109,5700.0,1400.0,259,6,7,0.015520006,0.53307873
1110,5800.0,1400.0,150,0,4,0.4710616,0.07310246
1111,5900.0,1400.0,114,7,7,0.3394397,0.86666095
1112,6000.0,1400.0,90,0,7,0.9999919,1.0
1113,6100.0,1400.0,98,7,0,0.7918786,0.03800863
1114,6200.0,1400.0,73,0,7,0.99705666,0.42353758
1115,6300.0,1400.0,157,0,7,0.35692266,0.9682636
1116,6400.0,1400.0,319,3,0,0.1761046,0.14523752
1117,6500.0,1400.0,399,4,3,0.14363027,0.32086492
1118,6600.0,1400.0,463,0,3,0.10876393,0.00972119
1119,6700.0,1400.0,391,4,3,0.55306834,0.40667975
1120,6800.0,1400.0,353,2,3,0.11844286,0.25632626
1121,6900.0,1400.0,356,0,0,0.47898173,0.0057066977
1122,7000.0,1400.0,389,0,0,0.38915965,0.11889124
1123,7100.0,1400.0,442,0,7,0.5356512,0.16582704
1124,7200.0,1400.0,489,0,4,0.114847034,0.05146849
1125,7300.0,1400.0,580,0,4,0.120331675,0.04831484
1126,7400.0,1400.0,551,6,3,0.52049196,0.010309428
1127,7500.0,1400.0,422,0,6,0.14912045,0.05782661
1128,7600.0,1400.0,152,0,7,0.93493456,0.76157284
1129,0.0,1500.0,430,2,1,0.3028634,0.29579157
1130,100.0,1500.0,671,2,1,0.14947855,0.111708716
1131,200.0,1500.0,816,2,1,0.31644034,0.7086181
1132,300.0,1500.0,815,3,1,0.06906891,0.05664739
1133,400.0,1500.0,841,3,6,0.052235156,0.1443933
1134,500.0,1500.0,839,1,5,0.8161693,0.20229092
1135,600.0,1500.0,867,1,5,0.47816414,0.5136811
1136,700.0,1500.0,907,6,5,0.0038792938,0.13489887
1137,800.0,1500.0,876,6,0,0.16819897,0.018534333
1138,900.0,1500.0,862,7,4,0.02417326,0.04310283
1139,1000.0,1500.0,847,1,5,0.77974796,0.72853124
1140,1100.0,1500.0,822,1,5,0.98638713,0.818558
1141,1200.0,1500.0,849,1,5,0.5495987,0.27860436
1142,1300.0,1500.0,844,1,5,0.9428124,0.9847693
1143,1400.0,1500.0,852,1,5,0.34853888,0.26135474
1144,1500.0,1500.0,819,1,5,0.32796064,0.67305857
1145,1600.0,1500.0,794,1,5,0.66504496,0.16393772
1146,1700.0,1500.0,740,0,5,0.02124399,0.07745212
1147,1800.0,1500.0,749,1,5,0.97052324,0.09477788
1148,1900.0,1500.0,755,1,5,0.43476117,0.2630071
1149,2000.0,1500.0,720,1,5,0.94034487,0.14110821
1150,2100.0,1500.0,691,0,4,0.018721491,0.06342694
1151,2200.0,1500.0,678,1,2,0.04422292,0.01437813
1152,2300.0,1500.0,719,0,5,0.29390773,0.5363399
1153,2400.0,1500.0,776,1,5,0.55952287,0.013619542
1154,2500.0,1500.0,791,1,5,0.3791119,0.20762107
1155,2600.0,1500.0,752,1,5,0.62460256,0.1970286
1156,2700.0,1500.0,726,1,5,0.24015597,0.07507172
1157,2800.0,1500.0,703,1,5,0.8459745,0.6506879
1158,2900.0,1500.0,734,1,5,0.75387,0.29615074
1159,3000.0,1500.0,777,1,5,0.4080543,0.6205744
1160,3100.0,1500.0,863,1,5,0.952281,0.20230836
1161,3200.0,1500.0,867,1,5,0.7713538,0.3770935
1162,3300.0,1500.0,849,1,5,0.5802076,0.44795936
1163,3400.0,1500.0,847,1,5,1.0,1.0
1164,3500.0,1500.0,840,1,5,0.65597653,0.60729635
1165,3600.0,1500.0,845,1,5,0.963676,0.23366237
1166,3700.0,1500.0,650,6,5,0.0036811978,0.1500614
1167,3800.0,1500.0,424,0,5,0.47229755,0.0055864155
1168,3900.0,1500.0,203,0,7,0.9999411,0.8961094
1169,4000.0,1500.0,75,0,7,0.28261915,0.56282616
1170,4100.0,1500.0,63,0,2,0.45598754,0.5791343
1171,4200.0,1500.0,72,0,2,0.8969822,0.3630702
1172,4300.0,1500.0,87,0,7,0.9999963,0.86269504
1173,4400.0,1500.0,77,0,7,0.9999882,0.91760695
1174,4500.0,1500.0,83,0,7,0.5970928,0.14923811
1175,4600.0,1500.0,59,0,7,0.1152311,0.70190835
1176,4700.0,1500.0,87,0,0,0.07335171,0.61820877
1177,4800.0,1500.0,107,0,4,0.968978,0.28543457
1178,4900.0,1500.0,128,7,7,0.11804068,0.021017969
1179,5000.0,1500.0,221,0,2,0.471798,0.08131957
1180,5100.0,1500.0,380,0,7,0.7173325,0.4152997
1181,5200.0,1500.0,530,0,1,0.21913354,0.50105107
1182,5300.0,1500.0,657,5,1,0.06146641,0.24208653
1183,5400.0,1500.0,665,5,1,0.18672617,0.033774048
1184,5500.0,1500.0,537,5,1,0.61024857,0.40220964
1185,5600.0,1500.0,382,0,7,0.8222729,0.0074647367
1186,5700.0,1500.0,208,0,7,0.64270484,0.5862309
1187,5800.0,1500.0,149,0,2,0.70439935,0.14979699
1188,5900.0,1500.0,111,0,7,0.07752228,0.4755931
1189,6000.0,1500.0,94,0,2,0.46471906,0.75244915
1190,6100.0,1500.0,95,0,7,0.946293,0.9441021
1191,6200.0,1500.0,94,0,7,0.82652444,0.6197334
1192,6300.0,1500.0,353,0,7,0.32702386,0.7801144
1193,6400.0,1500.0,446,0,0,0.47079837,0.15489843
1194,6500.0,1500.0,462,0,4,0.39999855,0.013721675
1195,6600.0,1500.0,421,0,6,0.8232331,0.058960468
1196,6700.0,1500.0,297,0,2,0.6789525,0.08450645
1197,6800.0,1500.0,259,0,2,0.928763,0.06415531
1198,6900.0,1500.0,272,3,0,0.08359429,0.022516161
1199,7000.0,1500.0,275,0,7,0.5321279,0.035236716
1200,7100.0,1500.0,272,0,4,0.2908051,0.18714696
1201,7200.0,1500.0,412,0,7,0.5965614,0.047085434
1202,7300.0,1500.0,513,6,0,0.15014336,0.17450204
1203,7400.0,1500.0,497,6,4,0.06872538,0.07770309
1204,7500.0,1500.0,337,0,6,0.34083405,0.28988764
1205,7600.0,1500.0,113,0,7,0.9893263,0.0011499387
1206,0.0,1600.0,465,5,1,0.14873314,1.0
1207,100.0,1600.0,674,2,1,0.4672518,0.19468737
1208,200.0,1600.0,894,2,5,0.3350407,0.04296413
1209,300.0,1600.0,885,0,6,0.032466948,0.012014121
1210,400.0,1600.0,852,1,5,0.57974213,0.4924792
1211,500.0,1600.0,844,1,5,0.72829425,0.4537069
1212,600.0,1600.0,792,1,5,0.16298613,0.2992494
1213,700.0,1600.0,741,3,5,0.19363296,0.1704126
1214,800.0,1600.0,769,0,6,0.19652869,0.019451827
1215,900.0,1600.0,829,0,6,0.076196045,0.34777772
1216,1000.0,1600.0,840,1,5,0.16158706,0.057123393
1217,1100.0,1600.0,850,1,5,0.20169878,0.10819879
1218,1200.0,1600.0,876,1,5,0.73874295,0.15864694
1219,1300.0,1600.0,913,6,5,0.17795984,0.17831698
1220,1400.0,1600.0,895,1,5,0.9805486,0.16570815
1221,1500.0,1600.0,910,1,5,0.7363875,0.15843555
1222,1600.0,1600.0,847,1,5,0.67060244,0.17971836
1223,1700.0,1600.0,758,1,5,0.56224406,0.5124731
1224,1800.0,1600.0,736,1,5,0.88892627,0.2719396
1225,1900.0,1600.0,711,1,5,0.34121224,0.33906364
1226,2000.0,1600.0,695,7,2,0.15563312,0.09582192
1227,2100.0,1600.0,696,1,5,0.23028012,0.10065812
1228,2200.0,1600.0,700,1,5,0.420077,0.037911445
1229,2300.0,1600.0,700,1,5,0.7016759,0.4518397
1230,2400.0,1600.0,743,1,2,0.9988305,0.022254467
1231,2500.0,1600.0,749,1,5,0.21244216,0.36236286
1232,2600.0,1600.0,713,3,5,0.21527985,0.25797158
1233,2700.0,1600.0,663,1,2,0.9226554,0.0342004
1234,2800.0,1600.0,658,3,5,0.17607877,0.06978837
1235,2900.0,1600.0,744,1,5,0.7153056,0.38295293
1236,3000.0,1600.0,804,1,5,0.7923518,0.05639389
1237,3100.0,1600.0,865,1,5,0.28526175,0.06345987
1238,3200.0,1600.0,812,1,2,0.6179743,0.19949496
1239,3300.0,1600.0,812,1,2,0.6751536,0.23615451
1240,3400.0,1600.0,796,1,2,0.8306807,0.14422995
1241,3500.0,1600.0,766,1,5,0.8584517,1.0
1242,3600.0,1600.0,727,1,5,0.91741645,0.09380883
1243,3700.0,1600.0,569,1,5,0.96983594,0.3927749
1244,3800.0,1600.0,356,1,2,0.46654665,0.077109545
1245,3900.0,1600.0,187,0,7,0.99997723,0.8935533
1246,4000.0,1600.0,84,0,7,0.9975177,0.9085975
1247,4100.0,1600.0,81,0,2,0.6433244,0.18818688
1248,4200.0,1600.0,65,0,7,0.015605003,1.0
1249,4300.0,1600.0,66,0,7,0.9999958,1.0
1250,4400.0,1600.0,60,0,7,0.98878986,0.6162282
1251,4500.0,1600.0,44,0,0,0.999761,0.3348143
1252,4600.0,1600.0,59,0,0,0.197972,0.18428454
1253,4700.0,1600.0,66,0,7,0.8318046,0.16808093
1254,4800.0,1600.0,99,0,6,0.63544846,0.08467269
1255,4900.0,1600.0,119,3,7,0.21284968,0.021208793
1256,5000.0,1600.0,149,7,7,0.12815958,0.023402452
1257,5100.0,1600.0,222,0,7,0.74976397,0.111604095
1258,5200.0,1600.0,312,0,2,0.8157794,0.31642318
1259,5300.0,1600.0,397,0,4,0.95377266,0.031306
1260,5400.0,1600.0,433,3,0,0.24003576,0.10700208
1261,5500.0,1600.0,350,0,6,0.24432448,0.146088
1262,5600.0,1600.0,257,0,2,0.7989571,0.123672634
1263,5700.0,1600.0,174,0,7,0.9866022,0.39163592
1264,5800.0,1600.0,145,3,7,0.49532643,0.19015834
1265,5900.0,1600.0,125,3,2,0.3990383,0.2483544
1266,6000.0,1600.0,103,0,2,0.083780795,0.97822917
1267,6100.0,1600.0,89,0,0,0.99443537,0.07614282
1268,6200.0,1600.0,202,0,2,0.27733102,0.1233415
1269,6300.0,1600.0,415,0,6,0.8712268,0.39060712
1270,6400.0,1600.0,481,6,6,0.8640589,0.16961274
1271,6500.0,1600.0,493,7,6,0.10706046,0.028767645
1272,6600.0,1600.0,380,0,7,0.9999949,0.9693237
1273,6700.0,1600.0,235,0,7,0.9839355,0.51635957
1274,6800.0,1600.0,210,0,7,0.9999955,0.9468811
1275,6900.0,1600.0,189,0,7,0.9947011,0.17484096
1276,7000.0,1600.0,234,0,0,0.6691584,0.04543832
1277,7100.0,1600.0,278,0,2,0.64662147,0.013469368
1278,7200.0,1600.0,460,0,7,0.993419,0.28380078
1279,7300.0,1600.0,556,0,6,0.2784369,0.3156286
1280,7400.0,1600.0,495,0,6,0.20622516,0.51941204
1281,7500.0,1600.0,328,0,7,0.99999493,1.0
1282,0.0,1700.0,444,5,1,0.86474645,1.0
1283,100.0,1700.0,717,5,1,0.70721763,0.47031906
1284,200.0,1700.0,955,2,5,0.08752543,0.023322642
1285,300.0,1700.0,944,7,4,0.45826185,0.021175891
1286,400.0,1700.0,921,1,5,0.4579259,0.19878301
1287,500.0,1700.0,808,0,5,0.13477826,0.15955672
1288,600.0,1700.0,765,7,6,0.013602912,0.003631413
1289,700.0,1700.0,675,1,5,0.27532873,0.0926058
1290,800.0,1700.0,675,1,5,0.28278834,0.46240956
1291,900.0,1700.0,782,1,5,0.8046638,0.15482587
1292,1000.0,1700.0,832,1,5,0.5337637,0.010818511
1293,1100.0,1700.0,870,1,5,0.5395114,0.2525076
1294,1200.0,1700.0,865,1,5,0.8367678,0.26920572
1295,1300.0,1700.0,858,1,5,0.9406184,0.27317533
1296,1400.0,1700.0,886,1,2,0.70670277,0.015621632
1297,1500.0,1700.0,879,1,5,1.0,1.0
1298,1600.0,1700.0,822,1,5,0.121269226,0.037949264
1299,1700.0,1700.0,763,1,5,0.49408606,0.042029113
1300,1800.0,1700.0,727,1,0,0.0694868,0.027470112
1301,1900.0,1700.0,723,1,5,0.10357919,0.10284957
1302,2000.0,1700.0,753,0,2,0.19243708,0.05971244
1303,2100.0,1700.0,721,1,5,0.48398325,0.027735293
1304,2200.0,1700.0,683,1,5,1.0,1.0
1305,2300.0,1700.0,686,1,5,1.0,1.0
1306,2400.0,1700.0,683,1,5,0.92377084,0.05805701
1307,2500.0,1700.0,699,1,5,0.19931225,0.20039746
1308,2600.0,1700.0,675,1,5,0.71732545,0.16121078
1309,2700.0,1700.0,625,1,2,0.1477958,0.15073848
1310,2800.0,1700.0,615,1,5,0.55933815,0.27322024
1311,2900.0,1700.0,712,1,5,0.5151988,0.17214078
1312,3000.0,1700.0,792,1,2,0.35297126,0.008683056
1313,3100.0,1700.0,815,1,6,0.12816048,0.25182977
1314,3200.0,1700.0,790,3,5,0.009114057,0.02313605
1315,3300.0,1700.0,774,0,5,0.0188514,0.1251587
1316,3400.0,1700.0,733,1,5,0.62493414,0.42189842
1317,3500.0,1700.0,680,1,5,0.29289663,0.36990696
1318,3600.0,1700.0,615,1,5,0.353588,0.2289911
1319,3700.0,1700.0,436,1,5,0.11725265,0.03820592
1320,3800.0,1700.0,300,0,7,0.9764369,0.30704632
1321,3900.0,1700.0,153,0,7,0.70680934,0.89691925
1322,4000.0,1700.0,96,0,2,0.123226225,0.11019677
1323,4100.0,1700.0,83,0,7,0.9999535,0.23336771
1324,4200.0,1700.0,75,0,0,0.9294593,0.0903801
1325,4300.0,1700.0,55,0,0,0.9933831,0.09278223
1326,4400.0,1700.0,49,0,0,0.9986593,0.21096262
1327,4500.0,1700.0,52,0,7,1.0,0.12978122
1328,4600.0,1700.0,60,0,7,1.0,0.86846894
1329,4700.0,1700.0,68,0,7,0.99999124,0.7398454
1330,4800.0,1700.0,95,0,7,0.8061139,0.8143936
1331,4900.0,1700.0,109,0,2,0.29056266,0.17657192
1332,5000.0,1700.0,115,0,7,0.9999257,0.8818135
1333,5100.0,1700.0,117,0,7,0.8997144,0.2673658
1334,5200.0,1700.0,131,0,2,0.6102147,0.07153344
1335,5300.0,1700.0,185,0,7,0.99726105,0.39682856
1336,5400.0,1700.0,203,3,6,0.342286,0.04254347
1337,5500.0,1700.0,183,0,4,0.99339116,0.21530777
1338,5600.0,1700.0,170,0,4,0.95723,0.53875387
1339,5700.0,1700.0,176,0,2,0.6901474,0.70509326
1340,5800.0,1700.0,148,3,0,0.2152457,0.060480237
1341,5900.0,1700.0,141,0,2,0.8688878,0.11200163
1342,6000.0,1700.0,123,0,7,0.99999535,0.90690243
1343,6100.0,1700.0,106,0,7,0.99999535,0.45138666
1344,6200.0,1700.0,228,0,7,0.98692465,0.5924783
1345,6300.0,1700.0,368,3,4,0.19824344,0.047318697
1346,6400.0,1700.0,444,6,0,0.68156135,0.012944639
1347,6500.0,1700.0,472,3,2,0.16097274,0.4301272
1348,6600.0,1700.0,347,0,7,0.5655215,0.12737334
1349,6700.0,1700.0,271,0,7,0.3074191,0.067840695
1350,6800.0,1700.0,227,0,7,0.6566987,0.5266534
1351,6900.0,1700.0,205,0,7,0.89853877,0.4819436
1352,7000.0,1700.0,286,0,7,0.9496051,0.38012695
1353,7100.0,1700.0,475,0,0,0.20416558,0.073542535
1354,7200.0,1700.0,662,0,7,0.45365018,0.0104622245
1355,7300.0,1700.0,648,3,4,0.3362739,0.05225326
1356,7400.0,1700.0,524,6,6,0.2944907,0.07760197
1357,7500.0,1700.0,334,0,7,0.80957234,0.69472957
1358,7600.0,1700.0,68,0,7,0.99998397,0.00038032432
1359,0.0,1800.0,421,5,1,0.56083345,0.8313191
1360,100.0,1800.0,752,5,1,1.0,1.0
1361,200.0,1800.0,1026,0,0,0.103471145,0.17928341
1362,300.0,1800.0,1056,6,4,0.14454547,0.22487205
1363,400.0,1800.0,1034,1,6,0.4679129,0.09738737
1364,500.0,1800.0,885,6,6,0.23887342,0.2453188
1365,600.0,1800.0,750,7,2,0.14330891,0.013300747
1366,700.0,1800.0,739,1,5,0.3908806,0.2834702
1367,800.0,1800.0,747,1,5,0.8220479,0.54248345
1368,900.0,1800.0,768,1,5,0.35864943,0.26000136
1369,1000.0,1800.0,818,1,5,0.8998473,0.6365019
1370,1100.0,1800.0,832,1,5,0.8133745,0.2352303
1371,1200.0,1800.0,824,1,5,0.31705958,0.26732284
1372,1300.0,1800.0,809,1,5,0.54814494,0.07964331
1373,1400.0,1800.0,817,1,5,0.9997856,0.620005
1374,1500.0,1800.0,817,1,5,0.6943608,0.49523738
1375,1600.0,1800.0,786,1,5,0.9528714,0.5899197
1376,1700.0,1800.0,759,1,5,0.5605698,0.10750809
1377,1800.0,1800.0,694,1,5,0.93846995,0.10640144
1378,1900.0,1800.0,687,1,5,1.0,1.0
1379,2000.0,1800.0,709,1,5,0.99488145,0.69799954
1380,2100.0,1800.0,691,1,2,0.93663853,0.27528527
1381,2200.0,1800.0,685,1,2,0.20165414,0.4594642
1382,2300.0,1800.0,654,0,2,0.062259644,0.004203886
1383,2400.0,1800.0,630,0,5,0.559196,0.20506537
1384,2500.0,1800.0,590,1,5,0.38569856,0.16382274
1385,2600.0,1800.0,594,1,5,0.80018115,0.0839027
1386,2700.0,1800.0,632,6,0,0.15677756,0.14995225
1387,2800.0,1800.0,591,1,5,0.51038104,0.02021274
1388,2900.0,1800.0,700,1,5,0.56343377,0.19023934
1389,3000.0,1800.0,774,1,5,1.0,0.35580406
1390,3100.0,1800.0,809,1,5,1.0,0.86363524
1391,3200.0,1800.0,796,1,5,1.0,1.0
1392,3300.0,1800.0,752,1,5,1.0,1.0
1393,3400.0,1800.0,712,1,5,0.99470234,0.58149517
1394,3500.0,1800.0,606,1,6,0.86792046,0.033731192
1395,3600.0,1800.0,517,0,7,0.1649163,0.11110519
1396,3700.0,1800.0,388,0,2,0.10733506,0.06217757
1397,3800.0,1800.0,246,3,2,0.11190823,0.049974352
1398,3900.0,1800.0,141,0,2,0.35484323,0.039805412
1399,4000.0,1800.0,98,0,7,0.931104,0.6787
1400,4100.0,1800.0,83,0,7,0.99999535,0.9149525
1401,4200.0,1800.0,61,0,7,0.9999955,0.8739692
1402,4300.0,1800.0,65,0,7,0.99999535,0.94472003
1403,4400.0,1800.0,66,0,7,0.9999963,0.9439335
1404,4500.0,1800.0,55,0,7,0.9999955,0.8483938
1405,4600.0,1800.0,54,0,0,0.9789291,0.46418902
1406,4700.0,1800.0,71,0,7,0.99999565,0.94524926
1407,4800.0,1800.0,146,0,7,0.99999535,1.0
1408,4900.0,1800.0,132,0,2,0.78752065,0.08049095
1409,5000.0,1800.0,121,0,7,0.9999969,0.4144497
1410,5100.0,1800.0,86,0,0,0.9970173,0.22098151
1411,5200.0,1800.0,82,0,0,1.0,0.036681205
1412,5300.0,1800.0,95,0,7,0.99999535,1.0
1413,5400.0,1800.0,98,0,0,0.9969809,0.07865262
1414,5500.0,1800.0,123,0,0,0.8344663,0.014656007
1415,5600.0,1800.0,180,0,2,0.8461156,0.0839895
1416,5700.0,1800.0,197,0,0,0.56850356,0.17031586
1417,5800.0,1800.0,196,3,2,0.55485976,0.19785452
1418,5900.0,1800.0,151,0,0,0.9884193,0.15008125
1419,6000.0,1800.0,88,0,7,0.99999905,0.021285206
1420,6100.0,1800.0,115,0,7,0.99999535,0.9719666
1421,6200.0,1800.0,187,0,7,0.9999904,0.94987756
1422,6300.0,1800.0,284,0,2,0.3164787,0.1737917
1423,6400.0,1800.0,376,0,2,0.53656363,0.056323707
1424,6500.0,1800.0,357,4,3,0.29108727,0.6276764
1425,6600.0,1800.0,340,3,0,0.10494301,0.043443397
1426,6700.0,1800.0,339,0,3,0.22802566,0.3579472
1427,6800.0,1800.0,298,0,3,0.4126499,0.44237304
1428,6900.0,1800.0,278,0,7,0.97936004,0.7334976
1429,7000.0,1800.0,385,0,7,0.99993426,0.7641407
1430,7100.0,1800.0,559,6,0,0.5262674,0.06883076
1431,7200.0,1800.0,720,6,6,0.6274385,0.13712737
1432,7300.0,1800.0,837,0,3,0.1550483,0.01655978
1433,7400.0,1800.0,688,3,0,0.18335873,0.19009323
1434,7500.0,1800.0,387,3,6,0.7501795,0.009932756
1435,7600.0,1800.0,125,3,2,0.8964906,1.0
1436,0.0,1900.0,455,2,1,0.3207665,0.39550462
1437,100.0,1900.0,761,0,1,0.085641354,0.11287962
1438,200.0,1900.0,1014,7,6,0.0388757,0.15554154
1439,300.0,1900.0,1097,6,0,0.03732899,0.053182095
1440,400.0,1900.0,1089,6,6,0.070743024,0.028584987
1441,500.0,1900.0,970,1,5,0.40515584,0.22628504
1442,600.0,1900.0,845,1,5,0.9695327,0.89115196
1443,700.0,1900.0,783,1,5,0.87096125,0.9533739
1444,800.0,1900.0,791,1,5,0.9945598,0.92431784
1445,900.0,1900.0,814,1,5,0.7903269,0.700171
1446,1000.0,1900.0,817,1,5,0.53168845,0.34198418
1447,1100.0,1900.0,814,1,5,0.7371237,0.31574693
1448,1200.0,1900.0,787,1,5,0.8481143,0.59054416
1449,1300.0,1900.0,732,1,2,0.5734143,0.04510808
1450,1400.0,1900.0,753,1,2,0.61255157,0.06153062
1451,1500.0,1900.0,765,1,2,0.8367852,0.17949602
1452,1600.0,1900.0,761,1,5,0.9139083,0.5865973
1453,1700.0,1900.0,733,1,5,0.99947035,0.91769403
1454,1800.0,1900.0,694,1,5,0.08637479,0.30397838
1455,1900.0,1900.0,660,1,2,0.9496559,0.037609875
1456,2000.0,1900.0,657,1,5,1.0,1.0
1457,2100.0,1900.0,659,1,5,1.0,1.0
1458,2200.0,1900.0,638,0,2,0.08687535,0.13743962
1459,2300.0,1900.0,600,7,4,0.30922076,0.003766656
1460,2400.0,1900.0,584,0,7,0.43685603,0.18323654
1461,2500.0,1900.0,610,3,0,0.073328316,0.042304605
1462,2600.0,1900.0,598,3,2,0.15081367,0.1529299
1463,2700.0,1900.0,611,0,0,0.086738735,0.071992666
1464,2800.0,1900.0,605,1,5,0.74484634,0.1569719
1465,2900.0,1900.0,631,1,5,0.73515105,0.10225716
1466,3000.0,1900.0,695,1,5,1.0,0.9846206
1467,3100.0,1900.0,752,1,5,1.0,1.0
1468,3200.0,1900.0,754,1,5,1.0,0.7093042
1469,3300.0,1900.0,708,1,5,1.0,1.0
1470,3400.0,1900.0,646,1,5,0.8103835,1.0
1471,3500.0,1900.0,518,1,5,0.65421724,0.15191516
1472,3600.0,1900.0,444,0,6,0.32302913,0.16339594
1473,3700.0,1900.0,306,0,6,0.26003495,0.18174788
1474,3800.0,1900.0,234,0,4,0.36834812,0.38017255
1475,3900.0,1900.0,181,0,2,0.9067599,0.40991855
1476,4000.0,1900.0,119,0,7,0.27039874,0.44349518
1477,4100.0,1900.0,93,0,7,0.99999523,0.94963944
1478,4200.0,1900.0,73,0,7,0.99999535,0.93351626
1479,4300.0,1900.0,66,0,7,1.0,0.03637314
1480,4400.0,1900.0,64,0,7,0.21245879,0.9148104
1481,4500.0,1900.0,58,0,7,0.99999535,1.0
1482,4600.0,1900.0,53,0,7,0.99999535,0.9119847
1483,4700.0,1900.0,112,0,7,0.99999535,0.9342254
1484,4800.0,1900.0,137,0,2,0.029942662,0.06690842
1485,4900.0,1900.0,141,0,0,0.21158838,0.13131556
1486,5000.0,1900.0,111,0,2,0.9468001,0.009921074
1487,5100.0,1900.0,64,0,0,1.0,0.5343715
1488,5200.0,1900.0,51,0,7,0.99999535,0.8643372
1489,5300.0,1900.0,50,0,7,0.93110526,0.60662127
1490,5400.0,1900.0,83,0,0,0.9857425,0.33534887
1491,5500.0,1900.0,202,0,0,0.9115002,0.3336898
1492,5600.0,1900.0,239,0,0,0.544482,0.079656065
1493,5700.0,1900.0,226,3,0,0.14711231,0.07853383
1494,5800.0,1900.0,192,0,0,0.8232847,0.09192601
1495,5900.0,1900.0,128,0,7,0.9999982,0.22364417
1496,6000.0,1900.0,105,0,0,1.0,0.17233753
1497,6100.0,1900.0,115,0,2,0.9284723,0.25707784
1498,6200.0,1900.0,133,0,0,0.12831742,0.014290959
1499,6300.0,1900.0,167,0,7,0.9927987,0.993973
1500,6400.0,1900.0,205,0,7,0.99999535,0.8427285
1501,6500.0,1900.0,237,0,0,0.88145465,0.32577375
1502,6600.0,1900.0,319,0,3,0.6240347,0.20069487
1503,6700.0,1900.0,358,4,3,0.23987776,0.21120599
1504,6800.0,1900.0,337,4,3,0.17283428,0.47467446
1505,6900.0,1900.0,335,3,2,0.47271875,0.5609941
1506,7000.0,1900.0,477,0,7,0.8929036,0.25041217
1507,7100.0,1900.0,676,0,6,0.76645553,0.011797994
1508,7200.0,1900.0,858,6,6,0.29513532,0.4318997
1509,7300.0,1900.0,944,4,3,0.13475895,0.13464564
1510,7400.0,1900.0,737,0,3,0.31755868,0.32556754
1511,7500.0,1900.0,435,6,0,0.48256844,0.20410167
1512,7600.0,1900.0,179,6,6,0.6166765,1.0
1513,0.0,2000.0,495,2,1,0.22694123,0.117182255
1514,100.0,2000.0,783,6,6,0.15628207,0.055374533
1515,200.0,2000.0,1079,1,5,0.27993792,0.07232085
1516,300.0,2000.0,1164,7,5,0.18750504,0.17950708
1517,400.0,2000.0,1126,6,4,0.37461406,0.09600738
1518,500.0,2000.0,1017,1,5,0.9697073,0.45359984
1519,600.0,2000.0,899,1,2,0.6553233,0.05630696
1520,700.0,2000.0,842,1,5,0.3974728,0.34364557
1521,800.0,2000.0,787,1,5,0.9162313,0.5048038
1522,900.0,2000.0,799,1,5,0.6787754,0.15952504
1523,1000.0,2000.0,805,1,5,0.9830718,0.8425293
1524,1100.0,2000.0,807,1,2,0.59303796,0.057612598
1525,1200.0,2000.0,762,1,5,0.48619485,0.115455925
1526,1300.0,2000.0,717,1,5,0.7099175,0.5706196
1527,1400.0,2000.0,730,3,5,0.13610616,0.35158017
1528,1500.0,2000.0,751,1,5,0.74003226,0.17041212
1529,1600.0,2000.0,786,1,5,0.8213726,0.34272048
1530,1700.0,2000.0,767,1,5,0.7685272,0.03399566
1531,1800.0,2000.0,692,1,5,0.98179835,0.4935708
1532,1900.0,2000.0,626,1,2,0.4057691,0.04788378
1533,2000.0,2000.0,564,3,5,0.08718693,0.29583982
1534,2100.0,2000.0,530,1,5,0.8660781,0.003702283
1535,2200.0,2000.0,629,0,2,0.16073495,0.14427477
1536,2300.0,2000.0,606,1,2,0.89701515,0.1657711
1537,2400.0,2000.0,629,1,5,0.64458895,0.23236966
1538,2500.0,2000.0,641,1,7,0.3866993,0.17037195
1539,2600.0,2000.0,596,0,0,0.29996088,0.061238527
1540,2700.0,2000.0,547,0,6,0.58540916,0.0558016
1541,2800.0,2000.0,549,0,2,0.09500241,0.057560354
1542,2900.0,2000.0,527,0,7,0.2672043,0.048738748
1543,3000.0,2000.0,515,1,5,0.05049312,0.23159835
1544,3100.0,2000.0,557,1,5,0.9619715,0.5812713
1545,3200.0,2000.0,581,1,5,0.9891466,0.05949676
1546,3300.0,2000.0,548,1,5,0.9138342,0.41729623
1547,3400.0,2000.0,492,1,5,0.3397105,0.49626282
1548,3500.0,2000.0,391,0,2,0.16699648,0.029458225
1549,3600.0,2000.0,369,7,7,0.07426849,0.44912654
1550,3700.0,2000.0,307,0,4,0.78657234,0.15829974
1551,3800.0,2000.0,371,0,4,0.8929132,0.030171186
1552,3900.0,2000.0,334,0,7,0.9989798,0.5140798
1553,4000.0,2000.0,199,0,7,0.67229986,0.23700458
1554,4100.0,2000.0,119,0,7,0.9981265,0.78841835
1555,4200.0,2000.0,82,0,0,0.95972794,0.21435463
1556,4300.0,2000.0,67,0,0,1.0,0.39279535
1557,4400.0,2000.0,65,0,7,0.39250782,0.90872246
1558,4500.0,2000.0,53,0,7,0.99711823,0.0033285618
1559,4600.0,2000.0,61,0,7,0.99091476,0.7934995
1560,4700.0,2000.0,97,0,7,0.9537495,0.4593916
1561,4800.0,2000.0,125,0,0,0.09350744,0.17173287
1562,4900.0,2000.0,128,0,0,0.9333609,0.0014762282
1563,5000.0,2000.0,109,0,7,0.9999954,0.70431185
1564,5100.0,2000.0,45,0,7,0.99966276,0.33358634
1565,5200.0,2000.0,51,0,7,0.99999535,0.8896346
1566,5300.0,2000.0,89,0,7,0.99986994,0.8396269
1567,5400.0,2000.0,173,0,7,0.9999914,0.7963675
1568,5500.0,2000.0,228,0,2,0.07167402,0.018174946
1569,5600.0,2000.0,251,7,4,0.40086722,0.2639808
1570,5700.0,2000.0,241,7,0,0.09914932,0.00067165494
1571,5800.0,2000.0,171,0,7,0.6501137,0.5545617
1572,5900.0,2000.0,91,0,6,0.9999906,0.13183054
1573,6000.0,2000.0,118,0,6,0.99833745,0.38991037
1574,6100.0,2000.0,120,0,2,0.5916859,0.47059637
1575,6200.0,2000.0,116,0,2,0.9088114,0.9090084
1576,6300.0,2000.0,118,0,0,0.9883286,0.042856485
1577,6400.0,2000.0,118,0,7,0.99999607,0.9452728
1578,6500.0,2000.0,191,0,2,0.79770994,0.5513481
1579,6600.0,2000.0,277,0,3,0.62412167,0.023244083
1580,6700.0,2000.0,328,0,6,0.5217929,0.009482741
1581,6800.0,2000.0,332,0,7,0.9741678,0.09820023
1582,6900.0,2000.0,370,0,2,0.60837936,0.17346066
1583,7000.0,2000.0,524,4,7,0.09376538,0.013874978
1584,7100.0,2000.0,759,4,3,0.90403634,0.23695076
1585,7200.0,2000.0,935,4,3,0.6094513,0.3072303
1586,7300.0,2000.0,942,7,3,0.079233095,0.21274589
1587,7400.0,2000.0,803,4,3,0.6502019,0.49346447
1588,7500.0,2000.0,525,4,3,0.7751368,0.40199977
1589,7600.0,2000.0,230,3,3,0.14643666,0.6456846
1590,0.0,2100.0,544,0,1,0.06567904,0.06358212
1591,100.0,2100.0,801,6,4,0.12356815,0.15752324
1592,200.0,2100.0,1133,1,5,0.7212966,0.12817413
1593,300.0,2100.0,1168,1,5,0.31673527,0.25351548
1594,400.0,2100.0,1135,1,5,0.1402261,0.027438372
1595,500.0,2100.0,1110,3,5,0.001122266,0.39308316
1596,600.0,2100.0,899,1,5,0.9678863,0.38826177
1597,700.0,2100.0,855,1,5,0.9667743,0.5976776
1598,800.0,2100.0,827,1,5,1.0,0.87207997
1599,900.0,2100.0,829,1,5,0.27050424,0.33105296
1600,1000.0,2100.0,815,1,5,1.0,0.3766042
1601,1100.0,2100.0,794,1,5,0.8720848,0.07253367
1602,1200.0,2100.0,757,1,5,0.9413164,0.71901107
1603,1300.0,2100.0,722,1,5,0.8448599,0.3585703
1604,1400.0,2100.0,723,3,5,0.3331798,0.03230074
1605,1500.0,2100.0,721,1,5,0.6773849,0.23278397
1606,1600.0,2100.0,768,3,5,0.07732192,0.09108257
1607,1700.0,2100.0,785,1,5,0.8533464,0.37696856
1608,1800.0,2100.0,691,1,2,0.7232224,0.117789716
1609,1900.0,2100.0,604,1,5,0.9050169,0.05131191
1610,2000.0,2100.0,504,0,7,0.94809353,0.021143794
1611,2100.0,2100.0,432,0,5,0.13714284,0.18850085
1612,2200.0,2100.0,546,1,5,0.7310068,0.62866914
1613,2300.0,2100.0,621,1,5,0.4798868,0.0988166
1614,2400.0,2100.0,619,1,2,0.53985935,0.11596382
1615,2500.0,2100.0,576,1,5,0.9105057,0.4954024
1616,2600.0,2100.0,530,0,7,0.5138487,0.09339762
1617,2700.0,2100.0,507,0,2,0.40215677,0.242271
1618,2800.0,2100.0,449,0,2,0.5454227,0.04264328
1619,2900.0,2100.0,428,0,7,0.5699694,0.22708388
1620,3000.0,2100.0,390,0,2,0.3115734,0.38418525
1621,3100.0,2100.0,376,0,2,0.69635147,0.25349844
1622,3200.0,2100.0,382,0,2,0.6960066,0.12430629
1623,3300.0,2100.0,351,0,2,0.79831827,0.36909992
1624,3400.0,2100.0,299,0,7,0.78999853,0.7087379
1625,3500.0,2100.0,243,0,7,0.99999523,0.9045299
1626,3600.0,2100.0,264,0,7,0.99991375,0.79349864
1627,3700.0,2100.0,411,1,5,0.14180923,0.22579008
1628,3800.0,2100.0,582,0,7,0.2735041,0.1709388
1629,3900.0,2100.0,508,6,4,0.4569674,0.093208015
1630,4000.0,2100.0,331,0,6,0.114613235,0.37914062
1631,4100.0,2100.0,160,0,2,0.9446423,0.7127011
1632,4200.0,2100.0,86,0,7,1.0,0.9446194
1633,4300.0,2100.0,70,0,0,0.98499084,0.35699108
1634,4400.0,2100.0,68,0,7,0.96956384,0.9514076
1635,4500.0,2100.0,45,6,7,0.16680086,0.9462998
1636,4600.0,2100.0,51,0,7,0.99926513,0.69894516
1637,4700.0,2100.0,89,7,7,0.18358335,1.0
1638,4800.0,2100.0,102,0,0,0.6133071,0.2777395
1639,4900.0,2100.0,108,0,0,0.94705814,0.58905447
1640,5000.0,2100.0,50,0,7,1.0,0.036452204
1641,5100.0,2100.0,41,0,0,0.86439496,0.5332098
1642,5200.0,2100.0,56,7,7,0.02621317,0.641731
1643,5300.0,2100.0,122,0,7,0.9999931,1.0
1644,5400.0,2100.0,186,0,2,0.39925912,0.19367418
1645,5500.0,2100.0,252,3,0,0.8327775,0.027709663
1646,5600.0,2100.0,239,0,0,0.14226991,0.16472942
1647,5700.0,2100.0,209,0,0,0.68829685,0.055521518
1648,5800.0,2100.0,106,0,7,0.5942253,0.082164586
1649,5900.0,2100.0,81,0,7,0.9999958,0.86925393
1650,6000.0,2100.0,104,0,7,0.99999523,1.0
1651,6100.0,2100.0,131,0,7,0.99999535,0.8348148
1652,6200.0,2100.0,137,0,7,0.9997029,0.48924455
1653,6300.0,2100.0,122,0,2,0.21042931,0.15418544
1654,6400.0,2100.0,119,0,7,0.99999535,0.9236825
1655,6500.0,2100.0,189,0,7,0.9974295,0.24098784
1656,6600.0,2100.0,247,3,2,0.3171992,0.19107333
1657,6700.0,2100.0,269,0,0,0.985176,0.18838713
1658,6800.0,2100.0,311,0,7,0.9435478,0.45785722
1659,6900.0,2100.0,428,0,7,0.9335762,0.10817289
1660,7000.0,2100.0,635,4,3,0.7364845,0.48728812
1661,7100.0,2100.0,798,4,3,0.5548874,0.47525448
1662,7200.0,2100.0,916,4,3,0.6557911,0.9269225
1663,7300.0,2100.0,950,4,3,0.28707248,0.4015603
1664,7400.0,2100.0,831,4,3,0.8836631,0.35401165
1665,7500.0,2100.0,559,4,3,0.5714724,0.55718434
1666,7600.0,2100.0,229,4,3,0.11456242,1.0
1667,0.0,2200.0,564,5,1,0.5936017,0.080056846
1668,100.0,2200.0,851,7,0,0.18397039,0.0019442439
1669,200.0,2200.0,1165,2,1,0.0067266524,0.010806143
1670,300.0,2200.0,1151,7,5,0.31713897,0.02955094
1671,400.0,2200.0,1164,1,5,0.3560914,0.2691346
1672,500.0,2200.0,1122,1,5,0.90185905,0.6763287
1673,600.0,2200.0,905,3,5,0.059776276,0.1944656
1674,700.0,2200.0,855,1,5,0.554995,0.3802786
1675,800.0,2200.0,902,1,5,0.8403406,0.7094468
1676,900.0,2200.0,887,1,5,0.94249946,0.5427104
1677,1000.0,2200.0,872,1,5,0.74510586,0.1884146
1678,1100.0,2200.0,831,1,5,0.9234104,0.39143395
1679,1200.0,2200.0,757,1,5,0.76328474,0.44882047
1680,1300.0,2200.0,713,1,5,0.33837643,0.23004997
1681,1400.0,2200.0,722,1,2,0.78765404,0.19825703
1682,1500.0,2200.0,710,7,0,0.44500652,0.13914013
1683,1600.0,2200.0,718,1,5,0.97095174,0.3777367
1684,1700.0,2200.0,766,1,5,0.7610737,0.4267384
1685,1800.0,2200.0,680,1,5,0.38436058,0.24471277
1686,1900.0,2200.0,566,1,2,0.45581174,0.0921205
1687,2000.0,2200.0,463,0,2,0.10389432,0.08690086
1688,2100.0,2200.0,424,0,7,0.33285454,0.0016030967
1689,2200.0,2200.0,502,1,5,0.10504168,0.18685433
1690,2300.0,2200.0,532,1,5,0.28456855,0.29247645
1691,2400.0,2200.0,553,1,5,0.96267205,0.66898847
1692,2500.0,2200.0,472,1,5,0.6010047,1.0
1693,2600.0,2200.0,465,0,0,0.14081645,0.11891803
1694,2700.0,2200.0,506,0,2,0.45453864,0.14847875
1695,2800.0,2200.0,480,0,2,0.26076514,0.2049515
1696,2900.0,2200.0,462,0,4,0.5084784,0.15235478
1697,3000.0,2200.0,371,0,2,0.99318045,0.22626385
1698,3100.0,2200.0,235,0,2,0.60577327,0.16387388
1699,3200.0,2200.0,218,0,7,0.42224,0.12502548
1700,3300.0,2200.0,183,0,7,0.99999475,0.9284954
1701,3400.0,2200.0,155,0,7,0.99999535,0.92977214
1702,3500.0,2200.0,154,0,7,0.99999535,0.9004666
1703,3600.0,2200.0,243,0,7,0.34206295,0.1442402
1704,3700.0,2200.0,472,3,6,0.19421545,0.040692985
1705,3800.0,2200.0,633,6,4,0.19981545,0.040801376
1706,3900.0,2200.0,609,6,6,0.22768861,0.16982466
1707,4000.0,2200.0,479,0,7,0.9962774,0.6900896
1708,4100.0,2200.0,180,0,7,0.99999535,0.91897476
1709,4200.0,2200.0,99,0,7,0.99999535,0.88951147
1710,4300.0,2200.0,86,0,7,0.9999955,0.65779126
1711,4400.0,2200.0,64,0,7,0.99999535,0.9428613
1712,4500.0,2200.0,53,0,7,0.99999535,1.0
1713,4600.0,2200.0,55,0,7,0.99999535,0.99636006
1714,4700.0,2200.0,66,0,7,0.99999535,0.69764775
1715,4800.0,2200.0,80,0,7,0.9963131,1.0
1716,4900.0,2200.0,60,0,0,0.99600893,0.0003889799
1717,5000.0,2200.0,40,0,0,0.99853677,0.36025572
1718,5100.0,2200.0,65,0,7,1.0,0.44154042
1719,5200.0,2200.0,120,0,7,0.99996567,0.8591115
1720,5300.0,2200.0,150,0,4,0.80980504,0.66904616
1721,5400.0,2200.0,192,0,4,0.16681844,0.023851156
1722,5500.0,2200.0,226,3,2,0.68191886,0.32741746
1723,5600.0,2200.0,227,0,0,0.4361734,0.04254198
1724,5700.0,2200.0,131,0,2,0.65787804,0.8077743
1725,5800.0,2200.0,105,0,2,0.9937365,0.29388237
1726,5900.0,2200.0,87,0,7,0.99999535,0.94986236
1727,6000.0,2200.0,89,0,7,0.99999535,0.83045435
1728,6100.0,2200.0,111,3,2,0.30281985,0.849141
1729,6200.0,2200.0,110,0,2,0.32242626,0.0024830997
1730,6300.0,2200.0,148,0,2,0.89288735,0.41842923
1731,6400.0,2200.0,183,0,2,0.9827987,0.19869217
1732,6500.0,2200.0,231,0,7,0.9999965,0.24113983
1733,6600.0,2200.0,286,0,2,0.61545694,0.5308047
1734,6700.0,2200.0,334,0,2,0.8534952,0.35732976
1735,6800.0,2200.0,368,0,0,0.99689424,0.14190763
1736,6900.0,2200.0,473,0,2,0.65760636,0.21088827
1737,7000.0,2200.0,641,4,3,0.17886004,0.477737
1738,7100.0,2200.0,794,4,3,0.5140279,0.55034995
1739,7200.0,2200.0,898,4,3,0.7151253,0.57662404
1740,7300.0,2200.0,925,4,3,0.96626455,0.7204428
1741,7400.0,2200.0,773,4,3,0.4233651,0.25777507
1742,7500.0,2200.0,520,4,3,0.30450803,0.3681571
1743,7600.0,2200.0,231,2,3,0.15876791,0.25460312
1744,0.0,2300.0,561,5,1,0.37716472,0.37896457
1745,100.0,2300.0,891,7,1,0.029575571,0.29436535
1746,200.0,2300.0,1194,2,1,0.4776357,0.2521162
1747,300.0,2300.0,1148,3,1,0.010243446,0.07720487
1748,400.0,2300.0,1129,7,5,0.069482,0.2662673
1749,500.0,2300.0,1079,1,5,0.98067737,0.329513
1750,600.0,2300.0,929,1,5,0.6319891,0.440139
1751,700.0,2300.0,891,1,5,0.91898644,0.22055653
1752,800.0,2300.0,880,1,5,0.8908044,0.23282109
1753,900.0,2300.0,883,3,5,0.012768418,0.25455198
1754,1000.0,2300.0,891,1,5,0.19921991,0.0050141215
1755,1100.0,2300.0,855,1,5,0.80338097,0.17388391
1756,1200.0,2300.0,783,1,5,0.7101637,0.8859978
1757,1300.0,2300.0,734,1,5,0.810338,0.27975374
1758,1400.0,2300.0,674,1,2,0.11961284,0.0046435297
1759,1500.0,2300.0,660,1,5,0.038106203,0.13520923
1760,1600.0,2300.0,637,1,5,0.77435935,0.059565663
1761,1700.0,2300.0,679,1,5,0.90391445,0.29187483
1762,1800.0,2300.0,704,0,5,0.19210356,0.4278648
1763,1900.0,2300.0,657,0,7,0.6009492,0.017816663
1764,2000.0,2300.0,548,0,7,0.8635131,0.1100035
1765,2100.0,2300.0,493,0,6,0.87791526,0.13844642
1766,2200.0,2300.0,522,0,0,0.95585597,0.16916859
1767,2300.0,2300.0,511,0,5,0.49905014,0.103506446
1768,2400.0,2300.0,441,1,5,0.5324295,0.9971626
1769,2500.0,2300.0,400,0,7,0.7957482,0.19947201
1770,2600.0,2300.0,454,0,7,0.99976516,0.8195438
1771,2700.0,2300.0,511,0,4,0.7671238,0.21499988
1772,2800.0,2300.0,591,0,0,0.91339964,0.025069982
1773,2900.0,2300.0,517,0,4,0.38576043,0.1152892
1774,3000.0,2300.0,388,0,4,0.9609924,0.34795046
1775,3100.0,2300.0,277,0,2,0.86806804,0.58852345
1776,3200.0,2300.0,185,0,2,0.9971756,0.34198818
1777,3300.0,2300.0,181,0,7,0.99999505,0.8644402
1778,3400.0,2300.0,170,0,7,0.997961,0.05286929
1779,3500.0,2300.0,218,0,2,0.8244919,0.015865475
1780,3600.0,2300.0,340,0,7,0.92515886,0.840879
1781,3700.0,2300.0,584,0,6,0.83459294,0.014676124
1782,3800.0,2300.0,651,0,4,0.06663525,0.068951845
1783,3900.0,2300.0,590,7,4,0.0024880767,0.01009509
1784,4000.0,2300.0,432,0,7,0.837674,0.6777457
1785,4100.0,2300.0,153,0,7,0.99991286,0.85941267
1786,4200.0,2300.0,99,0,7,0.99999535,0.96009994
1787,4300.0,2300.0,96,0,4,0.42866558,0.04184425
1788,4400.0,2300.0,73,0,2,0.6728833,0.59813243
1789,4500.0,2300.0,76,0,7,0.99999535,0.9895785
1790,4600.0,2300.0,83,0,7,0.99999535,1.0
1791,4700.0,2300.0,92,0,7,0.99999535,0.971171
1792,4800.0,2300.0,77,0,7,0.9966535,0.7936129
1793,4900.0,2300.0,64,0,7,0.99999535,1.0
1794,5000.0,2300.0,122,0,7,0.9999954,1.0
1795,5100.0,2300.0,184,0,7,0.99998,1.0
1796,5200.0,2300.0,195,0,4,0.95879877,0.039717644
1797,5300.0,2300.0,217,0,0,0.69933754,0.12563238
1798,5400.0,2300.0,188,0,4,0.20636901,0.27870864
1799,5500.0,2300.0,186,0,2,0.57658464,0.028146833
1800,5600.0,2300.0,147,0,0,0.63557506,0.09414089
1801,5700.0,2300.0,131,0,0,0.9092617,0.36499324
1802,5800.0,2300.0,95,0,7,0.99999535,0.8468816
1803,5900.0,2300.0,105,0,7,0.99999535,0.68001056
1804,6000.0,2300.0,112,0,7,0.99999535,0.7922907
1805,6100.0,2300.0,121,0,2,0.23139134,1.0
1806,6200.0,2300.0,154,0,2,0.9931945,0.27019644
1807,6300.0,2300.0,191,0,7,0.99999344,0.7862312
1808,6400.0,2300.0,257,0,4,0.85028374,0.19548504
1809,6500.0,2300.0,397,0,2,0.18347731,0.67318875
1810,6600.0,2300.0,463,0,2,0.27148548,0.108963996
1811,6700.0,2300.0,537,0,6,0.23860174,0.08832291
1812,6800.0,2300.0,524,0,7,0.24506757,0.03433019
1813,6900.0,2300.0,567,0,0,0.8251929,0.12735945
1814,7000.0,2300.0,652,0,3,0.74312115,0.09023821
1815,7100.0,2300.0,682,4,3,0.7901276,0.3908178
1816,7200.0,2300.0,726,4,3,0.9878537,0.54363114
1817,7300.0,2300.0,752,4,3,0.8955797,0.8452002
1818,7400.0,2300.0,639,4,3,0.94522166,0.37193093
1819,7500.0,2300.0,412,4,3,0.3812884,0.50955296
1820,7600.0,2300.0,192,3,2,0.07657668,0.66323566
1821,0.0,2400.0,554,5,1,0.88432825,0.4757572
1822,100.0,2400.0,855,2,1,0.026310444,0.42895013
1823,200.0,2400.0,1090,2,1,0.24943557,0.65023714
1824,300.0,2400.0,1092,5,1,0.0065381676,0.25081933
1825,400.0,2400.0,1062,6,4,0.053637683,0.02673614
1826,500.0,2400.0,998,1,5,0.8883552,0.624776
1827,600.0,2400.0,907,0,4,0.21302502,0.034759566
1828,700.0,2400.0,847,1,5,0.81111974,0.7999251
1829,800.0,2400.0,843,1,2,0.8866047,0.03020826
1830,900.0,2400.0,874,0,5,0.043455422,0.038939
1831,1000.0,2400.0,891,1,5,0.9367817,0.35461596
1832,1100.0,2400.0,852,1,5,0.8143373,0.3019374
1833,1200.0,2400.0,792,1,5,0.2589966,0.44526696
1834,1300.0,2400.0,747,1,2,0.079814434,0.065731436
1835,1400.0,2400.0,728,1,5,0.7102376,0.8913558
1836,1500.0,2400.0,655,1,2,0.7091019,0.1895856
1837,1600.0,2400.0,631,0,6,0.61539614,0.08163926
1838,1700.0,2400.0,651,0,6,0.638295,0.23533443
1839,1800.0,2400.0,691,0,0,0.21713722,0.0941968
1840,1900.0,2400.0,729,0,6,0.5537556,0.094944924
1841,2000.0,2400.0,671,7,6,0.043128252,0.18596166
1842,2100.0,2400.0,594,0,6,0.15021804,0.16678846
1843,2200.0,2400.0,589,7,6,0.034538478,0.065520525
1844,2300.0,2400.0,523,0,4,0.4172484,0.008419633
1845,2400.0,2400.0,408,0,0,0.9489069,0.41157898
1846,2500.0,2400.0,343,0,7,0.7344352,0.09237087
1847,2600.0,2400.0,407,0,2,0.89742994,0.18429124
1848,2700.0,2400.0,493,0,4,0.09884685,0.19269204
1849,2800.0,2400.0,597,0,0,0.7463214,0.11804676
1850,2900.0,2400.0,510,0,0,0.181499,0.19027641
1851,3000.0,2400.0,408,3,0,0.29279655,0.0053969324
1852,3100.0,2400.0,321,0,7,0.99953836,0.44024202
1853,3200.0,2400.0,215,0,2,0.8961949,0.37795743
1854,3300.0,2400.0,198,0,2,0.8385516,0.061489463
1855,3400.0,2400.0,234,0,6,0.73227865,0.032691777
1856,3500.0,2400.0,337,0,2,0.8864302,0.033570647
1857,3600.0,2400.0,452,0,2,0.69341964,0.86292964
1858,3700.0,2400.0,535,0,1,0.04450628,0.60547143
1859,3800.0,2400.0,587,0,6,0.5536448,0.026401639
1860,3900.0,2400.0,477,0,6,0.6782004,0.3487183
1861,4000.0,2400.0,307,0,2,0.5462082,0.70087206
1862,4100.0,2400.0,125,0,2,0.96635896,0.27537858
1863,4200.0,2400.0,119,0,7,0.9978458,0.21338299
1864,4300.0,2400.0,98,0,0,0.86495334,0.052954167
1865,4400.0,2400.0,110,0,7,0.7402909,0.35896248
1866,4500.0,2400.0,159,0,7,0.45553872,0.6580565
1867,4600.0,2400.0,183,0,7,0.99999535,1.0
1868,4700.0,2400.0,184,0,7,0.9982419,0.5309498
1869,4800.0,2400.0,130,0,7,0.8174784,0.5293987
1870,4900.0,2400.0,77,0,7,0.99999285,0.96109617
1871,5000.0,2400.0,180,0,7,0.99999344,0.94311035
1872,5100.0,2400.0,223,6,2,0.17552747,0.015740365
1873,5200.0,2400.0,272,0,4,0.39381415,0.046957076
1874,5300.0,2400.0,271,0,2,0.38704926,0.057674766
1875,5400.0,2400.0,187,3,2,0.08544448,0.03975427
1876,5500.0,2400.0,134,0,2,0.11111662,0.61028695
1877,5600.0,2400.0,150,0,0,0.88361037,0.37699458
1878,5700.0,2400.0,139,0,7,0.999996,0.85852385
1879,5800.0,2400.0,139,0,7,0.99999535,0.8721583
1880,5900.0,2400.0,137,0,7,0.99999523,0.9624147
1881,6000.0,2400.0,178,0,7,0.98832285,0.6839749
1882,6100.0,2400.0,233,0,7,0.9471962,0.059571713
1883,6200.0,2400.0,268,0,7,0.6107092,0.10183996
1884,6300.0,2400.0,225,0,6,0.8319942,0.11853716
1885,6400.0,2400.0,355,0,4,0.105722606,0.04091294
1886,6500.0,2400.0,503,0,3,0.15275663,0.110130385
1887,6600.0,2400.0,633,0,3,0.12982804,0.18499802
1888,6700.0,2400.0,731,0,3,0.044624433,0.1411667
1889,6800.0,2400.0,709,4,3,0.88161474,0.2857741
1890,6900.0,2400.0,710,4,3,0.4518751,0.27148306
1891,7000.0,2400.0,662,0,3,0.47759962,0.07575986
1892,7100.0,2400.0,576,0,2,0.54938614,0.12610292
1893,7200.0,2400.0,525,0,7,0.82966113,0.33422223
1894,7300.0,2400.0,493,0,7,0.585693,0.1720939
1895,7400.0,2400.0,426,0,7,0.7984399,0.17388047
1896,7500.0,2400.0,302,0,7,0.86412716,0.5773254
1897,7600.0,2400.0,113,0,7,0.9009764,1.0
1898,0.0,2500.0,575,5,1,0.57480913,0.11600879
1899,100.0,2500.0,913,0,1,0.5234075,0.39350358
1900,200.0,2500.0,1104,5,1,0.9947991,1.0
1901,300.0,2500.0,1075,5,1,0.6742782,0.8558774
1902,400.0,2500.0,996,1,1,0.84471786,0.085107565
1903,500.0,2500.0,924,1,5,0.5491765,0.07109463
1904,600.0,2500.0,842,1,5,0.29770982,0.13612604
1905,700.0,2500.0,808,1,5,0.9345034,0.6489136
1906,800.0,2500.0,827,1,5,0.3245027,0.19733724
1907,900.0,2500.0,871,1,2,0.68690115,0.21268648
1908,1000.0,2500.0,879,1,5,0.52341324,0.20793974
1909,1100.0,2500.0,870,1,5,0.79197043,1.0
1910,1200.0,2500.0,811,1,5,0.79595685,0.2929206
1911,1300.0,2500.0,811,1,5,0.10984835,0.20341048
1912,1400.0,2500.0,764,1,5,0.9296805,0.044409335
1913,1500.0,2500.0,659,0,0,0.27775156,0.049365997
1914,1600.0,2500.0,664,0,0,0.9142083,0.10266167
1915,1700.0,2500.0,738,0,0,0.63786614,0.38356322
1916,1800.0,2500.0,784,0,1,0.008627772,0.2837069
1917,1900.0,2500.0,780,2,1,0.4707865,0.42852813
1918,2000.0,2500.0,778,0,0,0.92242086,0.41717494
1919,2100.0,2500.0,759,0,0,0.21734929,0.1315704
1920,2200.0,2500.0,745,0,6,0.0077809393,0.3386975
1921,2300.0,2500.0,605,7,0,0.085657865,0.13402447
1922,2400.0,2500.0,423,0,7,0.9958042,0.39253294
1923,2500.0,2500.0,358,0,7,0.82823974,0.6803221
1924,2600.0,2500.0,414,0,0,0.87748456,0.038857132
1925,2700.0,2500.0,544,0,0,0.9378283,0.10868025
1926,2800.0,2500.0,648,0,7,0.9976323,0.6377474
1927,2900.0,2500.0,565,0,2,0.99245334,0.64116865
1928,3000.0,2500.0,397,0,0,0.4872194,0.241323
1929,3100.0,2500.0,290,0,2,0.9565054,0.2976941
1930,3200.0,2500.0,219,0,4,0.98272383,0.04143384
1931,3300.0,2500.0,219,0,0,0.30231568,0.13979056
1932,3400.0,2500.0,282,0,6,0.71491915,0.08505702
1933,3500.0,2500.0,398,0,1,0.88533556,0.2442425
1934,3600.0,2500.0,450,2,1,0.49517205,0.94306505
1935,3700.0,2500.0,484,0,1,0.018500507,0.3605224
1936,3800.0,2500.0,421,0,6,0.761388,0.009910524
1937,3900.0,2500.0,320,0,0,0.7253288,0.16895077
1938,4000.0,2500.0,196,0,2,0.9874807,0.5225234
1939,4100.0,2500.0,148,0,2,0.069380224,0.56878805
1940,4200.0,2500.0,158,0,7,0.765116,0.10683495
1941,4300.0,2500.0,117,0,7,0.99999535,0.9080467
1942,4400.0,2500.0,147,0,7,0.98498034,0.09514165
1943,4500.0,2500.0,204,0,5,0.38055527,0.38098174
1944,4600.0,2500.0,231,1,5,0.41887987,0.17751646
1945,4700.0,2500.0,240,1,5,0.6603743,0.46852002
1946,4800.0,2500.0,185,0,7,0.9998723,0.9499791
1947,4900.0,2500.0,138,0,7,0.99999535,1.0
1948,5000.0,2500.0,196,3,2,0.42096364,0.088644564
1949,5100.0,2500.0,314,0,6,0.39179796,0.07510701
1950,5200.0,2500.0,350,0,7,0.9876753,0.26060942
1951,5300.0,2500.0,324,0,0,0.82834136,0.12560514
1952,5400.0,2500.0,231,0,7,0.99999535,0.13381481
1953,5500.0,2500.0,205,0,2,0.9978868,0.17599043
1954,5600.0,2500.0,225,0,7,0.9999955,0.9919504
1955,5700.0,2500.0,208,0,7,0.95337754,0.87248296
1956,5800.0,2500.0,208,0,7,0.99999666,0.644861
1957,5900.0,2500.0,221,0,7,0.75723124,0.11746284
1958,6000.0,2500.0,313,0,2,0.13224542,0.06472793
1959,6100.0,2500.0,332,0,6,0.16514188,0.012041956
1960,6200.0,2500.0,315,0,6,0.7266167,0.1673592
1961,6300.0,2500.0,351,0,2,0.91783094,0.15383294
1962,6400.0,2500.0,385,0,2,0.078041136,0.03154975
1963,6500.0,2500.0,547,0,3,0.18232638,0.022367716
1964,6600.0,2500.0,733,4,3,0.4698108,0.30198377
1965,6700.0,2500.0,945,4,3,0.5709072,0.38770866
1966,6800.0,2500.0,962,4,3,0.720085,0.4526567
1967,6900.0,2500.0,917,4,3,0.72704154,0.6609991
1968,7000.0,2500.0,744,4,3,0.7746647,0.28897315
1969,7100.0,2500.0,553,0,3,0.64850557,0.15678358
1970,7200.0,2500.0,444,0,7,0.841961,0.829542
1971,7300.0,2500.0,348,0,0,0.93745595,0.2717481
1972,7400.0,2500.0,276,0,7,0.82751924,0.0689075
1973,7500.0,2500.0,182,0,6,0.8544739,0.1756694
1974,7600.0,2500.0,57,0,7,0.8770353,1.0
1975,0.0,2600.0,579,2,1,0.22778979,0.11696869
1976,100.0,2600.0,903,6,1,0.09003273,0.012941256
1977,200.0,2600.0,1116,2,0,0.058906734,0.01681161
1978,300.0,2600.0,1027,1,1,0.30906752,0.14648628
1979,400.0,2600.0,908,1,5,0.1696702,0.04263252
1980,500.0,2600.0,852,1,5,0.472761,0.4193692
1981,600.0,2600.0,803,1,6,0.14342353,0.09496924
1982,700.0,2600.0,791,1,5,0.87780863,0.28955552
1983,800.0,2600.0,838,1,5,0.96418303,0.3111661
1984,900.0,2600.0,848,1,5,0.801283,0.11848387
1985,1000.0,2600.0,896,1,5,0.4905185,0.86690307
1986,1100.0,2600.0,905,1,5,0.9999361,1.0
1987,1200.0,2600.0,888,1,5,0.828358,0.4910866
1988,1300.0,2600.0,846,1,5,0.6379396,0.1816862
1989,1400.0,2600.0,809,1,5,0.739048,0.057783335
1990,1500.0,2600.0,675,1,5,0.39903384,0.08722451
1991,1600.0,2600.0,729,0,6,0.633292,0.016283363
1992,1700.0,2600.0,833,6,0,0.2705006,0.1524489
1993,1800.0,2600.0,892,0,1,0.38950884,0.28161147
1994,1900.0,2600.0,850,5,1,0.42942393,0.9755262
1995,2000.0,2600.0,770,0,2,0.84513265,0.22271298
1996,2100.0,2600.0,763,0,0,0.52999914,0.25328088
1997,2200.0,2600.0,791,3,6,0.30822316,0.062176675
1998,2300.0,2600.0,668,0,0,0.47194374,0.018727988
1999,2400.0,2600.0,500,0,7,0.9819235,0.0286493
2000,2500.0,2600.0,350,0,7,0.9755319,0.7153177
2001,2600.0,2600.0,493,0,7,0.98164606,0.06724253
2002,2700.0,2600.0,643,0,7,0.89760274,0.19413054
2003,2800.0,2600.0,627,0,7,0.94823235,0.12398657
2004,2900.0,2600.0,528,0,4,0.99998677,0.6784383
2005,3000.0,2600.0,400,0,7,0.99999535,0.92610633
2006,3100.0,2600.0,262,0,7,0.9999826,0.7316696
2007,3200.0,2600.0,216,0,7,0.9999954,0.5999296
2008,3300.0,2600.0,224,0,7,0.96709365,0.6297899
2009,3400.0,2600.0,264,0,7,0.9327257,0.30379173
2010,3500.0,2600.0,359,0,1,0.9041882,0.20878236
2011,3600.0,2600.0,428,0,1,0.28975964,0.894256
2012,3700.0,2600.0,499,0,7,0.6069348,0.6491058
2013,3800.0,2600.0,428,0,7,0.593884,0.5075849
2014,3900.0,2600.0,292,0,0,0.9853082,0.24899808
2015,4000.0,2600.0,236,0,2,0.54949164,0.1375593
2016,4100.0,2600.0,209,0,6,0.30341935,0.21179698
2017,4200.0,2600.0,194,0,7,0.8648726,0.45510763
2018,4300.0,2600.0,165,0,7,0.99999535,0.97930163
2019,4400.0,2600.0,193,0,7,0.99999535,0.94609714
2020,4500.0,2600.0,217,0,7,0.95229757,0.13095796
2021,4600.0,2600.0,272,0,5,0.13197675,0.17983833
2022,4700.0,2600.0,279,1,2,0.24870011,0.050786078
2023,4800.0,2600.0,204,0,5,0.06225136,0.041876346
2024,4900.0,2600.0,185,0,7,0.99999535,0.8777218
2025,5000.0,2600.0,181,0,4,0.97424763,0.26462966
2026,5100.0,2600.0,297,0,4,0.77576804,0.50935525
2027,5200.0,2600.0,367,3,0,0.43621194,0.15682189
2028,5300.0,2600.0,305,0,0,0.19318306,0.024425834
2029,5400.0,2600.0,358,0,4,0.592564,0.2978629
2030,5500.0,2600.0,365,0,3,0.111623526,0.029707015
2031,5600.0,2600.0,393,0,3,0.5960796,0.1855351
2032,5700.0,2600.0,393,0,0,0.6295721,0.24610603
2033,5800.0,2600.0,376,0,7,0.76678413,0.11466628
2034,5900.0,2600.0,349,0,2,0.74935496,0.17055109
2035,6000.0,2600.0,418,0,6,0.7741593,0.1725131
2036,6100.0,2600.0,415,0,6,0.2132377,0.32193196
2037,6200.0,2600.0,359,0,6,0.036861837,0.09803024
2038,6300.0,2600.0,344,0,7,0.8247465,0.015138626
2039,6400.0,2600.0,347,0,2,0.11398044,0.13793507
2040,6500.0,2600.0,473,3,2,0.32820088,0.32873103
2041,6600.0,2600.0,689,4,3,0.7410814,0.10975057
2042,6700.0,2600.0,935,4,3,0.4863195,0.6683625
2043,6800.0,2600.0,1044,4,3,0.4920858,0.67716205
2044,6900.0,2600.0,1068,4,3,0.3182185,0.531011
2045,7000.0,2600.0,868,4,3,0.8339561,0.61262274
2046,7100.0,2600.0,584,4,3,0.11004916,0.11754775
2047,7200.0,2600.0,429,0,7,0.9187772,0.8158541
2048,7300.0,2600.0,337,0,7,0.52188855,0.084628165
2049,7400.0,2600.0,241,0,2,0.9911577,0.0045241117
2050,7500.0,2600.0,122,0,7,0.9999719,0.5552355
2051,7600.0,2600.0,61,0,7,0.99999535,0.8821243
2052,0.0,2700.0,506,7,6,0.13468927,0.04048097
2053,100.0,2700.0,789,7,4,0.018561095,0.10173008
2054,200.0,2700.0,997,6,4,0.3082819,0.13220286
2055,300.0,2700.0,919,6,5,0.07821509,0.11288276
2056,400.0,2700.0,840,1,5,0.32159847,0.29531273
2057,500.0,2700.0,821,1,6,0.11563879,0.15870813
2058,600.0,2700.0,766,0,5,0.37564257,0.16141637
2059,700.0,2700.0,801,1,5,0.18085477,0.27862215
2060,800.0,2700.0,836,1,5,0.68043,0.13136506
2061,900.0,2700.0,880,1,5,0.9024245,0.18796483
2062,1000.0,2700.0,930,1,5,0.33431876,0.39637983
2063,1100.0,2700.0,932,1,5,0.09184086,0.31751546
2064,1200.0,2700.0,909,1,5,0.2904805,0.21651259
2065,1300.0,2700.0,808,1,5,0.36324942,0.2299166
2066,1400.0,2700.0,786,1,5,0.48104638,0.2532465
2067,1500.0,2700.0,726,0,0,0.37861776,0.0555712
2068,1600.0,2700.0,786,0,6,0.740649,0.08762938
2069,1700.0,2700.0,835,6,6,0.3817271,0.37016693
2070,1800.0,2700.0,907,0,6,0.06645441,0.27091396
2071,1900.0,2700.0,879,0,2,0.36519003,0.1772896
2072,2000.0,2700.0,730,0,2,0.7776143,0.040302068
2073,2100.0,2700.0,761,0,0,0.4332807,0.14886895
2074,2200.0,2700.0,814,0,6,0.35698676,0.02156654
2075,2300.0,2700.0,711,6,0,0.065006435,0.13997257
2076,2400.0,2700.0,530,0,7,0.9760265,0.3544625
2077,2500.0,2700.0,438,0,7,0.9999952,0.89727247
2078,2600.0,2700.0,520,0,6,0.80608284,0.22903624
2079,2700.0,2700.0,731,0,6,0.63222843,0.5528335
2080,2800.0,2700.0,746,0,1,0.5020578,0.2297321
2081,2900.0,2700.0,664,0,4,0.598543,0.49808368
2082,3000.0,2700.0,498,0,4,0.8968397,0.60721755
2083,3100.0,2700.0,332,0,7,0.9282897,0.55415255
2084,3200.0,2700.0,204,0,7,0.999992,0.26306477
2085,3300.0,2700.0,188,0,2,0.15076631,1.0
2086,3400.0,2700.0,199,0,0,0.8980952,0.014978439
2087,3500.0,2700.0,274,0,7,0.98998785,0.81879246
2088,3600.0,2700.0,380,0,7,0.24194416,0.4434492
2089,3700.0,2700.0,447,0,1,0.7494076,0.18223464
2090,3800.0,2700.0,407,2,1,0.18634406,0.31592333
2091,3900.0,2700.0,381,0,1,0.6481155,0.62951005
2092,4000.0,2700.0,352,0,7,0.709412,0.030091882
2093,4100.0,2700.0,305,0,0,0.9308121,0.21917072
2094,4200.0,2700.0,283,0,7,0.9520805,0.09154257
2095,4300.0,2700.0,240,0,7,0.6450929,0.98764217
2096,4400.0,2700.0,198,0,0,0.7386741,0.04900393
2097,4500.0,2700.0,214,0,7,0.98142517,0.15689768
2098,4600.0,2700.0,318,0,7,0.65336084,0.31357676
2099,4700.0,2700.0,361,0,5,0.16787761,0.10181278
2100,4800.0,2700.0,320,1,5,0.16991672,0.3957072
2101,4900.0,2700.0,253,0,7,0.99999535,0.9211767
2102,5000.0,2700.0,193,3,6,0.0841904,0.06969854
2103,5100.0,2700.0,299,0,2,0.8822593,0.33511677
2104,5200.0,2700.0,399,0,2,0.3455658,0.050108254
2105,5300.0,2700.0,408,0,2,0.9434408,0.102467716
2106,5400.0,2700.0,463,0,7,0.7401855,0.694984
2107,5500.0,2700.0,514,4,3,0.60395026,0.2147573
2108,5600.0,2700.0,546,4,3,0.71196526,0.6078856
2109,5700.0,2700.0,609,4,3,0.440076,0.12824959
2110,5800.0,2700.0,565,0,3,0.3916608,0.08118889
2111,5900.0,2700.0,515,0,3,0.64771706,0.2919218
2112,6000.0,2700.0,523,0,7,0.17727435,0.21659967
2113,6100.0,2700.0,523,0,7,0.3700816,0.04511088
2114,6200.0,2700.0,476,0,7,0.60599685,0.18541059
2115,6300.0,2700.0,399,0,0,0.62662184,0.12975368
2116,6400.0,2700.0,327,0,2,0.7107487,0.043694466
2117,6500.0,2700.0,402,0,0,0.8932111,0.105570644
2118,6600.0,2700.0,575,0,3,0.39193255,0.18861145
2119,6700.0,2700.0,825,4,3,0.9132339,0.6402032
2120,6800.0,2700.0,991,4,3,0.5054141,0.5895318
2121,6900.0,2700.0,970,4,3,0.6303711,0.5119021
2122,7000.0,2700.0,882,4,3,0.50029427,0.3915442
2123,7100.0,2700.0,671,0,3,0.60756993,0.17833394
2124,7200.0,2700.0,526,0,7,0.25892848,0.05472216
2125,7300.0,2700.0,427,0,7,0.6458303,0.04033631
2126,7400.0,2700.0,330,0,2,0.89638036,0.123888224
2127,7500.0,2700.0,186,0,2,0.9944802,0.33053362
2128,7600.0,2700.0,68,0,7,0.99999535,1.0
2129,0.0,2800.0,408,0,6,0.02899003,0.21705702
2130,100.0,2800.0,711,0,0,0.49323523,0.17288354
2131,200.0,2800.0,890,3,5,0.37793928,0.06246072
2132,300.0,2800.0,815,1,5,0.0034289062,0.04924196
2133,400.0,2800.0,801,3,2,0.13156691,0.06325409
2134,500.0,2800.0,770,1,5,0.2239757,0.045329005
2135,600.0,2800.0,770,7,6,0.13169244,0.013796449
2136,700.0,2800.0,824,1,5,0.7863955,0.006247014
2137,800.0,2800.0,828,1,5,0.44288856,0.058280468
2138,900.0,2800.0,866,1,5,0.13418818,0.22186518
2139,1000.0,2800.0,894,1,2,0.5574028,0.0884929
2140,1100.0,2800.0,910,1,5,0.4943428,0.2275261
2141,1200.0,2800.0,882,1,5,0.7563193,0.24873742
2142,1300.0,2800.0,857,1,5,0.89304173,0.64254344
2143,1400.0,2800.0,800,3,5,0.27174568,0.3857374
2144,1500.0,2800.0,709,6,0,0.39460248,0.13174567
2145,1600.0,2800.0,730,0,0,0.97483295,0.16740456
2146,1700.0,2800.0,825,0,6,0.43242308,0.61559653
2147,1800.0,2800.0,929,0,6,0.3882665,0.26066852
2148,1900.0,2800.0,822,0,1,0.8949332,0.16439
2149,2000.0,2800.0,720,5,1,0.17145577,0.23397252
2150,2100.0,2800.0,715,5,1,0.4827044,0.77313775
2151,2200.0,2800.0,795,0,0,0.39254662,0.025058687
2152,2300.0,2800.0,699,0,4,0.32183608,0.05635053
2153,2400.0,2800.0,562,0,7,0.85358626,0.011978507
2154,2500.0,2800.0,489,0,7,0.9999942,0.8779949
2155,2600.0,2800.0,618,0,6,0.46024996,0.30762014
2156,2700.0,2800.0,790,0,1,0.5937022,0.60783
2157,2800.0,2800.0,844,2,1,0.46320707,0.7676326
2158,2900.0,2800.0,782,0,1,0.5150045,0.8669828
2159,3000.0,2800.0,628,0,4,0.8271023,0.13047665
2160,3100.0,2800.0,447,0,7,0.99999523,0.5155933
2161,3200.0,2800.0,268,0,7,0.99999535,0.8437898
2162,3300.0,2800.0,200,0,6,0.9996344,0.12292549
2163,3400.0,2800.0,224,0,7,0.9999901,0.24067524
2164,3500.0,2800.0,272,0,7,0.99392825,0.012382686
2165,3600.0,2800.0,421,0,6,0.8381387,0.058115125
2166,3700.0,2800.0,539,5,1,0.18674853,1.0
2167,3800.0,2800.0,521,2,1,0.09759286,0.30610773
2168,3900.0,2800.0,492,2,1,0.087338805,0.42274982
2169,4000.0,2800.0,420,0,0,0.25452656,0.10426003
2170,4100.0,2800.0,398,0,6,0.001982063,0.40322122
2171,4200.0,2800.0,426,0,6,0.47770387,0.5771664
2172,4300.0,2800.0,400,0,1,0.6802214,0.19737864
2173,4400.0,2800.0,309,0,6,0.7974184,0.08243087
2174,4500.0,2800.0,272,0,7,0.94282335,0.44057715
2175,4600.0,2800.0,352,0,2,0.8488874,0.7289636
2176,4700.0,2800.0,426,0,4,0.436895,0.20059077
2177,4800.0,2800.0,394,6,4,0.029765218,0.24496554
2178,4900.0,2800.0,353,0,4,0.99994916,0.39326772
2179,5000.0,2800.0,276,0,2,0.35837805,0.12714133
2180,5100.0,2800.0,399,0,7,0.7514127,0.02469033
2181,5200.0,2800.0,473,4,3,0.20018962,0.22106817
2182,5300.0,2800.0,540,0,3,0.7021052,0.39702284
2183,5400.0,2800.0,624,0,2,0.10256177,0.37098703
2184,5500.0,2800.0,656,0,3,0.21113558,0.45962882
2185,5600.0,2800.0,707,4,3,0.31016496,0.31356722
2186,5700.0,2800.0,742,2,3,0.20106867,0.40678132
2187,5800.0,2800.0,667,4,3,0.8262606,0.47718948
2188,5900.0,2800.0,614,4,3,0.59376454,0.4225243
2189,6000.0,2800.0,598,4,3,0.271342,0.31977516
2190,6100.0,2800.0,531,0,0,0.1762028,0.17999351
2191,6200.0,2800.0,511,0,6,0.65338814,0.08651692
2192,6300.0,2800.0,447,0,3,0.7287116,0.37612858
2193,6400.0,2800.0,375,0,7,0.88392794,0.06607264
2194,6500.0,2800.0,369,0,7,0.98037785,0.20389166
2195,6600.0,2800.0,451,0,4,0.9249701,0.21027952
2196,6700.0,2800.0,609,0,0,0.22878583,0.021175623
2197,6800.0,2800.0,798,4,3,0.7113411,0.38137436
2198,6900.0,2800.0,874,4,3,0.34685314,0.23253125
2199,7000.0,2800.0,800,0,3,0.35827765,0.40550658
2200,7100.0,2800.0,757,4,3,0.6265318,0.27769274
2201,7200.0,2800.0,654,4,3,0.5915856,0.65910554
2202,7300.0,2800.0,615,4,3,0.70045686,0.4224464
2203,7400.0,2800.0,482,4,3,0.005742863,0.15941325
2204,7500.0,2800.0,288,0,2,0.6636504,0.16265193
2205,7600.0,2800.0,116,0,7,0.99999535,0.86377054
2206,0.0,2900.0,312,0,2,0.294012,0.40293837
2207,100.0,2900.0,537,1,2,0.6924893,0.005899489
2208,200.0,2900.0,660,1,5,0.43401283,0.58626
2209,300.0,2900.0,682,1,5,0.08843219,0.18828344
2210,400.0,2900.0,708,0,5,0.19359168,0.060786754
2211,500.0,2900.0,691,1,5,0.29172164,0.27156806
2212,600.0,2900.0,773,1,5,0.17091104,0.022592992
2213,700.0,2900.0,835,0,5,0.28180343,0.0013799369
2214,800.0,2900.0,836,1,2,0.842731,0.113177925
2215,900.0,2900.0,856,1,2,0.61207825,0.18101493
2216,1000.0,2900.0,840,1,5,0.34308782,0.05000803
2217,1100.0,2900.0,843,1,5,0.9898594,0.44718483
2218,1200.0,2900.0,821,1,5,0.8093577,0.38226014
2219,1300.0,2900.0,881,1,5,0.96378803,0.47253254
2220,1400.0,2900.0,828,7,5,0.00093764067,0.15598604
2221,1500.0,2900.0,713,0,4,0.46827316,0.063892335
2222,1600.0,2900.0,791,0,7,0.93520904,0.03721854
2223,1700.0,2900.0,784,0,0,0.7151307,0.20858365
2224,1800.0,2900.0,883,2,1,0.26470706,0.8790033
2225,1900.0,2900.0,798,5,1,0.74824905,0.6100278
2226,2000.0,2900.0,722,5,1,0.93721366,0.9809443
2227,2100.0,2900.0,688,5,1,0.83369005,1.0
2228,2200.0,2900.0,770,0,1,0.91343534,0.23050202
2229,2300.0,2900.0,727,0,4,0.27124503,0.024965852
2230,2400.0,2900.0,606,0,0,0.865984,0.20835963
2231,2500.0,2900.0,545,0,4,0.9784737,0.18485019
2232,2600.0,2900.0,628,0,4,0.33099806,0.259584
2233,2700.0,2900.0,789,2,1,0.6785866,0.787099
2234,2800.0,2900.0,829,5,1,0.41109324,0.8264889
2235,2900.0,2900.0,877,2,1,0.33686772,0.9262447
2236,3000.0,2900.0,750,0,6,0.37018692,0.1421549
2237,3100.0,2900.0,554,0,6,0.8419876,0.120826036
2238,3200.0,2900.0,364,0,5,0.81464005,0.5582689
2239,3300.0,2900.0,214,0,6,0.85983706,0.6236185
2240,3400.0,2900.0,228,0,7,0.9999743,0.8319927
2241,3500.0,2900.0,324,0,7,0.25622484,0.04958245
2242,3600.0,2900.0,502,0,1,0.41019717,0.40495205
2243,3700.0,2900.0,632,5,1,0.07668379,0.6922803
2244,3800.0,2900.0,649,2,1,0.45685625,0.420807
2245,3900.0,2900.0,579,0,7,0.96012974,0.13848606
2246,4000.0,2900.0,467,0,6,0.2888888,0.8546354
2247,4100.0,2900.0,478,7,6,0.34002647,0.23780733
2248,4200.0,2900.0,518,0,6,0.22764748,0.03351572
2249,4300.0,2900.0,462,5,1,0.9517754,0.9442327
2250,4400.0,2900.0,405,2,1,0.048290193,0.5497797
2251,4500.0,2900.0,343,0,6,0.6846851,0.18076608
2252,4600.0,2900.0,389,0,7,0.79724157,0.002955526
2253,4700.0,2900.0,413,0,6,0.07698643,0.27353072
2254,4800.0,2900.0,426,6,4,0.668299,0.02680549
2255,4900.0,2900.0,404,0,7,0.9999883,0.14362726
2256,5000.0,2900.0,387,0,6,0.26034862,0.093337744
2257,5100.0,2900.0,536,0,6,0.59885097,0.44490615
2258,5200.0,2900.0,619,4,3,0.7101506,0.5064553
2259,5300.0,2900.0,689,4,3,0.8314388,0.50401616
2260,5400.0,2900.0,702,4,3,0.5240079,0.3421241
2261,5500.0,2900.0,704,4,3,0.061408788,0.41750562
2262,5600.0,2900.0,753,4,3,0.5177183,0.37756687
2263,5700.0,2900.0,760,4,3,0.97986674,1.0
2264,5800.0,2900.0,755,4,3,0.8435785,0.5889841
2265,5900.0,2900.0,749,4,3,0.24603209,0.5370051
2266,6000.0,2900.0,691,0,3,0.4334088,0.23784685
2267,6100.0,2900.0,599,7,2,0.11867079,0.0008625388
2268,6200.0,2900.0,545,7,0,0.15810803,0.04298067
2269,6300.0,2900.0,528,4,3,0.26438844,0.3053968
2270,6400.0,2900.0,430,0,3,0.020075262,0.21724755
2271,6500.0,2900.0,356,3,0,0.048891097,0.03243217
2272,6600.0,2900.0,358,0,0,0.80903995,0.16291335
2273,6700.0,2900.0,441,0,2,0.25226113,0.052539855
2274,6800.0,2900.0,614,0,2,0.73115957,0.10273194
2275,6900.0,2900.0,736,0,3,0.55835354,0.08688554
2276,7000.0,2900.0,766,4,3,0.39984965,0.68855894
2277,7100.0,2900.0,769,4,3,0.8444696,0.6325413
2278,7200.0,2900.0,793,4,3,0.85246,0.7888577
2279,7300.0,2900.0,784,4,3,0.76097095,0.5637939
2280,7400.0,2900.0,636,4,3,0.994297,0.78193873
2281,7500.0,2900.0,395,0,3,0.77402866,0.39675602
2282,7600.0,2900.0,158,0,7,0.9999925,0.99558353
2283,0.0,3000.0,249,1,2,0.25737116,0.12134597
2284,100.0,3000.0,480,1,2,0.6805321,0.007068336
2285,200.0,3000.0,623,1,5,0.46381617,0.596045
2286,300.0,3000.0,666,1,5,0.61322,0.16919088
2287,400.0,3000.0,657,0,5,0.0504587,0.19417623
2288,500.0,3000.0,709,1,2,0.3664099,0.010544807
2289,600.0,3000.0,755,1,5,0.6774501,0.011606276
2290,700.0,3000.0,808,0,5,0.17510587,0.12929785
2291,800.0,3000.0,801,0,6,0.026515603,0.043113023
2292,900.0,3000.0,827,1,5,0.93379676,0.4577274
2293,1000.0,3000.0,837,1,5,0.89718074,0.5227864
2294,1100.0,3000.0,832,1,5,0.67484695,0.45261073
2295,1200.0,3000.0,802,1,5,0.18380809,0.49727994
2296,1300.0,3000.0,881,1,5,0.23289168,0.43361133
2297,1400.0,3000.0,931,3,6,0.20212048,0.24450159
2298,1500.0,3000.0,899,6,4,0.31226557,0.026660353
2299,1600.0,3000.0,909,0,6,0.80403244,0.5523315
2300,1700.0,3000.0,852,0,4,0.6295451,0.20523342
2301,1800.0,3000.0,954,0,1,0.5522585,0.17402206
2302,1900.0,3000.0,903,5,1,0.6037388,0.7327539
2303,2000.0,3000.0,708,5,1,0.9188098,1.0
2304,2100.0,3000.0,651,5,1,0.04708633,0.79150915
2305,2200.0,3000.0,775,0,6,0.43682182,0.2813254
2306,2300.0,3000.0,742,0,4,0.16207221,0.28020227
2307,2400.0,3000.0,644,0,2,0.45504472,0.03626594
2308,2500.0,3000.0,607,0,7,0.9746349,0.25128263
2309,2600.0,3000.0,591,0,1,0.20160085,0.7650306
2310,2700.0,3000.0,742,2,1,0.33769768,0.9698945
2311,2800.0,3000.0,826,5,1,0.35605344,1.0
2312,2900.0,3000.0,909,2,1,0.3641845,0.7776148
2313,3000.0,3000.0,818,6,6,0.51518786,0.38904005
2314,3100.0,3000.0,611,0,4,0.4547366,0.28035212
2315,3200.0,3000.0,391,0,0,0.9911733,0.17982745
2316,3300.0,3000.0,241,0,7,0.99988675,0.2155945
2317,3400.0,3000.0,231,0,2,0.4935109,0.20308131
2318,3500.0,3000.0,367,0,6,0.20237666,0.21221262
2319,3600.0,3000.0,538,0,1,0.23601805,0.49400827
2320,3700.0,3000.0,662,5,1,0.6629751,1.0
2321,3800.0,3000.0,642,0,1,0.06640935,0.7919115
2322,3900.0,3000.0,535,0,7,0.5224719,0.542426
2323,4000.0,3000.0,446,0,6,0.5138842,0.290323
2324,4100.0,3000.0,503,0,6,0.049447536,0.020374656
2325,4200.0,3000.0,572,0,0,0.46853262,0.02322179
2326,4300.0,3000.0,620,5,1,0.408715,0.1978831
2327,4400.0,3000.0,580,0,1,0.61487573,0.13732874
2328,4500.0,3000.0,445,0,0,0.4002086,0.022001714
2329,4600.0,3000.0,356,0,7,0.99154,0.8218704
2330,4700.0,3000.0,391,0,0,0.65490574,0.23788938
2331,4800.0,3000.0,424,0,7,0.9871886,0.25085068
2332,4900.0,3000.0,432,0,2,0.97434354,0.06750548
2333,5000.0,3000.0,477,3,6,0.07850221,0.21597576
2334,5100.0,3000.0,639,0,6,0.21318284,0.2000338
2335,5200.0,3000.0,764,4,3,0.5699442,0.2589091
2336,5300.0,3000.0,746,4,3,0.8601248,0.5500815
2337,5400.0,3000.0,748,4,3,0.5276573,0.52794
2338,5500.0,3000.0,727,2,3,0.011070013,0.39564568
2339,5600.0,3000.0,682,4,3,0.56887543,0.5483757
2340,5700.0,3000.0,682,4,3,0.62888336,0.65235925
2341,5800.0,3000.0,731,0,3,0.60681367,0.5213459
2342,5900.0,3000.0,769,4,3,0.23241645,0.22598268
2343,6000.0,3000.0,746,4,3,0.68366003,0.38895285
2344,6100.0,3000.0,712,0,7,0.72499293,0.033489764
2345,6200.0,3000.0,651,0,0,0.024157673,0.034207284
2346,6300.0,3000.0,566,0,2,0.7022972,0.26735285
2347,6400.0,3000.0,495,0,0,0.15305687,0.28060368
2348,6500.0,3000.0,437,0,7,0.88360655,0.15481958
2349,6600.0,3000.0,381,0,7,0.66037476,0.13887241
2350,6700.0,3000.0,450,0,0,0.82445544,0.021401227
2351,6800.0,3000.0,588,0,2,0.66358,0.11300093
2352,6900.0,3000.0,674,4,3,0.83293945,0.6276552
2353,7000.0,3000.0,749,4,3,0.77284765,0.93494946
2354,7100.0,3000.0,783,4,3,0.85997516,0.4692911
2355,7200.0,3000.0,776,4,3,0.2801053,0.610323
2356,7300.0,3000.0,783,4,3,0.13997966,0.6294594
2357,7400.0,3000.0,673,4,3,0.7910667,0.81010807
2358,7500.0,3000.0,486,4,3,0.10999662,0.48814496
2359,7600.0,3000.0,209,0,7,0.9489602,0.47610435
2360,0.0,3100.0,263,0,0,0.9524441,0.012168586
2361,100.0,3100.0,501,7,2,0.007281035,0.3032376
2362,200.0,3100.0,648,1,2,0.38085076,0.057687283
2363,300.0,3100.0,646,1,5,0.34911638,0.53430045
2364,400.0,3100.0,644,1,6,0.22680631,0.052348435
2365,500.0,3100.0,720,1,5,0.036174506,0.01714605
2366,600.0,3100.0,744,1,2,0.6533506,0.12961778
2367,700.0,3100.0,748,1,5,0.92424613,0.60621834
2368,800.0,3100.0,798,7,5,0.050593466,0.19148493
2369,900.0,3100.0,840,1,5,0.3556573,0.4150201
2370,1000.0,3100.0,828,1,5,0.6771846,0.027956486
2371,1100.0,3100.0,834,1,5,0.37594312,0.35677588
2372,1200.0,3100.0,834,3,5,0.062424153,0.20388275
2373,1300.0,3100.0,949,1,5,0.85753274,0.72803223
2374,1400.0,3100.0,1063,1,5,0.7660829,0.28125957
2375,1500.0,3100.0,968,6,0,0.731116,0.07401419
2376,1600.0,3100.0,1047,1,5,0.39398605,0.047606826
2377,1700.0,3100.0,981,0,4,0.23837155,0.10387188
2378,1800.0,3100.0,1050,0,0,0.4271823,0.019448549
2379,1900.0,3100.0,981,0,1,0.76761615,0.65132385
2380,2000.0,3100.0,800,0,1,0.27432886,0.5189969
2381,2100.0,3100.0,711,0,1,0.83900905,0.07247198
2382,2200.0,3100.0,802,0,1,0.16333145,0.53144085
2383,2300.0,3100.0,752,0,1,0.72542536,0.13312174
2384,2400.0,3100.0,729,0,4,0.23144993,0.023512423
2385,2500.0,3100.0,680,0,4,0.7828406,0.11294988
2386,2600.0,3100.0,656,0,4,0.7086967,0.11475843
2387,2700.0,3100.0,772,0,1,0.63836265,0.198181
2388,2800.0,3100.0,790,2,1,0.033277273,0.319582
2389,2900.0,3100.0,848,2,1,0.41046798,0.6576109
2390,3000.0,3100.0,836,6,6,0.10531503,0.33604768
2391,3100.0,3100.0,621,0,6,0.78672254,0.5891017
2392,3200.0,3100.0,357,0,2,0.49331996,0.35539398
2393,3300.0,3100.0,226,0,2,0.98350847,0.2754207
2394,3400.0,3100.0,243,0,4,0.99999696,0.3734908
2395,3500.0,3100.0,381,0,2,0.22303501,0.38880277
2396,3600.0,3100.0,522,5,1,0.09555793,0.8011152
2397,3700.0,3100.0,623,0,1,0.09090555,0.3640896
2398,3800.0,3100.0,585,0,1,0.5304546,0.14228973
2399,3900.0,3100.0,452,0,1,0.5747941,0.4297589
2400,4000.0,3100.0,430,0,6,0.8507508,0.16722178
2401,4100.0,3100.0,477,0,6,0.44725606,0.43979117
2402,4200.0,3100.0,669,0,6,0.23404577,0.85774
2403,4300.0,3100.0,819,0,6,0.43383962,0.018064141
2404,4400.0,3100.0,737,7,2,0.076977015,0.0726434
2405,4500.0,3100.0,509,0,6,0.98594576,0.09512141
2406,4600.0,3100.0,333,0,0,0.35782176,0.060425073
2407,4700.0,3100.0,263,0,7,0.9950044,0.48529395
2408,4800.0,3100.0,297,0,2,0.6566049,0.47900409
2409,4900.0,3100.0,362,0,2,0.27174994,0.3347364
2410,5000.0,3100.0,510,0,2,0.6668327,0.1800054
2411,5100.0,3100.0,656,6,4,0.104340345,0.00472039
2412,5200.0,3100.0,782,0,0,0.2986401,0.044872105
2413,5300.0,3100.0,760,4,3,0.48242635,0.9901421
2414,5400.0,3100.0,745,0,2,0.4156471,0.05653608
2415,5500.0,3100.0,663,4,3,0.82134783,0.11782026
2416,5600.0,3100.0,619,0,6,0.42075723,0.10779697
2417,5700.0,3100.0,658,0,3,0.39520758,0.07129124
2418,5800.0,3100.0,743,4,3,0.58649683,0.003378272
2419,5900.0,3100.0,836,4,3,0.84281075,0.8063113
2420,6000.0,3100.0,835,4,3,0.60730475,0.42151788
2421,6100.0,3100.0,790,4,3,0.2960745,0.60024774
2422,6200.0,3100.0,734,0,7,0.4763187,0.058838904
2423,6300.0,3100.0,636,0,0,0.0564726,0.067224085
2424,6400.0,3100.0,587,0,0,0.30548066,0.023914725
2425,6500.0,3100.0,544,0,0,0.6087033,0.07637173
2426,6600.0,3100.0,443,7,4,0.09136358,0.21256989
2427,6700.0,3100.0,520,0,4,0.66707736,0.0010163188
2428,6800.0,3100.0,623,4,3,0.09631431,0.34751406
2429,6900.0,3100.0,732,4,3,0.85928637,0.7789073
2430,7000.0,3100.0,809,4,3,0.5507887,0.8462591
2431,7100.0,3100.0,666,2,3,0.17656845,0.27842012
2432,7200.0,3100.0,594,2,2,0.2052949,0.084913015
2433,7300.0,3100.0,668,3,3,0.33376595,0.013733447
2434,7400.0,3100.0,630,2,3,0.19213992,0.7283325
2435,7500.0,3100.0,470,4,3,0.64152724,0.65679395
2436,7600.0,3100.0,234,0,3,0.27641678,0.1087369
2437,0.0,3200.0,262,0,2,0.7452513,0.2855316
2438,100.0,3200.0,484,1,5,0.13440934,0.09916505
2439,200.0,3200.0,589,0,2,0.5604282,0.039666712
2440,300.0,3200.0,643,1,5,0.78085923,0.29495597
2441,400.0,3200.0,645,1,2,0.18292636,0.009328425
2442,500.0,3200.0,666,1,5,0.76383805,0.2907452
2443,600.0,3200.0,714,1,5,0.83894473,0.35144126
2444,700.0,3200.0,711,1,5,0.47795057,0.35393417
2445,800.0,3200.0,744,1,5,0.29519823,0.37663323
2446,900.0,3200.0,776,1,5,0.570934,0.18078992
2447,1000.0,3200.0,866,1,5,0.713351,0.54320997
2448,1100.0,3200.0,863,1,5,0.9728621,0.6984416
2449,1200.0,3200.0,820,1,5,0.71873546,0.27829742
2450,1300.0,3200.0,902,1,5,0.6592801,0.2128152
2451,1400.0,3200.0,1019,1,5,0.37206656,0.09097099
2452,1500.0,3200.0,910,6,4,0.09629667,0.1418851
2453,1600.0,3200.0,1015,1,5,0.64405906,0.20449968
2454,1700.0,3200.0,1084,0,4,0.14556521,0.19561362
2455,1800.0,3200.0,1133,0,4,0.06568983,0.14673457
2456,1900.0,3200.0,1125,2,1,0.32352367,0.33112675
2457,2000.0,3200.0,913,2,1,0.5806197,0.41674858
2458,2100.0,3200.0,863,0,7,0.6954151,0.21806853
2459,2200.0,3200.0,927,5,1,0.2163733,0.7953714
2460,2300.0,3200.0,852,5,1,0.10751784,0.32313186
2461,2400.0,3200.0,778,0,0,0.22300926,0.07348442
2462,2500.0,3200.0,725,0,6,0.72902006,0.029543579
2463,2600.0,3200.0,738,0,6,0.02894932,0.43451816
2464,2700.0,3200.0,845,0,6,0.5146669,0.25789055
2465,2800.0,3200.0,837,0,6,0.85176545,0.34576687
2466,2900.0,3200.0,829,0,6,0.49904454,0.40968794
2467,3000.0,3200.0,713,0,4,0.1913681,0.24914986
2468,3100.0,3200.0,515,0,6,0.997211,0.2525376
2469,3200.0,3200.0,292,0,7,0.99991757,0.82746863
2470,3300.0,3200.0,211,0,0,1.0,0.27627906
2471,3400.0,3200.0,234,0,7,0.99927074,0.8879641
2472,3500.0,3200.0,322,0,1,0.68604463,0.31573287
2473,3600.0,3200.0,384,2,1,0.46874434,0.9783325
2474,3700.0,3200.0,466,2,1,0.15960094,0.9896612
2475,3800.0,3200.0,430,0,1,0.6807723,0.3580072
2476,3900.0,3200.0,351,2,1,0.2633617,0.3167867
2477,4000.0,3200.0,397,0,0,0.7831707,0.047942042
2478,4100.0,3200.0,503,0,6,0.5297503,0.1279965
2479,4200.0,3200.0,668,0,0,0.47786325,0.029631168
2480,4300.0,3200.0,794,7,4,0.2019816,0.21821493
2481,4400.0,3200.0,740,6,6,0.57636225,0.18828505
2482,4500.0,3200.0,572,0,6,0.68140644,0.40855032
2483,4600.0,3200.0,328,0,7,0.9925141,0.4007752
2484,4700.0,3200.0,220,0,0,0.93827426,0.09749296
2485,4800.0,3200.0,269,3,2,0.6845524,0.92105126
2486,4900.0,3200.0,362,3,2,0.6459276,0.56621754
2487,5000.0,3200.0,505,0,2,0.8006422,0.3075118
2488,5100.0,3200.0,662,7,6,0.14970258,0.44015887
2489,5200.0,3200.0,801,0,3,0.6838812,0.08621648
2490,5300.0,3200.0,748,4,3,0.48383272,0.30918506
2491,5400.0,3200.0,708,4,3,0.31974167,0.38328815
2492,5500.0,3200.0,660,0,3,0.025044978,0.32666412
2493,5600.0,3200.0,668,0,6,0.64808613,0.11289793
2494,5700.0,3200.0,694,0,3,0.7012112,0.27239966
2495,5800.0,3200.0,790,4,3,0.98685324,0.63848764
2496,5900.0,3200.0,912,4,3,0.6410532,0.711361
2497,6000.0,3200.0,943,4,3,0.87085176,0.63326377
2498,6100.0,3200.0,879,4,3,0.025443912,0.39107105
2499,6200.0,3200.0,829,0,3,0.17866617,0.44354936
2500,6300.0,3200.0,765,4,3,0.34987107,0.37052655
2501,6400.0,3200.0,726,2,3,0.00895834,0.26560706
2502,6500.0,3200.0,662,3,0,0.6975403,0.13333158
2503,6600.0,3200.0,528,0,4,0.40595633,0.26076856
2504,6700.0,3200.0,605,0,7,0.90213007,0.037131518
2505,6800.0,3200.0,668,4,3,0.64718455,0.51508045
2506,6900.0,3200.0,803,4,3,0.8341472,0.94464856
2507,7000.0,3200.0,795,2,3,0.15911227,0.60066736
2508,7100.0,3200.0,652,2,2,0.08673391,0.45872223
2509,7200.0,3200.0,544,3,2,0.81262606,0.6508672
2510,7300.0,3200.0,598,3,2,0.11013505,0.5110485
2511,7400.0,3200.0,585,2,3,0.24280071,0.4437797
2512,7500.0,3200.0,450,4,3,0.19450939,0.6690284
2513,7600.0,3200.0,256,4,3,0.3311442,1.0
2514,0.0,3300.0,313,1,2,0.16382378,0.46099165
2515,100.0,3300.0,486,1,2,0.18117747,0.16796683
2516,200.0,3300.0,605,3,2,0.21809682,0.6503336
2517,300.0,3300.0,644,1,2,0.43173596,0.22317368
2518,400.0,3300.0,656,0,6,0.35295212,0.14152098
2519,500.0,3300.0,697,1,5,0.83667004,0.26700816
2520,600.0,3300.0,708,1,5,0.9485274,0.3575086
2521,700.0,3300.0,699,0,5,0.16719756,0.55685395
2522,800.0,3300.0,696,1,6,0.20694652,0.0012702346
2523,900.0,3300.0,735,1,5,0.94374293,0.14492437
2524,1000.0,3300.0,875,1,5,0.84302044,0.61618215
2525,1100.0,3300.0,897,1,5,0.8532386,0.16201186
2526,1200.0,3300.0,847,7,5,0.0035787523,0.18999234
2527,1300.0,3300.0,824,1,5,0.980138,0.80102086
2528,1400.0,3300.0,873,1,5,0.90252507,0.65930605
2529,1500.0,3300.0,822,1,5,0.6625987,0.3133369
2530,1600.0,3300.0,863,0,5,0.20703122,0.09527388
2531,1700.0,3300.0,985,0,4,0.5540844,0.021007538
2532,1800.0,3300.0,1161,6,4,0.28350475,0.17333284
2533,1900.0,3300.0,1325,0,0,0.6079253,0.0616934
2534,2000.0,3300.0,1182,2,1,0.035445154,0.6725594
2535,2100.0,3300.0,1077,0,1,0.32995984,0.04130611
2536,2200.0,3300.0,1145,0,0,0.14890072,0.28965586
2537,2300.0,3300.0,983,0,0,0.2491,0.023594797
2538,2400.0,3300.0,832,0,0,0.802958,0.040996462
2539,2500.0,3300.0,793,0,6,0.44644734,0.22388786
2540,2600.0,3300.0,863,0,6,0.4223612,0.6741228
2541,2700.0,3300.0,994,0,4,0.22984365,0.12596339
2542,2800.0,3300.0,915,0,6,0.6346804,0.30594498
2543,2900.0,3300.0,732,7,6,0.01468268,0.31634346
2544,3000.0,3300.0,552,0,0,0.855393,0.08472279
2545,3100.0,3300.0,391,0,7,0.9999958,0.79575515
2546,3200.0,3300.0,240,0,7,0.99999535,0.7868371
2547,3300.0,3300.0,198,0,7,0.99999535,0.9660665
2548,3400.0,3300.0,201,0,7,0.99999535,0.98244756
2549,3500.0,3300.0,247,0,6,0.82893586,0.05906728
2550,3600.0,3300.0,307,0,7,0.9822726,0.371546
2551,3700.0,3300.0,340,0,7,0.65960187,0.1730294
2552,3800.0,3300.0,307,0,7,0.935903,1.0
2553,3900.0,3300.0,296,0,7,0.63741416,0.6306181
2554,4000.0,3300.0,334,0,7,0.98225594,0.22212249
2555,4100.0,3300.0,455,0,6,0.4099463,0.32952127
2556,4200.0,3300.0,613,0,4,0.56717384,0.14639413
2557,4300.0,3300.0,760,7,4,0.07718071,0.10321692
2558,4400.0,3300.0,711,0,0,0.3949475,0.007981047
2559,4500.0,3300.0,538,0,6,0.6268925,0.07491866
2560,4600.0,3300.0,313,0,7,0.77221394,0.11225891
2561,4700.0,3300.0,238,0,2,0.46860933,0.11850229
2562,4800.0,3300.0,255,3,4,0.7259846,0.03564015
2563,4900.0,3300.0,291,0,2,0.1767482,0.119559735
2564,5000.0,3300.0,468,0,2,0.17977247,0.12539369
2565,5100.0,3300.0,653,0,3,0.77210677,0.2211591
2566,5200.0,3300.0,792,4,3,0.16769132,0.37768593
2567,5300.0,3300.0,818,4,3,0.48353782,0.29233024
2568,5400.0,3300.0,743,4,3,0.012892842,0.42149362
2569,5500.0,3300.0,743,4,3,0.3775258,0.54225004
2570,5600.0,3300.0,728,4,3,0.50416017,0.5806385
2571,5700.0,3300.0,775,4,3,0.3918078,0.2892282
2572,5800.0,3300.0,825,4,3,0.68460953,0.60424405
2573,5900.0,3300.0,896,4,3,0.8789002,0.76534283
2574,6000.0,3300.0,963,4,3,0.8846705,0.69062173
2575,6100.0,3300.0,934,4,3,0.9901824,0.98754734
2576,6200.0,3300.0,820,4,3,0.15539098,0.6649923
2577,6300.0,3300.0,753,2,3,0.017351836,0.2640823
2578,6400.0,3300.0,736,4,3,0.41292256,0.6061997
2579,6500.0,3300.0,684,0,3,0.30532697,0.19914727
2580,6600.0,3300.0,600,3,7,0.21378249,0.024332523
2581,6700.0,3300.0,582,0,7,0.949002,0.32211107
2582,6800.0,3300.0,673,4,3,0.7642176,0.29665354
2583,6900.0,3300.0,836,4,3,0.92493856,0.7790128
2584,7000.0,3300.0,797,4,3,0.62274164,0.41215092
2585,7100.0,3300.0,720,2,3,0.5274687,0.14890271
2586,7200.0,3300.0,577,0,7,0.27971268,0.058208585
2587,7300.0,3300.0,527,0,2,0.16210815,0.059772342
2588,7400.0,3300.0,557,2,3,0.4050696,0.22138333
2589,7500.0,3300.0,437,4,3,0.8577886,0.7242677
2590,7600.0,3300.0,245,4,3,0.25874513,1.0
2591,0.0,3400.0,364,1,2,0.9119086,0.30659658
2592,100.0,3400.0,528,0,2,0.23577422,0.1741564
2593,200.0,3400.0,598,0,2,0.36386532,0.5136976
2594,300.0,3400.0,572,0,5,0.47961605,0.055981398
2595,400.0,3400.0,634,1,2,0.25962195,0.039274126
2596,500.0,3400.0,710,1,5,0.6323363,0.48819238
2597,600.0,3400.0,686,1,5,0.6828145,0.5900476
2598,700.0,3400.0,630,1,5,0.98604846,1.0
2599,800.0,3400.0,624,1,5,0.6740203,1.0
2600,900.0,3400.0,708,1,5,0.6078634,0.0767909
2601,1000.0,3400.0,796,1,5,1.0,0.7336122
2602,1100.0,3400.0,849,1,5,0.8548864,0.45593432
2603,1200.0,3400.0,893,0,5,0.044747353,0.3799721
2604,1300.0,3400.0,815,1,5,0.37906325,0.39649284
2605,1400.0,3400.0,753,1,5,1.0,1.0
2606,1500.0,3400.0,690,1,2,0.28288612,0.20024756
2607,1600.0,3400.0,653,0,5,0.32011858,0.07114932
2608,1700.0,3400.0,820,0,6,0.8233538,0.022737324
2609,1800.0,3400.0,1102,6,0,0.05428487,0.094576955
2610,1900.0,3400.0,1312,7,4,0.054498315,0.16560149
2611,2000.0,3400.0,1449,0,6,0.18679935,0.0016138852
2612,2100.0,3400.0,1435,2,1,0.30431667,0.17556974
2613,2200.0,3400.0,1391,6,4,0.09376261,0.06719723
2614,2300.0,3400.0,1083,6,4,0.048583984,0.10713622
2615,2400.0,3400.0,834,0,4,0.8117691,0.14208397
2616,2500.0,3400.0,768,0,6,0.912711,0.13126102
2617,2600.0,3400.0,903,6,6,0.32358372,0.18342665
2618,2700.0,3400.0,1053,6,6,0.23620194,0.08224711
2619,2800.0,3400.0,966,7,6,0.051617265,0.90425974
2620,2900.0,3400.0,681,0,6,0.1686233,0.88945305
2621,3000.0,3400.0,446,0,6,0.9466309,0.0788241
2622,3100.0,3400.0,278,0,7,0.99999535,0.84111667
2623,3200.0,3400.0,209,0,7,0.9999922,0.015906721
2624,3300.0,3400.0,206,0,7,0.9999285,0.15994838
2625,3400.0,3400.0,190,0,7,0.7412789,0.9135699
2626,3500.0,3400.0,216,0,7,0.99999535,0.9060034
2627,3600.0,3400.0,235,0,7,0.9843618,1.0
2628,3700.0,3400.0,221,0,2,0.7796646,0.7395259
2629,3800.0,3400.0,237,0,7,0.48166138,0.6407554
2630,3900.0,3400.0,285,0,7,0.86700535,0.10909772
2631,4000.0,3400.0,373,0,6,0.72418666,0.14106831
2632,4100.0,3400.0,434,0,2,0.60286677,0.040282577
2633,4200.0,3400.0,520,0,6,0.026049048,0.33977056
2634,4300.0,3400.0,554,0,1,0.08655617,0.20399505
2635,4400.0,3400.0,533,2,1,0.33964986,0.42201433
2636,4500.0,3400.0,413,7,6,0.22462091,0.4952268
2637,4600.0,3400.0,308,0,6,0.58279514,0.098885685
2638,4700.0,3400.0,274,0,2,0.7558808,0.16612098
2639,4800.0,3400.0,251,0,4,0.8729445,0.15382665
2640,4900.0,3400.0,257,0,2,0.8000364,0.29239777
2641,5000.0,3400.0,416,0,7,0.9976028,0.8383549
2642,5100.0,3400.0,648,2,3,0.23418358,0.21302444
2643,5200.0,3400.0,798,4,3,0.012051582,0.26232976
2644,5300.0,3400.0,902,4,3,0.1905396,0.15205821
2645,5400.0,3400.0,845,4,3,0.28258175,0.18571982
2646,5500.0,3400.0,841,4,3,0.5350025,0.7177354
2647,5600.0,3400.0,833,4,3,0.80873233,0.99045825
2648,5700.0,3400.0,848,4,3,0.9468707,0.9765148
2649,5800.0,3400.0,854,4,3,0.9022633,0.5278343
2650,5900.0,3400.0,891,7,3,0.04672861,0.039996505
2651,6000.0,3400.0,936,4,3,0.0040067732,0.3681018
2652,6100.0,3400.0,881,4,3,0.7929391,0.49954826
2653,6200.0,3400.0,806,4,3,0.2202467,0.57945585
2654,6300.0,3400.0,787,0,3,0.35674465,0.47473392
2655,6400.0,3400.0,692,4,3,0.34199378,0.3971126
2656,6500.0,3400.0,690,0,3,0.0070135593,0.27985853
2657,6600.0,3400.0,631,0,7,0.62669826,0.10000202
2658,6700.0,3400.0,593,0,7,0.9042566,0.03712353
2659,6800.0,3400.0,666,4,3,0.67668205,0.24605757
2660,6900.0,3400.0,809,4,3,0.94551915,0.6831114
2661,7000.0,3400.0,873,4,3,0.3570025,0.6780858
2662,7100.0,3400.0,828,4,3,0.7000668,0.65402555
2663,7200.0,3400.0,756,4,3,0.6918416,0.8258588
2664,7300.0,3400.0,696,0,3,0.22831741,0.19367838
2665,7400.0,3400.0,645,7,3,0.052211612,0.15943092
2666,7500.0,3400.0,461,4,3,0.69771266,1.0
2667,7600.0,3400.0,228,1,3,0.041742414,0.6452863
2668,0.0,3500.0,357,0,6,0.20107523,0.11089644
2669,100.0,3500.0,531,1,6,0.08192927,0.05905193
2670,200.0,3500.0,596,3,2,0.17006719,0.24711177
2671,300.0,3500.0,576,1,2,0.29266292,0.061607897
2672,400.0,3500.0,605,1,5,0.5932698,0.23045552
2673,500.0,3500.0,699,1,5,0.9410453,0.31604886
2674,600.0,3500.0,688,1,5,0.9333358,0.3856718
2675,700.0,3500.0,631,1,2,0.7032262,0.09448895
2676,800.0,3500.0,582,1,2,0.8278348,0.44001815
2677,900.0,3500.0,639,1,5,0.388667,0.090153456
2678,1000.0,3500.0,763,1,5,0.3037634,0.40822127
2679,1100.0,3500.0,801,1,5,1.0,1.0
2680,1200.0,3500.0,793,1,5,0.6355887,0.15562731
2681,1300.0,3500.0,782,1,5,0.95591265,0.21242306
2682,1400.0,3500.0,713,1,5,1.0,0.5398346
2683,1500.0,3500.0,636,1,5,0.092446625,0.09375018
2684,1600.0,3500.0,552,0,5,0.5769454,0.28372845
2685,1700.0,3500.0,639,0,5,0.0775702,0.56726366
2686,1800.0,3500.0,908,0,6,0.24545017,0.029401511
2687,1900.0,3500.0,1113,6,4,0.20779079,0.2760866
2688,2000.0,3500.0,1388,6,6,0.12892008,0.036763042
2689,2100.0,3500.0,1498,0,1,0.46890995,0.08335784
2690,2200.0,3500.0,1314,6,0,0.13337842,0.1450991
2691,2300.0,3500.0,1011,6,4,0.19326922,0.2541999
2692,2400.0,3500.0,702,0,0,0.9777237,0.009154677
2693,2500.0,3500.0,658,0,0,0.99999297,0.035543054
2694,2600.0,3500.0,848,0,0,0.08207187,0.15347965
2695,2700.0,3500.0,958,6,4,0.42319945,0.036322296
2696,2800.0,3500.0,830,6,6,0.46616563,0.4926155
2697,2900.0,3500.0,618,0,6,0.6687374,0.4872483
2698,3000.0,3500.0,373,0,2,0.81250155,0.07581502
2699,3100.0,3500.0,252,0,4,0.9995145,0.65577364
2700,3200.0,3500.0,230,0,4,0.95143723,0.19297731
2701,3300.0,3500.0,236,0,7,0.99999887,0.020904213
2702,3400.0,3500.0,226,0,0,0.47431278,0.3272487
2703,3500.0,3500.0,258,0,7,0.9999897,0.78956884
2704,3600.0,3500.0,327,0,7,0.7330409,0.35057276
2705,3700.0,3500.0,320,0,7,0.51087296,0.7558832
2706,3800.0,3500.0,326,7,7,0.6046898,0.47595105
2707,3900.0,3500.0,363,2,6,0.41513917,0.14170423
2708,4000.0,3500.0,418,0,1,0.10604772,0.015872568
2709,4100.0,3500.0,483,0,1,0.72418964,0.034132928
2710,4200.0,3500.0,480,6,6,0.008037537,0.14069858
2711,4300.0,3500.0,473,0,7,0.8777165,0.17208019
2712,4400.0,3500.0,454,0,1,0.76192206,0.24480313
2713,4500.0,3500.0,427,2,1,0.45358,0.5038734
2714,4600.0,3500.0,396,0,6,0.4830557,0.15962833
2715,4700.0,3500.0,299,0,6,0.5723504,0.40480292
2716,4800.0,3500.0,264,0,6,0.85983574,0.4742357
2717,4900.0,3500.0,280,0,7,0.99999535,0.89826715
2718,5000.0,3500.0,436,0,0,0.62042,0.32808387
2719,5100.0,3500.0,675,0,6,0.11410132,0.29294443
2720,5200.0,3500.0,872,2,3,0.07311353,0.20520034
2721,5300.0,3500.0,880,7,3,0.019469947,0.21797988
2722,5400.0,3500.0,856,4,3,0.8738358,0.41851416
2723,5500.0,3500.0,843,4,3,0.83030283,0.97419393
2724,5600.0,3500.0,853,4,3,0.44953525,0.41715395
2725,5700.0,3500.0,874,4,3,0.6746294,0.5422071
2726,5800.0,3500.0,822,4,3,0.76027906,0.66590333
2727,5900.0,3500.0,831,4,3,0.88355356,0.583214
2728,6000.0,3500.0,880,4,3,0.9796747,0.7762624
2729,6100.0,3500.0,832,4,3,0.9626681,0.78432333
2730,6200.0,3500.0,759,4,3,0.1660792,0.16614622
2731,6300.0,3500.0,733,2,2,0.26456258,0.3837356
2732,6400.0,3500.0,663,4,3,0.5231148,0.46223372
2733,6500.0,3500.0,703,0,3,0.51472366,0.1318084
2734,6600.0,3500.0,695,0,7,0.6296885,0.00519827
2735,6700.0,3500.0,668,0,3,0.72567916,0.028770536
2736,6800.0,3500.0,688,4,2,0.02306369,0.17299473
2737,6900.0,3500.0,722,4,3,0.7095336,0.19104406
2738,7000.0,3500.0,765,4,3,0.6881991,0.61928743
2739,7100.0,3500.0,797,4,3,0.78998435,0.6498404
2740,7200.0,3500.0,806,4,3,0.91760945,0.7555976
2741,7300.0,3500.0,782,4,3,0.8011127,0.8355446
2742,7400.0,3500.0,718,4,3,0.9840268,0.8403765
2743,7500.0,3500.0,462,4,3,0.46516424,0.9796964
2744,7600.0,3500.0,216,5,3,0.09392437,1.0
2745,0.0,3600.0,378,6,5,0.33645797,0.0530681
2746,100.0,3600.0,545,1,5,0.06411043,0.16172317
2747,200.0,3600.0,617,0,5,0.2943218,0.16106328
2748,300.0,3600.0,579,0,5,0.1412833,0.16424474
2749,400.0,3600.0,639,1,5,0.73759,0.4684975
2750,500.0,3600.0,692,1,5,0.99389744,0.8617278
2751,600.0,3600.0,682,1,5,0.5209159,0.03729555
2752,700.0,3600.0,635,3,5,0.20241764,0.08358005
2753,800.0,3600.0,578,1,4,0.014830172,0.08074118
2754,900.0,3600.0,579,1,5,0.35755143,0.18432866
2755,1000.0,3600.0,680,1,4,0.008144751,0.14246523
2756,1100.0,3600.0,711,1,5,0.12069565,0.05291289
2757,1200.0,3600.0,693,1,5,0.48067844,0.58515275
2758,1300.0,3600.0,643,1,2,0.7100678,0.31291872
2759,1400.0,3600.0,630,1,2,0.55764776,0.16496345
2760,1500.0,3600.0,547,1,2,0.8197579,0.0071149766
2761,1600.0,3600.0,429,1,5,0.5595866,0.22544932
2762,1700.0,3600.0,431,0,5,0.95160705,0.08745715
2763,1800.0,3600.0,590,0,7,0.99999046,0.07884422
2764,1900.0,3600.0,811,0,4,0.71225876,0.18390253
2765,2000.0,3600.0,1033,6,4,0.10933572,0.1398776
2766,2100.0,3600.0,1115,6,4,0.42926657,0.34078717
2767,2200.0,3600.0,1011,6,4,0.023236573,0.26080456
2768,2300.0,3600.0,765,0,0,0.6924444,0.09786922
2769,2400.0,3600.0,516,0,0,0.9750783,0.34503177
2770,2500.0,3600.0,412,0,0,0.8676667,0.021254718
2771,2600.0,3600.0,641,0,6,0.8604286,0.3760236
2772,2700.0,3600.0,753,0,6,0.46940663,0.9168005
2773,2800.0,3600.0,624,0,4,0.21467581,0.17300284
2774,2900.0,3600.0,467,0,4,0.43191808,0.050952792
2775,3000.0,3600.0,314,0,4,0.9859433,0.26399314
2776,3100.0,3600.0,258,0,2,0.9056158,0.19783747
2777,3200.0,3600.0,274,0,2,0.7558229,0.032510668
2778,3300.0,3600.0,278,0,7,0.9456003,0.11609396
2779,3400.0,3600.0,290,0,2,0.40092987,0.034612387
2780,3500.0,3600.0,398,0,2,0.8582923,0.8013425
2781,3600.0,3600.0,463,0,6,0.9079957,0.8220438
2782,3700.0,3600.0,488,0,4,0.32756606,0.25862104
2783,3800.0,3600.0,485,0,7,0.40613326,0.3367585
2784,3900.0,3600.0,463,0,6,0.57356757,0.0069814622
2785,4000.0,3600.0,508,2,1,0.46730697,0.0031898022
2786,4100.0,3600.0,520,2,1,0.023691922,0.1238088
2787,4200.0,3600.0,477,0,1,0.26755443,0.32053113
2788,4300.0,3600.0,514,3,1,0.08521706,0.005697161
2789,4400.0,3600.0,536,0,1,0.8464059,0.14974755
2790,4500.0,3600.0,447,5,1,0.67181426,0.69510275
2791,4600.0,3600.0,457,0,1,0.8597373,0.62526286
2792,4700.0,3600.0,324,3,4,0.034082502,0.30113286
2793,4800.0,3600.0,229,0,6,0.4359601,0.13294113
2794,4900.0,3600.0,323,0,7,0.71266735,0.671954
2795,5000.0,3600.0,431,0,6,0.34806526,0.05434954
2796,5100.0,3600.0,688,0,3,0.02848491,0.07881689
2797,5200.0,3600.0,850,4,6,0.015741795,0.015774608
2798,5300.0,3600.0,864,0,3,0.17049393,0.1335071
2799,5400.0,3600.0,832,4,3,0.35063952,0.7205736
2800,5500.0,3600.0,811,4,3,0.9147961,1.0
2801,5600.0,3600.0,836,4,3,0.8115999,0.62633693
2802,5700.0,3600.0,774,4,3,0.7515141,0.6376266
2803,5800.0,3600.0,760,4,3,0.7475737,0.4764982
2804,5900.0,3600.0,742,0,3,0.12533543,0.35804105
2805,6000.0,3600.0,769,4,3,0.8633105,0.37989208
2806,6100.0,3600.0,799,4,3,0.80402654,0.7161974
2807,6200.0,3600.0,737,4,3,0.6842228,0.5019276
2808,6300.0,3600.0,690,4,3,0.05587992,0.35228014
2809,6400.0,3600.0,723,4,3,0.007951498,0.069392025
2810,6500.0,3600.0,804,4,3,0.41262203,0.14647928
2811,6600.0,3600.0,813,4,3,0.66599345,0.5932008
2812,6700.0,3600.0,809,4,3,0.8157881,0.3336287
2813,6800.0,3600.0,757,0,3,0.57649565,0.33334944
2814,6900.0,3600.0,684,0,7,0.5945638,0.07383931
2815,7000.0,3600.0,631,0,3,0.16698328,0.30655482
2816,7100.0,3600.0,655,0,3,0.2057004,0.2891151
2817,7200.0,3600.0,683,4,3,0.5142874,0.3037751
2818,7300.0,3600.0,719,4,3,0.9665957,0.42199147
2819,7400.0,3600.0,665,4,3,0.9208431,0.41691244
2820,7500.0,3600.0,491,4,3,0.6692989,1.0
2821,7600.0,3600.0,229,5,3,0.53842807,1.0
2822,0.0,3700.0,396,0,6,0.019432753,0.367477
2823,100.0,3700.0,579,1,5,0.334463,0.33083835
2824,200.0,3700.0,647,0,2,0.30587438,0.22961447
2825,300.0,3700.0,612,1,5,0.54520464,0.1324746
2826,400.0,3700.0,684,1,5,0.2994228,0.13782072
2827,500.0,3700.0,708,1,5,0.27155772,0.18748724
2828,600.0,3700.0,711,1,5,1.0,0.8630253
2829,700.0,3700.0,654,1,5,0.6117375,0.18756819
2830,800.0,3700.0,615,0,2,0.14180331,0.14485419
2831,900.0,3700.0,606,1,6,0.10780214,0.05641079
2832,1000.0,3700.0,637,1,6,0.547819,0.08093616
2833,1100.0,3700.0,694,0,2,0.0214836,0.23889232
2834,1200.0,3700.0,640,3,5,0.06980783,0.2052015
2835,1300.0,3700.0,533,0,5,0.772437,0.04354173
2836,1400.0,3700.0,433,0,2,0.5681477,0.13402054
2837,1500.0,3700.0,373,0,2,0.08900306,0.23408675
2838,1600.0,3700.0,328,0,5,0.2530997,0.17880175
2839,1700.0,3700.0,229,0,2,0.6070186,0.5098356
2840,1800.0,3700.0,243,0,2,0.9371938,0.30047035
2841,1900.0,3700.0,447,0,7,0.724581,0.8445574
2842,2000.0,3700.0,599,0,2,0.98826104,0.12012029
2843,2100.0,3700.0,666,0,4,0.967418,0.1714801
2844,2200.0,3700.0,577,0,7,0.99991596,0.73754615
2845,2300.0,3700.0,412,0,0,0.9908455,0.28250846
2846,2400.0,3700.0,288,0,2,0.83553576,0.43296558
2847,2500.0,3700.0,278,3,0,0.77859175,0.164038
2848,2600.0,3700.0,397,0,2,0.5684267,0.08397043
2849,2700.0,3700.0,466,0,0,0.8443104,0.08706516
2850,2800.0,3700.0,412,0,0,0.6943651,0.120676816
2851,2900.0,3700.0,335,0,4,0.9976827,0.36394554
2852,3000.0,3700.0,294,0,4,0.2943367,0.019036174
2853,3100.0,3700.0,292,0,0,0.84491783,0.053359285
2854,3200.0,3700.0,303,0,4,0.9131445,0.030910522
2855,3300.0,3700.0,315,0,4,0.75749403,0.100259304
2856,3400.0,3700.0,349,0,2,0.12036064,0.026759803
2857,3500.0,3700.0,474,0,7,0.9139961,0.13998014
2858,3600.0,3700.0,541,7,6,0.08352482,0.33537766
2859,3700.0,3700.0,578,0,0,0.08365461,0.17237273
2860,3800.0,3700.0,600,0,0,0.27827534,0.066112876
2861,3900.0,3700.0,545,3,1,0.047745943,0.3292595
2862,4000.0,3700.0,603,0,2,0.4659413,0.17746553
2863,4100.0,3700.0,597,0,6,0.10118666,0.37015834
2864,4200.0,3700.0,540,0,1,0.2580614,0.31939113
2865,4300.0,3700.0,545,5,1,0.14304408,0.7195478
2866,4400.0,3700.0,561,0,1,0.5686271,0.56810117
2867,4500.0,3700.0,502,5,1,0.4782411,0.69581646
2868,4600.0,3700.0,461,0,1,0.7495671,0.115850985
2869,4700.0,3700.0,334,0,7,0.82368755,0.031154066
2870,4800.0,3700.0,275,0,7,0.771342,0.5013213
2871,4900.0,3700.0,349,0,7,0.9921383,0.39852786
2872,5000.0,3700.0,463,0,3,0.13782948,0.27936408
2873,5100.0,3700.0,665,4,3,0.115428686,0.18409297
2874,5200.0,3700.0,808,4,3,0.3675149,0.20493805
2875,5300.0,3700.0,836,7,6,0.12438178,0.4586324
2876,5400.0,3700.0,894,0,3,0.89910257,0.19399008
2877,5500.0,3700.0,852,4,3,0.24691164,0.3276987
2878,5600.0,3700.0,818,4,3,0.6808462,0.34649232
2879,5700.0,3700.0,745,4,3,0.39105818,0.13510114
2880,5800.0,3700.0,678,0,3,0.73801047,0.008733094
2881,5900.0,3700.0,639,0,0,0.024119258,0.037758946
2882,6000.0,3700.0,635,4,3,0.2671887,0.16743803
2883,6100.0,3700.0,693,4,3,0.9988366,0.7214292
2884,6200.0,3700.0,712,4,3,0.8839473,0.3845714
2885,6300.0,3700.0,730,4,3,0.48037523,0.27488676
2886,6400.0,3700.0,783,0,3,0.37901446,0.1611425
2887,6500.0,3700.0,837,4,3,0.8349691,0.6983212
2888,6600.0,3700.0,936,4,3,0.6556019,0.66686535
2889,6700.0,3700.0,893,4,3,0.7235848,0.7015925
2890,6800.0,3700.0,773,4,3,0.48749095,0.25026345
2891,6900.0,3700.0,637,0,7,0.82867235,0.23486695
2892,7000.0,3700.0,503,0,7,0.79863864,0.21250337
2893,7100.0,3700.0,460,0,2,0.6810447,0.2672438
2894,7200.0,3700.0,503,0,2,0.5844766,0.5584277
2895,7300.0,3700.0,573,0,7,0.43544558,0.11420986
2896,7400.0,3700.0,536,4,3,0.6443041,0.52511954
2897,7500.0,3700.0,396,4,3,0.5607352,0.69702744
2898,7600.0,3700.0,207,5,3,0.3163693,0.9289783
2899,0.0,3800.0,366,7,5,0.073777884,0.428764
2900,100.0,3800.0,548,1,5,0.39390856,0.16767967
2901,200.0,3800.0,679,0,2,0.30940908,0.017421722
2902,300.0,3800.0,622,1,5,0.50467026,0.5119846
2903,400.0,3800.0,678,1,5,0.9864463,0.6141509
2904,500.0,3800.0,722,7,5,0.46781778,0.7579786
2905,600.0,3800.0,699,1,5,0.90603334,0.3691994
2906,700.0,3800.0,667,1,5,1.0,1.0
2907,800.0,3800.0,669,1,2,0.8892563,0.09024507
2908,900.0,3800.0,703,1,5,0.42159826,0.6634154
2909,1000.0,3800.0,694,1,5,0.9998871,0.6584934
2910,1100.0,3800.0,654,1,5,0.99984753,0.48221412
2911,1200.0,3800.0,556,1,5,0.95052665,0.059826165
2912,1300.0,3800.0,441,1,2,0.36136517,0.5825159
2913,1400.0,3800.0,257,0,2,0.48994744,0.43527162
2914,1500.0,3800.0,187,0,2,0.38415664,0.23561308
2915,1600.0,3800.0,183,0,7,0.99999535,0.82718563
2916,1700.0,3800.0,134,0,7,0.9968396,0.8980092
2917,1800.0,3800.0,112,0,7,0.9999943,0.9613922
2918,1900.0,3800.0,159,0,7,0.99999475,0.19164601
2919,2000.0,3800.0,237,0,2,0.07907125,0.27735683
2920,2100.0,3800.0,262,0,0,0.99716,0.10069272
2921,2200.0,3800.0,203,0,7,0.99999535,1.0
2922,2300.0,3800.0,144,0,7,0.99999535,0.941129
2923,2400.0,3800.0,200,0,0,0.944893,0.18817016
2924,2500.0,3800.0,246,0,7,0.985649,0.19988406
2925,2600.0,3800.0,295,0,2,0.8378277,0.3987045
2926,2700.0,3800.0,257,0,0,0.43926924,0.2888183
2927,2800.0,3800.0,257,0,4,0.97963053,0.1965326
2928,2900.0,3800.0,251,0,0,0.6378893,0.09123331
2929,3000.0,3800.0,246,0,0,0.98064953,0.1906091
2930,3100.0,3800.0,283,0,6,0.8947954,0.09810877
2931,3200.0,3800.0,331,0,7,0.9623785,0.21095082
2932,3300.0,3800.0,321,3,2,0.1025559,0.5571791
2933,3400.0,3800.0,345,0,4,0.06361848,0.09533298
2934,3500.0,3800.0,437,0,6,0.7600882,0.039679587
2935,3600.0,3800.0,530,0,4,0.012337148,0.06686005
2936,3700.0,3800.0,617,7,4,0.57103574,0.02385059
2937,3800.0,3800.0,688,0,6,0.54043055,0.07184151
2938,3900.0,3800.0,668,2,1,0.04459828,0.2446329
2939,4000.0,3800.0,627,0,1,0.032118052,0.48645344
2940,4100.0,3800.0,614,0,1,0.32230264,0.70155805
2941,4200.0,3800.0,648,0,7,0.3742756,0.2114392
2942,4300.0,3800.0,628,2,1,0.086027354,0.8376721
2943,4400.0,3800.0,642,0,2,0.553408,0.061006725
2944,4500.0,3800.0,575,7,1,0.23770958,0.21715018
2945,4600.0,3800.0,435,0,2,0.8423945,0.10508785
2946,4700.0,3800.0,337,0,0,0.98152465,0.18122613
2947,4800.0,3800.0,283,0,7,0.9485432,0.06365472
2948,4900.0,3800.0,315,0,2,0.030629486,0.17189428
2949,5000.0,3800.0,471,0,3,0.8395304,0.21809691
2950,5100.0,3800.0,609,0,3,0.16906054,0.05443135
2951,5200.0,3800.0,809,0,3,0.2963426,0.3349495
2952,5300.0,3800.0,887,2,3,0.07210025,0.07805553
2953,5400.0,3800.0,994,0,0,0.1875197,0.06540716
2954,5500.0,3800.0,1004,0,6,0.15072525,0.080277115
2955,5600.0,3800.0,941,0,0,0.61251307,0.021733254
2956,5700.0,3800.0,845,0,4,0.29748935,0.17573483
2957,5800.0,3800.0,707,0,4,0.38521975,0.20089447
2958,5900.0,3800.0,611,0,7,0.7571194,0.06123677
2959,6000.0,3800.0,606,0,2,0.90592843,0.03152117
2960,6100.0,3800.0,652,0,7,0.57596016,0.34736517
2961,6200.0,3800.0,711,0,7,0.6896479,0.3309688
2962,6300.0,3800.0,769,0,6,0.71886504,0.036777824
2963,6400.0,3800.0,821,0,3,0.57459944,0.13626404
2964,6500.0,3800.0,842,4,3,0.5793532,0.27702194
2965,6600.0,3800.0,943,4,3,0.9513121,0.96888983
2966,6700.0,3800.0,937,4,3,0.63781977,0.74907213
2967,6800.0,3800.0,811,0,3,0.44691014,0.196085
2968,6900.0,3800.0,653,3,7,0.112835765,0.40740165
2969,7000.0,3800.0,433,0,7,0.2323823,0.37262517
2970,7100.0,3800.0,353,0,2,0.9800159,0.06029132
2971,7200.0,3800.0,336,0,2,0.9900785,0.45678777
2972,7300.0,3800.0,407,3,0,0.12675253,0.10711181
2973,7400.0,3800.0,396,0,7,0.8557084,0.020211011
2974,7500.0,3800.0,290,0,3,0.012918025,0.2309475
2975,7600.0,3800.0,160,0,3,0.17477065,0.82372475
2976,0.0,3900.0,349,1,5,0.75881875,0.85799336
2977,100.0,3900.0,532,1,5,0.34186423,0.39950955
2978,200.0,3900.0,651,1,5,0.60065824,0.18955913
2979,300.0,3900.0,649,1,2,0.7221808,0.09694934
2980,400.0,3900.0,653,1,5,0.30249906,0.21558994
2981,500.0,3900.0,702,0,5,0.18106912,0.49844438
2982,600.0,3900.0,689,1,5,0.38178825,0.13075887
2983,700.0,3900.0,661,1,5,0.5239718,0.22332925
2984,800.0,3900.0,647,1,5,0.93234867,0.12831235
2985,900.0,3900.0,650,1,5,0.8831726,0.46621475
2986,1000.0,3900.0,657,1,5,0.52337337,0.31197402
2987,1100.0,3900.0,678,1,5,0.8054059,0.12561989
2988,1200.0,3900.0,501,0,6,0.08752978,0.08646336
2989,1300.0,3900.0,337,0,2,0.40965557,0.05304441
2990,1400.0,3900.0,198,0,7,0.9968403,0.9202868
2991,1500.0,3900.0,85,0,7,0.99999535,0.94945836
2992,1600.0,3900.0,55,0,7,0.99999535,0.9247192
2993,1700.0,3900.0,61,0,7,0.99999535,0.86539507
2994,1800.0,3900.0,95,0,7,0.99999535,0.8590355
2995,1900.0,3900.0,108,0,7,0.99999535,0.8716337
2996,2000.0,3900.0,143,0,7,0.86480415,0.102588505
2997,2100.0,3900.0,146,0,7,0.9931099,0.10993123
2998,2200.0,3900.0,133,0,7,0.9999976,0.13034242
2999,2300.0,3900.0,129,0,7,0.99727076,0.81890845
3000,2400.0,3900.0,136,0,7,0.9892086,0.7561724
3001,2500.0,3900.0,166,0,7,0.9999965,0.026881456
3002,2600.0,3900.0,186,0,0,1.0,0.29480568
3003,2700.0,3900.0,195,0,7,0.97395617,0.09016523
3004,2800.0,3900.0,191,0,7,0.8254435,0.05927697
3005,2900.0,3900.0,188,0,7,0.9428928,0.078716695
3006,3000.0,3900.0,214,0,4,0.9200931,0.15944108
3007,3100.0,3900.0,247,0,0,0.5821882,0.412956
3008,3200.0,3900.0,287,0,0,0.9054134,0.00921011
3009,3300.0,3900.0,326,0,0,0.19262701,0.09418407
3010,3400.0,3900.0,334,0,0,0.9291502,0.11826968
3011,3500.0,3900.0,411,0,0,0.9959111,0.29715452
3012,3600.0,3900.0,459,0,7,0.7834871,0.011404842
3013,3700.0,3900.0,559,7,6,0.02889213,0.33939472
3014,3800.0,3900.0,642,2,1,0.40693462,0.2874083
3015,3900.0,3900.0,692,2,1,0.0053037703,0.601418
3016,4000.0,3900.0,732,2,1,0.13161433,0.5315115
3017,4100.0,3900.0,679,2,1,0.09075296,0.14675963
3018,4200.0,3900.0,696,0,1,0.50364995,0.4145544
3019,4300.0,3900.0,663,0,1,0.120841295,0.6131417
3020,4400.0,3900.0,626,0,1,0.10524416,0.2505122
3021,4500.0,3900.0,521,5,1,0.6849817,0.5498851
3022,4600.0,3900.0,432,0,1,0.5565182,0.07141867
3023,4700.0,3900.0,324,0,0,0.2646586,0.028221905
3024,4800.0,3900.0,275,0,2,0.45013416,0.20293143
3025,4900.0,3900.0,293,7,6,0.14704642,0.12035227
3026,5000.0,3900.0,402,0,7,0.6774709,0.1684559
3027,5100.0,3900.0,522,2,3,0.12976232,0.22990647
3028,5200.0,3900.0,773,0,6,0.7097479,0.09225121
3029,5300.0,3900.0,965,7,6,0.21720493,0.0075455904
3030,5400.0,3900.0,1072,7,4,0.02379486,0.110596955
3031,5500.0,3900.0,1106,7,4,0.06798205,0.043171078
3032,5600.0,3900.0,1055,6,4,0.04338208,0.061120808
3033,5700.0,3900.0,910,0,4,0.111216396,0.069217056
3034,5800.0,3900.0,783,0,4,0.734479,0.10247326
3035,5900.0,3900.0,718,0,6,0.94368684,0.22918476
3036,6000.0,3900.0,655,3,4,0.18777424,0.03797312
3037,6100.0,3900.0,701,7,4,0.0022445023,0.16288039
3038,6200.0,3900.0,754,0,0,0.5880042,0.09617606
3039,6300.0,3900.0,790,0,6,0.42916006,0.009950429
3040,6400.0,3900.0,840,0,3,0.24398962,0.31732458
3041,6500.0,3900.0,834,0,2,0.57221913,0.058403403
3042,6600.0,3900.0,885,0,3,0.09637198,0.19169353
3043,6700.0,3900.0,880,0,3,0.4205204,0.07352096
3044,6800.0,3900.0,771,0,0,0.6397053,0.09669888
3045,6900.0,3900.0,601,0,7,0.51724035,0.13339967
3046,7000.0,3900.0,448,0,7,0.9792461,0.3526488
3047,7100.0,3900.0,343,0,7,0.3575107,0.376537
3048,7200.0,3900.0,294,0,7,0.7361389,0.09358221
3049,7300.0,3900.0,245,0,7,0.9999956,1.0
3050,7400.0,3900.0,236,3,2,0.1464504,0.27361545
3051,7500.0,3900.0,175,0,2,0.8927532,0.34524277
3052,7600.0,3900.0,86,0,7,0.9999896,1.0
3053,0.0,4000.0,330,0,6,0.30528674,0.1426247
3054,100.0,4000.0,534,1,5,0.4634834,0.0045681596
3055,200.0,4000.0,624,1,5,0.047562778,0.23733896
3056,300.0,4000.0,626,0,5,0.1650208,0.15176487
3057,400.0,4000.0,621,1,5,0.526072,0.03484732
3058,500.0,4000.0,647,1,5,0.059903026,0.5192806
3059,600.0,4000.0,685,1,5,0.80805445,0.79772365
3060,700.0,4000.0,638,1,5,0.54182124,0.26032925
3061,800.0,4000.0,601,1,5,0.48468894,0.26857287
3062,900.0,4000.0,604,1,5,0.22795683,0.29151976
3063,1000.0,4000.0,580,1,5,0.8152462,0.31109044
3064,1100.0,4000.0,607,1,5,0.7349839,0.30091554
3065,1200.0,4000.0,461,0,5,0.4327376,0.011685461
3066,1300.0,4000.0,289,0,2,0.50108707,0.02866757
3067,1400.0,4000.0,136,0,7,0.99999565,0.97519326
3068,1500.0,4000.0,54,0,7,0.99999535,0.90784806
3069,1600.0,4000.0,55,0,7,0.44289187,0.70450085
3070,1700.0,4000.0,59,0,7,0.9704579,0.8944014
3071,1800.0,4000.0,82,0,7,0.9999956,0.88028073
3072,1900.0,4000.0,99,0,7,0.99999535,0.86144674
3073,2000.0,4000.0,124,0,0,0.996653,0.2933463
3074,2100.0,4000.0,115,0,7,0.99999535,0.89827406
3075,2200.0,4000.0,103,0,0,0.9111744,0.04638228
3076,2300.0,4000.0,111,0,7,0.9999981,0.15290147
3077,2400.0,4000.0,121,0,0,0.98812497,0.15227425
3078,2500.0,4000.0,122,0,0,0.92858255,0.5011302
3079,2600.0,4000.0,128,0,7,0.9999855,0.07259354
3080,2700.0,4000.0,140,0,0,0.37855357,0.058498263
3081,2800.0,4000.0,129,0,0,0.9877222,0.32424074
3082,2900.0,4000.0,146,0,7,0.99999845,0.53284097
3083,3000.0,4000.0,186,0,0,0.97794604,0.4392243
3084,3100.0,4000.0,213,0,7,0.993902,0.0113251805
3085,3200.0,4000.0,268,0,4,0.7671801,0.3399942
3086,3300.0,4000.0,276,0,0,0.7887987,0.07257274
3087,3400.0,4000.0,297,0,2,0.3852595,0.11295676
3088,3500.0,4000.0,309,0,6,0.6889277,0.31788117
3089,3600.0,4000.0,350,0,6,0.99990726,0.16742706
3090,3700.0,4000.0,446,0,7,0.7767164,0.08516812
3091,3800.0,4000.0,535,0,1,0.63816106,0.16531625
3092,3900.0,4000.0,608,7,1,0.079812974,0.37605932
3093,4000.0,4000.0,693,0,6,0.1726075,0.43852258
3094,4100.0,4000.0,672,0,1,0.5545391,0.46912068
3095,4200.0,4000.0,676,5,1,0.06919104,0.6868664
3096,4300.0,4000.0,631,7,1,0.005635828,0.052319318
3097,4400.0,4000.0,632,7,2,0.01886198,0.13011366
3098,4500.0,4000.0,558,2,2,0.37713075,0.02350095
3099,4600.0,4000.0,456,0,7,0.53918135,0.46628493
3100,4700.0,4000.0,332,0,2,0.7834066,0.028839111
3101,4800.0,4000.0,245,0,0,0.81214786,0.16800356
3102,4900.0,4000.0,226,3,0,0.3607107,0.09504363
3103,5000.0,4000.0,301,0,7,0.9785666,0.04772231
3104,5100.0,4000.0,439,0,7,0.6919827,0.050145864
3105,5200.0,4000.0,608,7,0,0.057268918,0.026788265
3106,5300.0,4000.0,786,7,6,0.22370172,0.15330258
3107,5400.0,4000.0,984,3,2,0.008771241,0.064949244
3108,5500.0,4000.0,1088,0,6,0.10283846,0.02883768
3109,5600.0,4000.0,1045,0,4,0.1271488,0.0034061372
3110,5700.0,4000.0,917,2,7,0.12917647,0.03694512
3111,5800.0,4000.0,759,2,3,0.11706661,0.116589054
3112,5900.0,4000.0,738,2,6,0.3308363,0.16017114
3113,6000.0,4000.0,753,0,4,0.7784394,0.24394605
3114,6100.0,4000.0,832,0,4,0.69506747,0.049881965
3115,6200.0,4000.0,857,4,3,0.042536885,0.4467864
3116,6300.0,4000.0,778,4,3,0.35530686,0.5230616
3117,6400.0,4000.0,778,4,3,0.59787035,0.5002161
3118,6500.0,4000.0,718,4,3,0.2775943,0.080243796
3119,6600.0,4000.0,767,4,3,0.2904797,0.1106275
3120,6700.0,4000.0,800,0,3,0.012184888,0.1546334
3121,6800.0,4000.0,754,0,7,0.4675135,0.03412643
3122,6900.0,4000.0,613,0,7,0.95651424,0.23184207
3123,7000.0,4000.0,456,0,2,0.9722103,0.46473587
3124,7100.0,4000.0,333,0,7,0.7544882,0.09250748
3125,7200.0,4000.0,243,3,7,0.11398882,0.27489936
3126,7300.0,4000.0,191,0,7,0.8439986,1.0
3127,7400.0,4000.0,123,0,7,0.9999956,1.0
3128,7500.0,4000.0,85,0,7,0.6056692,1.0
3129,7600.0,4000.0,40,0,7,0.9667235,1.0
3130,0.0,4100.0,433,0,6,0.2632128,0.015142918
3131,100.0,4100.0,666,0,5,0.20398064,0.030174077
3132,200.0,4100.0,734,1,5,0.6610129,0.30901
3133,300.0,4100.0,655,1,5,0.43058243,0.68925595
3134,400.0,4100.0,704,0,2,0.17054266,0.30674857
3135,500.0,4100.0,667,1,5,0.74123245,0.25102824
3136,600.0,4100.0,645,0,5,0.13154715,0.60161066
3137,700.0,4100.0,626,1,5,0.7407157,0.12563685
3138,800.0,4100.0,608,7,5,0.069633454,0.04286453
3139,900.0,4100.0,600,1,5,0.7722168,0.6231639
3140,1000.0,4100.0,551,1,5,0.4292668,0.39392528
3141,1100.0,4100.0,534,1,5,0.8981595,0.45800748
3142,1200.0,4100.0,410,0,6,0.18626907,0.08594409
3143,1300.0,4100.0,266,0,7,0.82549393,0.18924394
3144,1400.0,4100.0,103,0,7,0.99999535,0.9160865
3145,1500.0,4100.0,63,0,7,0.94250315,0.25461856
3146,1600.0,4100.0,62,6,7,0.14897719,0.22312486
3147,1700.0,4100.0,73,0,0,0.9138675,0.10235271
3148,1800.0,4100.0,73,0,7,1.0,0.06925136
3149,1900.0,4100.0,105,0,7,0.9860951,0.47162223
3150,2000.0,4100.0,103,0,0,0.29396427,0.23189273
3151,2100.0,4100.0,94,0,7,0.9999864,0.9890441
3152,2200.0,4100.0,88,0,0,1.0,0.44542488
3153,2300.0,4100.0,93,0,0,1.0,0.11543056
3154,2400.0,4100.0,113,0,7,0.99999535,0.92627376
3155,2500.0,4100.0,117,0,0,0.9939074,0.14810804
3156,2600.0,4100.0,108,0,7,0.9999961,0.06703523
3157,2700.0,4100.0,102,7,0,0.13278177,0.2497971
3158,2800.0,4100.0,97,0,0,0.99987984,0.17523748
3159,2900.0,4100.0,120,0,7,0.9999933,0.92937315
3160,3000.0,4100.0,146,0,0,1.0,0.47257394
3161,3100.0,4100.0,185,0,0,0.9988145,0.28589365
3162,3200.0,4100.0,211,0,7,0.8544724,0.6637925
3163,3300.0,4100.0,249,0,7,0.83879536,0.70319533
3164,3400.0,4100.0,242,0,2,0.4606069,0.28310615
3165,3500.0,4100.0,249,0,6,0.9355776,0.5686629
3166,3600.0,4100.0,272,0,7,0.7589731,0.080757886
3167,3700.0,4100.0,323,0,2,0.6904461,0.28715685
3168,3800.0,4100.0,443,0,7,0.9901979,0.15278184
3169,3900.0,4100.0,531,0,7,0.3880928,0.10955647
3170,4000.0,4100.0,575,0,7,0.5795666,0.24124442
3171,4100.0,4100.0,589,0,1,0.03526777,0.3922119
3172,4200.0,4100.0,645,0,1,0.31952986,0.20232764
3173,4300.0,4100.0,598,0,1,0.61355937,0.45625702
3174,4400.0,4100.0,562,5,1,0.4724181,0.72516084
3175,4500.0,4100.0,468,0,2,0.8617861,0.05085671
3176,4600.0,4100.0,351,0,4,0.3152674,0.14157277
3177,4700.0,4100.0,269,0,6,0.7183831,0.31542537
3178,4800.0,4100.0,214,0,2,0.44543836,0.91469646
3179,4900.0,4100.0,159,0,2,0.65189326,0.019372195
3180,5000.0,4100.0,190,0,7,0.98972124,0.88856757
3181,5100.0,4100.0,323,0,7,0.86674786,0.99794686
3182,5200.0,4100.0,429,0,0,0.9575683,0.0137013495
3183,5300.0,4100.0,571,0,6,0.7027459,0.08915964
3184,5400.0,4100.0,721,0,4,0.75173074,0.026053041
3185,5500.0,4100.0,834,0,4,0.01828751,0.30522817
3186,5600.0,4100.0,933,0,2,0.3608997,0.08137429
3187,5700.0,4100.0,917,7,6,0.9164334,0.1814514
3188,5800.0,4100.0,890,7,6,0.96107394,0.24996606
3189,5900.0,4100.0,834,7,6,0.95674723,0.08573994
3190,6000.0,4100.0,827,0,4,0.08643168,0.09215015
3191,6100.0,4100.0,872,0,0,0.82765985,0.016808033
3192,6200.0,4100.0,824,4,3,0.9381117,0.21578886
3193,6300.0,4100.0,725,4,3,0.5613915,0.44593537
3194,6400.0,4100.0,604,4,3,0.21234526,0.6792895
3195,6500.0,4100.0,555,4,3,0.6796595,0.8614148
3196,6600.0,4100.0,614,4,3,0.27130142,0.78422284
3197,6700.0,4100.0,752,4,3,0.66020215,0.5722666
3198,6800.0,4100.0,787,4,3,0.05953315,0.2964742
3199,6900.0,4100.0,658,0,0,0.5549415,0.1371715
3200,7000.0,4100.0,477,0,2,0.048519343,0.09779909
3201,7100.0,4100.0,311,0,7,0.720278,0.034463465
3202,7200.0,4100.0,215,3,7,0.102119595,0.21728721
3203,7300.0,4100.0,135,0,7,0.9999956,1.0
3204,7400.0,4100.0,78,0,7,0.99999535,1.0
3205,7500.0,4100.0,52,0,7,0.99999535,0.996448
3206,0.0,4200.0,578,6,4,0.10448322,0.10669193
3207,100.0,4200.0,889,6,0,0.04137495,0.08161315
3208,200.0,4200.0,1022,1,5,0.27622014,0.2916842
3209,300.0,4200.0,824,0,5,0.32563487,0.061697602
3210,400.0,4200.0,804,0,6,0.41341436,0.054093838
3211,500.0,4200.0,829,0,5,0.33650404,0.11716673
3212,600.0,4200.0,751,1,5,0.2308634,0.215792
3213,700.0,4200.0,676,1,5,0.9020924,0.43114454
3214,800.0,4200.0,649,1,5,0.7403811,0.29258013
3215,900.0,4200.0,615,1,2,0.24139208,0.041146666
3216,1000.0,4200.0,632,7,6,0.038097233,0.39335543
3217,1100.0,4200.0,591,3,2,0.008066326,0.07029487
3218,1200.0,4200.0,452,0,5,0.08953869,0.029445618
3219,1300.0,4200.0,300,0,6,0.5353505,0.012687057
3220,1400.0,4200.0,146,0,2,0.025488287,0.09851456
3221,1500.0,4200.0,87,0,2,0.9823879,0.10580325
3222,1600.0,4200.0,87,0,7,0.99999523,0.9361138
3223,1700.0,4200.0,73,0,2,0.9078783,0.09846917
3224,1800.0,4200.0,108,0,2,0.59343183,0.21877617
3225,1900.0,4200.0,130,0,7,0.70151633,0.5427771
3226,2000.0,4200.0,126,0,0,0.97137994,0.27431086
3227,2100.0,4200.0,113,0,7,0.99999726,0.58681786
3228,2200.0,4200.0,96,0,7,0.9999956,0.9755616
3229,2300.0,4200.0,112,0,0,0.95393944,0.1870254
3230,2400.0,4200.0,103,0,0,0.8544638,0.07228702
3231,2500.0,4200.0,111,0,7,0.92376053,0.22201753
3232,2600.0,4200.0,114,0,7,0.99502456,0.8922256
3233,2700.0,4200.0,102,0,0,0.23360604,0.61249506
3234,2800.0,4200.0,99,0,0,0.93229735,0.33570698
3235,2900.0,4200.0,114,0,7,0.507077,0.0014130473
3236,3000.0,4200.0,126,0,0,0.99923086,0.06676802
3237,3100.0,4200.0,147,0,0,0.99699813,0.41609392
3238,3200.0,4200.0,166,0,0,0.9927428,0.24022907
3239,3300.0,4200.0,169,0,0,0.9971508,0.28384134
3240,3400.0,4200.0,193,0,7,0.99999535,0.9338093
3241,3500.0,4200.0,228,0,7,0.99999535,1.0
3242,3600.0,4200.0,242,0,7,0.9905069,0.16864344
3243,3700.0,4200.0,258,0,7,0.9428118,0.1259386
3244,3800.0,4200.0,315,0,7,0.85252887,0.15470326
3245,3900.0,4200.0,385,0,0,0.8666898,0.031535715
3246,4000.0,4200.0,453,0,6,0.6341932,0.31897113
3247,4100.0,4200.0,480,0,6,0.3097597,0.55315495
3248,4200.0,4200.0,514,0,0,0.61073595,0.07164645
3249,4300.0,4200.0,431,0,0,0.6034811,0.0231871
3250,4400.0,4200.0,380,0,0,0.8136549,0.0031470358
3251,4500.0,4200.0,369,7,0,0.38340226,0.0053851902
3252,4600.0,4200.0,272,0,4,0.8082795,0.2635619
3253,4700.0,4200.0,213,0,2,0.90956336,0.27839455
3254,4800.0,4200.0,155,0,7,0.72797,0.7954699
3255,4900.0,4200.0,139,0,0,0.99999523,0.30327722
3256,5000.0,4200.0,169,0,7,0.9999962,0.9410107
3257,5100.0,4200.0,155,0,7,0.9904175,0.20046136
3258,5200.0,4200.0,240,0,2,0.5071603,0.29047057
3259,5300.0,4200.0,316,0,7,0.9369199,0.09814972
3260,5400.0,4200.0,414,0,7,0.9999877,0.98924875
3261,5500.0,4200.0,594,0,4,0.5988364,0.10316056
3262,5600.0,4200.0,822,0,4,0.28643924,0.1707732
3263,5700.0,4200.0,947,2,1,0.41326663,0.16858995
3264,5800.0,4200.0,960,2,1,0.036366135,0.2864293
3265,5900.0,4200.0,1001,7,6,0.7816064,0.39163405
3266,6000.0,4200.0,961,0,6,0.16524044,0.00561288
3267,6100.0,4200.0,924,0,3,0.64128506,0.042298555
3268,6200.0,4200.0,812,4,3,0.9585476,0.67017794
3269,6300.0,4200.0,670,4,3,0.6960546,0.9981727
3270,6400.0,4200.0,456,7,7,0.7508876,0.19725361
3271,6500.0,4200.0,307,7,3,0.45877683,0.9313286
3272,6600.0,4200.0,433,7,3,0.82292444,0.70629114
3273,6700.0,4200.0,635,4,3,0.5924572,0.5885926
3274,6800.0,4200.0,781,4,3,0.29429868,0.94522905
3275,6900.0,4200.0,728,4,3,0.11239219,0.2302526
3276,7000.0,4200.0,530,0,7,0.8250394,0.14642811
3277,7100.0,4200.0,315,0,7,0.98725396,0.59270406
3278,7200.0,4200.0,155,0,7,0.77402157,1.0
3279,7300.0,4200.0,91,0,7,0.99999535,1.0
3280,7400.0,4200.0,57,0,7,0.99999535,1.0
3281,7500.0,4200.0,36,0,7,0.99999535,1.0
3282,0.0,4300.0,740,6,4,0.5464695,0.19279236
3283,100.0,4300.0,1068,6,4,0.44249147,0.05255726
3284,200.0,4300.0,1268,0,4,0.6396774,0.010855556
3285,300.0,4300.0,1030,0,6,0.49212116,0.04829444
3286,400.0,4300.0,867,0,6,0.23288861,0.25814542
3287,500.0,4300.0,877,0,6,0.15804654,0.20357567
3288,600.0,4300.0,840,1,5,0.6206639,0.06799096
3289,700.0,4300.0,708,1,2,0.43737775,0.27679786
3290,800.0,4300.0,616,1,5,0.8249363,0.2915314
3291,900.0,4300.0,631,7,5,0.046692908,0.122288674
3292,1000.0,4300.0,679,0,2,0.006365955,0.25341505
3293,1100.0,4300.0,640,1,5,0.72037727,0.414719
3294,1200.0,4300.0,540,1,5,0.9900975,1.0
3295,1300.0,4300.0,427,0,7,0.5238601,0.10842571
3296,1400.0,4300.0,317,0,7,0.9231548,0.2760099
3297,1500.0,4300.0,249,0,7,0.88014793,0.29117882
3298,1600.0,4300.0,206,0,7,0.96580756,0.8836428
3299,1700.0,4300.0,152,0,7,0.9999952,0.8863554
3300,1800.0,4300.0,143,0,7,0.99999523,0.94733685
3301,1900.0,4300.0,141,0,4,0.4129554,0.22194017
3302,2000.0,4300.0,128,0,4,0.80357975,0.26057664
3303,2100.0,4300.0,123,0,7,1.0,0.1963408
3304,2200.0,4300.0,91,0,0,0.9999958,0.0066077113
3305,2300.0,4300.0,114,0,7,0.99999607,0.746934
3306,2400.0,4300.0,116,0,0,0.7479523,0.36614144
3307,2500.0,4300.0,110,0,0,0.9838062,0.38533628
3308,2600.0,4300.0,112,0,0,0.88428867,0.09759742
3309,2700.0,4300.0,106,0,0,0.8297611,0.26496625
3310,2800.0,4300.0,113,0,0,0.99520355,0.5522085
3311,2900.0,4300.0,115,0,0,0.96957904,0.34592214
3312,3000.0,4300.0,125,0,7,0.9999955,0.881063
3313,3100.0,4300.0,136,0,0,0.9951944,0.5561708
3314,3200.0,4300.0,140,0,0,0.891909,0.45462617
3315,3300.0,4300.0,143,0,2,0.7008012,0.026759595
3316,3400.0,4300.0,156,0,7,0.93575287,0.53534657
3317,3500.0,4300.0,200,0,7,0.957688,0.401896
3318,3600.0,4300.0,224,0,7,0.7884365,0.13933095
3319,3700.0,4300.0,277,0,7,0.9927087,0.96920985
3320,3800.0,4300.0,286,0,0,0.9713097,0.20167753
3321,3900.0,4300.0,315,0,0,0.9657302,0.084520996
3322,4000.0,4300.0,352,0,0,0.7936962,0.03241709
3323,4100.0,4300.0,351,0,4,0.678478,0.11695664
3324,4200.0,4300.0,361,0,4,0.48705465,0.19428799
3325,4300.0,4300.0,313,0,6,0.9142767,0.107400924
3326,4400.0,4300.0,270,0,0,0.8597505,0.18691832
3327,4500.0,4300.0,262,0,7,0.9999945,0.096417725
3328,4600.0,4300.0,209,0,2,0.8585566,0.11187297
3329,4700.0,4300.0,144,0,2,0.90363145,0.090587914
3330,4800.0,4300.0,112,0,0,0.99601567,0.09078312
3331,4900.0,4300.0,123,0,0,0.9682077,0.27318513
3332,5000.0,4300.0,146,0,7,0.9695412,0.46797103
3333,5100.0,4300.0,146,0,7,0.92130446,0.6757678
3334,5200.0,4300.0,133,0,7,0.9367704,0.34653467
3335,5300.0,4300.0,132,0,7,0.99999535,1.0
3336,5400.0,4300.0,228,0,7,0.99999374,0.9374821
3337,5500.0,4300.0,474,0,2,0.85913503,0.021455169
3338,5600.0,4300.0,850,0,0,0.6365721,0.2500475
3339,5700.0,4300.0,1156,0,4,0.5288472,0.16883764
3340,5800.0,4300.0,1324,0,0,0.64576066,0.25759065
3341,5900.0,4300.0,1332,2,6,0.5233919,0.13814527
3342,6000.0,4300.0,1182,0,0,0.4245706,0.07905972
3343,6100.0,4300.0,1063,0,0,0.6209708,0.027254686
3344,6200.0,4300.0,858,4,3,0.9553468,0.49045956
3345,6300.0,4300.0,570,4,3,0.8671631,0.7622938
3346,6400.0,4300.0,352,4,3,0.0050687194,0.48637763
3347,6500.0,4300.0,175,1,1,0.99332964,0.02423817
3348,6600.0,4300.0,310,4,3,0.5648112,1.0
3349,6700.0,4300.0,540,4,3,0.7508625,0.47592753
3350,6800.0,4300.0,761,4,3,0.5269737,0.6826465
3351,6900.0,4300.0,791,4,3,0.84072924,0.42444074
3352,7000.0,4300.0,566,0,7,0.7711241,0.1633696
3353,7100.0,4300.0,339,0,7,0.9971565,0.24195889
3354,7200.0,4300.0,131,0,7,0.9999955,1.0
3355,7300.0,4300.0,67,0,7,0.99999535,1.0
3356,7400.0,4300.0,52,0,7,0.99999535,1.0
3357,7500.0,4300.0,37,0,7,0.99999535,0.99255073
3358,0.0,4400.0,823,0,4,0.16076297,0.18441513
3359,100.0,4400.0,1154,6,4,0.634602,0.19694512
3360,200.0,4400.0,1297,6,4,0.029446572,0.16062486
3361,300.0,4400.0,1149,0,1,0.63146627,0.04441254
3362,400.0,4400.0,960,5,1,0.8446847,1.0
3363,500.0,4400.0,932,0,6,0.18998963,0.034205556
3364,600.0,4400.0,833,0,6,0.1362263,0.007842988
3365,700.0,4400.0,756,1,6,0.6954319,0.056064725
3366,800.0,4400.0,619,1,2,0.3455555,0.1549587
3367,900.0,4400.0,619,3,5,0.087152064,0.16083324
3368,1000.0,4400.0,672,0,5,0.004974693,0.10599011
3369,1100.0,4400.0,691,1,5,0.2736748,0.12649459
3370,1200.0,4400.0,667,1,5,1.0,1.0
3371,1300.0,4400.0,572,1,5,0.32200986,0.064682186
3372,1400.0,4400.0,469,1,5,0.76375675,0.081584126
3373,1500.0,4400.0,410,1,5,0.18562126,0.043720335
3374,1600.0,4400.0,346,0,7,0.47363675,0.0985235
3375,1700.0,4400.0,262,0,7,0.94889,0.25019798
3376,1800.0,4400.0,194,0,0,0.89980584,0.52946424
3377,1900.0,4400.0,139,0,7,0.42170954,0.76606727
3378,2000.0,4400.0,131,0,7,0.9967006,0.74251324
3379,2100.0,4400.0,110,0,0,0.98057026,0.37289402
3380,2200.0,4400.0,97,0,0,1.0,0.30818164
3381,2300.0,4400.0,117,0,7,0.99999535,0.9230577
3382,2400.0,4400.0,133,0,7,0.9999958,1.0
3383,2500.0,4400.0,140,0,7,0.9999957,0.50851977
3384,2600.0,4400.0,123,0,4,0.9990738,0.0030267835
3385,2700.0,4400.0,129,0,0,1.0,0.2539728
3386,2800.0,4400.0,125,0,0,0.99999744,0.37615147
3387,2900.0,4400.0,116,0,7,0.87916994,0.62866336
3388,3000.0,4400.0,118,0,7,0.99999535,0.9085339
3389,3100.0,4400.0,125,0,7,0.99999475,0.60998976
3390,3200.0,4400.0,130,0,0,0.92302495,0.47345516
3391,3300.0,4400.0,156,0,7,0.99069524,0.53512275
3392,3400.0,4400.0,203,0,0,0.56766665,0.077090174
3393,3500.0,4400.0,229,0,7,0.8957956,0.0061356127
3394,3600.0,4400.0,258,0,7,0.91685855,0.03375125
3395,3700.0,4400.0,286,0,0,0.9999955,0.08941677
3396,3800.0,4400.0,278,0,7,0.9999659,0.8167486
3397,3900.0,4400.0,257,0,0,0.99999523,0.16093498
3398,4000.0,4400.0,279,0,7,0.9999951,1.0
3399,4100.0,4400.0,258,0,7,0.9829171,0.16880217
3400,4200.0,4400.0,257,0,7,0.90349275,0.1530549
3401,4300.0,4400.0,270,0,7,0.99936116,0.74875957
3402,4400.0,4400.0,224,0,2,0.09393942,0.39584836
3403,4500.0,4400.0,162,0,0,0.85433203,0.083201766
3404,4600.0,4400.0,114,0,7,0.7564236,0.016135782
3405,4700.0,4400.0,115,0,7,0.9999564,0.9996239
3406,4800.0,4400.0,125,0,7,0.999996,0.9137644
3407,4900.0,4400.0,127,0,2,0.81918824,0.16172174
3408,5000.0,4400.0,133,0,2,0.25083724,0.5338534
3409,5100.0,4400.0,137,0,7,0.99999535,0.9726258
3410,5200.0,4400.0,123,0,7,0.99999535,0.98790705
3411,5300.0,4400.0,95,0,7,0.99999535,1.0
3412,5400.0,4400.0,137,0,7,0.99999535,1.0
3413,5500.0,4400.0,347,0,0,0.2943824,0.052503705
3414,5600.0,4400.0,755,0,0,0.12858266,0.13120025
3415,5700.0,4400.0,1174,6,4,0.3630475,0.21481723
3416,5800.0,4400.0,1492,6,4,0.7083709,0.024640441
3417,5900.0,4400.0,1560,2,4,0.03785318,0.09125689
3418,6000.0,4400.0,1297,7,4,0.07068008,0.06526309
3419,6100.0,4400.0,1064,0,4,0.44026,0.049516916
3420,6200.0,4400.0,872,4,3,0.841429,0.31479967
3421,6300.0,4400.0,607,4,3,0.98059684,0.85630643
3422,6400.0,4400.0,401,7,3,0.7256426,0.666276
3423,6500.0,4400.0,227,4,3,1.0,0.95800656
3424,6600.0,4400.0,317,7,1,0.034968734,0.07984623
3425,6700.0,4400.0,556,4,3,0.09155607,0.652666
3426,6800.0,4400.0,737,4,3,0.76032776,0.75243646
3427,6900.0,4400.0,766,4,3,0.31101078,0.22343403
3428,7000.0,4400.0,620,0,7,0.6796168,0.10362063
3429,7100.0,4400.0,409,0,7,0.6511409,0.681474
3430,7200.0,4400.0,200,0,7,0.9976005,0.9011717
3431,7300.0,4400.0,86,0,7,0.9999955,1.0
3432,7400.0,4400.0,52,0,7,0.9999956,1.0
3433,7500.0,4400.0,40,0,7,0.9999955,1.0
3434,0.0,4500.0,690,5,1,0.47175288,0.17019358
3435,100.0,4500.0,1028,6,0,0.55128545,0.019196749
3436,200.0,4500.0,1173,6,4,0.02971968,0.0550541
3437,300.0,4500.0,1088,0,0,0.51714677,0.11133814
3438,400.0,4500.0,933,5,1,0.7084422,0.6649053
3439,500.0,4500.0,871,5,6,0.26238933,0.14043033
3440,600.0,4500.0,807,0,0,0.14366154,0.011303306
3441,700.0,4500.0,721,1,5,0.7066333,0.012096494
3442,800.0,4500.0,602,1,2,0.5610843,0.2647555
3443,900.0,4500.0,580,0,5,0.033970892,0.0037326813
3444,1000.0,4500.0,631,3,2,0.12303001,0.20060651
3445,1100.0,4500.0,677,0,0,0.025267452,0.08098751
3446,1200.0,4500.0,730,1,5,0.98537844,0.74674433
3447,1300.0,4500.0,688,1,5,0.9059886,0.97849894
3448,1400.0,4500.0,607,1,5,1.0,0.9155141
3449,1500.0,4500.0,542,1,5,0.41973558,0.2578314
3450,1600.0,4500.0,416,1,5,0.99874496,0.9775241
3451,1700.0,4500.0,324,1,5,0.7432192,0.24865824
3452,1800.0,4500.0,202,0,7,0.41040513,0.07659769
3453,1900.0,4500.0,136,0,7,0.8402779,0.17997792
3454,2000.0,4500.0,114,0,0,0.48427957,0.1918847
3455,2100.0,4500.0,94,0,0,0.98414177,0.35353032
3456,2200.0,4500.0,113,0,0,1.0,0.11101395
3457,2300.0,4500.0,118,0,7,0.99999535,0.83187765
3458,2400.0,4500.0,137,0,7,0.99707144,0.94805115
3459,2500.0,4500.0,148,0,0,0.99999845,0.36573005
3460,2600.0,4500.0,172,0,0,1.0,0.21247748
3461,2700.0,4500.0,171,0,7,0.99999535,0.68534124
3462,2800.0,4500.0,160,0,2,0.82070297,0.005918294
3463,2900.0,4500.0,157,0,0,0.7538913,0.25920445
3464,3000.0,4500.0,139,0,0,1.0,0.39738923
3465,3100.0,4500.0,138,3,2,0.35779747,0.17097688
3466,3200.0,4500.0,154,0,7,0.9969039,0.14216682
3467,3300.0,4500.0,194,0,7,0.85388994,0.21514037
3468,3400.0,4500.0,230,0,6,0.74186337,0.23513266
3469,3500.0,4500.0,255,0,0,0.85415417,0.07050198
3470,3600.0,4500.0,271,0,2,0.42628992,0.30511922
3471,3700.0,4500.0,255,0,0,0.9742995,0.11808029
3472,3800.0,4500.0,234,0,0,0.76723194,0.3417639
3473,3900.0,4500.0,207,0,0,0.99998254,0.15373221
3474,4000.0,4500.0,180,0,0,0.99992657,0.2620464
3475,4100.0,4500.0,165,0,7,0.96286523,0.06064278
3476,4200.0,4500.0,190,0,7,0.9953859,0.010683477
3477,4300.0,4500.0,200,0,4,0.93194264,0.2385585
3478,4400.0,4500.0,202,0,2,0.26560792,0.063382566
3479,4500.0,4500.0,179,0,2,0.98965895,0.4852475
3480,4600.0,4500.0,111,0,2,0.9576374,0.7095075
3481,4700.0,4500.0,99,0,2,0.7413331,0.30848143
3482,4800.0,4500.0,104,0,7,0.98892903,0.980583
3483,4900.0,4500.0,125,0,2,0.773149,0.3865244
3484,5000.0,4500.0,124,0,2,0.021092087,0.5486026
3485,5100.0,4500.0,122,0,2,0.71452737,0.5306542
3486,5200.0,4500.0,101,0,7,0.73434305,0.3909951
3487,5300.0,4500.0,101,0,7,0.99999535,0.83244026
3488,5400.0,4500.0,105,0,7,0.99999535,1.0
3489,5500.0,4500.0,213,0,2,0.15352085,0.7490082
3490,5600.0,4500.0,557,0,0,0.57409096,0.13034913
3491,5700.0,4500.0,929,6,6,0.18210739,0.107741386
3492,5800.0,4500.0,1247,6,4,0.5267285,0.038162023
3493,5900.0,4500.0,1339,6,0,0.26286092,0.04625112
3494,6000.0,4500.0,1140,6,4,0.09426451,0.21900633
3495,6100.0,4500.0,944,0,0,0.6030364,0.06108454
3496,6200.0,4500.0,791,4,3,0.3440982,0.27684206
3497,6300.0,4500.0,654,4,3,0.7414622,0.5921266
3498,6400.0,4500.0,536,7,3,0.6808931,0.82336926
3499,6500.0,4500.0,464,6,6,0.109169304,0.4571008
3500,6600.0,4500.0,498,7,3,0.4489801,0.14147776
3501,6700.0,4500.0,653,4,3,0.5630176,0.47754988
3502,6800.0,4500.0,755,4,3,0.804836,0.6187985
3503,6900.0,4500.0,780,0,3,0.470497,0.20396167
3504,7000.0,4500.0,652,0,0,0.101926476,0.06240639
3505,7100.0,4500.0,429,0,4,0.5452636,0.020461828
3506,7200.0,4500.0,255,0,7,0.9803184,0.71647066
3507,7300.0,4500.0,138,0,7,0.93274975,1.0
3508,7400.0,4500.0,100,0,7,0.99666744,1.0
3509,7500.0,4500.0,64,0,7,0.9887481,0.3430902
3510,0.0,4600.0,543,5,1,0.32879,0.33043736
3511,100.0,4600.0,897,6,6,0.03247264,0.00784944
3512,200.0,4600.0,1117,2,1,0.059736073,0.2216572
3513,300.0,4600.0,1119,0,1,0.064633936,0.2026441
3514,400.0,4600.0,1002,0,1,0.8575471,0.09005043
3515,500.0,4600.0,971,2,1,0.17087626,0.57540464
3516,600.0,4600.0,796,0,1,0.31423977,0.037222043
3517,700.0,4600.0,691,1,4,0.017429948,0.26443237
3518,800.0,4600.0,572,1,5,0.802503,0.39148724
3519,900.0,4600.0,575,0,2,0.5051701,0.07016444
3520,1000.0,4600.0,659,0,2,0.4909168,0.086260706
3521,1100.0,4600.0,688,1,2,0.9285242,0.2828451
3522,1200.0,4600.0,755,1,5,0.49449933,0.21654505
3523,1300.0,4600.0,743,1,2,0.8131086,0.19834906
3524,1400.0,4600.0,695,1,5,0.3643961,0.12903768
3525,1500.0,4600.0,625,0,0,0.5812015,0.008503437
3526,1600.0,4600.0,439,0,5,0.31541377,0.3012814
3527,1700.0,4600.0,302,7,6,0.0011003315,0.0047599375
3528,1800.0,4600.0,196,0,6,0.06662285,0.010579228
3529,1900.0,4600.0,111,0,6,0.9998882,0.11999683
3530,2000.0,4600.0,98,0,7,0.9999955,1.0
3531,2100.0,4600.0,95,0,7,0.99999535,0.8689298
3532,2200.0,4600.0,95,0,0,1.0,0.24871519
3533,2300.0,4600.0,139,0,0,0.9936681,0.33948874
3534,2400.0,4600.0,166,0,7,0.9892422,0.0038045943
3535,2500.0,4600.0,189,0,7,0.80454797,0.59746957
3536,2600.0,4600.0,209,0,7,0.99999535,0.9357459
3537,2700.0,4600.0,224,0,7,0.9938459,0.14971936
3538,2800.0,4600.0,209,0,0,0.9839905,0.21723956
3539,2900.0,4600.0,189,0,0,0.89349306,0.005682349
3540,3000.0,4600.0,165,0,0,1.0,0.10536492
3541,3100.0,4600.0,162,0,7,0.9906833,0.3473729
3542,3200.0,4600.0,186,0,7,0.99999535,0.8996535
3543,3300.0,4600.0,211,0,7,0.9999847,0.7645662
3544,3400.0,4600.0,243,0,0,0.99642646,0.4631058
3545,3500.0,4600.0,243,0,0,1.0,0.5597103
3546,3600.0,4600.0,224,0,7,0.9999946,0.871772
3547,3700.0,4600.0,212,0,7,0.9853968,0.022099495
3548,3800.0,4600.0,200,0,7,0.9999949,0.33635795
3549,3900.0,4600.0,167,0,7,0.9997491,0.78538394
3550,4000.0,4600.0,135,0,7,0.96523345,0.7243535
3551,4100.0,4600.0,139,0,7,0.99999535,0.88907063
3552,4200.0,4600.0,207,0,2,0.81841147,0.2932261
3553,4300.0,4600.0,208,0,2,0.88230133,0.011823267
3554,4400.0,4600.0,181,0,0,0.6360769,0.075323075
3555,4500.0,4600.0,171,3,2,0.107094735,0.27081212
3556,4600.0,4600.0,114,0,7,0.98644394,0.682202
3557,4700.0,4600.0,89,0,2,0.8045551,0.46350574
3558,4800.0,4600.0,85,0,2,0.9264089,0.51191163
3559,4900.0,4600.0,87,0,2,0.23405504,0.49897712
3560,5000.0,4600.0,97,0,7,0.9816515,0.77712697
3561,5100.0,4600.0,95,3,2,0.6372467,0.42627606
3562,5200.0,4600.0,114,0,7,0.97255355,0.6909996
3563,5300.0,4600.0,108,0,7,0.99999535,0.78705156
3564,5400.0,4600.0,93,0,7,0.99999535,0.9038746
3565,5500.0,4600.0,124,0,7,0.99999535,1.0
3566,5600.0,4600.0,280,0,7,0.99999535,0.9060069
3567,5700.0,4600.0,533,0,7,0.965353,0.12990013
3568,5800.0,4600.0,819,0,4,0.37735566,0.20390734
3569,5900.0,4600.0,887,0,0,0.19445989,0.019599587
3570,6000.0,4600.0,804,0,6,0.69744223,0.0815855
3571,6100.0,4600.0,701,0,7,0.96447843,0.05636573
3572,6200.0,4600.0,638,0,3,0.19905648,0.21434493
3573,6300.0,4600.0,671,4,3,0.73629194,0.6988031
3574,6400.0,4600.0,692,4,3,0.69271886,0.5803881
3575,6500.0,4600.0,637,4,3,0.4615189,0.40933096
3576,6600.0,4600.0,660,4,3,0.4934739,0.76521385
3577,6700.0,4600.0,751,4,3,0.801322,0.7010113
3578,6800.0,4600.0,788,4,3,0.41884294,0.20132595
3579,6900.0,4600.0,693,0,2,0.38005218,0.017959863
3580,7000.0,4600.0,585,0,7,0.6834114,0.034800828
3581,7100.0,4600.0,415,6,4,0.27982348,0.16022335
3582,7200.0,4600.0,268,0,7,0.46902865,0.35887256
3583,7300.0,4600.0,205,0,7,0.99970263,0.48251438
3584,7400.0,4600.0,128,0,2,0.11021915,0.17785299
3585,7500.0,4600.0,90,0,2,0.2525135,0.68661296
3586,7600.0,4600.0,43,0,7,0.9848101,1.0
3587,0.0,4700.0,457,7,6,0.13273114,0.008529842
3588,100.0,4700.0,783,0,1,0.15408418,0.17105198
3589,200.0,4700.0,1136,3,0,0.104378134,0.059121117
3590,300.0,4700.0,1219,0,0,0.008186907,0.02938661
3591,400.0,4700.0,1228,6,4,0.06603259,0.087209105
3592,500.0,4700.0,1225,0,4,0.74685854,0.057327658
3593,600.0,4700.0,988,0,0,0.45220506,0.15372562
3594,700.0,4700.0,789,0,5,0.6581073,0.21360688
3595,800.0,4700.0,685,0,5,0.6182538,0.24688649
3596,900.0,4700.0,668,1,2,0.37170053,0.2501396
3597,1000.0,4700.0,654,1,5,0.73835784,0.082891256
3598,1100.0,4700.0,716,1,5,0.78619826,0.7232142
3599,1200.0,4700.0,801,1,2,0.40234244,0.1835953
3600,1300.0,4700.0,764,1,5,0.727739,0.39564595
3601,1400.0,4700.0,695,1,2,0.8892979,0.070935816
3602,1500.0,4700.0,586,1,5,0.4841858,0.12889078
3603,1600.0,4700.0,416,0,5,0.379856,0.03937684
3604,1700.0,4700.0,246,0,5,0.2906006,0.2538828
3605,1800.0,4700.0,142,0,7,0.9462887,0.40984988
3606,1900.0,4700.0,93,0,0,1.0,0.26280305
3607,2000.0,4700.0,82,0,7,0.99999845,0.29288867
3608,2100.0,4700.0,102,0,7,0.99999535,0.9160174
3609,2200.0,4700.0,116,0,7,0.9999957,0.89811635
3610,2300.0,4700.0,154,0,0,0.98004276,0.085000366
3611,2400.0,4700.0,183,0,2,0.9995376,0.024320811
3612,2500.0,4700.0,214,0,7,0.9964942,0.5956472
3613,2600.0,4700.0,254,0,0,0.98790383,0.27730826
3614,2700.0,4700.0,269,0,0,0.87673753,0.15855616
3615,2800.0,4700.0,257,0,0,0.834172,0.31953806
3616,2900.0,4700.0,229,0,7,0.80934846,0.027846038
3617,3000.0,4700.0,194,0,0,0.91103476,0.40326628
3618,3100.0,4700.0,168,0,0,0.9773155,0.37802708
3619,3200.0,4700.0,195,0,0,0.9944244,0.1655871
3620,3300.0,4700.0,206,0,7,0.9997467,0.012067884
3621,3400.0,4700.0,194,0,7,0.99999535,0.85972357
3622,3500.0,4700.0,189,0,7,0.99999535,0.8713985
3623,3600.0,4700.0,170,0,7,0.99999535,0.80587614
3624,3700.0,4700.0,143,0,7,0.9986718,0.32384735
3625,3800.0,4700.0,128,0,2,0.9596419,0.9664364
3626,3900.0,4700.0,109,0,7,0.3640478,0.11624578
3627,4000.0,4700.0,133,0,7,0.99999535,0.9650864
3628,4100.0,4700.0,240,0,7,0.9999945,0.9024999
3629,4200.0,4700.0,334,0,7,0.9909322,0.4508385
3630,4300.0,4700.0,361,0,7,0.99765784,0.7426988
3631,4400.0,4700.0,242,0,2,0.60698855,0.39750051
3632,4500.0,4700.0,131,0,7,0.99999535,0.8044012
3633,4600.0,4700.0,85,0,7,0.89188707,0.26287684
3634,4700.0,4700.0,83,0,7,0.358366,0.11178577
3635,4800.0,4700.0,77,0,7,0.9914325,0.15700272
3636,4900.0,4700.0,75,0,7,0.1648952,0.11497435
3637,5000.0,4700.0,71,0,7,0.53368115,0.44533217
3638,5100.0,4700.0,75,0,7,0.9949924,0.19203445
3639,5200.0,4700.0,105,0,7,0.9999956,0.9536078
3640,5300.0,4700.0,95,0,2,0.8536603,1.0
3641,5400.0,4700.0,78,0,2,0.3984679,0.9709221
3642,5500.0,4700.0,67,0,7,0.99999535,1.0
3643,5600.0,4700.0,84,0,7,0.99999535,0.98346466
3644,5700.0,4700.0,202,0,7,0.9999958,0.63684225
3645,5800.0,4700.0,383,0,7,0.999994,0.95385194
3646,5900.0,4700.0,454,0,0,0.06442729,0.10067847
3647,6000.0,4700.0,420,0,0,0.5886209,0.18724889
3648,6100.0,4700.0,416,0,0,0.67167294,0.06041622
3649,6200.0,4700.0,467,0,0,0.72014743,0.24599177
3650,6300.0,4700.0,628,4,3,0.38598937,0.13803993
3651,6400.0,4700.0,737,4,3,0.11159301,0.51021785
3652,6500.0,4700.0,788,4,3,0.23049861,0.4412109
3653,6600.0,4700.0,845,4,3,0.44774604,0.4906739
3654,6700.0,4700.0,828,4,3,0.8316229,0.6870682
3655,6800.0,4700.0,713,4,3,0.045835048,0.09980443
3656,6900.0,4700.0,562,0,0,0.6413067,0.22034964
3657,7000.0,4700.0,462,0,2,0.9369403,0.01966855
3658,7100.0,4700.0,406,0,4,0.9197844,0.13993737
3659,7200.0,4700.0,360,4,7,0.29582378,0.31033033
3660,7300.0,4700.0,275,0,7,0.93613386,0.88342214
3661,7400.0,4700.0,179,0,7,0.6159416,0.008952409
3662,7500.0,4700.0,101,0,7,0.22996691,0.19229972
3663,7600.0,4700.0,51,0,7,0.9999956,1.0
3664,0.0,4800.0,498,5,1,0.63440156,0.6006963
3665,100.0,4800.0,795,2,0,0.14473298,0.081902444
3666,200.0,4800.0,1151,0,0,0.27829897,0.18635294
3667,300.0,4800.0,1320,6,4,0.25103545,0.026801676
3668,400.0,4800.0,1352,6,4,0.8350912,0.17031088
3669,500.0,4800.0,1305,6,4,0.20107144,0.08062276
3670,600.0,4800.0,1084,0,6,0.0659889,0.034298122
3671,700.0,4800.0,953,6,4,0.13781095,0.019620657
3672,800.0,4800.0,835,0,5,0.34425113,0.17624271
3673,900.0,4800.0,724,3,4,0.020825297,0.081791
3674,1000.0,4800.0,691,1,2,0.86324793,0.07578412
3675,1100.0,4800.0,742,1,5,0.49013418,0.29047358
3676,1200.0,4800.0,760,1,2,0.6027795,0.29644167
3677,1300.0,4800.0,765,1,2,0.21950495,0.19123521
3678,1400.0,4800.0,750,1,2,0.4979101,0.022012442
3679,1500.0,4800.0,597,1,5,0.9602627,0.3742618
3680,1600.0,4800.0,409,0,5,0.25349793,0.09302792
3681,1700.0,4800.0,243,0,2,0.63709474,0.22066703
3682,1800.0,4800.0,120,0,7,0.99608546,0.4561687
3683,1900.0,4800.0,87,0,7,0.99999535,0.9813546
3684,2000.0,4800.0,91,0,7,0.99999535,0.89246476
3685,2100.0,4800.0,94,0,7,0.99999535,0.8978675
3686,2200.0,4800.0,110,0,0,0.9999982,0.45997098
3687,2300.0,4800.0,180,0,0,0.9880075,0.18879244
3688,2400.0,4800.0,193,0,2,0.8797046,0.20109653
3689,2500.0,4800.0,219,0,7,0.92678714,0.45021474
3690,2600.0,4800.0,240,0,0,0.81372845,0.08783969
3691,2700.0,4800.0,244,3,2,0.37481076,0.08023718
3692,2800.0,4800.0,246,0,0,0.3398757,0.21967755
3693,2900.0,4800.0,237,0,0,0.9535604,0.4379137
3694,3000.0,4800.0,204,0,7,0.98301023,0.048523992
3695,3100.0,4800.0,168,0,2,0.92136186,0.558056
3696,3200.0,4800.0,172,0,2,0.654572,0.18315038
3697,3300.0,4800.0,167,0,2,0.5173483,0.011555314
3698,3400.0,4800.0,148,0,2,0.6853419,0.0953663
3699,3500.0,4800.0,138,0,7,0.99999535,0.9046232
3700,3600.0,4800.0,103,0,2,0.9896043,0.34889752
3701,3700.0,4800.0,105,0,7,0.99999535,0.9075597
3702,3800.0,4800.0,90,0,2,0.97929025,0.26005176
3703,3900.0,4800.0,96,3,2,0.67540675,0.6202935
3704,4000.0,4800.0,242,0,7,0.99999535,0.9983903
3705,4100.0,4800.0,380,0,1,0.7434798,0.118297726
3706,4200.0,4800.0,516,5,3,0.30924582,0.2629521
3707,4300.0,4800.0,468,0,3,0.35927218,0.117793605
3708,4400.0,4800.0,324,0,7,0.9844805,0.14279121
3709,4500.0,4800.0,156,0,7,0.99999535,0.8597923
3710,4600.0,4800.0,85,0,7,0.99999535,0.97494435
3711,4700.0,4800.0,72,0,2,0.35858777,0.61220783
3712,4800.0,4800.0,72,0,7,0.97951233,0.65011764
3713,4900.0,4800.0,59,3,7,0.97760725,0.3178377
3714,5000.0,4800.0,42,0,7,0.99998707,0.9119985
3715,5100.0,4800.0,53,3,7,0.28587815,0.104739904
3716,5200.0,4800.0,74,0,0,0.99540144,0.33470225
3717,5300.0,4800.0,79,0,7,0.9999984,0.14059114
3718,5400.0,4800.0,80,0,7,0.99999535,0.91066706
3719,5500.0,4800.0,68,0,7,0.99999535,1.0
3720,5600.0,4800.0,58,0,7,0.99999535,0.93626624
3721,5700.0,4800.0,87,0,7,0.99999535,1.0
3722,5800.0,4800.0,181,0,7,0.9999545,0.9964701
3723,5900.0,4800.0,218,3,2,0.4480574,0.014975578
3724,6000.0,4800.0,233,0,2,0.94902754,0.10314441
3725,6100.0,4800.0,267,0,2,0.57608396,0.26504368
3726,6200.0,4800.0,350,0,2,0.9609072,0.457079
3727,6300.0,4800.0,469,0,0,0.53886795,0.21166535
3728,6400.0,4800.0,598,0,3,0.098012835,0.12798885
3729,6500.0,4800.0,701,4,3,0.7399275,0.39311278
3730,6600.0,4800.0,742,4,3,0.9374424,0.7569866
3731,6700.0,4800.0,712,4,3,0.74554485,0.31122756
3732,6800.0,4800.0,586,0,4,0.7796957,0.005749285
3733,6900.0,4800.0,432,0,7,0.84895825,0.34410197
3734,7000.0,4800.0,340,0,7,0.83958226,0.6362839
3735,7100.0,4800.0,384,0,7,0.99013174,0.26688194
3736,7200.0,4800.0,399,0,3,0.57121956,0.26036704
3737,7300.0,4800.0,383,0,3,0.27973086,0.09243485
3738,7400.0,4800.0,289,0,7,0.9585034,1.0
3739,7500.0,4800.0,113,0,7,0.64531046,0.056684494
3740,7600.0,4800.0,46,0,0,0.18747368,0.40595788
3741,0.0,4900.0,530,0,1,0.05839008,0.24195358
3742,100.0,4900.0,870,0,6,0.21158797,0.0051674545
3743,200.0,4900.0,1152,5,1,0.055930495,0.21926525
3744,300.0,4900.0,1306,5,1,0.34263194,0.0920172
3745,400.0,4900.0,1378,6,6,0.0017078519,0.24900618
3746,500.0,4900.0,1251,0,1,0.24851799,0.085472584
3747,600.0,4900.0,1132,6,6,0.08536953,0.16551486
3748,700.0,4900.0,1013,0,4,0.03489396,0.15482615
3749,800.0,4900.0,859,6,4,0.046970397,0.26146156
3750,900.0,4900.0,729,0,0,0.31274557,0.09949337
3751,1000.0,4900.0,602,0,0,0.00066003203,0.039527237
3752,1100.0,4900.0,616,1,5,0.559289,0.4871129
3753,1200.0,4900.0,660,1,2,0.56745505,0.04281774
3754,1300.0,4900.0,700,1,5,0.73634547,0.23491731
3755,1400.0,4900.0,711,1,5,0.72319466,0.3362229
3756,1500.0,4900.0,559,1,5,0.6561243,0.013610125
3757,1600.0,4900.0,384,1,5,0.78675425,0.5880143
3758,1700.0,4900.0,204,0,7,0.5579986,0.1306026
3759,1800.0,4900.0,87,3,2,0.02397871,0.0996218
3760,1900.0,4900.0,94,0,2,0.83890975,0.6675855
3761,2000.0,4900.0,103,0,7,0.99999523,0.87725586
3762,2100.0,4900.0,125,0,7,0.99999535,0.9084293
3763,2200.0,4900.0,150,0,7,0.8425131,0.90391654
3764,2300.0,4900.0,178,0,7,0.8028442,0.25293732
3765,2400.0,4900.0,201,0,0,0.9912816,0.39808172
3766,2500.0,4900.0,208,0,7,0.9999954,0.8721286
3767,2600.0,4900.0,194,0,0,0.98087037,0.4603825
3768,2700.0,4900.0,197,0,0,0.9949557,0.18344274
3769,2800.0,4900.0,203,0,2,0.9514774,0.46578538
3770,2900.0,4900.0,179,0,0,0.21644184,0.116395384
3771,3000.0,4900.0,158,0,2,0.22079483,0.29935473
3772,3100.0,4900.0,139,0,2,0.040934205,0.853957
3773,3200.0,4900.0,121,0,2,0.9607594,0.3399099
3774,3300.0,4900.0,115,0,7,0.9999942,0.90763515
3775,3400.0,4900.0,112,0,7,0.99999315,0.86903036
3776,3500.0,4900.0,113,0,7,0.99999535,0.8901912
3777,3600.0,4900.0,82,0,2,0.79094476,1.0
3778,3700.0,4900.0,96,0,7,0.99999535,0.80964017
3779,3800.0,4900.0,86,0,2,0.8017111,0.14305744
3780,3900.0,4900.0,113,0,2,0.95463383,0.63189375
3781,4000.0,4900.0,301,0,7,0.9999939,0.9484179
3782,4100.0,4900.0,532,3,3,0.081045225,0.087120384
3783,4200.0,4900.0,655,5,3,0.8051019,0.02659133
3784,4300.0,4900.0,597,5,3,0.42710268,0.12229568
3785,4400.0,4900.0,346,0,2,0.6922579,0.20027104
3786,4500.0,4900.0,155,0,7,0.99999535,0.96553934
3787,4600.0,4900.0,85,0,2,0.9013519,0.7630906
3788,4700.0,4900.0,72,3,0,0.3460922,0.019377321
3789,4800.0,4900.0,53,0,2,0.73775065,0.12216434
3790,4900.0,4900.0,45,0,7,0.98309636,0.68744624
3791,5000.0,4900.0,42,0,7,0.9999847,1.0
3792,5100.0,4900.0,50,0,2,0.00537315,0.5748028
3793,5200.0,4900.0,54,0,7,1.0,0.6258106
3794,5300.0,4900.0,66,0,0,0.98403865,0.46989506
3795,5400.0,4900.0,56,0,2,0.3526534,0.89202523
3796,5500.0,4900.0,59,0,2,0.6023482,0.1492728
3797,5600.0,4900.0,68,0,0,0.9266752,0.03489867
3798,5700.0,4900.0,94,0,7,0.9503869,0.18636045
3799,5800.0,4900.0,141,0,7,0.98942864,0.2100077
3800,5900.0,4900.0,177,0,2,0.8498191,0.092727154
3801,6000.0,4900.0,171,0,7,0.86566114,0.5196662
3802,6100.0,4900.0,148,0,2,0.44514894,0.38724506
3803,6200.0,4900.0,205,0,2,0.79244447,0.5634626
3804,6300.0,4900.0,321,0,7,0.58866864,0.20466635
3805,6400.0,4900.0,426,0,7,0.8815929,0.06554937
3806,6500.0,4900.0,493,0,2,0.78939885,0.05646056
3807,6600.0,4900.0,520,0,3,0.425263,0.025905132
3808,6700.0,4900.0,524,0,0,0.008422911,0.054787442
3809,6800.0,4900.0,441,6,7,0.073286414,0.008377582
3810,6900.0,4900.0,329,0,7,0.41332573,0.72167456
3811,7000.0,4900.0,294,0,7,0.9102059,0.44693056
3812,7100.0,4900.0,419,0,7,0.7091805,0.062619776
3813,7200.0,4900.0,500,7,0,0.039115638,0.057810903
3814,7300.0,4900.0,515,0,4,0.36693424,0.19269253
3815,7400.0,4900.0,422,0,7,0.9710502,0.7090687
3816,7500.0,4900.0,197,0,7,0.73792136,0.53203815
3817,7600.0,4900.0,75,7,7,0.5000931,1.0
3818,0.0,5000.0,557,6,6,0.12769741,0.3863442
3819,100.0,5000.0,858,5,6,0.05456868,0.12207359
3820,200.0,5000.0,1094,7,1,0.34073234,0.23180489
3821,300.0,5000.0,1091,5,1,0.043376654,0.043688655
3822,400.0,5000.0,1095,6,6,0.25386965,0.29359186
3823,500.0,5000.0,1077,5,6,0.20384812,0.025301903
3824,600.0,5000.0,970,0,1,0.111447394,0.09599686
3825,700.0,5000.0,930,0,4,0.11205119,0.03091377
3826,800.0,5000.0,807,6,0,0.0036708713,0.037243992
3827,900.0,5000.0,657,0,7,0.74964017,0.03137368
3828,1000.0,5000.0,480,0,7,0.44244498,0.49518928
3829,1100.0,5000.0,438,1,5,0.8812032,0.20572355
3830,1200.0,5000.0,482,1,5,0.5953981,0.15717226
3831,1300.0,5000.0,548,1,5,0.9406168,0.1448682
3832,1400.0,5000.0,558,1,5,0.9648019,0.4168296
3833,1500.0,5000.0,469,1,5,0.89690197,0.40340787
3834,1600.0,5000.0,318,7,5,0.13947624,0.32429013
3835,1700.0,5000.0,157,0,6,0.7515193,0.42212856
3836,1800.0,5000.0,79,0,0,0.9866462,0.49160635
3837,1900.0,5000.0,92,7,7,0.017618239,0.3766409
3838,2000.0,5000.0,100,0,2,0.215906,0.4727597
3839,2100.0,5000.0,126,0,7,0.7147418,0.6879471
3840,2200.0,5000.0,166,0,0,0.9977454,0.29588702
3841,2300.0,5000.0,192,0,0,0.3742135,0.08331686
3842,2400.0,5000.0,231,3,2,0.1410285,0.8065817
3843,2500.0,5000.0,199,0,2,0.9355364,0.5651158
3844,2600.0,5000.0,125,0,0,0.94215035,0.34389254
3845,2700.0,5000.0,131,0,7,0.99999535,0.86864185
3846,2800.0,5000.0,147,0,7,0.9979134,0.061917484
3847,2900.0,5000.0,148,0,2,0.1582013,0.29963022
3848,3000.0,5000.0,131,0,2,0.85365546,0.07923657
3849,3100.0,5000.0,117,0,7,0.99961513,0.70925474
3850,3200.0,5000.0,88,0,7,0.94009405,0.32479084
3851,3300.0,5000.0,84,0,7,0.9872744,0.5942728
3852,3400.0,5000.0,106,0,7,0.99999523,0.78801906
3853,3500.0,5000.0,90,0,2,0.39576203,0.8068611
3854,3600.0,5000.0,89,0,2,0.4233473,0.50994277
3855,3700.0,5000.0,93,0,7,0.9999981,0.011939198
3856,3800.0,5000.0,78,0,0,0.47563767,0.23557884
3857,3900.0,5000.0,118,0,7,0.9999946,0.9262721
3858,4000.0,5000.0,281,0,2,0.8321855,0.17953286
3859,4100.0,5000.0,450,2,1,0.069995284,0.024476558
3860,4200.0,5000.0,582,5,3,0.9714665,0.01582843
3861,4300.0,5000.0,500,5,3,0.13982306,0.19483873
3862,4400.0,5000.0,302,0,0,0.99998647,0.1517204
3863,4500.0,5000.0,145,0,2,0.6735314,0.4961213
3864,4600.0,5000.0,81,0,2,0.5854439,0.14164433
3865,4700.0,5000.0,89,0,2,0.5835626,0.027041346
3866,4800.0,5000.0,66,0,0,0.9289835,0.4224574
3867,4900.0,5000.0,48,0,2,0.9378606,0.12417781
3868,5000.0,5000.0,40,0,2,0.9762261,0.03532669
3869,5100.0,5000.0,33,3,7,0.22210458,0.3197049
3870,5200.0,5000.0,37,0,7,0.99999535,0.87858146
3871,5300.0,5000.0,51,0,7,0.9991365,1.0
3872,5400.0,5000.0,45,3,2,0.4759879,0.8483884
3873,5500.0,5000.0,57,0,7,0.99999535,0.89965916
3874,5600.0,5000.0,77,0,7,0.99999535,0.87830544
3875,5700.0,5000.0,111,3,0,0.34821847,0.32818896
3876,5800.0,5000.0,145,0,2,0.7669448,0.1591005
3877,5900.0,5000.0,136,0,7,0.8750597,0.73334706
3878,6000.0,5000.0,140,0,7,0.7284348,0.24854231
3879,6100.0,5000.0,116,0,2,0.7207701,0.1655004
3880,6200.0,5000.0,131,0,2,0.7632096,0.495097
3881,6300.0,5000.0,150,3,2,0.30303058,0.49924374
3882,6400.0,5000.0,202,0,7,0.55873793,0.26947847
3883,6500.0,5000.0,283,0,7,0.9716203,0.6473657
3884,6600.0,5000.0,334,0,7,0.9085412,0.6429375
3885,6700.0,5000.0,366,0,7,0.90362084,0.010773331
3886,6800.0,5000.0,310,0,7,0.36638346,0.364305
3887,6900.0,5000.0,308,0,7,0.9429121,0.56644356
3888,7000.0,5000.0,354,0,7,0.6268691,0.97479796
3889,7100.0,5000.0,522,0,7,0.55550987,0.07441895
3890,7200.0,5000.0,654,4,3,0.53084517,0.22546698
3891,7300.0,5000.0,658,4,3,0.7377062,0.085606486
3892,7400.0,5000.0,488,4,3,0.09921539,0.30889523
3893,7500.0,5000.0,273,0,3,0.66700727,0.3186665
3894,7600.0,5000.0,135,0,7,0.39944237,0.045322627
3895,0.0,5100.0,565,6,4,0.23659,0.16318244
3896,100.0,5100.0,831,7,6,0.38063198,0.044713646
3897,200.0,5100.0,977,3,0,0.23706761,0.071366966
3898,300.0,5100.0,932,0,1,0.17401129,0.12828955
3899,400.0,5100.0,872,7,6,0.060622275,0.025824577
3900,500.0,5100.0,837,0,1,0.08412513,0.22814116
3901,600.0,5100.0,773,7,1,0.24762191,0.17682117
3902,700.0,5100.0,808,0,6,0.02193603,0.068997055
3903,800.0,5100.0,711,0,0,0.40115428,0.06950712
3904,900.0,5100.0,524,0,4,0.39425164,0.21779943
3905,1000.0,5100.0,399,0,7,0.64964974,0.62440884
3906,1100.0,5100.0,333,0,7,0.9709576,0.66896063
3907,1200.0,5100.0,330,1,2,0.401791,0.12727723
3908,1300.0,5100.0,376,0,2,0.8485706,0.35756218
3909,1400.0,5100.0,375,1,5,0.99218315,0.24267313
3910,1500.0,5100.0,316,1,5,0.9683151,0.649917
3911,1600.0,5100.0,220,0,7,0.9190901,0.4100822
3912,1700.0,5100.0,95,0,7,0.8753396,0.10869962
3913,1800.0,5100.0,79,0,7,0.99999535,0.9492191
3914,1900.0,5100.0,92,0,7,0.9657429,0.6400586
3915,2000.0,5100.0,107,0,2,0.73355246,0.042311758
3916,2100.0,5100.0,129,0,7,0.72404116,0.0020854473
3917,2200.0,5100.0,163,0,7,0.98715484,0.6076454
3918,2300.0,5100.0,251,0,7,0.9886789,0.15795523
3919,2400.0,5100.0,288,0,0,0.64812404,0.24373996
3920,2500.0,5100.0,282,0,0,1.0,0.15777415
3921,2600.0,5100.0,165,0,0,0.991436,0.27978158
3922,2700.0,5100.0,111,0,7,0.9999975,0.50064224
3923,2800.0,5100.0,102,0,2,0.7816293,0.48688617
3924,2900.0,5100.0,123,0,2,0.946231,0.5555799
3925,3000.0,5100.0,119,0,7,0.99999535,0.8488424
3926,3100.0,5100.0,98,0,7,0.99999535,0.8632966
3927,3200.0,5100.0,80,0,0,0.9908924,0.2403782
3928,3300.0,5100.0,85,0,2,0.14047414,0.4775277
3929,3400.0,5100.0,97,0,2,0.9651544,0.62679756
3930,3500.0,5100.0,101,0,2,0.23836076,0.6253363
3931,3600.0,5100.0,89,0,2,0.9844874,0.09784025
3932,3700.0,5100.0,85,0,2,0.54224265,0.11265242
3933,3800.0,5100.0,73,0,0,0.9322339,0.022800177
3934,3900.0,5100.0,83,0,7,1.0,0.055500597
3935,4000.0,5100.0,183,0,2,0.6820413,0.1705916
3936,4100.0,5100.0,292,0,7,0.93877566,0.25636783
3937,4200.0,5100.0,349,0,7,0.7601101,0.08085874
3938,4300.0,5100.0,306,0,7,0.9767355,0.05127135
3939,4400.0,5100.0,184,0,7,0.58622295,0.070124745
3940,4500.0,5100.0,87,3,2,0.48049682,0.44730267
3941,4600.0,5100.0,79,3,2,0.43630844,0.09768501
3942,4700.0,5100.0,69,0,7,0.98452574,0.9222874
3943,4800.0,5100.0,49,0,2,0.96396554,0.027050555
3944,4900.0,5100.0,46,0,2,0.07396996,0.12090218
3945,5000.0,5100.0,40,0,2,0.16300899,0.57483566
3946,5100.0,5100.0,42,0,7,0.99999535,0.9365308
3947,5200.0,5100.0,39,0,2,0.5733949,0.3711834
3948,5300.0,5100.0,49,0,2,0.9137743,0.28910175
3949,5400.0,5100.0,44,0,7,0.99999535,0.9816043
3950,5500.0,5100.0,59,0,7,0.99999535,0.91375744
3951,5600.0,5100.0,81,0,7,0.99999535,0.9342419
3952,5700.0,5100.0,124,0,7,0.97543114,0.17518261
3953,5800.0,5100.0,134,0,7,0.2899547,0.043490857
3954,5900.0,5100.0,116,0,0,0.62400305,0.17345905
3955,6000.0,5100.0,117,0,7,0.9872987,0.666193
3956,6100.0,5100.0,110,0,2,0.7900857,0.033768
3957,6200.0,5100.0,87,0,7,0.9999978,0.53187275
3958,6300.0,5100.0,89,0,2,0.8950583,0.16437343
3959,6400.0,5100.0,81,0,7,0.9995566,1.0
3960,6500.0,5100.0,92,0,7,0.9999786,0.9594714
3961,6600.0,5100.0,173,6,7,0.017257422,0.98262864
3962,6700.0,5100.0,226,0,7,0.95714885,0.12696102
3963,6800.0,5100.0,248,0,2,0.0698393,0.29539114
3964,6900.0,5100.0,363,0,7,0.35336798,0.51012117
3965,7000.0,5100.0,464,0,4,0.56530994,0.011818618
3966,7100.0,5100.0,626,0,3,0.06491691,0.09429629
3967,7200.0,5100.0,733,4,3,0.8596876,0.7589976
3968,7300.0,5100.0,693,4,3,0.9262403,0.9142551
3969,7400.0,5100.0,584,4,3,0.827066,0.9727038
3970,7500.0,5100.0,427,4,3,0.61233115,0.6989045
3971,7600.0,5100.0,173,4,3,0.05352044,1.0
3972,0.0,5200.0,493,0,6,0.6131567,0.57078445
3973,100.0,5200.0,746,6,0,0.0067276955,0.0073345006
3974,200.0,5200.0,874,5,1,0.8130301,0.30916697
3975,300.0,5200.0,825,5,1,0.94797945,0.6169709
3976,400.0,5200.0,742,5,1,0.21316227,0.567091
3977,500.0,5200.0,747,5,1,0.13391805,0.15233517
3978,600.0,5200.0,718,2,1,0.18794706,0.05893776
3979,700.0,5200.0,758,7,1,0.20292212,0.25032178
3980,800.0,5200.0,695,0,6,0.05440086,0.047914684
3981,900.0,5200.0,560,0,0,0.2729981,0.088943854
3982,1000.0,5200.0,349,0,4,0.6432884,0.022759408
3983,1100.0,5200.0,249,0,7,0.89626026,0.046821654
3984,1200.0,5200.0,216,0,7,0.8390053,0.00059074163
3985,1300.0,5200.0,225,0,0,0.6945686,0.11171684
3986,1400.0,5200.0,225,0,2,0.7564541,0.18264037
3987,1500.0,5200.0,202,0,7,0.4882434,0.072543025
3988,1600.0,5200.0,151,0,7,0.99713534,0.32941875
3989,1700.0,5200.0,79,0,0,0.9660646,0.38469303
3990,1800.0,5200.0,67,0,7,0.9999955,0.9076411
3991,1900.0,5200.0,90,0,7,0.9387112,0.060648143
3992,2000.0,5200.0,115,0,7,0.9999883,0.9323464
3993,2100.0,5200.0,135,0,7,0.99999535,0.92810947
3994,2200.0,5200.0,165,0,7,0.99999535,0.938359
3995,2300.0,5200.0,272,0,7,0.99843055,0.09346765
3996,2400.0,5200.0,300,1,5,0.9086269,0.44546968
3997,2500.0,5200.0,327,1,5,0.021457195,0.056760967
3998,2600.0,5200.0,261,0,7,0.65261465,0.1824981
3999,2700.0,5200.0,121,0,7,0.9999956,0.7721458
4000,2800.0,5200.0,123,0,7,0.9985664,0.80740106
4001,2900.0,5200.0,112,0,7,0.9611382,0.9741619
4002,3000.0,5200.0,124,0,7,0.99869114,0.5437172
4003,3100.0,5200.0,97,0,7,0.99999535,0.94800115
4004,3200.0,5200.0,89,0,7,0.99999535,0.9659221
4005,3300.0,5200.0,87,0,2,0.8695846,0.13317984
4006,3400.0,5200.0,83,0,7,0.99999475,0.85983986
4007,3500.0,5200.0,93,0,7,0.92047894,0.8076304
4008,3600.0,5200.0,99,0,7,0.99999535,0.97925436
4009,3700.0,5200.0,61,0,0,0.999997,0.49556148
4010,3800.0,5200.0,66,0,0,0.9087539,0.38808545
4011,3900.0,5200.0,62,0,7,0.99999726,0.930305
4012,4000.0,5200.0,76,0,7,0.9999968,0.92066616
4013,4100.0,5200.0,127,3,2,0.19983727,0.5242103
4014,4200.0,5200.0,147,7,7,0.66507226,0.070350885
4015,4300.0,5200.0,123,0,2,0.45827153,0.6876601
4016,4400.0,5200.0,72,0,7,0.9002072,0.06875843
4017,4500.0,5200.0,62,0,7,0.98949707,0.04318735
4018,4600.0,5200.0,68,0,7,0.028586268,0.13687205
4019,4700.0,5200.0,61,0,7,0.99999535,0.99627686
4020,4800.0,5200.0,40,0,7,0.99999535,1.0
4021,4900.0,5200.0,46,0,7,0.9999957,1.0
4022,5000.0,5200.0,34,0,2,0.7838173,1.0
4023,5100.0,5200.0,41,0,2,0.7674122,0.47354314
4024,5200.0,5200.0,46,0,7,0.99999535,0.9189736
4025,5300.0,5200.0,50,0,2,0.7049738,0.08501029
4026,5400.0,5200.0,52,0,2,0.9910292,0.0172171
4027,5500.0,5200.0,69,0,7,0.99999535,0.9935734
4028,5600.0,5200.0,70,0,2,0.9023944,0.54760003
4029,5700.0,5200.0,109,0,2,0.6885552,0.8250834
4030,5800.0,5200.0,125,0,2,0.5153489,0.89585876
4031,5900.0,5200.0,121,0,2,0.48778912,0.35252938
4032,6000.0,5200.0,112,0,7,0.9999605,0.5567022
4033,6100.0,5200.0,96,3,2,0.04957056,0.18921578
4034,6200.0,5200.0,91,0,7,0.992224,0.17904577
4035,6300.0,5200.0,69,0,7,1.0,0.47726572
4036,6400.0,5200.0,67,0,7,0.99999535,0.9625675
4037,6500.0,5200.0,57,0,0,0.6293838,0.16192934
4038,6600.0,5200.0,104,0,0,0.97330153,0.10379243
4039,6700.0,5200.0,187,0,7,0.9609703,0.23660177
4040,6800.0,5200.0,278,3,2,0.12504932,0.23210362
4041,6900.0,5200.0,446,0,7,0.84652025,0.6977951
4042,7000.0,5200.0,564,4,3,0.5042854,0.2802299
4043,7100.0,5200.0,722,4,3,0.22163042,0.06801134
4044,7200.0,5200.0,742,2,3,0.0029257238,0.119598806
4045,7300.0,5200.0,687,4,3,0.011015624,0.20655563
4046,7400.0,5200.0,610,4,3,0.43773592,0.37442064
4047,7500.0,5200.0,459,4,3,0.83665645,0.89771175
4048,7600.0,5200.0,225,1,3,0.38658178,1.0
4049,0.0,5300.0,466,7,0,0.7796033,0.08749661
4050,100.0,5300.0,703,0,6,0.11958763,0.24146098
4051,200.0,5300.0,841,0,0,0.10345763,0.018636703
4052,300.0,5300.0,748,5,0,0.11669278,0.014547944
4053,400.0,5300.0,714,5,1,0.82691926,0.22189552
4054,500.0,5300.0,680,0,1,0.09541711,0.33402926
4055,600.0,5300.0,695,0,2,0.06362474,0.0042024255
4056,700.0,5300.0,702,5,1,0.48690873,0.27519622
4057,800.0,5300.0,664,5,1,0.79539526,0.6683169
4058,900.0,5300.0,578,0,1,0.18832517,0.07916415
4059,1000.0,5300.0,397,0,0,0.24339074,0.1573427
4060,1100.0,5300.0,240,0,7,0.2982843,0.09187576
4061,1200.0,5300.0,153,0,7,0.9592317,0.94525445
4062,1300.0,5300.0,126,0,7,0.9999957,0.99262005
4063,1400.0,5300.0,151,0,2,0.4780649,0.09668192
4064,1500.0,5300.0,148,0,7,0.8138123,0.23178077
4065,1600.0,5300.0,120,0,0,0.82581526,0.44681734
4066,1700.0,5300.0,87,0,7,0.9999942,1.0
4067,1800.0,5300.0,79,0,7,0.99863005,0.96249026
4068,1900.0,5300.0,91,0,7,0.99514985,0.7943111
4069,2000.0,5300.0,109,0,7,0.93860173,0.8498826
4070,2100.0,5300.0,109,0,7,0.99999535,0.93105423
4071,2200.0,5300.0,134,0,7,0.99999535,0.85181314
4072,2300.0,5300.0,279,0,7,0.99999535,0.88841575
4073,2400.0,5300.0,339,0,2,0.31639403,0.32868817
4074,2500.0,5300.0,348,1,2,0.9103729,0.5414922
4075,2600.0,5300.0,269,0,2,0.4130442,0.0055217445
4076,2700.0,5300.0,156,0,7,0.88083124,0.11512685
4077,2800.0,5300.0,132,0,0,0.98357224,0.09298977
4078,2900.0,5300.0,116,0,2,0.20832673,0.48174262
4079,3000.0,5300.0,133,0,0,0.6880016,0.013643801
4080,3100.0,5300.0,98,0,7,0.99999535,0.84757257
4081,3200.0,5300.0,77,0,7,0.99999535,0.9326428
4082,3300.0,5300.0,72,0,7,0.99999535,0.8546145
4083,3400.0,5300.0,64,0,2,0.9537502,0.18430585
4084,3500.0,5300.0,75,0,2,0.87694806,0.7181574
4085,3600.0,5300.0,71,0,7,0.99999535,0.17199558
4086,3700.0,5300.0,69,0,7,0.99999535,0.8998279
4087,3800.0,5300.0,62,0,7,0.99999535,0.9012069
4088,3900.0,5300.0,56,0,7,0.99999535,0.88856894
4089,4000.0,5300.0,57,0,7,0.99999535,1.0
4090,4100.0,5300.0,65,0,7,0.99999535,1.0
4091,4200.0,5300.0,55,0,2,0.34589952,0.07016283
4092,4300.0,5300.0,52,0,2,0.6693828,0.9025042
4093,4400.0,5300.0,50,0,7,0.9779141,0.3476617
4094,4500.0,5300.0,36,0,7,0.9868891,0.86633986
4095,4600.0,5300.0,44,0,7,0.9918511,0.6250967
4096,4700.0,5300.0,43,0,7,0.9999931,0.89864004
4097,4800.0,5300.0,39,0,7,0.99999535,0.9056386
4098,4900.0,5300.0,37,0,0,0.95533997,0.16751185
4099,5100.0,5300.0,33,0,7,0.9976831,1.0
4100,5200.0,5300.0,43,0,7,0.99999535,0.8725048
4101,5300.0,5300.0,53,3,0,0.8922673,0.54126066
4102,5400.0,5300.0,53,0,2,0.83292276,0.7327596
4103,5500.0,5300.0,65,0,0,0.9731968,0.13857788
4104,5600.0,5300.0,59,0,7,0.99999535,0.8185588
4105,5700.0,5300.0,90,0,2,0.71292686,0.4525948
4106,5800.0,5300.0,92,3,2,0.28060508,0.3141893
4107,5900.0,5300.0,101,0,0,0.9994752,0.25090733
4108,6000.0,5300.0,119,0,7,0.9995072,0.17156306
4109,6100.0,5300.0,95,3,2,0.7170385,0.13632041
4110,6200.0,5300.0,92,0,7,0.8767338,0.40556744
4111,6300.0,5300.0,51,0,0,0.8141476,0.32343113
4112,6400.0,5300.0,50,0,7,0.99999535,0.8911987
4113,6500.0,5300.0,48,0,0,0.99999654,0.22552553
4114,6600.0,5300.0,75,0,7,0.9999957,0.9837024
4115,6700.0,5300.0,159,0,0,0.8052233,0.42139134
4116,6800.0,5300.0,251,0,2,0.03370878,0.42425776
4117,6900.0,5300.0,454,0,7,0.7468834,0.11212435
4118,7000.0,5300.0,641,4,3,0.26720715,0.15492655
4119,7100.0,5300.0,786,4,3,0.555737,0.63233674
4120,7200.0,5300.0,695,4,3,0.027595043,0.16114607
4121,7300.0,5300.0,644,0,7,0.40293214,0.20356014
4122,7400.0,5300.0,473,0,3,0.19401456,0.003353715
4123,7500.0,5300.0,356,4,3,0.54119235,0.7265332
4124,7600.0,5300.0,224,1,3,0.33982605,1.0
4125,0.0,5400.0,367,7,4,0.032609165,0.058913857
4126,100.0,5400.0,540,6,0,0.16968742,0.039299816
4127,200.0,5400.0,637,6,0,0.084032595,0.06700386
4128,300.0,5400.0,578,7,0,0.5121422,0.10962787
4129,400.0,5400.0,538,2,0,0.063783705,0.21871255
4130,500.0,5400.0,485,5,1,0.59229016,0.20644927
4131,600.0,5400.0,499,0,1,0.091546595,0.21264711
4132,700.0,5400.0,525,5,1,0.6285219,0.4992594
4133,800.0,5400.0,503,2,1,0.055580407,0.503725
4134,900.0,5400.0,440,0,6,0.21563476,0.0010168254
4135,1000.0,5400.0,294,3,0,0.3058948,0.18564813
4136,1100.0,5400.0,185,0,0,0.7761003,0.19591919
4137,1200.0,5400.0,87,0,0,0.9802779,0.09884977
4138,1300.0,5400.0,81,0,7,0.99999607,0.87767935
4139,1400.0,5400.0,100,0,7,0.653443,0.007869661
4140,1500.0,5400.0,102,0,2,0.12645161,0.14304686
4141,1600.0,5400.0,87,0,4,0.76289207,0.061278373
4142,1700.0,5400.0,86,0,7,0.99999535,0.7495098
4143,1800.0,5400.0,67,0,6,0.9915581,0.18741074
4144,1900.0,5400.0,72,0,7,0.99999535,0.90362424
4145,2000.0,5400.0,75,0,7,0.999264,0.84952664
4146,2100.0,5400.0,92,0,7,0.99999535,0.9030019
4147,2200.0,5400.0,91,0,7,0.99999535,0.9667356
4148,2300.0,5400.0,162,0,7,0.99999535,0.89237523
4149,2400.0,5400.0,264,0,2,0.7756227,0.5366821
4150,2500.0,5400.0,269,1,2,0.03732267,0.34926167
4151,2600.0,5400.0,216,0,7,0.98323435,0.00845331
4152,2700.0,5400.0,129,0,2,0.94839555,0.05674678
4153,2800.0,5400.0,96,0,7,0.99999535,0.91886437
4154,2900.0,5400.0,97,0,7,0.99999535,0.9171543
4155,3000.0,5400.0,87,0,7,0.93971485,0.5469551
4156,3100.0,5400.0,76,0,7,0.9999952,0.83507085
4157,3200.0,5400.0,60,0,7,0.99999535,0.8551392
4158,3300.0,5400.0,46,0,7,0.99999535,0.7924288
4159,3400.0,5400.0,49,0,7,0.99999535,1.0
4160,3500.0,5400.0,52,0,2,0.3951098,0.27570185
4161,3600.0,5400.0,56,0,0,0.8216568,0.060581
4162,3700.0,5400.0,53,0,7,0.99999535,0.7683224
4163,3800.0,5400.0,46,0,7,0.99999535,0.78084373
4164,3900.0,5400.0,40,0,7,0.999994,0.8709288
4165,4000.0,5400.0,35,0,7,0.99625456,0.8738787
4166,4100.0,5400.0,45,0,7,0.99999535,1.0
4167,4200.0,5400.0,37,0,7,0.9999955,1.0
4168,4300.0,5400.0,35,0,7,0.99999535,1.0
4169,5300.0,5400.0,44,0,7,0.99948335,0.45168322
4170,5400.0,5400.0,43,3,2,0.189805,0.87388
4171,5500.0,5400.0,44,0,7,0.99836785,0.80547386
4172,5600.0,5400.0,45,0,7,0.99999535,0.68628454
4173,5700.0,5400.0,61,0,7,0.99999535,0.9765888
4174,5800.0,5400.0,62,0,2,0.2079452,0.40584582
4175,5900.0,5400.0,73,0,0,0.9999989,0.25830343
4176,6000.0,5400.0,82,0,0,0.66344136,0.1886236
4177,6100.0,5400.0,66,0,0,0.52157575,0.07319
4178,6200.0,5400.0,62,7,6,0.38857707,0.6038128
4179,6300.0,5400.0,34,0,7,0.8569575,0.5008071
4180,6400.0,5400.0,34,0,7,0.9781262,0.38848194
4181,6600.0,5400.0,30,0,7,0.99999535,1.0
4182,6700.0,5400.0,116,0,0,0.9993714,0.7945014
4183,6800.0,5400.0,176,0,0,0.53569967,0.08530879
4184,6900.0,5400.0,337,0,7,0.79976285,0.04609555
4185,7000.0,5400.0,498,4,3,0.15482351,0.19983664
4186,7100.0,5400.0,567,4,3,0.5517387,0.68702376
4187,7200.0,5400.0,482,4,3,0.15845028,0.18021064
4188,7300.0,5400.0,418,0,7,0.85672855,0.6830379
4189,7400.0,5400.0,335,0,7,0.9544675,0.71112114
4190,7500.0,5400.0,241,4,3,0.21728668,0.11520454
4191,7600.0,5400.0,143,1,3,0.20155877,0.9552456
4192,0.0,5500.0,229,0,6,0.3201819,0.07699412
4193,100.0,5500.0,356,6,0,0.49654818,0.04812628
4194,200.0,5500.0,419,6,4,0.40967748,0.218956
4195,300.0,5500.0,347,6,0,0.052789003,0.14224389
4196,400.0,5500.0,307,0,2,0.052460402,0.3570419
4197,500.0,5500.0,279,5,1,0.21392906,0.85473025
4198,600.0,5500.0,291,5,1,0.36535382,0.4667728
4199,700.0,5500.0,307,5,3,0.67309564,0.11516395
4200,800.0,5500.0,313,5,1,0.0051954687,0.6802244
4201,900.0,5500.0,248,0,4,0.4946568,0.1054613
4202,1000.0,5500.0,158,0,2,0.7936801,0.113043875
4203,1100.0,5500.0,87,0,7,0.99999535,0.8716771
4204,1200.0,5500.0,43,0,7,0.3205092,1.0
4205,1300.0,5500.0,40,0,7,0.14990395,0.9447285
4206,1400.0,5500.0,63,0,0,0.26564538,0.75192326
4207,1500.0,5500.0,58,0,0,0.98945254,0.26234436
4208,1600.0,5500.0,56,7,0,0.24765024,0.17976171
4209,1700.0,5500.0,46,0,7,0.99999535,0.8965497
4210,1800.0,5500.0,40,0,6,0.9814613,0.102238744
4211,1900.0,5500.0,46,0,7,0.99999535,0.88051903
4212,2000.0,5500.0,51,0,7,0.99999535,1.0
4213,2100.0,5500.0,43,0,7,0.99999535,0.8121346
4214,2200.0,5500.0,45,0,7,0.99999535,0.9514951
4215,2300.0,5500.0,64,0,7,1.0,0.9439106
4216,2400.0,5500.0,124,3,2,0.42062208,0.30374646
4217,2500.0,5500.0,135,0,2,0.17745727,0.17835537
4218,2600.0,5500.0,112,0,7,0.9964093,0.8713152
4219,2700.0,5500.0,55,0,2,0.90459585,0.36274657
4220,2800.0,5500.0,55,0,7,0.99999535,0.9785458
4221,2900.0,5500.0,53,0,7,0.99999666,0.8219145
4222,3000.0,5500.0,43,0,7,0.7738418,0.42039883
4223,3100.0,5500.0,39,0,7,0.81655484,0.66752017
4224,3200.0,5500.0,31,0,7,0.99999535,0.9340982
4225,3600.0,5500.0,34,3,2,1.0,1.0
4226,5800.0,5500.0,35,0,7,0.99999535,1.0
4227,5900.0,5500.0,44,0,7,0.99999535,0.92486835
4228,6000.0,5500.0,43,0,7,0.99999535,0.7322431
4229,6100.0,5500.0,39,0,7,0.73890066,0.25096995
4230,6200.0,5500.0,33,0,7,0.99999535,0.13529956
4231,6700.0,5500.0,57,0,7,0.99999535,1.0
4232,6800.0,5500.0,85,0,2,0.79168415,0.0269669
4233,6900.0,5500.0,181,6,7,0.27485096,0.89989567
4234,7000.0,5500.0,280,4,3,0.00035780668,0.28624064
4235,7100.0,5500.0,347,4,3,0.1678195,0.46930233
4236,7200.0,5500.0,278,2,3,0.27985638,0.65463483
4237,7300.0,5500.0,178,3,7,0.14995441,0.78209966
4238,7400.0,5500.0,143,0,7,0.99999356,1.0
4239,7500.0,5500.0,105,0,7,0.650715,0.14251107
4240,7600.0,5500.0,59,2,7,0.48751363,0.2159388
